run_id,observed_at,supi,seid,urr_id,ur_seqn,trigger,ul_bytes,dl_bytes,total_bytes,ul_packets,dl_packets,total_packets,duration_seconds,dnn,sst,sd
bootstrap,2026-09-28T16:04:15.863611752Z,imsi-001010123456780,1000001790611455,,999999999,Volume Threshold,100,100,200,1,1,2,120,nist-dnn,1,FFFFFF
bootstrap,2026-09-28T16:04:29.605201381Z,imsi-001010123456780,1000001790611469,,999999999,Volume Threshold,100,100,200,1,1,2,120,nist-dnn,1,FFFFFF
bootstrap,2026-09-28T17:00:06.308542967Z,imsi-001010123456780,1000001790614806,,999999999,Volume Threshold,100,100,200,1,1,2,120,nist-dnn,1,FFFFFF
bootstrap,2026-09-28T17:00:19.800508375Z,imsi-001010123456780,1000001790614819,,999999999,Volume Threshold,100,100,200,1,1,2,120,nist-dnn,1,FFFFFF
bootstrap,2026-09-28T17:11:20.464739647Z,imsi-001010123456780,1000001790615480,,999999999,Volume Threshold,100,100,200,1,1,2,120,nist-dnn,1,FFFFFF
bootstrap,2026-09-28T17:12:57.596492141Z,imsi-001010123456780,1000001790615577,,999999999,Volume Threshold,100,100,200,1,1,2,120,nist-dnn,1,FFFFFF
bootstrap,2026-09-28T17:13:57.640751562Z,imsi-001010123456780,1000001790615637,,999999999,Volume Threshold,100,100,200,1,1,2,120,nist-dnn,1,FFFFFF
bootstrap,2026-09-28T17:18:30.577570108Z,imsi-001010123456780,1000001790615910,,999999999,Volume Threshold,100,100,200,1,1,2,120,nist-dnn,1,FFFFFF
bootstrap,2026-09-29T04:40:09.215430321Z,imsi-001010123456780,1000001790656809,,999999999,Volume Threshold,100,100,200,1,1,2,120,nist-dnn,1,FFFFFF
bootstrap,2026-09-29T04:40:12.036031771Z,imsi-001010123456780,1000001790656812,,999999999,Volume Threshold,100,100,200,1,1,2,120,nist-dnn,1,FFFFFF
bootstrap,2026-09-29T04:41:45.174856082Z,imsi-001010123456780,1000001790656905,,999999999,Volume Threshold,100,100,200,1,1,2,120,nist-dnn,1,FFFFFF
bootstrap,2026-09-29T04:42:40.057859304Z,imsi-001010123456780,1,,1,Time Threshold,0,1556,1556,0,1,1,44,nist-dnn,1,FFFFFF
bootstrap,2026-09-29T04:42:40.079226353Z,imsi-001010123456780,1,,2,Periodic Reporting,0,1556,1556,0,1,1,44,nist-dnn,1,FFFFFF
bootstrap,2026-09-29T04:42:50.038351314Z,imsi-001010123456780,1,,3,Periodic Reporting,0,681528,681528,0,438,438,54,nist-dnn,1,FFFFFF
bootstrap,2026-09-29T04:49:23.62357709Z,imsi-001010123456780,1000001790657363,,999999999,Volume Threshold,100,100,200,1,1,2,120,nist-dnn,1,FFFFFF
bootstrap,2026-09-29T06:22:05.58984962Z,imsi-001010123456780,1000001790662925,,999999999,Volume Threshold,100,100,200,1,1,2,120,nist-dnn,1,FFFFFF
bootstrap,2026-09-29T06:28:01.998199446Z,imsi-001010123456780,3,,1,Time Threshold,0,1556,1556,0,1,1,333,nist-dnn,1,FFFFFF
bootstrap,2026-09-29T06:28:02.019014641Z,imsi-001010123456780,3,,2,Periodic Reporting,0,1556,1556,0,1,1,333,nist-dnn,1,FFFFFF
bootstrap,2026-09-29T06:28:12.019375311Z,imsi-001010123456780,3,,3,Periodic Reporting,0,681528,681528,0,438,438,343,nist-dnn,1,FFFFFF
bootstrap,2026-09-29T06:54:34.080159527Z,imsi-001010123456780,1000001790664874,,999999999,Volume Threshold,100,100,200,1,1,2,120,nist-dnn,1,FFFFFF
bootstrap,2026-09-29T07:02:49.405761333Z,imsi-001010123456780,4,,1,Time Threshold,0,1556,1556,0,1,1,474,nist-dnn,1,FFFFFF
bootstrap,2026-09-29T07:02:49.427615036Z,imsi-001010123456780,4,,2,Periodic Reporting,0,1556,1556,0,1,1,474,nist-dnn,1,FFFFFF
bootstrap,2026-09-29T07:02:59.429289984Z,imsi-001010123456780,4,,3,Periodic Reporting,0,681528,681528,0,438,438,484,nist-dnn,1,FFFFFF
bootstrap,2026-09-29T07:13:30.877236489Z,imsi-001010123456780,4,,4,Periodic Reporting,0,1335048,1335048,0,858,858,1116,nist-dnn,1,FFFFFF
bootstrap,2026-09-29T07:13:49.030734646Z,imsi-001010123456780,4,,5,Periodic Reporting,0,1990124,1990124,0,1279,1279,1134,nist-dnn,1,FFFFFF
bootstrap,2026-09-29T07:20:43.44600076Z,imsi-001010123456780,5,,1,Time Threshold,0,1286,1286,0,1,1,68,nist-dnn,1,FFFFFF
bootstrap,2026-09-29T07:20:43.467262194Z,imsi-001010123456780,5,,2,Periodic Reporting,0,1286,1286,0,1,1,68,nist-dnn,1,FFFFFF
bootstrap,2026-09-29T08:16:04.3060023Z,imsi-001010123456780,1,,4,Periodic Reporting,583740,607632,1191372,470,480,950,257,nist-dnn,1,FFFFFF
bootstrap,2026-09-29T08:18:12.099156019Z,imsi-001010123456780,1,,5,Periodic Reporting,583740,1212052,1795792,470,950,1420,384,nist-dnn,1,FFFFFF
bootstrap,2026-09-29T08:23:09.986761602Z,imsi-001010123456780,1,,6,Periodic Reporting,584930,1567714,2152644,477,1229,1706,682,nist-dnn,1,FFFFFF
bootstrap,2026-09-29T08:24:59.134788004Z,imsi-001010123456780,1000001790670299,,999999999,Volume Threshold,100,100,200,1,1,2,120,nist-dnn,1,FFFFFF
bootstrap,2026-09-29T08:25:34.43991945Z,imsi-001010123456780,2,,1,Time Threshold,1242,0,1242,1,0,1,15,nist-dnn,1,FFFFFF
bootstrap,2026-09-29T08:25:34.462031284Z,imsi-001010123456780,2,,2,Periodic Reporting,1242,0,1242,1,0,1,15,nist-dnn,1,FFFFFF
bootstrap,2026-09-29T08:25:44.47330758Z,imsi-001010123456780,2,,3,Periodic Reporting,13572576,0,13572576,10928,0,10928,25,nist-dnn,1,FFFFFF
bootstrap,2026-09-29T08:25:54.458557164Z,imsi-001010123456780,2,,4,Periodic Reporting,27196074,0,27196074,21897,0,21897,35,nist-dnn,1,FFFFFF
bootstrap,2026-09-29T08:26:04.4581283Z,imsi-001010123456780,2,,5,Periodic Reporting,40741326,0,40741326,32803,0,32803,45,nist-dnn,1,FFFFFF
bootstrap,2026-09-29T08:26:14.470530651Z,imsi-001010123456780,2,,6,Periodic Reporting,54333774,0,54333774,43747,0,43747,55,nist-dnn,1,FFFFFF
bootstrap,2026-09-29T08:26:24.503608092Z,imsi-001010123456780,2,,7,Periodic Reporting,67902624,0,67902624,54672,0,54672,65,nist-dnn,1,FFFFFF
bootstrap,2026-09-29T08:26:34.515005407Z,imsi-001010123456780,2,,8,Periodic Reporting,81526122,0,81526122,65641,0,65641,75,nist-dnn,1,FFFFFF
bootstrap,2026-09-29T08:26:44.523472531Z,imsi-001010123456780,2,,9,Periodic Reporting,95101182,0,95101182,76571,0,76571,85,nist-dnn,1,FFFFFF
bootstrap,2026-09-29T08:26:54.524722513Z,imsi-001010123456780,2,,10,Periodic Reporting,108653886,0,108653886,87483,0,87483,95,nist-dnn,1,FFFFFF
bootstrap,2026-09-29T08:39:06.548343463Z,imsi-001010123456780,1000001790671146,,999999999,Volume Threshold,100,100,200,1,1,2,120,nist-dnn,1,FFFFFF
bootstrap,2026-09-29T08:48:29.096115602Z,imsi-001010123456780,3,,4,Periodic Reporting,27183654,0,27183654,21887,0,21887,541,nist-dnn,1,FFFFFF
bootstrap,2026-09-29T08:48:39.101706494Z,imsi-001010123456780,3,,5,Periodic Reporting,40743810,0,40743810,32805,0,32805,551,nist-dnn,1,FFFFFF
bootstrap,2026-09-29T08:48:49.122223919Z,imsi-001010123456780,3,,6,Periodic Reporting,54322596,0,54322596,43738,0,43738,561,nist-dnn,1,FFFFFF
bootstrap,2026-09-29T08:48:59.131114812Z,imsi-001010123456780,3,,7,Periodic Reporting,67226976,0,67226976,54128,0,54128,571,nist-dnn,1,FFFFFF
bootstrap,2026-09-29T08:49:09.143202589Z,imsi-001010123456780,3,,8,Periodic Reporting,81500040,0,81500040,65620,0,65620,581,nist-dnn,1,FFFFFF
bootstrap,2026-09-29T08:49:19.141823072Z,imsi-001010123456780,3,,9,Periodic Reporting,95056470,0,95056470,76535,0,76535,591,nist-dnn,1,FFFFFF
bootstrap,2026-09-29T08:49:29.1406827Z,imsi-001010123456780,3,,10,Periodic Reporting,108655128,0,108655128,87484,0,87484,601,nist-dnn,1,FFFFFF
bootstrap,2026-09-29T08:49:39.14337177Z,imsi-001010123456780,3,,11,Periodic Reporting,122197896,0,122197896,98388,0,98388,611,nist-dnn,1,FFFFFF
bootstrap,2026-09-29T08:49:49.148247351Z,imsi-001010123456780,3,,12,Periodic Reporting,135774198,0,135774198,109319,0,109319,621,nist-dnn,1,FFFFFF
bootstrap,2026-09-29T08:49:59.15470808Z,imsi-001010123456780,3,,13,Periodic Reporting,149361678,0,149361678,120259,0,120259,631,nist-dnn,1,FFFFFF
bootstrap,2026-09-29T08:50:09.163786673Z,imsi-001010123456780,3,,14,Periodic Reporting,162797832,642,162798474,131078,3,131081,641,nist-dnn,1,FFFFFF
bootstrap,2026-09-29T08:50:19.271518101Z,imsi-001010123456780,3,,15,Periodic Reporting,162797832,1928,162799760,131078,4,131082,651,nist-dnn,1,FFFFFF
bootstrap,2026-09-29T08:50:29.273305155Z,imsi-001010123456780,3,,16,Periodic Reporting,162797832,14050192,176848024,131078,10928,142006,661,nist-dnn,1,FFFFFF
bootstrap,2026-09-29T08:50:39.276217073Z,imsi-001010123456780,3,,17,Periodic Reporting,162797832,28097170,190895002,131078,21851,152929,671,nist-dnn,1,FFFFFF
bootstrap,2026-09-29T08:50:49.27200728Z,imsi-001010123456780,3,,18,Periodic Reporting,162797832,42144148,204941980,131078,32774,163852,681,nist-dnn,1,FFFFFF
bootstrap,2026-09-29T08:50:59.287632395Z,imsi-001010123456780,3,,19,Periodic Reporting,162797832,56191126,218988958,131078,43697,174775,691,nist-dnn,1,FFFFFF
bootstrap,2026-09-29T08:51:09.281026678Z,imsi-001010123456780,3,,20,Periodic Reporting,162797832,70238104,233035936,131078,54620,185698,701,nist-dnn,1,FFFFFF
bootstrap,2026-09-29T08:51:19.275131082Z,imsi-001010123456780,3,,21,Periodic Reporting,162797832,84285082,247082914,131078,65543,196621,711,nist-dnn,1,FFFFFF
bootstrap,2026-09-29T08:51:29.278941198Z,imsi-001010123456780,3,,22,Periodic Reporting,162797832,98332060,261129892,131078,76466,207544,721,nist-dnn,1,FFFFFF
bootstrap,2026-09-29T08:51:39.286001266Z,imsi-001010123456780,3,,23,Periodic Reporting,162797832,112379038,275176870,131078,87389,218467,731,nist-dnn,1,FFFFFF
bootstrap,2026-09-29T08:51:49.277159402Z,imsi-001010123456780,3,,24,Periodic Reporting,162797832,126426016,289223848,131078,98312,229390,741,nist-dnn,1,FFFFFF
bootstrap,2026-09-29T08:51:59.289210614Z,imsi-001010123456780,3,,25,Periodic Reporting,162797832,140472994,303270826,131078,109235,240313,751,nist-dnn,1,FFFFFF
bootstrap,2026-09-29T08:52:09.277080963Z,imsi-001010123456780,3,,26,Periodic Reporting,162797832,154519972,317317804,131078,120158,251236,761,nist-dnn,1,FFFFFF
bootstrap,2026-09-29T08:52:19.292072641Z,imsi-001010123456780,3,,27,Periodic Reporting,162797832,168564378,331362210,131078,131079,262157,771,nist-dnn,1,FFFFFF
bootstrap,2026-09-29T09:13:04.629381179Z,imsi-001010123456780,1000001790673184,,999999999,Volume Threshold,100,100,200,1,1,2,120,nist-dnn,1,FFFFFF
bootstrap,2026-09-29T09:14:30.955480406Z,imsi-001010123456780,4,,6,Periodic Reporting,54320112,0,54320112,43736,0,43736,68,nist-dnn,1,FFFFFF
bootstrap,2026-09-29T09:14:40.956388348Z,imsi-001010123456780,4,,7,Periodic Reporting,67917528,0,67917528,54684,0,54684,78,nist-dnn,1,FFFFFF
bootstrap,2026-09-29T09:14:50.980989747Z,imsi-001010123456780,4,,8,Periodic Reporting,81467748,0,81467748,65594,0,65594,88,nist-dnn,1,FFFFFF
bootstrap,2026-09-29T09:15:00.985627647Z,imsi-001010123456780,4,,9,Periodic Reporting,95072616,0,95072616,76548,0,76548,98,nist-dnn,1,FFFFFF
bootstrap,2026-09-29T09:15:10.978036571Z,imsi-001010123456780,4,,10,Periodic Reporting,108636498,0,108636498,87469,0,87469,108,nist-dnn,1,FFFFFF
bootstrap,2026-09-29T09:15:20.98617778Z,imsi-001010123456780,4,,11,Periodic Reporting,122222736,0,122222736,98408,0,98408,118,nist-dnn,1,FFFFFF
bootstrap,2026-09-29T09:15:31.011747617Z,imsi-001010123456780,4,,12,Periodic Reporting,135795312,0,135795312,109336,0,109336,128,nist-dnn,1,FFFFFF
bootstrap,2026-09-29T09:15:41.017760858Z,imsi-001010123456780,4,,13,Periodic Reporting,149406390,0,149406390,120295,0,120295,138,nist-dnn,1,FFFFFF
bootstrap,2026-09-29T09:16:01.096332253Z,imsi-001010123456780,4,,14,Periodic Reporting,162800712,2356,162803068,131082,6,131088,158,nist-dnn,1,FFFFFF
bootstrap,2026-09-29T09:16:11.095817997Z,imsi-001010123456780,4,,15,Periodic Reporting,162800712,14050620,176851332,131082,10930,142012,168,nist-dnn,1,FFFFFF
bootstrap,2026-09-29T09:16:21.098772597Z,imsi-001010123456780,4,,16,Periodic Reporting,162800712,28097598,190898310,131082,21853,152935,178,nist-dnn,1,FFFFFF
bootstrap,2026-09-29T09:16:31.097205617Z,imsi-001010123456780,4,,17,Periodic Reporting,162800712,42144576,204945288,131082,32776,163858,188,nist-dnn,1,FFFFFF
bootstrap,2026-09-29T09:16:41.097184534Z,imsi-001010123456780,4,,18,Periodic Reporting,162800712,56191554,218992266,131082,43699,174781,198,nist-dnn,1,FFFFFF
bootstrap,2026-09-29T09:16:51.095216213Z,imsi-001010123456780,4,,19,Periodic Reporting,162800712,70238532,233039244,131082,54622,185704,208,nist-dnn,1,FFFFFF
bootstrap,2026-09-29T09:17:01.097881094Z,imsi-001010123456780,4,,20,Periodic Reporting,162800712,84285510,247086222,131082,65545,196627,218,nist-dnn,1,FFFFFF
bootstrap,2026-09-29T09:17:11.099834926Z,imsi-001010123456780,4,,21,Periodic Reporting,162800712,98332488,261133200,131082,76468,207550,228,nist-dnn,1,FFFFFF
bootstrap,2026-09-29T09:17:21.097980466Z,imsi-001010123456780,4,,22,Periodic Reporting,162800712,112379466,275180178,131082,87391,218473,238,nist-dnn,1,FFFFFF
bootstrap,2026-09-29T09:17:31.102593656Z,imsi-001010123456780,4,,23,Periodic Reporting,162800712,126426444,289227156,131082,98314,229396,248,nist-dnn,1,FFFFFF
bootstrap,2026-09-29T09:17:41.097930106Z,imsi-001010123456780,4,,24,Periodic Reporting,162800712,140473422,303274134,131082,109237,240319,258,nist-dnn,1,FFFFFF
bootstrap,2026-09-29T09:17:51.104938771Z,imsi-001010123456780,4,,25,Periodic Reporting,162800712,154520400,317321112,131082,120160,251242,268,nist-dnn,1,FFFFFF
bootstrap,2026-09-29T09:18:01.119893566Z,imsi-001010123456780,4,,26,Periodic Reporting,162800712,168564806,331365518,131082,131081,262163,278,nist-dnn,1,FFFFFF
bootstrap,2026-09-29T09:36:48.650105279Z,imsi-001010123456780,1000001790674608,,999999999,Volume Threshold,100,100,200,1,1,2,120,nist-dnn,1,FFFFFF
bootstrap,2026-09-29T09:50:14.433679006Z,imsi-001010123456780,1000001790675414,,999999999,Volume Threshold,100,100,200,1,1,2,120,nist-dnn,1,FFFFFF
bootstrap,2026-09-29T09:59:55.263656398Z,imsi-001010123456780,1000001790675995,,999999999,Volume Threshold,100,100,200,1,1,2,120,nist-dnn,1,FFFFFF
bootstrap,2026-09-29T10:02:21.150732198Z,imsi-001010123456780,2,,11,Periodic Reporting,122304708,0,122304708,98474,0,98474,113,nist-dnn,1,FFFFFF
bootstrap,2026-09-29T10:02:31.155906497Z,imsi-001010123456780,2,,12,Periodic Reporting,135863622,0,135863622,109391,0,109391,123,nist-dnn,1,FFFFFF
bootstrap,2026-09-29T10:02:41.156111692Z,imsi-001010123456780,2,,13,Periodic Reporting,149426262,0,149426262,120311,0,120311,133,nist-dnn,1,FFFFFF
bootstrap,2026-09-29T10:03:01.291503336Z,imsi-001010123456780,2,,14,Periodic Reporting,162797832,1928,162799760,131078,4,131082,153,nist-dnn,1,FFFFFF
bootstrap,2026-09-29T10:03:11.279272896Z,imsi-001010123456780,2,,15,Periodic Reporting,162797832,14050192,176848024,131078,10928,142006,163,nist-dnn,1,FFFFFF
bootstrap,2026-09-29T10:03:21.279105671Z,imsi-001010123456780,2,,16,Periodic Reporting,162797832,28097170,190895002,131078,21851,152929,173,nist-dnn,1,FFFFFF
bootstrap,2026-09-29T10:03:31.281012988Z,imsi-001010123456780,2,,17,Periodic Reporting,162797832,42144148,204941980,131078,32774,163852,183,nist-dnn,1,FFFFFF
bootstrap,2026-09-29T10:03:41.275666484Z,imsi-001010123456780,2,,18,Periodic Reporting,162797832,56191126,218988958,131078,43697,174775,193,nist-dnn,1,FFFFFF
bootstrap,2026-09-29T10:03:51.278578323Z,imsi-001010123456780,2,,19,Periodic Reporting,162797832,70238104,233035936,131078,54620,185698,203,nist-dnn,1,FFFFFF
bootstrap,2026-09-29T10:04:01.282797254Z,imsi-001010123456780,2,,20,Periodic Reporting,162797832,84285082,247082914,131078,65543,196621,213,nist-dnn,1,FFFFFF
bootstrap,2026-09-29T10:04:11.286392613Z,imsi-001010123456780,2,,21,Periodic Reporting,162797832,98332060,261129892,131078,76466,207544,223,nist-dnn,1,FFFFFF
bootstrap,2026-09-29T10:04:21.276910459Z,imsi-001010123456780,2,,22,Periodic Reporting,162797832,112379038,275176870,131078,87389,218467,233,nist-dnn,1,FFFFFF
bootstrap,2026-09-29T10:04:31.278439193Z,imsi-001010123456780,2,,23,Periodic Reporting,162797832,126426016,289223848,131078,98312,229390,243,nist-dnn,1,FFFFFF
bootstrap,2026-09-29T10:04:41.281253283Z,imsi-001010123456780,2,,24,Periodic Reporting,162797832,140472994,303270826,131078,109235,240313,253,nist-dnn,1,FFFFFF
bootstrap,2026-09-29T10:04:51.284743396Z,imsi-001010123456780,2,,25,Periodic Reporting,162797832,154519972,317317804,131078,120158,251236,263,nist-dnn,1,FFFFFF
bootstrap,2026-09-29T10:05:01.307111621Z,imsi-001010123456780,2,,26,Periodic Reporting,162797832,168564378,331362210,131078,131079,262157,273,nist-dnn,1,FFFFFF
bootstrap,2026-09-30T05:26:25.316196641Z,imsi-001010123456780,1000001790745985,,999999999,Volume Threshold,100,100,200,1,1,2,120,nist-dnn,1,FFFFFF
bootstrap,2026-09-30T05:28:23.59649046Z,imsi-001010123456780,1000001790746103,,999999999,Volume Threshold,100,100,200,1,1,2,120,nist-dnn,1,FFFFFF
bootstrap,2026-09-30T05:30:24.18321829Z,imsi-001010123456780,1,,7,Periodic Reporting,67972176,0,67972176,54728,0,54728,69,nist-dnn,1,FFFFFF
bootstrap,2026-09-30T05:30:34.17817273Z,imsi-001010123456780,1,,8,Periodic Reporting,81533574,0,81533574,65647,0,65647,79,nist-dnn,1,FFFFFF
bootstrap,2026-09-30T05:30:44.189402225Z,imsi-001010123456780,1,,9,Periodic Reporting,95126022,0,95126022,76591,0,76591,89,nist-dnn,1,FFFFFF
bootstrap,2026-09-30T05:30:54.223860849Z,imsi-001010123456780,1,,10,Periodic Reporting,108691146,0,108691146,87513,0,87513,99,nist-dnn,1,FFFFFF
bootstrap,2026-09-30T05:31:04.230729306Z,imsi-001010123456780,1,,11,Periodic Reporting,122269932,0,122269932,98446,0,98446,109,nist-dnn,1,FFFFFF
bootstrap,2026-09-30T05:31:14.234984842Z,imsi-001010123456780,1,,12,Periodic Reporting,135869832,0,135869832,109396,0,109396,119,nist-dnn,1,FFFFFF
bootstrap,2026-09-30T05:31:24.238378706Z,imsi-001010123456780,1,,13,Periodic Reporting,149449860,0,149449860,120330,0,120330,129,nist-dnn,1,FFFFFF
bootstrap,2026-09-30T05:31:44.267107545Z,imsi-001010123456780,1,,14,Periodic Reporting,162800712,2356,162803068,131082,6,131088,149,nist-dnn,1,FFFFFF
bootstrap,2026-09-30T05:31:54.266941145Z,imsi-001010123456780,1,,15,Periodic Reporting,162800712,14050620,176851332,131082,10930,142012,159,nist-dnn,1,FFFFFF
bootstrap,2026-09-30T05:32:04.26652466Z,imsi-001010123456780,1,,16,Periodic Reporting,162800712,28097598,190898310,131082,21853,152935,169,nist-dnn,1,FFFFFF
bootstrap,2026-09-30T05:32:14.272512576Z,imsi-001010123456780,1,,17,Periodic Reporting,162800712,42144576,204945288,131082,32776,163858,179,nist-dnn,1,FFFFFF
bootstrap,2026-09-30T05:32:24.268400324Z,imsi-001010123456780,1,,18,Periodic Reporting,162800712,56191554,218992266,131082,43699,174781,189,nist-dnn,1,FFFFFF
bootstrap,2026-09-30T05:32:34.266270894Z,imsi-001010123456780,1,,19,Periodic Reporting,162800712,70238532,233039244,131082,54622,185704,199,nist-dnn,1,FFFFFF
bootstrap,2026-09-30T05:32:44.276027978Z,imsi-001010123456780,1,,20,Periodic Reporting,162800712,84285510,247086222,131082,65545,196627,209,nist-dnn,1,FFFFFF
bootstrap,2026-09-30T05:32:54.274420027Z,imsi-001010123456780,1,,21,Periodic Reporting,162800712,98332488,261133200,131082,76468,207550,219,nist-dnn,1,FFFFFF
bootstrap,2026-09-30T05:33:04.270883342Z,imsi-001010123456780,1,,22,Periodic Reporting,162800712,112379466,275180178,131082,87391,218473,229,nist-dnn,1,FFFFFF
bootstrap,2026-09-30T05:33:14.270907971Z,imsi-001010123456780,1,,23,Periodic Reporting,162800712,126426444,289227156,131082,98314,229396,239,nist-dnn,1,FFFFFF
bootstrap,2026-09-30T05:33:24.274097702Z,imsi-001010123456780,1,,24,Periodic Reporting,162800712,140473422,303274134,131082,109237,240319,249,nist-dnn,1,FFFFFF
bootstrap,2026-09-30T05:33:34.280259178Z,imsi-001010123456780,1,,25,Periodic Reporting,162800712,154520400,317321112,131082,120160,251242,259,nist-dnn,1,FFFFFF
bootstrap,2026-09-30T05:33:44.291617409Z,imsi-001010123456780,1,,26,Periodic Reporting,162800712,168564806,331365518,131082,131081,262163,269,nist-dnn,1,FFFFFF
bootstrap,2026-09-30T05:35:52.101920358Z,imsi-001010123456780,1000001790746552,,999999999,Volume Threshold,100,100,200,1,1,2,120,nist-dnn,1,FFFFFF
bootstrap,2026-09-30T05:44:26.836676593Z,imsi-001010123456780,2,,27,Periodic Reporting,162798512,168567220,331365732,131082,131082,262164,492,nist-dnn,1,FFFFFF
bootstrap,2026-09-30T05:47:11.78683281Z,imsi-001010123456780,2,,28,Periodic Reporting,176368604,168572950,344941554,142008,131097,273105,657,nist-dnn,1,FFFFFF
bootstrap,2026-09-30T05:47:21.828845079Z,imsi-001010123456780,2,,29,Periodic Reporting,189939938,168582460,358522398,152935,131112,284047,667,nist-dnn,1,FFFFFF
bootstrap,2026-09-30T07:30:42.7683043Z,imsi-001010123456780,3,,28,Periodic Reporting,6325148,26266578,32591726,5260,20889,26149,191,nist-dnn,1,FFFFFF
bootstrap,2026-09-30T07:31:40.809927252Z,imsi-001010123456780,3,,29,Periodic Reporting,6414182,26476404,32890586,5513,21250,26763,249,nist-dnn,1,FFFFFF
bootstrap,2026-09-30T07:32:14.460597864Z,imsi-001010123456780,3,,30,Periodic Reporting,6419882,26623490,33043372,5523,21501,27024,282,nist-dnn,1,FFFFFF
bootstrap,2026-09-30T07:32:41.440203971Z,imsi-001010123456780,3,,31,Periodic Reporting,6426152,26828590,33254742,5534,21851,27385,309,nist-dnn,1,FFFFFF
bootstrap,2026-09-30T07:33:15.444169894Z,imsi-001010123456780,3,,32,Periodic Reporting,6426152,27036148,33462300,5534,22204,27738,343,nist-dnn,1,FFFFFF
bootstrap,2026-09-30T07:33:25.445978386Z,imsi-001010123456780,3,,33,Periodic Reporting,7781218,28442988,36224206,6625,23298,29923,353,nist-dnn,1,FFFFFF
bootstrap,2026-09-30T07:33:32.449108988Z,imsi-001010123456780,3,,34,Time Threshold,8753954,29402754,38156708,7389,24063,31452,5,nist-dnn,1,FFFFFF
bootstrap,2026-09-30T07:33:37.447724713Z,imsi-001010123456780,3,,35,Periodic Reporting,9459968,30082172,39542140,7938,24610,32548,10,nist-dnn,1,FFFFFF
bootstrap,2026-09-30T07:33:48.233984821Z,imsi-001010123456780,3,,36,Time Threshold,10953204,31569316,42522520,9118,25788,34906,5,nist-dnn,1,FFFFFF
bootstrap,2026-09-30T07:33:53.231917157Z,imsi-001010123456780,3,,37,Periodic Reporting,11627610,32272670,43900280,9661,26335,35996,10,nist-dnn,1,FFFFFF
bootstrap,2026-10-01T09:04:58.641222011Z,imsi-001010123456780,1000001790845498,,999999999,Volume Threshold,100,100,200,1,1,2,120,nist-dnn,1,FFFFFF
bootstrap,2026-10-01T09:05:02.032623357Z,imsi-001010123456780,1000001790845502,,999999999,Volume Threshold,100,100,200,1,1,2,120,nist-dnn,1,FFFFFF
bootstrap,2026-10-01T09:25:38.325626029Z,imsi-001010123456780,1000001790846738,,999999999,Volume Threshold,100,100,200,1,1,2,120,nist-dnn,1,FFFFFF
bootstrap,2026-10-01T09:41:43.338375835Z,imsi-001010123456780,1000001790847703,,999999999,Volume Threshold,100,100,200,1,1,2,120,nist-dnn,1,FFFFFF
bootstrap,2026-10-01T09:59:03.166368579Z,imsi-001010123456780,1000001790848743,,999999999,Volume Threshold,100,100,200,1,1,2,120,nist-dnn,1,FFFFFF
bootstrap,2026-10-01T10:14:06.405899583Z,imsi-001010123456780,1000001790849646,,999999999,Volume Threshold,100,100,200,1,1,2,120,nist-dnn,1,FFFFFF
bootstrap,2026-10-01T11:59:31.327509775Z,imsi-001010123456780,1000001790855971,,999999999,Volume Threshold,100,100,200,1,1,2,120,nist-dnn,1,FFFFFF
bootstrap,2026-10-01T12:04:43.351383925Z,imsi-001010123456780,1000001790856283,,999999999,Volume Threshold,100,100,200,1,1,2,120,nist-dnn,1,FFFFFF
bootstrap,2026-10-01T12:16:09.999270735Z,imsi-001010123456780,1000001790856969,,999999999,Volume Threshold,100,100,200,1,1,2,120,nist-dnn,1,FFFFFF
bootstrap,2026-10-01T12:28:14.129550421Z,imsi-001010123456780,7,,1,Time Threshold,1242,0,1242,1,0,1,54,nist-dnn,1,FFFFFF
bootstrap,2026-10-01T12:28:14.151060182Z,imsi-001010123456780,7,,2,Periodic Reporting,1242,0,1242,1,0,1,54,nist-dnn,1,FFFFFF
bootstrap,2026-10-01T12:28:24.134975431Z,imsi-001010123456780,7,,3,Periodic Reporting,13599900,0,13599900,10950,0,10950,64,nist-dnn,1,FFFFFF
bootstrap,2026-10-01T12:28:34.139298371Z,imsi-001010123456780,7,,4,Periodic Reporting,27188622,0,27188622,21891,0,21891,74,nist-dnn,1,FFFFFF
bootstrap,2026-10-01T12:28:44.163257149Z,imsi-001010123456780,7,,5,Periodic Reporting,40768650,0,40768650,32825,0,32825,84,nist-dnn,1,FFFFFF
bootstrap,2026-10-01T12:28:54.15409099Z,imsi-001010123456780,7,,6,Periodic Reporting,54347436,0,54347436,43758,0,43758,94,nist-dnn,1,FFFFFF
bootstrap,2026-10-01T12:29:04.154654647Z,imsi-001010123456780,7,,7,Periodic Reporting,67917528,0,67917528,54684,0,54684,104,nist-dnn,1,FFFFFF
bootstrap,2026-10-01T12:29:14.167520018Z,imsi-001010123456780,7,,8,Periodic Reporting,81480168,0,81480168,65604,0,65604,114,nist-dnn,1,FFFFFF
bootstrap,2026-10-01T12:29:24.162207199Z,imsi-001010123456780,7,,9,Periodic Reporting,95060196,0,95060196,76538,0,76538,124,nist-dnn,1,FFFFFF
bootstrap,2026-10-01T12:29:34.168372327Z,imsi-001010123456780,7,,10,Periodic Reporting,108641466,0,108641466,87473,0,87473,134,nist-dnn,1,FFFFFF
bootstrap,2026-10-01T12:29:44.181732716Z,imsi-001010123456780,7,,11,Periodic Reporting,121376934,0,121376934,97727,0,97727,144,nist-dnn,1,FFFFFF
bootstrap,2026-10-01T12:29:54.211433377Z,imsi-001010123456780,7,,12,Periodic Reporting,131255802,0,131255802,105681,0,105681,154,nist-dnn,1,FFFFFF
bootstrap,2026-10-01T12:30:04.212992223Z,imsi-001010123456780,7,,13,Periodic Reporting,146876436,0,146876436,118258,0,118258,164,nist-dnn,1,FFFFFF
bootstrap,2026-10-01T12:30:14.222142396Z,imsi-001010123456780,7,,14,Periodic Reporting,161917056,0,161917056,130368,0,130368,174,nist-dnn,1,FFFFFF
bootstrap,2026-10-01T12:30:24.923871609Z,imsi-001010123456780,7,,15,Periodic Reporting,162864862,6802,162871664,131137,15,131152,185,nist-dnn,1,FFFFFF
bootstrap,2026-10-01T12:30:34.919648972Z,imsi-001010123456780,7,,16,Periodic Reporting,162864862,14055066,176919928,131137,10939,142076,195,nist-dnn,1,FFFFFF
bootstrap,2026-10-01T12:30:44.938718421Z,imsi-001010123456780,7,,17,Periodic Reporting,162864862,28102044,190966906,131137,21862,152999,205,nist-dnn,1,FFFFFF
bootstrap,2026-10-01T12:30:54.924580743Z,imsi-001010123456780,7,,18,Periodic Reporting,162864862,42149022,205013884,131137,32785,163922,215,nist-dnn,1,FFFFFF
bootstrap,2026-10-01T12:31:04.925732463Z,imsi-001010123456780,7,,19,Periodic Reporting,162864862,56196000,219060862,131137,43708,174845,225,nist-dnn,1,FFFFFF
bootstrap,2026-10-01T12:31:14.920039459Z,imsi-001010123456780,7,,20,Periodic Reporting,162864862,70242978,233107840,131137,54631,185768,235,nist-dnn,1,FFFFFF
bootstrap,2026-10-01T12:31:24.922434868Z,imsi-001010123456780,7,,21,Periodic Reporting,162864862,84289956,247154818,131137,65554,196691,245,nist-dnn,1,FFFFFF
bootstrap,2026-10-01T12:31:34.924108845Z,imsi-001010123456780,7,,22,Periodic Reporting,162864862,98336934,261201796,131137,76477,207614,255,nist-dnn,1,FFFFFF
bootstrap,2026-10-01T12:31:44.923103436Z,imsi-001010123456780,7,,23,Periodic Reporting,162864862,112383912,275248774,131137,87400,218537,265,nist-dnn,1,FFFFFF
bootstrap,2026-10-01T12:31:54.92149749Z,imsi-001010123456780,7,,24,Periodic Reporting,162864862,126430890,289295752,131137,98323,229460,275,nist-dnn,1,FFFFFF
bootstrap,2026-10-01T12:32:04.922428435Z,imsi-001010123456780,7,,25,Periodic Reporting,162864862,140477868,303342730,131137,109246,240383,285,nist-dnn,1,FFFFFF
bootstrap,2026-10-01T12:32:14.922311804Z,imsi-001010123456780,7,,26,Periodic Reporting,162864862,154524846,317389708,131137,120169,251306,295,nist-dnn,1,FFFFFF
bootstrap,2026-10-01T12:32:24.945160314Z,imsi-001010123456780,7,,27,Periodic Reporting,162864862,168569252,331434114,131137,131090,262227,305,nist-dnn,1,FFFFFF
bootstrap,2026-10-01T12:33:16.751507482Z,imsi-001010123456780,1000001790857996,,999999999,Volume Threshold,100,100,200,1,1,2,120,nist-dnn,1,FFFFFF
bootstrap,2026-10-01T12:33:50.752363356Z,imsi-001010123456780,8,,1,Time Threshold,1242,0,1242,1,0,1,13,nist-dnn,1,FFFFFF
bootstrap,2026-10-01T12:33:50.779815786Z,imsi-001010123456780,8,,2,Periodic Reporting,1242,0,1242,1,0,1,13,nist-dnn,1,FFFFFF
bootstrap,2026-10-01T12:34:00.760279286Z,imsi-001010123456780,8,,3,Periodic Reporting,13625982,0,13625982,10971,0,10971,23,nist-dnn,1,FFFFFF
bootstrap,2026-10-01T12:34:10.756501791Z,imsi-001010123456780,8,,4,Periodic Reporting,27198558,0,27198558,21899,0,21899,33,nist-dnn,1,FFFFFF
bootstrap,2026-10-01T12:34:20.767216594Z,imsi-001010123456780,8,,5,Periodic Reporting,40767408,0,40767408,32824,0,32824,43,nist-dnn,1,FFFFFF
bootstrap,2026-10-01T12:34:30.768284636Z,imsi-001010123456780,8,,6,Periodic Reporting,54323838,0,54323838,43739,0,43739,53,nist-dnn,1,FFFFFF
bootstrap,2026-10-01T12:34:40.782393911Z,imsi-001010123456780,8,,7,Periodic Reporting,67917528,0,67917528,54684,0,54684,63,nist-dnn,1,FFFFFF
bootstrap,2026-10-01T12:34:50.779089739Z,imsi-001010123456780,8,,8,Periodic Reporting,81482652,0,81482652,65606,0,65606,73,nist-dnn,1,FFFFFF
bootstrap,2026-10-01T12:35:00.783118622Z,imsi-001010123456780,8,,9,Periodic Reporting,95057712,0,95057712,76536,0,76536,83,nist-dnn,1,FFFFFF
bootstrap,2026-10-01T12:35:10.793166136Z,imsi-001010123456780,8,,10,Periodic Reporting,108616626,0,108616626,87453,0,87453,93,nist-dnn,1,FFFFFF
bootstrap,2026-10-01T12:35:20.803219566Z,imsi-001010123456780,8,,11,Periodic Reporting,122197896,0,122197896,98388,0,98388,103,nist-dnn,1,FFFFFF
bootstrap,2026-10-01T12:35:30.797674477Z,imsi-001010123456780,8,,12,Periodic Reporting,135769230,0,135769230,109315,0,109315,113,nist-dnn,1,FFFFFF
bootstrap,2026-10-01T12:35:40.80423293Z,imsi-001010123456780,8,,13,Periodic Reporting,149338080,0,149338080,120240,0,120240,123,nist-dnn,1,FFFFFF
bootstrap,2026-10-01T12:35:50.803568073Z,imsi-001010123456780,8,,14,Periodic Reporting,162796590,428,162797018,131077,2,131079,133,nist-dnn,1,FFFFFF
bootstrap,2026-10-01T12:36:01.081773033Z,imsi-001010123456780,8,,15,Periodic Reporting,162796590,1714,162798304,131077,3,131080,143,nist-dnn,1,FFFFFF
bootstrap,2026-10-01T12:36:11.083098329Z,imsi-001010123456780,8,,16,Periodic Reporting,162796590,14049978,176846568,131077,10927,142004,153,nist-dnn,1,FFFFFF
bootstrap,2026-10-01T12:36:21.085628478Z,imsi-001010123456780,8,,17,Periodic Reporting,162796590,28096956,190893546,131077,21850,152927,163,nist-dnn,1,FFFFFF
bootstrap,2026-10-01T12:36:31.08948414Z,imsi-001010123456780,8,,18,Periodic Reporting,162796590,42143934,204940524,131077,32773,163850,173,nist-dnn,1,FFFFFF
bootstrap,2026-10-01T12:36:41.083019719Z,imsi-001010123456780,8,,19,Periodic Reporting,162796590,56190912,218987502,131077,43696,174773,183,nist-dnn,1,FFFFFF
bootstrap,2026-10-01T12:36:51.085311619Z,imsi-001010123456780,8,,20,Periodic Reporting,162796590,70237890,233034480,131077,54619,185696,193,nist-dnn,1,FFFFFF
bootstrap,2026-10-01T12:37:01.083882171Z,imsi-001010123456780,8,,21,Periodic Reporting,162796590,84284868,247081458,131077,65542,196619,203,nist-dnn,1,FFFFFF
bootstrap,2026-10-01T12:37:11.083528114Z,imsi-001010123456780,8,,22,Periodic Reporting,162796590,98331846,261128436,131077,76465,207542,213,nist-dnn,1,FFFFFF
bootstrap,2026-10-01T12:37:21.083238845Z,imsi-001010123456780,8,,23,Periodic Reporting,162796590,112378824,275175414,131077,87388,218465,223,nist-dnn,1,FFFFFF
bootstrap,2026-10-01T12:37:31.084653634Z,imsi-001010123456780,8,,24,Periodic Reporting,162796590,126425802,289222392,131077,98311,229388,233,nist-dnn,1,FFFFFF
bootstrap,2026-10-01T12:37:41.083584983Z,imsi-001010123456780,8,,25,Periodic Reporting,162796590,140472780,303269370,131077,109234,240311,243,nist-dnn,1,FFFFFF
bootstrap,2026-10-01T12:37:51.085018656Z,imsi-001010123456780,8,,26,Periodic Reporting,162796590,154519758,317316348,131077,120157,251234,253,nist-dnn,1,FFFFFF
bootstrap,2026-10-01T12:38:01.107573522Z,imsi-001010123456780,8,,27,Periodic Reporting,162796590,168564164,331360754,131077,131078,262155,263,nist-dnn,1,FFFFFF
bootstrap,2026-10-01T13:46:48.755087945Z,imsi-001010123456780,1000001790862408,20261001T134448Z,,999999999,Volume Threshold,100,100,200,1,1,2,120,nist-dnn,1,FFFFFF
bootstrap,2026-10-01T13:49:43.438466123Z,imsi-001010123456780,1,20261001T134925Z,,1,Time Threshold,1242,0,1242,1,0,1,18,nist-dnn,1,FFFFFF
bootstrap,2026-10-01T13:49:43.458821556Z,imsi-001010123456780,1,20261001T134925Z,,2,Periodic Reporting,1242,0,1242,1,0,1,18,nist-dnn,1,FFFFFF
bootstrap,2026-10-01T13:49:53.430417175Z,imsi-001010123456780,1,20261001T134925Z,,3,Periodic Reporting,13598658,0,13598658,10949,0,10949,28,nist-dnn,1,FFFFFF
bootstrap,2026-10-01T13:50:03.432469584Z,imsi-001010123456780,1,20261001T134925Z,,4,Periodic Reporting,27201042,0,27201042,21901,0,21901,38,nist-dnn,1,FFFFFF
bootstrap,2026-10-01T13:50:13.428429413Z,imsi-001010123456780,1,20261001T134925Z,,5,Periodic Reporting,40757472,0,40757472,32816,0,32816,48,nist-dnn,1,FFFFFF
bootstrap,2026-10-01T13:50:23.433113686Z,imsi-001010123456780,1,20261001T134925Z,,6,Periodic Reporting,54337500,0,54337500,43750,0,43750,58,nist-dnn,1,FFFFFF
bootstrap,2026-10-01T13:50:33.445552822Z,imsi-001010123456780,1,20261001T134925Z,,7,Periodic Reporting,67883994,0,67883994,54657,0,54657,68,nist-dnn,1,FFFFFF
bootstrap,2026-10-01T13:50:43.443764392Z,imsi-001010123456780,1,20261001T134925Z,,8,Periodic Reporting,81444150,0,81444150,65575,0,65575,78,nist-dnn,1,FFFFFF
bootstrap,2026-10-01T13:50:53.440307942Z,imsi-001010123456780,1,20261001T134925Z,,9,Periodic Reporting,95032872,0,95032872,76516,0,76516,88,nist-dnn,1,FFFFFF
bootstrap,2026-10-01T13:51:03.45489288Z,imsi-001010123456780,1,20261001T134925Z,,10,Periodic Reporting,108614142,0,108614142,87451,0,87451,98,nist-dnn,1,FFFFFF
bootstrap,2026-10-01T13:51:13.486400703Z,imsi-001010123456780,1,20261001T134925Z,,11,Periodic Reporting,122204106,0,122204106,98393,0,98393,108,nist-dnn,1,FFFFFF
bootstrap,2026-10-01T13:51:23.491982667Z,imsi-001010123456780,1,20261001T134925Z,,12,Periodic Reporting,135797796,0,135797796,109338,0,109338,118,nist-dnn,1,FFFFFF
bootstrap,2026-10-01T13:51:33.494322642Z,imsi-001010123456780,1,20261001T134925Z,,13,Periodic Reporting,149376582,0,149376582,120271,0,120271,128,nist-dnn,1,FFFFFF
bootstrap,2026-10-01T13:51:53.718986846Z,imsi-001010123456780,1,20261001T134925Z,,14,Periodic Reporting,162797832,1928,162799760,131078,4,131082,148,nist-dnn,1,FFFFFF
bootstrap,2026-10-01T13:52:03.717444019Z,imsi-001010123456780,1,20261001T134925Z,,15,Periodic Reporting,162797832,14050192,176848024,131078,10928,142006,158,nist-dnn,1,FFFFFF
bootstrap,2026-10-01T13:52:13.72015964Z,imsi-001010123456780,1,20261001T134925Z,,16,Periodic Reporting,162797832,28097170,190895002,131078,21851,152929,168,nist-dnn,1,FFFFFF
bootstrap,2026-10-01T13:52:23.731202351Z,imsi-001010123456780,1,20261001T134925Z,,17,Periodic Reporting,162797832,42144148,204941980,131078,32774,163852,178,nist-dnn,1,FFFFFF
bootstrap,2026-10-01T13:52:33.718074777Z,imsi-001010123456780,1,20261001T134925Z,,18,Periodic Reporting,162797832,56191126,218988958,131078,43697,174775,188,nist-dnn,1,FFFFFF
bootstrap,2026-10-01T13:52:43.719101177Z,imsi-001010123456780,1,20261001T134925Z,,19,Periodic Reporting,162797832,70238104,233035936,131078,54620,185698,198,nist-dnn,1,FFFFFF
bootstrap,2026-10-01T13:52:53.720081829Z,imsi-001010123456780,1,20261001T134925Z,,20,Periodic Reporting,162797832,84285082,247082914,131078,65543,196621,208,nist-dnn,1,FFFFFF
bootstrap,2026-10-01T13:53:03.718154779Z,imsi-001010123456780,1,20261001T134925Z,,21,Periodic Reporting,162797832,98332060,261129892,131078,76466,207544,218,nist-dnn,1,FFFFFF
bootstrap,2026-10-01T13:53:13.736147356Z,imsi-001010123456780,1,20261001T134925Z,,22,Periodic Reporting,162797832,112379038,275176870,131078,87389,218467,228,nist-dnn,1,FFFFFF
bootstrap,2026-10-01T13:53:23.723752598Z,imsi-001010123456780,1,20261001T134925Z,,23,Periodic Reporting,162797832,126426016,289223848,131078,98312,229390,238,nist-dnn,1,FFFFFF
bootstrap,2026-10-01T13:53:33.720324418Z,imsi-001010123456780,1,20261001T134925Z,,24,Periodic Reporting,162797832,140472994,303270826,131078,109235,240313,248,nist-dnn,1,FFFFFF
bootstrap,2026-10-01T13:53:43.720384929Z,imsi-001010123456780,1,20261001T134925Z,,25,Periodic Reporting,162797832,154519972,317317804,131078,120158,251236,258,nist-dnn,1,FFFFFF
bootstrap,2026-10-01T13:53:53.738758308Z,imsi-001010123456780,1,20261001T134925Z,,26,Periodic Reporting,162797832,168565664,331363496,131078,131080,262158,268,nist-dnn,1,FFFFFF
bootstrap,2026-10-01T13:57:43.949530343Z,imsi-001010123456780,1000001790863063,20261001T135543Z,,999999999,Volume Threshold,100,100,200,1,1,2,120,nist-dnn,1,FFFFFF
bootstrap,2026-10-01T14:00:03.529053678Z,imsi-001010123456780,2,20261001T135833Z,,1,Time Threshold,1242,0,1242,1,0,1,90,nist-dnn,1,FFFFFF
bootstrap,2026-10-01T14:00:03.551250868Z,imsi-001010123456780,2,20261001T135833Z,,2,Periodic Reporting,1242,0,1242,1,0,1,90,nist-dnn,1,FFFFFF
bootstrap,2026-10-01T14:00:13.536927333Z,imsi-001010123456780,2,20261001T135833Z,,3,Periodic Reporting,13634676,0,13634676,10978,0,10978,100,nist-dnn,1,FFFFFF
bootstrap,2026-10-01T14:00:23.568911899Z,imsi-001010123456780,2,20261001T135833Z,,4,Periodic Reporting,27198558,0,27198558,21899,0,21899,110,nist-dnn,1,FFFFFF
bootstrap,2026-10-01T14:00:33.574839592Z,imsi-001010123456780,2,20261001T135833Z,,5,Periodic Reporting,40779828,0,40779828,32834,0,32834,120,nist-dnn,1,FFFFFF
bootstrap,2026-10-01T14:00:43.573202701Z,imsi-001010123456780,2,20261001T135833Z,,6,Periodic Reporting,54354888,0,54354888,43764,0,43764,130,nist-dnn,1,FFFFFF
bootstrap,2026-10-01T14:00:53.580869154Z,imsi-001010123456780,2,20261001T135833Z,,7,Periodic Reporting,67939884,0,67939884,54702,0,54702,140,nist-dnn,1,FFFFFF
bootstrap,2026-10-01T14:01:03.579757971Z,imsi-001010123456780,2,20261001T135833Z,,8,Periodic Reporting,81513702,0,81513702,65631,0,65631,150,nist-dnn,1,FFFFFF
bootstrap,2026-10-01T14:01:13.597657697Z,imsi-001010123456780,2,20261001T135833Z,,9,Periodic Reporting,95082552,0,95082552,76556,0,76556,160,nist-dnn,1,FFFFFF
bootstrap,2026-10-01T14:01:23.598550923Z,imsi-001010123456780,2,20261001T135833Z,,10,Periodic Reporting,108688662,0,108688662,87511,0,87511,170,nist-dnn,1,FFFFFF
bootstrap,2026-10-01T14:01:33.623168668Z,imsi-001010123456780,2,20261001T135833Z,,11,Periodic Reporting,122235156,0,122235156,98418,0,98418,180,nist-dnn,1,FFFFFF
bootstrap,2026-10-01T14:01:43.61708025Z,imsi-001010123456780,2,20261001T135833Z,,12,Periodic Reporting,135836298,0,135836298,109369,0,109369,190,nist-dnn,1,FFFFFF
bootstrap,2026-10-01T14:01:53.632447571Z,imsi-001010123456780,2,20261001T135833Z,,13,Periodic Reporting,149416326,0,149416326,120303,0,120303,200,nist-dnn,1,FFFFFF
bootstrap,2026-10-01T14:02:03.637313046Z,imsi-001010123456780,2,20261001T135833Z,,14,Periodic Reporting,162801360,1070,162802430,131080,5,131085,210,nist-dnn,1,FFFFFF
bootstrap,2026-10-01T14:02:13.918900208Z,imsi-001010123456780,2,20261001T135833Z,,15,Periodic Reporting,162804438,2998,162807436,131085,9,131094,220,nist-dnn,1,FFFFFF
bootstrap,2026-10-01T14:02:23.919081606Z,imsi-001010123456780,2,20261001T135833Z,,16,Periodic Reporting,162804438,14051262,176855700,131085,10933,142018,230,nist-dnn,1,FFFFFF
bootstrap,2026-10-01T14:02:33.924408135Z,imsi-001010123456780,2,20261001T135833Z,,17,Periodic Reporting,162804438,28098240,190902678,131085,21856,152941,240,nist-dnn,1,FFFFFF
bootstrap,2026-10-01T14:02:43.923597568Z,imsi-001010123456780,2,20261001T135833Z,,18,Periodic Reporting,162804438,42145218,204949656,131085,32779,163864,250,nist-dnn,1,FFFFFF
bootstrap,2026-10-01T14:02:53.921813469Z,imsi-001010123456780,2,20261001T135833Z,,19,Periodic Reporting,162804438,56192196,218996634,131085,43702,174787,260,nist-dnn,1,FFFFFF
bootstrap,2026-10-01T14:03:03.919487305Z,imsi-001010123456780,2,20261001T135833Z,,20,Periodic Reporting,162804438,70239174,233043612,131085,54625,185710,270,nist-dnn,1,FFFFFF
bootstrap,2026-10-01T14:03:13.924537065Z,imsi-001010123456780,2,20261001T135833Z,,21,Periodic Reporting,162804438,84286152,247090590,131085,65548,196633,280,nist-dnn,1,FFFFFF
bootstrap,2026-10-01T14:03:23.922869642Z,imsi-001010123456780,2,20261001T135833Z,,22,Periodic Reporting,162804438,98333130,261137568,131085,76471,207556,290,nist-dnn,1,FFFFFF
bootstrap,2026-10-01T14:03:33.920702082Z,imsi-001010123456780,2,20261001T135833Z,,23,Periodic Reporting,162804438,112380108,275184546,131085,87394,218479,300,nist-dnn,1,FFFFFF
bootstrap,2026-10-01T14:03:43.924507856Z,imsi-001010123456780,2,20261001T135833Z,,24,Periodic Reporting,162804438,126427086,289231524,131085,98317,229402,310,nist-dnn,1,FFFFFF
bootstrap,2026-10-01T14:03:53.937317155Z,imsi-001010123456780,2,20261001T135833Z,,25,Periodic Reporting,162804438,140474064,303278502,131085,109240,240325,320,nist-dnn,1,FFFFFF
bootstrap,2026-10-01T14:04:03.921969212Z,imsi-001010123456780,2,20261001T135833Z,,26,Periodic Reporting,162804438,154521042,317325480,131085,120163,251248,330,nist-dnn,1,FFFFFF
bootstrap,2026-10-01T14:04:13.93277338Z,imsi-001010123456780,2,20261001T135833Z,,27,Periodic Reporting,162804438,168565448,331369886,131085,131084,262169,340,nist-dnn,1,FFFFFF
bootstrap,2026-10-01T14:05:44.561446513Z,imsi-001010123456780,1000001790863544,20261001T140344Z,,999999999,Volume Threshold,100,100,200,1,1,2,120,nist-dnn,1,FFFFFF
bootstrap,2026-10-01T14:06:17.754381916Z,imsi-001010123456780,1,20261001T140605Z,,1,Time Threshold,1242,0,1242,1,0,1,12,nist-dnn,1,FFFFFF
bootstrap,2026-10-01T14:06:17.77814953Z,imsi-001010123456780,1,20261001T140605Z,,2,Periodic Reporting,1242,0,1242,1,0,1,12,nist-dnn,1,FFFFFF
bootstrap,2026-10-01T14:06:27.755120714Z,imsi-001010123456780,1,20261001T140605Z,,3,Periodic Reporting,13625982,0,13625982,10971,0,10971,22,nist-dnn,1,FFFFFF
bootstrap,2026-10-01T14:06:37.781375752Z,imsi-001010123456780,1,20261001T140605Z,,4,Periodic Reporting,27174960,0,27174960,21880,0,21880,32,nist-dnn,1,FFFFFF
bootstrap,2026-10-01T14:06:47.77041475Z,imsi-001010123456780,1,20261001T140605Z,,5,Periodic Reporting,40721454,0,40721454,32787,0,32787,42,nist-dnn,1,FFFFFF
bootstrap,2026-10-01T14:06:57.773557879Z,imsi-001010123456780,1,20261001T140605Z,,6,Periodic Reporting,54359856,0,54359856,43768,0,43768,52,nist-dnn,1,FFFFFF
bootstrap,2026-10-01T14:07:07.783175679Z,imsi-001010123456780,1,20261001T140605Z,,7,Periodic Reporting,67923738,0,67923738,54689,0,54689,62,nist-dnn,1,FFFFFF
bootstrap,2026-10-01T14:07:17.821874762Z,imsi-001010123456780,1,20261001T140605Z,,8,Periodic Reporting,81501282,0,81501282,65621,0,65621,72,nist-dnn,1,FFFFFF
bootstrap,2026-10-01T14:07:27.868718244Z,imsi-001010123456780,1,20261001T140605Z,,9,Periodic Reporting,95122296,0,95122296,76588,0,76588,82,nist-dnn,1,FFFFFF
bootstrap,2026-10-01T14:07:37.882448087Z,imsi-001010123456780,1,20261001T140605Z,,10,Periodic Reporting,108743310,0,108743310,87555,0,87555,92,nist-dnn,1,FFFFFF
bootstrap,2026-10-01T14:07:47.890761494Z,imsi-001010123456780,1,20261001T140605Z,,11,Periodic Reporting,122318370,0,122318370,98485,0,98485,102,nist-dnn,1,FFFFFF
bootstrap,2026-10-01T14:07:57.901499761Z,imsi-001010123456780,1,20261001T140605Z,,12,Periodic Reporting,135877284,0,135877284,109402,0,109402,112,nist-dnn,1,FFFFFF
bootstrap,2026-10-01T14:08:07.906034929Z,imsi-001010123456780,1,20261001T140605Z,,13,Periodic Reporting,149498298,0,149498298,120369,0,120369,122,nist-dnn,1,FFFFFF
bootstrap,2026-10-01T14:08:28.063585032Z,imsi-001010123456780,1,20261001T140605Z,,14,Periodic Reporting,162799272,2142,162801414,131080,5,131085,142,nist-dnn,1,FFFFFF
bootstrap,2026-10-01T14:08:38.060333547Z,imsi-001010123456780,1,20261001T140605Z,,15,Periodic Reporting,162799272,14050406,176849678,131080,10929,142009,152,nist-dnn,1,FFFFFF
bootstrap,2026-10-01T14:08:48.064472709Z,imsi-001010123456780,1,20261001T140605Z,,16,Periodic Reporting,162799272,28097384,190896656,131080,21852,152932,162,nist-dnn,1,FFFFFF
bootstrap,2026-10-01T14:08:58.060705704Z,imsi-001010123456780,1,20261001T140605Z,,17,Periodic Reporting,162799272,42144362,204943634,131080,32775,163855,172,nist-dnn,1,FFFFFF
bootstrap,2026-10-01T14:09:08.061499795Z,imsi-001010123456780,1,20261001T140605Z,,18,Periodic Reporting,162799272,56191340,218990612,131080,43698,174778,182,nist-dnn,1,FFFFFF
bootstrap,2026-10-01T14:09:18.064180973Z,imsi-001010123456780,1,20261001T140605Z,,19,Periodic Reporting,162799272,70238318,233037590,131080,54621,185701,192,nist-dnn,1,FFFFFF
bootstrap,2026-10-01T14:09:28.066977404Z,imsi-001010123456780,1,20261001T140605Z,,20,Periodic Reporting,162799272,84286582,247085854,131080,65545,196625,202,nist-dnn,1,FFFFFF
bootstrap,2026-10-01T14:09:38.065516478Z,imsi-001010123456780,1,20261001T140605Z,,21,Periodic Reporting,162799272,98333560,261132832,131080,76468,207548,212,nist-dnn,1,FFFFFF
bootstrap,2026-10-01T14:09:48.06691303Z,imsi-001010123456780,1,20261001T140605Z,,22,Periodic Reporting,162799272,112380538,275179810,131080,87391,218471,222,nist-dnn,1,FFFFFF
bootstrap,2026-10-01T14:09:58.069612138Z,imsi-001010123456780,1,20261001T140605Z,,23,Periodic Reporting,162799272,126427516,289226788,131080,98314,229394,232,nist-dnn,1,FFFFFF
bootstrap,2026-10-01T14:10:08.067211877Z,imsi-001010123456780,1,20261001T140605Z,,24,Periodic Reporting,162799272,140474494,303273766,131080,109237,240317,242,nist-dnn,1,FFFFFF
bootstrap,2026-10-01T14:10:18.071637727Z,imsi-001010123456780,1,20261001T140605Z,,25,Periodic Reporting,162799272,154521472,317320744,131080,120160,251240,252,nist-dnn,1,FFFFFF
bootstrap,2026-10-01T14:10:28.083368934Z,imsi-001010123456780,1,20261001T140605Z,,26,Periodic Reporting,162799272,168564592,331363864,131080,131080,262160,262,nist-dnn,1,FFFFFF
bootstrap,2026-10-03T10:38:32.534884215Z,imsi-001010123456780,1000001791023912,20261003T103632Z,,999999999,Volume Threshold,100,100,200,1,1,2,120,nist-dnn,1,FFFFFF
bootstrap,2026-10-03T10:40:47.796459691Z,imsi-001010123456780,1000001791024047,20261003T103847Z,,999999999,Volume Threshold,100,100,200,1,1,2,120,nist-dnn,1,FFFFFF
bootstrap,2026-10-03T11:07:47.940196336Z,imsi-001010123456780,1000001791025667,20261003T110547Z,,999999999,Volume Threshold,100,100,200,1,1,2,120,nist-dnn,1,FFFFFF
bootstrap,2026-10-03T11:08:29.50753195Z,imsi-001010123456780,1,20261003T110824Z,,1,Periodic Reporting,51,0,51,1,0,1,5,nist-dnn,1,FFFFFF
bootstrap,2026-10-03T11:08:42.651408867Z,imsi-001010123456780,1,20261003T110824Z,,2,Periodic Reporting,1293,123,1416,2,1,3,18,nist-dnn,1,FFFFFF
bootstrap,2026-10-03T11:08:43.663974978Z,imsi-001010123456780,1,20261003T110824Z,,3,Periodic Reporting,250935,123,251058,203,1,204,19,nist-dnn,1,FFFFFF
bootstrap,2026-10-03T11:08:44.665368876Z,imsi-001010123456780,1,20261003T110824Z,,4,Periodic Reporting,871935,123,872058,703,1,704,20,nist-dnn,1,FFFFFF
bootstrap,2026-10-03T11:08:45.662691604Z,imsi-001010123456780,1,20261003T110824Z,,5,Periodic Reporting,1990977,123,1991100,1604,1,1605,21,nist-dnn,1,FFFFFF
bootstrap,2026-10-03T11:08:46.673719991Z,imsi-001010123456780,1,20261003T110824Z,,6,Periodic Reporting,3832863,123,3832986,3087,1,3088,22,nist-dnn,1,FFFFFF
bootstrap,2026-10-03T11:08:47.663025922Z,imsi-001010123456780,1,20261003T110824Z,,7,Periodic Reporting,5777835,123,5777958,4653,1,4654,23,nist-dnn,1,FFFFFF
bootstrap,2026-10-03T11:08:48.663622922Z,imsi-001010123456780,1,20261003T110824Z,,8,Periodic Reporting,7845765,123,7845888,6318,1,6319,24,nist-dnn,1,FFFFFF
bootstrap,2026-10-03T11:08:49.668270226Z,imsi-001010123456780,1,20261003T110824Z,,9,Periodic Reporting,9567228,246,9567474,7705,2,7707,25,nist-dnn,1,FFFFFF
bootstrap,2026-10-03T11:08:50.689046796Z,imsi-001010123456780,1,20261003T110824Z,,10,Periodic Reporting,10924734,246,10924980,8798,2,8800,26,nist-dnn,1,FFFFFF
bootstrap,2026-10-03T11:08:51.68571898Z,imsi-001010123456780,1,20261003T110824Z,,11,Periodic Reporting,12287208,246,12287454,9895,2,9897,27,nist-dnn,1,FFFFFF
bootstrap,2026-10-03T11:08:52.680552362Z,imsi-001010123456780,1,20261003T110824Z,,12,Periodic Reporting,13647198,246,13647444,10990,2,10992,28,nist-dnn,1,FFFFFF
bootstrap,2026-10-03T11:08:53.687630684Z,imsi-001010123456780,1,20261003T110824Z,,13,Periodic Reporting,15013398,246,15013644,12090,2,12092,29,nist-dnn,1,FFFFFF
bootstrap,2026-10-03T11:08:54.683400908Z,imsi-001010123456780,1,20261003T110824Z,,14,Periodic Reporting,16370904,246,16371150,13183,2,13185,30,nist-dnn,1,FFFFFF
bootstrap,2026-10-03T11:08:55.689112858Z,imsi-001010123456780,1,20261003T110824Z,,15,Periodic Reporting,17722200,246,17722446,14271,2,14273,31,nist-dnn,1,FFFFFF
bootstrap,2026-10-03T11:08:56.711500503Z,imsi-001010123456780,1,20261003T110824Z,,16,Periodic Reporting,19083432,246,19083678,15367,2,15369,33,nist-dnn,1,FFFFFF
bootstrap,2026-10-03T11:08:57.731114646Z,imsi-001010123456780,1,20261003T110824Z,,17,Periodic Reporting,20493102,246,20493348,16502,2,16504,34,nist-dnn,1,FFFFFF
bootstrap,2026-10-03T11:08:58.732768658Z,imsi-001010123456780,1,20261003T110824Z,,18,Periodic Reporting,21864270,246,21864516,17606,2,17608,35,nist-dnn,1,FFFFFF
bootstrap,2026-10-03T11:08:59.737260995Z,imsi-001010123456780,1,20261003T110824Z,,19,Periodic Reporting,23220534,246,23220780,18698,2,18700,36,nist-dnn,1,FFFFFF
bootstrap,2026-10-03T11:09:00.74714292Z,imsi-001010123456780,1,20261003T110824Z,,20,Periodic Reporting,24594186,246,24594432,19804,2,19806,37,nist-dnn,1,FFFFFF
bootstrap,2026-10-03T11:09:01.739509989Z,imsi-001010123456780,1,20261003T110824Z,,21,Periodic Reporting,25951692,246,25951938,20897,2,20899,38,nist-dnn,1,FFFFFF
bootstrap,2026-10-03T11:09:02.758517376Z,imsi-001010123456780,1,20261003T110824Z,,22,Periodic Reporting,27306714,246,27306960,21988,2,21990,39,nist-dnn,1,FFFFFF
bootstrap,2026-10-03T11:09:03.769221201Z,imsi-001010123456780,1,20261003T110824Z,,23,Periodic Reporting,28665462,246,28665708,23082,2,23084,40,nist-dnn,1,FFFFFF
bootstrap,2026-10-03T11:09:04.771058741Z,imsi-001010123456780,1,20261003T110824Z,,24,Periodic Reporting,30031662,246,30031908,24182,2,24184,41,nist-dnn,1,FFFFFF
bootstrap,2026-10-03T11:09:05.766525725Z,imsi-001010123456780,1,20261003T110824Z,,25,Periodic Reporting,31364328,246,31364574,25255,2,25257,42,nist-dnn,1,FFFFFF
bootstrap,2026-10-03T11:09:06.773486389Z,imsi-001010123456780,1,20261003T110824Z,,26,Periodic Reporting,32762820,246,32763066,26381,2,26383,43,nist-dnn,1,FFFFFF
bootstrap,2026-10-03T11:09:07.778860428Z,imsi-001010123456780,1,20261003T110824Z,,27,Periodic Reporting,34114116,246,34114362,27469,2,27471,44,nist-dnn,1,FFFFFF
bootstrap,2026-10-03T11:09:08.788442997Z,imsi-001010123456780,1,20261003T110824Z,,28,Periodic Reporting,35479074,246,35479320,28568,2,28570,45,nist-dnn,1,FFFFFF
bootstrap,2026-10-03T11:09:09.813176095Z,imsi-001010123456780,1,20261003T110824Z,,29,Periodic Reporting,36849051,369,36849420,29672,3,29675,46,nist-dnn,1,FFFFFF
bootstrap,2026-10-03T11:09:10.808515745Z,imsi-001010123456780,1,20261003T110824Z,,30,Periodic Reporting,38241333,369,38241702,30793,3,30796,47,nist-dnn,1,FFFFFF
bootstrap,2026-10-03T11:09:11.825980169Z,imsi-001010123456780,1,20261003T110824Z,,31,Periodic Reporting,39603807,369,39604176,31890,3,31893,48,nist-dnn,1,FFFFFF
bootstrap,2026-10-03T11:09:12.823410072Z,imsi-001010123456780,1,20261003T110824Z,,32,Periodic Reporting,40957587,369,40957956,32980,3,32983,49,nist-dnn,1,FFFFFF
bootstrap,2026-10-03T11:09:13.831016412Z,imsi-001010123456780,1,20261003T110824Z,,33,Periodic Reporting,42337449,369,42337818,34091,3,34094,50,nist-dnn,1,FFFFFF
bootstrap,2026-10-03T11:09:14.854159801Z,imsi-001010123456780,1,20261003T110824Z,,34,Periodic Reporting,43691229,369,43691598,35181,3,35184,51,nist-dnn,1,FFFFFF
bootstrap,2026-10-03T11:09:15.868753704Z,imsi-001010123456780,1,20261003T110824Z,,35,Periodic Reporting,45083511,369,45083880,36302,3,36305,52,nist-dnn,1,FFFFFF
bootstrap,2026-10-03T11:09:16.879373407Z,imsi-001010123456780,1,20261003T110824Z,,36,Periodic Reporting,46478277,369,46478646,37425,3,37428,53,nist-dnn,1,FFFFFF
bootstrap,2026-10-03T11:09:17.885145063Z,imsi-001010123456780,1,20261003T110824Z,,37,Periodic Reporting,47851929,369,47852298,38531,3,38534,54,nist-dnn,1,FFFFFF
bootstrap,2026-10-03T11:09:18.89961097Z,imsi-001010123456780,1,20261003T110824Z,,38,Periodic Reporting,49219371,369,49219740,39632,3,39635,55,nist-dnn,1,FFFFFF
bootstrap,2026-10-03T11:09:19.906360409Z,imsi-001010123456780,1,20261003T110824Z,,39,Periodic Reporting,50575635,369,50576004,40724,3,40727,56,nist-dnn,1,FFFFFF
bootstrap,2026-10-03T11:09:20.919033998Z,imsi-001010123456780,1,20261003T110824Z,,40,Periodic Reporting,51950529,369,51950898,41831,3,41834,57,nist-dnn,1,FFFFFF
bootstrap,2026-10-03T11:09:21.942753787Z,imsi-001010123456780,1,20261003T110824Z,,41,Periodic Reporting,53308035,369,53308404,42924,3,42927,58,nist-dnn,1,FFFFFF
bootstrap,2026-10-03T11:09:22.925504397Z,imsi-001010123456780,1,20261003T110824Z,,42,Periodic Reporting,54701559,369,54701928,44046,3,44049,59,nist-dnn,1,FFFFFF
bootstrap,2026-10-03T11:09:23.947689978Z,imsi-001010123456780,1,20261003T110824Z,,43,Periodic Reporting,56029257,369,56029626,45115,3,45118,60,nist-dnn,1,FFFFFF
bootstrap,2026-10-03T11:09:24.94400601Z,imsi-001010123456780,1,20261003T110824Z,,44,Periodic Reporting,57422781,369,57423150,46237,3,46240,61,nist-dnn,1,FFFFFF
bootstrap,2026-10-03T11:09:25.946383289Z,imsi-001010123456780,1,20261003T110824Z,,45,Periodic Reporting,58765383,369,58765752,47318,3,47321,62,nist-dnn,1,FFFFFF
bootstrap,2026-10-03T11:09:26.950180947Z,imsi-001010123456780,1,20261003T110824Z,,46,Periodic Reporting,60127857,369,60128226,48415,3,48418,63,nist-dnn,1,FFFFFF
bootstrap,2026-10-03T11:09:27.954981468Z,imsi-001010123456780,1,20261003T110824Z,,47,Periodic Reporting,61505235,369,61505604,49524,3,49527,64,nist-dnn,1,FFFFFF
bootstrap,2026-10-03T11:09:28.972669357Z,imsi-001010123456780,1,20261003T110824Z,,48,Periodic Reporting,62841627,369,62841996,50600,3,50603,65,nist-dnn,1,FFFFFF
bootstrap,2026-10-03T11:09:29.974805454Z,imsi-001010123456780,1,20261003T110824Z,,49,Periodic Reporting,64227750,492,64228242,51717,4,51721,66,nist-dnn,1,FFFFFF
bootstrap,2026-10-03T11:09:30.983448981Z,imsi-001010123456780,1,20261003T110824Z,,50,Periodic Reporting,65575320,492,65575812,52802,4,52806,67,nist-dnn,1,FFFFFF
bootstrap,2026-10-03T11:09:32.025304416Z,imsi-001010123456780,1,20261003T110824Z,,51,Periodic Reporting,66980022,492,66980514,53933,4,53937,68,nist-dnn,1,FFFFFF
bootstrap,2026-10-03T11:09:33.025590447Z,imsi-001010123456780,1,20261003T110824Z,,52,Periodic Reporting,68384724,492,68385216,55064,4,55068,69,nist-dnn,1,FFFFFF
bootstrap,2026-10-03T11:09:34.02564372Z,imsi-001010123456780,1,20261003T110824Z,,53,Periodic Reporting,69721116,492,69721608,56140,4,56144,70,nist-dnn,1,FFFFFF
bootstrap,2026-10-03T11:09:35.076569291Z,imsi-001010123456780,1,20261003T110824Z,,54,Periodic Reporting,71115882,492,71116374,57263,4,57267,71,nist-dnn,1,FFFFFF
bootstrap,2026-10-03T11:09:36.080579347Z,imsi-001010123456780,1,20261003T110824Z,,55,Periodic Reporting,72540456,492,72540948,58410,4,58414,72,nist-dnn,1,FFFFFF
bootstrap,2026-10-03T11:09:37.086852893Z,imsi-001010123456780,1,20261003T110824Z,,56,Periodic Reporting,73897962,492,73898454,59503,4,59507,73,nist-dnn,1,FFFFFF
bootstrap,2026-10-03T11:09:38.113352671Z,imsi-001010123456780,1,20261003T110824Z,,57,Periodic Reporting,75241806,492,75242298,60585,4,60589,74,nist-dnn,1,FFFFFF
bootstrap,2026-10-03T11:09:39.118502704Z,imsi-001010123456780,1,20261003T110824Z,,58,Periodic Reporting,76614216,492,76614708,61690,4,61694,75,nist-dnn,1,FFFFFF
bootstrap,2026-10-03T11:09:40.148696597Z,imsi-001010123456780,1,20261003T110824Z,,59,Periodic Reporting,78001530,492,78002022,62807,4,62811,76,nist-dnn,1,FFFFFF
bootstrap,2026-10-03T11:09:41.148613682Z,imsi-001010123456780,1,20261003T110824Z,,60,Periodic Reporting,79418652,492,79419144,63948,4,63952,77,nist-dnn,1,FFFFFF
bootstrap,2026-10-03T11:09:42.16640533Z,imsi-001010123456780,1,20261003T110824Z,,61,Periodic Reporting,80725236,492,80725728,65000,4,65004,78,nist-dnn,1,FFFFFF
bootstrap,2026-10-03T11:09:43.173755426Z,imsi-001010123456780,1,20261003T110824Z,,62,Periodic Reporting,82133664,492,82134156,66134,4,66138,79,nist-dnn,1,FFFFFF
bootstrap,2026-10-03T11:09:44.16690165Z,imsi-001010123456780,1,20261003T110824Z,,63,Periodic Reporting,83506074,492,83506566,67239,4,67243,80,nist-dnn,1,FFFFFF
bootstrap,2026-10-03T11:09:45.170579793Z,imsi-001010123456780,1,20261003T110824Z,,64,Periodic Reporting,84882210,492,84882702,68347,4,68351,81,nist-dnn,1,FFFFFF
bootstrap,2026-10-03T11:09:46.181760146Z,imsi-001010123456780,1,20261003T110824Z,,65,Periodic Reporting,86212392,492,86212884,69418,4,69422,82,nist-dnn,1,FFFFFF
bootstrap,2026-10-03T11:09:47.18349445Z,imsi-001010123456780,1,20261003T110824Z,,66,Periodic Reporting,87572382,492,87572874,70513,4,70517,83,nist-dnn,1,FFFFFF
bootstrap,2026-10-03T11:09:48.187285816Z,imsi-001010123456780,1,20261003T110824Z,,67,Periodic Reporting,88946034,492,88946526,71619,4,71623,84,nist-dnn,1,FFFFFF
bootstrap,2026-10-03T11:09:49.192098363Z,imsi-001010123456780,1,20261003T110824Z,,68,Periodic Reporting,90325896,492,90326388,72730,4,72734,85,nist-dnn,1,FFFFFF
bootstrap,2026-10-03T11:09:50.206701503Z,imsi-001010123456780,1,20261003T110824Z,,69,Periodic Reporting,91669791,615,91670406,73813,5,73818,86,nist-dnn,1,FFFFFF
bootstrap,2026-10-03T11:09:51.216324741Z,imsi-001010123456780,1,20261003T110824Z,,70,Periodic Reporting,93032265,615,93032880,74910,5,74915,87,nist-dnn,1,FFFFFF
bootstrap,2026-10-03T11:09:52.210927395Z,imsi-001010123456780,1,20261003T110824Z,,71,Periodic Reporting,94193535,615,94194150,75845,5,75850,88,nist-dnn,1,FFFFFF
bootstrap,2026-10-03T11:09:53.216150754Z,imsi-001010123456780,1,20261003T110824Z,,72,Periodic Reporting,95110131,615,95110746,76583,5,76588,89,nist-dnn,1,FFFFFF
bootstrap,2026-10-03T11:09:54.228721919Z,imsi-001010123456780,1,20261003T110824Z,,73,Periodic Reporting,96128571,615,96129186,77403,5,77408,90,nist-dnn,1,FFFFFF
bootstrap,2026-10-03T11:09:55.230335468Z,imsi-001010123456780,1,20261003T110824Z,,74,Periodic Reporting,97386717,615,97387332,78416,5,78421,91,nist-dnn,1,FFFFFF
bootstrap,2026-10-03T11:09:56.231632256Z,imsi-001010123456780,1,20261003T110824Z,,75,Periodic Reporting,99011253,615,99011868,79724,5,79729,92,nist-dnn,1,FFFFFF
bootstrap,2026-10-03T11:09:57.23896609Z,imsi-001010123456780,1,20261003T110824Z,,76,Periodic Reporting,100001127,615,100001742,80521,5,80526,93,nist-dnn,1,FFFFFF
bootstrap,2026-10-03T11:09:58.244053598Z,imsi-001010123456780,1,20261003T110824Z,,77,Periodic Reporting,101280387,615,101281002,81551,5,81556,94,nist-dnn,1,FFFFFF
bootstrap,2026-10-03T11:09:59.258091368Z,imsi-001010123456780,1,20261003T110824Z,,78,Periodic Reporting,102739737,615,102740352,82726,5,82731,95,nist-dnn,1,FFFFFF
bootstrap,2026-10-03T11:10:00.261074068Z,imsi-001010123456780,1,20261003T110824Z,,79,Periodic Reporting,104174247,615,104174862,83881,5,83886,96,nist-dnn,1,FFFFFF
bootstrap,2026-10-03T11:10:01.261016663Z,imsi-001010123456780,1,20261003T110824Z,,80,Periodic Reporting,105349179,615,105349794,84827,5,84832,97,nist-dnn,1,FFFFFF
bootstrap,2026-10-03T11:10:02.269095188Z,imsi-001010123456780,1,20261003T110824Z,,81,Periodic Reporting,106336569,615,106337184,85622,5,85627,98,nist-dnn,1,FFFFFF
bootstrap,2026-10-03T11:10:03.26736574Z,imsi-001010123456780,1,20261003T110824Z,,82,Periodic Reporting,107326443,615,107327058,86419,5,86424,99,nist-dnn,1,FFFFFF
bootstrap,2026-10-03T11:10:04.276050743Z,imsi-001010123456780,1,20261003T110824Z,,83,Periodic Reporting,108348609,615,108349224,87242,5,87247,100,nist-dnn,1,FFFFFF
bootstrap,2026-10-03T11:10:05.302519779Z,imsi-001010123456780,1,20261003T110824Z,,84,Periodic Reporting,109624143,615,109624758,88269,5,88274,101,nist-dnn,1,FFFFFF
bootstrap,2026-10-03T11:10:06.297524915Z,imsi-001010123456780,1,20261003T110824Z,,85,Periodic Reporting,110566821,615,110567436,89028,5,89033,102,nist-dnn,1,FFFFFF
bootstrap,2026-10-03T11:10:07.304669478Z,imsi-001010123456780,1,20261003T110824Z,,86,Periodic Reporting,112337913,615,112338528,90454,5,90459,103,nist-dnn,1,FFFFFF
bootstrap,2026-10-03T11:10:08.324692338Z,imsi-001010123456780,1,20261003T110824Z,,87,Periodic Reporting,114810735,615,114811350,92445,5,92450,104,nist-dnn,1,FFFFFF
bootstrap,2026-10-03T11:10:09.314482482Z,imsi-001010123456780,1,20261003T110824Z,,88,Periodic Reporting,116785515,615,116786130,94035,5,94040,105,nist-dnn,1,FFFFFF
bootstrap,2026-10-03T11:10:10.35013813Z,imsi-001010123456780,1,20261003T110824Z,,89,Periodic Reporting,118976454,738,118977192,95800,6,95806,106,nist-dnn,1,FFFFFF
bootstrap,2026-10-03T11:10:11.352823314Z,imsi-001010123456780,1,20261003T110824Z,,90,Periodic Reporting,120353832,738,120354570,96909,6,96915,107,nist-dnn,1,FFFFFF
bootstrap,2026-10-03T11:10:12.355457459Z,imsi-001010123456780,1,20261003T110824Z,,91,Periodic Reporting,121738662,738,121739400,98024,6,98030,108,nist-dnn,1,FFFFFF
bootstrap,2026-10-03T11:10:13.367171421Z,imsi-001010123456780,1,20261003T110824Z,,92,Periodic Reporting,123108588,738,123109326,99127,6,99133,109,nist-dnn,1,FFFFFF
bootstrap,2026-10-03T11:10:14.370066725Z,imsi-001010123456780,1,20261003T110824Z,,93,Periodic Reporting,124456158,738,124456896,100212,6,100218,110,nist-dnn,1,FFFFFF
bootstrap,2026-10-03T11:10:15.368915483Z,imsi-001010123456780,1,20261003T110824Z,,94,Periodic Reporting,125822358,738,125823096,101312,6,101318,111,nist-dnn,1,FFFFFF
bootstrap,2026-10-03T11:10:16.370363255Z,imsi-001010123456780,1,20261003T110824Z,,95,Periodic Reporting,127199736,738,127200474,102421,6,102427,112,nist-dnn,1,FFFFFF
bootstrap,2026-10-03T11:10:17.377982653Z,imsi-001010123456780,1,20261003T110824Z,,96,Periodic Reporting,128531160,738,128531898,103493,6,103499,113,nist-dnn,1,FFFFFF
bootstrap,2026-10-03T11:10:18.384503458Z,imsi-001010123456780,1,20261003T110824Z,,97,Periodic Reporting,129912264,738,129913002,104605,6,104611,114,nist-dnn,1,FFFFFF
bootstrap,2026-10-03T11:10:19.414918861Z,imsi-001010123456780,1,20261003T110824Z,,98,Periodic Reporting,131278464,738,131279202,105705,6,105711,115,nist-dnn,1,FFFFFF
bootstrap,2026-10-03T11:10:20.420062567Z,imsi-001010123456780,1,20261003T110824Z,,99,Periodic Reporting,132675714,738,132676452,106830,6,106836,116,nist-dnn,1,FFFFFF
bootstrap,2026-10-03T11:10:21.42597216Z,imsi-001010123456780,1,20261003T110824Z,,100,Periodic Reporting,134025768,738,134026506,107917,6,107923,117,nist-dnn,1,FFFFFF
bootstrap,2026-10-03T11:10:22.439649455Z,imsi-001010123456780,1,20261003T110824Z,,101,Periodic Reporting,135394452,738,135395190,109019,6,109025,118,nist-dnn,1,FFFFFF
bootstrap,2026-10-03T11:10:23.439608131Z,imsi-001010123456780,1,20261003T110824Z,,102,Periodic Reporting,136738296,738,136739034,110101,6,110107,119,nist-dnn,1,FFFFFF
bootstrap,2026-10-03T11:10:24.441248081Z,imsi-001010123456780,1,20261003T110824Z,,103,Periodic Reporting,138105738,738,138106476,111202,6,111208,120,nist-dnn,1,FFFFFF
bootstrap,2026-10-03T11:10:25.44473719Z,imsi-001010123456780,1,20261003T110824Z,,104,Periodic Reporting,139495536,738,139496274,112321,6,112327,121,nist-dnn,1,FFFFFF
bootstrap,2026-10-03T11:10:26.457612947Z,imsi-001010123456780,1,20261003T110824Z,,105,Periodic Reporting,140854284,738,140855022,113415,6,113421,122,nist-dnn,1,FFFFFF
bootstrap,2026-10-03T11:10:27.457427758Z,imsi-001010123456780,1,20261003T110824Z,,106,Periodic Reporting,142209306,738,142210044,114506,6,114512,123,nist-dnn,1,FFFFFF
bootstrap,2026-10-03T11:10:28.465708384Z,imsi-001010123456780,1,20261003T110824Z,,107,Periodic Reporting,143553150,738,143553888,115588,6,115594,124,nist-dnn,1,FFFFFF
bootstrap,2026-10-03T11:10:29.481285106Z,imsi-001010123456780,1,20261003T110824Z,,108,Periodic Reporting,144944241,861,144945102,116709,7,116716,125,nist-dnn,1,FFFFFF
bootstrap,2026-10-03T11:10:30.476333462Z,imsi-001010123456780,1,20261003T110824Z,,109,Periodic Reporting,146306715,861,146307576,117806,7,117813,126,nist-dnn,1,FFFFFF
bootstrap,2026-10-03T11:10:31.466462291Z,imsi-001010123456780,1,20261003T110824Z,,110,Periodic Reporting,147653043,861,147653904,118890,7,118897,127,nist-dnn,1,FFFFFF
bootstrap,2026-10-03T11:10:32.475431491Z,imsi-001010123456780,1,20261003T110824Z,,111,Periodic Reporting,149003097,861,149003958,119977,7,119984,128,nist-dnn,1,FFFFFF
bootstrap,2026-10-03T11:10:33.475098417Z,imsi-001010123456780,1,20261003T110824Z,,112,Periodic Reporting,150364329,861,150365190,121073,7,121080,129,nist-dnn,1,FFFFFF
bootstrap,2026-10-03T11:10:34.47810322Z,imsi-001010123456780,1,20261003T110824Z,,113,Periodic Reporting,151711899,861,151712760,122158,7,122165,130,nist-dnn,1,FFFFFF
bootstrap,2026-10-03T11:10:35.475765675Z,imsi-001010123456780,1,20261003T110824Z,,114,Periodic Reporting,153085551,861,153086412,123264,7,123271,131,nist-dnn,1,FFFFFF
bootstrap,2026-10-03T11:10:36.492838783Z,imsi-001010123456780,1,20261003T110824Z,,115,Periodic Reporting,154443057,861,154443918,124357,7,124364,132,nist-dnn,1,FFFFFF
bootstrap,2026-10-03T11:10:37.509266082Z,imsi-001010123456780,1,20261003T110824Z,,116,Periodic Reporting,155830371,861,155831232,125474,7,125481,133,nist-dnn,1,FFFFFF
bootstrap,2026-10-03T11:10:38.509572721Z,imsi-001010123456780,1,20261003T110824Z,,117,Periodic Reporting,157187877,861,157188738,126567,7,126574,134,nist-dnn,1,FFFFFF
bootstrap,2026-10-03T11:10:39.508200678Z,imsi-001010123456780,1,20261003T110824Z,,118,Periodic Reporting,158559045,861,158559906,127671,7,127678,135,nist-dnn,1,FFFFFF
bootstrap,2026-10-03T11:10:40.506179789Z,imsi-001010123456780,1,20261003T110824Z,,119,Periodic Reporting,159940149,861,159941010,128783,7,128790,136,nist-dnn,1,FFFFFF
bootstrap,2026-10-03T11:10:41.530066387Z,imsi-001010123456780,1,20261003T110824Z,,120,Periodic Reporting,161264121,861,161264982,129849,7,129856,137,nist-dnn,1,FFFFFF
bootstrap,2026-10-03T11:10:42.51688934Z,imsi-001010123456780,1,20261003T110824Z,,121,Periodic Reporting,162631563,861,162632424,130950,7,130957,138,nist-dnn,1,FFFFFF
bootstrap,2026-10-03T11:10:49.470297956Z,imsi-001010123456780,1,20261003T110824Z,,122,Periodic Reporting,162798438,1503,162799941,131087,10,131097,145,nist-dnn,1,FFFFFF
bootstrap,2026-10-03T11:10:52.977381742Z,imsi-001010123456780,1,20261003T110824Z,,123,Periodic Reporting,162798438,2912,162801350,131087,12,131099,149,nist-dnn,1,FFFFFF
bootstrap,2026-10-03T11:10:53.987252302Z,imsi-001010123456780,1,20261003T110824Z,,124,Periodic Reporting,162798438,1408510,164206948,131087,1105,132192,150,nist-dnn,1,FFFFFF
bootstrap,2026-10-03T11:10:54.978757744Z,imsi-001010123456780,1,20261003T110824Z,,125,Periodic Reporting,162798438,2812822,165611260,131087,2197,133284,151,nist-dnn,1,FFFFFF
bootstrap,2026-10-03T11:10:55.983576945Z,imsi-001010123456780,1,20261003T110824Z,,126,Periodic Reporting,162798438,4218420,167016858,131087,3290,134377,152,nist-dnn,1,FFFFFF
bootstrap,2026-10-03T11:10:56.982263568Z,imsi-001010123456780,1,20261003T110824Z,,127,Periodic Reporting,162798438,5624018,168422456,131087,4383,135470,153,nist-dnn,1,FFFFFF
bootstrap,2026-10-03T11:10:57.984400508Z,imsi-001010123456780,1,20261003T110824Z,,128,Periodic Reporting,162798438,7029616,169828054,131087,5476,136563,154,nist-dnn,1,FFFFFF
bootstrap,2026-10-03T11:10:58.981811393Z,imsi-001010123456780,1,20261003T110824Z,,129,Periodic Reporting,162798438,8435214,171233652,131087,6569,137656,155,nist-dnn,1,FFFFFF
bootstrap,2026-10-03T11:10:59.986855047Z,imsi-001010123456780,1,20261003T110824Z,,130,Periodic Reporting,162798438,9840812,172639250,131087,7662,138749,156,nist-dnn,1,FFFFFF
bootstrap,2026-10-03T11:11:00.988776797Z,imsi-001010123456780,1,20261003T110824Z,,131,Periodic Reporting,162798438,11246410,174044848,131087,8755,139842,157,nist-dnn,1,FFFFFF
bootstrap,2026-10-03T11:11:01.983160675Z,imsi-001010123456780,1,20261003T110824Z,,132,Periodic Reporting,162798438,12652008,175450446,131087,9848,140935,158,nist-dnn,1,FFFFFF
bootstrap,2026-10-03T11:11:02.995137437Z,imsi-001010123456780,1,20261003T110824Z,,133,Periodic Reporting,162798438,14057606,176856044,131087,10941,142028,159,nist-dnn,1,FFFFFF
bootstrap,2026-10-03T11:11:03.989464002Z,imsi-001010123456780,1,20261003T110824Z,,134,Periodic Reporting,162798438,15463204,178261642,131087,12034,143121,160,nist-dnn,1,FFFFFF
bootstrap,2026-10-03T11:11:04.984314998Z,imsi-001010123456780,1,20261003T110824Z,,135,Periodic Reporting,162798438,16868802,179667240,131087,13127,144214,161,nist-dnn,1,FFFFFF
bootstrap,2026-10-03T11:11:05.992369282Z,imsi-001010123456780,1,20261003T110824Z,,136,Periodic Reporting,162798438,18274400,181072838,131087,14220,145307,162,nist-dnn,1,FFFFFF
bootstrap,2026-10-03T11:11:06.993971541Z,imsi-001010123456780,1,20261003T110824Z,,137,Periodic Reporting,162798438,19679998,182478436,131087,15313,146400,163,nist-dnn,1,FFFFFF
bootstrap,2026-10-03T11:11:07.989764117Z,imsi-001010123456780,1,20261003T110824Z,,138,Periodic Reporting,162798438,21085596,183884034,131087,16406,147493,164,nist-dnn,1,FFFFFF
bootstrap,2026-10-03T11:11:08.987723919Z,imsi-001010123456780,1,20261003T110824Z,,139,Periodic Reporting,162798438,22491194,185289632,131087,17499,148586,165,nist-dnn,1,FFFFFF
bootstrap,2026-10-03T11:11:09.987805782Z,imsi-001010123456780,1,20261003T110824Z,,140,Periodic Reporting,162798489,23896915,186695404,131088,18593,149681,166,nist-dnn,1,FFFFFF
bootstrap,2026-10-03T11:11:10.987569816Z,imsi-001010123456780,1,20261003T110824Z,,141,Periodic Reporting,162798489,25302513,188101002,131088,19686,150774,167,nist-dnn,1,FFFFFF
bootstrap,2026-10-03T11:11:11.991397625Z,imsi-001010123456780,1,20261003T110824Z,,142,Periodic Reporting,162798489,26708111,189506600,131088,20779,151867,168,nist-dnn,1,FFFFFF
bootstrap,2026-10-03T11:11:12.990838627Z,imsi-001010123456780,1,20261003T110824Z,,143,Periodic Reporting,162798489,28113709,190912198,131088,21872,152960,169,nist-dnn,1,FFFFFF
bootstrap,2026-10-03T11:11:13.993688541Z,imsi-001010123456780,1,20261003T110824Z,,144,Periodic Reporting,162798489,29519307,192317796,131088,22965,154053,170,nist-dnn,1,FFFFFF
bootstrap,2026-10-03T11:11:14.992213864Z,imsi-001010123456780,1,20261003T110824Z,,145,Periodic Reporting,162798489,30924905,193723394,131088,24058,155146,171,nist-dnn,1,FFFFFF
bootstrap,2026-10-03T11:11:15.997788066Z,imsi-001010123456780,1,20261003T110824Z,,146,Periodic Reporting,162798489,32330503,195128992,131088,25151,156239,172,nist-dnn,1,FFFFFF
bootstrap,2026-10-03T11:11:16.997137654Z,imsi-001010123456780,1,20261003T110824Z,,147,Periodic Reporting,162798489,33736101,196534590,131088,26244,157332,173,nist-dnn,1,FFFFFF
bootstrap,2026-10-03T11:11:18.001467078Z,imsi-001010123456780,1,20261003T110824Z,,148,Periodic Reporting,162798489,35141699,197940188,131088,27337,158425,174,nist-dnn,1,FFFFFF
bootstrap,2026-10-03T11:11:19.001416298Z,imsi-001010123456780,1,20261003T110824Z,,149,Periodic Reporting,162798489,36547297,199345786,131088,28430,159518,175,nist-dnn,1,FFFFFF
bootstrap,2026-10-03T11:11:19.993130576Z,imsi-001010123456780,1,20261003T110824Z,,150,Periodic Reporting,162798489,37952895,200751384,131088,29523,160611,176,nist-dnn,1,FFFFFF
bootstrap,2026-10-03T11:11:21.002325908Z,imsi-001010123456780,1,20261003T110824Z,,151,Periodic Reporting,162798489,39358493,202156982,131088,30616,161704,177,nist-dnn,1,FFFFFF
bootstrap,2026-10-03T11:11:22.003866207Z,imsi-001010123456780,1,20261003T110824Z,,152,Periodic Reporting,162798489,40764091,203562580,131088,31709,162797,178,nist-dnn,1,FFFFFF
bootstrap,2026-10-03T11:11:22.997047288Z,imsi-001010123456780,1,20261003T110824Z,,153,Periodic Reporting,162798489,42169689,204968178,131088,32802,163890,179,nist-dnn,1,FFFFFF
bootstrap,2026-10-03T11:11:24.008147829Z,imsi-001010123456780,1,20261003T110824Z,,154,Periodic Reporting,162798489,43575287,206373776,131088,33895,164983,180,nist-dnn,1,FFFFFF
bootstrap,2026-10-03T11:11:25.002972856Z,imsi-001010123456780,1,20261003T110824Z,,155,Periodic Reporting,162798489,44980885,207779374,131088,34988,166076,181,nist-dnn,1,FFFFFF
bootstrap,2026-10-03T11:11:25.998072286Z,imsi-001010123456780,1,20261003T110824Z,,156,Periodic Reporting,162798489,46386483,209184972,131088,36081,167169,182,nist-dnn,1,FFFFFF
bootstrap,2026-10-03T11:11:27.006129776Z,imsi-001010123456780,1,20261003T110824Z,,157,Periodic Reporting,162798489,47792081,210590570,131088,37174,168262,183,nist-dnn,1,FFFFFF
bootstrap,2026-10-03T11:11:28.003537893Z,imsi-001010123456780,1,20261003T110824Z,,158,Periodic Reporting,162798489,49197679,211996168,131088,38267,169355,184,nist-dnn,1,FFFFFF
bootstrap,2026-10-03T11:11:29.006599534Z,imsi-001010123456780,1,20261003T110824Z,,159,Periodic Reporting,162798489,50603277,213401766,131088,39360,170448,185,nist-dnn,1,FFFFFF
bootstrap,2026-10-03T11:11:30.014803838Z,imsi-001010123456780,1,20261003T110824Z,,160,Periodic Reporting,162798540,52008998,214807538,131089,40454,171543,186,nist-dnn,1,FFFFFF
bootstrap,2026-10-03T11:11:31.015772244Z,imsi-001010123456780,1,20261003T110824Z,,161,Periodic Reporting,162798540,53414596,216213136,131089,41547,172636,187,nist-dnn,1,FFFFFF
bootstrap,2026-10-03T11:11:32.00975655Z,imsi-001010123456780,1,20261003T110824Z,,162,Periodic Reporting,162798540,54820194,217618734,131089,42640,173729,188,nist-dnn,1,FFFFFF
bootstrap,2026-10-03T11:11:33.005903583Z,imsi-001010123456780,1,20261003T110824Z,,163,Periodic Reporting,162798540,56225792,219024332,131089,43733,174822,189,nist-dnn,1,FFFFFF
bootstrap,2026-10-03T11:11:34.003191658Z,imsi-001010123456780,1,20261003T110824Z,,164,Periodic Reporting,162798540,57630104,220428644,131089,44825,175914,190,nist-dnn,1,FFFFFF
bootstrap,2026-10-03T11:11:35.013251343Z,imsi-001010123456780,1,20261003T110824Z,,165,Periodic Reporting,162798540,59038274,221836814,131089,45920,177009,191,nist-dnn,1,FFFFFF
bootstrap,2026-10-03T11:11:36.007246041Z,imsi-001010123456780,1,20261003T110824Z,,166,Periodic Reporting,162798540,60443872,223242412,131089,47013,178102,192,nist-dnn,1,FFFFFF
bootstrap,2026-10-03T11:11:37.005490412Z,imsi-001010123456780,1,20261003T110824Z,,167,Periodic Reporting,162798540,61849470,224648010,131089,48106,179195,193,nist-dnn,1,FFFFFF
bootstrap,2026-10-03T11:11:38.006628833Z,imsi-001010123456780,1,20261003T110824Z,,168,Periodic Reporting,162798540,63255068,226053608,131089,49199,180288,194,nist-dnn,1,FFFFFF
bootstrap,2026-10-03T11:11:39.00891241Z,imsi-001010123456780,1,20261003T110824Z,,169,Periodic Reporting,162798540,64660666,227459206,131089,50292,181381,195,nist-dnn,1,FFFFFF
bootstrap,2026-10-03T11:11:40.010781996Z,imsi-001010123456780,1,20261003T110824Z,,170,Periodic Reporting,162798540,66066264,228864804,131089,51385,182474,196,nist-dnn,1,FFFFFF
bootstrap,2026-10-03T11:11:41.010221079Z,imsi-001010123456780,1,20261003T110824Z,,171,Periodic Reporting,162798540,67471862,230270402,131089,52478,183567,197,nist-dnn,1,FFFFFF
bootstrap,2026-10-03T11:11:42.012828297Z,imsi-001010123456780,1,20261003T110824Z,,172,Periodic Reporting,162798540,68877460,231676000,131089,53571,184660,198,nist-dnn,1,FFFFFF
bootstrap,2026-10-03T11:11:43.012877339Z,imsi-001010123456780,1,20261003T110824Z,,173,Periodic Reporting,162798540,70283058,233081598,131089,54664,185753,199,nist-dnn,1,FFFFFF
bootstrap,2026-10-03T11:11:44.014999394Z,imsi-001010123456780,1,20261003T110824Z,,174,Periodic Reporting,162798540,71688656,234487196,131089,55757,186846,200,nist-dnn,1,FFFFFF
bootstrap,2026-10-03T11:11:45.01489404Z,imsi-001010123456780,1,20261003T110824Z,,175,Periodic Reporting,162798540,73094254,235892794,131089,56850,187939,201,nist-dnn,1,FFFFFF
bootstrap,2026-10-03T11:11:46.012796185Z,imsi-001010123456780,1,20261003T110824Z,,176,Periodic Reporting,162798540,74499852,237298392,131089,57943,189032,202,nist-dnn,1,FFFFFF
bootstrap,2026-10-03T11:11:47.016158296Z,imsi-001010123456780,1,20261003T110824Z,,177,Periodic Reporting,162798540,75905450,238703990,131089,59036,190125,203,nist-dnn,1,FFFFFF
bootstrap,2026-10-03T11:11:48.01390912Z,imsi-001010123456780,1,20261003T110824Z,,178,Periodic Reporting,162798540,77311048,240109588,131089,60129,191218,204,nist-dnn,1,FFFFFF
bootstrap,2026-10-03T11:11:49.024315871Z,imsi-001010123456780,1,20261003T110824Z,,179,Periodic Reporting,162798540,78716646,241515186,131089,61222,192311,205,nist-dnn,1,FFFFFF
bootstrap,2026-10-03T11:11:50.017510762Z,imsi-001010123456780,1,20261003T110824Z,,180,Periodic Reporting,162798591,80122367,242920958,131090,62316,193406,206,nist-dnn,1,FFFFFF
bootstrap,2026-10-03T11:11:51.024745461Z,imsi-001010123456780,1,20261003T110824Z,,181,Periodic Reporting,162798591,81527965,244326556,131090,63409,194499,207,nist-dnn,1,FFFFFF
bootstrap,2026-10-03T11:11:52.022243835Z,imsi-001010123456780,1,20261003T110824Z,,182,Periodic Reporting,162798591,82933563,245732154,131090,64502,195592,208,nist-dnn,1,FFFFFF
bootstrap,2026-10-03T11:11:53.02045116Z,imsi-001010123456780,1,20261003T110824Z,,183,Periodic Reporting,162798591,84339161,247137752,131090,65595,196685,209,nist-dnn,1,FFFFFF
bootstrap,2026-10-03T11:11:54.017584659Z,imsi-001010123456780,1,20261003T110824Z,,184,Periodic Reporting,162798591,85744759,248543350,131090,66688,197778,210,nist-dnn,1,FFFFFF
bootstrap,2026-10-03T11:11:55.023409944Z,imsi-001010123456780,1,20261003T110824Z,,185,Periodic Reporting,162798591,87150357,249948948,131090,67781,198871,211,nist-dnn,1,FFFFFF
bootstrap,2026-10-03T11:11:56.020015023Z,imsi-001010123456780,1,20261003T110824Z,,186,Periodic Reporting,162798591,88555955,251354546,131090,68874,199964,212,nist-dnn,1,FFFFFF
bootstrap,2026-10-03T11:11:57.022971506Z,imsi-001010123456780,1,20261003T110824Z,,187,Periodic Reporting,162798591,89961553,252760144,131090,69967,201057,213,nist-dnn,1,FFFFFF
bootstrap,2026-10-03T11:11:58.023877297Z,imsi-001010123456780,1,20261003T110824Z,,188,Periodic Reporting,162798591,91367151,254165742,131090,71060,202150,214,nist-dnn,1,FFFFFF
bootstrap,2026-10-03T11:11:59.023528226Z,imsi-001010123456780,1,20261003T110824Z,,189,Periodic Reporting,162798591,92772749,255571340,131090,72153,203243,215,nist-dnn,1,FFFFFF
bootstrap,2026-10-03T11:12:00.031421045Z,imsi-001010123456780,1,20261003T110824Z,,190,Periodic Reporting,162798591,94178347,256976938,131090,73246,204336,216,nist-dnn,1,FFFFFF
bootstrap,2026-10-03T11:12:01.026033346Z,imsi-001010123456780,1,20261003T110824Z,,191,Periodic Reporting,162798591,95583945,258382536,131090,74339,205429,217,nist-dnn,1,FFFFFF
bootstrap,2026-10-03T11:12:02.027040219Z,imsi-001010123456780,1,20261003T110824Z,,192,Periodic Reporting,162798591,96989543,259788134,131090,75432,206522,218,nist-dnn,1,FFFFFF
bootstrap,2026-10-03T11:12:03.029330452Z,imsi-001010123456780,1,20261003T110824Z,,193,Periodic Reporting,162798591,98395141,261193732,131090,76525,207615,219,nist-dnn,1,FFFFFF
bootstrap,2026-10-03T11:12:04.038806568Z,imsi-001010123456780,1,20261003T110824Z,,194,Periodic Reporting,162798591,99800739,262599330,131090,77618,208708,220,nist-dnn,1,FFFFFF
bootstrap,2026-10-03T11:12:05.034196678Z,imsi-001010123456780,1,20261003T110824Z,,195,Periodic Reporting,162798591,101206337,264004928,131090,78711,209801,221,nist-dnn,1,FFFFFF
bootstrap,2026-10-03T11:12:06.034483985Z,imsi-001010123456780,1,20261003T110824Z,,196,Periodic Reporting,162798591,102611935,265410526,131090,79804,210894,222,nist-dnn,1,FFFFFF
bootstrap,2026-10-03T11:12:07.034402357Z,imsi-001010123456780,1,20261003T110824Z,,197,Periodic Reporting,162798591,104017533,266816124,131090,80897,211987,223,nist-dnn,1,FFFFFF
bootstrap,2026-10-03T11:12:08.031373714Z,imsi-001010123456780,1,20261003T110824Z,,198,Periodic Reporting,162798591,105423131,268221722,131090,81990,213080,224,nist-dnn,1,FFFFFF
bootstrap,2026-10-03T11:12:09.033759982Z,imsi-001010123456780,1,20261003T110824Z,,199,Periodic Reporting,162798591,106828729,269627320,131090,83083,214173,225,nist-dnn,1,FFFFFF
bootstrap,2026-10-03T11:12:10.030565417Z,imsi-001010123456780,1,20261003T110824Z,,200,Periodic Reporting,162798642,108234450,271033092,131091,84177,215268,226,nist-dnn,1,FFFFFF
bootstrap,2026-10-03T11:12:11.037831659Z,imsi-001010123456780,1,20261003T110824Z,,201,Periodic Reporting,162798642,109640048,272438690,131091,85270,216361,227,nist-dnn,1,FFFFFF
bootstrap,2026-10-03T11:12:12.034247652Z,imsi-001010123456780,1,20261003T110824Z,,202,Periodic Reporting,162798642,111045646,273844288,131091,86363,217454,228,nist-dnn,1,FFFFFF
bootstrap,2026-10-03T11:12:13.031140864Z,imsi-001010123456780,1,20261003T110824Z,,203,Periodic Reporting,162798642,112451244,275249886,131091,87456,218547,229,nist-dnn,1,FFFFFF
bootstrap,2026-10-03T11:12:14.044938415Z,imsi-001010123456780,1,20261003T110824Z,,204,Periodic Reporting,162798642,113856842,276655484,131091,88549,219640,230,nist-dnn,1,FFFFFF
bootstrap,2026-10-03T11:12:15.032469056Z,imsi-001010123456780,1,20261003T110824Z,,205,Periodic Reporting,162798642,115262440,278061082,131091,89642,220733,231,nist-dnn,1,FFFFFF
bootstrap,2026-10-03T11:12:16.036040652Z,imsi-001010123456780,1,20261003T110824Z,,206,Periodic Reporting,162798642,116668038,279466680,131091,90735,221826,232,nist-dnn,1,FFFFFF
bootstrap,2026-10-03T11:12:17.036206187Z,imsi-001010123456780,1,20261003T110824Z,,207,Periodic Reporting,162798642,118073636,280872278,131091,91828,222919,233,nist-dnn,1,FFFFFF
bootstrap,2026-10-03T11:12:18.033591114Z,imsi-001010123456780,1,20261003T110824Z,,208,Periodic Reporting,162798642,119479234,282277876,131091,92921,224012,234,nist-dnn,1,FFFFFF
bootstrap,2026-10-03T11:12:19.034634868Z,imsi-001010123456780,1,20261003T110824Z,,209,Periodic Reporting,162798642,120884832,283683474,131091,94014,225105,235,nist-dnn,1,FFFFFF
bootstrap,2026-10-03T11:12:20.043697184Z,imsi-001010123456780,1,20261003T110824Z,,210,Periodic Reporting,162798642,122290430,285089072,131091,95107,226198,236,nist-dnn,1,FFFFFF
bootstrap,2026-10-03T11:12:21.057475381Z,imsi-001010123456780,1,20261003T110824Z,,211,Periodic Reporting,162798642,123696028,286494670,131091,96200,227291,237,nist-dnn,1,FFFFFF
bootstrap,2026-10-03T11:12:22.03785082Z,imsi-001010123456780,1,20261003T110824Z,,212,Periodic Reporting,162798642,125101626,287900268,131091,97293,228384,238,nist-dnn,1,FFFFFF
bootstrap,2026-10-03T11:12:23.039298166Z,imsi-001010123456780,1,20261003T110824Z,,213,Periodic Reporting,162798642,126507224,289305866,131091,98386,229477,239,nist-dnn,1,FFFFFF
bootstrap,2026-10-03T11:12:24.042945276Z,imsi-001010123456780,1,20261003T110824Z,,214,Periodic Reporting,162798642,127912822,290711464,131091,99479,230570,240,nist-dnn,1,FFFFFF
bootstrap,2026-10-03T11:12:25.044846549Z,imsi-001010123456780,1,20261003T110824Z,,215,Periodic Reporting,162798642,129318420,292117062,131091,100572,231663,241,nist-dnn,1,FFFFFF
bootstrap,2026-10-03T11:12:26.039692306Z,imsi-001010123456780,1,20261003T110824Z,,216,Periodic Reporting,162798642,130724018,293522660,131091,101665,232756,242,nist-dnn,1,FFFFFF
bootstrap,2026-10-03T11:12:27.040229538Z,imsi-001010123456780,1,20261003T110824Z,,217,Periodic Reporting,162798642,132129616,294928258,131091,102758,233849,243,nist-dnn,1,FFFFFF
bootstrap,2026-10-03T11:12:28.041217373Z,imsi-001010123456780,1,20261003T110824Z,,218,Periodic Reporting,162798642,133535214,296333856,131091,103851,234942,244,nist-dnn,1,FFFFFF
bootstrap,2026-10-03T11:12:29.044408749Z,imsi-001010123456780,1,20261003T110824Z,,219,Periodic Reporting,162798642,134940812,297739454,131091,104944,236035,245,nist-dnn,1,FFFFFF
bootstrap,2026-10-03T11:12:30.04524992Z,imsi-001010123456780,1,20261003T110824Z,,220,Periodic Reporting,162798693,136346533,299145226,131092,106038,237130,246,nist-dnn,1,FFFFFF
bootstrap,2026-10-03T11:12:31.044546949Z,imsi-001010123456780,1,20261003T110824Z,,221,Periodic Reporting,162798693,137752131,300550824,131092,107131,238223,247,nist-dnn,1,FFFFFF
bootstrap,2026-10-03T11:12:32.067289294Z,imsi-001010123456780,1,20261003T110824Z,,222,Periodic Reporting,162798693,139157729,301956422,131092,108224,239316,248,nist-dnn,1,FFFFFF
bootstrap,2026-10-03T11:12:33.045511937Z,imsi-001010123456780,1,20261003T110824Z,,223,Periodic Reporting,162798693,140563327,303362020,131092,109317,240409,249,nist-dnn,1,FFFFFF
bootstrap,2026-10-03T11:12:34.05284879Z,imsi-001010123456780,1,20261003T110824Z,,224,Periodic Reporting,162798693,141968925,304767618,131092,110410,241502,250,nist-dnn,1,FFFFFF
bootstrap,2026-10-03T11:12:35.045836478Z,imsi-001010123456780,1,20261003T110824Z,,225,Periodic Reporting,162798693,143374523,306173216,131092,111503,242595,251,nist-dnn,1,FFFFFF
bootstrap,2026-10-03T11:12:36.053915522Z,imsi-001010123456780,1,20261003T110824Z,,226,Periodic Reporting,162798693,144780121,307578814,131092,112596,243688,252,nist-dnn,1,FFFFFF
bootstrap,2026-10-03T11:12:37.046062774Z,imsi-001010123456780,1,20261003T110824Z,,227,Periodic Reporting,162798693,146185719,308984412,131092,113689,244781,253,nist-dnn,1,FFFFFF
bootstrap,2026-10-03T11:12:38.052997462Z,imsi-001010123456780,1,20261003T110824Z,,228,Periodic Reporting,162798693,147591317,310390010,131092,114782,245874,254,nist-dnn,1,FFFFFF
bootstrap,2026-10-03T11:12:39.059782262Z,imsi-001010123456780,1,20261003T110824Z,,229,Periodic Reporting,162798693,148996915,311795608,131092,115875,246967,255,nist-dnn,1,FFFFFF
bootstrap,2026-10-03T11:12:40.054593272Z,imsi-001010123456780,1,20261003T110824Z,,230,Periodic Reporting,162798693,150402513,313201206,131092,116968,248060,256,nist-dnn,1,FFFFFF
bootstrap,2026-10-03T11:12:41.050775884Z,imsi-001010123456780,1,20261003T110824Z,,231,Periodic Reporting,162798693,151808111,314606804,131092,118061,249153,257,nist-dnn,1,FFFFFF
bootstrap,2026-10-03T11:12:42.052185763Z,imsi-001010123456780,1,20261003T110824Z,,232,Periodic Reporting,162798693,153213709,316012402,131092,119154,250246,258,nist-dnn,1,FFFFFF
bootstrap,2026-10-03T11:12:43.058410077Z,imsi-001010123456780,1,20261003T110824Z,,233,Periodic Reporting,162798693,154619307,317418000,131092,120247,251339,259,nist-dnn,1,FFFFFF
bootstrap,2026-10-03T11:12:44.053027083Z,imsi-001010123456780,1,20261003T110824Z,,234,Periodic Reporting,162798693,156024905,318823598,131092,121340,252432,260,nist-dnn,1,FFFFFF
bootstrap,2026-10-03T11:12:45.057352975Z,imsi-001010123456780,1,20261003T110824Z,,235,Periodic Reporting,162798693,157430503,320229196,131092,122433,253525,261,nist-dnn,1,FFFFFF
bootstrap,2026-10-03T11:12:46.058692389Z,imsi-001010123456780,1,20261003T110824Z,,236,Periodic Reporting,162798693,158836101,321634794,131092,123526,254618,262,nist-dnn,1,FFFFFF
bootstrap,2026-10-03T11:12:47.055578875Z,imsi-001010123456780,1,20261003T110824Z,,237,Periodic Reporting,162798693,160241699,323040392,131092,124619,255711,263,nist-dnn,1,FFFFFF
bootstrap,2026-10-03T11:12:48.05427389Z,imsi-001010123456780,1,20261003T110824Z,,238,Periodic Reporting,162798693,161647297,324445990,131092,125712,256804,264,nist-dnn,1,FFFFFF
bootstrap,2026-10-03T11:12:49.060268476Z,imsi-001010123456780,1,20261003T110824Z,,239,Periodic Reporting,162798693,163052895,325851588,131092,126805,257897,265,nist-dnn,1,FFFFFF
bootstrap,2026-10-03T11:12:50.054624181Z,imsi-001010123456780,1,20261003T110824Z,,240,Periodic Reporting,162798744,164458616,327257360,131093,127899,258992,266,nist-dnn,1,FFFFFF
bootstrap,2026-10-03T11:12:51.058022608Z,imsi-001010123456780,1,20261003T110824Z,,241,Periodic Reporting,162798744,165864214,328662958,131093,128992,260085,267,nist-dnn,1,FFFFFF
bootstrap,2026-10-03T11:12:52.063162812Z,imsi-001010123456780,1,20261003T110824Z,,242,Periodic Reporting,162798744,167269812,330068556,131093,130085,261178,268,nist-dnn,1,FFFFFF
bootstrap,2026-10-03T11:13:09.470706247Z,imsi-001010123456780,1,20261003T110824Z,,243,Periodic Reporting,162799305,168567870,331367175,131097,131096,262193,285,nist-dnn,1,FFFFFF
bootstrap,2026-10-03T11:13:29.471396776Z,imsi-001010123456780,1,20261003T110824Z,,244,Periodic Reporting,162799356,168567993,331367349,131098,131097,262195,305,nist-dnn,1,FFFFFF
bootstrap,2026-10-03T11:13:49.452872001Z,imsi-001010123456780,1,20261003T110824Z,,245,Periodic Reporting,162799407,168568116,331367523,131099,131098,262197,325,nist-dnn,1,FFFFFF
bootstrap,2026-10-03T11:14:09.477221228Z,imsi-001010123456780,1,20261003T110824Z,,246,Periodic Reporting,162799458,168568239,331367697,131100,131099,262199,345,nist-dnn,1,FFFFFF
bootstrap,2026-10-03T11:14:29.476269941Z,imsi-001010123456780,1,20261003T110824Z,,247,Periodic Reporting,162799509,168568362,331367871,131101,131100,262201,365,nist-dnn,1,FFFFFF
bootstrap,2026-10-03T11:14:49.47320798Z,imsi-001010123456780,1,20261003T110824Z,,248,Periodic Reporting,162799560,168568485,331368045,131102,131101,262203,385,nist-dnn,1,FFFFFF
bootstrap,2026-10-03T11:15:09.480750484Z,imsi-001010123456780,1,20261003T110824Z,,249,Periodic Reporting,162799611,168568608,331368219,131103,131102,262205,405,nist-dnn,1,FFFFFF
bootstrap,2026-10-03T11:15:29.449535265Z,imsi-001010123456780,1,20261003T110824Z,,250,Periodic Reporting,162799662,168568731,331368393,131104,131103,262207,425,nist-dnn,1,FFFFFF
bootstrap,2026-10-03T11:15:49.473352258Z,imsi-001010123456780,1,20261003T110824Z,,251,Periodic Reporting,162799713,168568854,331368567,131105,131104,262209,445,nist-dnn,1,FFFFFF
bootstrap,2026-10-03T11:16:09.479547617Z,imsi-001010123456780,1,20261003T110824Z,,252,Periodic Reporting,162799764,168568977,331368741,131106,131105,262211,465,nist-dnn,1,FFFFFF
bootstrap,2026-10-03T11:16:29.471160093Z,imsi-001010123456780,1,20261003T110824Z,,253,Periodic Reporting,162799815,168569100,331368915,131107,131106,262213,485,nist-dnn,1,FFFFFF
bootstrap,2026-10-03T11:16:49.472716492Z,imsi-001010123456780,1,20261003T110824Z,,254,Periodic Reporting,162799866,168569223,331369089,131108,131107,262215,505,nist-dnn,1,FFFFFF
bootstrap,2026-10-03T11:17:09.488410526Z,imsi-001010123456780,1,20261003T110824Z,,255,Periodic Reporting,162799917,168569346,331369263,131109,131108,262217,525,nist-dnn,1,FFFFFF
bootstrap,2026-10-03T11:17:29.473540174Z,imsi-001010123456780,1,20261003T110824Z,,256,Periodic Reporting,162799968,168569469,331369437,131110,131109,262219,545,nist-dnn,1,FFFFFF
bootstrap,2026-10-03T11:17:49.51737179Z,imsi-001010123456780,1,20261003T110824Z,,257,Periodic Reporting,162800019,168569592,331369611,131111,131110,262221,565,nist-dnn,1,FFFFFF
bootstrap,2026-10-03T11:18:09.498848766Z,imsi-001010123456780,1,20261003T110824Z,,258,Periodic Reporting,162800070,168569715,331369785,131112,131111,262223,585,nist-dnn,1,FFFFFF
bootstrap,2026-10-03T11:18:29.490609553Z,imsi-001010123456780,1,20261003T110824Z,,259,Periodic Reporting,162800121,168569838,331369959,131113,131112,262225,605,nist-dnn,1,FFFFFF
bootstrap,2026-10-03T11:18:49.577753587Z,imsi-001010123456780,1,20261003T110824Z,,260,Periodic Reporting,162800172,168569961,331370133,131114,131113,262227,625,nist-dnn,1,FFFFFF
bootstrap,2026-10-03T11:19:09.499879852Z,imsi-001010123456780,1,20261003T110824Z,,261,Periodic Reporting,162800223,168570084,331370307,131115,131114,262229,645,nist-dnn,1,FFFFFF
bootstrap,2026-10-03T11:19:29.596745335Z,imsi-001010123456780,1,20261003T110824Z,,262,Periodic Reporting,162800274,168570207,331370481,131116,131115,262231,665,nist-dnn,1,FFFFFF
bootstrap,2026-10-03T11:19:49.49061631Z,imsi-001010123456780,1,20261003T110824Z,,263,Periodic Reporting,162800325,168570330,331370655,131117,131116,262233,685,nist-dnn,1,FFFFFF
bootstrap,2026-10-03T11:20:09.516189784Z,imsi-001010123456780,1,20261003T110824Z,,264,Periodic Reporting,162800376,168570453,331370829,131118,131117,262235,705,nist-dnn,1,FFFFFF
bootstrap,2026-10-03T11:20:29.523362171Z,imsi-001010123456780,1,20261003T110824Z,,265,Periodic Reporting,162800427,168570576,331371003,131119,131118,262237,725,nist-dnn,1,FFFFFF
bootstrap,2026-10-03T11:20:49.51876216Z,imsi-001010123456780,1,20261003T110824Z,,266,Periodic Reporting,162800478,168570699,331371177,131120,131119,262239,745,nist-dnn,1,FFFFFF
bootstrap,2026-10-03T11:21:09.533170344Z,imsi-001010123456780,1,20261003T110824Z,,267,Periodic Reporting,162800529,168570822,331371351,131121,131120,262241,765,nist-dnn,1,FFFFFF
bootstrap,2026-10-03T11:21:29.503849428Z,imsi-001010123456780,1,20261003T110824Z,,268,Periodic Reporting,162800580,168570945,331371525,131122,131121,262243,785,nist-dnn,1,FFFFFF
bootstrap,2026-10-03T11:21:49.500774644Z,imsi-001010123456780,1,20261003T110824Z,,269,Periodic Reporting,162800631,168571068,331371699,131123,131122,262245,805,nist-dnn,1,FFFFFF
bootstrap,2026-10-03T11:22:09.47035278Z,imsi-001010123456780,1,20261003T110824Z,,270,Periodic Reporting,162800682,168571191,331371873,131124,131123,262247,825,nist-dnn,1,FFFFFF
bootstrap,2026-10-03T11:22:29.488056851Z,imsi-001010123456780,1,20261003T110824Z,,271,Periodic Reporting,162800733,168571314,331372047,131125,131124,262249,845,nist-dnn,1,FFFFFF
bootstrap,2026-10-03T11:22:49.526995515Z,imsi-001010123456780,1,20261003T110824Z,,272,Periodic Reporting,162800784,168571437,331372221,131126,131125,262251,865,nist-dnn,1,FFFFFF
bootstrap,2026-10-03T11:23:09.515259876Z,imsi-001010123456780,1,20261003T110824Z,,273,Periodic Reporting,162800835,168571560,331372395,131127,131126,262253,885,nist-dnn,1,FFFFFF
bootstrap,2026-10-03T11:23:29.597522339Z,imsi-001010123456780,1,20261003T110824Z,,274,Periodic Reporting,162800886,168571683,331372569,131128,131127,262255,905,nist-dnn,1,FFFFFF
bootstrap,2026-10-03T11:23:49.490731787Z,imsi-001010123456780,1,20261003T110824Z,,275,Periodic Reporting,162800937,168571806,331372743,131129,131128,262257,925,nist-dnn,1,FFFFFF
bootstrap,2026-10-03T11:24:09.523242301Z,imsi-001010123456780,1,20261003T110824Z,,276,Periodic Reporting,162800988,168571929,331372917,131130,131129,262259,945,nist-dnn,1,FFFFFF
bootstrap,2026-10-03T11:24:29.511777133Z,imsi-001010123456780,1,20261003T110824Z,,277,Periodic Reporting,162801039,168572052,331373091,131131,131130,262261,965,nist-dnn,1,FFFFFF
bootstrap,2026-10-03T11:24:49.561847143Z,imsi-001010123456780,1,20261003T110824Z,,278,Periodic Reporting,162801090,168572175,331373265,131132,131131,262263,985,nist-dnn,1,FFFFFF
bootstrap,2026-10-03T11:25:09.490789038Z,imsi-001010123456780,1,20261003T110824Z,,279,Periodic Reporting,162801141,168572298,331373439,131133,131132,262265,1005,nist-dnn,1,FFFFFF
bootstrap,2026-10-03T11:26:57.862485123Z,imsi-001010123456780,1000001791026817,20261003T112457Z,,999999999,Volume Threshold,100,100,200,1,1,2,120,nist-dnn,1,FFFFFF
bootstrap,2026-10-03T11:27:32.667728699Z,imsi-001010123456780,1,20261003T112721Z,,1,Periodic Reporting,1242,0,1242,1,0,1,11,nist-dnn,1,FFFFFF
bootstrap,2026-10-03T11:27:33.660628435Z,imsi-001010123456780,1,20261003T112721Z,,2,Periodic Reporting,284418,0,284418,229,0,229,12,nist-dnn,1,FFFFFF
bootstrap,2026-10-03T11:27:34.659120819Z,imsi-001010123456780,1,20261003T112721Z,,3,Periodic Reporting,663228,0,663228,534,0,534,13,nist-dnn,1,FFFFFF
bootstrap,2026-10-03T11:27:35.66529006Z,imsi-001010123456780,1,20261003T112721Z,,4,Periodic Reporting,1181142,0,1181142,951,0,951,14,nist-dnn,1,FFFFFF
bootstrap,2026-10-03T11:27:36.670178337Z,imsi-001010123456780,1,20261003T112721Z,,5,Periodic Reporting,1844421,123,1844544,1486,1,1487,15,nist-dnn,1,FFFFFF
bootstrap,2026-10-03T11:27:37.67540039Z,imsi-001010123456780,1,20261003T112721Z,,6,Periodic Reporting,1935036,0,1935036,1558,0,1558,16,nist-dnn,1,FFFFFF
bootstrap,2026-10-03T11:27:38.674112062Z,imsi-001010123456780,1,20261003T112721Z,,7,Periodic Reporting,2269134,0,2269134,1827,0,1827,17,nist-dnn,1,FFFFFF
bootstrap,2026-10-03T11:27:39.68043795Z,imsi-001010123456780,1,20261003T112721Z,,8,Periodic Reporting,1393524,0,1393524,1122,0,1122,18,nist-dnn,1,FFFFFF
bootstrap,2026-10-03T11:27:40.681098495Z,imsi-001010123456780,1,20261003T112721Z,,9,Periodic Reporting,1359990,0,1359990,1095,0,1095,19,nist-dnn,1,FFFFFF
bootstrap,2026-10-03T11:27:41.719531541Z,imsi-001010123456780,1,20261003T112721Z,,10,Periodic Reporting,1381104,0,1381104,1112,0,1112,20,nist-dnn,1,FFFFFF
bootstrap,2026-10-03T11:27:42.740839782Z,imsi-001010123456780,1,20261003T112721Z,,11,Periodic Reporting,1388556,0,1388556,1118,0,1118,21,nist-dnn,1,FFFFFF
bootstrap,2026-10-03T11:27:43.756770089Z,imsi-001010123456780,1,20261003T112721Z,,12,Periodic Reporting,1371168,0,1371168,1104,0,1104,22,nist-dnn,1,FFFFFF
bootstrap,2026-10-03T11:27:45.270331152Z,imsi-001010123456780,1,20261003T112721Z,,13,Periodic Reporting,1127736,0,1127736,908,0,908,23,nist-dnn,1,FFFFFF
bootstrap,2026-10-03T11:27:46.22414742Z,imsi-001010123456780,1,20261003T112721Z,,14,Periodic Reporting,288144,0,288144,232,0,232,24,nist-dnn,1,FFFFFF
bootstrap,2026-10-03T11:27:46.790069063Z,imsi-001010123456780,1,20261003T112721Z,,15,Periodic Reporting,454572,0,454572,366,0,366,25,nist-dnn,1,FFFFFF
bootstrap,2026-10-03T11:27:47.820871532Z,imsi-001010123456780,1,20261003T112721Z,,16,Periodic Reporting,2346138,0,2346138,1889,0,1889,26,nist-dnn,1,FFFFFF
bootstrap,2026-10-03T11:27:48.820199687Z,imsi-001010123456780,1,20261003T112721Z,,17,Periodic Reporting,1998378,0,1998378,1609,0,1609,27,nist-dnn,1,FFFFFF
bootstrap,2026-10-03T11:27:49.80678429Z,imsi-001010123456780,1,20261003T112721Z,,18,Periodic Reporting,2013282,0,2013282,1621,0,1621,28,nist-dnn,1,FFFFFF
bootstrap,2026-10-03T11:27:50.812622079Z,imsi-001010123456780,1,20261003T112721Z,,19,Periodic Reporting,1384830,0,1384830,1115,0,1115,29,nist-dnn,1,FFFFFF
bootstrap,2026-10-03T11:27:51.84862968Z,imsi-001010123456780,1,20261003T112721Z,,20,Periodic Reporting,1337634,0,1337634,1077,0,1077,30,nist-dnn,1,FFFFFF
bootstrap,2026-10-03T11:27:52.833475797Z,imsi-001010123456780,1,20261003T112721Z,,21,Periodic Reporting,1366200,0,1366200,1100,0,1100,31,nist-dnn,1,FFFFFF
bootstrap,2026-10-03T11:27:53.836850602Z,imsi-001010123456780,1,20261003T112721Z,,22,Periodic Reporting,1391040,0,1391040,1120,0,1120,32,nist-dnn,1,FFFFFF
bootstrap,2026-10-03T11:27:54.852629045Z,imsi-001010123456780,1,20261003T112721Z,,23,Periodic Reporting,1324023,123,1324146,1067,1,1068,33,nist-dnn,1,FFFFFF
bootstrap,2026-10-03T11:27:55.848895798Z,imsi-001010123456780,1,20261003T112721Z,,24,Periodic Reporting,1400976,0,1400976,1128,0,1128,34,nist-dnn,1,FFFFFF
bootstrap,2026-10-03T11:27:56.861560239Z,imsi-001010123456780,1,20261003T112721Z,,25,Periodic Reporting,1346328,0,1346328,1084,0,1084,35,nist-dnn,1,FFFFFF
bootstrap,2026-10-03T11:27:57.855632687Z,imsi-001010123456780,1,20261003T112721Z,,26,Periodic Reporting,1379862,0,1379862,1111,0,1111,36,nist-dnn,1,FFFFFF
bootstrap,2026-10-03T11:27:58.8702527Z,imsi-001010123456780,1,20261003T112721Z,,27,Periodic Reporting,1352538,0,1352538,1089,0,1089,37,nist-dnn,1,FFFFFF
bootstrap,2026-10-03T11:27:59.876757524Z,imsi-001010123456780,1,20261003T112721Z,,28,Periodic Reporting,1352538,0,1352538,1089,0,1089,38,nist-dnn,1,FFFFFF
bootstrap,2026-10-03T11:28:00.863249027Z,imsi-001010123456780,1,20261003T112721Z,,29,Periodic Reporting,1393524,0,1393524,1122,0,1122,39,nist-dnn,1,FFFFFF
bootstrap,2026-10-03T11:28:01.882931227Z,imsi-001010123456780,1,20261003T112721Z,,30,Periodic Reporting,1351296,0,1351296,1088,0,1088,40,nist-dnn,1,FFFFFF
bootstrap,2026-10-03T11:28:02.891854969Z,imsi-001010123456780,1,20261003T112721Z,,31,Periodic Reporting,1352538,0,1352538,1089,0,1089,41,nist-dnn,1,FFFFFF
bootstrap,2026-10-03T11:28:03.897993557Z,imsi-001010123456780,1,20261003T112721Z,,32,Periodic Reporting,1396008,0,1396008,1124,0,1124,42,nist-dnn,1,FFFFFF
bootstrap,2026-10-03T11:28:04.9083745Z,imsi-001010123456780,1,20261003T112721Z,,33,Periodic Reporting,1346328,0,1346328,1084,0,1084,43,nist-dnn,1,FFFFFF
bootstrap,2026-10-03T11:28:05.928317181Z,imsi-001010123456780,1,20261003T112721Z,,34,Periodic Reporting,1379862,0,1379862,1111,0,1111,44,nist-dnn,1,FFFFFF
bootstrap,2026-10-03T11:28:06.938099858Z,imsi-001010123456780,1,20261003T112721Z,,35,Periodic Reporting,1353780,0,1353780,1090,0,1090,45,nist-dnn,1,FFFFFF
bootstrap,2026-10-03T11:28:07.944616791Z,imsi-001010123456780,1,20261003T112721Z,,36,Periodic Reporting,1392282,0,1392282,1121,0,1121,46,nist-dnn,1,FFFFFF
bootstrap,2026-10-03T11:28:08.942615929Z,imsi-001010123456780,1,20261003T112721Z,,37,Periodic Reporting,1371168,0,1371168,1104,0,1104,47,nist-dnn,1,FFFFFF
bootstrap,2026-10-03T11:28:09.941140699Z,imsi-001010123456780,1,20261003T112721Z,,38,Periodic Reporting,1335150,0,1335150,1075,0,1075,48,nist-dnn,1,FFFFFF
bootstrap,2026-10-03T11:28:10.944597837Z,imsi-001010123456780,1,20261003T112721Z,,39,Periodic Reporting,1371168,0,1371168,1104,0,1104,49,nist-dnn,1,FFFFFF
bootstrap,2026-10-03T11:28:11.951752068Z,imsi-001010123456780,1,20261003T112721Z,,40,Periodic Reporting,1361232,0,1361232,1096,0,1096,50,nist-dnn,1,FFFFFF
bootstrap,2026-10-03T11:28:12.956044304Z,imsi-001010123456780,1,20261003T112721Z,,41,Periodic Reporting,1343844,0,1343844,1082,0,1082,51,nist-dnn,1,FFFFFF
bootstrap,2026-10-03T11:28:13.956196759Z,imsi-001010123456780,1,20261003T112721Z,,42,Periodic Reporting,1384830,0,1384830,1115,0,1115,52,nist-dnn,1,FFFFFF
bootstrap,2026-10-03T11:28:14.977307055Z,imsi-001010123456780,1,20261003T112721Z,,43,Periodic Reporting,1361283,123,1361406,1097,1,1098,53,nist-dnn,1,FFFFFF
bootstrap,2026-10-03T11:28:15.991148244Z,imsi-001010123456780,1,20261003T112721Z,,44,Periodic Reporting,1345086,0,1345086,1083,0,1083,54,nist-dnn,1,FFFFFF
bootstrap,2026-10-03T11:28:16.968699915Z,imsi-001010123456780,1,20261003T112721Z,,45,Periodic Reporting,1391040,0,1391040,1120,0,1120,55,nist-dnn,1,FFFFFF
bootstrap,2026-10-03T11:28:17.985902145Z,imsi-001010123456780,1,20261003T112721Z,,46,Periodic Reporting,1372410,0,1372410,1105,0,1105,56,nist-dnn,1,FFFFFF
bootstrap,2026-10-03T11:28:18.989509954Z,imsi-001010123456780,1,20261003T112721Z,,47,Periodic Reporting,1330182,0,1330182,1071,0,1071,57,nist-dnn,1,FFFFFF
bootstrap,2026-10-03T11:28:19.979035773Z,imsi-001010123456780,1,20261003T112721Z,,48,Periodic Reporting,1379862,0,1379862,1111,0,1111,58,nist-dnn,1,FFFFFF
bootstrap,2026-10-03T11:28:20.998222064Z,imsi-001010123456780,1,20261003T112721Z,,49,Periodic Reporting,1369926,0,1369926,1103,0,1103,59,nist-dnn,1,FFFFFF
bootstrap,2026-10-03T11:28:22.009503355Z,imsi-001010123456780,1,20261003T112721Z,,50,Periodic Reporting,1362474,0,1362474,1097,0,1097,60,nist-dnn,1,FFFFFF
bootstrap,2026-10-03T11:28:23.014804812Z,imsi-001010123456780,1,20261003T112721Z,,51,Periodic Reporting,1377378,0,1377378,1109,0,1109,61,nist-dnn,1,FFFFFF
bootstrap,2026-10-03T11:28:24.020855099Z,imsi-001010123456780,1,20261003T112721Z,,52,Periodic Reporting,1353780,0,1353780,1090,0,1090,62,nist-dnn,1,FFFFFF
bootstrap,2026-10-03T11:28:25.017352514Z,imsi-001010123456780,1,20261003T112721Z,,53,Periodic Reporting,1371168,0,1371168,1104,0,1104,63,nist-dnn,1,FFFFFF
bootstrap,2026-10-03T11:28:26.036308803Z,imsi-001010123456780,1,20261003T112721Z,,54,Periodic Reporting,1310310,0,1310310,1055,0,1055,64,nist-dnn,1,FFFFFF
bootstrap,2026-10-03T11:28:27.034050905Z,imsi-001010123456780,1,20261003T112721Z,,55,Periodic Reporting,1435752,0,1435752,1156,0,1156,65,nist-dnn,1,FFFFFF
bootstrap,2026-10-03T11:28:28.038142774Z,imsi-001010123456780,1,20261003T112721Z,,56,Periodic Reporting,1362474,0,1362474,1097,0,1097,66,nist-dnn,1,FFFFFF
bootstrap,2026-10-03T11:28:29.047120251Z,imsi-001010123456780,1,20261003T112721Z,,57,Periodic Reporting,1345086,0,1345086,1083,0,1083,67,nist-dnn,1,FFFFFF
bootstrap,2026-10-03T11:28:30.054225836Z,imsi-001010123456780,1,20261003T112721Z,,58,Periodic Reporting,1358748,0,1358748,1094,0,1094,68,nist-dnn,1,FFFFFF
bootstrap,2026-10-03T11:28:31.076855549Z,imsi-001010123456780,1,20261003T112721Z,,59,Periodic Reporting,1382346,0,1382346,1113,0,1113,69,nist-dnn,1,FFFFFF
bootstrap,2026-10-03T11:28:32.131116387Z,imsi-001010123456780,1,20261003T112721Z,,60,Periodic Reporting,1373652,0,1373652,1106,0,1106,70,nist-dnn,1,FFFFFF
bootstrap,2026-10-03T11:28:33.128496587Z,imsi-001010123456780,1,20261003T112721Z,,61,Periodic Reporting,1377378,0,1377378,1109,0,1109,71,nist-dnn,1,FFFFFF
bootstrap,2026-10-03T11:28:34.117819057Z,imsi-001010123456780,1,20261003T112721Z,,62,Periodic Reporting,1373652,0,1373652,1106,0,1106,72,nist-dnn,1,FFFFFF
bootstrap,2026-10-03T11:28:35.122510805Z,imsi-001010123456780,1,20261003T112721Z,,63,Periodic Reporting,1335201,123,1335324,1076,1,1077,73,nist-dnn,1,FFFFFF
bootstrap,2026-10-03T11:28:36.143046798Z,imsi-001010123456780,1,20261003T112721Z,,64,Periodic Reporting,1419606,0,1419606,1143,0,1143,74,nist-dnn,1,FFFFFF
bootstrap,2026-10-03T11:28:37.125819225Z,imsi-001010123456780,1,20261003T112721Z,,65,Periodic Reporting,1366200,0,1366200,1100,0,1100,75,nist-dnn,1,FFFFFF
bootstrap,2026-10-03T11:28:38.134892718Z,imsi-001010123456780,1,20261003T112721Z,,66,Periodic Reporting,1280502,0,1280502,1031,0,1031,76,nist-dnn,1,FFFFFF
bootstrap,2026-10-03T11:28:39.128111352Z,imsi-001010123456780,1,20261003T112721Z,,67,Periodic Reporting,1404702,0,1404702,1131,0,1131,77,nist-dnn,1,FFFFFF
bootstrap,2026-10-03T11:28:40.131915386Z,imsi-001010123456780,1,20261003T112721Z,,68,Periodic Reporting,1350054,0,1350054,1087,0,1087,78,nist-dnn,1,FFFFFF
bootstrap,2026-10-03T11:28:41.138593455Z,imsi-001010123456780,1,20261003T112721Z,,69,Periodic Reporting,1393524,0,1393524,1122,0,1122,79,nist-dnn,1,FFFFFF
bootstrap,2026-10-03T11:28:42.154493277Z,imsi-001010123456780,1,20261003T112721Z,,70,Periodic Reporting,1336392,0,1336392,1076,0,1076,80,nist-dnn,1,FFFFFF
bootstrap,2026-10-03T11:28:43.179869413Z,imsi-001010123456780,1,20261003T112721Z,,71,Periodic Reporting,1376136,0,1376136,1108,0,1108,81,nist-dnn,1,FFFFFF
bootstrap,2026-10-03T11:28:44.198941691Z,imsi-001010123456780,1,20261003T112721Z,,72,Periodic Reporting,1413396,0,1413396,1138,0,1138,82,nist-dnn,1,FFFFFF
bootstrap,2026-10-03T11:28:45.212569498Z,imsi-001010123456780,1,20261003T112721Z,,73,Periodic Reporting,1363716,0,1363716,1098,0,1098,83,nist-dnn,1,FFFFFF
bootstrap,2026-10-03T11:28:46.215088717Z,imsi-001010123456780,1,20261003T112721Z,,74,Periodic Reporting,1367442,0,1367442,1101,0,1101,84,nist-dnn,1,FFFFFF
bootstrap,2026-10-03T11:28:47.222234246Z,imsi-001010123456780,1,20261003T112721Z,,75,Periodic Reporting,1373652,0,1373652,1106,0,1106,85,nist-dnn,1,FFFFFF
bootstrap,2026-10-03T11:28:48.236343968Z,imsi-001010123456780,1,20261003T112721Z,,76,Periodic Reporting,1377378,0,1377378,1109,0,1109,86,nist-dnn,1,FFFFFF
bootstrap,2026-10-03T11:28:49.233834983Z,imsi-001010123456780,1,20261003T112721Z,,77,Periodic Reporting,1322730,0,1322730,1065,0,1065,87,nist-dnn,1,FFFFFF
bootstrap,2026-10-03T11:28:50.230516386Z,imsi-001010123456780,1,20261003T112721Z,,78,Periodic Reporting,1407186,0,1407186,1133,0,1133,88,nist-dnn,1,FFFFFF
bootstrap,2026-10-03T11:28:51.241239351Z,imsi-001010123456780,1,20261003T112721Z,,79,Periodic Reporting,1355022,0,1355022,1091,0,1091,89,nist-dnn,1,FFFFFF
bootstrap,2026-10-03T11:28:52.265944113Z,imsi-001010123456780,1,20261003T112721Z,,80,Periodic Reporting,1364958,0,1364958,1099,0,1099,90,nist-dnn,1,FFFFFF
bootstrap,2026-10-03T11:28:53.267296083Z,imsi-001010123456780,1,20261003T112721Z,,81,Periodic Reporting,1379862,0,1379862,1111,0,1111,91,nist-dnn,1,FFFFFF
bootstrap,2026-10-03T11:28:54.285248741Z,imsi-001010123456780,1,20261003T112721Z,,82,Periodic Reporting,1348812,0,1348812,1086,0,1086,92,nist-dnn,1,FFFFFF
bootstrap,2026-10-03T11:28:55.284021241Z,imsi-001010123456780,1,20261003T112721Z,,83,Periodic Reporting,1392333,123,1392456,1122,1,1123,93,nist-dnn,1,FFFFFF
bootstrap,2026-10-03T11:28:56.290599239Z,imsi-001010123456780,1,20261003T112721Z,,84,Periodic Reporting,1328940,0,1328940,1070,0,1070,94,nist-dnn,1,FFFFFF
bootstrap,2026-10-03T11:28:57.290074216Z,imsi-001010123456780,1,20261003T112721Z,,85,Periodic Reporting,1381104,0,1381104,1112,0,1112,95,nist-dnn,1,FFFFFF
bootstrap,2026-10-03T11:28:58.273597367Z,imsi-001010123456780,1,20261003T112721Z,,86,Periodic Reporting,1376136,0,1376136,1108,0,1108,96,nist-dnn,1,FFFFFF
bootstrap,2026-10-03T11:28:59.278848952Z,imsi-001010123456780,1,20261003T112721Z,,87,Periodic Reporting,1326456,0,1326456,1068,0,1068,97,nist-dnn,1,FFFFFF
bootstrap,2026-10-03T11:29:00.287152635Z,imsi-001010123456780,1,20261003T112721Z,,88,Periodic Reporting,1393524,0,1393524,1122,0,1122,98,nist-dnn,1,FFFFFF
bootstrap,2026-10-03T11:29:01.292163926Z,imsi-001010123456780,1,20261003T112721Z,,89,Periodic Reporting,1331424,0,1331424,1072,0,1072,99,nist-dnn,1,FFFFFF
bootstrap,2026-10-03T11:29:02.292827989Z,imsi-001010123456780,1,20261003T112721Z,,90,Periodic Reporting,1374894,0,1374894,1107,0,1107,100,nist-dnn,1,FFFFFF
bootstrap,2026-10-03T11:29:03.304897244Z,imsi-001010123456780,1,20261003T112721Z,,91,Periodic Reporting,1353780,0,1353780,1090,0,1090,101,nist-dnn,1,FFFFFF
bootstrap,2026-10-03T11:29:04.311301452Z,imsi-001010123456780,1,20261003T112721Z,,92,Periodic Reporting,1383588,0,1383588,1114,0,1114,102,nist-dnn,1,FFFFFF
bootstrap,2026-10-03T11:29:05.310043433Z,imsi-001010123456780,1,20261003T112721Z,,93,Periodic Reporting,1367442,0,1367442,1101,0,1101,103,nist-dnn,1,FFFFFF
bootstrap,2026-10-03T11:29:06.309671206Z,imsi-001010123456780,1,20261003T112721Z,,94,Periodic Reporting,1346328,0,1346328,1084,0,1084,104,nist-dnn,1,FFFFFF
bootstrap,2026-10-03T11:29:07.317333964Z,imsi-001010123456780,1,20261003T112721Z,,95,Periodic Reporting,1359990,0,1359990,1095,0,1095,105,nist-dnn,1,FFFFFF
bootstrap,2026-10-03T11:29:08.331701288Z,imsi-001010123456780,1,20261003T112721Z,,96,Periodic Reporting,1340118,0,1340118,1079,0,1079,106,nist-dnn,1,FFFFFF
bootstrap,2026-10-03T11:29:09.322183714Z,imsi-001010123456780,1,20261003T112721Z,,97,Periodic Reporting,1367442,0,1367442,1101,0,1101,107,nist-dnn,1,FFFFFF
bootstrap,2026-10-03T11:29:10.329803071Z,imsi-001010123456780,1,20261003T112721Z,,98,Periodic Reporting,1373652,0,1373652,1106,0,1106,108,nist-dnn,1,FFFFFF
bootstrap,2026-10-03T11:29:11.338190155Z,imsi-001010123456780,1,20261003T112721Z,,99,Periodic Reporting,1389798,0,1389798,1119,0,1119,109,nist-dnn,1,FFFFFF
bootstrap,2026-10-03T11:29:12.337532155Z,imsi-001010123456780,1,20261003T112721Z,,100,Periodic Reporting,1347570,0,1347570,1085,0,1085,110,nist-dnn,1,FFFFFF
bootstrap,2026-10-03T11:29:13.339258769Z,imsi-001010123456780,1,20261003T112721Z,,101,Periodic Reporting,1352538,0,1352538,1089,0,1089,111,nist-dnn,1,FFFFFF
bootstrap,2026-10-03T11:29:14.373278045Z,imsi-001010123456780,1,20261003T112721Z,,102,Periodic Reporting,1356264,0,1356264,1092,0,1092,112,nist-dnn,1,FFFFFF
bootstrap,2026-10-03T11:29:15.366253573Z,imsi-001010123456780,1,20261003T112721Z,,103,Periodic Reporting,1403511,123,1403634,1131,1,1132,113,nist-dnn,1,FFFFFF
bootstrap,2026-10-03T11:29:16.38619857Z,imsi-001010123456780,1,20261003T112721Z,,104,Periodic Reporting,1355022,0,1355022,1091,0,1091,114,nist-dnn,1,FFFFFF
bootstrap,2026-10-03T11:29:17.373014878Z,imsi-001010123456780,1,20261003T112721Z,,105,Periodic Reporting,1338876,0,1338876,1078,0,1078,115,nist-dnn,1,FFFFFF
bootstrap,2026-10-03T11:29:18.377892994Z,imsi-001010123456780,1,20261003T112721Z,,106,Periodic Reporting,1379862,0,1379862,1111,0,1111,116,nist-dnn,1,FFFFFF
bootstrap,2026-10-03T11:29:19.383141905Z,imsi-001010123456780,1,20261003T112721Z,,107,Periodic Reporting,1359990,0,1359990,1095,0,1095,117,nist-dnn,1,FFFFFF
bootstrap,2026-10-03T11:29:20.419916558Z,imsi-001010123456780,1,20261003T112721Z,,108,Periodic Reporting,1378620,0,1378620,1110,0,1110,118,nist-dnn,1,FFFFFF
bootstrap,2026-10-03T11:29:21.428889254Z,imsi-001010123456780,1,20261003T112721Z,,109,Periodic Reporting,1372410,0,1372410,1105,0,1105,119,nist-dnn,1,FFFFFF
bootstrap,2026-10-03T11:29:22.443876647Z,imsi-001010123456780,1,20261003T112721Z,,110,Periodic Reporting,1409670,0,1409670,1135,0,1135,120,nist-dnn,1,FFFFFF
bootstrap,2026-10-03T11:29:23.44565221Z,imsi-001010123456780,1,20261003T112721Z,,111,Periodic Reporting,1350054,0,1350054,1087,0,1087,121,nist-dnn,1,FFFFFF
bootstrap,2026-10-03T11:29:24.450827727Z,imsi-001010123456780,1,20261003T112721Z,,112,Periodic Reporting,1359990,0,1359990,1095,0,1095,122,nist-dnn,1,FFFFFF
bootstrap,2026-10-03T11:29:25.449536669Z,imsi-001010123456780,1,20261003T112721Z,,113,Periodic Reporting,1364958,0,1364958,1099,0,1099,123,nist-dnn,1,FFFFFF
bootstrap,2026-10-03T11:29:26.453500872Z,imsi-001010123456780,1,20261003T112721Z,,114,Periodic Reporting,1350054,0,1350054,1087,0,1087,124,nist-dnn,1,FFFFFF
bootstrap,2026-10-03T11:29:27.45970982Z,imsi-001010123456780,1,20261003T112721Z,,115,Periodic Reporting,1362474,0,1362474,1097,0,1097,126,nist-dnn,1,FFFFFF
bootstrap,2026-10-03T11:29:28.466927605Z,imsi-001010123456780,1,20261003T112721Z,,116,Periodic Reporting,1362474,0,1362474,1097,0,1097,127,nist-dnn,1,FFFFFF
bootstrap,2026-10-03T11:29:29.460908966Z,imsi-001010123456780,1,20261003T112721Z,,117,Periodic Reporting,1382346,0,1382346,1113,0,1113,128,nist-dnn,1,FFFFFF
bootstrap,2026-10-03T11:29:30.481448275Z,imsi-001010123456780,1,20261003T112721Z,,118,Periodic Reporting,1086750,0,1086750,875,0,875,129,nist-dnn,1,FFFFFF
bootstrap,2026-10-03T11:29:31.481954421Z,imsi-001010123456780,1,20261003T112721Z,,119,Periodic Reporting,1645650,0,1645650,1325,0,1325,130,nist-dnn,1,FFFFFF
bootstrap,2026-10-03T11:29:32.495152234Z,imsi-001010123456780,1,20261003T112721Z,,120,Periodic Reporting,1377378,0,1377378,1109,0,1109,131,nist-dnn,1,FFFFFF
bootstrap,2026-10-03T11:29:34.455900792Z,imsi-001010123456780,1,20261003T112721Z,,121,Periodic Reporting,174327,642,174969,143,3,146,132,nist-dnn,1,FFFFFF
bootstrap,2026-10-03T11:29:43.023987458Z,imsi-001010123456780,1,20261003T112721Z,,122,Periodic Reporting,0,1409,1409,0,2,2,141,nist-dnn,1,FFFFFF
bootstrap,2026-10-03T11:29:44.018620306Z,imsi-001010123456780,1,20261003T112721Z,,123,Periodic Reporting,0,1406884,1406884,0,1094,1094,142,nist-dnn,1,FFFFFF
bootstrap,2026-10-03T11:29:45.024397248Z,imsi-001010123456780,1,20261003T112721Z,,124,Periodic Reporting,0,1404312,1404312,0,1092,1092,143,nist-dnn,1,FFFFFF
bootstrap,2026-10-03T11:29:46.019098416Z,imsi-001010123456780,1,20261003T112721Z,,125,Periodic Reporting,0,1405598,1405598,0,1093,1093,144,nist-dnn,1,FFFFFF
bootstrap,2026-10-03T11:29:47.027843951Z,imsi-001010123456780,1,20261003T112721Z,,126,Periodic Reporting,0,1405598,1405598,0,1093,1093,145,nist-dnn,1,FFFFFF
bootstrap,2026-10-03T11:29:48.043946636Z,imsi-001010123456780,1,20261003T112721Z,,127,Periodic Reporting,0,1405598,1405598,0,1093,1093,146,nist-dnn,1,FFFFFF
bootstrap,2026-10-03T11:29:49.020080641Z,imsi-001010123456780,1,20261003T112721Z,,128,Periodic Reporting,0,1405598,1405598,0,1093,1093,147,nist-dnn,1,FFFFFF
bootstrap,2026-10-03T11:29:50.025262462Z,imsi-001010123456780,1,20261003T112721Z,,129,Periodic Reporting,0,1405598,1405598,0,1093,1093,148,nist-dnn,1,FFFFFF
bootstrap,2026-10-03T11:29:51.024838389Z,imsi-001010123456780,1,20261003T112721Z,,130,Periodic Reporting,0,1405598,1405598,0,1093,1093,149,nist-dnn,1,FFFFFF
bootstrap,2026-10-03T11:29:52.024816577Z,imsi-001010123456780,1,20261003T112721Z,,131,Periodic Reporting,0,1405598,1405598,0,1093,1093,150,nist-dnn,1,FFFFFF
bootstrap,2026-10-03T11:29:53.025717418Z,imsi-001010123456780,1,20261003T112721Z,,132,Periodic Reporting,0,1405598,1405598,0,1093,1093,151,nist-dnn,1,FFFFFF
bootstrap,2026-10-03T11:29:54.024552015Z,imsi-001010123456780,1,20261003T112721Z,,133,Periodic Reporting,0,1405598,1405598,0,1093,1093,152,nist-dnn,1,FFFFFF
bootstrap,2026-10-03T11:29:55.021607747Z,imsi-001010123456780,1,20261003T112721Z,,134,Periodic Reporting,51,1405721,1405772,1,1094,1095,153,nist-dnn,1,FFFFFF
bootstrap,2026-10-03T11:29:56.027997888Z,imsi-001010123456780,1,20261003T112721Z,,135,Periodic Reporting,0,1405598,1405598,0,1093,1093,154,nist-dnn,1,FFFFFF
bootstrap,2026-10-03T11:29:57.026213987Z,imsi-001010123456780,1,20261003T112721Z,,136,Periodic Reporting,0,1405598,1405598,0,1093,1093,155,nist-dnn,1,FFFFFF
bootstrap,2026-10-03T11:29:58.028670252Z,imsi-001010123456780,1,20261003T112721Z,,137,Periodic Reporting,0,1405598,1405598,0,1093,1093,156,nist-dnn,1,FFFFFF
bootstrap,2026-10-03T11:29:59.025553431Z,imsi-001010123456780,1,20261003T112721Z,,138,Periodic Reporting,0,1405598,1405598,0,1093,1093,157,nist-dnn,1,FFFFFF
bootstrap,2026-10-03T11:30:00.027246889Z,imsi-001010123456780,1,20261003T112721Z,,139,Periodic Reporting,0,1405598,1405598,0,1093,1093,158,nist-dnn,1,FFFFFF
bootstrap,2026-10-03T11:30:01.026861343Z,imsi-001010123456780,1,20261003T112721Z,,140,Periodic Reporting,0,1405598,1405598,0,1093,1093,159,nist-dnn,1,FFFFFF
bootstrap,2026-10-03T11:30:02.029552485Z,imsi-001010123456780,1,20261003T112721Z,,141,Periodic Reporting,0,1405598,1405598,0,1093,1093,160,nist-dnn,1,FFFFFF
bootstrap,2026-10-03T11:30:03.03091919Z,imsi-001010123456780,1,20261003T112721Z,,142,Periodic Reporting,0,1405598,1405598,0,1093,1093,161,nist-dnn,1,FFFFFF
bootstrap,2026-10-03T11:30:04.042593797Z,imsi-001010123456780,1,20261003T112721Z,,143,Periodic Reporting,0,1405598,1405598,0,1093,1093,162,nist-dnn,1,FFFFFF
bootstrap,2026-10-03T11:30:05.035620263Z,imsi-001010123456780,1,20261003T112721Z,,144,Periodic Reporting,0,1405598,1405598,0,1093,1093,163,nist-dnn,1,FFFFFF
bootstrap,2026-10-03T11:30:06.031684283Z,imsi-001010123456780,1,20261003T112721Z,,145,Periodic Reporting,0,1405598,1405598,0,1093,1093,164,nist-dnn,1,FFFFFF
bootstrap,2026-10-03T11:30:07.033891172Z,imsi-001010123456780,1,20261003T112721Z,,146,Periodic Reporting,0,1405598,1405598,0,1093,1093,165,nist-dnn,1,FFFFFF
bootstrap,2026-10-03T11:30:08.043188033Z,imsi-001010123456780,1,20261003T112721Z,,147,Periodic Reporting,0,1405598,1405598,0,1093,1093,166,nist-dnn,1,FFFFFF
bootstrap,2026-10-03T11:30:09.033970321Z,imsi-001010123456780,1,20261003T112721Z,,148,Periodic Reporting,0,1405598,1405598,0,1093,1093,167,nist-dnn,1,FFFFFF
bootstrap,2026-10-03T11:30:10.034329185Z,imsi-001010123456780,1,20261003T112721Z,,149,Periodic Reporting,0,1405598,1405598,0,1093,1093,168,nist-dnn,1,FFFFFF
bootstrap,2026-10-03T11:30:11.061960519Z,imsi-001010123456780,1,20261003T112721Z,,150,Periodic Reporting,0,1405598,1405598,0,1093,1093,169,nist-dnn,1,FFFFFF
bootstrap,2026-10-03T11:30:12.052094408Z,imsi-001010123456780,1,20261003T112721Z,,151,Periodic Reporting,0,1405598,1405598,0,1093,1093,170,nist-dnn,1,FFFFFF
bootstrap,2026-10-03T11:30:13.035639242Z,imsi-001010123456780,1,20261003T112721Z,,152,Periodic Reporting,0,1406884,1406884,0,1094,1094,171,nist-dnn,1,FFFFFF
bootstrap,2026-10-03T11:30:14.041271474Z,imsi-001010123456780,1,20261003T112721Z,,153,Periodic Reporting,0,1405598,1405598,0,1093,1093,172,nist-dnn,1,FFFFFF
bootstrap,2026-10-03T11:30:15.04178944Z,imsi-001010123456780,1,20261003T112721Z,,154,Periodic Reporting,51,1405721,1405772,1,1094,1095,173,nist-dnn,1,FFFFFF
bootstrap,2026-10-03T11:30:16.054224439Z,imsi-001010123456780,1,20261003T112721Z,,155,Periodic Reporting,0,1405598,1405598,0,1093,1093,174,nist-dnn,1,FFFFFF
bootstrap,2026-10-03T11:30:17.047782149Z,imsi-001010123456780,1,20261003T112721Z,,156,Periodic Reporting,0,1405598,1405598,0,1093,1093,175,nist-dnn,1,FFFFFF
bootstrap,2026-10-03T11:30:18.047223256Z,imsi-001010123456780,1,20261003T112721Z,,157,Periodic Reporting,0,1405598,1405598,0,1093,1093,176,nist-dnn,1,FFFFFF
bootstrap,2026-10-03T11:30:19.044025235Z,imsi-001010123456780,1,20261003T112721Z,,158,Periodic Reporting,0,1405598,1405598,0,1093,1093,177,nist-dnn,1,FFFFFF
bootstrap,2026-10-03T11:30:20.045260486Z,imsi-001010123456780,1,20261003T112721Z,,159,Periodic Reporting,0,1405598,1405598,0,1093,1093,178,nist-dnn,1,FFFFFF
bootstrap,2026-10-03T11:30:21.041283107Z,imsi-001010123456780,1,20261003T112721Z,,160,Periodic Reporting,0,1405598,1405598,0,1093,1093,179,nist-dnn,1,FFFFFF
bootstrap,2026-10-03T11:30:22.042632677Z,imsi-001010123456780,1,20261003T112721Z,,161,Periodic Reporting,0,1405598,1405598,0,1093,1093,180,nist-dnn,1,FFFFFF
bootstrap,2026-10-03T11:30:23.047174417Z,imsi-001010123456780,1,20261003T112721Z,,162,Periodic Reporting,0,1405598,1405598,0,1093,1093,181,nist-dnn,1,FFFFFF
bootstrap,2026-10-03T11:30:24.0590163Z,imsi-001010123456780,1,20261003T112721Z,,163,Periodic Reporting,0,1403026,1403026,0,1091,1091,182,nist-dnn,1,FFFFFF
bootstrap,2026-10-03T11:30:25.055407355Z,imsi-001010123456780,1,20261003T112721Z,,164,Periodic Reporting,0,1409456,1409456,0,1096,1096,183,nist-dnn,1,FFFFFF
bootstrap,2026-10-03T11:30:26.045546733Z,imsi-001010123456780,1,20261003T112721Z,,165,Periodic Reporting,0,1405598,1405598,0,1093,1093,184,nist-dnn,1,FFFFFF
bootstrap,2026-10-03T11:30:27.044521867Z,imsi-001010123456780,1,20261003T112721Z,,166,Periodic Reporting,0,1405598,1405598,0,1093,1093,185,nist-dnn,1,FFFFFF
bootstrap,2026-10-03T11:30:28.047148597Z,imsi-001010123456780,1,20261003T112721Z,,167,Periodic Reporting,0,1405598,1405598,0,1093,1093,186,nist-dnn,1,FFFFFF
bootstrap,2026-10-03T11:30:29.056626974Z,imsi-001010123456780,1,20261003T112721Z,,168,Periodic Reporting,0,1405598,1405598,0,1093,1093,187,nist-dnn,1,FFFFFF
bootstrap,2026-10-03T11:30:30.048206742Z,imsi-001010123456780,1,20261003T112721Z,,169,Periodic Reporting,0,1405598,1405598,0,1093,1093,188,nist-dnn,1,FFFFFF
bootstrap,2026-10-03T11:30:31.050855142Z,imsi-001010123456780,1,20261003T112721Z,,170,Periodic Reporting,0,1405598,1405598,0,1093,1093,189,nist-dnn,1,FFFFFF
bootstrap,2026-10-03T11:30:32.069412232Z,imsi-001010123456780,1,20261003T112721Z,,171,Periodic Reporting,0,1405598,1405598,0,1093,1093,190,nist-dnn,1,FFFFFF
bootstrap,2026-10-03T11:30:33.062645149Z,imsi-001010123456780,1,20261003T112721Z,,172,Periodic Reporting,0,1405598,1405598,0,1093,1093,191,nist-dnn,1,FFFFFF
bootstrap,2026-10-03T11:30:34.06827398Z,imsi-001010123456780,1,20261003T112721Z,,173,Periodic Reporting,0,1405598,1405598,0,1093,1093,192,nist-dnn,1,FFFFFF
bootstrap,2026-10-03T11:30:35.062640363Z,imsi-001010123456780,1,20261003T112721Z,,174,Periodic Reporting,51,1405721,1405772,1,1094,1095,193,nist-dnn,1,FFFFFF
bootstrap,2026-10-03T11:30:36.057995306Z,imsi-001010123456780,1,20261003T112721Z,,175,Periodic Reporting,0,1406884,1406884,0,1094,1094,194,nist-dnn,1,FFFFFF
bootstrap,2026-10-03T11:30:37.055249179Z,imsi-001010123456780,1,20261003T112721Z,,176,Periodic Reporting,0,1405598,1405598,0,1093,1093,195,nist-dnn,1,FFFFFF
bootstrap,2026-10-03T11:30:38.055113431Z,imsi-001010123456780,1,20261003T112721Z,,177,Periodic Reporting,0,1405598,1405598,0,1093,1093,196,nist-dnn,1,FFFFFF
bootstrap,2026-10-03T11:30:39.060592145Z,imsi-001010123456780,1,20261003T112721Z,,178,Periodic Reporting,0,1405598,1405598,0,1093,1093,197,nist-dnn,1,FFFFFF
bootstrap,2026-10-03T11:30:40.063074896Z,imsi-001010123456780,1,20261003T112721Z,,179,Periodic Reporting,0,1405598,1405598,0,1093,1093,198,nist-dnn,1,FFFFFF
bootstrap,2026-10-03T11:30:41.067810814Z,imsi-001010123456780,1,20261003T112721Z,,180,Periodic Reporting,0,1405598,1405598,0,1093,1093,199,nist-dnn,1,FFFFFF
bootstrap,2026-10-03T11:30:42.062811794Z,imsi-001010123456780,1,20261003T112721Z,,181,Periodic Reporting,0,1405598,1405598,0,1093,1093,200,nist-dnn,1,FFFFFF
bootstrap,2026-10-03T11:30:43.065094258Z,imsi-001010123456780,1,20261003T112721Z,,182,Periodic Reporting,0,1405598,1405598,0,1093,1093,201,nist-dnn,1,FFFFFF
bootstrap,2026-10-03T11:30:44.064613278Z,imsi-001010123456780,1,20261003T112721Z,,183,Periodic Reporting,0,1405598,1405598,0,1093,1093,202,nist-dnn,1,FFFFFF
bootstrap,2026-10-03T11:30:45.068572034Z,imsi-001010123456780,1,20261003T112721Z,,184,Periodic Reporting,0,1405598,1405598,0,1093,1093,203,nist-dnn,1,FFFFFF
bootstrap,2026-10-03T11:30:46.069416721Z,imsi-001010123456780,1,20261003T112721Z,,185,Periodic Reporting,0,1405598,1405598,0,1093,1093,204,nist-dnn,1,FFFFFF
bootstrap,2026-10-03T11:30:47.062210367Z,imsi-001010123456780,1,20261003T112721Z,,186,Periodic Reporting,0,1405598,1405598,0,1093,1093,205,nist-dnn,1,FFFFFF
bootstrap,2026-10-03T11:30:48.063186875Z,imsi-001010123456780,1,20261003T112721Z,,187,Periodic Reporting,0,1405598,1405598,0,1093,1093,206,nist-dnn,1,FFFFFF
bootstrap,2026-10-03T11:30:49.078294744Z,imsi-001010123456780,1,20261003T112721Z,,188,Periodic Reporting,0,1405598,1405598,0,1093,1093,207,nist-dnn,1,FFFFFF
bootstrap,2026-10-03T11:30:50.067535909Z,imsi-001010123456780,1,20261003T112721Z,,189,Periodic Reporting,0,1405598,1405598,0,1093,1093,208,nist-dnn,1,FFFFFF
bootstrap,2026-10-03T11:30:51.082641464Z,imsi-001010123456780,1,20261003T112721Z,,190,Periodic Reporting,0,1405598,1405598,0,1093,1093,209,nist-dnn,1,FFFFFF
bootstrap,2026-10-03T11:30:52.078275627Z,imsi-001010123456780,1,20261003T112721Z,,191,Periodic Reporting,0,1405598,1405598,0,1093,1093,210,nist-dnn,1,FFFFFF
bootstrap,2026-10-03T11:30:53.078864429Z,imsi-001010123456780,1,20261003T112721Z,,192,Periodic Reporting,0,1405598,1405598,0,1093,1093,211,nist-dnn,1,FFFFFF
bootstrap,2026-10-03T11:30:54.068532884Z,imsi-001010123456780,1,20261003T112721Z,,193,Periodic Reporting,0,1405598,1405598,0,1093,1093,212,nist-dnn,1,FFFFFF
bootstrap,2026-10-03T11:30:55.083157718Z,imsi-001010123456780,1,20261003T112721Z,,194,Periodic Reporting,51,1404435,1404486,1,1093,1094,213,nist-dnn,1,FFFFFF
bootstrap,2026-10-03T11:30:56.0717576Z,imsi-001010123456780,1,20261003T112721Z,,195,Periodic Reporting,0,1405598,1405598,0,1093,1093,214,nist-dnn,1,FFFFFF
bootstrap,2026-10-03T11:30:57.068440121Z,imsi-001010123456780,1,20261003T112721Z,,196,Periodic Reporting,0,1405598,1405598,0,1093,1093,215,nist-dnn,1,FFFFFF
bootstrap,2026-10-03T11:30:58.071507684Z,imsi-001010123456780,1,20261003T112721Z,,197,Periodic Reporting,0,1405598,1405598,0,1093,1093,216,nist-dnn,1,FFFFFF
bootstrap,2026-10-03T11:30:59.070837663Z,imsi-001010123456780,1,20261003T112721Z,,198,Periodic Reporting,0,1405598,1405598,0,1093,1093,217,nist-dnn,1,FFFFFF
bootstrap,2026-10-03T11:31:00.081220832Z,imsi-001010123456780,1,20261003T112721Z,,199,Periodic Reporting,0,1405598,1405598,0,1093,1093,218,nist-dnn,1,FFFFFF
bootstrap,2026-10-03T11:31:01.073111879Z,imsi-001010123456780,1,20261003T112721Z,,200,Periodic Reporting,0,1405598,1405598,0,1093,1093,219,nist-dnn,1,FFFFFF
bootstrap,2026-10-03T11:31:02.074950164Z,imsi-001010123456780,1,20261003T112721Z,,201,Periodic Reporting,0,1405598,1405598,0,1093,1093,220,nist-dnn,1,FFFFFF
bootstrap,2026-10-03T11:31:03.070052507Z,imsi-001010123456780,1,20261003T112721Z,,202,Periodic Reporting,0,1405598,1405598,0,1093,1093,221,nist-dnn,1,FFFFFF
bootstrap,2026-10-03T11:31:04.073893737Z,imsi-001010123456780,1,20261003T112721Z,,203,Periodic Reporting,0,1405598,1405598,0,1093,1093,222,nist-dnn,1,FFFFFF
bootstrap,2026-10-03T11:31:05.072096889Z,imsi-001010123456780,1,20261003T112721Z,,204,Periodic Reporting,0,1405598,1405598,0,1093,1093,223,nist-dnn,1,FFFFFF
bootstrap,2026-10-03T11:31:06.072658101Z,imsi-001010123456780,1,20261003T112721Z,,205,Periodic Reporting,0,1405598,1405598,0,1093,1093,224,nist-dnn,1,FFFFFF
bootstrap,2026-10-03T11:31:07.07869743Z,imsi-001010123456780,1,20261003T112721Z,,206,Periodic Reporting,0,1405598,1405598,0,1093,1093,225,nist-dnn,1,FFFFFF
bootstrap,2026-10-03T11:31:08.078672065Z,imsi-001010123456780,1,20261003T112721Z,,207,Periodic Reporting,0,1405598,1405598,0,1093,1093,226,nist-dnn,1,FFFFFF
bootstrap,2026-10-03T11:31:09.076989991Z,imsi-001010123456780,1,20261003T112721Z,,208,Periodic Reporting,0,1405598,1405598,0,1093,1093,227,nist-dnn,1,FFFFFF
bootstrap,2026-10-03T11:31:10.07452973Z,imsi-001010123456780,1,20261003T112721Z,,209,Periodic Reporting,0,1405598,1405598,0,1093,1093,228,nist-dnn,1,FFFFFF
bootstrap,2026-10-03T11:31:11.07809591Z,imsi-001010123456780,1,20261003T112721Z,,210,Periodic Reporting,0,1405598,1405598,0,1093,1093,229,nist-dnn,1,FFFFFF
bootstrap,2026-10-03T11:31:12.090578518Z,imsi-001010123456780,1,20261003T112721Z,,211,Periodic Reporting,0,1405598,1405598,0,1093,1093,230,nist-dnn,1,FFFFFF
bootstrap,2026-10-03T11:31:13.08692843Z,imsi-001010123456780,1,20261003T112721Z,,212,Periodic Reporting,0,1405598,1405598,0,1093,1093,231,nist-dnn,1,FFFFFF
bootstrap,2026-10-03T11:31:14.078019338Z,imsi-001010123456780,1,20261003T112721Z,,213,Periodic Reporting,0,1405598,1405598,0,1093,1093,232,nist-dnn,1,FFFFFF
bootstrap,2026-10-03T11:31:15.079090377Z,imsi-001010123456780,1,20261003T112721Z,,214,Periodic Reporting,51,1405721,1405772,1,1094,1095,233,nist-dnn,1,FFFFFF
bootstrap,2026-10-03T11:31:16.079163348Z,imsi-001010123456780,1,20261003T112721Z,,215,Periodic Reporting,0,1405598,1405598,0,1093,1093,234,nist-dnn,1,FFFFFF
bootstrap,2026-10-03T11:31:17.095429669Z,imsi-001010123456780,1,20261003T112721Z,,216,Periodic Reporting,0,1405598,1405598,0,1093,1093,235,nist-dnn,1,FFFFFF
bootstrap,2026-10-03T11:31:18.085202571Z,imsi-001010123456780,1,20261003T112721Z,,217,Periodic Reporting,0,1405598,1405598,0,1093,1093,236,nist-dnn,1,FFFFFF
bootstrap,2026-10-03T11:31:19.083010906Z,imsi-001010123456780,1,20261003T112721Z,,218,Periodic Reporting,0,1405598,1405598,0,1093,1093,237,nist-dnn,1,FFFFFF
bootstrap,2026-10-03T11:31:20.082915841Z,imsi-001010123456780,1,20261003T112721Z,,219,Periodic Reporting,0,1405598,1405598,0,1093,1093,238,nist-dnn,1,FFFFFF
bootstrap,2026-10-03T11:31:21.085741095Z,imsi-001010123456780,1,20261003T112721Z,,220,Periodic Reporting,0,1405598,1405598,0,1093,1093,239,nist-dnn,1,FFFFFF
bootstrap,2026-10-03T11:31:22.08516949Z,imsi-001010123456780,1,20261003T112721Z,,221,Periodic Reporting,0,1405598,1405598,0,1093,1093,240,nist-dnn,1,FFFFFF
bootstrap,2026-10-03T11:31:23.08423706Z,imsi-001010123456780,1,20261003T112721Z,,222,Periodic Reporting,0,1405598,1405598,0,1093,1093,241,nist-dnn,1,FFFFFF
bootstrap,2026-10-03T11:31:24.085336576Z,imsi-001010123456780,1,20261003T112721Z,,223,Periodic Reporting,0,1405598,1405598,0,1093,1093,242,nist-dnn,1,FFFFFF
bootstrap,2026-10-03T11:31:25.086135509Z,imsi-001010123456780,1,20261003T112721Z,,224,Periodic Reporting,0,1405598,1405598,0,1093,1093,243,nist-dnn,1,FFFFFF
bootstrap,2026-10-03T11:31:26.091583074Z,imsi-001010123456780,1,20261003T112721Z,,225,Periodic Reporting,0,1405598,1405598,0,1093,1093,244,nist-dnn,1,FFFFFF
bootstrap,2026-10-03T11:31:27.087270333Z,imsi-001010123456780,1,20261003T112721Z,,226,Periodic Reporting,0,1405598,1405598,0,1093,1093,245,nist-dnn,1,FFFFFF
bootstrap,2026-10-03T11:31:28.090572573Z,imsi-001010123456780,1,20261003T112721Z,,227,Periodic Reporting,0,1405598,1405598,0,1093,1093,246,nist-dnn,1,FFFFFF
bootstrap,2026-10-03T11:31:29.090458595Z,imsi-001010123456780,1,20261003T112721Z,,228,Periodic Reporting,0,1405598,1405598,0,1093,1093,247,nist-dnn,1,FFFFFF
bootstrap,2026-10-03T11:31:30.090007506Z,imsi-001010123456780,1,20261003T112721Z,,229,Periodic Reporting,0,1405598,1405598,0,1093,1093,248,nist-dnn,1,FFFFFF
bootstrap,2026-10-03T11:31:31.091191294Z,imsi-001010123456780,1,20261003T112721Z,,230,Periodic Reporting,0,1405598,1405598,0,1093,1093,249,nist-dnn,1,FFFFFF
bootstrap,2026-10-03T11:31:32.090969861Z,imsi-001010123456780,1,20261003T112721Z,,231,Periodic Reporting,0,1405598,1405598,0,1093,1093,250,nist-dnn,1,FFFFFF
bootstrap,2026-10-03T11:31:33.099396834Z,imsi-001010123456780,1,20261003T112721Z,,232,Periodic Reporting,0,1405598,1405598,0,1093,1093,251,nist-dnn,1,FFFFFF
bootstrap,2026-10-03T11:31:34.093248931Z,imsi-001010123456780,1,20261003T112721Z,,233,Periodic Reporting,0,1405598,1405598,0,1093,1093,252,nist-dnn,1,FFFFFF
bootstrap,2026-10-03T11:31:35.093280264Z,imsi-001010123456780,1,20261003T112721Z,,234,Periodic Reporting,51,1405721,1405772,1,1094,1095,253,nist-dnn,1,FFFFFF
bootstrap,2026-10-03T11:31:36.094885128Z,imsi-001010123456780,1,20261003T112721Z,,235,Periodic Reporting,0,1405598,1405598,0,1093,1093,254,nist-dnn,1,FFFFFF
bootstrap,2026-10-03T11:31:37.09810364Z,imsi-001010123456780,1,20261003T112721Z,,236,Periodic Reporting,0,1405598,1405598,0,1093,1093,255,nist-dnn,1,FFFFFF
bootstrap,2026-10-03T11:31:38.100969914Z,imsi-001010123456780,1,20261003T112721Z,,237,Periodic Reporting,0,1405598,1405598,0,1093,1093,256,nist-dnn,1,FFFFFF
bootstrap,2026-10-03T11:31:39.096933162Z,imsi-001010123456780,1,20261003T112721Z,,238,Periodic Reporting,0,1405598,1405598,0,1093,1093,257,nist-dnn,1,FFFFFF
bootstrap,2026-10-03T11:31:40.095077479Z,imsi-001010123456780,1,20261003T112721Z,,239,Periodic Reporting,0,1405598,1405598,0,1093,1093,258,nist-dnn,1,FFFFFF
bootstrap,2026-10-03T11:31:41.10246326Z,imsi-001010123456780,1,20261003T112721Z,,240,Periodic Reporting,0,1405598,1405598,0,1093,1093,259,nist-dnn,1,FFFFFF
bootstrap,2026-10-03T11:31:42.10619211Z,imsi-001010123456780,1,20261003T112721Z,,241,Periodic Reporting,0,1405598,1405598,0,1093,1093,260,nist-dnn,1,FFFFFF
bootstrap,2026-10-03T11:31:54.486989318Z,imsi-001010123456780,1,20261003T112721Z,,242,Periodic Reporting,561,1295486,1296047,4,1009,1013,273,nist-dnn,1,FFFFFF
bootstrap,2026-10-03T11:32:14.482638143Z,imsi-001010123456780,1,20261003T112721Z,,243,Periodic Reporting,51,123,174,1,1,2,293,nist-dnn,1,FFFFFF
bootstrap,2026-10-03T11:37:51.153558814Z,imsi-001010123456780,1000001791027471,20261003T113551Z,,999999999,Volume Threshold,100,100,200,1,1,2,120,nist-dnn,1,FFFFFF
bootstrap,2026-10-03T11:38:33.351230687Z,imsi-001010123456780,2,20261003T113817Z,,1,Periodic Reporting,51,0,51,1,0,1,16,nist-dnn,1,FFFFFF
bootstrap,2026-10-03T11:41:21.003813952Z,imsi-001010123456780,1000001791027680,20261003T113920Z,,999999999,Volume Threshold,100,100,200,1,1,2,120,nist-dnn,1,FFFFFF
bootstrap,2026-10-03T11:42:32.139164006Z,imsi-001010123456780,3,20261003T114217Z,,1,Periodic Reporting,51,0,51,1,0,1,15,nist-dnn,1,FFFFFF
bootstrap,2026-10-03T11:44:13.009212358Z,imsi-001010123456780,4,20261003T114311Z,,1,Periodic Reporting,1470,0,1470,1,0,1,61,nist-dnn,1,FFFFFF
bootstrap,2026-10-03T11:44:14.056458798Z,imsi-001010123456780,4,20261003T114311Z,,2,Periodic Reporting,14700,0,14700,10,0,10,62,nist-dnn,1,FFFFFF
bootstrap,2026-10-03T11:44:15.114015333Z,imsi-001010123456780,4,20261003T114311Z,,3,Periodic Reporting,13230,0,13230,9,0,9,63,nist-dnn,1,FFFFFF
bootstrap,2026-10-03T11:44:16.176299873Z,imsi-001010123456780,4,20261003T114311Z,,4,Periodic Reporting,13230,0,13230,9,0,9,64,nist-dnn,1,FFFFFF
bootstrap,2026-10-03T11:44:17.230696195Z,imsi-001010123456780,4,20261003T114311Z,,5,Periodic Reporting,13230,0,13230,9,0,9,65,nist-dnn,1,FFFFFF
bootstrap,2026-10-03T11:44:18.232812132Z,imsi-001010123456780,4,20261003T114311Z,,6,Periodic Reporting,19110,0,19110,13,0,13,66,nist-dnn,1,FFFFFF
bootstrap,2026-10-03T11:44:19.256521882Z,imsi-001010123456780,4,20261003T114311Z,,7,Periodic Reporting,149940,0,149940,102,0,102,67,nist-dnn,1,FFFFFF
bootstrap,2026-10-03T11:48:07.652989184Z,imsi-001010123456780,5,20261003T114753Z,,1,Periodic Reporting,51,0,51,1,0,1,14,nist-dnn,1,FFFFFF
bootstrap,2026-10-03T11:48:27.657316647Z,imsi-001010123456780,5,20261003T114753Z,,2,Periodic Reporting,51,123,174,1,1,2,34,nist-dnn,1,FFFFFF
bootstrap,2026-10-03T11:48:47.648854506Z,imsi-001010123456780,5,20261003T114753Z,,3,Periodic Reporting,51,123,174,1,1,2,54,nist-dnn,1,FFFFFF
bootstrap,2026-10-03T11:50:15.309537401Z,imsi-001010123456780,3,20261003T114959Z,,1,Periodic Reporting,51,0,51,1,0,1,16,nist-dnn,1,FFFFFF
bootstrap,2026-10-03T11:50:35.298384112Z,imsi-001010123456780,3,20261003T114959Z,,2,Periodic Reporting,51,123,174,1,1,2,36,nist-dnn,1,FFFFFF
bootstrap,2026-10-03T11:50:55.302563869Z,imsi-001010123456780,3,20261003T114959Z,,3,Periodic Reporting,51,123,174,1,1,2,56,nist-dnn,1,FFFFFF
bootstrap,2026-10-03T11:51:15.301784741Z,imsi-001010123456780,3,20261003T114959Z,,4,Periodic Reporting,51,123,174,1,1,2,76,nist-dnn,1,FFFFFF
bootstrap,2026-10-03T11:51:35.294368045Z,imsi-001010123456780,3,20261003T114959Z,,5,Periodic Reporting,51,123,174,1,1,2,96,nist-dnn,1,FFFFFF
bootstrap,2026-10-03T11:51:55.302379068Z,imsi-001010123456780,3,20261003T114959Z,,6,Periodic Reporting,51,123,174,1,1,2,116,nist-dnn,1,FFFFFF
bootstrap,2026-10-03T11:52:15.298183676Z,imsi-001010123456780,3,20261003T114959Z,,7,Periodic Reporting,51,123,174,1,1,2,136,nist-dnn,1,FFFFFF
bootstrap,2026-10-03T11:52:35.3096042Z,imsi-001010123456780,3,20261003T114959Z,,8,Periodic Reporting,51,123,174,1,1,2,156,nist-dnn,1,FFFFFF
bootstrap,2026-10-03T11:52:55.30327752Z,imsi-001010123456780,3,20261003T114959Z,,9,Periodic Reporting,51,123,174,1,1,2,176,nist-dnn,1,FFFFFF
bootstrap,2026-10-03T11:53:15.301645457Z,imsi-001010123456780,3,20261003T114959Z,,10,Periodic Reporting,51,123,174,1,1,2,196,nist-dnn,1,FFFFFF
bootstrap,2026-10-03T11:53:35.303242162Z,imsi-001010123456780,3,20261003T114959Z,,11,Periodic Reporting,51,123,174,1,1,2,216,nist-dnn,1,FFFFFF
bootstrap,2026-10-03T11:53:55.289577264Z,imsi-001010123456780,3,20261003T114959Z,,12,Periodic Reporting,51,123,174,1,1,2,236,nist-dnn,1,FFFFFF
bootstrap,2026-10-03T11:54:15.302637233Z,imsi-001010123456780,3,20261003T114959Z,,13,Periodic Reporting,51,123,174,1,1,2,256,nist-dnn,1,FFFFFF
bootstrap,2026-10-03T11:54:35.326616734Z,imsi-001010123456780,3,20261003T114959Z,,14,Periodic Reporting,51,123,174,1,1,2,276,nist-dnn,1,FFFFFF
bootstrap,2026-10-03T11:54:55.307554935Z,imsi-001010123456780,3,20261003T114959Z,,15,Periodic Reporting,51,123,174,1,1,2,296,nist-dnn,1,FFFFFF
bootstrap,2026-10-03T11:55:15.294185976Z,imsi-001010123456780,3,20261003T114959Z,,16,Periodic Reporting,51,123,174,1,1,2,316,nist-dnn,1,FFFFFF
bootstrap,2026-10-03T11:55:35.308392172Z,imsi-001010123456780,3,20261003T114959Z,,17,Periodic Reporting,51,123,174,1,1,2,336,nist-dnn,1,FFFFFF
bootstrap,2026-10-03T11:55:55.301544142Z,imsi-001010123456780,3,20261003T114959Z,,18,Periodic Reporting,51,123,174,1,1,2,356,nist-dnn,1,FFFFFF
bootstrap,2026-10-03T11:56:15.304446911Z,imsi-001010123456780,3,20261003T114959Z,,19,Periodic Reporting,51,123,174,1,1,2,376,nist-dnn,1,FFFFFF
bootstrap,2026-10-03T11:56:35.290058341Z,imsi-001010123456780,4,20261003T115634Z,,1,Periodic Reporting,51,0,51,1,0,1,1,nist-dnn,1,FFFFFF
bootstrap,2026-10-03T11:56:55.3055357Z,imsi-001010123456780,4,20261003T115634Z,,2,Periodic Reporting,51,123,174,1,1,2,21,nist-dnn,1,FFFFFF
bootstrap,2026-10-03T11:57:15.303143594Z,imsi-001010123456780,4,20261003T115634Z,,3,Periodic Reporting,51,123,174,1,1,2,41,nist-dnn,1,FFFFFF
bootstrap,2026-10-03T11:57:35.294927395Z,imsi-001010123456780,4,20261003T115634Z,,4,Periodic Reporting,51,123,174,1,1,2,61,nist-dnn,1,FFFFFF
bootstrap,2026-10-03T11:57:55.312537505Z,imsi-001010123456780,4,20261003T115634Z,,5,Periodic Reporting,51,123,174,1,1,2,81,nist-dnn,1,FFFFFF
bootstrap,2026-10-03T11:58:15.303646477Z,imsi-001010123456780,4,20261003T115634Z,,6,Periodic Reporting,51,123,174,1,1,2,101,nist-dnn,1,FFFFFF
bootstrap,2026-10-03T11:58:35.28648904Z,imsi-001010123456780,4,20261003T115634Z,,7,Periodic Reporting,51,123,174,1,1,2,121,nist-dnn,1,FFFFFF
bootstrap,2026-10-03T11:58:55.305260273Z,imsi-001010123456780,4,20261003T115634Z,,8,Periodic Reporting,51,123,174,1,1,2,141,nist-dnn,1,FFFFFF
bootstrap,2026-10-03T11:59:15.310464431Z,imsi-001010123456780,4,20261003T115634Z,,9,Periodic Reporting,51,123,174,1,1,2,161,nist-dnn,1,FFFFFF
bootstrap,2026-10-03T11:59:35.314282435Z,imsi-001010123456780,4,20261003T115634Z,,10,Periodic Reporting,51,123,174,1,1,2,181,nist-dnn,1,FFFFFF
bootstrap,2026-10-03T11:59:55.307671145Z,imsi-001010123456780,4,20261003T115634Z,,11,Periodic Reporting,51,123,174,1,1,2,201,nist-dnn,1,FFFFFF
bootstrap,2026-10-03T12:00:15.308992495Z,imsi-001010123456780,4,20261003T115634Z,,12,Periodic Reporting,51,123,174,1,1,2,221,nist-dnn,1,FFFFFF
bootstrap,2026-10-03T12:00:35.306888201Z,imsi-001010123456780,4,20261003T115634Z,,13,Periodic Reporting,51,123,174,1,1,2,241,nist-dnn,1,FFFFFF
bootstrap,2026-10-03T12:00:55.301414883Z,imsi-001010123456780,4,20261003T115634Z,,14,Periodic Reporting,51,123,174,1,1,2,261,nist-dnn,1,FFFFFF
bootstrap,2026-10-03T12:01:15.318450064Z,imsi-001010123456780,4,20261003T115634Z,,15,Periodic Reporting,51,123,174,1,1,2,281,nist-dnn,1,FFFFFF
bootstrap,2026-10-03T12:01:35.306797349Z,imsi-001010123456780,4,20261003T115634Z,,16,Periodic Reporting,51,123,174,1,1,2,301,nist-dnn,1,FFFFFF
bootstrap,2026-10-03T12:01:55.306764037Z,imsi-001010123456780,4,20261003T115634Z,,17,Periodic Reporting,51,123,174,1,1,2,321,nist-dnn,1,FFFFFF
bootstrap,2026-10-03T12:02:15.315661996Z,imsi-001010123456780,4,20261003T115634Z,,18,Periodic Reporting,51,123,174,1,1,2,341,nist-dnn,1,FFFFFF
bootstrap,2026-10-03T12:02:35.285740453Z,imsi-001010123456780,4,20261003T115634Z,,19,Periodic Reporting,51,123,174,1,1,2,361,nist-dnn,1,FFFFFF
bootstrap,2026-10-03T12:02:55.309200993Z,imsi-001010123456780,4,20261003T115634Z,,20,Periodic Reporting,51,123,174,1,1,2,381,nist-dnn,1,FFFFFF
bootstrap,2026-10-03T12:03:15.315767035Z,imsi-001010123456780,4,20261003T115634Z,,21,Periodic Reporting,51,123,174,1,1,2,401,nist-dnn,1,FFFFFF
bootstrap,2026-10-03T12:03:35.30896118Z,imsi-001010123456780,4,20261003T115634Z,,22,Periodic Reporting,51,123,174,1,1,2,421,nist-dnn,1,FFFFFF
bootstrap,2026-10-03T12:03:55.308096626Z,imsi-001010123456780,4,20261003T115634Z,,23,Periodic Reporting,51,123,174,1,1,2,441,nist-dnn,1,FFFFFF
bootstrap,2026-10-03T12:04:15.3197468Z,imsi-001010123456780,4,20261003T115634Z,,24,Periodic Reporting,51,123,174,1,1,2,461,nist-dnn,1,FFFFFF
bootstrap,2026-10-03T12:04:35.307241269Z,imsi-001010123456780,4,20261003T115634Z,,25,Periodic Reporting,51,123,174,1,1,2,481,nist-dnn,1,FFFFFF
bootstrap,2026-10-03T12:04:55.313923634Z,imsi-001010123456780,4,20261003T115634Z,,26,Periodic Reporting,51,123,174,1,1,2,501,nist-dnn,1,FFFFFF
bootstrap,2026-10-03T12:05:15.309829873Z,imsi-001010123456780,4,20261003T115634Z,,27,Periodic Reporting,51,123,174,1,1,2,521,nist-dnn,1,FFFFFF
bootstrap,2026-10-03T12:05:35.319818596Z,imsi-001010123456780,4,20261003T115634Z,,28,Periodic Reporting,51,123,174,1,1,2,541,nist-dnn,1,FFFFFF
bootstrap,2026-10-03T12:05:55.313551507Z,imsi-001010123456780,4,20261003T115634Z,,29,Periodic Reporting,51,123,174,1,1,2,561,nist-dnn,1,FFFFFF
bootstrap,2026-10-03T12:06:15.300353625Z,imsi-001010123456780,4,20261003T115634Z,,30,Periodic Reporting,51,123,174,1,1,2,581,nist-dnn,1,FFFFFF
bootstrap,2026-10-03T12:06:35.310203561Z,imsi-001010123456780,4,20261003T115634Z,,31,Periodic Reporting,51,123,174,1,1,2,601,nist-dnn,1,FFFFFF
bootstrap,2026-10-03T12:06:55.287427895Z,imsi-001010123456780,4,20261003T115634Z,,32,Periodic Reporting,51,123,174,1,1,2,621,nist-dnn,1,FFFFFF
bootstrap,2026-10-03T12:07:15.310602344Z,imsi-001010123456780,4,20261003T115634Z,,33,Periodic Reporting,51,123,174,1,1,2,641,nist-dnn,1,FFFFFF
bootstrap,2026-10-03T12:07:35.319844916Z,imsi-001010123456780,4,20261003T115634Z,,34,Periodic Reporting,51,123,174,1,1,2,661,nist-dnn,1,FFFFFF
bootstrap,2026-10-03T12:07:55.313214315Z,imsi-001010123456780,4,20261003T115634Z,,35,Periodic Reporting,51,123,174,1,1,2,681,nist-dnn,1,FFFFFF
bootstrap,2026-10-03T12:08:15.313066737Z,imsi-001010123456780,4,20261003T115634Z,,36,Periodic Reporting,51,123,174,1,1,2,701,nist-dnn,1,FFFFFF
bootstrap,2026-10-03T12:08:35.316522038Z,imsi-001010123456780,4,20261003T115634Z,,37,Periodic Reporting,51,123,174,1,1,2,721,nist-dnn,1,FFFFFF
bootstrap,2026-10-03T12:08:55.320895163Z,imsi-001010123456780,4,20261003T115634Z,,38,Periodic Reporting,51,123,174,1,1,2,741,nist-dnn,1,FFFFFF
bootstrap,2026-10-03T12:09:15.311406997Z,imsi-001010123456780,4,20261003T115634Z,,39,Periodic Reporting,51,123,174,1,1,2,761,nist-dnn,1,FFFFFF
bootstrap,2026-10-03T12:09:35.313115104Z,imsi-001010123456780,4,20261003T115634Z,,40,Periodic Reporting,51,123,174,1,1,2,781,nist-dnn,1,FFFFFF
bootstrap,2026-10-03T12:09:55.317718597Z,imsi-001010123456780,4,20261003T115634Z,,41,Periodic Reporting,51,123,174,1,1,2,801,nist-dnn,1,FFFFFF
bootstrap,2026-10-03T12:10:15.312629895Z,imsi-001010123456780,4,20261003T115634Z,,42,Periodic Reporting,51,123,174,1,1,2,821,nist-dnn,1,FFFFFF
bootstrap,2026-10-03T12:10:35.315874896Z,imsi-001010123456780,4,20261003T115634Z,,43,Periodic Reporting,51,123,174,1,1,2,841,nist-dnn,1,FFFFFF
bootstrap,2026-10-03T12:10:55.298854739Z,imsi-001010123456780,4,20261003T115634Z,,44,Periodic Reporting,51,123,174,1,1,2,861,nist-dnn,1,FFFFFF
bootstrap,2026-10-03T12:11:15.318335604Z,imsi-001010123456780,4,20261003T115634Z,,45,Periodic Reporting,51,123,174,1,1,2,881,nist-dnn,1,FFFFFF
bootstrap,2026-10-03T12:11:35.315758292Z,imsi-001010123456780,4,20261003T115634Z,,46,Periodic Reporting,51,123,174,1,1,2,901,nist-dnn,1,FFFFFF
bootstrap,2026-10-03T12:11:55.314290358Z,imsi-001010123456780,4,20261003T115634Z,,47,Periodic Reporting,51,123,174,1,1,2,921,nist-dnn,1,FFFFFF
bootstrap,2026-10-03T12:12:15.322485515Z,imsi-001010123456780,4,20261003T115634Z,,48,Periodic Reporting,51,123,174,1,1,2,941,nist-dnn,1,FFFFFF
bootstrap,2026-10-03T12:12:35.325231034Z,imsi-001010123456780,4,20261003T115634Z,,49,Periodic Reporting,51,123,174,1,1,2,961,nist-dnn,1,FFFFFF
bootstrap,2026-10-03T12:12:55.315230339Z,imsi-001010123456780,4,20261003T115634Z,,50,Periodic Reporting,51,123,174,1,1,2,981,nist-dnn,1,FFFFFF
bootstrap,2026-10-03T12:13:15.321174232Z,imsi-001010123456780,4,20261003T115634Z,,51,Periodic Reporting,51,123,174,1,1,2,1001,nist-dnn,1,FFFFFF
bootstrap,2026-10-03T12:13:35.316898971Z,imsi-001010123456780,4,20261003T115634Z,,52,Periodic Reporting,51,123,174,1,1,2,1021,nist-dnn,1,FFFFFF
bootstrap,2026-10-03T12:13:55.327761821Z,imsi-001010123456780,4,20261003T115634Z,,53,Periodic Reporting,51,123,174,1,1,2,1041,nist-dnn,1,FFFFFF
bootstrap,2026-10-03T12:14:15.314046793Z,imsi-001010123456780,4,20261003T115634Z,,54,Periodic Reporting,51,123,174,1,1,2,1061,nist-dnn,1,FFFFFF
bootstrap,2026-10-03T12:14:35.316854581Z,imsi-001010123456780,4,20261003T115634Z,,55,Periodic Reporting,51,123,174,1,1,2,1081,nist-dnn,1,FFFFFF
bootstrap,2026-10-03T12:14:55.321694154Z,imsi-001010123456780,4,20261003T115634Z,,56,Periodic Reporting,51,123,174,1,1,2,1101,nist-dnn,1,FFFFFF
bootstrap,2026-10-03T12:15:15.321399441Z,imsi-001010123456780,4,20261003T115634Z,,57,Periodic Reporting,51,123,174,1,1,2,1121,nist-dnn,1,FFFFFF
bootstrap,2026-10-03T12:15:35.314672613Z,imsi-001010123456780,4,20261003T115634Z,,58,Periodic Reporting,51,123,174,1,1,2,1141,nist-dnn,1,FFFFFF
bootstrap,2026-10-03T12:15:55.324937701Z,imsi-001010123456780,4,20261003T115634Z,,59,Periodic Reporting,51,123,174,1,1,2,1161,nist-dnn,1,FFFFFF
bootstrap,2026-10-03T12:16:15.305894673Z,imsi-001010123456780,4,20261003T115634Z,,60,Periodic Reporting,51,123,174,1,1,2,1181,nist-dnn,1,FFFFFF
bootstrap,2026-10-03T12:16:35.322474627Z,imsi-001010123456780,4,20261003T115634Z,,61,Periodic Reporting,51,123,174,1,1,2,1201,nist-dnn,1,FFFFFF
bootstrap,2026-10-03T12:16:55.303065708Z,imsi-001010123456780,4,20261003T115634Z,,62,Periodic Reporting,51,123,174,1,1,2,1221,nist-dnn,1,FFFFFF
bootstrap,2026-10-03T12:17:15.321518381Z,imsi-001010123456780,4,20261003T115634Z,,63,Periodic Reporting,51,123,174,1,1,2,1241,nist-dnn,1,FFFFFF
bootstrap,2026-10-03T12:17:35.325914845Z,imsi-001010123456780,4,20261003T115634Z,,64,Periodic Reporting,51,123,174,1,1,2,1261,nist-dnn,1,FFFFFF
bootstrap,2026-10-03T12:17:55.331271223Z,imsi-001010123456780,4,20261003T115634Z,,65,Periodic Reporting,51,123,174,1,1,2,1281,nist-dnn,1,FFFFFF
bootstrap,2026-10-03T12:18:15.342353194Z,imsi-001010123456780,4,20261003T115634Z,,66,Periodic Reporting,51,123,174,1,1,2,1301,nist-dnn,1,FFFFFF
bootstrap,2026-10-03T12:18:35.312325075Z,imsi-001010123456780,4,20261003T115634Z,,67,Periodic Reporting,51,123,174,1,1,2,1321,nist-dnn,1,FFFFFF
bootstrap,2026-10-03T12:18:55.317152796Z,imsi-001010123456780,4,20261003T115634Z,,68,Periodic Reporting,51,123,174,1,1,2,1341,nist-dnn,1,FFFFFF
bootstrap,2026-10-03T12:19:15.331315455Z,imsi-001010123456780,4,20261003T115634Z,,69,Periodic Reporting,51,123,174,1,1,2,1361,nist-dnn,1,FFFFFF
bootstrap,2026-10-03T12:19:35.327249442Z,imsi-001010123456780,4,20261003T115634Z,,70,Periodic Reporting,51,123,174,1,1,2,1381,nist-dnn,1,FFFFFF
bootstrap,2026-10-03T12:19:55.320983088Z,imsi-001010123456780,4,20261003T115634Z,,71,Periodic Reporting,51,123,174,1,1,2,1401,nist-dnn,1,FFFFFF
bootstrap,2026-10-03T12:20:15.329749558Z,imsi-001010123456780,4,20261003T115634Z,,72,Periodic Reporting,51,123,174,1,1,2,1421,nist-dnn,1,FFFFFF
bootstrap,2026-10-03T12:20:35.31042427Z,imsi-001010123456780,4,20261003T115634Z,,73,Periodic Reporting,51,123,174,1,1,2,1441,nist-dnn,1,FFFFFF
bootstrap,2026-10-03T12:20:55.308252426Z,imsi-001010123456780,4,20261003T115634Z,,74,Periodic Reporting,51,123,174,1,1,2,1461,nist-dnn,1,FFFFFF
bootstrap,2026-10-03T12:21:15.337496686Z,imsi-001010123456780,4,20261003T115634Z,,75,Periodic Reporting,51,123,174,1,1,2,1481,nist-dnn,1,FFFFFF
bootstrap,2026-10-03T12:21:35.337252186Z,imsi-001010123456780,4,20261003T115634Z,,76,Periodic Reporting,51,123,174,1,1,2,1501,nist-dnn,1,FFFFFF
bootstrap,2026-10-03T12:21:55.334814833Z,imsi-001010123456780,4,20261003T115634Z,,77,Periodic Reporting,51,123,174,1,1,2,1521,nist-dnn,1,FFFFFF
bootstrap,2026-10-03T12:22:15.32114947Z,imsi-001010123456780,4,20261003T115634Z,,78,Periodic Reporting,51,123,174,1,1,2,1541,nist-dnn,1,FFFFFF
bootstrap,2026-10-03T12:22:35.334988245Z,imsi-001010123456780,4,20261003T115634Z,,79,Periodic Reporting,51,123,174,1,1,2,1561,nist-dnn,1,FFFFFF
bootstrap,2026-10-03T12:22:55.320347945Z,imsi-001010123456780,4,20261003T115634Z,,80,Periodic Reporting,51,123,174,1,1,2,1581,nist-dnn,1,FFFFFF
bootstrap,2026-10-03T12:23:15.329120543Z,imsi-001010123456780,4,20261003T115634Z,,81,Periodic Reporting,51,123,174,1,1,2,1601,nist-dnn,1,FFFFFF
bootstrap,2026-10-03T12:23:35.301941931Z,imsi-001010123456780,4,20261003T115634Z,,82,Periodic Reporting,51,123,174,1,1,2,1621,nist-dnn,1,FFFFFF
bootstrap,2026-10-03T12:23:55.327430985Z,imsi-001010123456780,4,20261003T115634Z,,83,Periodic Reporting,51,123,174,1,1,2,1641,nist-dnn,1,FFFFFF
bootstrap,2026-10-03T12:24:15.335987612Z,imsi-001010123456780,4,20261003T115634Z,,84,Periodic Reporting,51,123,174,1,1,2,1661,nist-dnn,1,FFFFFF
bootstrap,2026-10-03T12:24:35.304482019Z,imsi-001010123456780,4,20261003T115634Z,,85,Periodic Reporting,51,123,174,1,1,2,1681,nist-dnn,1,FFFFFF
bootstrap,2026-10-03T12:24:55.339421073Z,imsi-001010123456780,4,20261003T115634Z,,86,Periodic Reporting,51,123,174,1,1,2,1701,nist-dnn,1,FFFFFF
bootstrap,2026-10-03T12:25:15.33112742Z,imsi-001010123456780,4,20261003T115634Z,,87,Periodic Reporting,51,123,174,1,1,2,1721,nist-dnn,1,FFFFFF
bootstrap,2026-10-03T12:25:35.331064274Z,imsi-001010123456780,4,20261003T115634Z,,88,Periodic Reporting,51,123,174,1,1,2,1741,nist-dnn,1,FFFFFF
bootstrap,2026-10-03T12:25:55.330822628Z,imsi-001010123456780,4,20261003T115634Z,,89,Periodic Reporting,51,123,174,1,1,2,1761,nist-dnn,1,FFFFFF
bootstrap,2026-10-03T12:26:15.329980676Z,imsi-001010123456780,4,20261003T115634Z,,90,Periodic Reporting,51,123,174,1,1,2,1781,nist-dnn,1,FFFFFF
bootstrap,2026-10-03T12:26:35.310227188Z,imsi-001010123456780,4,20261003T115634Z,,91,Periodic Reporting,51,123,174,1,1,2,1801,nist-dnn,1,FFFFFF
bootstrap,2026-10-03T12:26:55.337743176Z,imsi-001010123456780,4,20261003T115634Z,,92,Periodic Reporting,51,123,174,1,1,2,1821,nist-dnn,1,FFFFFF
bootstrap,2026-10-03T12:27:15.338364879Z,imsi-001010123456780,4,20261003T115634Z,,93,Periodic Reporting,51,123,174,1,1,2,1841,nist-dnn,1,FFFFFF
bootstrap,2026-10-03T12:27:35.336230941Z,imsi-001010123456780,4,20261003T115634Z,,94,Periodic Reporting,51,123,174,1,1,2,1861,nist-dnn,1,FFFFFF
bootstrap,2026-10-03T12:27:55.337603544Z,imsi-001010123456780,4,20261003T115634Z,,95,Periodic Reporting,51,123,174,1,1,2,1881,nist-dnn,1,FFFFFF
bootstrap,2026-10-03T12:28:15.335171822Z,imsi-001010123456780,4,20261003T115634Z,,96,Periodic Reporting,51,123,174,1,1,2,1901,nist-dnn,1,FFFFFF
bootstrap,2026-10-03T12:28:35.344260837Z,imsi-001010123456780,4,20261003T115634Z,,97,Periodic Reporting,51,123,174,1,1,2,1921,nist-dnn,1,FFFFFF
bootstrap,2026-10-03T12:28:55.334532587Z,imsi-001010123456780,4,20261003T115634Z,,98,Periodic Reporting,51,123,174,1,1,2,1941,nist-dnn,1,FFFFFF
bootstrap,2026-10-03T12:29:15.331018753Z,imsi-001010123456780,4,20261003T115634Z,,99,Periodic Reporting,51,123,174,1,1,2,1961,nist-dnn,1,FFFFFF
bootstrap,2026-10-03T12:29:35.33510645Z,imsi-001010123456780,4,20261003T115634Z,,100,Periodic Reporting,51,123,174,1,1,2,1981,nist-dnn,1,FFFFFF
bootstrap,2026-10-03T12:29:55.337835679Z,imsi-001010123456780,4,20261003T115634Z,,101,Periodic Reporting,51,123,174,1,1,2,2001,nist-dnn,1,FFFFFF
bootstrap,2026-10-03T12:30:15.327089188Z,imsi-001010123456780,4,20261003T115634Z,,102,Periodic Reporting,51,123,174,1,1,2,2021,nist-dnn,1,FFFFFF
bootstrap,2026-10-03T12:30:35.338369356Z,imsi-001010123456780,4,20261003T115634Z,,103,Periodic Reporting,51,123,174,1,1,2,2041,nist-dnn,1,FFFFFF
bootstrap,2026-10-03T12:30:55.344309246Z,imsi-001010123456780,4,20261003T115634Z,,104,Periodic Reporting,51,123,174,1,1,2,2061,nist-dnn,1,FFFFFF
bootstrap,2026-10-03T12:31:15.335840646Z,imsi-001010123456780,4,20261003T115634Z,,105,Periodic Reporting,51,123,174,1,1,2,2081,nist-dnn,1,FFFFFF
bootstrap,2026-10-03T12:31:35.340003173Z,imsi-001010123456780,4,20261003T115634Z,,106,Periodic Reporting,51,123,174,1,1,2,2101,nist-dnn,1,FFFFFF
bootstrap,2026-10-03T12:31:55.343232231Z,imsi-001010123456780,4,20261003T115634Z,,107,Periodic Reporting,51,123,174,1,1,2,2121,nist-dnn,1,FFFFFF
bootstrap,2026-10-03T12:32:15.314446897Z,imsi-001010123456780,4,20261003T115634Z,,108,Periodic Reporting,51,123,174,1,1,2,2141,nist-dnn,1,FFFFFF
bootstrap,2026-10-03T12:32:35.341114931Z,imsi-001010123456780,4,20261003T115634Z,,109,Periodic Reporting,51,123,174,1,1,2,2161,nist-dnn,1,FFFFFF
bootstrap,2026-10-03T12:32:55.342347095Z,imsi-001010123456780,4,20261003T115634Z,,110,Periodic Reporting,51,123,174,1,1,2,2181,nist-dnn,1,FFFFFF
bootstrap,2026-10-03T12:33:15.335471487Z,imsi-001010123456780,4,20261003T115634Z,,111,Periodic Reporting,51,123,174,1,1,2,2201,nist-dnn,1,FFFFFF
bootstrap,2026-10-03T12:33:35.337540078Z,imsi-001010123456780,4,20261003T115634Z,,112,Periodic Reporting,51,123,174,1,1,2,2221,nist-dnn,1,FFFFFF
bootstrap,2026-10-03T12:33:55.325235725Z,imsi-001010123456780,4,20261003T115634Z,,113,Periodic Reporting,51,123,174,1,1,2,2241,nist-dnn,1,FFFFFF
bootstrap,2026-10-03T12:34:15.329612398Z,imsi-001010123456780,4,20261003T115634Z,,114,Periodic Reporting,51,123,174,1,1,2,2261,nist-dnn,1,FFFFFF
bootstrap,2026-10-03T12:34:35.340908606Z,imsi-001010123456780,4,20261003T115634Z,,115,Periodic Reporting,51,123,174,1,1,2,2281,nist-dnn,1,FFFFFF
bootstrap,2026-10-03T12:34:55.341088669Z,imsi-001010123456780,4,20261003T115634Z,,116,Periodic Reporting,51,123,174,1,1,2,2301,nist-dnn,1,FFFFFF
bootstrap,2026-10-03T12:35:15.345581106Z,imsi-001010123456780,4,20261003T115634Z,,117,Periodic Reporting,51,123,174,1,1,2,2321,nist-dnn,1,FFFFFF
bootstrap,2026-10-03T12:35:35.344189227Z,imsi-001010123456780,4,20261003T115634Z,,118,Periodic Reporting,51,123,174,1,1,2,2341,nist-dnn,1,FFFFFF
bootstrap,2026-10-03T12:35:55.347461324Z,imsi-001010123456780,4,20261003T115634Z,,119,Periodic Reporting,51,123,174,1,1,2,2361,nist-dnn,1,FFFFFF
bootstrap,2026-10-03T12:36:15.331800894Z,imsi-001010123456780,4,20261003T115634Z,,120,Periodic Reporting,51,123,174,1,1,2,2381,nist-dnn,1,FFFFFF
bootstrap,2026-10-03T12:36:35.344227505Z,imsi-001010123456780,4,20261003T115634Z,,121,Periodic Reporting,51,123,174,1,1,2,2401,nist-dnn,1,FFFFFF
bootstrap,2026-10-03T12:36:55.33980918Z,imsi-001010123456780,4,20261003T115634Z,,122,Periodic Reporting,51,123,174,1,1,2,2421,nist-dnn,1,FFFFFF
bootstrap,2026-10-03T12:37:15.351447278Z,imsi-001010123456780,4,20261003T115634Z,,123,Periodic Reporting,51,123,174,1,1,2,2441,nist-dnn,1,FFFFFF
bootstrap,2026-10-03T12:37:35.344339494Z,imsi-001010123456780,4,20261003T115634Z,,124,Periodic Reporting,51,123,174,1,1,2,2461,nist-dnn,1,FFFFFF
bootstrap,2026-10-03T12:37:55.358614288Z,imsi-001010123456780,4,20261003T115634Z,,125,Periodic Reporting,51,123,174,1,1,2,2481,nist-dnn,1,FFFFFF
bootstrap,2026-10-03T12:38:15.350151781Z,imsi-001010123456780,4,20261003T115634Z,,126,Periodic Reporting,51,123,174,1,1,2,2501,nist-dnn,1,FFFFFF
bootstrap,2026-10-03T12:38:35.357275839Z,imsi-001010123456780,4,20261003T115634Z,,127,Periodic Reporting,51,123,174,1,1,2,2521,nist-dnn,1,FFFFFF
bootstrap,2026-10-03T12:38:55.373605274Z,imsi-001010123456780,4,20261003T115634Z,,128,Periodic Reporting,51,123,174,1,1,2,2541,nist-dnn,1,FFFFFF
bootstrap,2026-10-03T12:39:15.35819721Z,imsi-001010123456780,4,20261003T115634Z,,129,Periodic Reporting,51,123,174,1,1,2,2561,nist-dnn,1,FFFFFF
bootstrap,2026-10-03T12:39:35.351006524Z,imsi-001010123456780,4,20261003T115634Z,,130,Periodic Reporting,51,123,174,1,1,2,2581,nist-dnn,1,FFFFFF
bootstrap,2026-10-03T12:39:55.35406662Z,imsi-001010123456780,4,20261003T115634Z,,131,Periodic Reporting,51,123,174,1,1,2,2601,nist-dnn,1,FFFFFF
bootstrap,2026-10-03T12:40:15.345705794Z,imsi-001010123456780,4,20261003T115634Z,,132,Periodic Reporting,51,123,174,1,1,2,2621,nist-dnn,1,FFFFFF
bootstrap,2026-10-03T12:40:35.351638881Z,imsi-001010123456780,4,20261003T115634Z,,133,Periodic Reporting,51,123,174,1,1,2,2641,nist-dnn,1,FFFFFF
bootstrap,2026-10-03T12:40:55.342351062Z,imsi-001010123456780,4,20261003T115634Z,,134,Periodic Reporting,51,123,174,1,1,2,2661,nist-dnn,1,FFFFFF
bootstrap,2026-10-03T12:41:15.34823151Z,imsi-001010123456780,4,20261003T115634Z,,135,Periodic Reporting,51,123,174,1,1,2,2681,nist-dnn,1,FFFFFF
bootstrap,2026-10-03T12:41:35.356155792Z,imsi-001010123456780,4,20261003T115634Z,,136,Periodic Reporting,51,123,174,1,1,2,2701,nist-dnn,1,FFFFFF
bootstrap,2026-10-03T12:41:55.350273637Z,imsi-001010123456780,4,20261003T115634Z,,137,Periodic Reporting,51,123,174,1,1,2,2721,nist-dnn,1,FFFFFF
bootstrap,2026-10-03T12:42:15.353149718Z,imsi-001010123456780,4,20261003T115634Z,,138,Periodic Reporting,51,123,174,1,1,2,2741,nist-dnn,1,FFFFFF
bootstrap,2026-10-03T12:42:35.351861886Z,imsi-001010123456780,4,20261003T115634Z,,139,Periodic Reporting,51,123,174,1,1,2,2761,nist-dnn,1,FFFFFF
bootstrap,2026-10-03T12:42:55.354801063Z,imsi-001010123456780,4,20261003T115634Z,,140,Periodic Reporting,51,123,174,1,1,2,2781,nist-dnn,1,FFFFFF
bootstrap,2026-10-03T12:43:15.338101133Z,imsi-001010123456780,4,20261003T115634Z,,141,Periodic Reporting,51,123,174,1,1,2,2801,nist-dnn,1,FFFFFF
bootstrap,2026-10-03T12:43:35.349463911Z,imsi-001010123456780,4,20261003T115634Z,,142,Periodic Reporting,51,123,174,1,1,2,2821,nist-dnn,1,FFFFFF
bootstrap,2026-10-03T12:43:55.353164114Z,imsi-001010123456780,4,20261003T115634Z,,143,Periodic Reporting,51,123,174,1,1,2,2841,nist-dnn,1,FFFFFF
bootstrap,2026-10-03T12:44:15.335625368Z,imsi-001010123456780,4,20261003T115634Z,,144,Periodic Reporting,51,123,174,1,1,2,2861,nist-dnn,1,FFFFFF
bootstrap,2026-10-03T12:44:35.347363344Z,imsi-001010123456780,4,20261003T115634Z,,145,Periodic Reporting,51,123,174,1,1,2,2881,nist-dnn,1,FFFFFF
bootstrap,2026-10-03T12:44:55.348845703Z,imsi-001010123456780,4,20261003T115634Z,,146,Periodic Reporting,51,123,174,1,1,2,2901,nist-dnn,1,FFFFFF
bootstrap,2026-10-03T12:45:15.356607522Z,imsi-001010123456780,4,20261003T115634Z,,147,Periodic Reporting,51,123,174,1,1,2,2921,nist-dnn,1,FFFFFF
bootstrap,2026-10-03T12:45:35.357165438Z,imsi-001010123456780,4,20261003T115634Z,,148,Periodic Reporting,51,123,174,1,1,2,2941,nist-dnn,1,FFFFFF
bootstrap,2026-10-03T12:45:55.351498738Z,imsi-001010123456780,4,20261003T115634Z,,149,Periodic Reporting,51,123,174,1,1,2,2961,nist-dnn,1,FFFFFF
bootstrap,2026-10-03T12:46:15.354908437Z,imsi-001010123456780,4,20261003T115634Z,,150,Periodic Reporting,51,123,174,1,1,2,2981,nist-dnn,1,FFFFFF
bootstrap,2026-10-03T12:46:35.372544363Z,imsi-001010123456780,4,20261003T115634Z,,151,Periodic Reporting,51,123,174,1,1,2,3001,nist-dnn,1,FFFFFF
bootstrap,2026-10-03T12:46:55.364849573Z,imsi-001010123456780,4,20261003T115634Z,,152,Periodic Reporting,51,123,174,1,1,2,3021,nist-dnn,1,FFFFFF
bootstrap,2026-10-03T12:47:15.351399092Z,imsi-001010123456780,4,20261003T115634Z,,153,Periodic Reporting,51,123,174,1,1,2,3041,nist-dnn,1,FFFFFF
bootstrap,2026-10-03T12:47:35.365007311Z,imsi-001010123456780,4,20261003T115634Z,,154,Periodic Reporting,51,123,174,1,1,2,3061,nist-dnn,1,FFFFFF
bootstrap,2026-10-03T12:47:55.360911956Z,imsi-001010123456780,4,20261003T115634Z,,155,Periodic Reporting,51,123,174,1,1,2,3081,nist-dnn,1,FFFFFF
bootstrap,2026-10-03T12:48:15.358427976Z,imsi-001010123456780,4,20261003T115634Z,,156,Periodic Reporting,51,123,174,1,1,2,3101,nist-dnn,1,FFFFFF
bootstrap,2026-10-03T12:48:35.36136835Z,imsi-001010123456780,4,20261003T115634Z,,157,Periodic Reporting,51,123,174,1,1,2,3121,nist-dnn,1,FFFFFF
bootstrap,2026-10-03T12:48:55.372820991Z,imsi-001010123456780,4,20261003T115634Z,,158,Periodic Reporting,51,123,174,1,1,2,3141,nist-dnn,1,FFFFFF
bootstrap,2026-10-03T12:49:15.365739759Z,imsi-001010123456780,4,20261003T115634Z,,159,Periodic Reporting,51,123,174,1,1,2,3161,nist-dnn,1,FFFFFF
bootstrap,2026-10-03T12:49:35.359174627Z,imsi-001010123456780,4,20261003T115634Z,,160,Periodic Reporting,51,123,174,1,1,2,3181,nist-dnn,1,FFFFFF
bootstrap,2026-10-03T12:49:55.362620503Z,imsi-001010123456780,4,20261003T115634Z,,161,Periodic Reporting,51,123,174,1,1,2,3201,nist-dnn,1,FFFFFF
bootstrap,2026-10-03T12:50:15.337146864Z,imsi-001010123456780,4,20261003T115634Z,,162,Periodic Reporting,51,123,174,1,1,2,3221,nist-dnn,1,FFFFFF
bootstrap,2026-10-03T12:50:35.371469424Z,imsi-001010123456780,4,20261003T115634Z,,163,Periodic Reporting,51,123,174,1,1,2,3241,nist-dnn,1,FFFFFF
bootstrap,2026-10-03T12:50:55.381819624Z,imsi-001010123456780,4,20261003T115634Z,,164,Periodic Reporting,51,123,174,1,1,2,3261,nist-dnn,1,FFFFFF
bootstrap,2026-10-03T12:51:15.369295321Z,imsi-001010123456780,4,20261003T115634Z,,165,Periodic Reporting,51,123,174,1,1,2,3281,nist-dnn,1,FFFFFF
bootstrap,2026-10-03T12:51:35.369686543Z,imsi-001010123456780,4,20261003T115634Z,,166,Periodic Reporting,51,123,174,1,1,2,3301,nist-dnn,1,FFFFFF
bootstrap,2026-10-03T12:51:55.369624605Z,imsi-001010123456780,4,20261003T115634Z,,167,Periodic Reporting,51,123,174,1,1,2,3321,nist-dnn,1,FFFFFF
bootstrap,2026-10-03T12:52:15.359375952Z,imsi-001010123456780,4,20261003T115634Z,,168,Periodic Reporting,51,123,174,1,1,2,3341,nist-dnn,1,FFFFFF
bootstrap,2026-10-03T12:52:35.363409193Z,imsi-001010123456780,4,20261003T115634Z,,169,Periodic Reporting,51,123,174,1,1,2,3361,nist-dnn,1,FFFFFF
bootstrap,2026-10-03T12:52:55.366530436Z,imsi-001010123456780,4,20261003T115634Z,,170,Periodic Reporting,51,123,174,1,1,2,3381,nist-dnn,1,FFFFFF
bootstrap,2026-10-03T12:53:15.367406729Z,imsi-001010123456780,4,20261003T115634Z,,171,Periodic Reporting,51,123,174,1,1,2,3401,nist-dnn,1,FFFFFF
bootstrap,2026-10-03T12:53:35.368410161Z,imsi-001010123456780,4,20261003T115634Z,,172,Periodic Reporting,51,123,174,1,1,2,3421,nist-dnn,1,FFFFFF
bootstrap,2026-10-03T12:53:55.369462206Z,imsi-001010123456780,4,20261003T115634Z,,173,Periodic Reporting,51,123,174,1,1,2,3441,nist-dnn,1,FFFFFF
bootstrap,2026-10-03T12:54:15.368102029Z,imsi-001010123456780,4,20261003T115634Z,,174,Periodic Reporting,51,123,174,1,1,2,3461,nist-dnn,1,FFFFFF
bootstrap,2026-10-03T12:54:35.358186446Z,imsi-001010123456780,4,20261003T115634Z,,175,Periodic Reporting,51,123,174,1,1,2,3481,nist-dnn,1,FFFFFF
bootstrap,2026-10-03T12:54:55.367434611Z,imsi-001010123456780,4,20261003T115634Z,,176,Periodic Reporting,51,123,174,1,1,2,3501,nist-dnn,1,FFFFFF
bootstrap,2026-10-03T12:55:15.358533782Z,imsi-001010123456780,4,20261003T115634Z,,177,Periodic Reporting,51,123,174,1,1,2,3521,nist-dnn,1,FFFFFF
bootstrap,2026-10-03T12:55:35.346323602Z,imsi-001010123456780,4,20261003T115634Z,,178,Periodic Reporting,51,123,174,1,1,2,3541,nist-dnn,1,FFFFFF
bootstrap,2026-10-03T12:55:55.384124765Z,imsi-001010123456780,4,20261003T115634Z,,179,Periodic Reporting,51,123,174,1,1,2,3561,nist-dnn,1,FFFFFF
bootstrap,2026-10-03T12:56:15.370308657Z,imsi-001010123456780,4,20261003T115634Z,,180,Periodic Reporting,51,123,174,1,1,2,3581,nist-dnn,1,FFFFFF
bootstrap,2026-10-03T12:56:35.358785227Z,imsi-001010123456780,4,20261003T115634Z,,181,Periodic Reporting,51,123,174,1,1,2,3601,nist-dnn,1,FFFFFF
bootstrap,2026-10-03T12:56:55.366419704Z,imsi-001010123456780,4,20261003T115634Z,,182,Periodic Reporting,51,123,174,1,1,2,3621,nist-dnn,1,FFFFFF
bootstrap,2026-10-03T12:57:15.375901393Z,imsi-001010123456780,4,20261003T115634Z,,183,Periodic Reporting,51,123,174,1,1,2,3641,nist-dnn,1,FFFFFF
bootstrap,2026-10-03T12:57:35.373887656Z,imsi-001010123456780,4,20261003T115634Z,,184,Periodic Reporting,51,123,174,1,1,2,3661,nist-dnn,1,FFFFFF
bootstrap,2026-10-03T12:57:55.369469873Z,imsi-001010123456780,4,20261003T115634Z,,185,Periodic Reporting,51,123,174,1,1,2,3681,nist-dnn,1,FFFFFF
bootstrap,2026-10-03T12:58:15.372051253Z,imsi-001010123456780,4,20261003T115634Z,,186,Periodic Reporting,51,123,174,1,1,2,3701,nist-dnn,1,FFFFFF
bootstrap,2026-10-03T12:58:35.378868921Z,imsi-001010123456780,4,20261003T115634Z,,187,Periodic Reporting,51,123,174,1,1,2,3721,nist-dnn,1,FFFFFF
bootstrap,2026-10-03T12:58:55.382217193Z,imsi-001010123456780,4,20261003T115634Z,,188,Periodic Reporting,51,123,174,1,1,2,3741,nist-dnn,1,FFFFFF
bootstrap,2026-10-03T12:59:15.370150616Z,imsi-001010123456780,4,20261003T115634Z,,189,Periodic Reporting,51,123,174,1,1,2,3761,nist-dnn,1,FFFFFF
bootstrap,2026-10-03T12:59:35.393997543Z,imsi-001010123456780,4,20261003T115634Z,,190,Periodic Reporting,51,123,174,1,1,2,3781,nist-dnn,1,FFFFFF
bootstrap,2026-10-03T12:59:55.382938173Z,imsi-001010123456780,4,20261003T115634Z,,191,Periodic Reporting,51,123,174,1,1,2,3801,nist-dnn,1,FFFFFF
bootstrap,2026-10-03T13:00:15.355842421Z,imsi-001010123456780,4,20261003T115634Z,,192,Periodic Reporting,51,123,174,1,1,2,3821,nist-dnn,1,FFFFFF
bootstrap,2026-10-03T13:00:35.372935854Z,imsi-001010123456780,4,20261003T115634Z,,193,Periodic Reporting,51,123,174,1,1,2,3841,nist-dnn,1,FFFFFF
bootstrap,2026-10-03T13:00:55.374556383Z,imsi-001010123456780,4,20261003T115634Z,,194,Periodic Reporting,51,123,174,1,1,2,3861,nist-dnn,1,FFFFFF
bootstrap,2026-10-03T13:01:15.373140446Z,imsi-001010123456780,4,20261003T115634Z,,195,Periodic Reporting,51,123,174,1,1,2,3881,nist-dnn,1,FFFFFF
bootstrap,2026-10-03T13:01:35.379711802Z,imsi-001010123456780,4,20261003T115634Z,,196,Periodic Reporting,51,123,174,1,1,2,3901,nist-dnn,1,FFFFFF
bootstrap,2026-10-03T13:01:55.37446653Z,imsi-001010123456780,4,20261003T115634Z,,197,Periodic Reporting,51,123,174,1,1,2,3921,nist-dnn,1,FFFFFF
bootstrap,2026-10-03T13:02:15.377222926Z,imsi-001010123456780,4,20261003T115634Z,,198,Periodic Reporting,51,123,174,1,1,2,3941,nist-dnn,1,FFFFFF
bootstrap,2026-10-03T13:02:35.374102767Z,imsi-001010123456780,4,20261003T115634Z,,199,Periodic Reporting,51,123,174,1,1,2,3961,nist-dnn,1,FFFFFF
bootstrap,2026-10-03T13:02:55.380021532Z,imsi-001010123456780,4,20261003T115634Z,,200,Periodic Reporting,51,123,174,1,1,2,3981,nist-dnn,1,FFFFFF
bootstrap,2026-10-03T13:03:15.377108912Z,imsi-001010123456780,4,20261003T115634Z,,201,Periodic Reporting,51,123,174,1,1,2,4001,nist-dnn,1,FFFFFF
bootstrap,2026-10-03T13:03:35.372755542Z,imsi-001010123456780,4,20261003T115634Z,,202,Periodic Reporting,51,123,174,1,1,2,4021,nist-dnn,1,FFFFFF
bootstrap,2026-10-03T13:03:55.374783182Z,imsi-001010123456780,4,20261003T115634Z,,203,Periodic Reporting,51,123,174,1,1,2,4041,nist-dnn,1,FFFFFF
bootstrap,2026-10-03T13:04:15.367660253Z,imsi-001010123456780,4,20261003T115634Z,,204,Periodic Reporting,51,123,174,1,1,2,4061,nist-dnn,1,FFFFFF
bootstrap,2026-10-03T13:04:35.376919182Z,imsi-001010123456780,4,20261003T115634Z,,205,Periodic Reporting,51,123,174,1,1,2,4081,nist-dnn,1,FFFFFF
bootstrap,2026-10-03T13:04:55.362031339Z,imsi-001010123456780,4,20261003T115634Z,,206,Periodic Reporting,51,123,174,1,1,2,4101,nist-dnn,1,FFFFFF
bootstrap,2026-10-03T13:05:15.358984556Z,imsi-001010123456780,4,20261003T115634Z,,207,Periodic Reporting,51,123,174,1,1,2,4121,nist-dnn,1,FFFFFF
bootstrap,2026-10-03T13:05:35.372490159Z,imsi-001010123456780,4,20261003T115634Z,,208,Periodic Reporting,51,123,174,1,1,2,4141,nist-dnn,1,FFFFFF
bootstrap,2026-10-03T13:05:55.37966611Z,imsi-001010123456780,4,20261003T115634Z,,209,Periodic Reporting,51,123,174,1,1,2,4161,nist-dnn,1,FFFFFF
bootstrap,2026-10-03T13:06:15.381772985Z,imsi-001010123456780,4,20261003T115634Z,,210,Periodic Reporting,51,123,174,1,1,2,4181,nist-dnn,1,FFFFFF
bootstrap,2026-10-03T13:06:35.379403249Z,imsi-001010123456780,4,20261003T115634Z,,211,Periodic Reporting,51,123,174,1,1,2,4201,nist-dnn,1,FFFFFF
bootstrap,2026-10-03T13:06:55.390725855Z,imsi-001010123456780,4,20261003T115634Z,,212,Periodic Reporting,51,123,174,1,1,2,4221,nist-dnn,1,FFFFFF
bootstrap,2026-10-03T13:07:15.383313075Z,imsi-001010123456780,4,20261003T115634Z,,213,Periodic Reporting,51,123,174,1,1,2,4241,nist-dnn,1,FFFFFF
bootstrap,2026-10-03T13:07:35.379820354Z,imsi-001010123456780,4,20261003T115634Z,,214,Periodic Reporting,51,123,174,1,1,2,4261,nist-dnn,1,FFFFFF
bootstrap,2026-10-03T13:07:55.379448008Z,imsi-001010123456780,4,20261003T115634Z,,215,Periodic Reporting,51,123,174,1,1,2,4281,nist-dnn,1,FFFFFF
bootstrap,2026-10-03T13:08:15.375871667Z,imsi-001010123456780,4,20261003T115634Z,,216,Periodic Reporting,51,123,174,1,1,2,4301,nist-dnn,1,FFFFFF
bootstrap,2026-10-03T13:08:35.377795884Z,imsi-001010123456780,4,20261003T115634Z,,217,Periodic Reporting,51,123,174,1,1,2,4321,nist-dnn,1,FFFFFF
bootstrap,2026-10-03T13:08:55.378502496Z,imsi-001010123456780,4,20261003T115634Z,,218,Periodic Reporting,51,123,174,1,1,2,4341,nist-dnn,1,FFFFFF
bootstrap,2026-10-03T13:09:15.408030949Z,imsi-001010123456780,4,20261003T115634Z,,219,Periodic Reporting,51,123,174,1,1,2,4361,nist-dnn,1,FFFFFF
bootstrap,2026-10-03T13:09:35.37847818Z,imsi-001010123456780,4,20261003T115634Z,,220,Periodic Reporting,51,123,174,1,1,2,4381,nist-dnn,1,FFFFFF
bootstrap,2026-10-03T13:09:55.388481141Z,imsi-001010123456780,4,20261003T115634Z,,221,Periodic Reporting,51,123,174,1,1,2,4401,nist-dnn,1,FFFFFF
bootstrap,2026-10-03T13:10:15.388631224Z,imsi-001010123456780,4,20261003T115634Z,,222,Periodic Reporting,51,123,174,1,1,2,4421,nist-dnn,1,FFFFFF
bootstrap,2026-10-03T13:10:35.390181791Z,imsi-001010123456780,4,20261003T115634Z,,223,Periodic Reporting,51,123,174,1,1,2,4441,nist-dnn,1,FFFFFF
bootstrap,2026-10-03T13:10:55.375834057Z,imsi-001010123456780,4,20261003T115634Z,,224,Periodic Reporting,51,123,174,1,1,2,4461,nist-dnn,1,FFFFFF
bootstrap,2026-10-03T13:11:15.380849881Z,imsi-001010123456780,4,20261003T115634Z,,225,Periodic Reporting,51,123,174,1,1,2,4481,nist-dnn,1,FFFFFF
bootstrap,2026-10-03T13:11:35.389335315Z,imsi-001010123456780,4,20261003T115634Z,,226,Periodic Reporting,51,123,174,1,1,2,4501,nist-dnn,1,FFFFFF
bootstrap,2026-10-03T13:11:55.382716241Z,imsi-001010123456780,4,20261003T115634Z,,227,Periodic Reporting,51,123,174,1,1,2,4521,nist-dnn,1,FFFFFF
bootstrap,2026-10-03T13:12:15.386192338Z,imsi-001010123456780,4,20261003T115634Z,,228,Periodic Reporting,51,123,174,1,1,2,4541,nist-dnn,1,FFFFFF
bootstrap,2026-10-03T13:12:35.360682313Z,imsi-001010123456780,4,20261003T115634Z,,229,Periodic Reporting,51,123,174,1,1,2,4561,nist-dnn,1,FFFFFF
bootstrap,2026-10-03T13:12:55.384525314Z,imsi-001010123456780,4,20261003T115634Z,,230,Periodic Reporting,51,123,174,1,1,2,4581,nist-dnn,1,FFFFFF
bootstrap,2026-10-03T13:13:15.38037275Z,imsi-001010123456780,4,20261003T115634Z,,231,Periodic Reporting,51,123,174,1,1,2,4601,nist-dnn,1,FFFFFF
bootstrap,2026-10-03T13:13:35.385321026Z,imsi-001010123456780,4,20261003T115634Z,,232,Periodic Reporting,51,123,174,1,1,2,4621,nist-dnn,1,FFFFFF
bootstrap,2026-10-03T13:13:55.357902241Z,imsi-001010123456780,4,20261003T115634Z,,233,Periodic Reporting,51,123,174,1,1,2,4641,nist-dnn,1,FFFFFF
bootstrap,2026-10-03T13:14:15.386940106Z,imsi-001010123456780,4,20261003T115634Z,,234,Periodic Reporting,51,123,174,1,1,2,4661,nist-dnn,1,FFFFFF
bootstrap,2026-10-03T13:14:35.402363657Z,imsi-001010123456780,4,20261003T115634Z,,235,Periodic Reporting,51,123,174,1,1,2,4681,nist-dnn,1,FFFFFF
bootstrap,2026-10-03T13:14:55.385286505Z,imsi-001010123456780,4,20261003T115634Z,,236,Periodic Reporting,51,123,174,1,1,2,4701,nist-dnn,1,FFFFFF
bootstrap,2026-10-03T13:15:15.391615568Z,imsi-001010123456780,4,20261003T115634Z,,237,Periodic Reporting,51,123,174,1,1,2,4721,nist-dnn,1,FFFFFF
bootstrap,2026-10-03T13:15:35.392925759Z,imsi-001010123456780,4,20261003T115634Z,,238,Periodic Reporting,51,123,174,1,1,2,4741,nist-dnn,1,FFFFFF
bootstrap,2026-10-03T13:15:55.385424754Z,imsi-001010123456780,4,20261003T115634Z,,239,Periodic Reporting,51,123,174,1,1,2,4761,nist-dnn,1,FFFFFF
bootstrap,2026-10-03T13:16:15.358451629Z,imsi-001010123456780,4,20261003T115634Z,,240,Periodic Reporting,51,123,174,1,1,2,4781,nist-dnn,1,FFFFFF
bootstrap,2026-10-03T13:16:35.387469929Z,imsi-001010123456780,4,20261003T115634Z,,241,Periodic Reporting,51,123,174,1,1,2,4801,nist-dnn,1,FFFFFF
bootstrap,2026-10-03T13:17:13.212919631Z,imsi-001010123456780,1000001791033433,20261003T131513Z,,999999999,Volume Threshold,100,100,200,1,1,2,120,nist-dnn,1,FFFFFF
bootstrap,2026-10-03T13:17:47.373563912Z,imsi-001010123456780,5,20261003T131734Z,,1,Periodic Reporting,142,0,142,1,0,1,13,nist-dnn,1,FFFFFF
bootstrap,2026-10-03T13:17:48.3748736Z,imsi-001010123456780,5,20261003T131734Z,,2,Periodic Reporting,193120,0,193120,1360,0,1360,14,nist-dnn,1,FFFFFF
bootstrap,2026-10-03T13:17:49.375683335Z,imsi-001010123456780,5,20261003T131734Z,,3,Periodic Reporting,181902,0,181902,1281,0,1281,15,nist-dnn,1,FFFFFF
bootstrap,2026-10-03T13:17:50.400148582Z,imsi-001010123456780,5,20261003T131734Z,,4,Periodic Reporting,192035,123,192158,1353,1,1354,16,nist-dnn,1,FFFFFF
bootstrap,2026-10-03T13:17:51.404738291Z,imsi-001010123456780,5,20261003T131734Z,,5,Periodic Reporting,193120,0,193120,1360,0,1360,17,nist-dnn,1,FFFFFF
bootstrap,2026-10-03T13:17:52.41557577Z,imsi-001010123456780,5,20261003T131734Z,,6,Periodic Reporting,183890,0,183890,1295,0,1295,18,nist-dnn,1,FFFFFF
bootstrap,2026-10-03T13:17:53.452881603Z,imsi-001010123456780,5,20261003T131734Z,,7,Periodic Reporting,191416,0,191416,1348,0,1348,19,nist-dnn,1,FFFFFF
bootstrap,2026-10-03T13:17:54.466836391Z,imsi-001010123456780,5,20261003T131734Z,,8,Periodic Reporting,190138,0,190138,1339,0,1339,20,nist-dnn,1,FFFFFF
bootstrap,2026-10-03T13:17:55.465255815Z,imsi-001010123456780,5,20261003T131734Z,,9,Periodic Reporting,190280,0,190280,1340,0,1340,21,nist-dnn,1,FFFFFF
bootstrap,2026-10-03T13:17:56.486705578Z,imsi-001010123456780,5,20261003T131734Z,,10,Periodic Reporting,185310,0,185310,1305,0,1305,22,nist-dnn,1,FFFFFF
bootstrap,2026-10-03T13:17:57.490425177Z,imsi-001010123456780,5,20261003T131734Z,,11,Periodic Reporting,185310,0,185310,1305,0,1305,23,nist-dnn,1,FFFFFF
bootstrap,2026-10-03T13:17:58.51027259Z,imsi-001010123456780,5,20261003T131734Z,,12,Periodic Reporting,188150,0,188150,1325,0,1325,24,nist-dnn,1,FFFFFF
bootstrap,2026-10-03T13:17:59.533050654Z,imsi-001010123456780,5,20261003T131734Z,,13,Periodic Reporting,192978,0,192978,1359,0,1359,25,nist-dnn,1,FFFFFF
bootstrap,2026-10-03T13:18:00.529003814Z,imsi-001010123456780,5,20261003T131734Z,,14,Periodic Reporting,191132,0,191132,1346,0,1346,26,nist-dnn,1,FFFFFF
bootstrap,2026-10-03T13:18:01.552483278Z,imsi-001010123456780,5,20261003T131734Z,,15,Periodic Reporting,184458,0,184458,1299,0,1299,27,nist-dnn,1,FFFFFF
bootstrap,2026-10-03T13:18:02.552502127Z,imsi-001010123456780,5,20261003T131734Z,,16,Periodic Reporting,182612,0,182612,1286,0,1286,28,nist-dnn,1,FFFFFF
bootstrap,2026-10-03T13:18:03.590917869Z,imsi-001010123456780,5,20261003T131734Z,,17,Periodic Reporting,196386,0,196386,1383,0,1383,29,nist-dnn,1,FFFFFF
bootstrap,2026-10-03T13:18:04.593270748Z,imsi-001010123456780,5,20261003T131734Z,,18,Periodic Reporting,185594,0,185594,1307,0,1307,30,nist-dnn,1,FFFFFF
bootstrap,2026-10-03T13:18:05.62708165Z,imsi-001010123456780,5,20261003T131734Z,,19,Periodic Reporting,192126,0,192126,1353,0,1353,31,nist-dnn,1,FFFFFF
bootstrap,2026-10-03T13:18:06.657336435Z,imsi-001010123456780,5,20261003T131734Z,,20,Periodic Reporting,194256,0,194256,1368,0,1368,32,nist-dnn,1,FFFFFF
bootstrap,2026-10-03T13:18:07.665019341Z,imsi-001010123456780,5,20261003T131734Z,,21,Periodic Reporting,188292,0,188292,1326,0,1326,33,nist-dnn,1,FFFFFF
bootstrap,2026-10-03T13:18:08.681394336Z,imsi-001010123456780,5,20261003T131734Z,,22,Periodic Reporting,186588,0,186588,1314,0,1314,34,nist-dnn,1,FFFFFF
bootstrap,2026-10-03T13:18:09.683897171Z,imsi-001010123456780,5,20261003T131734Z,,23,Periodic Reporting,193262,0,193262,1361,0,1361,35,nist-dnn,1,FFFFFF
bootstrap,2026-10-03T13:18:10.724521207Z,imsi-001010123456780,5,20261003T131734Z,,24,Periodic Reporting,185929,123,186052,1310,1,1311,36,nist-dnn,1,FFFFFF
bootstrap,2026-10-03T13:18:11.729494804Z,imsi-001010123456780,5,20261003T131734Z,,25,Periodic Reporting,194966,0,194966,1373,0,1373,37,nist-dnn,1,FFFFFF
bootstrap,2026-10-03T13:18:12.750635768Z,imsi-001010123456780,5,20261003T131734Z,,26,Periodic Reporting,184032,0,184032,1296,0,1296,38,nist-dnn,1,FFFFFF
bootstrap,2026-10-03T13:18:13.763050739Z,imsi-001010123456780,5,20261003T131734Z,,27,Periodic Reporting,187156,0,187156,1318,0,1318,39,nist-dnn,1,FFFFFF
bootstrap,2026-10-03T13:18:14.764604129Z,imsi-001010123456780,5,20261003T131734Z,,28,Periodic Reporting,189854,0,189854,1337,0,1337,40,nist-dnn,1,FFFFFF
bootstrap,2026-10-03T13:18:15.768362481Z,imsi-001010123456780,5,20261003T131734Z,,29,Periodic Reporting,188576,0,188576,1328,0,1328,41,nist-dnn,1,FFFFFF
bootstrap,2026-10-03T13:18:16.783623398Z,imsi-001010123456780,5,20261003T131734Z,,30,Periodic Reporting,186162,0,186162,1311,0,1311,42,nist-dnn,1,FFFFFF
bootstrap,2026-10-03T13:18:17.816631527Z,imsi-001010123456780,5,20261003T131734Z,,31,Periodic Reporting,190990,0,190990,1345,0,1345,43,nist-dnn,1,FFFFFF
bootstrap,2026-10-03T13:18:18.881716943Z,imsi-001010123456780,5,20261003T131734Z,,32,Periodic Reporting,191842,0,191842,1351,0,1351,44,nist-dnn,1,FFFFFF
bootstrap,2026-10-03T13:18:19.85994215Z,imsi-001010123456780,5,20261003T131734Z,,33,Periodic Reporting,188150,0,188150,1325,0,1325,45,nist-dnn,1,FFFFFF
bootstrap,2026-10-03T13:18:20.893516897Z,imsi-001010123456780,5,20261003T131734Z,,34,Periodic Reporting,192836,0,192836,1358,0,1358,46,nist-dnn,1,FFFFFF
bootstrap,2026-10-03T13:18:21.894903882Z,imsi-001010123456780,5,20261003T131734Z,,35,Periodic Reporting,186020,0,186020,1310,0,1310,47,nist-dnn,1,FFFFFF
bootstrap,2026-10-03T13:18:22.905456826Z,imsi-001010123456780,5,20261003T131734Z,,36,Periodic Reporting,189570,0,189570,1335,0,1335,48,nist-dnn,1,FFFFFF
bootstrap,2026-10-03T13:18:23.908371014Z,imsi-001010123456780,5,20261003T131734Z,,37,Periodic Reporting,185452,0,185452,1306,0,1306,49,nist-dnn,1,FFFFFF
bootstrap,2026-10-03T13:18:24.910508561Z,imsi-001010123456780,5,20261003T131734Z,,38,Periodic Reporting,189996,0,189996,1338,0,1338,50,nist-dnn,1,FFFFFF
bootstrap,2026-10-03T13:18:25.923480623Z,imsi-001010123456780,5,20261003T131734Z,,39,Periodic Reporting,186446,0,186446,1313,0,1313,51,nist-dnn,1,FFFFFF
bootstrap,2026-10-03T13:18:26.925870165Z,imsi-001010123456780,5,20261003T131734Z,,40,Periodic Reporting,186162,0,186162,1311,0,1311,52,nist-dnn,1,FFFFFF
bootstrap,2026-10-03T13:18:27.934172565Z,imsi-001010123456780,5,20261003T131734Z,,41,Periodic Reporting,189286,0,189286,1333,0,1333,53,nist-dnn,1,FFFFFF
bootstrap,2026-10-03T13:18:28.950482134Z,imsi-001010123456780,5,20261003T131734Z,,42,Periodic Reporting,186588,0,186588,1314,0,1314,54,nist-dnn,1,FFFFFF
bootstrap,2026-10-03T13:18:29.94223347Z,imsi-001010123456780,5,20261003T131734Z,,43,Periodic Reporting,191893,123,192016,1352,1,1353,55,nist-dnn,1,FFFFFF
bootstrap,2026-10-03T13:18:30.966482396Z,imsi-001010123456780,5,20261003T131734Z,,44,Periodic Reporting,182754,0,182754,1287,0,1287,56,nist-dnn,1,FFFFFF
bootstrap,2026-10-03T13:18:31.993129542Z,imsi-001010123456780,5,20261003T131734Z,,45,Periodic Reporting,193120,0,193120,1360,0,1360,57,nist-dnn,1,FFFFFF
bootstrap,2026-10-03T13:18:32.995886829Z,imsi-001010123456780,5,20261003T131734Z,,46,Periodic Reporting,186730,0,186730,1315,0,1315,58,nist-dnn,1,FFFFFF
bootstrap,2026-10-03T13:18:34.003924487Z,imsi-001010123456780,5,20261003T131734Z,,47,Periodic Reporting,184174,0,184174,1297,0,1297,59,nist-dnn,1,FFFFFF
bootstrap,2026-10-03T13:18:35.010901474Z,imsi-001010123456780,5,20261003T131734Z,,48,Periodic Reporting,190422,0,190422,1341,0,1341,61,nist-dnn,1,FFFFFF
bootstrap,2026-10-03T13:18:36.016175728Z,imsi-001010123456780,5,20261003T131734Z,,49,Periodic Reporting,191416,0,191416,1348,0,1348,62,nist-dnn,1,FFFFFF
bootstrap,2026-10-03T13:18:37.022049616Z,imsi-001010123456780,5,20261003T131734Z,,50,Periodic Reporting,182328,0,182328,1284,0,1284,63,nist-dnn,1,FFFFFF
bootstrap,2026-10-03T13:18:38.021765885Z,imsi-001010123456780,5,20261003T131734Z,,51,Periodic Reporting,185878,0,185878,1309,0,1309,64,nist-dnn,1,FFFFFF
bootstrap,2026-10-03T13:18:39.056503828Z,imsi-001010123456780,5,20261003T131734Z,,52,Periodic Reporting,192126,0,192126,1353,0,1353,65,nist-dnn,1,FFFFFF
bootstrap,2026-10-03T13:18:40.062311198Z,imsi-001010123456780,5,20261003T131734Z,,53,Periodic Reporting,182612,0,182612,1286,0,1286,66,nist-dnn,1,FFFFFF
bootstrap,2026-10-03T13:18:41.080494616Z,imsi-001010123456780,5,20261003T131734Z,,54,Periodic Reporting,195250,0,195250,1375,0,1375,67,nist-dnn,1,FFFFFF
bootstrap,2026-10-03T13:18:42.097732609Z,imsi-001010123456780,5,20261003T131734Z,,55,Periodic Reporting,189428,0,189428,1334,0,1334,68,nist-dnn,1,FFFFFF
bootstrap,2026-10-03T13:18:43.099577481Z,imsi-001010123456780,5,20261003T131734Z,,56,Periodic Reporting,186730,0,186730,1315,0,1315,69,nist-dnn,1,FFFFFF
bootstrap,2026-10-03T13:18:44.101326803Z,imsi-001010123456780,5,20261003T131734Z,,57,Periodic Reporting,191274,0,191274,1347,0,1347,70,nist-dnn,1,FFFFFF
bootstrap,2026-10-03T13:18:45.110502005Z,imsi-001010123456780,5,20261003T131734Z,,58,Periodic Reporting,179488,0,179488,1264,0,1264,71,nist-dnn,1,FFFFFF
bootstrap,2026-10-03T13:18:46.147672735Z,imsi-001010123456780,5,20261003T131734Z,,59,Periodic Reporting,188718,0,188718,1329,0,1329,72,nist-dnn,1,FFFFFF
bootstrap,2026-10-03T13:18:47.146093803Z,imsi-001010123456780,5,20261003T131734Z,,60,Periodic Reporting,183180,0,183180,1290,0,1290,73,nist-dnn,1,FFFFFF
bootstrap,2026-10-03T13:18:49.980551394Z,imsi-001010123456780,5,20261003T131734Z,,61,Periodic Reporting,48047,214,48261,339,1,340,75,nist-dnn,1,FFFFFF
bootstrap,2026-10-03T13:19:09.962819828Z,imsi-001010123456780,5,20261003T131734Z,,62,Periodic Reporting,51,123,174,1,1,2,95,nist-dnn,1,FFFFFF
bootstrap,2026-10-03T13:19:29.970965339Z,imsi-001010123456780,5,20261003T131734Z,,63,Periodic Reporting,51,123,174,1,1,2,115,nist-dnn,1,FFFFFF
bootstrap,2026-10-03T13:19:50.057469363Z,imsi-001010123456780,5,20261003T131734Z,,64,Periodic Reporting,51,123,174,1,1,2,136,nist-dnn,1,FFFFFF
bootstrap,2026-10-03T13:20:09.99158132Z,imsi-001010123456780,5,20261003T131734Z,,65,Periodic Reporting,51,123,174,1,1,2,155,nist-dnn,1,FFFFFF
bootstrap,2026-10-03T13:20:29.972611948Z,imsi-001010123456780,5,20261003T131734Z,,66,Periodic Reporting,51,123,174,1,1,2,175,nist-dnn,1,FFFFFF
bootstrap,2026-10-03T13:20:50.00864262Z,imsi-001010123456780,5,20261003T131734Z,,67,Periodic Reporting,51,123,174,1,1,2,195,nist-dnn,1,FFFFFF
bootstrap,2026-10-03T13:21:09.986561476Z,imsi-001010123456780,5,20261003T131734Z,,68,Periodic Reporting,51,123,174,1,1,2,215,nist-dnn,1,FFFFFF
bootstrap,2026-10-03T13:21:29.979186315Z,imsi-001010123456780,5,20261003T131734Z,,69,Periodic Reporting,51,123,174,1,1,2,235,nist-dnn,1,FFFFFF
bootstrap,2026-10-03T13:21:49.992806061Z,imsi-001010123456780,5,20261003T131734Z,,70,Periodic Reporting,51,123,174,1,1,2,255,nist-dnn,1,FFFFFF
bootstrap,2026-10-03T13:22:10.004515342Z,imsi-001010123456780,5,20261003T131734Z,,71,Periodic Reporting,51,123,174,1,1,2,275,nist-dnn,1,FFFFFF
bootstrap,2026-10-03T13:22:30.02756986Z,imsi-001010123456780,5,20261003T131734Z,,72,Periodic Reporting,51,123,174,1,1,2,296,nist-dnn,1,FFFFFF
bootstrap,2026-10-03T13:22:50.000404244Z,imsi-001010123456780,5,20261003T131734Z,,73,Periodic Reporting,51,123,174,1,1,2,315,nist-dnn,1,FFFFFF
bootstrap,2026-10-03T13:23:09.982511111Z,imsi-001010123456780,5,20261003T131734Z,,74,Periodic Reporting,51,123,174,1,1,2,335,nist-dnn,1,FFFFFF
bootstrap,2026-10-03T13:23:30.015165575Z,imsi-001010123456780,5,20261003T131734Z,,75,Periodic Reporting,51,123,174,1,1,2,355,nist-dnn,1,FFFFFF
bootstrap,2026-10-03T13:23:49.996360981Z,imsi-001010123456780,5,20261003T131734Z,,76,Periodic Reporting,51,123,174,1,1,2,375,nist-dnn,1,FFFFFF
bootstrap,2026-10-03T13:24:10.010557785Z,imsi-001010123456780,5,20261003T131734Z,,77,Periodic Reporting,51,123,174,1,1,2,395,nist-dnn,1,FFFFFF
bootstrap,2026-10-03T13:24:30.018560148Z,imsi-001010123456780,5,20261003T131734Z,,78,Periodic Reporting,51,123,174,1,1,2,415,nist-dnn,1,FFFFFF
bootstrap,2026-10-03T13:24:50.008867206Z,imsi-001010123456780,5,20261003T131734Z,,79,Periodic Reporting,51,123,174,1,1,2,435,nist-dnn,1,FFFFFF
bootstrap,2026-10-03T13:25:09.993833415Z,imsi-001010123456780,5,20261003T131734Z,,80,Periodic Reporting,51,123,174,1,1,2,455,nist-dnn,1,FFFFFF
bootstrap,2026-10-03T13:25:30.016941564Z,imsi-001010123456780,5,20261003T131734Z,,81,Periodic Reporting,51,123,174,1,1,2,475,nist-dnn,1,FFFFFF
bootstrap,2026-10-03T13:25:49.994158866Z,imsi-001010123456780,5,20261003T131734Z,,82,Periodic Reporting,51,123,174,1,1,2,495,nist-dnn,1,FFFFFF
bootstrap,2026-10-03T13:26:10.01329386Z,imsi-001010123456780,5,20261003T131734Z,,83,Periodic Reporting,51,123,174,1,1,2,515,nist-dnn,1,FFFFFF
bootstrap,2026-10-03T13:26:30.000027308Z,imsi-001010123456780,5,20261003T131734Z,,84,Periodic Reporting,51,123,174,1,1,2,535,nist-dnn,1,FFFFFF
bootstrap,2026-10-03T13:26:50.013436454Z,imsi-001010123456780,5,20261003T131734Z,,85,Periodic Reporting,51,123,174,1,1,2,555,nist-dnn,1,FFFFFF
bootstrap,2026-10-03T13:28:44.820032111Z,imsi-001010123456780,1000001791034124,20261003T132644Z,,999999999,Volume Threshold,100,100,200,1,1,2,120,nist-dnn,1,FFFFFF
bootstrap,2026-10-03T13:29:10.913300945Z,imsi-001010123456780,1,20261003T132909Z,,1,Periodic Reporting,0,0,0,0,0,0,1,nist-dnn,1,FFFFFF
bootstrap,2026-10-03T13:29:12.91153354Z,imsi-001010123456780,1,20261003T132909Z,,2,Periodic Reporting,0,0,0,0,0,0,3,nist-dnn,1,FFFFFF
bootstrap,2026-10-03T13:29:14.909842286Z,imsi-001010123456780,1,20261003T132909Z,,3,Periodic Reporting,0,0,0,0,0,0,5,nist-dnn,1,FFFFFF
bootstrap,2026-10-03T13:29:16.917259695Z,imsi-001010123456780,1,20261003T132909Z,,4,Periodic Reporting,0,0,0,0,0,0,7,nist-dnn,1,FFFFFF
bootstrap,2026-10-03T13:29:18.925665658Z,imsi-001010123456780,1,20261003T132909Z,,5,Periodic Reporting,0,0,0,0,0,0,9,nist-dnn,1,FFFFFF
bootstrap,2026-10-03T13:29:20.382517684Z,imsi-001010123456780,1,20261003T132909Z,,6,Periodic Reporting,142,0,142,1,0,1,11,nist-dnn,1,FFFFFF
bootstrap,2026-10-03T13:29:21.385005437Z,imsi-001010123456780,1,20261003T132909Z,,7,Periodic Reporting,189621,123,189744,1336,1,1337,12,nist-dnn,1,FFFFFF
bootstrap,2026-10-03T13:29:22.389584333Z,imsi-001010123456780,1,20261003T132909Z,,8,Periodic Reporting,183180,0,183180,1290,0,1290,13,nist-dnn,1,FFFFFF
bootstrap,2026-10-03T13:29:23.427476048Z,imsi-001010123456780,1,20261003T132909Z,,9,Periodic Reporting,193688,0,193688,1364,0,1364,14,nist-dnn,1,FFFFFF
bootstrap,2026-10-03T13:29:24.433576566Z,imsi-001010123456780,1,20261003T132909Z,,10,Periodic Reporting,194682,0,194682,1371,0,1371,15,nist-dnn,1,FFFFFF
bootstrap,2026-10-03T13:29:25.447270523Z,imsi-001010123456780,1,20261003T132909Z,,11,Periodic Reporting,185168,0,185168,1304,0,1304,16,nist-dnn,1,FFFFFF
bootstrap,2026-10-03T13:29:26.4431734Z,imsi-001010123456780,1,20261003T132909Z,,12,Periodic Reporting,187724,0,187724,1322,0,1322,17,nist-dnn,1,FFFFFF
bootstrap,2026-10-03T13:29:27.475989763Z,imsi-001010123456780,1,20261003T132909Z,,13,Periodic Reporting,187582,0,187582,1321,0,1321,18,nist-dnn,1,FFFFFF
bootstrap,2026-10-03T13:29:28.484126367Z,imsi-001010123456780,1,20261003T132909Z,,14,Periodic Reporting,185594,0,185594,1307,0,1307,19,nist-dnn,1,FFFFFF
bootstrap,2026-10-03T13:29:29.488196285Z,imsi-001010123456780,1,20261003T132909Z,,15,Periodic Reporting,191842,0,191842,1351,0,1351,20,nist-dnn,1,FFFFFF
bootstrap,2026-10-03T13:29:30.534150725Z,imsi-001010123456780,1,20261003T132909Z,,16,Periodic Reporting,190280,0,190280,1340,0,1340,21,nist-dnn,1,FFFFFF
bootstrap,2026-10-03T13:29:31.526939487Z,imsi-001010123456780,1,20261003T132909Z,,17,Periodic Reporting,187156,0,187156,1318,0,1318,22,nist-dnn,1,FFFFFF
bootstrap,2026-10-03T13:29:32.529633064Z,imsi-001010123456780,1,20261003T132909Z,,18,Periodic Reporting,183464,0,183464,1292,0,1292,23,nist-dnn,1,FFFFFF
bootstrap,2026-10-03T13:29:33.54003272Z,imsi-001010123456780,1,20261003T132909Z,,19,Periodic Reporting,194540,0,194540,1370,0,1370,24,nist-dnn,1,FFFFFF
bootstrap,2026-10-03T13:29:34.537737779Z,imsi-001010123456780,1,20261003T132909Z,,20,Periodic Reporting,183038,0,183038,1289,0,1289,25,nist-dnn,1,FFFFFF
bootstrap,2026-10-03T13:29:35.56256759Z,imsi-001010123456780,1,20261003T132909Z,,21,Periodic Reporting,188718,0,188718,1329,0,1329,26,nist-dnn,1,FFFFFF
bootstrap,2026-10-03T13:29:36.569681537Z,imsi-001010123456780,1,20261003T132909Z,,22,Periodic Reporting,187014,0,187014,1317,0,1317,27,nist-dnn,1,FFFFFF
bootstrap,2026-10-03T13:29:37.581318106Z,imsi-001010123456780,1,20261003T132909Z,,23,Periodic Reporting,190706,0,190706,1343,0,1343,28,nist-dnn,1,FFFFFF
bootstrap,2026-10-03T13:29:38.606331975Z,imsi-001010123456780,1,20261003T132909Z,,24,Periodic Reporting,189286,0,189286,1333,0,1333,29,nist-dnn,1,FFFFFF
bootstrap,2026-10-03T13:29:39.620527402Z,imsi-001010123456780,1,20261003T132909Z,,25,Periodic Reporting,187156,0,187156,1318,0,1318,30,nist-dnn,1,FFFFFF
bootstrap,2026-10-03T13:29:40.632010105Z,imsi-001010123456780,1,20261003T132909Z,,26,Periodic Reporting,190564,0,190564,1342,0,1342,31,nist-dnn,1,FFFFFF
bootstrap,2026-10-03T13:29:41.634965149Z,imsi-001010123456780,1,20261003T132909Z,,27,Periodic Reporting,184083,123,184206,1297,1,1298,32,nist-dnn,1,FFFFFF
bootstrap,2026-10-03T13:29:42.641964335Z,imsi-001010123456780,1,20261003T132909Z,,28,Periodic Reporting,193546,0,193546,1363,0,1363,33,nist-dnn,1,FFFFFF
bootstrap,2026-10-03T13:29:43.666386179Z,imsi-001010123456780,1,20261003T132909Z,,29,Periodic Reporting,187582,0,187582,1321,0,1321,34,nist-dnn,1,FFFFFF
bootstrap,2026-10-03T13:29:44.685964467Z,imsi-001010123456780,1,20261003T132909Z,,30,Periodic Reporting,184032,0,184032,1296,0,1296,35,nist-dnn,1,FFFFFF
bootstrap,2026-10-03T13:29:45.708232537Z,imsi-001010123456780,1,20261003T132909Z,,31,Periodic Reporting,195818,0,195818,1379,0,1379,36,nist-dnn,1,FFFFFF
bootstrap,2026-10-03T13:29:46.725583337Z,imsi-001010123456780,1,20261003T132909Z,,32,Periodic Reporting,186446,0,186446,1313,0,1313,37,nist-dnn,1,FFFFFF
bootstrap,2026-10-03T13:29:47.718860684Z,imsi-001010123456780,1,20261003T132909Z,,33,Periodic Reporting,188008,0,188008,1324,0,1324,38,nist-dnn,1,FFFFFF
bootstrap,2026-10-03T13:29:48.736309574Z,imsi-001010123456780,1,20261003T132909Z,,34,Periodic Reporting,189428,0,189428,1334,0,1334,39,nist-dnn,1,FFFFFF
bootstrap,2026-10-03T13:29:49.741860166Z,imsi-001010123456780,1,20261003T132909Z,,35,Periodic Reporting,191700,0,191700,1350,0,1350,40,nist-dnn,1,FFFFFF
bootstrap,2026-10-03T13:29:50.756124757Z,imsi-001010123456780,1,20261003T132909Z,,36,Periodic Reporting,184458,0,184458,1299,0,1299,41,nist-dnn,1,FFFFFF
bootstrap,2026-10-03T13:29:51.780399772Z,imsi-001010123456780,1,20261003T132909Z,,37,Periodic Reporting,189996,0,189996,1338,0,1338,42,nist-dnn,1,FFFFFF
bootstrap,2026-10-03T13:29:52.781713618Z,imsi-001010123456780,1,20261003T132909Z,,38,Periodic Reporting,191558,0,191558,1349,0,1349,43,nist-dnn,1,FFFFFF
bootstrap,2026-10-03T13:29:53.787485683Z,imsi-001010123456780,1,20261003T132909Z,,39,Periodic Reporting,181902,0,181902,1281,0,1281,44,nist-dnn,1,FFFFFF
bootstrap,2026-10-03T13:29:54.788443545Z,imsi-001010123456780,1,20261003T132909Z,,40,Periodic Reporting,187298,0,187298,1319,0,1319,45,nist-dnn,1,FFFFFF
bootstrap,2026-10-03T13:29:55.792831708Z,imsi-001010123456780,1,20261003T132909Z,,41,Periodic Reporting,191416,0,191416,1348,0,1348,46,nist-dnn,1,FFFFFF
bootstrap,2026-10-03T13:29:56.811817046Z,imsi-001010123456780,1,20261003T132909Z,,42,Periodic Reporting,186162,0,186162,1311,0,1311,47,nist-dnn,1,FFFFFF
bootstrap,2026-10-03T13:29:57.817979158Z,imsi-001010123456780,1,20261003T132909Z,,43,Periodic Reporting,185736,0,185736,1308,0,1308,48,nist-dnn,1,FFFFFF
bootstrap,2026-10-03T13:29:58.825730866Z,imsi-001010123456780,1,20261003T132909Z,,44,Periodic Reporting,190990,0,190990,1345,0,1345,49,nist-dnn,1,FFFFFF
bootstrap,2026-10-03T13:29:59.823917655Z,imsi-001010123456780,1,20261003T132909Z,,45,Periodic Reporting,187014,0,187014,1317,0,1317,50,nist-dnn,1,FFFFFF
bootstrap,2026-10-03T13:30:00.847729027Z,imsi-001010123456780,1,20261003T132909Z,,46,Periodic Reporting,187014,0,187014,1317,0,1317,51,nist-dnn,1,FFFFFF
bootstrap,2026-10-03T13:30:01.835575475Z,imsi-001010123456780,1,20261003T132909Z,,47,Periodic Reporting,181385,123,181508,1278,1,1279,52,nist-dnn,1,FFFFFF
bootstrap,2026-10-03T13:30:02.835588916Z,imsi-001010123456780,1,20261003T132909Z,,48,Periodic Reporting,185168,0,185168,1304,0,1304,53,nist-dnn,1,FFFFFF
bootstrap,2026-10-03T13:30:03.842324189Z,imsi-001010123456780,1,20261003T132909Z,,49,Periodic Reporting,189144,0,189144,1332,0,1332,54,nist-dnn,1,FFFFFF
bootstrap,2026-10-03T13:30:04.847187277Z,imsi-001010123456780,1,20261003T132909Z,,50,Periodic Reporting,191700,0,191700,1350,0,1350,55,nist-dnn,1,FFFFFF
bootstrap,2026-10-03T13:30:05.847021532Z,imsi-001010123456780,1,20261003T132909Z,,51,Periodic Reporting,180766,0,180766,1273,0,1273,56,nist-dnn,1,FFFFFF
bootstrap,2026-10-03T13:30:06.849584001Z,imsi-001010123456780,1,20261003T132909Z,,52,Periodic Reporting,186020,0,186020,1310,0,1310,57,nist-dnn,1,FFFFFF
bootstrap,2026-10-03T13:30:07.876949407Z,imsi-001010123456780,1,20261003T132909Z,,53,Periodic Reporting,192978,0,192978,1359,0,1359,58,nist-dnn,1,FFFFFF
bootstrap,2026-10-03T13:30:08.885938129Z,imsi-001010123456780,1,20261003T132909Z,,54,Periodic Reporting,189286,0,189286,1333,0,1333,59,nist-dnn,1,FFFFFF
bootstrap,2026-10-03T13:30:09.87649163Z,imsi-001010123456780,1,20261003T132909Z,,55,Periodic Reporting,187866,0,187866,1323,0,1323,60,nist-dnn,1,FFFFFF
bootstrap,2026-10-03T13:30:10.917869769Z,imsi-001010123456780,1,20261003T132909Z,,56,Periodic Reporting,185594,0,185594,1307,0,1307,61,nist-dnn,1,FFFFFF
bootstrap,2026-10-03T13:30:11.929404229Z,imsi-001010123456780,1,20261003T132909Z,,57,Periodic Reporting,190564,0,190564,1342,0,1342,62,nist-dnn,1,FFFFFF
bootstrap,2026-10-03T13:30:12.936081089Z,imsi-001010123456780,1,20261003T132909Z,,58,Periodic Reporting,188434,0,188434,1327,0,1327,63,nist-dnn,1,FFFFFF
bootstrap,2026-10-03T13:30:13.951864341Z,imsi-001010123456780,1,20261003T132909Z,,59,Periodic Reporting,183464,0,183464,1292,0,1292,64,nist-dnn,1,FFFFFF
bootstrap,2026-10-03T13:30:14.946449832Z,imsi-001010123456780,1,20261003T132909Z,,60,Periodic Reporting,195108,0,195108,1374,0,1374,65,nist-dnn,1,FFFFFF
bootstrap,2026-10-03T13:30:15.950445255Z,imsi-001010123456780,1,20261003T132909Z,,61,Periodic Reporting,185736,0,185736,1308,0,1308,66,nist-dnn,1,FFFFFF
bootstrap,2026-10-03T13:30:16.982253766Z,imsi-001010123456780,1,20261003T132909Z,,62,Periodic Reporting,186730,0,186730,1315,0,1315,67,nist-dnn,1,FFFFFF
bootstrap,2026-10-03T13:30:17.986651318Z,imsi-001010123456780,1,20261003T132909Z,,63,Periodic Reporting,193546,0,193546,1363,0,1363,68,nist-dnn,1,FFFFFF
bootstrap,2026-10-03T13:30:18.987597288Z,imsi-001010123456780,1,20261003T132909Z,,64,Periodic Reporting,176222,0,176222,1241,0,1241,69,nist-dnn,1,FFFFFF
bootstrap,2026-10-03T13:30:20.002953928Z,imsi-001010123456780,1,20261003T132909Z,,65,Periodic Reporting,194398,0,194398,1369,0,1369,70,nist-dnn,1,FFFFFF
bootstrap,2026-10-03T13:30:21.334111152Z,imsi-001010123456780,1,20261003T132909Z,,66,Periodic Reporting,69545,1284,70829,490,6,496,71,nist-dnn,1,FFFFFF
bootstrap,2026-10-03T13:30:23.08001905Z,imsi-001010123456780,1,20261003T132909Z,,67,Periodic Reporting,0,123,123,0,1,1,73,nist-dnn,1,FFFFFF
bootstrap,2026-10-03T13:30:25.133416788Z,imsi-001010123456780,1,20261003T132909Z,,68,Periodic Reporting,0,0,0,0,0,0,75,nist-dnn,1,FFFFFF
bootstrap,2026-10-03T13:30:27.085416362Z,imsi-001010123456780,1,20261003T132909Z,,69,Periodic Reporting,0,0,0,0,0,0,77,nist-dnn,1,FFFFFF
bootstrap,2026-10-03T13:30:29.094242557Z,imsi-001010123456780,1,20261003T132909Z,,70,Periodic Reporting,0,0,0,0,0,0,79,nist-dnn,1,FFFFFF
bootstrap,2026-10-03T13:30:30.802967414Z,imsi-001010123456780,1,20261003T132909Z,,71,Periodic Reporting,0,186,186,0,1,1,81,nist-dnn,1,FFFFFF
bootstrap,2026-10-03T13:30:31.799959554Z,imsi-001010123456780,1,20261003T132909Z,,72,Periodic Reporting,0,244032,244032,0,1312,1312,82,nist-dnn,1,FFFFFF
bootstrap,2026-10-03T13:30:32.7998084Z,imsi-001010123456780,1,20261003T132909Z,,73,Periodic Reporting,0,243846,243846,0,1311,1311,83,nist-dnn,1,FFFFFF
bootstrap,2026-10-03T13:30:33.805152536Z,imsi-001010123456780,1,20261003T132909Z,,74,Periodic Reporting,0,243846,243846,0,1311,1311,84,nist-dnn,1,FFFFFF
bootstrap,2026-10-03T13:30:34.809663945Z,imsi-001010123456780,1,20261003T132909Z,,75,Periodic Reporting,0,243846,243846,0,1311,1311,85,nist-dnn,1,FFFFFF
bootstrap,2026-10-03T13:30:35.801290164Z,imsi-001010123456780,1,20261003T132909Z,,76,Periodic Reporting,0,243846,243846,0,1311,1311,86,nist-dnn,1,FFFFFF
bootstrap,2026-10-03T13:30:36.804525434Z,imsi-001010123456780,1,20261003T132909Z,,77,Periodic Reporting,0,243846,243846,0,1311,1311,87,nist-dnn,1,FFFFFF
bootstrap,2026-10-03T13:30:37.803246419Z,imsi-001010123456780,1,20261003T132909Z,,78,Periodic Reporting,0,243846,243846,0,1311,1311,88,nist-dnn,1,FFFFFF
bootstrap,2026-10-03T13:30:38.823245874Z,imsi-001010123456780,1,20261003T132909Z,,79,Periodic Reporting,0,243846,243846,0,1311,1311,89,nist-dnn,1,FFFFFF
bootstrap,2026-10-03T13:30:39.8226332Z,imsi-001010123456780,1,20261003T132909Z,,80,Periodic Reporting,0,244032,244032,0,1312,1312,90,nist-dnn,1,FFFFFF
bootstrap,2026-10-03T13:30:40.808415703Z,imsi-001010123456780,1,20261003T132909Z,,81,Periodic Reporting,0,243846,243846,0,1311,1311,91,nist-dnn,1,FFFFFF
bootstrap,2026-10-03T13:30:41.805227678Z,imsi-001010123456780,1,20261003T132909Z,,82,Periodic Reporting,51,243969,244020,1,1312,1313,92,nist-dnn,1,FFFFFF
bootstrap,2026-10-03T13:30:42.804714486Z,imsi-001010123456780,1,20261003T132909Z,,83,Periodic Reporting,0,243846,243846,0,1311,1311,93,nist-dnn,1,FFFFFF
bootstrap,2026-10-03T13:30:43.806469955Z,imsi-001010123456780,1,20261003T132909Z,,84,Periodic Reporting,0,243846,243846,0,1311,1311,94,nist-dnn,1,FFFFFF
bootstrap,2026-10-03T13:30:44.807411235Z,imsi-001010123456780,1,20261003T132909Z,,85,Periodic Reporting,0,243846,243846,0,1311,1311,95,nist-dnn,1,FFFFFF
bootstrap,2026-10-03T13:30:45.808619557Z,imsi-001010123456780,1,20261003T132909Z,,86,Periodic Reporting,0,243846,243846,0,1311,1311,96,nist-dnn,1,FFFFFF
bootstrap,2026-10-03T13:30:46.808568527Z,imsi-001010123456780,1,20261003T132909Z,,87,Periodic Reporting,0,243846,243846,0,1311,1311,97,nist-dnn,1,FFFFFF
bootstrap,2026-10-03T13:30:47.80719653Z,imsi-001010123456780,1,20261003T132909Z,,88,Periodic Reporting,0,243846,243846,0,1311,1311,98,nist-dnn,1,FFFFFF
bootstrap,2026-10-03T13:30:48.80634111Z,imsi-001010123456780,1,20261003T132909Z,,89,Periodic Reporting,0,243846,243846,0,1311,1311,99,nist-dnn,1,FFFFFF
bootstrap,2026-10-03T13:30:49.806375396Z,imsi-001010123456780,1,20261003T132909Z,,90,Periodic Reporting,0,243846,243846,0,1311,1311,100,nist-dnn,1,FFFFFF
bootstrap,2026-10-03T13:30:50.808199096Z,imsi-001010123456780,1,20261003T132909Z,,91,Periodic Reporting,0,243846,243846,0,1311,1311,101,nist-dnn,1,FFFFFF
bootstrap,2026-10-03T13:30:51.817672041Z,imsi-001010123456780,1,20261003T132909Z,,92,Periodic Reporting,0,243846,243846,0,1311,1311,102,nist-dnn,1,FFFFFF
bootstrap,2026-10-03T13:30:52.806825216Z,imsi-001010123456780,1,20261003T132909Z,,93,Periodic Reporting,0,243846,243846,0,1311,1311,103,nist-dnn,1,FFFFFF
bootstrap,2026-10-03T13:30:53.80701591Z,imsi-001010123456780,1,20261003T132909Z,,94,Periodic Reporting,0,243846,243846,0,1311,1311,104,nist-dnn,1,FFFFFF
bootstrap,2026-10-03T13:30:54.808414868Z,imsi-001010123456780,1,20261003T132909Z,,95,Periodic Reporting,0,243846,243846,0,1311,1311,105,nist-dnn,1,FFFFFF
bootstrap,2026-10-03T13:30:55.813372848Z,imsi-001010123456780,1,20261003T132909Z,,96,Periodic Reporting,0,243846,243846,0,1311,1311,106,nist-dnn,1,FFFFFF
bootstrap,2026-10-03T13:30:56.815194008Z,imsi-001010123456780,1,20261003T132909Z,,97,Periodic Reporting,0,243846,243846,0,1311,1311,107,nist-dnn,1,FFFFFF
bootstrap,2026-10-03T13:30:57.807517298Z,imsi-001010123456780,1,20261003T132909Z,,98,Periodic Reporting,0,243846,243846,0,1311,1311,108,nist-dnn,1,FFFFFF
bootstrap,2026-10-03T13:30:58.806817511Z,imsi-001010123456780,1,20261003T132909Z,,99,Periodic Reporting,0,243846,243846,0,1311,1311,109,nist-dnn,1,FFFFFF
bootstrap,2026-10-03T13:30:59.813885233Z,imsi-001010123456780,1,20261003T132909Z,,100,Periodic Reporting,0,243846,243846,0,1311,1311,110,nist-dnn,1,FFFFFF
bootstrap,2026-10-03T13:31:00.808401766Z,imsi-001010123456780,1,20261003T132909Z,,101,Periodic Reporting,0,243846,243846,0,1311,1311,111,nist-dnn,1,FFFFFF
bootstrap,2026-10-03T13:31:01.807156955Z,imsi-001010123456780,1,20261003T132909Z,,102,Periodic Reporting,51,243969,244020,1,1312,1313,112,nist-dnn,1,FFFFFF
bootstrap,2026-10-03T13:31:02.808490757Z,imsi-001010123456780,1,20261003T132909Z,,103,Periodic Reporting,0,243846,243846,0,1311,1311,113,nist-dnn,1,FFFFFF
bootstrap,2026-10-03T13:31:03.808500955Z,imsi-001010123456780,1,20261003T132909Z,,104,Periodic Reporting,0,243846,243846,0,1311,1311,114,nist-dnn,1,FFFFFF
bootstrap,2026-10-03T13:31:04.82355692Z,imsi-001010123456780,1,20261003T132909Z,,105,Periodic Reporting,0,243846,243846,0,1311,1311,115,nist-dnn,1,FFFFFF
bootstrap,2026-10-03T13:31:05.815869112Z,imsi-001010123456780,1,20261003T132909Z,,106,Periodic Reporting,0,243846,243846,0,1311,1311,116,nist-dnn,1,FFFFFF
bootstrap,2026-10-03T13:31:06.809179393Z,imsi-001010123456780,1,20261003T132909Z,,107,Periodic Reporting,0,243846,243846,0,1311,1311,117,nist-dnn,1,FFFFFF
bootstrap,2026-10-03T13:31:07.816343564Z,imsi-001010123456780,1,20261003T132909Z,,108,Periodic Reporting,0,243846,243846,0,1311,1311,118,nist-dnn,1,FFFFFF
bootstrap,2026-10-03T13:31:08.807950076Z,imsi-001010123456780,1,20261003T132909Z,,109,Periodic Reporting,0,243846,243846,0,1311,1311,119,nist-dnn,1,FFFFFF
bootstrap,2026-10-03T13:31:09.809857291Z,imsi-001010123456780,1,20261003T132909Z,,110,Periodic Reporting,0,243846,243846,0,1311,1311,120,nist-dnn,1,FFFFFF
bootstrap,2026-10-03T13:31:10.809604298Z,imsi-001010123456780,1,20261003T132909Z,,111,Periodic Reporting,0,243846,243846,0,1311,1311,121,nist-dnn,1,FFFFFF
bootstrap,2026-10-03T13:31:11.814379399Z,imsi-001010123456780,1,20261003T132909Z,,112,Periodic Reporting,0,243660,243660,0,1310,1310,122,nist-dnn,1,FFFFFF
bootstrap,2026-10-03T13:31:12.813129205Z,imsi-001010123456780,1,20261003T132909Z,,113,Periodic Reporting,0,244218,244218,0,1313,1313,123,nist-dnn,1,FFFFFF
bootstrap,2026-10-03T13:31:13.81185476Z,imsi-001010123456780,1,20261003T132909Z,,114,Periodic Reporting,0,243846,243846,0,1311,1311,124,nist-dnn,1,FFFFFF
bootstrap,2026-10-03T13:31:14.814756628Z,imsi-001010123456780,1,20261003T132909Z,,115,Periodic Reporting,0,243846,243846,0,1311,1311,125,nist-dnn,1,FFFFFF
bootstrap,2026-10-03T13:31:15.824163422Z,imsi-001010123456780,1,20261003T132909Z,,116,Periodic Reporting,0,243846,243846,0,1311,1311,126,nist-dnn,1,FFFFFF
bootstrap,2026-10-03T13:31:16.817916038Z,imsi-001010123456780,1,20261003T132909Z,,117,Periodic Reporting,0,243846,243846,0,1311,1311,127,nist-dnn,1,FFFFFF
bootstrap,2026-10-03T13:31:17.83115145Z,imsi-001010123456780,1,20261003T132909Z,,118,Periodic Reporting,0,243846,243846,0,1311,1311,128,nist-dnn,1,FFFFFF
bootstrap,2026-10-03T13:31:18.817282532Z,imsi-001010123456780,1,20261003T132909Z,,119,Periodic Reporting,0,243846,243846,0,1311,1311,129,nist-dnn,1,FFFFFF
bootstrap,2026-10-03T13:31:19.816714096Z,imsi-001010123456780,1,20261003T132909Z,,120,Periodic Reporting,0,243846,243846,0,1311,1311,130,nist-dnn,1,FFFFFF
bootstrap,2026-10-03T13:31:20.815822644Z,imsi-001010123456780,1,20261003T132909Z,,121,Periodic Reporting,0,243846,243846,0,1311,1311,131,nist-dnn,1,FFFFFF
bootstrap,2026-10-03T13:31:21.8159512Z,imsi-001010123456780,1,20261003T132909Z,,122,Periodic Reporting,51,243969,244020,1,1312,1313,132,nist-dnn,1,FFFFFF
bootstrap,2026-10-03T13:31:22.815629195Z,imsi-001010123456780,1,20261003T132909Z,,123,Periodic Reporting,0,243846,243846,0,1311,1311,133,nist-dnn,1,FFFFFF
bootstrap,2026-10-03T13:31:23.81233733Z,imsi-001010123456780,1,20261003T132909Z,,124,Periodic Reporting,0,243846,243846,0,1311,1311,134,nist-dnn,1,FFFFFF
bootstrap,2026-10-03T13:31:24.8160153Z,imsi-001010123456780,1,20261003T132909Z,,125,Periodic Reporting,0,243846,243846,0,1311,1311,135,nist-dnn,1,FFFFFF
bootstrap,2026-10-03T13:31:25.817476375Z,imsi-001010123456780,1,20261003T132909Z,,126,Periodic Reporting,0,243846,243846,0,1311,1311,136,nist-dnn,1,FFFFFF
bootstrap,2026-10-03T13:31:26.815407953Z,imsi-001010123456780,1,20261003T132909Z,,127,Periodic Reporting,0,243846,243846,0,1311,1311,137,nist-dnn,1,FFFFFF
bootstrap,2026-10-03T13:31:27.824083972Z,imsi-001010123456780,1,20261003T132909Z,,128,Periodic Reporting,0,243846,243846,0,1311,1311,138,nist-dnn,1,FFFFFF
bootstrap,2026-10-03T13:31:28.81829324Z,imsi-001010123456780,1,20261003T132909Z,,129,Periodic Reporting,0,243846,243846,0,1311,1311,139,nist-dnn,1,FFFFFF
bootstrap,2026-10-03T13:31:29.814943692Z,imsi-001010123456780,1,20261003T132909Z,,130,Periodic Reporting,0,243846,243846,0,1311,1311,140,nist-dnn,1,FFFFFF
bootstrap,2026-10-03T13:31:30.81826341Z,imsi-001010123456780,1,20261003T132909Z,,131,Periodic Reporting,0,240870,240870,0,1295,1295,141,nist-dnn,1,FFFFFF
bootstrap,2026-10-03T13:31:32.81741899Z,imsi-001010123456780,1,20261003T132909Z,,132,Periodic Reporting,1020,1470,2490,6,7,13,143,nist-dnn,1,FFFFFF
bootstrap,2026-10-03T13:31:34.819856791Z,imsi-001010123456780,1,20261003T132909Z,,133,Periodic Reporting,0,0,0,0,0,0,145,nist-dnn,1,FFFFFF
bootstrap,2026-10-03T13:31:36.824559942Z,imsi-001010123456780,1,20261003T132909Z,,134,Periodic Reporting,0,0,0,0,0,0,147,nist-dnn,1,FFFFFF
bootstrap,2026-10-03T13:31:38.826469097Z,imsi-001010123456780,1,20261003T132909Z,,135,Periodic Reporting,0,0,0,0,0,0,149,nist-dnn,1,FFFFFF
bootstrap,2026-10-03T13:31:40.827727633Z,imsi-001010123456780,1,20261003T132909Z,,136,Periodic Reporting,0,0,0,0,0,0,151,nist-dnn,1,FFFFFF
bootstrap,2026-10-03T13:31:42.834039792Z,imsi-001010123456780,1,20261003T132909Z,,137,Periodic Reporting,51,123,174,1,1,2,153,nist-dnn,1,FFFFFF
bootstrap,2026-10-03T13:31:44.837628378Z,imsi-001010123456780,1,20261003T132909Z,,138,Periodic Reporting,0,0,0,0,0,0,155,nist-dnn,1,FFFFFF
bootstrap,2026-10-03T13:31:46.836467474Z,imsi-001010123456780,1,20261003T132909Z,,139,Periodic Reporting,0,0,0,0,0,0,157,nist-dnn,1,FFFFFF
bootstrap,2026-10-03T13:31:48.838184401Z,imsi-001010123456780,1,20261003T132909Z,,140,Periodic Reporting,0,0,0,0,0,0,159,nist-dnn,1,FFFFFF
bootstrap,2026-10-03T13:31:50.840121004Z,imsi-001010123456780,1,20261003T132909Z,,141,Periodic Reporting,0,0,0,0,0,0,161,nist-dnn,1,FFFFFF
bootstrap,2026-10-03T13:31:52.844576194Z,imsi-001010123456780,1,20261003T132909Z,,142,Periodic Reporting,0,0,0,0,0,0,163,nist-dnn,1,FFFFFF
bootstrap,2026-10-03T13:31:54.849320246Z,imsi-001010123456780,1,20261003T132909Z,,143,Periodic Reporting,0,0,0,0,0,0,165,nist-dnn,1,FFFFFF
bootstrap,2026-10-03T13:31:56.859785566Z,imsi-001010123456780,1,20261003T132909Z,,144,Periodic Reporting,0,0,0,0,0,0,167,nist-dnn,1,FFFFFF
bootstrap,2026-10-03T13:31:58.851354728Z,imsi-001010123456780,1,20261003T132909Z,,145,Periodic Reporting,0,0,0,0,0,0,169,nist-dnn,1,FFFFFF
bootstrap,2026-10-03T13:32:00.864414223Z,imsi-001010123456780,1,20261003T132909Z,,146,Periodic Reporting,0,0,0,0,0,0,171,nist-dnn,1,FFFFFF
bootstrap,2026-10-03T13:32:02.856493436Z,imsi-001010123456780,1,20261003T132909Z,,147,Periodic Reporting,51,123,174,1,1,2,173,nist-dnn,1,FFFFFF
bootstrap,2026-10-03T13:32:37.171618011Z,imsi-001010123456780,1000001791034357,20261003T133037Z,,999999999,Volume Threshold,100,100,200,1,1,2,120,nist-dnn,1,FFFFFF
bootstrap,2026-10-03T13:33:00.917726745Z,imsi-001010123456780,2,20261003T133259Z,,1,Periodic Reporting,0,0,0,0,0,0,1,nist-dnn,1,FFFFFF
bootstrap,2026-10-03T13:33:02.925296719Z,imsi-001010123456780,2,20261003T133259Z,,2,Periodic Reporting,0,0,0,0,0,0,3,nist-dnn,1,FFFFFF
bootstrap,2026-10-03T13:33:04.922022374Z,imsi-001010123456780,2,20261003T133259Z,,3,Periodic Reporting,0,0,0,0,0,0,5,nist-dnn,1,FFFFFF
bootstrap,2026-10-03T13:33:06.927394857Z,imsi-001010123456780,2,20261003T133259Z,,4,Periodic Reporting,0,0,0,0,0,0,7,nist-dnn,1,FFFFFF
bootstrap,2026-10-03T13:33:08.927936917Z,imsi-001010123456780,2,20261003T133259Z,,5,Periodic Reporting,0,0,0,0,0,0,9,nist-dnn,1,FFFFFF
bootstrap,2026-10-03T13:33:10.931408041Z,imsi-001010123456780,2,20261003T133259Z,,6,Periodic Reporting,0,0,0,0,0,0,11,nist-dnn,1,FFFFFF
bootstrap,2026-10-03T13:33:12.936936788Z,imsi-001010123456780,2,20261003T133259Z,,7,Periodic Reporting,0,0,0,0,0,0,13,nist-dnn,1,FFFFFF
bootstrap,2026-10-03T13:33:13.93436127Z,imsi-001010123456780,2,20261003T133259Z,,8,Periodic Reporting,176800,0,176800,400,0,400,14,nist-dnn,1,FFFFFF
bootstrap,2026-10-03T13:33:14.934801171Z,imsi-001010123456780,2,20261003T133259Z,,9,Periodic Reporting,570180,0,570180,1290,0,1290,15,nist-dnn,1,FFFFFF
bootstrap,2026-10-03T13:33:15.940349175Z,imsi-001010123456780,2,20261003T133259Z,,10,Periodic Reporting,1043171,123,1043294,2361,1,2362,16,nist-dnn,1,FFFFFF
bootstrap,2026-10-03T13:33:16.946004416Z,imsi-001010123456780,2,20261003T133259Z,,11,Periodic Reporting,924664,0,924664,2092,0,2092,17,nist-dnn,1,FFFFFF
bootstrap,2026-10-03T13:33:17.948568983Z,imsi-001010123456780,2,20261003T133259Z,,12,Periodic Reporting,739466,0,739466,1673,0,1673,18,nist-dnn,1,FFFFFF
bootstrap,2026-10-03T13:33:18.96263491Z,imsi-001010123456780,2,20261003T133259Z,,13,Periodic Reporting,721786,0,721786,1633,0,1633,19,nist-dnn,1,FFFFFF
bootstrap,2026-10-03T13:33:19.975473727Z,imsi-001010123456780,2,20261003T133259Z,,14,Periodic Reporting,729742,0,729742,1651,0,1651,20,nist-dnn,1,FFFFFF
bootstrap,2026-10-03T13:33:20.994057308Z,imsi-001010123456780,2,20261003T133259Z,,15,Periodic Reporting,743886,0,743886,1683,0,1683,21,nist-dnn,1,FFFFFF
bootstrap,2026-10-03T13:33:21.997756843Z,imsi-001010123456780,2,20261003T133259Z,,16,Periodic Reporting,727090,0,727090,1645,0,1645,22,nist-dnn,1,FFFFFF
bootstrap,2026-10-03T13:33:23.006001058Z,imsi-001010123456780,2,20261003T133259Z,,17,Periodic Reporting,738140,0,738140,1670,0,1670,23,nist-dnn,1,FFFFFF
bootstrap,2026-10-03T13:33:24.006835547Z,imsi-001010123456780,2,20261003T133259Z,,18,Periodic Reporting,719134,0,719134,1627,0,1627,24,nist-dnn,1,FFFFFF
bootstrap,2026-10-03T13:33:25.028375447Z,imsi-001010123456780,2,20261003T133259Z,,19,Periodic Reporting,744770,0,744770,1685,0,1685,25,nist-dnn,1,FFFFFF
bootstrap,2026-10-03T13:33:26.040598119Z,imsi-001010123456780,2,20261003T133259Z,,20,Periodic Reporting,727974,0,727974,1647,0,1647,26,nist-dnn,1,FFFFFF
bootstrap,2026-10-03T13:33:27.075728068Z,imsi-001010123456780,2,20261003T133259Z,,21,Periodic Reporting,740350,0,740350,1675,0,1675,27,nist-dnn,1,FFFFFF
bootstrap,2026-10-03T13:33:28.074669203Z,imsi-001010123456780,2,20261003T133259Z,,22,Periodic Reporting,743002,0,743002,1681,0,1681,28,nist-dnn,1,FFFFFF
bootstrap,2026-10-03T13:33:29.099547802Z,imsi-001010123456780,2,20261003T133259Z,,23,Periodic Reporting,739024,0,739024,1672,0,1672,29,nist-dnn,1,FFFFFF
bootstrap,2026-10-03T13:33:30.083998738Z,imsi-001010123456780,2,20261003T133259Z,,24,Periodic Reporting,697034,0,697034,1577,0,1577,30,nist-dnn,1,FFFFFF
bootstrap,2026-10-03T13:33:31.086894794Z,imsi-001010123456780,2,20261003T133259Z,,25,Periodic Reporting,722670,0,722670,1635,0,1635,31,nist-dnn,1,FFFFFF
bootstrap,2026-10-03T13:33:32.126718097Z,imsi-001010123456780,2,20261003T133259Z,,26,Periodic Reporting,760240,0,760240,1720,0,1720,32,nist-dnn,1,FFFFFF
bootstrap,2026-10-03T13:33:33.135424555Z,imsi-001010123456780,2,20261003T133259Z,,27,Periodic Reporting,727532,0,727532,1646,0,1646,33,nist-dnn,1,FFFFFF
bootstrap,2026-10-03T13:33:34.136035114Z,imsi-001010123456780,2,20261003T133259Z,,28,Periodic Reporting,732394,0,732394,1657,0,1657,34,nist-dnn,1,FFFFFF
bootstrap,2026-10-03T13:33:35.141621719Z,imsi-001010123456780,2,20261003T133259Z,,29,Periodic Reporting,752335,123,752458,1703,1,1704,36,nist-dnn,1,FFFFFF
bootstrap,2026-10-03T13:33:36.1621663Z,imsi-001010123456780,2,20261003T133259Z,,30,Periodic Reporting,708526,0,708526,1603,0,1603,37,nist-dnn,1,FFFFFF
bootstrap,2026-10-03T13:33:37.188482918Z,imsi-001010123456780,2,20261003T133259Z,,31,Periodic Reporting,739024,0,739024,1672,0,1672,38,nist-dnn,1,FFFFFF
bootstrap,2026-10-03T13:33:38.180917585Z,imsi-001010123456780,2,20261003T133259Z,,32,Periodic Reporting,760682,0,760682,1721,0,1721,39,nist-dnn,1,FFFFFF
bootstrap,2026-10-03T13:33:39.181897836Z,imsi-001010123456780,2,20261003T133259Z,,33,Periodic Reporting,720460,0,720460,1630,0,1630,40,nist-dnn,1,FFFFFF
bootstrap,2026-10-03T13:33:40.189050189Z,imsi-001010123456780,2,20261003T133259Z,,34,Periodic Reporting,719134,0,719134,1627,0,1627,41,nist-dnn,1,FFFFFF
bootstrap,2026-10-03T13:33:41.210580441Z,imsi-001010123456780,2,20261003T133259Z,,35,Periodic Reporting,715156,0,715156,1618,0,1618,42,nist-dnn,1,FFFFFF
bootstrap,2026-10-03T13:33:42.210279066Z,imsi-001010123456780,2,20261003T133259Z,,36,Periodic Reporting,753168,0,753168,1704,0,1704,43,nist-dnn,1,FFFFFF
bootstrap,2026-10-03T13:33:43.210863618Z,imsi-001010123456780,2,20261003T133259Z,,37,Periodic Reporting,723996,0,723996,1638,0,1638,44,nist-dnn,1,FFFFFF
bootstrap,2026-10-03T13:33:44.255713131Z,imsi-001010123456780,2,20261003T133259Z,,38,Periodic Reporting,730626,0,730626,1653,0,1653,45,nist-dnn,1,FFFFFF
bootstrap,2026-10-03T13:33:45.285802092Z,imsi-001010123456780,2,20261003T133259Z,,39,Periodic Reporting,748748,0,748748,1694,0,1694,46,nist-dnn,1,FFFFFF
bootstrap,2026-10-03T13:33:46.302661952Z,imsi-001010123456780,2,20261003T133259Z,,40,Periodic Reporting,732836,0,732836,1658,0,1658,47,nist-dnn,1,FFFFFF
bootstrap,2026-10-03T13:33:47.304531953Z,imsi-001010123456780,2,20261003T133259Z,,41,Periodic Reporting,739024,0,739024,1672,0,1672,48,nist-dnn,1,FFFFFF
bootstrap,2026-10-03T13:33:48.305102246Z,imsi-001010123456780,2,20261003T133259Z,,42,Periodic Reporting,739908,0,739908,1674,0,1674,49,nist-dnn,1,FFFFFF
bootstrap,2026-10-03T13:33:49.309599143Z,imsi-001010123456780,2,20261003T133259Z,,43,Periodic Reporting,700128,0,700128,1584,0,1584,50,nist-dnn,1,FFFFFF
bootstrap,2026-10-03T13:33:50.309257242Z,imsi-001010123456780,2,20261003T133259Z,,44,Periodic Reporting,741234,0,741234,1677,0,1677,51,nist-dnn,1,FFFFFF
bootstrap,2026-10-03T13:33:51.331834242Z,imsi-001010123456780,2,20261003T133259Z,,45,Periodic Reporting,736372,0,736372,1666,0,1666,52,nist-dnn,1,FFFFFF
bootstrap,2026-10-03T13:33:52.340067738Z,imsi-001010123456780,2,20261003T133259Z,,46,Periodic Reporting,704106,0,704106,1593,0,1593,53,nist-dnn,1,FFFFFF
bootstrap,2026-10-03T13:33:53.349241083Z,imsi-001010123456780,2,20261003T133259Z,,47,Periodic Reporting,764218,0,764218,1729,0,1729,54,nist-dnn,1,FFFFFF
bootstrap,2026-10-03T13:33:54.361160388Z,imsi-001010123456780,2,20261003T133259Z,,48,Periodic Reporting,706758,0,706758,1599,0,1599,55,nist-dnn,1,FFFFFF
bootstrap,2026-10-03T13:33:55.392193667Z,imsi-001010123456780,2,20261003T133259Z,,49,Periodic Reporting,743053,123,743176,1682,1,1683,56,nist-dnn,1,FFFFFF
bootstrap,2026-10-03T13:33:56.399803133Z,imsi-001010123456780,2,20261003T133259Z,,50,Periodic Reporting,729300,0,729300,1650,0,1650,57,nist-dnn,1,FFFFFF
bootstrap,2026-10-03T13:33:57.404709037Z,imsi-001010123456780,2,20261003T133259Z,,51,Periodic Reporting,746980,0,746980,1690,0,1690,58,nist-dnn,1,FFFFFF
bootstrap,2026-10-03T13:33:58.429667813Z,imsi-001010123456780,2,20261003T133259Z,,52,Periodic Reporting,733720,0,733720,1660,0,1660,59,nist-dnn,1,FFFFFF
bootstrap,2026-10-03T13:33:59.458127101Z,imsi-001010123456780,2,20261003T133259Z,,53,Periodic Reporting,747864,0,747864,1692,0,1692,60,nist-dnn,1,FFFFFF
bootstrap,2026-10-03T13:34:00.465770663Z,imsi-001010123456780,2,20261003T133259Z,,54,Periodic Reporting,726648,0,726648,1644,0,1644,61,nist-dnn,1,FFFFFF
bootstrap,2026-10-03T13:34:01.47477692Z,imsi-001010123456780,2,20261003T133259Z,,55,Periodic Reporting,750958,0,750958,1699,0,1699,62,nist-dnn,1,FFFFFF
bootstrap,2026-10-03T13:34:02.475261458Z,imsi-001010123456780,2,20261003T133259Z,,56,Periodic Reporting,708526,0,708526,1603,0,1603,63,nist-dnn,1,FFFFFF
bootstrap,2026-10-03T13:34:03.480873592Z,imsi-001010123456780,2,20261003T133259Z,,57,Periodic Reporting,734162,0,734162,1661,0,1661,64,nist-dnn,1,FFFFFF
bootstrap,2026-10-03T13:34:04.505263373Z,imsi-001010123456780,2,20261003T133259Z,,58,Periodic Reporting,735930,0,735930,1665,0,1665,65,nist-dnn,1,FFFFFF
bootstrap,2026-10-03T13:34:05.518751317Z,imsi-001010123456780,2,20261003T133259Z,,59,Periodic Reporting,726206,0,726206,1643,0,1643,66,nist-dnn,1,FFFFFF
bootstrap,2026-10-03T13:34:06.527752694Z,imsi-001010123456780,2,20261003T133259Z,,60,Periodic Reporting,739466,0,739466,1673,0,1673,67,nist-dnn,1,FFFFFF
bootstrap,2026-10-03T13:34:07.529376335Z,imsi-001010123456780,2,20261003T133259Z,,61,Periodic Reporting,719576,0,719576,1628,0,1628,68,nist-dnn,1,FFFFFF
bootstrap,2026-10-03T13:34:08.567418717Z,imsi-001010123456780,2,20261003T133259Z,,62,Periodic Reporting,743444,0,743444,1682,0,1682,69,nist-dnn,1,FFFFFF
bootstrap,2026-10-03T13:34:09.561533581Z,imsi-001010123456780,2,20261003T133259Z,,63,Periodic Reporting,741676,0,741676,1678,0,1678,70,nist-dnn,1,FFFFFF
bootstrap,2026-10-03T13:34:10.612985654Z,imsi-001010123456780,2,20261003T133259Z,,64,Periodic Reporting,739024,0,739024,1672,0,1672,71,nist-dnn,1,FFFFFF
bootstrap,2026-10-03T13:34:11.643980915Z,imsi-001010123456780,2,20261003T133259Z,,65,Periodic Reporting,750074,0,750074,1697,0,1697,72,nist-dnn,1,FFFFFF
bootstrap,2026-10-03T13:34:12.634134591Z,imsi-001010123456780,2,20261003T133259Z,,66,Periodic Reporting,726648,0,726648,1644,0,1644,73,nist-dnn,1,FFFFFF
bootstrap,2026-10-03T13:34:14.641883357Z,imsi-001010123456780,2,20261003T133259Z,,67,Periodic Reporting,405024,856,405880,918,4,922,75,nist-dnn,1,FFFFFF
bootstrap,2026-10-03T13:34:16.637646253Z,imsi-001010123456780,2,20261003T133259Z,,68,Periodic Reporting,51,123,174,1,1,2,77,nist-dnn,1,FFFFFF
bootstrap,2026-10-03T13:34:18.651028552Z,imsi-001010123456780,2,20261003T133259Z,,69,Periodic Reporting,0,0,0,0,0,0,79,nist-dnn,1,FFFFFF
bootstrap,2026-10-03T13:34:20.657625032Z,imsi-001010123456780,2,20261003T133259Z,,70,Periodic Reporting,0,0,0,0,0,0,81,nist-dnn,1,FFFFFF
bootstrap,2026-10-03T13:34:22.645938089Z,imsi-001010123456780,2,20261003T133259Z,,71,Periodic Reporting,0,0,0,0,0,0,83,nist-dnn,1,FFFFFF
bootstrap,2026-10-03T13:34:23.655035405Z,imsi-001010123456780,2,20261003T133259Z,,72,Periodic Reporting,0,88938,88938,0,183,183,84,nist-dnn,1,FFFFFF
bootstrap,2026-10-03T13:34:24.663298642Z,imsi-001010123456780,2,20261003T133259Z,,73,Periodic Reporting,0,796554,796554,0,1639,1639,85,nist-dnn,1,FFFFFF
bootstrap,2026-10-03T13:34:25.667730842Z,imsi-001010123456780,2,20261003T133259Z,,74,Periodic Reporting,0,796554,796554,0,1639,1639,86,nist-dnn,1,FFFFFF
bootstrap,2026-10-03T13:34:26.663599539Z,imsi-001010123456780,2,20261003T133259Z,,75,Periodic Reporting,0,796554,796554,0,1639,1639,87,nist-dnn,1,FFFFFF
bootstrap,2026-10-03T13:34:27.648556577Z,imsi-001010123456780,2,20261003T133259Z,,76,Periodic Reporting,0,796554,796554,0,1639,1639,88,nist-dnn,1,FFFFFF
bootstrap,2026-10-03T13:34:28.649605808Z,imsi-001010123456780,2,20261003T133259Z,,77,Periodic Reporting,0,796554,796554,0,1639,1639,89,nist-dnn,1,FFFFFF
bootstrap,2026-10-03T13:34:29.654996168Z,imsi-001010123456780,2,20261003T133259Z,,78,Periodic Reporting,0,796554,796554,0,1639,1639,90,nist-dnn,1,FFFFFF
bootstrap,2026-10-03T13:34:30.654647444Z,imsi-001010123456780,2,20261003T133259Z,,79,Periodic Reporting,0,796554,796554,0,1639,1639,91,nist-dnn,1,FFFFFF
bootstrap,2026-10-03T13:34:31.65034056Z,imsi-001010123456780,2,20261003T133259Z,,80,Periodic Reporting,0,796554,796554,0,1639,1639,92,nist-dnn,1,FFFFFF
bootstrap,2026-10-03T13:34:32.657036482Z,imsi-001010123456780,2,20261003T133259Z,,81,Periodic Reporting,0,796554,796554,0,1639,1639,93,nist-dnn,1,FFFFFF
bootstrap,2026-10-03T13:34:33.651003247Z,imsi-001010123456780,2,20261003T133259Z,,82,Periodic Reporting,0,796554,796554,0,1639,1639,94,nist-dnn,1,FFFFFF
bootstrap,2026-10-03T13:34:34.653545852Z,imsi-001010123456780,2,20261003T133259Z,,83,Periodic Reporting,0,796554,796554,0,1639,1639,95,nist-dnn,1,FFFFFF
bootstrap,2026-10-03T13:34:35.654076343Z,imsi-001010123456780,2,20261003T133259Z,,84,Periodic Reporting,51,796677,796728,1,1640,1641,96,nist-dnn,1,FFFFFF
bootstrap,2026-10-03T13:34:36.652469502Z,imsi-001010123456780,2,20261003T133259Z,,85,Periodic Reporting,0,796554,796554,0,1639,1639,97,nist-dnn,1,FFFFFF
bootstrap,2026-10-03T13:34:37.660111847Z,imsi-001010123456780,2,20261003T133259Z,,86,Periodic Reporting,0,796554,796554,0,1639,1639,98,nist-dnn,1,FFFFFF
bootstrap,2026-10-03T13:34:38.652834699Z,imsi-001010123456780,2,20261003T133259Z,,87,Periodic Reporting,0,796554,796554,0,1639,1639,99,nist-dnn,1,FFFFFF
bootstrap,2026-10-03T13:34:39.653929762Z,imsi-001010123456780,2,20261003T133259Z,,88,Periodic Reporting,0,796554,796554,0,1639,1639,100,nist-dnn,1,FFFFFF
bootstrap,2026-10-03T13:34:40.653210287Z,imsi-001010123456780,2,20261003T133259Z,,89,Periodic Reporting,0,796554,796554,0,1639,1639,101,nist-dnn,1,FFFFFF
bootstrap,2026-10-03T13:34:41.655300701Z,imsi-001010123456780,2,20261003T133259Z,,90,Periodic Reporting,0,796554,796554,0,1639,1639,102,nist-dnn,1,FFFFFF
bootstrap,2026-10-03T13:34:42.657433021Z,imsi-001010123456780,2,20261003T133259Z,,91,Periodic Reporting,0,796554,796554,0,1639,1639,103,nist-dnn,1,FFFFFF
bootstrap,2026-10-03T13:34:43.658015814Z,imsi-001010123456780,2,20261003T133259Z,,92,Periodic Reporting,0,796554,796554,0,1639,1639,104,nist-dnn,1,FFFFFF
bootstrap,2026-10-03T13:34:44.654320718Z,imsi-001010123456780,2,20261003T133259Z,,93,Periodic Reporting,0,796554,796554,0,1639,1639,105,nist-dnn,1,FFFFFF
bootstrap,2026-10-03T13:34:45.659458541Z,imsi-001010123456780,2,20261003T133259Z,,94,Periodic Reporting,0,796554,796554,0,1639,1639,106,nist-dnn,1,FFFFFF
bootstrap,2026-10-03T13:34:46.658460627Z,imsi-001010123456780,2,20261003T133259Z,,95,Periodic Reporting,0,796554,796554,0,1639,1639,107,nist-dnn,1,FFFFFF
bootstrap,2026-10-03T13:34:47.654898981Z,imsi-001010123456780,2,20261003T133259Z,,96,Periodic Reporting,0,796554,796554,0,1639,1639,108,nist-dnn,1,FFFFFF
bootstrap,2026-10-03T13:34:48.655019441Z,imsi-001010123456780,2,20261003T133259Z,,97,Periodic Reporting,0,796554,796554,0,1639,1639,109,nist-dnn,1,FFFFFF
bootstrap,2026-10-03T13:34:49.654606008Z,imsi-001010123456780,2,20261003T133259Z,,98,Periodic Reporting,0,796554,796554,0,1639,1639,110,nist-dnn,1,FFFFFF
bootstrap,2026-10-03T13:34:50.655966824Z,imsi-001010123456780,2,20261003T133259Z,,99,Periodic Reporting,0,796554,796554,0,1639,1639,111,nist-dnn,1,FFFFFF
bootstrap,2026-10-03T13:34:51.667098377Z,imsi-001010123456780,2,20261003T133259Z,,100,Periodic Reporting,0,796554,796554,0,1639,1639,112,nist-dnn,1,FFFFFF
bootstrap,2026-10-03T13:34:52.661269351Z,imsi-001010123456780,2,20261003T133259Z,,101,Periodic Reporting,0,796554,796554,0,1639,1639,113,nist-dnn,1,FFFFFF
bootstrap,2026-10-03T13:34:53.657529398Z,imsi-001010123456780,2,20261003T133259Z,,102,Periodic Reporting,0,796554,796554,0,1639,1639,114,nist-dnn,1,FFFFFF
bootstrap,2026-10-03T13:34:54.656877839Z,imsi-001010123456780,2,20261003T133259Z,,103,Periodic Reporting,0,796554,796554,0,1639,1639,115,nist-dnn,1,FFFFFF
bootstrap,2026-10-03T13:34:55.664109151Z,imsi-001010123456780,2,20261003T133259Z,,104,Periodic Reporting,51,796677,796728,1,1640,1641,116,nist-dnn,1,FFFFFF
bootstrap,2026-10-03T13:34:56.661714452Z,imsi-001010123456780,2,20261003T133259Z,,105,Periodic Reporting,0,796554,796554,0,1639,1639,117,nist-dnn,1,FFFFFF
bootstrap,2026-10-03T13:34:57.661606926Z,imsi-001010123456780,2,20261003T133259Z,,106,Periodic Reporting,0,796554,796554,0,1639,1639,118,nist-dnn,1,FFFFFF
bootstrap,2026-10-03T13:34:58.658121657Z,imsi-001010123456780,2,20261003T133259Z,,107,Periodic Reporting,0,796554,796554,0,1639,1639,119,nist-dnn,1,FFFFFF
bootstrap,2026-10-03T13:34:59.658525948Z,imsi-001010123456780,2,20261003T133259Z,,108,Periodic Reporting,0,796068,796068,0,1638,1638,120,nist-dnn,1,FFFFFF
bootstrap,2026-10-03T13:35:00.665452718Z,imsi-001010123456780,2,20261003T133259Z,,109,Periodic Reporting,0,797040,797040,0,1640,1640,121,nist-dnn,1,FFFFFF
bootstrap,2026-10-03T13:35:01.67228904Z,imsi-001010123456780,2,20261003T133259Z,,110,Periodic Reporting,0,796554,796554,0,1639,1639,122,nist-dnn,1,FFFFFF
bootstrap,2026-10-03T13:35:02.66865195Z,imsi-001010123456780,2,20261003T133259Z,,111,Periodic Reporting,0,796554,796554,0,1639,1639,123,nist-dnn,1,FFFFFF
bootstrap,2026-10-03T13:35:03.668665541Z,imsi-001010123456780,2,20261003T133259Z,,112,Periodic Reporting,0,796554,796554,0,1639,1639,124,nist-dnn,1,FFFFFF
bootstrap,2026-10-03T13:35:04.662728036Z,imsi-001010123456780,2,20261003T133259Z,,113,Periodic Reporting,0,796554,796554,0,1639,1639,125,nist-dnn,1,FFFFFF
bootstrap,2026-10-03T13:35:05.662283821Z,imsi-001010123456780,2,20261003T133259Z,,114,Periodic Reporting,0,796554,796554,0,1639,1639,126,nist-dnn,1,FFFFFF
bootstrap,2026-10-03T13:35:06.665968796Z,imsi-001010123456780,2,20261003T133259Z,,115,Periodic Reporting,0,796554,796554,0,1639,1639,127,nist-dnn,1,FFFFFF
bootstrap,2026-10-03T13:35:07.669751444Z,imsi-001010123456780,2,20261003T133259Z,,116,Periodic Reporting,0,796554,796554,0,1639,1639,128,nist-dnn,1,FFFFFF
bootstrap,2026-10-03T13:35:08.662330061Z,imsi-001010123456780,2,20261003T133259Z,,117,Periodic Reporting,0,796554,796554,0,1639,1639,129,nist-dnn,1,FFFFFF
bootstrap,2026-10-03T13:35:09.662429288Z,imsi-001010123456780,2,20261003T133259Z,,118,Periodic Reporting,0,796554,796554,0,1639,1639,130,nist-dnn,1,FFFFFF
bootstrap,2026-10-03T13:35:10.668573656Z,imsi-001010123456780,2,20261003T133259Z,,119,Periodic Reporting,0,796554,796554,0,1639,1639,131,nist-dnn,1,FFFFFF
bootstrap,2026-10-03T13:35:11.665133362Z,imsi-001010123456780,2,20261003T133259Z,,120,Periodic Reporting,0,796554,796554,0,1639,1639,132,nist-dnn,1,FFFFFF
bootstrap,2026-10-03T13:35:12.668640919Z,imsi-001010123456780,2,20261003T133259Z,,121,Periodic Reporting,0,796554,796554,0,1639,1639,133,nist-dnn,1,FFFFFF
bootstrap,2026-10-03T13:35:13.67215614Z,imsi-001010123456780,2,20261003T133259Z,,122,Periodic Reporting,0,796554,796554,0,1639,1639,134,nist-dnn,1,FFFFFF
bootstrap,2026-10-03T13:35:14.671725708Z,imsi-001010123456780,2,20261003T133259Z,,123,Periodic Reporting,0,796554,796554,0,1639,1639,135,nist-dnn,1,FFFFFF
bootstrap,2026-10-03T13:35:15.665373808Z,imsi-001010123456780,2,20261003T133259Z,,124,Periodic Reporting,51,796677,796728,1,1640,1641,136,nist-dnn,1,FFFFFF
bootstrap,2026-10-03T13:35:16.668845908Z,imsi-001010123456780,2,20261003T133259Z,,125,Periodic Reporting,0,796554,796554,0,1639,1639,137,nist-dnn,1,FFFFFF
bootstrap,2026-10-03T13:35:17.670004989Z,imsi-001010123456780,2,20261003T133259Z,,126,Periodic Reporting,0,796554,796554,0,1639,1639,138,nist-dnn,1,FFFFFF
bootstrap,2026-10-03T13:35:18.667312954Z,imsi-001010123456780,2,20261003T133259Z,,127,Periodic Reporting,0,796554,796554,0,1639,1639,139,nist-dnn,1,FFFFFF
bootstrap,2026-10-03T13:35:19.67798743Z,imsi-001010123456780,2,20261003T133259Z,,128,Periodic Reporting,0,796554,796554,0,1639,1639,140,nist-dnn,1,FFFFFF
bootstrap,2026-10-03T13:35:20.669394809Z,imsi-001010123456780,2,20261003T133259Z,,129,Periodic Reporting,0,796554,796554,0,1639,1639,141,nist-dnn,1,FFFFFF
bootstrap,2026-10-03T13:35:21.687158243Z,imsi-001010123456780,2,20261003T133259Z,,130,Periodic Reporting,0,796554,796554,0,1639,1639,142,nist-dnn,1,FFFFFF
bootstrap,2026-10-03T13:35:22.666924986Z,imsi-001010123456780,2,20261003T133259Z,,131,Periodic Reporting,0,796554,796554,0,1639,1639,143,nist-dnn,1,FFFFFF
bootstrap,2026-10-03T13:35:24.671280079Z,imsi-001010123456780,2,20261003T133259Z,,132,Periodic Reporting,1360,696432,697792,8,1436,1444,145,nist-dnn,1,FFFFFF
bootstrap,2026-10-03T13:35:26.675361416Z,imsi-001010123456780,2,20261003T133259Z,,133,Periodic Reporting,0,0,0,0,0,0,147,nist-dnn,1,FFFFFF
bootstrap,2026-10-03T13:35:28.675531984Z,imsi-001010123456780,2,20261003T133259Z,,134,Periodic Reporting,0,0,0,0,0,0,149,nist-dnn,1,FFFFFF
bootstrap,2026-10-03T13:35:30.679450887Z,imsi-001010123456780,2,20261003T133259Z,,135,Periodic Reporting,0,0,0,0,0,0,151,nist-dnn,1,FFFFFF
bootstrap,2026-10-03T13:35:32.683821499Z,imsi-001010123456780,2,20261003T133259Z,,136,Periodic Reporting,0,0,0,0,0,0,153,nist-dnn,1,FFFFFF
bootstrap,2026-10-03T13:35:34.684237391Z,imsi-001010123456780,2,20261003T133259Z,,137,Periodic Reporting,0,0,0,0,0,0,155,nist-dnn,1,FFFFFF
bootstrap,2026-10-03T13:35:36.684365779Z,imsi-001010123456780,2,20261003T133259Z,,138,Periodic Reporting,51,123,174,1,1,2,157,nist-dnn,1,FFFFFF
bootstrap,2026-10-03T13:35:38.69091549Z,imsi-001010123456780,2,20261003T133259Z,,139,Periodic Reporting,0,0,0,0,0,0,159,nist-dnn,1,FFFFFF
bootstrap,2026-10-03T13:35:40.688859065Z,imsi-001010123456780,2,20261003T133259Z,,140,Periodic Reporting,0,0,0,0,0,0,161,nist-dnn,1,FFFFFF
bootstrap,2026-10-03T13:35:42.701992282Z,imsi-001010123456780,2,20261003T133259Z,,141,Periodic Reporting,0,0,0,0,0,0,163,nist-dnn,1,FFFFFF
bootstrap,2026-10-03T13:35:44.695631786Z,imsi-001010123456780,2,20261003T133259Z,,142,Periodic Reporting,0,0,0,0,0,0,165,nist-dnn,1,FFFFFF
bootstrap,2026-10-03T13:35:46.696683657Z,imsi-001010123456780,2,20261003T133259Z,,143,Periodic Reporting,0,0,0,0,0,0,167,nist-dnn,1,FFFFFF
bootstrap,2026-10-03T13:35:48.704405852Z,imsi-001010123456780,2,20261003T133259Z,,144,Periodic Reporting,0,0,0,0,0,0,169,nist-dnn,1,FFFFFF
bootstrap,2026-10-03T13:35:50.709329834Z,imsi-001010123456780,2,20261003T133259Z,,145,Periodic Reporting,0,0,0,0,0,0,171,nist-dnn,1,FFFFFF
bootstrap,2026-10-03T13:35:52.736256353Z,imsi-001010123456780,2,20261003T133259Z,,146,Periodic Reporting,0,0,0,0,0,0,173,nist-dnn,1,FFFFFF
bootstrap,2026-10-03T13:35:54.706928244Z,imsi-001010123456780,2,20261003T133259Z,,147,Periodic Reporting,0,0,0,0,0,0,175,nist-dnn,1,FFFFFF
bootstrap,2026-10-03T13:35:56.708941912Z,imsi-001010123456780,2,20261003T133259Z,,148,Periodic Reporting,51,123,174,1,1,2,177,nist-dnn,1,FFFFFF
bootstrap,2026-10-03T13:35:58.722074877Z,imsi-001010123456780,2,20261003T133259Z,,149,Periodic Reporting,0,0,0,0,0,0,179,nist-dnn,1,FFFFFF
bootstrap,2026-10-03T13:36:00.711458561Z,imsi-001010123456780,2,20261003T133259Z,,150,Periodic Reporting,0,0,0,0,0,0,181,nist-dnn,1,FFFFFF
bootstrap,2026-10-03T13:36:02.719012683Z,imsi-001010123456780,2,20261003T133259Z,,151,Periodic Reporting,0,0,0,0,0,0,183,nist-dnn,1,FFFFFF
bootstrap,2026-10-03T13:36:04.730481602Z,imsi-001010123456780,2,20261003T133259Z,,152,Periodic Reporting,0,0,0,0,0,0,185,nist-dnn,1,FFFFFF
bootstrap,2026-10-03T13:36:06.726697318Z,imsi-001010123456780,2,20261003T133259Z,,153,Periodic Reporting,0,0,0,0,0,0,187,nist-dnn,1,FFFFFF
bootstrap,2026-10-03T13:36:08.732659412Z,imsi-001010123456780,2,20261003T133259Z,,154,Periodic Reporting,0,0,0,0,0,0,189,nist-dnn,1,FFFFFF
bootstrap,2026-10-03T13:36:42.96106499Z,imsi-001010123456780,1000001791034602,20261003T133442Z,,999999999,Volume Threshold,100,100,200,1,1,2,120,nist-dnn,1,FFFFFF
bootstrap,2026-10-03T13:37:06.808249751Z,imsi-001010123456780,3,20261003T133704Z,,1,Periodic Reporting,0,0,0,0,0,0,2,nist-dnn,1,FFFFFF
bootstrap,2026-10-03T13:37:08.801168765Z,imsi-001010123456780,3,20261003T133704Z,,2,Periodic Reporting,0,0,0,0,0,0,4,nist-dnn,1,FFFFFF
bootstrap,2026-10-03T13:37:10.815464909Z,imsi-001010123456780,3,20261003T133704Z,,3,Periodic Reporting,0,0,0,0,0,0,6,nist-dnn,1,FFFFFF
bootstrap,2026-10-03T13:37:12.80721989Z,imsi-001010123456780,3,20261003T133704Z,,4,Periodic Reporting,0,0,0,0,0,0,8,nist-dnn,1,FFFFFF
bootstrap,2026-10-03T13:37:14.812265381Z,imsi-001010123456780,3,20261003T133704Z,,5,Periodic Reporting,0,0,0,0,0,0,10,nist-dnn,1,FFFFFF
bootstrap,2026-10-03T13:37:16.815951295Z,imsi-001010123456780,3,20261003T133704Z,,6,Periodic Reporting,0,0,0,0,0,0,12,nist-dnn,1,FFFFFF
bootstrap,2026-10-03T13:37:18.829705358Z,imsi-001010123456780,3,20261003T133704Z,,7,Periodic Reporting,0,0,0,0,0,0,14,nist-dnn,1,FFFFFF
bootstrap,2026-10-03T13:37:19.982156524Z,imsi-001010123456780,3,20261003T133704Z,,8,Periodic Reporting,1442,0,1442,1,0,1,15,nist-dnn,1,FFFFFF
bootstrap,2026-10-03T13:37:20.98169094Z,imsi-001010123456780,3,20261003T133704Z,,9,Periodic Reporting,279799,123,279922,195,1,196,16,nist-dnn,1,FFFFFF
bootstrap,2026-10-03T13:37:21.992293293Z,imsi-001010123456780,3,20261003T133704Z,,10,Periodic Reporting,273980,0,273980,190,0,190,17,nist-dnn,1,FFFFFF
bootstrap,2026-10-03T13:37:23.007259718Z,imsi-001010123456780,3,20261003T133704Z,,11,Periodic Reporting,272538,0,272538,189,0,189,18,nist-dnn,1,FFFFFF
bootstrap,2026-10-03T13:37:24.021988723Z,imsi-001010123456780,3,20261003T133704Z,,12,Periodic Reporting,265328,0,265328,184,0,184,19,nist-dnn,1,FFFFFF
bootstrap,2026-10-03T13:37:25.049197516Z,imsi-001010123456780,3,20261003T133704Z,,13,Periodic Reporting,281190,0,281190,195,0,195,20,nist-dnn,1,FFFFFF
bootstrap,2026-10-03T13:37:26.05725777Z,imsi-001010123456780,3,20261003T133704Z,,14,Periodic Reporting,275422,0,275422,191,0,191,21,nist-dnn,1,FFFFFF
bootstrap,2026-10-03T13:37:27.06432367Z,imsi-001010123456780,3,20261003T133704Z,,15,Periodic Reporting,275422,0,275422,191,0,191,22,nist-dnn,1,FFFFFF
bootstrap,2026-10-03T13:37:28.061280623Z,imsi-001010123456780,3,20261003T133704Z,,16,Periodic Reporting,273980,0,273980,190,0,190,23,nist-dnn,1,FFFFFF
bootstrap,2026-10-03T13:37:29.074205135Z,imsi-001010123456780,3,20261003T133704Z,,17,Periodic Reporting,266770,0,266770,185,0,185,24,nist-dnn,1,FFFFFF
bootstrap,2026-10-03T13:37:30.1039912Z,imsi-001010123456780,3,20261003T133704Z,,18,Periodic Reporting,273980,0,273980,190,0,190,25,nist-dnn,1,FFFFFF
bootstrap,2026-10-03T13:37:31.123441054Z,imsi-001010123456780,3,20261003T133704Z,,19,Periodic Reporting,272538,0,272538,189,0,189,26,nist-dnn,1,FFFFFF
bootstrap,2026-10-03T13:37:32.142120997Z,imsi-001010123456780,3,20261003T133704Z,,20,Periodic Reporting,279748,0,279748,194,0,194,27,nist-dnn,1,FFFFFF
bootstrap,2026-10-03T13:37:33.148100228Z,imsi-001010123456780,3,20261003T133704Z,,21,Periodic Reporting,278306,0,278306,193,0,193,28,nist-dnn,1,FFFFFF
bootstrap,2026-10-03T13:37:34.151294541Z,imsi-001010123456780,3,20261003T133704Z,,22,Periodic Reporting,265328,0,265328,184,0,184,29,nist-dnn,1,FFFFFF
bootstrap,2026-10-03T13:37:35.150917153Z,imsi-001010123456780,3,20261003T133704Z,,23,Periodic Reporting,269654,0,269654,187,0,187,30,nist-dnn,1,FFFFFF
bootstrap,2026-10-03T13:37:36.162852789Z,imsi-001010123456780,3,20261003T133704Z,,24,Periodic Reporting,272538,0,272538,189,0,189,31,nist-dnn,1,FFFFFF
bootstrap,2026-10-03T13:37:37.167114998Z,imsi-001010123456780,3,20261003T133704Z,,25,Periodic Reporting,268212,0,268212,186,0,186,32,nist-dnn,1,FFFFFF
bootstrap,2026-10-03T13:37:38.167737904Z,imsi-001010123456780,3,20261003T133704Z,,26,Periodic Reporting,278306,0,278306,193,0,193,33,nist-dnn,1,FFFFFF
bootstrap,2026-10-03T13:37:39.174217816Z,imsi-001010123456780,3,20261003T133704Z,,27,Periodic Reporting,262444,0,262444,182,0,182,34,nist-dnn,1,FFFFFF
bootstrap,2026-10-03T13:37:40.194808086Z,imsi-001010123456780,3,20261003T133704Z,,28,Periodic Reporting,281190,0,281190,195,0,195,35,nist-dnn,1,FFFFFF
bootstrap,2026-10-03T13:37:41.201306595Z,imsi-001010123456780,3,20261003T133704Z,,29,Periodic Reporting,266821,123,266944,186,1,187,36,nist-dnn,1,FFFFFF
bootstrap,2026-10-03T13:37:42.215965562Z,imsi-001010123456780,3,20261003T133704Z,,30,Periodic Reporting,278306,0,278306,193,0,193,37,nist-dnn,1,FFFFFF
bootstrap,2026-10-03T13:37:43.232563908Z,imsi-001010123456780,3,20261003T133704Z,,31,Periodic Reporting,271096,0,271096,188,0,188,38,nist-dnn,1,FFFFFF
bootstrap,2026-10-03T13:37:44.236576997Z,imsi-001010123456780,3,20261003T133704Z,,32,Periodic Reporting,268212,0,268212,186,0,186,39,nist-dnn,1,FFFFFF
bootstrap,2026-10-03T13:37:45.238681877Z,imsi-001010123456780,3,20261003T133704Z,,33,Periodic Reporting,284074,0,284074,197,0,197,40,nist-dnn,1,FFFFFF
bootstrap,2026-10-03T13:37:46.283723785Z,imsi-001010123456780,3,20261003T133704Z,,34,Periodic Reporting,271096,0,271096,188,0,188,41,nist-dnn,1,FFFFFF
bootstrap,2026-10-03T13:37:47.299585916Z,imsi-001010123456780,3,20261003T133704Z,,35,Periodic Reporting,275422,0,275422,191,0,191,42,nist-dnn,1,FFFFFF
bootstrap,2026-10-03T13:37:48.305491576Z,imsi-001010123456780,3,20261003T133704Z,,36,Periodic Reporting,271096,0,271096,188,0,188,43,nist-dnn,1,FFFFFF
bootstrap,2026-10-03T13:37:49.333288683Z,imsi-001010123456780,3,20261003T133704Z,,37,Periodic Reporting,278306,0,278306,193,0,193,44,nist-dnn,1,FFFFFF
bootstrap,2026-10-03T13:37:50.365247335Z,imsi-001010123456780,3,20261003T133704Z,,38,Periodic Reporting,275422,0,275422,191,0,191,45,nist-dnn,1,FFFFFF
bootstrap,2026-10-03T13:37:51.384896123Z,imsi-001010123456780,3,20261003T133704Z,,39,Periodic Reporting,275422,0,275422,191,0,191,46,nist-dnn,1,FFFFFF
bootstrap,2026-10-03T13:37:52.379635644Z,imsi-001010123456780,3,20261003T133704Z,,40,Periodic Reporting,281190,0,281190,195,0,195,47,nist-dnn,1,FFFFFF
bootstrap,2026-10-03T13:37:53.404372086Z,imsi-001010123456780,3,20261003T133704Z,,41,Periodic Reporting,263886,0,263886,183,0,183,48,nist-dnn,1,FFFFFF
bootstrap,2026-10-03T13:37:54.425374345Z,imsi-001010123456780,3,20261003T133704Z,,42,Periodic Reporting,276864,0,276864,192,0,192,49,nist-dnn,1,FFFFFF
bootstrap,2026-10-03T13:37:55.447728443Z,imsi-001010123456780,3,20261003T133704Z,,43,Periodic Reporting,276864,0,276864,192,0,192,50,nist-dnn,1,FFFFFF
bootstrap,2026-10-03T13:37:56.467572997Z,imsi-001010123456780,3,20261003T133704Z,,44,Periodic Reporting,273980,0,273980,190,0,190,51,nist-dnn,1,FFFFFF
bootstrap,2026-10-03T13:37:57.478889247Z,imsi-001010123456780,3,20261003T133704Z,,45,Periodic Reporting,268212,0,268212,186,0,186,52,nist-dnn,1,FFFFFF
bootstrap,2026-10-03T13:37:58.481552724Z,imsi-001010123456780,3,20261003T133704Z,,46,Periodic Reporting,285516,0,285516,198,0,198,53,nist-dnn,1,FFFFFF
bootstrap,2026-10-03T13:37:59.484316667Z,imsi-001010123456780,3,20261003T133704Z,,47,Periodic Reporting,269654,0,269654,187,0,187,54,nist-dnn,1,FFFFFF
bootstrap,2026-10-03T13:38:00.495318657Z,imsi-001010123456780,3,20261003T133704Z,,48,Periodic Reporting,275422,0,275422,191,0,191,55,nist-dnn,1,FFFFFF
bootstrap,2026-10-03T13:38:01.494495017Z,imsi-001010123456780,3,20261003T133704Z,,49,Periodic Reporting,269705,123,269828,188,1,189,56,nist-dnn,1,FFFFFF
bootstrap,2026-10-03T13:38:02.528885609Z,imsi-001010123456780,3,20261003T133704Z,,50,Periodic Reporting,269654,0,269654,187,0,187,58,nist-dnn,1,FFFFFF
bootstrap,2026-10-03T13:38:03.543712117Z,imsi-001010123456780,3,20261003T133704Z,,51,Periodic Reporting,276864,0,276864,192,0,192,59,nist-dnn,1,FFFFFF
bootstrap,2026-10-03T13:38:04.552465735Z,imsi-001010123456780,3,20261003T133704Z,,52,Periodic Reporting,275422,0,275422,191,0,191,60,nist-dnn,1,FFFFFF
bootstrap,2026-10-03T13:38:05.568236395Z,imsi-001010123456780,3,20261003T133704Z,,53,Periodic Reporting,262444,0,262444,182,0,182,61,nist-dnn,1,FFFFFF
bootstrap,2026-10-03T13:38:06.564841892Z,imsi-001010123456780,3,20261003T133704Z,,54,Periodic Reporting,284074,0,284074,197,0,197,62,nist-dnn,1,FFFFFF
bootstrap,2026-10-03T13:38:07.565186826Z,imsi-001010123456780,3,20261003T133704Z,,55,Periodic Reporting,271096,0,271096,188,0,188,63,nist-dnn,1,FFFFFF
bootstrap,2026-10-03T13:38:08.569487094Z,imsi-001010123456780,3,20261003T133704Z,,56,Periodic Reporting,266770,0,266770,185,0,185,64,nist-dnn,1,FFFFFF
bootstrap,2026-10-03T13:38:09.578705566Z,imsi-001010123456780,3,20261003T133704Z,,57,Periodic Reporting,266770,0,266770,185,0,185,65,nist-dnn,1,FFFFFF
bootstrap,2026-10-03T13:38:10.583463074Z,imsi-001010123456780,3,20261003T133704Z,,58,Periodic Reporting,275422,0,275422,191,0,191,66,nist-dnn,1,FFFFFF
bootstrap,2026-10-03T13:38:11.591880623Z,imsi-001010123456780,3,20261003T133704Z,,59,Periodic Reporting,272538,0,272538,189,0,189,67,nist-dnn,1,FFFFFF
bootstrap,2026-10-03T13:38:12.589981979Z,imsi-001010123456780,3,20261003T133704Z,,60,Periodic Reporting,265328,0,265328,184,0,184,68,nist-dnn,1,FFFFFF
bootstrap,2026-10-03T13:38:13.596725657Z,imsi-001010123456780,3,20261003T133704Z,,61,Periodic Reporting,282632,0,282632,196,0,196,69,nist-dnn,1,FFFFFF
bootstrap,2026-10-03T13:38:14.628139708Z,imsi-001010123456780,3,20261003T133704Z,,62,Periodic Reporting,265328,0,265328,184,0,184,70,nist-dnn,1,FFFFFF
bootstrap,2026-10-03T13:38:15.623389472Z,imsi-001010123456780,3,20261003T133704Z,,63,Periodic Reporting,279748,0,279748,194,0,194,71,nist-dnn,1,FFFFFF
bootstrap,2026-10-03T13:38:16.656536448Z,imsi-001010123456780,3,20261003T133704Z,,64,Periodic Reporting,269654,0,269654,187,0,187,72,nist-dnn,1,FFFFFF
bootstrap,2026-10-03T13:38:17.654615213Z,imsi-001010123456780,3,20261003T133704Z,,65,Periodic Reporting,281190,0,281190,195,0,195,73,nist-dnn,1,FFFFFF
bootstrap,2026-10-03T13:38:18.657299117Z,imsi-001010123456780,3,20261003T133704Z,,66,Periodic Reporting,271096,0,271096,188,0,188,74,nist-dnn,1,FFFFFF
bootstrap,2026-10-03T13:38:19.664320496Z,imsi-001010123456780,3,20261003T133704Z,,67,Periodic Reporting,271096,0,271096,188,0,188,75,nist-dnn,1,FFFFFF
bootstrap,2026-10-03T13:38:20.693464625Z,imsi-001010123456780,3,20261003T133704Z,,68,Periodic Reporting,78315,856,79171,57,4,61,76,nist-dnn,1,FFFFFF
bootstrap,2026-10-03T13:38:22.698256443Z,imsi-001010123456780,3,20261003T133704Z,,69,Periodic Reporting,0,123,123,0,1,1,78,nist-dnn,1,FFFFFF
bootstrap,2026-10-03T13:38:24.704378665Z,imsi-001010123456780,3,20261003T133704Z,,70,Periodic Reporting,0,0,0,0,0,0,80,nist-dnn,1,FFFFFF
bootstrap,2026-10-03T13:38:26.703590946Z,imsi-001010123456780,3,20261003T133704Z,,71,Periodic Reporting,0,0,0,0,0,0,82,nist-dnn,1,FFFFFF
bootstrap,2026-10-03T13:38:28.71382095Z,imsi-001010123456780,3,20261003T133704Z,,72,Periodic Reporting,0,0,0,0,0,0,84,nist-dnn,1,FFFFFF
bootstrap,2026-10-03T13:38:30.312266641Z,imsi-001010123456780,3,20261003T133704Z,,73,Periodic Reporting,0,1486,1486,0,1,1,85,nist-dnn,1,FFFFFF
bootstrap,2026-10-03T13:38:31.315977649Z,imsi-001010123456780,3,20261003T133704Z,,74,Periodic Reporting,0,280854,280854,0,189,189,86,nist-dnn,1,FFFFFF
bootstrap,2026-10-03T13:38:32.318783237Z,imsi-001010123456780,3,20261003T133704Z,,75,Periodic Reporting,0,279368,279368,0,188,188,87,nist-dnn,1,FFFFFF
bootstrap,2026-10-03T13:38:33.322286015Z,imsi-001010123456780,3,20261003T133704Z,,76,Periodic Reporting,0,279368,279368,0,188,188,88,nist-dnn,1,FFFFFF
bootstrap,2026-10-03T13:38:34.32680092Z,imsi-001010123456780,3,20261003T133704Z,,77,Periodic Reporting,0,279368,279368,0,188,188,89,nist-dnn,1,FFFFFF
bootstrap,2026-10-03T13:38:35.331145273Z,imsi-001010123456780,3,20261003T133704Z,,78,Periodic Reporting,0,279368,279368,0,188,188,90,nist-dnn,1,FFFFFF
bootstrap,2026-10-03T13:38:36.333647925Z,imsi-001010123456780,3,20261003T133704Z,,79,Periodic Reporting,0,279368,279368,0,188,188,91,nist-dnn,1,FFFFFF
bootstrap,2026-10-03T13:38:37.340265254Z,imsi-001010123456780,3,20261003T133704Z,,80,Periodic Reporting,0,279368,279368,0,188,188,92,nist-dnn,1,FFFFFF
bootstrap,2026-10-03T13:38:38.341746867Z,imsi-001010123456780,3,20261003T133704Z,,81,Periodic Reporting,0,279368,279368,0,188,188,93,nist-dnn,1,FFFFFF
bootstrap,2026-10-03T13:38:39.350000052Z,imsi-001010123456780,3,20261003T133704Z,,82,Periodic Reporting,0,279368,279368,0,188,188,94,nist-dnn,1,FFFFFF
bootstrap,2026-10-03T13:38:40.35392424Z,imsi-001010123456780,3,20261003T133704Z,,83,Periodic Reporting,0,279368,279368,0,188,188,95,nist-dnn,1,FFFFFF
bootstrap,2026-10-03T13:38:41.359276261Z,imsi-001010123456780,3,20261003T133704Z,,84,Periodic Reporting,51,279491,279542,1,189,190,96,nist-dnn,1,FFFFFF
bootstrap,2026-10-03T13:38:42.358886468Z,imsi-001010123456780,3,20261003T133704Z,,85,Periodic Reporting,0,279368,279368,0,188,188,97,nist-dnn,1,FFFFFF
bootstrap,2026-10-03T13:38:43.362124409Z,imsi-001010123456780,3,20261003T133704Z,,86,Periodic Reporting,0,279368,279368,0,188,188,98,nist-dnn,1,FFFFFF
bootstrap,2026-10-03T13:38:44.374621218Z,imsi-001010123456780,3,20261003T133704Z,,87,Periodic Reporting,0,279368,279368,0,188,188,99,nist-dnn,1,FFFFFF
bootstrap,2026-10-03T13:38:45.37102477Z,imsi-001010123456780,3,20261003T133704Z,,88,Periodic Reporting,0,279368,279368,0,188,188,100,nist-dnn,1,FFFFFF
bootstrap,2026-10-03T13:38:46.380845615Z,imsi-001010123456780,3,20261003T133704Z,,89,Periodic Reporting,0,279368,279368,0,188,188,101,nist-dnn,1,FFFFFF
bootstrap,2026-10-03T13:38:47.37825065Z,imsi-001010123456780,3,20261003T133704Z,,90,Periodic Reporting,0,279368,279368,0,188,188,102,nist-dnn,1,FFFFFF
bootstrap,2026-10-03T13:38:48.382354676Z,imsi-001010123456780,3,20261003T133704Z,,91,Periodic Reporting,0,279368,279368,0,188,188,103,nist-dnn,1,FFFFFF
bootstrap,2026-10-03T13:38:49.386442684Z,imsi-001010123456780,3,20261003T133704Z,,92,Periodic Reporting,0,279368,279368,0,188,188,104,nist-dnn,1,FFFFFF
bootstrap,2026-10-03T13:38:50.39298971Z,imsi-001010123456780,3,20261003T133704Z,,93,Periodic Reporting,0,279368,279368,0,188,188,105,nist-dnn,1,FFFFFF
bootstrap,2026-10-03T13:38:51.397170961Z,imsi-001010123456780,3,20261003T133704Z,,94,Periodic Reporting,0,279368,279368,0,188,188,106,nist-dnn,1,FFFFFF
bootstrap,2026-10-03T13:38:52.401154622Z,imsi-001010123456780,3,20261003T133704Z,,95,Periodic Reporting,0,279368,279368,0,188,188,107,nist-dnn,1,FFFFFF
bootstrap,2026-10-03T13:38:53.40354838Z,imsi-001010123456780,3,20261003T133704Z,,96,Periodic Reporting,0,279368,279368,0,188,188,108,nist-dnn,1,FFFFFF
bootstrap,2026-10-03T13:38:54.420495605Z,imsi-001010123456780,3,20261003T133704Z,,97,Periodic Reporting,0,279368,279368,0,188,188,109,nist-dnn,1,FFFFFF
bootstrap,2026-10-03T13:38:55.409405917Z,imsi-001010123456780,3,20261003T133704Z,,98,Periodic Reporting,0,279368,279368,0,188,188,110,nist-dnn,1,FFFFFF
bootstrap,2026-10-03T13:38:56.426274523Z,imsi-001010123456780,3,20261003T133704Z,,99,Periodic Reporting,0,279368,279368,0,188,188,111,nist-dnn,1,FFFFFF
bootstrap,2026-10-03T13:38:57.419820846Z,imsi-001010123456780,3,20261003T133704Z,,100,Periodic Reporting,0,279368,279368,0,188,188,112,nist-dnn,1,FFFFFF
bootstrap,2026-10-03T13:38:58.421209115Z,imsi-001010123456780,3,20261003T133704Z,,101,Periodic Reporting,0,279368,279368,0,188,188,113,nist-dnn,1,FFFFFF
bootstrap,2026-10-03T13:38:59.431225742Z,imsi-001010123456780,3,20261003T133704Z,,102,Periodic Reporting,0,279368,279368,0,188,188,114,nist-dnn,1,FFFFFF
bootstrap,2026-10-03T13:39:00.448904529Z,imsi-001010123456780,3,20261003T133704Z,,103,Periodic Reporting,0,279368,279368,0,188,188,115,nist-dnn,1,FFFFFF
bootstrap,2026-10-03T13:39:01.43581104Z,imsi-001010123456780,3,20261003T133704Z,,104,Periodic Reporting,51,279491,279542,1,189,190,116,nist-dnn,1,FFFFFF
bootstrap,2026-10-03T13:39:02.4384076Z,imsi-001010123456780,3,20261003T133704Z,,105,Periodic Reporting,0,279368,279368,0,188,188,117,nist-dnn,1,FFFFFF
bootstrap,2026-10-03T13:39:03.443643479Z,imsi-001010123456780,3,20261003T133704Z,,106,Periodic Reporting,0,279368,279368,0,188,188,118,nist-dnn,1,FFFFFF
bootstrap,2026-10-03T13:39:04.455303147Z,imsi-001010123456780,3,20261003T133704Z,,107,Periodic Reporting,0,279368,279368,0,188,188,119,nist-dnn,1,FFFFFF
bootstrap,2026-10-03T13:39:05.452154993Z,imsi-001010123456780,3,20261003T133704Z,,108,Periodic Reporting,0,279368,279368,0,188,188,120,nist-dnn,1,FFFFFF
bootstrap,2026-10-03T13:39:06.456888592Z,imsi-001010123456780,3,20261003T133704Z,,109,Periodic Reporting,0,279368,279368,0,188,188,121,nist-dnn,1,FFFFFF
bootstrap,2026-10-03T13:39:07.463854609Z,imsi-001010123456780,3,20261003T133704Z,,110,Periodic Reporting,0,279368,279368,0,188,188,122,nist-dnn,1,FFFFFF
bootstrap,2026-10-03T13:39:08.46366275Z,imsi-001010123456780,3,20261003T133704Z,,111,Periodic Reporting,0,279368,279368,0,188,188,123,nist-dnn,1,FFFFFF
bootstrap,2026-10-03T13:39:09.468132164Z,imsi-001010123456780,3,20261003T133704Z,,112,Periodic Reporting,0,279368,279368,0,188,188,124,nist-dnn,1,FFFFFF
bootstrap,2026-10-03T13:39:10.471639631Z,imsi-001010123456780,3,20261003T133704Z,,113,Periodic Reporting,0,279368,279368,0,188,188,125,nist-dnn,1,FFFFFF
bootstrap,2026-10-03T13:39:11.491283513Z,imsi-001010123456780,3,20261003T133704Z,,114,Periodic Reporting,0,279368,279368,0,188,188,126,nist-dnn,1,FFFFFF
bootstrap,2026-10-03T13:39:12.479349881Z,imsi-001010123456780,3,20261003T133704Z,,115,Periodic Reporting,0,279368,279368,0,188,188,127,nist-dnn,1,FFFFFF
bootstrap,2026-10-03T13:39:13.482508119Z,imsi-001010123456780,3,20261003T133704Z,,116,Periodic Reporting,0,279368,279368,0,188,188,128,nist-dnn,1,FFFFFF
bootstrap,2026-10-03T13:39:14.493251939Z,imsi-001010123456780,3,20261003T133704Z,,117,Periodic Reporting,0,279368,279368,0,188,188,129,nist-dnn,1,FFFFFF
bootstrap,2026-10-03T13:39:15.495599906Z,imsi-001010123456780,3,20261003T133704Z,,118,Periodic Reporting,0,279368,279368,0,188,188,130,nist-dnn,1,FFFFFF
bootstrap,2026-10-03T13:39:16.495868576Z,imsi-001010123456780,3,20261003T133704Z,,119,Periodic Reporting,0,279368,279368,0,188,188,131,nist-dnn,1,FFFFFF
bootstrap,2026-10-03T13:39:17.500878169Z,imsi-001010123456780,3,20261003T133704Z,,120,Periodic Reporting,0,279368,279368,0,188,188,132,nist-dnn,1,FFFFFF
bootstrap,2026-10-03T13:39:18.506073056Z,imsi-001010123456780,3,20261003T133704Z,,121,Periodic Reporting,0,279368,279368,0,188,188,133,nist-dnn,1,FFFFFF
bootstrap,2026-10-03T13:39:19.510673619Z,imsi-001010123456780,3,20261003T133704Z,,122,Periodic Reporting,0,279368,279368,0,188,188,134,nist-dnn,1,FFFFFF
bootstrap,2026-10-03T13:39:20.51731414Z,imsi-001010123456780,3,20261003T133704Z,,123,Periodic Reporting,0,279368,279368,0,188,188,135,nist-dnn,1,FFFFFF
bootstrap,2026-10-03T13:39:21.515702567Z,imsi-001010123456780,3,20261003T133704Z,,124,Periodic Reporting,51,279491,279542,1,189,190,136,nist-dnn,1,FFFFFF
bootstrap,2026-10-03T13:39:22.523071572Z,imsi-001010123456780,3,20261003T133704Z,,125,Periodic Reporting,0,279368,279368,0,188,188,138,nist-dnn,1,FFFFFF
bootstrap,2026-10-03T13:39:23.527630186Z,imsi-001010123456780,3,20261003T133704Z,,126,Periodic Reporting,0,279368,279368,0,188,188,139,nist-dnn,1,FFFFFF
bootstrap,2026-10-03T13:39:24.530633488Z,imsi-001010123456780,3,20261003T133704Z,,127,Periodic Reporting,0,279368,279368,0,188,188,140,nist-dnn,1,FFFFFF
bootstrap,2026-10-03T13:39:25.531952431Z,imsi-001010123456780,3,20261003T133704Z,,128,Periodic Reporting,0,279368,279368,0,188,188,141,nist-dnn,1,FFFFFF
bootstrap,2026-10-03T13:39:26.543137974Z,imsi-001010123456780,3,20261003T133704Z,,129,Periodic Reporting,0,279368,279368,0,188,188,142,nist-dnn,1,FFFFFF
bootstrap,2026-10-03T13:39:27.541885015Z,imsi-001010123456780,3,20261003T133704Z,,130,Periodic Reporting,0,279368,279368,0,188,188,143,nist-dnn,1,FFFFFF
bootstrap,2026-10-03T13:39:28.543203428Z,imsi-001010123456780,3,20261003T133704Z,,131,Periodic Reporting,0,279368,279368,0,188,188,144,nist-dnn,1,FFFFFF
bootstrap,2026-10-03T13:39:29.548803361Z,imsi-001010123456780,3,20261003T133704Z,,132,Periodic Reporting,0,279368,279368,0,188,188,145,nist-dnn,1,FFFFFF
bootstrap,2026-10-03T13:39:31.050739837Z,imsi-001010123456780,3,20261003T133704Z,,133,Periodic Reporting,850,220896,221746,5,152,157,146,nist-dnn,1,FFFFFF
bootstrap,2026-10-03T13:39:33.067815306Z,imsi-001010123456780,3,20261003T133704Z,,134,Periodic Reporting,0,0,0,0,0,0,148,nist-dnn,1,FFFFFF
bootstrap,2026-10-03T13:39:35.060580711Z,imsi-001010123456780,3,20261003T133704Z,,135,Periodic Reporting,0,0,0,0,0,0,150,nist-dnn,1,FFFFFF
bootstrap,2026-10-03T13:39:37.059596156Z,imsi-001010123456780,3,20261003T133704Z,,136,Periodic Reporting,0,0,0,0,0,0,152,nist-dnn,1,FFFFFF
bootstrap,2026-10-03T13:39:39.06683043Z,imsi-001010123456780,3,20261003T133704Z,,137,Periodic Reporting,0,0,0,0,0,0,154,nist-dnn,1,FFFFFF
bootstrap,2026-10-03T13:39:40.715990904Z,imsi-001010123456780,3,20261003T133704Z,,138,Periodic Reporting,51,0,51,1,0,1,156,nist-dnn,1,FFFFFF
bootstrap,2026-10-03T13:39:42.220168353Z,imsi-001010123456780,3,20261003T133704Z,,139,Periodic Reporting,0,123,123,0,1,1,157,nist-dnn,1,FFFFFF
bootstrap,2026-10-03T13:39:44.225397631Z,imsi-001010123456780,3,20261003T133704Z,,140,Periodic Reporting,0,0,0,0,0,0,159,nist-dnn,1,FFFFFF
bootstrap,2026-10-03T13:39:46.218508323Z,imsi-001010123456780,3,20261003T133704Z,,141,Periodic Reporting,0,0,0,0,0,0,161,nist-dnn,1,FFFFFF
bootstrap,2026-10-03T13:39:48.231803133Z,imsi-001010123456780,3,20261003T133704Z,,142,Periodic Reporting,0,0,0,0,0,0,163,nist-dnn,1,FFFFFF
bootstrap,2026-10-03T13:39:50.223030974Z,imsi-001010123456780,3,20261003T133704Z,,143,Periodic Reporting,0,0,0,0,0,0,165,nist-dnn,1,FFFFFF
bootstrap,2026-10-03T13:39:52.232254485Z,imsi-001010123456780,3,20261003T133704Z,,144,Periodic Reporting,0,0,0,0,0,0,167,nist-dnn,1,FFFFFF
bootstrap,2026-10-03T13:39:54.233587096Z,imsi-001010123456780,3,20261003T133704Z,,145,Periodic Reporting,0,0,0,0,0,0,169,nist-dnn,1,FFFFFF
bootstrap,2026-10-03T13:39:56.233614229Z,imsi-001010123456780,3,20261003T133704Z,,146,Periodic Reporting,0,0,0,0,0,0,171,nist-dnn,1,FFFFFF
bootstrap,2026-10-03T13:39:58.237555104Z,imsi-001010123456780,3,20261003T133704Z,,147,Periodic Reporting,0,0,0,0,0,0,173,nist-dnn,1,FFFFFF
bootstrap,2026-10-03T13:40:00.236564991Z,imsi-001010123456780,3,20261003T133704Z,,148,Periodic Reporting,0,0,0,0,0,0,175,nist-dnn,1,FFFFFF
bootstrap,2026-10-03T13:40:02.241812448Z,imsi-001010123456780,3,20261003T133704Z,,149,Periodic Reporting,51,123,174,1,1,2,177,nist-dnn,1,FFFFFF
bootstrap,2026-10-03T13:40:04.240067517Z,imsi-001010123456780,3,20261003T133704Z,,150,Periodic Reporting,0,0,0,0,0,0,179,nist-dnn,1,FFFFFF
bootstrap,2026-10-03T13:40:06.252868414Z,imsi-001010123456780,3,20261003T133704Z,,151,Periodic Reporting,0,0,0,0,0,0,181,nist-dnn,1,FFFFFF
bootstrap,2026-10-03T13:40:08.249472492Z,imsi-001010123456780,3,20261003T133704Z,,152,Periodic Reporting,0,0,0,0,0,0,183,nist-dnn,1,FFFFFF
bootstrap,2026-10-03T13:40:10.246844174Z,imsi-001010123456780,3,20261003T133704Z,,153,Periodic Reporting,0,0,0,0,0,0,185,nist-dnn,1,FFFFFF
bootstrap,2026-10-03T13:40:12.250663253Z,imsi-001010123456780,3,20261003T133704Z,,154,Periodic Reporting,0,0,0,0,0,0,187,nist-dnn,1,FFFFFF
bootstrap,2026-10-03T13:40:14.25313833Z,imsi-001010123456780,3,20261003T133704Z,,155,Periodic Reporting,0,0,0,0,0,0,189,nist-dnn,1,FFFFFF
bootstrap,2026-10-03T13:40:16.258570727Z,imsi-001010123456780,3,20261003T133704Z,,156,Periodic Reporting,0,0,0,0,0,0,191,nist-dnn,1,FFFFFF
bootstrap,2026-10-03T13:40:49.866458701Z,imsi-001010123456780,1000001791034849,20261003T133849Z,,999999999,Volume Threshold,100,100,200,1,1,2,120,nist-dnn,1,FFFFFF
bootstrap,2026-10-03T13:41:13.324148642Z,imsi-001010123456780,4,20261003T134112Z,,1,Periodic Reporting,0,0,0,0,0,0,1,nist-dnn,1,FFFFFF
bootstrap,2026-10-03T13:41:15.325802002Z,imsi-001010123456780,4,20261003T134112Z,,2,Periodic Reporting,0,0,0,0,0,0,3,nist-dnn,1,FFFFFF
bootstrap,2026-10-03T13:41:17.332655346Z,imsi-001010123456780,4,20261003T134112Z,,3,Periodic Reporting,0,0,0,0,0,0,5,nist-dnn,1,FFFFFF
bootstrap,2026-10-03T13:41:19.336787736Z,imsi-001010123456780,4,20261003T134112Z,,4,Periodic Reporting,0,0,0,0,0,0,7,nist-dnn,1,FFFFFF
bootstrap,2026-10-03T13:41:21.3371262Z,imsi-001010123456780,4,20261003T134112Z,,5,Periodic Reporting,0,0,0,0,0,0,9,nist-dnn,1,FFFFFF
bootstrap,2026-10-03T13:41:23.337140686Z,imsi-001010123456780,4,20261003T134112Z,,6,Periodic Reporting,0,0,0,0,0,0,11,nist-dnn,1,FFFFFF
bootstrap,2026-10-03T13:41:24.450767798Z,imsi-001010123456780,4,20261003T134112Z,,7,Periodic Reporting,842,0,842,1,0,1,12,nist-dnn,1,FFFFFF
bootstrap,2026-10-03T13:41:25.452350601Z,imsi-001010123456780,4,20261003T134112Z,,8,Periodic Reporting,265230,0,265230,315,0,315,13,nist-dnn,1,FFFFFF
bootstrap,2026-10-03T13:41:26.459898791Z,imsi-001010123456780,4,20261003T134112Z,,9,Periodic Reporting,619712,0,619712,736,0,736,14,nist-dnn,1,FFFFFF
bootstrap,2026-10-03T13:41:27.488071661Z,imsi-001010123456780,4,20261003T134112Z,,10,Periodic Reporting,1195640,0,1195640,1420,0,1420,15,nist-dnn,1,FFFFFF
bootstrap,2026-10-03T13:41:28.476234851Z,imsi-001010123456780,4,20261003T134112Z,,11,Periodic Reporting,2704555,123,2704678,3213,1,3214,16,nist-dnn,1,FFFFFF
bootstrap,2026-10-03T13:41:29.477145377Z,imsi-001010123456780,4,20261003T134112Z,,12,Periodic Reporting,1923128,0,1923128,2284,0,2284,17,nist-dnn,1,FFFFFF
bootstrap,2026-10-03T13:41:30.487898344Z,imsi-001010123456780,4,20261003T134112Z,,13,Periodic Reporting,1659582,0,1659582,1971,0,1971,18,nist-dnn,1,FFFFFF
bootstrap,2026-10-03T13:41:31.484286652Z,imsi-001010123456780,4,20261003T134112Z,,14,Periodic Reporting,1381722,0,1381722,1641,0,1641,19,nist-dnn,1,FFFFFF
bootstrap,2026-10-03T13:41:32.504535404Z,imsi-001010123456780,4,20261003T134112Z,,15,Periodic Reporting,1381722,0,1381722,1641,0,1641,20,nist-dnn,1,FFFFFF
bootstrap,2026-10-03T13:41:33.486889838Z,imsi-001010123456780,4,20261003T134112Z,,16,Periodic Reporting,1355620,0,1355620,1610,0,1610,21,nist-dnn,1,FFFFFF
bootstrap,2026-10-03T13:41:34.485136637Z,imsi-001010123456780,4,20261003T134112Z,,17,Periodic Reporting,1406140,0,1406140,1670,0,1670,22,nist-dnn,1,FFFFFF
bootstrap,2026-10-03T13:41:35.489907583Z,imsi-001010123456780,4,20261003T134112Z,,18,Periodic Reporting,1317730,0,1317730,1565,0,1565,23,nist-dnn,1,FFFFFF
bootstrap,2026-10-03T13:41:36.511302297Z,imsi-001010123456780,4,20261003T134112Z,,19,Periodic Reporting,1423822,0,1423822,1691,0,1691,24,nist-dnn,1,FFFFFF
bootstrap,2026-10-03T13:41:37.531344841Z,imsi-001010123456780,4,20261003T134112Z,,20,Periodic Reporting,1413718,0,1413718,1679,0,1679,25,nist-dnn,1,FFFFFF
bootstrap,2026-10-03T13:41:38.555955478Z,imsi-001010123456780,4,20261003T134112Z,,21,Periodic Reporting,1397720,0,1397720,1660,0,1660,26,nist-dnn,1,FFFFFF
bootstrap,2026-10-03T13:41:39.542094088Z,imsi-001010123456780,4,20261003T134112Z,,22,Periodic Reporting,1411192,0,1411192,1676,0,1676,27,nist-dnn,1,FFFFFF
bootstrap,2026-10-03T13:41:40.546547068Z,imsi-001010123456780,4,20261003T134112Z,,23,Periodic Reporting,1384248,0,1384248,1644,0,1644,28,nist-dnn,1,FFFFFF
bootstrap,2026-10-03T13:41:41.551409625Z,imsi-001010123456780,4,20261003T134112Z,,24,Periodic Reporting,1382564,0,1382564,1642,0,1642,30,nist-dnn,1,FFFFFF
bootstrap,2026-10-03T13:41:42.554429643Z,imsi-001010123456780,4,20261003T134112Z,,25,Periodic Reporting,1362356,0,1362356,1618,0,1618,31,nist-dnn,1,FFFFFF
bootstrap,2026-10-03T13:41:43.551697305Z,imsi-001010123456780,4,20261003T134112Z,,26,Periodic Reporting,1402772,0,1402772,1666,0,1666,32,nist-dnn,1,FFFFFF
bootstrap,2026-10-03T13:41:44.565444665Z,imsi-001010123456780,4,20261003T134112Z,,27,Periodic Reporting,1386774,0,1386774,1647,0,1647,33,nist-dnn,1,FFFFFF
bootstrap,2026-10-03T13:41:45.569702971Z,imsi-001010123456780,4,20261003T134112Z,,28,Periodic Reporting,1387616,0,1387616,1648,0,1648,34,nist-dnn,1,FFFFFF
bootstrap,2026-10-03T13:41:46.58287385Z,imsi-001010123456780,4,20261003T134112Z,,29,Periodic Reporting,1400246,0,1400246,1663,0,1663,35,nist-dnn,1,FFFFFF
bootstrap,2026-10-03T13:41:47.576380912Z,imsi-001010123456780,4,20261003T134112Z,,30,Periodic Reporting,1381773,123,1381896,1642,1,1643,36,nist-dnn,1,FFFFFF
bootstrap,2026-10-03T13:41:48.608061542Z,imsi-001010123456780,4,20261003T134112Z,,31,Periodic Reporting,1363198,0,1363198,1619,0,1619,37,nist-dnn,1,FFFFFF
bootstrap,2026-10-03T13:41:49.619011964Z,imsi-001010123456780,4,20261003T134112Z,,32,Periodic Reporting,1435610,0,1435610,1705,0,1705,38,nist-dnn,1,FFFFFF
bootstrap,2026-10-03T13:41:50.631901098Z,imsi-001010123456780,4,20261003T134112Z,,33,Periodic Reporting,1379196,0,1379196,1638,0,1638,39,nist-dnn,1,FFFFFF
bootstrap,2026-10-03T13:41:51.65054073Z,imsi-001010123456780,4,20261003T134112Z,,34,Periodic Reporting,1400246,0,1400246,1663,0,1663,40,nist-dnn,1,FFFFFF
bootstrap,2026-10-03T13:41:52.638937443Z,imsi-001010123456780,4,20261003T134112Z,,35,Periodic Reporting,1412034,0,1412034,1677,0,1677,41,nist-dnn,1,FFFFFF
bootstrap,2026-10-03T13:41:53.650779625Z,imsi-001010123456780,4,20261003T134112Z,,36,Periodic Reporting,1378354,0,1378354,1637,0,1637,42,nist-dnn,1,FFFFFF
bootstrap,2026-10-03T13:41:54.658048757Z,imsi-001010123456780,4,20261003T134112Z,,37,Periodic Reporting,1367408,0,1367408,1624,0,1624,43,nist-dnn,1,FFFFFF
bootstrap,2026-10-03T13:41:55.670983361Z,imsi-001010123456780,4,20261003T134112Z,,38,Periodic Reporting,1396036,0,1396036,1658,0,1658,44,nist-dnn,1,FFFFFF
bootstrap,2026-10-03T13:41:56.677767583Z,imsi-001010123456780,4,20261003T134112Z,,39,Periodic Reporting,1388458,0,1388458,1649,0,1649,45,nist-dnn,1,FFFFFF
bootstrap,2026-10-03T13:41:57.685146379Z,imsi-001010123456780,4,20261003T134112Z,,40,Periodic Reporting,1420454,0,1420454,1687,0,1687,46,nist-dnn,1,FFFFFF
bootstrap,2026-10-03T13:41:58.731899594Z,imsi-001010123456780,4,20261003T134112Z,,41,Periodic Reporting,1381722,0,1381722,1641,0,1641,47,nist-dnn,1,FFFFFF
bootstrap,2026-10-03T13:41:59.745289085Z,imsi-001010123456780,4,20261003T134112Z,,42,Periodic Reporting,1439820,0,1439820,1710,0,1710,48,nist-dnn,1,FFFFFF
bootstrap,2026-10-03T13:42:00.739360606Z,imsi-001010123456780,4,20261003T134112Z,,43,Periodic Reporting,1373302,0,1373302,1631,0,1631,49,nist-dnn,1,FFFFFF
bootstrap,2026-10-03T13:42:01.758614298Z,imsi-001010123456780,4,20261003T134112Z,,44,Periodic Reporting,1395194,0,1395194,1657,0,1657,50,nist-dnn,1,FFFFFF
bootstrap,2026-10-03T13:42:02.757750594Z,imsi-001010123456780,4,20261003T134112Z,,45,Periodic Reporting,1361514,0,1361514,1617,0,1617,51,nist-dnn,1,FFFFFF
bootstrap,2026-10-03T13:42:03.756876741Z,imsi-001010123456780,4,20261003T134112Z,,46,Periodic Reporting,1424664,0,1424664,1692,0,1692,52,nist-dnn,1,FFFFFF
bootstrap,2026-10-03T13:42:04.75602522Z,imsi-001010123456780,4,20261003T134112Z,,47,Periodic Reporting,1352252,0,1352252,1606,0,1606,53,nist-dnn,1,FFFFFF
bootstrap,2026-10-03T13:42:05.753386667Z,imsi-001010123456780,4,20261003T134112Z,,48,Periodic Reporting,1417086,0,1417086,1683,0,1683,54,nist-dnn,1,FFFFFF
bootstrap,2026-10-03T13:42:06.75656877Z,imsi-001010123456780,4,20261003T134112Z,,49,Periodic Reporting,1368250,0,1368250,1625,0,1625,55,nist-dnn,1,FFFFFF
bootstrap,2026-10-03T13:42:07.777068326Z,imsi-001010123456780,4,20261003T134112Z,,50,Periodic Reporting,1368301,123,1368424,1626,1,1627,56,nist-dnn,1,FFFFFF
bootstrap,2026-10-03T13:42:08.779305787Z,imsi-001010123456780,4,20261003T134112Z,,51,Periodic Reporting,1376670,0,1376670,1635,0,1635,57,nist-dnn,1,FFFFFF
bootstrap,2026-10-03T13:42:09.782783168Z,imsi-001010123456780,4,20261003T134112Z,,52,Periodic Reporting,1431400,0,1431400,1700,0,1700,58,nist-dnn,1,FFFFFF
bootstrap,2026-10-03T13:42:10.784158874Z,imsi-001010123456780,4,20261003T134112Z,,53,Periodic Reporting,1372460,0,1372460,1630,0,1630,59,nist-dnn,1,FFFFFF
bootstrap,2026-10-03T13:42:11.782395705Z,imsi-001010123456780,4,20261003T134112Z,,54,Periodic Reporting,1390142,0,1390142,1651,0,1651,60,nist-dnn,1,FFFFFF
bootstrap,2026-10-03T13:42:12.784397476Z,imsi-001010123456780,4,20261003T134112Z,,55,Periodic Reporting,1377512,0,1377512,1636,0,1636,61,nist-dnn,1,FFFFFF
bootstrap,2026-10-03T13:42:13.783642689Z,imsi-001010123456780,4,20261003T134112Z,,56,Periodic Reporting,1376670,0,1376670,1635,0,1635,62,nist-dnn,1,FFFFFF
bootstrap,2026-10-03T13:42:14.800088983Z,imsi-001010123456780,4,20261003T134112Z,,57,Periodic Reporting,1380880,0,1380880,1640,0,1640,63,nist-dnn,1,FFFFFF
bootstrap,2026-10-03T13:42:15.790058329Z,imsi-001010123456780,4,20261003T134112Z,,58,Periodic Reporting,1389300,0,1389300,1650,0,1650,64,nist-dnn,1,FFFFFF
bootstrap,2026-10-03T13:42:16.790926576Z,imsi-001010123456780,4,20261003T134112Z,,59,Periodic Reporting,1368250,0,1368250,1625,0,1625,65,nist-dnn,1,FFFFFF
bootstrap,2026-10-03T13:42:17.804380621Z,imsi-001010123456780,4,20261003T134112Z,,60,Periodic Reporting,1396878,0,1396878,1659,0,1659,66,nist-dnn,1,FFFFFF
bootstrap,2026-10-03T13:42:18.834466245Z,imsi-001010123456780,4,20261003T134112Z,,61,Periodic Reporting,1369934,0,1369934,1627,0,1627,67,nist-dnn,1,FFFFFF
bootstrap,2026-10-03T13:42:19.831122835Z,imsi-001010123456780,4,20261003T134112Z,,62,Periodic Reporting,1428874,0,1428874,1697,0,1697,68,nist-dnn,1,FFFFFF
bootstrap,2026-10-03T13:42:20.84034257Z,imsi-001010123456780,4,20261003T134112Z,,63,Periodic Reporting,1399404,0,1399404,1662,0,1662,69,nist-dnn,1,FFFFFF
bootstrap,2026-10-03T13:42:21.844273761Z,imsi-001010123456780,4,20261003T134112Z,,64,Periodic Reporting,1384248,0,1384248,1644,0,1644,70,nist-dnn,1,FFFFFF
bootstrap,2026-10-03T13:42:22.848629656Z,imsi-001010123456780,4,20261003T134112Z,,65,Periodic Reporting,1401930,0,1401930,1665,0,1665,71,nist-dnn,1,FFFFFF
bootstrap,2026-10-03T13:42:23.856001295Z,imsi-001010123456780,4,20261003T134112Z,,66,Periodic Reporting,1343832,0,1343832,1596,0,1596,72,nist-dnn,1,FFFFFF
bootstrap,2026-10-03T13:42:26.115506672Z,imsi-001010123456780,4,20261003T134112Z,,67,Periodic Reporting,818622,642,819264,973,3,976,74,nist-dnn,1,FFFFFF
bootstrap,2026-10-03T13:42:27.56792351Z,imsi-001010123456780,4,20261003T134112Z,,68,Periodic Reporting,51,0,51,1,0,1,76,nist-dnn,1,FFFFFF
bootstrap,2026-10-03T13:42:29.317864865Z,imsi-001010123456780,4,20261003T134112Z,,69,Periodic Reporting,0,123,123,0,1,1,77,nist-dnn,1,FFFFFF
bootstrap,2026-10-03T13:42:31.319275076Z,imsi-001010123456780,4,20261003T134112Z,,70,Periodic Reporting,0,0,0,0,0,0,79,nist-dnn,1,FFFFFF
bootstrap,2026-10-03T13:42:33.322148378Z,imsi-001010123456780,4,20261003T134112Z,,71,Periodic Reporting,0,0,0,0,0,0,81,nist-dnn,1,FFFFFF
bootstrap,2026-10-03T13:42:34.848619885Z,imsi-001010123456780,4,20261003T134112Z,,72,Periodic Reporting,0,886,886,0,1,1,83,nist-dnn,1,FFFFFF
bootstrap,2026-10-03T13:42:35.846938028Z,imsi-001010123456780,4,20261003T134112Z,,73,Periodic Reporting,0,1453040,1453040,0,1640,1640,84,nist-dnn,1,FFFFFF
bootstrap,2026-10-03T13:42:36.846002073Z,imsi-001010123456780,4,20261003T134112Z,,74,Periodic Reporting,0,1452154,1452154,0,1639,1639,85,nist-dnn,1,FFFFFF
bootstrap,2026-10-03T13:42:37.846816787Z,imsi-001010123456780,4,20261003T134112Z,,75,Periodic Reporting,0,1452154,1452154,0,1639,1639,86,nist-dnn,1,FFFFFF
bootstrap,2026-10-03T13:42:38.84695793Z,imsi-001010123456780,4,20261003T134112Z,,76,Periodic Reporting,0,1452154,1452154,0,1639,1639,87,nist-dnn,1,FFFFFF
bootstrap,2026-10-03T13:42:39.846377678Z,imsi-001010123456780,4,20261003T134112Z,,77,Periodic Reporting,0,1452154,1452154,0,1639,1639,88,nist-dnn,1,FFFFFF
bootstrap,2026-10-03T13:42:40.85327952Z,imsi-001010123456780,4,20261003T134112Z,,78,Periodic Reporting,0,1452154,1452154,0,1639,1639,89,nist-dnn,1,FFFFFF
bootstrap,2026-10-03T13:42:41.854442982Z,imsi-001010123456780,4,20261003T134112Z,,79,Periodic Reporting,0,1452154,1452154,0,1639,1639,90,nist-dnn,1,FFFFFF
bootstrap,2026-10-03T13:42:42.848598368Z,imsi-001010123456780,4,20261003T134112Z,,80,Periodic Reporting,0,1452154,1452154,0,1639,1639,91,nist-dnn,1,FFFFFF
bootstrap,2026-10-03T13:42:43.85243694Z,imsi-001010123456780,4,20261003T134112Z,,81,Periodic Reporting,0,1452154,1452154,0,1639,1639,92,nist-dnn,1,FFFFFF
bootstrap,2026-10-03T13:42:44.849157913Z,imsi-001010123456780,4,20261003T134112Z,,82,Periodic Reporting,0,1452154,1452154,0,1639,1639,93,nist-dnn,1,FFFFFF
bootstrap,2026-10-03T13:42:45.849151906Z,imsi-001010123456780,4,20261003T134112Z,,83,Periodic Reporting,0,1452154,1452154,0,1639,1639,94,nist-dnn,1,FFFFFF
bootstrap,2026-10-03T13:42:46.853961911Z,imsi-001010123456780,4,20261003T134112Z,,84,Periodic Reporting,0,1452154,1452154,0,1639,1639,95,nist-dnn,1,FFFFFF
bootstrap,2026-10-03T13:42:47.851532139Z,imsi-001010123456780,4,20261003T134112Z,,85,Periodic Reporting,51,1452277,1452328,1,1640,1641,96,nist-dnn,1,FFFFFF
bootstrap,2026-10-03T13:42:48.853788233Z,imsi-001010123456780,4,20261003T134112Z,,86,Periodic Reporting,0,1452154,1452154,0,1639,1639,97,nist-dnn,1,FFFFFF
bootstrap,2026-10-03T13:42:49.86491186Z,imsi-001010123456780,4,20261003T134112Z,,87,Periodic Reporting,0,1452154,1452154,0,1639,1639,98,nist-dnn,1,FFFFFF
bootstrap,2026-10-03T13:42:50.855250293Z,imsi-001010123456780,4,20261003T134112Z,,88,Periodic Reporting,0,1452154,1452154,0,1639,1639,99,nist-dnn,1,FFFFFF
bootstrap,2026-10-03T13:42:51.866060308Z,imsi-001010123456780,4,20261003T134112Z,,89,Periodic Reporting,0,1452154,1452154,0,1639,1639,100,nist-dnn,1,FFFFFF
bootstrap,2026-10-03T13:42:52.853347908Z,imsi-001010123456780,4,20261003T134112Z,,90,Periodic Reporting,0,1452154,1452154,0,1639,1639,101,nist-dnn,1,FFFFFF
bootstrap,2026-10-03T13:42:53.854051336Z,imsi-001010123456780,4,20261003T134112Z,,91,Periodic Reporting,0,1452154,1452154,0,1639,1639,102,nist-dnn,1,FFFFFF
bootstrap,2026-10-03T13:42:54.853814697Z,imsi-001010123456780,4,20261003T134112Z,,92,Periodic Reporting,0,1452154,1452154,0,1639,1639,103,nist-dnn,1,FFFFFF
bootstrap,2026-10-03T13:42:55.856964299Z,imsi-001010123456780,4,20261003T134112Z,,93,Periodic Reporting,0,1452154,1452154,0,1639,1639,104,nist-dnn,1,FFFFFF
bootstrap,2026-10-03T13:42:56.853562329Z,imsi-001010123456780,4,20261003T134112Z,,94,Periodic Reporting,0,1452154,1452154,0,1639,1639,105,nist-dnn,1,FFFFFF
bootstrap,2026-10-03T13:42:57.85526977Z,imsi-001010123456780,4,20261003T134112Z,,95,Periodic Reporting,0,1452154,1452154,0,1639,1639,106,nist-dnn,1,FFFFFF
bootstrap,2026-10-03T13:42:58.866669439Z,imsi-001010123456780,4,20261003T134112Z,,96,Periodic Reporting,0,1452154,1452154,0,1639,1639,107,nist-dnn,1,FFFFFF
bootstrap,2026-10-03T13:42:59.868154658Z,imsi-001010123456780,4,20261003T134112Z,,97,Periodic Reporting,0,1452154,1452154,0,1639,1639,108,nist-dnn,1,FFFFFF
bootstrap,2026-10-03T13:43:00.866451092Z,imsi-001010123456780,4,20261003T134112Z,,98,Periodic Reporting,0,1452154,1452154,0,1639,1639,109,nist-dnn,1,FFFFFF
bootstrap,2026-10-03T13:43:01.860199076Z,imsi-001010123456780,4,20261003T134112Z,,99,Periodic Reporting,0,1452154,1452154,0,1639,1639,110,nist-dnn,1,FFFFFF
bootstrap,2026-10-03T13:43:02.85634614Z,imsi-001010123456780,4,20261003T134112Z,,100,Periodic Reporting,0,1452154,1452154,0,1639,1639,111,nist-dnn,1,FFFFFF
bootstrap,2026-10-03T13:43:03.862097993Z,imsi-001010123456780,4,20261003T134112Z,,101,Periodic Reporting,0,1452154,1452154,0,1639,1639,112,nist-dnn,1,FFFFFF
bootstrap,2026-10-03T13:43:04.864930179Z,imsi-001010123456780,4,20261003T134112Z,,102,Periodic Reporting,0,1452154,1452154,0,1639,1639,113,nist-dnn,1,FFFFFF
bootstrap,2026-10-03T13:43:05.86371818Z,imsi-001010123456780,4,20261003T134112Z,,103,Periodic Reporting,0,1452154,1452154,0,1639,1639,114,nist-dnn,1,FFFFFF
bootstrap,2026-10-03T13:43:06.862428583Z,imsi-001010123456780,4,20261003T134112Z,,104,Periodic Reporting,0,1452154,1452154,0,1639,1639,115,nist-dnn,1,FFFFFF
bootstrap,2026-10-03T13:43:07.859615902Z,imsi-001010123456780,4,20261003T134112Z,,105,Periodic Reporting,51,1452277,1452328,1,1640,1641,116,nist-dnn,1,FFFFFF
bootstrap,2026-10-03T13:43:08.859353766Z,imsi-001010123456780,4,20261003T134112Z,,106,Periodic Reporting,0,1452154,1452154,0,1639,1639,117,nist-dnn,1,FFFFFF
bootstrap,2026-10-03T13:43:09.873269932Z,imsi-001010123456780,4,20261003T134112Z,,107,Periodic Reporting,0,1452154,1452154,0,1639,1639,118,nist-dnn,1,FFFFFF
bootstrap,2026-10-03T13:43:10.860533655Z,imsi-001010123456780,4,20261003T134112Z,,108,Periodic Reporting,0,1452154,1452154,0,1639,1639,119,nist-dnn,1,FFFFFF
bootstrap,2026-10-03T13:43:11.862186143Z,imsi-001010123456780,4,20261003T134112Z,,109,Periodic Reporting,0,1452154,1452154,0,1639,1639,120,nist-dnn,1,FFFFFF
bootstrap,2026-10-03T13:43:12.859167208Z,imsi-001010123456780,4,20261003T134112Z,,110,Periodic Reporting,0,1452154,1452154,0,1639,1639,121,nist-dnn,1,FFFFFF
bootstrap,2026-10-03T13:43:13.860539573Z,imsi-001010123456780,4,20261003T134112Z,,111,Periodic Reporting,0,1452154,1452154,0,1639,1639,122,nist-dnn,1,FFFFFF
bootstrap,2026-10-03T13:43:14.860818765Z,imsi-001010123456780,4,20261003T134112Z,,112,Periodic Reporting,0,1452154,1452154,0,1639,1639,123,nist-dnn,1,FFFFFF
bootstrap,2026-10-03T13:43:15.875040663Z,imsi-001010123456780,4,20261003T134112Z,,113,Periodic Reporting,0,1452154,1452154,0,1639,1639,124,nist-dnn,1,FFFFFF
bootstrap,2026-10-03T13:43:16.8663298Z,imsi-001010123456780,4,20261003T134112Z,,114,Periodic Reporting,0,1452154,1452154,0,1639,1639,125,nist-dnn,1,FFFFFF
bootstrap,2026-10-03T13:43:17.891595797Z,imsi-001010123456780,4,20261003T134112Z,,115,Periodic Reporting,0,1452154,1452154,0,1639,1639,126,nist-dnn,1,FFFFFF
bootstrap,2026-10-03T13:43:18.869295836Z,imsi-001010123456780,4,20261003T134112Z,,116,Periodic Reporting,0,1452154,1452154,0,1639,1639,127,nist-dnn,1,FFFFFF
bootstrap,2026-10-03T13:43:19.869942487Z,imsi-001010123456780,4,20261003T134112Z,,117,Periodic Reporting,0,1452154,1452154,0,1639,1639,128,nist-dnn,1,FFFFFF
bootstrap,2026-10-03T13:43:20.86531616Z,imsi-001010123456780,4,20261003T134112Z,,118,Periodic Reporting,0,1452154,1452154,0,1639,1639,129,nist-dnn,1,FFFFFF
bootstrap,2026-10-03T13:43:21.866273813Z,imsi-001010123456780,4,20261003T134112Z,,119,Periodic Reporting,0,1452154,1452154,0,1639,1639,130,nist-dnn,1,FFFFFF
bootstrap,2026-10-03T13:43:22.865821375Z,imsi-001010123456780,4,20261003T134112Z,,120,Periodic Reporting,0,1452154,1452154,0,1639,1639,131,nist-dnn,1,FFFFFF
bootstrap,2026-10-03T13:43:23.86592597Z,imsi-001010123456780,4,20261003T134112Z,,121,Periodic Reporting,0,1452154,1452154,0,1639,1639,132,nist-dnn,1,FFFFFF
bootstrap,2026-10-03T13:43:24.864083555Z,imsi-001010123456780,4,20261003T134112Z,,122,Periodic Reporting,0,1452154,1452154,0,1639,1639,133,nist-dnn,1,FFFFFF
bootstrap,2026-10-03T13:43:25.867095404Z,imsi-001010123456780,4,20261003T134112Z,,123,Periodic Reporting,0,1452154,1452154,0,1639,1639,134,nist-dnn,1,FFFFFF
bootstrap,2026-10-03T13:43:26.865933437Z,imsi-001010123456780,4,20261003T134112Z,,124,Periodic Reporting,0,1452154,1452154,0,1639,1639,135,nist-dnn,1,FFFFFF
bootstrap,2026-10-03T13:43:27.867536503Z,imsi-001010123456780,4,20261003T134112Z,,125,Periodic Reporting,51,1452277,1452328,1,1640,1641,136,nist-dnn,1,FFFFFF
bootstrap,2026-10-03T13:43:28.866919654Z,imsi-001010123456780,4,20261003T134112Z,,126,Periodic Reporting,0,1452154,1452154,0,1639,1639,137,nist-dnn,1,FFFFFF
bootstrap,2026-10-03T13:43:29.865872582Z,imsi-001010123456780,4,20261003T134112Z,,127,Periodic Reporting,0,1452154,1452154,0,1639,1639,138,nist-dnn,1,FFFFFF
bootstrap,2026-10-03T13:43:30.869473009Z,imsi-001010123456780,4,20261003T134112Z,,128,Periodic Reporting,0,1452154,1452154,0,1639,1639,139,nist-dnn,1,FFFFFF
bootstrap,2026-10-03T13:43:31.867089558Z,imsi-001010123456780,4,20261003T134112Z,,129,Periodic Reporting,0,1452154,1452154,0,1639,1639,140,nist-dnn,1,FFFFFF
bootstrap,2026-10-03T13:43:32.870154602Z,imsi-001010123456780,4,20261003T134112Z,,130,Periodic Reporting,0,1452154,1452154,0,1639,1639,141,nist-dnn,1,FFFFFF
bootstrap,2026-10-03T13:43:33.870627373Z,imsi-001010123456780,4,20261003T134112Z,,131,Periodic Reporting,0,1452154,1452154,0,1639,1639,142,nist-dnn,1,FFFFFF
bootstrap,2026-10-03T13:43:34.870263737Z,imsi-001010123456780,4,20261003T134112Z,,132,Periodic Reporting,0,1422030,1422030,0,1605,1605,143,nist-dnn,1,FFFFFF
bootstrap,2026-10-03T13:43:36.873580936Z,imsi-001010123456780,4,20261003T134112Z,,133,Periodic Reporting,340,242,582,2,1,3,145,nist-dnn,1,FFFFFF
bootstrap,2026-10-03T13:43:38.875726712Z,imsi-001010123456780,4,20261003T134112Z,,134,Periodic Reporting,0,0,0,0,0,0,147,nist-dnn,1,FFFFFF
bootstrap,2026-10-03T13:43:40.87863129Z,imsi-001010123456780,4,20261003T134112Z,,135,Periodic Reporting,0,0,0,0,0,0,149,nist-dnn,1,FFFFFF
bootstrap,2026-10-03T13:43:42.879747115Z,imsi-001010123456780,4,20261003T134112Z,,136,Periodic Reporting,0,0,0,0,0,0,151,nist-dnn,1,FFFFFF
bootstrap,2026-10-03T13:43:44.88140211Z,imsi-001010123456780,4,20261003T134112Z,,137,Periodic Reporting,0,0,0,0,0,0,153,nist-dnn,1,FFFFFF
bootstrap,2026-10-03T13:43:46.882442129Z,imsi-001010123456780,4,20261003T134112Z,,138,Periodic Reporting,0,0,0,0,0,0,155,nist-dnn,1,FFFFFF
bootstrap,2026-10-03T13:43:48.885945842Z,imsi-001010123456780,4,20261003T134112Z,,139,Periodic Reporting,51,123,174,1,1,2,157,nist-dnn,1,FFFFFF
bootstrap,2026-10-03T13:43:50.895442399Z,imsi-001010123456780,4,20261003T134112Z,,140,Periodic Reporting,0,0,0,0,0,0,159,nist-dnn,1,FFFFFF
bootstrap,2026-10-03T13:43:52.914761184Z,imsi-001010123456780,4,20261003T134112Z,,141,Periodic Reporting,0,0,0,0,0,0,161,nist-dnn,1,FFFFFF
bootstrap,2026-10-03T13:43:54.895805348Z,imsi-001010123456780,4,20261003T134112Z,,142,Periodic Reporting,0,0,0,0,0,0,163,nist-dnn,1,FFFFFF
bootstrap,2026-10-03T13:43:56.897443427Z,imsi-001010123456780,4,20261003T134112Z,,143,Periodic Reporting,0,0,0,0,0,0,165,nist-dnn,1,FFFFFF
bootstrap,2026-10-03T13:43:58.90601158Z,imsi-001010123456780,4,20261003T134112Z,,144,Periodic Reporting,0,0,0,0,0,0,167,nist-dnn,1,FFFFFF
bootstrap,2026-10-03T13:44:00.90844246Z,imsi-001010123456780,4,20261003T134112Z,,145,Periodic Reporting,0,0,0,0,0,0,169,nist-dnn,1,FFFFFF
bootstrap,2026-10-03T13:44:02.908942393Z,imsi-001010123456780,4,20261003T134112Z,,146,Periodic Reporting,0,0,0,0,0,0,171,nist-dnn,1,FFFFFF
bootstrap,2026-10-03T13:44:04.918437396Z,imsi-001010123456780,4,20261003T134112Z,,147,Periodic Reporting,0,0,0,0,0,0,173,nist-dnn,1,FFFFFF
bootstrap,2026-10-03T13:44:06.924910283Z,imsi-001010123456780,4,20261003T134112Z,,148,Periodic Reporting,0,0,0,0,0,0,175,nist-dnn,1,FFFFFF
bootstrap,2026-10-03T13:44:08.923854524Z,imsi-001010123456780,4,20261003T134112Z,,149,Periodic Reporting,51,123,174,1,1,2,177,nist-dnn,1,FFFFFF
bootstrap,2026-10-03T13:44:10.926509299Z,imsi-001010123456780,4,20261003T134112Z,,150,Periodic Reporting,0,0,0,0,0,0,179,nist-dnn,1,FFFFFF
bootstrap,2026-10-03T13:44:12.943389379Z,imsi-001010123456780,4,20261003T134112Z,,151,Periodic Reporting,0,0,0,0,0,0,181,nist-dnn,1,FFFFFF
bootstrap,2026-10-03T13:44:14.934307455Z,imsi-001010123456780,4,20261003T134112Z,,152,Periodic Reporting,0,0,0,0,0,0,183,nist-dnn,1,FFFFFF
bootstrap,2026-10-03T13:44:16.934309775Z,imsi-001010123456780,4,20261003T134112Z,,153,Periodic Reporting,0,0,0,0,0,0,185,nist-dnn,1,FFFFFF
bootstrap,2026-10-03T13:44:18.942107913Z,imsi-001010123456780,4,20261003T134112Z,,154,Periodic Reporting,0,0,0,0,0,0,187,nist-dnn,1,FFFFFF
bootstrap,2026-10-03T13:44:20.942559412Z,imsi-001010123456780,4,20261003T134112Z,,155,Periodic Reporting,0,0,0,0,0,0,189,nist-dnn,1,FFFFFF
bootstrap,2026-10-03T13:45:22.916812892Z,imsi-001010123456780,1000001791035122,20261003T134322Z,,999999999,Volume Threshold,100,100,200,1,1,2,120,nist-dnn,1,FFFFFF
bootstrap,2026-10-03T13:45:44.090112697Z,imsi-001010123456780,5,20261003T134543Z,,1,Periodic Reporting,0,0,0,0,0,0,1,nist-dnn,1,FFFFFF
bootstrap,2026-10-03T13:45:46.091425716Z,imsi-001010123456780,5,20261003T134543Z,,2,Periodic Reporting,0,0,0,0,0,0,3,nist-dnn,1,FFFFFF
bootstrap,2026-10-03T13:45:48.094640244Z,imsi-001010123456780,5,20261003T134543Z,,3,Periodic Reporting,0,0,0,0,0,0,5,nist-dnn,1,FFFFFF
bootstrap,2026-10-03T13:45:50.097200789Z,imsi-001010123456780,5,20261003T134543Z,,4,Periodic Reporting,0,0,0,0,0,0,7,nist-dnn,1,FFFFFF
bootstrap,2026-10-03T13:45:52.101136776Z,imsi-001010123456780,5,20261003T134543Z,,5,Periodic Reporting,0,0,0,0,0,0,9,nist-dnn,1,FFFFFF
bootstrap,2026-10-03T13:45:54.104863564Z,imsi-001010123456780,5,20261003T134543Z,,6,Periodic Reporting,0,0,0,0,0,0,11,nist-dnn,1,FFFFFF
bootstrap,2026-10-03T13:45:56.110176748Z,imsi-001010123456780,5,20261003T134543Z,,7,Periodic Reporting,0,0,0,0,0,0,13,nist-dnn,1,FFFFFF
bootstrap,2026-10-03T13:45:57.112805089Z,imsi-001010123456780,5,20261003T134543Z,,8,Periodic Reporting,145314,0,145314,117,0,117,14,nist-dnn,1,FFFFFF
bootstrap,2026-10-03T13:45:58.115630712Z,imsi-001010123456780,5,20261003T134543Z,,9,Periodic Reporting,530334,0,530334,427,0,427,15,nist-dnn,1,FFFFFF
bootstrap,2026-10-03T13:45:59.117475686Z,imsi-001010123456780,5,20261003T134543Z,,10,Periodic Reporting,1066878,0,1066878,859,0,859,16,nist-dnn,1,FFFFFF
bootstrap,2026-10-03T13:46:00.121133756Z,imsi-001010123456780,5,20261003T134543Z,,11,Periodic Reporting,1764933,123,1765056,1422,1,1423,17,nist-dnn,1,FFFFFF
bootstrap,2026-10-03T13:46:01.136964903Z,imsi-001010123456780,5,20261003T134543Z,,12,Periodic Reporting,1889082,0,1889082,1521,0,1521,18,nist-dnn,1,FFFFFF
bootstrap,2026-10-03T13:46:02.140786967Z,imsi-001010123456780,5,20261003T134543Z,,13,Periodic Reporting,2277828,0,2277828,1834,0,1834,19,nist-dnn,1,FFFFFF
bootstrap,2026-10-03T13:46:03.1422769Z,imsi-001010123456780,5,20261003T134543Z,,14,Periodic Reporting,1492884,0,1492884,1202,0,1202,20,nist-dnn,1,FFFFFF
bootstrap,2026-10-03T13:46:04.150930313Z,imsi-001010123456780,5,20261003T134543Z,,15,Periodic Reporting,1371168,0,1371168,1104,0,1104,21,nist-dnn,1,FFFFFF
bootstrap,2026-10-03T13:46:05.154311802Z,imsi-001010123456780,5,20261003T134543Z,,16,Periodic Reporting,1353780,0,1353780,1090,0,1090,22,nist-dnn,1,FFFFFF
bootstrap,2026-10-03T13:46:06.153968337Z,imsi-001010123456780,5,20261003T134543Z,,17,Periodic Reporting,1376136,0,1376136,1108,0,1108,23,nist-dnn,1,FFFFFF
bootstrap,2026-10-03T13:46:07.156185233Z,imsi-001010123456780,5,20261003T134543Z,,18,Periodic Reporting,1279260,0,1279260,1030,0,1030,24,nist-dnn,1,FFFFFF
bootstrap,2026-10-03T13:46:08.155662079Z,imsi-001010123456780,5,20261003T134543Z,,19,Periodic Reporting,1436994,0,1436994,1157,0,1157,25,nist-dnn,1,FFFFFF
bootstrap,2026-10-03T13:46:09.160176589Z,imsi-001010123456780,5,20261003T134543Z,,20,Periodic Reporting,1346328,0,1346328,1084,0,1084,26,nist-dnn,1,FFFFFF
bootstrap,2026-10-03T13:46:10.159593193Z,imsi-001010123456780,5,20261003T134543Z,,21,Periodic Reporting,1348812,0,1348812,1086,0,1086,27,nist-dnn,1,FFFFFF
bootstrap,2026-10-03T13:46:11.163294292Z,imsi-001010123456780,5,20261003T134543Z,,22,Periodic Reporting,1383588,0,1383588,1114,0,1114,28,nist-dnn,1,FFFFFF
bootstrap,2026-10-03T13:46:12.157605749Z,imsi-001010123456780,5,20261003T134543Z,,23,Periodic Reporting,1366200,0,1366200,1100,0,1100,29,nist-dnn,1,FFFFFF
bootstrap,2026-10-03T13:46:13.167819833Z,imsi-001010123456780,5,20261003T134543Z,,24,Periodic Reporting,1342602,0,1342602,1081,0,1081,30,nist-dnn,1,FFFFFF
bootstrap,2026-10-03T13:46:14.16943696Z,imsi-001010123456780,5,20261003T134543Z,,25,Periodic Reporting,1361232,0,1361232,1096,0,1096,31,nist-dnn,1,FFFFFF
bootstrap,2026-10-03T13:46:15.169801724Z,imsi-001010123456780,5,20261003T134543Z,,26,Periodic Reporting,1376136,0,1376136,1108,0,1108,32,nist-dnn,1,FFFFFF
bootstrap,2026-10-03T13:46:16.179693861Z,imsi-001010123456780,5,20261003T134543Z,,27,Periodic Reporting,1356264,0,1356264,1092,0,1092,33,nist-dnn,1,FFFFFF
bootstrap,2026-10-03T13:46:17.185878296Z,imsi-001010123456780,5,20261003T134543Z,,28,Periodic Reporting,1345086,0,1345086,1083,0,1083,34,nist-dnn,1,FFFFFF
bootstrap,2026-10-03T13:46:18.179610967Z,imsi-001010123456780,5,20261003T134543Z,,29,Periodic Reporting,1384830,0,1384830,1115,0,1115,35,nist-dnn,1,FFFFFF
bootstrap,2026-10-03T13:46:19.186216488Z,imsi-001010123456780,5,20261003T134543Z,,30,Periodic Reporting,1320297,123,1320420,1064,1,1065,36,nist-dnn,1,FFFFFF
bootstrap,2026-10-03T13:46:20.185180886Z,imsi-001010123456780,5,20261003T134543Z,,31,Periodic Reporting,1384830,0,1384830,1115,0,1115,37,nist-dnn,1,FFFFFF
bootstrap,2026-10-03T13:46:21.188410594Z,imsi-001010123456780,5,20261003T134543Z,,32,Periodic Reporting,1362474,0,1362474,1097,0,1097,38,nist-dnn,1,FFFFFF
bootstrap,2026-10-03T13:46:22.200343443Z,imsi-001010123456780,5,20261003T134543Z,,33,Periodic Reporting,1373652,0,1373652,1106,0,1106,39,nist-dnn,1,FFFFFF
bootstrap,2026-10-03T13:46:23.209230301Z,imsi-001010123456780,5,20261003T134543Z,,34,Periodic Reporting,1346328,0,1346328,1084,0,1084,40,nist-dnn,1,FFFFFF
bootstrap,2026-10-03T13:46:24.205740251Z,imsi-001010123456780,5,20261003T134543Z,,35,Periodic Reporting,1356264,0,1356264,1092,0,1092,41,nist-dnn,1,FFFFFF
bootstrap,2026-10-03T13:46:25.209389861Z,imsi-001010123456780,5,20261003T134543Z,,36,Periodic Reporting,1364958,0,1364958,1099,0,1099,42,nist-dnn,1,FFFFFF
bootstrap,2026-10-03T13:46:26.214733514Z,imsi-001010123456780,5,20261003T134543Z,,37,Periodic Reporting,1348812,0,1348812,1086,0,1086,43,nist-dnn,1,FFFFFF
bootstrap,2026-10-03T13:46:27.219873179Z,imsi-001010123456780,5,20261003T134543Z,,38,Periodic Reporting,1364958,0,1364958,1099,0,1099,44,nist-dnn,1,FFFFFF
bootstrap,2026-10-03T13:46:28.225204279Z,imsi-001010123456780,5,20261003T134543Z,,39,Periodic Reporting,1377378,0,1377378,1109,0,1109,45,nist-dnn,1,FFFFFF
bootstrap,2026-10-03T13:46:29.22662883Z,imsi-001010123456780,5,20261003T134543Z,,40,Periodic Reporting,1347570,0,1347570,1085,0,1085,46,nist-dnn,1,FFFFFF
bootstrap,2026-10-03T13:46:30.277767427Z,imsi-001010123456780,5,20261003T134543Z,,41,Periodic Reporting,1391040,0,1391040,1120,0,1120,47,nist-dnn,1,FFFFFF
bootstrap,2026-10-03T13:46:31.267363337Z,imsi-001010123456780,5,20261003T134543Z,,42,Periodic Reporting,1413396,0,1413396,1138,0,1138,48,nist-dnn,1,FFFFFF
bootstrap,2026-10-03T13:46:32.281604857Z,imsi-001010123456780,5,20261003T134543Z,,43,Periodic Reporting,1331424,0,1331424,1072,0,1072,49,nist-dnn,1,FFFFFF
bootstrap,2026-10-03T13:46:33.273213873Z,imsi-001010123456780,5,20261003T134543Z,,44,Periodic Reporting,1364958,0,1364958,1099,0,1099,50,nist-dnn,1,FFFFFF
bootstrap,2026-10-03T13:46:34.281369699Z,imsi-001010123456780,5,20261003T134543Z,,45,Periodic Reporting,1368684,0,1368684,1102,0,1102,51,nist-dnn,1,FFFFFF
bootstrap,2026-10-03T13:46:35.273371304Z,imsi-001010123456780,5,20261003T134543Z,,46,Periodic Reporting,1373652,0,1373652,1106,0,1106,52,nist-dnn,1,FFFFFF
bootstrap,2026-10-03T13:46:36.275806706Z,imsi-001010123456780,5,20261003T134543Z,,47,Periodic Reporting,1341360,0,1341360,1080,0,1080,53,nist-dnn,1,FFFFFF
bootstrap,2026-10-03T13:46:37.300325441Z,imsi-001010123456780,5,20261003T134543Z,,48,Periodic Reporting,1361232,0,1361232,1096,0,1096,54,nist-dnn,1,FFFFFF
bootstrap,2026-10-03T13:46:38.300137541Z,imsi-001010123456780,5,20261003T134543Z,,49,Periodic Reporting,1381104,0,1381104,1112,0,1112,55,nist-dnn,1,FFFFFF
bootstrap,2026-10-03T13:46:39.313815939Z,imsi-001010123456780,5,20261003T134543Z,,50,Periodic Reporting,1347621,123,1347744,1086,1,1087,56,nist-dnn,1,FFFFFF
bootstrap,2026-10-03T13:46:40.321449403Z,imsi-001010123456780,5,20261003T134543Z,,51,Periodic Reporting,1388556,0,1388556,1118,0,1118,57,nist-dnn,1,FFFFFF
bootstrap,2026-10-03T13:46:41.325782093Z,imsi-001010123456780,5,20261003T134543Z,,52,Periodic Reporting,1366200,0,1366200,1100,0,1100,58,nist-dnn,1,FFFFFF
bootstrap,2026-10-03T13:46:42.329351166Z,imsi-001010123456780,5,20261003T134543Z,,53,Periodic Reporting,1357506,0,1357506,1093,0,1093,59,nist-dnn,1,FFFFFF
bootstrap,2026-10-03T13:46:43.335077648Z,imsi-001010123456780,5,20261003T134543Z,,54,Periodic Reporting,1302858,0,1302858,1049,0,1049,60,nist-dnn,1,FFFFFF
bootstrap,2026-10-03T13:46:44.336589771Z,imsi-001010123456780,5,20261003T134543Z,,55,Periodic Reporting,1429542,0,1429542,1151,0,1151,61,nist-dnn,1,FFFFFF
bootstrap,2026-10-03T13:46:45.335764333Z,imsi-001010123456780,5,20261003T134543Z,,56,Periodic Reporting,1315278,0,1315278,1059,0,1059,62,nist-dnn,1,FFFFFF
bootstrap,2026-10-03T13:46:46.341437677Z,imsi-001010123456780,5,20261003T134543Z,,57,Periodic Reporting,1402218,0,1402218,1129,0,1129,63,nist-dnn,1,FFFFFF
bootstrap,2026-10-03T13:46:47.345763015Z,imsi-001010123456780,5,20261003T134543Z,,58,Periodic Reporting,1335150,0,1335150,1075,0,1075,64,nist-dnn,1,FFFFFF
bootstrap,2026-10-03T13:46:48.348435411Z,imsi-001010123456780,5,20261003T134543Z,,59,Periodic Reporting,1351296,0,1351296,1088,0,1088,65,nist-dnn,1,FFFFFF
bootstrap,2026-10-03T13:46:49.372840312Z,imsi-001010123456780,5,20261003T134543Z,,60,Periodic Reporting,1379862,0,1379862,1111,0,1111,66,nist-dnn,1,FFFFFF
bootstrap,2026-10-03T13:46:50.354145189Z,imsi-001010123456780,5,20261003T134543Z,,61,Periodic Reporting,1398492,0,1398492,1126,0,1126,67,nist-dnn,1,FFFFFF
bootstrap,2026-10-03T13:46:51.37366303Z,imsi-001010123456780,5,20261003T134543Z,,62,Periodic Reporting,1347570,0,1347570,1085,0,1085,68,nist-dnn,1,FFFFFF
bootstrap,2026-10-03T13:46:52.389276884Z,imsi-001010123456780,5,20261003T134543Z,,63,Periodic Reporting,1364958,0,1364958,1099,0,1099,69,nist-dnn,1,FFFFFF
bootstrap,2026-10-03T13:46:53.397571768Z,imsi-001010123456780,5,20261003T134543Z,,64,Periodic Reporting,1386072,0,1386072,1116,0,1116,70,nist-dnn,1,FFFFFF
bootstrap,2026-10-03T13:46:54.407949282Z,imsi-001010123456780,5,20261003T134543Z,,65,Periodic Reporting,1320246,0,1320246,1063,0,1063,71,nist-dnn,1,FFFFFF
bootstrap,2026-10-03T13:46:55.399227918Z,imsi-001010123456780,5,20261003T134543Z,,66,Periodic Reporting,1394766,0,1394766,1123,0,1123,72,nist-dnn,1,FFFFFF
bootstrap,2026-10-03T13:46:56.425004898Z,imsi-001010123456780,5,20261003T134543Z,,67,Periodic Reporting,1343844,428,1344272,1082,2,1084,74,nist-dnn,1,FFFFFF
bootstrap,2026-10-03T13:46:58.361077744Z,imsi-001010123456780,5,20261003T134543Z,,68,Periodic Reporting,249,214,463,2,1,3,75,nist-dnn,1,FFFFFF
bootstrap,2026-10-03T13:47:00.601831606Z,imsi-001010123456780,5,20261003T134543Z,,69,Periodic Reporting,0,123,123,0,1,1,78,nist-dnn,1,FFFFFF
bootstrap,2026-10-03T13:47:02.602342781Z,imsi-001010123456780,5,20261003T134543Z,,70,Periodic Reporting,0,0,0,0,0,0,80,nist-dnn,1,FFFFFF
bootstrap,2026-10-03T13:47:04.606377073Z,imsi-001010123456780,5,20261003T134543Z,,71,Periodic Reporting,0,0,0,0,0,0,82,nist-dnn,1,FFFFFF
bootstrap,2026-10-03T13:47:06.609828285Z,imsi-001010123456780,5,20261003T134543Z,,72,Periodic Reporting,0,0,0,0,0,0,84,nist-dnn,1,FFFFFF
bootstrap,2026-10-03T13:47:07.612006246Z,imsi-001010123456780,5,20261003T134543Z,,73,Periodic Reporting,0,1240990,1240990,0,965,965,85,nist-dnn,1,FFFFFF
bootstrap,2026-10-03T13:47:08.621662754Z,imsi-001010123456780,5,20261003T134543Z,,74,Periodic Reporting,0,1405598,1405598,0,1093,1093,86,nist-dnn,1,FFFFFF
bootstrap,2026-10-03T13:47:09.61713316Z,imsi-001010123456780,5,20261003T134543Z,,75,Periodic Reporting,0,1405598,1405598,0,1093,1093,87,nist-dnn,1,FFFFFF
bootstrap,2026-10-03T13:47:10.61357336Z,imsi-001010123456780,5,20261003T134543Z,,76,Periodic Reporting,0,1405598,1405598,0,1093,1093,88,nist-dnn,1,FFFFFF
bootstrap,2026-10-03T13:47:11.635463638Z,imsi-001010123456780,5,20261003T134543Z,,77,Periodic Reporting,0,1405598,1405598,0,1093,1093,89,nist-dnn,1,FFFFFF
bootstrap,2026-10-03T13:47:12.619596564Z,imsi-001010123456780,5,20261003T134543Z,,78,Periodic Reporting,0,1405598,1405598,0,1093,1093,90,nist-dnn,1,FFFFFF
bootstrap,2026-10-03T13:47:13.613366203Z,imsi-001010123456780,5,20261003T134543Z,,79,Periodic Reporting,0,1405598,1405598,0,1093,1093,91,nist-dnn,1,FFFFFF
bootstrap,2026-10-03T13:47:14.6168984Z,imsi-001010123456780,5,20261003T134543Z,,80,Periodic Reporting,0,1405598,1405598,0,1093,1093,92,nist-dnn,1,FFFFFF
bootstrap,2026-10-03T13:47:15.618246649Z,imsi-001010123456780,5,20261003T134543Z,,81,Periodic Reporting,0,1405598,1405598,0,1093,1093,93,nist-dnn,1,FFFFFF
bootstrap,2026-10-03T13:47:16.621000876Z,imsi-001010123456780,5,20261003T134543Z,,82,Periodic Reporting,0,1405598,1405598,0,1093,1093,94,nist-dnn,1,FFFFFF
bootstrap,2026-10-03T13:47:17.62451405Z,imsi-001010123456780,5,20261003T134543Z,,83,Periodic Reporting,0,1405598,1405598,0,1093,1093,95,nist-dnn,1,FFFFFF
bootstrap,2026-10-03T13:47:18.616911668Z,imsi-001010123456780,5,20261003T134543Z,,84,Periodic Reporting,51,1405721,1405772,1,1094,1095,96,nist-dnn,1,FFFFFF
bootstrap,2026-10-03T13:47:19.618628783Z,imsi-001010123456780,5,20261003T134543Z,,85,Periodic Reporting,0,1405598,1405598,0,1093,1093,97,nist-dnn,1,FFFFFF
bootstrap,2026-10-03T13:47:20.623724244Z,imsi-001010123456780,5,20261003T134543Z,,86,Periodic Reporting,0,1405598,1405598,0,1093,1093,98,nist-dnn,1,FFFFFF
bootstrap,2026-10-03T13:47:21.642637148Z,imsi-001010123456780,5,20261003T134543Z,,87,Periodic Reporting,0,1405598,1405598,0,1093,1093,99,nist-dnn,1,FFFFFF
bootstrap,2026-10-03T13:47:22.625114357Z,imsi-001010123456780,5,20261003T134543Z,,88,Periodic Reporting,0,1405598,1405598,0,1093,1093,100,nist-dnn,1,FFFFFF
bootstrap,2026-10-03T13:47:23.62055908Z,imsi-001010123456780,5,20261003T134543Z,,89,Periodic Reporting,0,1405598,1405598,0,1093,1093,101,nist-dnn,1,FFFFFF
bootstrap,2026-10-03T13:47:24.620244819Z,imsi-001010123456780,5,20261003T134543Z,,90,Periodic Reporting,0,1405598,1405598,0,1093,1093,102,nist-dnn,1,FFFFFF
bootstrap,2026-10-03T13:47:25.621329321Z,imsi-001010123456780,5,20261003T134543Z,,91,Periodic Reporting,0,1405598,1405598,0,1093,1093,103,nist-dnn,1,FFFFFF
bootstrap,2026-10-03T13:47:26.626988878Z,imsi-001010123456780,5,20261003T134543Z,,92,Periodic Reporting,0,1405598,1405598,0,1093,1093,104,nist-dnn,1,FFFFFF
bootstrap,2026-10-03T13:47:27.62691265Z,imsi-001010123456780,5,20261003T134543Z,,93,Periodic Reporting,0,1405598,1405598,0,1093,1093,105,nist-dnn,1,FFFFFF
bootstrap,2026-10-03T13:47:28.627412371Z,imsi-001010123456780,5,20261003T134543Z,,94,Periodic Reporting,0,1405598,1405598,0,1093,1093,106,nist-dnn,1,FFFFFF
bootstrap,2026-10-03T13:47:29.624266484Z,imsi-001010123456780,5,20261003T134543Z,,95,Periodic Reporting,0,1405598,1405598,0,1093,1093,107,nist-dnn,1,FFFFFF
bootstrap,2026-10-03T13:47:30.624130938Z,imsi-001010123456780,5,20261003T134543Z,,96,Periodic Reporting,0,1405598,1405598,0,1093,1093,108,nist-dnn,1,FFFFFF
bootstrap,2026-10-03T13:47:31.623455468Z,imsi-001010123456780,5,20261003T134543Z,,97,Periodic Reporting,0,1405598,1405598,0,1093,1093,109,nist-dnn,1,FFFFFF
bootstrap,2026-10-03T13:47:32.630991354Z,imsi-001010123456780,5,20261003T134543Z,,98,Periodic Reporting,0,1405598,1405598,0,1093,1093,110,nist-dnn,1,FFFFFF
bootstrap,2026-10-03T13:47:33.632654512Z,imsi-001010123456780,5,20261003T134543Z,,99,Periodic Reporting,0,1405598,1405598,0,1093,1093,111,nist-dnn,1,FFFFFF
bootstrap,2026-10-03T13:47:34.627543517Z,imsi-001010123456780,5,20261003T134543Z,,100,Periodic Reporting,0,1405598,1405598,0,1093,1093,112,nist-dnn,1,FFFFFF
bootstrap,2026-10-03T13:47:35.628437236Z,imsi-001010123456780,5,20261003T134543Z,,101,Periodic Reporting,0,1405598,1405598,0,1093,1093,113,nist-dnn,1,FFFFFF
bootstrap,2026-10-03T13:47:36.627430866Z,imsi-001010123456780,5,20261003T134543Z,,102,Periodic Reporting,0,1405598,1405598,0,1093,1093,114,nist-dnn,1,FFFFFF
bootstrap,2026-10-03T13:47:37.634734514Z,imsi-001010123456780,5,20261003T134543Z,,103,Periodic Reporting,0,1405598,1405598,0,1093,1093,115,nist-dnn,1,FFFFFF
bootstrap,2026-10-03T13:47:38.645259606Z,imsi-001010123456780,5,20261003T134543Z,,104,Periodic Reporting,51,1405721,1405772,1,1094,1095,116,nist-dnn,1,FFFFFF
bootstrap,2026-10-03T13:47:39.636473584Z,imsi-001010123456780,5,20261003T134543Z,,105,Periodic Reporting,0,1405598,1405598,0,1093,1093,117,nist-dnn,1,FFFFFF
bootstrap,2026-10-03T13:47:40.642851934Z,imsi-001010123456780,5,20261003T134543Z,,106,Periodic Reporting,0,1405598,1405598,0,1093,1093,118,nist-dnn,1,FFFFFF
bootstrap,2026-10-03T13:47:41.634578895Z,imsi-001010123456780,5,20261003T134543Z,,107,Periodic Reporting,0,1405598,1405598,0,1093,1093,119,nist-dnn,1,FFFFFF
bootstrap,2026-10-03T13:47:42.63242192Z,imsi-001010123456780,5,20261003T134543Z,,108,Periodic Reporting,0,1405598,1405598,0,1093,1093,120,nist-dnn,1,FFFFFF
bootstrap,2026-10-03T13:47:43.63360383Z,imsi-001010123456780,5,20261003T134543Z,,109,Periodic Reporting,0,1405598,1405598,0,1093,1093,121,nist-dnn,1,FFFFFF
bootstrap,2026-10-03T13:47:44.639233405Z,imsi-001010123456780,5,20261003T134543Z,,110,Periodic Reporting,0,1405598,1405598,0,1093,1093,122,nist-dnn,1,FFFFFF
bootstrap,2026-10-03T13:47:45.635408293Z,imsi-001010123456780,5,20261003T134543Z,,111,Periodic Reporting,0,1405598,1405598,0,1093,1093,123,nist-dnn,1,FFFFFF
bootstrap,2026-10-03T13:47:46.639144172Z,imsi-001010123456780,5,20261003T134543Z,,112,Periodic Reporting,0,1405598,1405598,0,1093,1093,124,nist-dnn,1,FFFFFF
bootstrap,2026-10-03T13:47:47.647773472Z,imsi-001010123456780,5,20261003T134543Z,,113,Periodic Reporting,0,1405598,1405598,0,1093,1093,125,nist-dnn,1,FFFFFF
bootstrap,2026-10-03T13:47:48.664578191Z,imsi-001010123456780,5,20261003T134543Z,,114,Periodic Reporting,0,1405598,1405598,0,1093,1093,126,nist-dnn,1,FFFFFF
bootstrap,2026-10-03T13:47:49.643191636Z,imsi-001010123456780,5,20261003T134543Z,,115,Periodic Reporting,0,1405598,1405598,0,1093,1093,127,nist-dnn,1,FFFFFF
bootstrap,2026-10-03T13:47:50.643709934Z,imsi-001010123456780,5,20261003T134543Z,,116,Periodic Reporting,0,1405598,1405598,0,1093,1093,128,nist-dnn,1,FFFFFF
bootstrap,2026-10-03T13:47:51.643997535Z,imsi-001010123456780,5,20261003T134543Z,,117,Periodic Reporting,0,1405598,1405598,0,1093,1093,129,nist-dnn,1,FFFFFF
bootstrap,2026-10-03T13:47:52.638985284Z,imsi-001010123456780,5,20261003T134543Z,,118,Periodic Reporting,0,1405598,1405598,0,1093,1093,130,nist-dnn,1,FFFFFF
bootstrap,2026-10-03T13:47:53.637938893Z,imsi-001010123456780,5,20261003T134543Z,,119,Periodic Reporting,0,1405598,1405598,0,1093,1093,131,nist-dnn,1,FFFFFF
bootstrap,2026-10-03T13:47:54.645986572Z,imsi-001010123456780,5,20261003T134543Z,,120,Periodic Reporting,0,1405598,1405598,0,1093,1093,132,nist-dnn,1,FFFFFF
bootstrap,2026-10-03T13:47:55.640163628Z,imsi-001010123456780,5,20261003T134543Z,,121,Periodic Reporting,0,1405598,1405598,0,1093,1093,133,nist-dnn,1,FFFFFF
bootstrap,2026-10-03T13:47:56.650137985Z,imsi-001010123456780,5,20261003T134543Z,,122,Periodic Reporting,0,1405598,1405598,0,1093,1093,134,nist-dnn,1,FFFFFF
bootstrap,2026-10-03T13:47:57.642082582Z,imsi-001010123456780,5,20261003T134543Z,,123,Periodic Reporting,0,1405598,1405598,0,1093,1093,135,nist-dnn,1,FFFFFF
bootstrap,2026-10-03T13:47:58.645989982Z,imsi-001010123456780,5,20261003T134543Z,,124,Periodic Reporting,51,1405721,1405772,1,1094,1095,136,nist-dnn,1,FFFFFF
bootstrap,2026-10-03T13:47:59.643980385Z,imsi-001010123456780,5,20261003T134543Z,,125,Periodic Reporting,0,1405598,1405598,0,1093,1093,137,nist-dnn,1,FFFFFF
bootstrap,2026-10-03T13:48:00.64626278Z,imsi-001010123456780,5,20261003T134543Z,,126,Periodic Reporting,0,1405598,1405598,0,1093,1093,138,nist-dnn,1,FFFFFF
bootstrap,2026-10-03T13:48:01.648414921Z,imsi-001010123456780,5,20261003T134543Z,,127,Periodic Reporting,0,1405598,1405598,0,1093,1093,139,nist-dnn,1,FFFFFF
bootstrap,2026-10-03T13:48:02.648549499Z,imsi-001010123456780,5,20261003T134543Z,,128,Periodic Reporting,0,1405598,1405598,0,1093,1093,140,nist-dnn,1,FFFFFF
bootstrap,2026-10-03T13:48:03.645468837Z,imsi-001010123456780,5,20261003T134543Z,,129,Periodic Reporting,0,1405598,1405598,0,1093,1093,141,nist-dnn,1,FFFFFF
bootstrap,2026-10-03T13:48:04.646563438Z,imsi-001010123456780,5,20261003T134543Z,,130,Periodic Reporting,0,1405598,1405598,0,1093,1093,142,nist-dnn,1,FFFFFF
bootstrap,2026-10-03T13:48:05.646124364Z,imsi-001010123456780,5,20261003T134543Z,,131,Periodic Reporting,0,1405598,1405598,0,1093,1093,143,nist-dnn,1,FFFFFF
bootstrap,2026-10-03T13:48:06.649591432Z,imsi-001010123456780,5,20261003T134543Z,,132,Periodic Reporting,0,1405598,1405598,0,1093,1093,144,nist-dnn,1,FFFFFF
bootstrap,2026-10-03T13:48:08.653079598Z,imsi-001010123456780,5,20261003T134543Z,,133,Periodic Reporting,850,117994,118844,5,95,100,146,nist-dnn,1,FFFFFF
bootstrap,2026-10-03T13:48:10.653254242Z,imsi-001010123456780,5,20261003T134543Z,,134,Periodic Reporting,0,0,0,0,0,0,148,nist-dnn,1,FFFFFF
bootstrap,2026-10-03T13:48:12.667608951Z,imsi-001010123456780,5,20261003T134543Z,,135,Periodic Reporting,0,0,0,0,0,0,150,nist-dnn,1,FFFFFF
bootstrap,2026-10-03T13:48:14.658881054Z,imsi-001010123456780,5,20261003T134543Z,,136,Periodic Reporting,0,0,0,0,0,0,152,nist-dnn,1,FFFFFF
bootstrap,2026-10-03T13:48:16.662400328Z,imsi-001010123456780,5,20261003T134543Z,,137,Periodic Reporting,0,0,0,0,0,0,154,nist-dnn,1,FFFFFF
bootstrap,2026-10-03T13:48:18.354240801Z,imsi-001010123456780,5,20261003T134543Z,,138,Periodic Reporting,51,0,51,1,0,1,155,nist-dnn,1,FFFFFF
bootstrap,2026-10-03T13:48:19.855566238Z,imsi-001010123456780,5,20261003T134543Z,,139,Periodic Reporting,0,123,123,0,1,1,157,nist-dnn,1,FFFFFF
bootstrap,2026-10-03T13:48:21.856746886Z,imsi-001010123456780,5,20261003T134543Z,,140,Periodic Reporting,0,0,0,0,0,0,159,nist-dnn,1,FFFFFF
bootstrap,2026-10-03T13:48:23.866445188Z,imsi-001010123456780,5,20261003T134543Z,,141,Periodic Reporting,0,0,0,0,0,0,161,nist-dnn,1,FFFFFF
bootstrap,2026-10-03T13:48:25.86093379Z,imsi-001010123456780,5,20261003T134543Z,,142,Periodic Reporting,0,0,0,0,0,0,163,nist-dnn,1,FFFFFF
bootstrap,2026-10-03T13:48:27.864412082Z,imsi-001010123456780,5,20261003T134543Z,,143,Periodic Reporting,0,0,0,0,0,0,165,nist-dnn,1,FFFFFF
bootstrap,2026-10-03T13:48:29.867198516Z,imsi-001010123456780,5,20261003T134543Z,,144,Periodic Reporting,0,0,0,0,0,0,167,nist-dnn,1,FFFFFF
bootstrap,2026-10-03T13:48:31.869983381Z,imsi-001010123456780,5,20261003T134543Z,,145,Periodic Reporting,0,0,0,0,0,0,169,nist-dnn,1,FFFFFF
bootstrap,2026-10-03T13:48:33.871080539Z,imsi-001010123456780,5,20261003T134543Z,,146,Periodic Reporting,0,0,0,0,0,0,171,nist-dnn,1,FFFFFF
bootstrap,2026-10-03T13:48:35.87746764Z,imsi-001010123456780,5,20261003T134543Z,,147,Periodic Reporting,0,0,0,0,0,0,173,nist-dnn,1,FFFFFF
bootstrap,2026-10-03T13:48:37.880350515Z,imsi-001010123456780,5,20261003T134543Z,,148,Periodic Reporting,0,0,0,0,0,0,175,nist-dnn,1,FFFFFF
bootstrap,2026-10-03T13:48:39.879881104Z,imsi-001010123456780,5,20261003T134543Z,,149,Periodic Reporting,51,123,174,1,1,2,177,nist-dnn,1,FFFFFF
bootstrap,2026-10-03T13:48:41.882413194Z,imsi-001010123456780,5,20261003T134543Z,,150,Periodic Reporting,0,0,0,0,0,0,179,nist-dnn,1,FFFFFF
bootstrap,2026-10-03T13:48:43.888105613Z,imsi-001010123456780,5,20261003T134543Z,,151,Periodic Reporting,0,0,0,0,0,0,181,nist-dnn,1,FFFFFF
bootstrap,2026-10-03T13:48:45.893705437Z,imsi-001010123456780,5,20261003T134543Z,,152,Periodic Reporting,0,0,0,0,0,0,183,nist-dnn,1,FFFFFF
bootstrap,2026-10-03T13:48:47.894476143Z,imsi-001010123456780,5,20261003T134543Z,,153,Periodic Reporting,0,0,0,0,0,0,185,nist-dnn,1,FFFFFF
bootstrap,2026-10-03T13:48:49.902051475Z,imsi-001010123456780,5,20261003T134543Z,,154,Periodic Reporting,0,0,0,0,0,0,187,nist-dnn,1,FFFFFF
bootstrap,2026-10-03T13:48:51.902115792Z,imsi-001010123456780,5,20261003T134543Z,,155,Periodic Reporting,0,0,0,0,0,0,189,nist-dnn,1,FFFFFF
bootstrap,2026-10-03T13:52:38.824183982Z,imsi-001010123456780,1000001791035558,20261003T135038Z,,999999999,Volume Threshold,100,100,200,1,1,2,120,nist-dnn,1,FFFFFF
bootstrap,2026-10-03T13:53:11.179177844Z,imsi-001010123456780,1,20261003T135300Z,,6,Periodic Reporting,0,0,0,0,0,0,11,nist-dnn,1,FFFFFF
bootstrap,2026-10-03T13:53:13.049449128Z,imsi-001010123456780,1,20261003T135300Z,,7,Periodic Reporting,842,0,842,1,0,1,13,nist-dnn,1,FFFFFF
bootstrap,2026-10-03T13:53:14.068048231Z,imsi-001010123456780,1,20261003T135300Z,,8,Periodic Reporting,85884,0,85884,102,0,102,14,nist-dnn,1,FFFFFF
bootstrap,2026-10-03T13:53:15.071180358Z,imsi-001010123456780,1,20261003T135300Z,,9,Periodic Reporting,184398,0,184398,219,0,219,15,nist-dnn,1,FFFFFF
bootstrap,2026-10-03T13:53:16.088814036Z,imsi-001010123456780,1,20261003T135300Z,,10,Periodic Reporting,284596,0,284596,338,0,338,16,nist-dnn,1,FFFFFF
bootstrap,2026-10-03T13:53:17.096293352Z,imsi-001010123456780,1,20261003T135300Z,,11,Periodic Reporting,350272,0,350272,416,0,416,17,nist-dnn,1,FFFFFF
bootstrap,2026-10-03T13:53:18.126514165Z,imsi-001010123456780,1,20261003T135300Z,,12,Periodic Reporting,521198,0,521198,619,0,619,18,nist-dnn,1,FFFFFF
bootstrap,2026-10-03T13:53:19.125215054Z,imsi-001010123456780,1,20261003T135300Z,,13,Periodic Reporting,575928,0,575928,684,0,684,19,nist-dnn,1,FFFFFF
bootstrap,2026-10-03T13:53:20.121102532Z,imsi-001010123456780,1,20261003T135300Z,,14,Periodic Reporting,926200,0,926200,1100,0,1100,20,nist-dnn,1,FFFFFF
bootstrap,2026-10-03T13:53:21.123260162Z,imsi-001010123456780,1,20261003T135300Z,,15,Periodic Reporting,1308519,123,1308642,1555,1,1556,21,nist-dnn,1,FFFFFF
bootstrap,2026-10-03T13:53:22.162003293Z,imsi-001010123456780,1,20261003T135300Z,,16,Periodic Reporting,1026398,0,1026398,1219,0,1219,22,nist-dnn,1,FFFFFF
bootstrap,2026-10-03T13:53:23.165803064Z,imsi-001010123456780,1,20261003T135300Z,,17,Periodic Reporting,1258790,0,1258790,1495,0,1495,23,nist-dnn,1,FFFFFF
bootstrap,2026-10-03T13:53:24.176192056Z,imsi-001010123456780,1,20261003T135300Z,,18,Periodic Reporting,1180484,0,1180484,1402,0,1402,24,nist-dnn,1,FFFFFF
bootstrap,2026-10-03T13:53:25.181467382Z,imsi-001010123456780,1,20261003T135300Z,,19,Periodic Reporting,1109756,0,1109756,1318,0,1318,25,nist-dnn,1,FFFFFF
bootstrap,2026-10-03T13:53:26.194521688Z,imsi-001010123456780,1,20261003T135300Z,,20,Periodic Reporting,1110598,0,1110598,1319,0,1319,26,nist-dnn,1,FFFFFF
bootstrap,2026-10-03T13:53:27.200791312Z,imsi-001010123456780,1,20261003T135300Z,,21,Periodic Reporting,976720,0,976720,1160,0,1160,27,nist-dnn,1,FFFFFF
bootstrap,2026-10-03T13:53:28.21316186Z,imsi-001010123456780,1,20261003T135300Z,,22,Periodic Reporting,1212480,0,1212480,1440,0,1440,28,nist-dnn,1,FFFFFF
bootstrap,2026-10-03T13:53:29.209612012Z,imsi-001010123456780,1,20261003T135300Z,,23,Periodic Reporting,943040,0,943040,1120,0,1120,29,nist-dnn,1,FFFFFF
bootstrap,2026-10-03T13:53:30.21137917Z,imsi-001010123456780,1,20261003T135300Z,,24,Periodic Reporting,1185536,0,1185536,1408,0,1408,30,nist-dnn,1,FFFFFF
bootstrap,2026-10-03T13:53:31.211899268Z,imsi-001010123456780,1,20261003T135300Z,,25,Periodic Reporting,1241108,0,1241108,1474,0,1474,31,nist-dnn,1,FFFFFF
bootstrap,2026-10-03T13:53:32.213635417Z,imsi-001010123456780,1,20261003T135300Z,,26,Periodic Reporting,1404456,0,1404456,1668,0,1668,32,nist-dnn,1,FFFFFF
bootstrap,2026-10-03T13:53:33.219187044Z,imsi-001010123456780,1,20261003T135300Z,,27,Periodic Reporting,1348042,0,1348042,1601,0,1601,34,nist-dnn,1,FFFFFF
bootstrap,2026-10-03T13:53:34.222391763Z,imsi-001010123456780,1,20261003T135300Z,,28,Periodic Reporting,1219216,0,1219216,1448,0,1448,35,nist-dnn,1,FFFFFF
bootstrap,2026-10-03T13:53:35.233715329Z,imsi-001010123456780,1,20261003T135300Z,,29,Periodic Reporting,1111440,0,1111440,1320,0,1320,36,nist-dnn,1,FFFFFF
bootstrap,2026-10-03T13:53:36.240212231Z,imsi-001010123456780,1,20261003T135300Z,,30,Periodic Reporting,1071866,0,1071866,1273,0,1273,37,nist-dnn,1,FFFFFF
bootstrap,2026-10-03T13:53:37.251428691Z,imsi-001010123456780,1,20261003T135300Z,,31,Periodic Reporting,1011242,0,1011242,1201,0,1201,38,nist-dnn,1,FFFFFF
bootstrap,2026-10-03T13:53:38.250829349Z,imsi-001010123456780,1,20261003T135300Z,,32,Periodic Reporting,1130806,0,1130806,1343,0,1343,39,nist-dnn,1,FFFFFF
bootstrap,2026-10-03T13:53:39.265047124Z,imsi-001010123456780,1,20261003T135300Z,,33,Periodic Reporting,1379196,0,1379196,1638,0,1638,40,nist-dnn,1,FFFFFF
bootstrap,2026-10-03T13:53:40.279034285Z,imsi-001010123456780,1,20261003T135300Z,,34,Periodic Reporting,1097126,0,1097126,1303,0,1303,41,nist-dnn,1,FFFFFF
bootstrap,2026-10-03T13:53:41.28422976Z,imsi-001010123456780,1,20261003T135300Z,,35,Periodic Reporting,1315204,0,1315204,1562,0,1562,42,nist-dnn,1,FFFFFF
bootstrap,2026-10-03T13:53:42.302752825Z,imsi-001010123456780,1,20261003T135300Z,,36,Periodic Reporting,1320256,0,1320256,1568,0,1568,43,nist-dnn,1,FFFFFF
bootstrap,2026-10-03T13:53:43.30452736Z,imsi-001010123456780,1,20261003T135300Z,,37,Periodic Reporting,1420454,0,1420454,1687,0,1687,44,nist-dnn,1,FFFFFF
bootstrap,2026-10-03T13:53:44.309888606Z,imsi-001010123456780,1,20261003T135300Z,,38,Periodic Reporting,1340515,123,1340638,1593,1,1594,45,nist-dnn,1,FFFFFF
bootstrap,2026-10-03T13:53:45.3218659Z,imsi-001010123456780,1,20261003T135300Z,,39,Periodic Reporting,908518,0,908518,1079,0,1079,46,nist-dnn,1,FFFFFF
bootstrap,2026-10-03T13:53:46.325058472Z,imsi-001010123456780,1,20261003T135300Z,,40,Periodic Reporting,858840,0,858840,1020,0,1020,47,nist-dnn,1,FFFFFF
bootstrap,2026-10-03T13:53:47.326063224Z,imsi-001010123456780,1,20261003T135300Z,,41,Periodic Reporting,1092916,0,1092916,1298,0,1298,48,nist-dnn,1,FFFFFF
bootstrap,2026-10-03T13:53:48.325315996Z,imsi-001010123456780,1,20261003T135300Z,,42,Periodic Reporting,1071024,0,1071024,1272,0,1272,49,nist-dnn,1,FFFFFF
bootstrap,2026-10-03T13:53:49.341281066Z,imsi-001010123456780,1,20261003T135300Z,,43,Periodic Reporting,1071024,0,1071024,1272,0,1272,50,nist-dnn,1,FFFFFF
bootstrap,2026-10-03T13:53:50.340083041Z,imsi-001010123456780,1,20261003T135300Z,,44,Periodic Reporting,1133332,0,1133332,1346,0,1346,51,nist-dnn,1,FFFFFF
bootstrap,2026-10-03T13:53:51.35376534Z,imsi-001010123456780,1,20261003T135300Z,,45,Periodic Reporting,925358,0,925358,1099,0,1099,52,nist-dnn,1,FFFFFF
bootstrap,2026-10-03T13:53:52.361033538Z,imsi-001010123456780,1,20261003T135300Z,,46,Periodic Reporting,738434,0,738434,877,0,877,53,nist-dnn,1,FFFFFF
bootstrap,2026-10-03T13:53:53.369162923Z,imsi-001010123456780,1,20261003T135300Z,,47,Periodic Reporting,1062604,0,1062604,1262,0,1262,54,nist-dnn,1,FFFFFF
bootstrap,2026-10-03T13:53:54.368125753Z,imsi-001010123456780,1,20261003T135300Z,,48,Periodic Reporting,1072708,0,1072708,1274,0,1274,55,nist-dnn,1,FFFFFF
bootstrap,2026-10-03T13:53:55.379530152Z,imsi-001010123456780,1,20261003T135300Z,,49,Periodic Reporting,1081970,0,1081970,1285,0,1285,56,nist-dnn,1,FFFFFF
bootstrap,2026-10-03T13:53:56.376728462Z,imsi-001010123456780,1,20261003T135300Z,,50,Periodic Reporting,1113966,0,1113966,1323,0,1323,57,nist-dnn,1,FFFFFF
bootstrap,2026-10-03T13:53:57.383400032Z,imsi-001010123456780,1,20261003T135300Z,,51,Periodic Reporting,1131648,0,1131648,1344,0,1344,58,nist-dnn,1,FFFFFF
bootstrap,2026-10-03T13:53:58.397260943Z,imsi-001010123456780,1,20261003T135300Z,,52,Periodic Reporting,947250,0,947250,1125,0,1125,59,nist-dnn,1,FFFFFF
bootstrap,2026-10-03T13:53:59.410781502Z,imsi-001010123456780,1,20261003T135300Z,,53,Periodic Reporting,1505496,0,1505496,1788,0,1788,60,nist-dnn,1,FFFFFF
bootstrap,2026-10-03T13:54:00.406822328Z,imsi-001010123456780,1,20261003T135300Z,,54,Periodic Reporting,1505496,0,1505496,1788,0,1788,61,nist-dnn,1,FFFFFF
bootstrap,2026-10-03T13:54:01.416166483Z,imsi-001010123456780,1,20261003T135300Z,,55,Periodic Reporting,3017728,0,3017728,3584,0,3584,62,nist-dnn,1,FFFFFF
bootstrap,2026-10-03T13:54:02.409842881Z,imsi-001010123456780,1,20261003T135300Z,,56,Periodic Reporting,2938580,0,2938580,3490,0,3490,63,nist-dnn,1,FFFFFF
bootstrap,2026-10-03T13:54:03.421128448Z,imsi-001010123456780,1,20261003T135300Z,,57,Periodic Reporting,2099948,0,2099948,2494,0,2494,64,nist-dnn,1,FFFFFF
bootstrap,2026-10-03T13:54:04.427004576Z,imsi-001010123456780,1,20261003T135300Z,,58,Periodic Reporting,3027883,123,3028006,3597,1,3598,65,nist-dnn,1,FFFFFF
bootstrap,2026-10-03T13:54:05.428929033Z,imsi-001010123456780,1,20261003T135300Z,,59,Periodic Reporting,2613568,0,2613568,3104,0,3104,66,nist-dnn,1,FFFFFF
bootstrap,2026-10-03T13:54:06.439746741Z,imsi-001010123456780,1,20261003T135300Z,,60,Periodic Reporting,2510002,0,2510002,2981,0,2981,67,nist-dnn,1,FFFFFF
bootstrap,2026-10-03T13:54:07.435827347Z,imsi-001010123456780,1,20261003T135300Z,,61,Periodic Reporting,2643038,0,2643038,3139,0,3139,68,nist-dnn,1,FFFFFF
bootstrap,2026-10-03T13:54:08.436567221Z,imsi-001010123456780,1,20261003T135300Z,,62,Periodic Reporting,2170676,0,2170676,2578,0,2578,69,nist-dnn,1,FFFFFF
bootstrap,2026-10-03T13:54:09.446637593Z,imsi-001010123456780,1,20261003T135300Z,,63,Periodic Reporting,2638828,0,2638828,3134,0,3134,70,nist-dnn,1,FFFFFF
bootstrap,2026-10-03T13:54:10.44377507Z,imsi-001010123456780,1,20261003T135300Z,,64,Periodic Reporting,2142048,0,2142048,2544,0,2544,71,nist-dnn,1,FFFFFF
bootstrap,2026-10-03T13:54:11.453080114Z,imsi-001010123456780,1,20261003T135300Z,,65,Periodic Reporting,2552944,0,2552944,3032,0,3032,72,nist-dnn,1,FFFFFF
bootstrap,2026-10-03T13:54:12.446930314Z,imsi-001010123456780,1,20261003T135300Z,,66,Periodic Reporting,2325604,0,2325604,2762,0,2762,73,nist-dnn,1,FFFFFF
bootstrap,2026-10-03T13:54:13.443068021Z,imsi-001010123456780,1,20261003T135300Z,,67,Periodic Reporting,2183306,0,2183306,2593,0,2593,74,nist-dnn,1,FFFFFF
bootstrap,2026-10-03T13:54:14.944013832Z,imsi-001010123456780,1,20261003T135300Z,,68,Periodic Reporting,1114164,5730,1119894,1324,15,1339,75,nist-dnn,1,FFFFFF
bootstrap,2026-10-03T13:54:16.944896087Z,imsi-001010123456780,1,20261003T135300Z,,69,Periodic Reporting,51,123,174,1,1,2,77,nist-dnn,1,FFFFFF
bootstrap,2026-10-03T13:54:18.948387707Z,imsi-001010123456780,1,20261003T135300Z,,70,Periodic Reporting,0,0,0,0,0,0,79,nist-dnn,1,FFFFFF
bootstrap,2026-10-03T13:54:20.952148079Z,imsi-001010123456780,1,20261003T135300Z,,71,Periodic Reporting,0,0,0,0,0,0,81,nist-dnn,1,FFFFFF
bootstrap,2026-10-03T13:54:22.957444112Z,imsi-001010123456780,1,20261003T135300Z,,72,Periodic Reporting,0,0,0,0,0,0,83,nist-dnn,1,FFFFFF
bootstrap,2026-10-03T13:54:24.156805838Z,imsi-001010123456780,1,20261003T135300Z,,73,Periodic Reporting,0,886,886,0,1,1,84,nist-dnn,1,FFFFFF
bootstrap,2026-10-03T13:54:25.158612387Z,imsi-001010123456780,1,20261003T135300Z,,74,Periodic Reporting,0,1453040,1453040,0,1640,1640,85,nist-dnn,1,FFFFFF
bootstrap,2026-10-03T13:54:26.160464318Z,imsi-001010123456780,1,20261003T135300Z,,75,Periodic Reporting,0,1452154,1452154,0,1639,1639,86,nist-dnn,1,FFFFFF
bootstrap,2026-10-03T13:54:27.169382045Z,imsi-001010123456780,1,20261003T135300Z,,76,Periodic Reporting,0,1452154,1452154,0,1639,1639,87,nist-dnn,1,FFFFFF
bootstrap,2026-10-03T13:54:28.164407683Z,imsi-001010123456780,1,20261003T135300Z,,77,Periodic Reporting,0,1452154,1452154,0,1639,1639,88,nist-dnn,1,FFFFFF
bootstrap,2026-10-03T13:54:29.163621731Z,imsi-001010123456780,1,20261003T135300Z,,78,Periodic Reporting,0,1452154,1452154,0,1639,1639,89,nist-dnn,1,FFFFFF
bootstrap,2026-10-03T13:54:30.172848216Z,imsi-001010123456780,1,20261003T135300Z,,79,Periodic Reporting,0,1452154,1452154,0,1639,1639,90,nist-dnn,1,FFFFFF
bootstrap,2026-10-03T13:54:31.172894036Z,imsi-001010123456780,1,20261003T135300Z,,80,Periodic Reporting,0,1452154,1452154,0,1639,1639,91,nist-dnn,1,FFFFFF
bootstrap,2026-10-03T13:54:32.180913876Z,imsi-001010123456780,1,20261003T135300Z,,81,Periodic Reporting,0,1452154,1452154,0,1639,1639,92,nist-dnn,1,FFFFFF
bootstrap,2026-10-03T13:54:33.163450414Z,imsi-001010123456780,1,20261003T135300Z,,82,Periodic Reporting,0,1451268,1451268,0,1638,1638,93,nist-dnn,1,FFFFFF
bootstrap,2026-10-03T13:54:34.163787962Z,imsi-001010123456780,1,20261003T135300Z,,83,Periodic Reporting,0,1453040,1453040,0,1640,1640,94,nist-dnn,1,FFFFFF
bootstrap,2026-10-03T13:54:35.162993563Z,imsi-001010123456780,1,20261003T135300Z,,84,Periodic Reporting,0,1452154,1452154,0,1639,1639,95,nist-dnn,1,FFFFFF
bootstrap,2026-10-03T13:54:36.174216613Z,imsi-001010123456780,1,20261003T135300Z,,85,Periodic Reporting,51,1452277,1452328,1,1640,1641,96,nist-dnn,1,FFFFFF
bootstrap,2026-10-03T13:54:37.164280109Z,imsi-001010123456780,1,20261003T135300Z,,86,Periodic Reporting,0,1452154,1452154,0,1639,1639,97,nist-dnn,1,FFFFFF
bootstrap,2026-10-03T13:54:38.164590435Z,imsi-001010123456780,1,20261003T135300Z,,87,Periodic Reporting,0,1452154,1452154,0,1639,1639,98,nist-dnn,1,FFFFFF
bootstrap,2026-10-03T13:54:39.17080393Z,imsi-001010123456780,1,20261003T135300Z,,88,Periodic Reporting,0,1452154,1452154,0,1639,1639,99,nist-dnn,1,FFFFFF
bootstrap,2026-10-03T13:54:40.176361525Z,imsi-001010123456780,1,20261003T135300Z,,89,Periodic Reporting,0,1452154,1452154,0,1639,1639,100,nist-dnn,1,FFFFFF
bootstrap,2026-10-03T13:54:41.168495604Z,imsi-001010123456780,1,20261003T135300Z,,90,Periodic Reporting,0,1452154,1452154,0,1639,1639,101,nist-dnn,1,FFFFFF
bootstrap,2026-10-03T13:54:42.164762447Z,imsi-001010123456780,1,20261003T135300Z,,91,Periodic Reporting,0,1453926,1453926,0,1641,1641,102,nist-dnn,1,FFFFFF
bootstrap,2026-10-03T13:54:43.167738403Z,imsi-001010123456780,1,20261003T135300Z,,92,Periodic Reporting,0,1452154,1452154,0,1639,1639,103,nist-dnn,1,FFFFFF
bootstrap,2026-10-03T13:54:44.168917599Z,imsi-001010123456780,1,20261003T135300Z,,93,Periodic Reporting,0,1452154,1452154,0,1639,1639,104,nist-dnn,1,FFFFFF
bootstrap,2026-10-03T13:54:45.167353319Z,imsi-001010123456780,1,20261003T135300Z,,94,Periodic Reporting,0,1452154,1452154,0,1639,1639,105,nist-dnn,1,FFFFFF
bootstrap,2026-10-03T13:54:46.173843444Z,imsi-001010123456780,1,20261003T135300Z,,95,Periodic Reporting,0,1452154,1452154,0,1639,1639,106,nist-dnn,1,FFFFFF
bootstrap,2026-10-03T13:54:47.167722944Z,imsi-001010123456780,1,20261003T135300Z,,96,Periodic Reporting,0,1452154,1452154,0,1639,1639,107,nist-dnn,1,FFFFFF
bootstrap,2026-10-03T13:54:48.166142245Z,imsi-001010123456780,1,20261003T135300Z,,97,Periodic Reporting,0,1452154,1452154,0,1639,1639,108,nist-dnn,1,FFFFFF
bootstrap,2026-10-03T13:54:49.168962158Z,imsi-001010123456780,1,20261003T135300Z,,98,Periodic Reporting,0,1452154,1452154,0,1639,1639,109,nist-dnn,1,FFFFFF
bootstrap,2026-10-03T13:54:50.170483112Z,imsi-001010123456780,1,20261003T135300Z,,99,Periodic Reporting,0,1452154,1452154,0,1639,1639,110,nist-dnn,1,FFFFFF
bootstrap,2026-10-03T13:54:51.167911229Z,imsi-001010123456780,1,20261003T135300Z,,100,Periodic Reporting,0,1452154,1452154,0,1639,1639,111,nist-dnn,1,FFFFFF
bootstrap,2026-10-03T13:54:52.171037804Z,imsi-001010123456780,1,20261003T135300Z,,101,Periodic Reporting,0,1452154,1452154,0,1639,1639,112,nist-dnn,1,FFFFFF
bootstrap,2026-10-03T13:54:53.171665316Z,imsi-001010123456780,1,20261003T135300Z,,102,Periodic Reporting,0,1452154,1452154,0,1639,1639,113,nist-dnn,1,FFFFFF
bootstrap,2026-10-03T13:54:54.172367026Z,imsi-001010123456780,1,20261003T135300Z,,103,Periodic Reporting,0,1452154,1452154,0,1639,1639,114,nist-dnn,1,FFFFFF
bootstrap,2026-10-03T13:54:55.170621721Z,imsi-001010123456780,1,20261003T135300Z,,104,Periodic Reporting,0,1452154,1452154,0,1639,1639,115,nist-dnn,1,FFFFFF
bootstrap,2026-10-03T13:54:56.170255536Z,imsi-001010123456780,1,20261003T135300Z,,105,Periodic Reporting,51,1452277,1452328,1,1640,1641,116,nist-dnn,1,FFFFFF
bootstrap,2026-10-03T13:54:57.172976627Z,imsi-001010123456780,1,20261003T135300Z,,106,Periodic Reporting,0,1452154,1452154,0,1639,1639,117,nist-dnn,1,FFFFFF
bootstrap,2026-10-03T13:54:58.172012894Z,imsi-001010123456780,1,20261003T135300Z,,107,Periodic Reporting,0,1452154,1452154,0,1639,1639,118,nist-dnn,1,FFFFFF
bootstrap,2026-10-03T13:54:59.174662688Z,imsi-001010123456780,1,20261003T135300Z,,108,Periodic Reporting,0,1452154,1452154,0,1639,1639,119,nist-dnn,1,FFFFFF
bootstrap,2026-10-03T13:55:00.172509388Z,imsi-001010123456780,1,20261003T135300Z,,109,Periodic Reporting,0,1452154,1452154,0,1639,1639,120,nist-dnn,1,FFFFFF
bootstrap,2026-10-03T13:55:01.174592669Z,imsi-001010123456780,1,20261003T135300Z,,110,Periodic Reporting,0,1452154,1452154,0,1639,1639,121,nist-dnn,1,FFFFFF
bootstrap,2026-10-03T13:55:02.175333583Z,imsi-001010123456780,1,20261003T135300Z,,111,Periodic Reporting,0,1452154,1452154,0,1639,1639,122,nist-dnn,1,FFFFFF
bootstrap,2026-10-03T13:55:03.17204477Z,imsi-001010123456780,1,20261003T135300Z,,112,Periodic Reporting,0,1452154,1452154,0,1639,1639,123,nist-dnn,1,FFFFFF
bootstrap,2026-10-03T13:55:04.17186761Z,imsi-001010123456780,1,20261003T135300Z,,113,Periodic Reporting,0,1452154,1452154,0,1639,1639,124,nist-dnn,1,FFFFFF
bootstrap,2026-10-03T13:55:05.172907917Z,imsi-001010123456780,1,20261003T135300Z,,114,Periodic Reporting,0,1452154,1452154,0,1639,1639,125,nist-dnn,1,FFFFFF
bootstrap,2026-10-03T13:55:06.174817009Z,imsi-001010123456780,1,20261003T135300Z,,115,Periodic Reporting,0,1452154,1452154,0,1639,1639,126,nist-dnn,1,FFFFFF
bootstrap,2026-10-03T13:55:07.173916021Z,imsi-001010123456780,1,20261003T135300Z,,116,Periodic Reporting,0,1452154,1452154,0,1639,1639,127,nist-dnn,1,FFFFFF
bootstrap,2026-10-03T13:55:08.174201233Z,imsi-001010123456780,1,20261003T135300Z,,117,Periodic Reporting,0,1452154,1452154,0,1639,1639,128,nist-dnn,1,FFFFFF
bootstrap,2026-10-03T13:55:09.172326273Z,imsi-001010123456780,1,20261003T135300Z,,118,Periodic Reporting,0,1452154,1452154,0,1639,1639,129,nist-dnn,1,FFFFFF
bootstrap,2026-10-03T13:55:10.176846053Z,imsi-001010123456780,1,20261003T135300Z,,119,Periodic Reporting,0,1452154,1452154,0,1639,1639,130,nist-dnn,1,FFFFFF
bootstrap,2026-10-03T13:55:11.178312412Z,imsi-001010123456780,1,20261003T135300Z,,120,Periodic Reporting,0,1452154,1452154,0,1639,1639,131,nist-dnn,1,FFFFFF
bootstrap,2026-10-03T13:55:12.174036928Z,imsi-001010123456780,1,20261003T135300Z,,121,Periodic Reporting,0,1452154,1452154,0,1639,1639,132,nist-dnn,1,FFFFFF
bootstrap,2026-10-03T13:55:13.183250246Z,imsi-001010123456780,1,20261003T135300Z,,122,Periodic Reporting,0,1452154,1452154,0,1639,1639,133,nist-dnn,1,FFFFFF
bootstrap,2026-10-03T13:55:14.176998825Z,imsi-001010123456780,1,20261003T135300Z,,123,Periodic Reporting,0,1452154,1452154,0,1639,1639,134,nist-dnn,1,FFFFFF
bootstrap,2026-10-03T13:55:15.176038167Z,imsi-001010123456780,1,20261003T135300Z,,124,Periodic Reporting,0,1452154,1452154,0,1639,1639,135,nist-dnn,1,FFFFFF
bootstrap,2026-10-03T13:55:16.185011888Z,imsi-001010123456780,1,20261003T135300Z,,125,Periodic Reporting,51,1452277,1452328,1,1640,1641,136,nist-dnn,1,FFFFFF
bootstrap,2026-10-03T13:55:17.186905654Z,imsi-001010123456780,1,20261003T135300Z,,126,Periodic Reporting,0,1452154,1452154,0,1639,1639,137,nist-dnn,1,FFFFFF
bootstrap,2026-10-03T13:55:18.179092115Z,imsi-001010123456780,1,20261003T135300Z,,127,Periodic Reporting,0,1452154,1452154,0,1639,1639,138,nist-dnn,1,FFFFFF
bootstrap,2026-10-03T13:55:19.178621738Z,imsi-001010123456780,1,20261003T135300Z,,128,Periodic Reporting,0,1452154,1452154,0,1639,1639,139,nist-dnn,1,FFFFFF
bootstrap,2026-10-03T13:55:20.179505231Z,imsi-001010123456780,1,20261003T135300Z,,129,Periodic Reporting,0,1452154,1452154,0,1639,1639,140,nist-dnn,1,FFFFFF
bootstrap,2026-10-03T13:55:21.180526734Z,imsi-001010123456780,1,20261003T135300Z,,130,Periodic Reporting,0,1452154,1452154,0,1639,1639,141,nist-dnn,1,FFFFFF
bootstrap,2026-10-03T13:55:22.178360473Z,imsi-001010123456780,1,20261003T135300Z,,131,Periodic Reporting,0,1452154,1452154,0,1639,1639,142,nist-dnn,1,FFFFFF
bootstrap,2026-10-03T13:55:23.184710866Z,imsi-001010123456780,1,20261003T135300Z,,132,Periodic Reporting,0,1452154,1452154,0,1639,1639,143,nist-dnn,1,FFFFFF
bootstrap,2026-10-03T13:55:24.184701975Z,imsi-001010123456780,1,20261003T135300Z,,133,Periodic Reporting,0,1421144,1421144,0,1604,1604,144,nist-dnn,1,FFFFFF
bootstrap,2026-10-03T13:55:25.694771459Z,imsi-001010123456780,1,20261003T135300Z,,134,Periodic Reporting,510,484,994,3,2,5,146,nist-dnn,1,FFFFFF
bootstrap,2026-10-03T13:55:27.688485247Z,imsi-001010123456780,1,20261003T135300Z,,135,Periodic Reporting,0,0,0,0,0,0,148,nist-dnn,1,FFFFFF
bootstrap,2026-10-03T13:55:29.688942316Z,imsi-001010123456780,1,20261003T135300Z,,136,Periodic Reporting,0,0,0,0,0,0,150,nist-dnn,1,FFFFFF
bootstrap,2026-10-03T13:55:31.690751737Z,imsi-001010123456780,1,20261003T135300Z,,137,Periodic Reporting,0,0,0,0,0,0,152,nist-dnn,1,FFFFFF
bootstrap,2026-10-03T13:55:33.69343434Z,imsi-001010123456780,1,20261003T135300Z,,138,Periodic Reporting,0,0,0,0,0,0,154,nist-dnn,1,FFFFFF
bootstrap,2026-10-03T13:55:35.523025326Z,imsi-001010123456780,1,20261003T135300Z,,139,Periodic Reporting,51,0,51,1,0,1,156,nist-dnn,1,FFFFFF
bootstrap,2026-10-03T13:55:37.778975408Z,imsi-001010123456780,1,20261003T135300Z,,140,Periodic Reporting,0,123,123,0,1,1,158,nist-dnn,1,FFFFFF
bootstrap,2026-10-03T13:55:39.795768767Z,imsi-001010123456780,1,20261003T135300Z,,141,Periodic Reporting,0,0,0,0,0,0,160,nist-dnn,1,FFFFFF
bootstrap,2026-10-03T13:55:41.784753407Z,imsi-001010123456780,1,20261003T135300Z,,142,Periodic Reporting,0,0,0,0,0,0,162,nist-dnn,1,FFFFFF
bootstrap,2026-10-03T13:55:43.798054916Z,imsi-001010123456780,1,20261003T135300Z,,143,Periodic Reporting,0,0,0,0,0,0,164,nist-dnn,1,FFFFFF
bootstrap,2026-10-03T13:56:18.931645068Z,imsi-001010123456780,1000001791035778,20261003T135418Z,,999999999,Volume Threshold,100,100,200,1,1,2,120,nist-dnn,1,FFFFFF
bootstrap,2026-10-03T13:56:42.871140382Z,imsi-001010123456780,2,20261003T135640Z,,1,Periodic Reporting,0,0,0,0,0,0,2,nist-dnn,1,FFFFFF
bootstrap,2026-10-03T13:56:44.858520395Z,imsi-001010123456780,2,20261003T135640Z,,2,Periodic Reporting,0,0,0,0,0,0,4,nist-dnn,1,FFFFFF
bootstrap,2026-10-03T13:56:46.859178811Z,imsi-001010123456780,2,20261003T135640Z,,3,Periodic Reporting,0,0,0,0,0,0,6,nist-dnn,1,FFFFFF
bootstrap,2026-10-03T13:56:48.86315666Z,imsi-001010123456780,2,20261003T135640Z,,4,Periodic Reporting,0,0,0,0,0,0,8,nist-dnn,1,FFFFFF
bootstrap,2026-10-03T13:56:50.870824182Z,imsi-001010123456780,2,20261003T135640Z,,5,Periodic Reporting,0,0,0,0,0,0,10,nist-dnn,1,FFFFFF
bootstrap,2026-10-03T13:56:52.877455445Z,imsi-001010123456780,2,20261003T135640Z,,6,Periodic Reporting,0,0,0,0,0,0,12,nist-dnn,1,FFFFFF
bootstrap,2026-10-03T13:56:54.874625978Z,imsi-001010123456780,2,20261003T135640Z,,7,Periodic Reporting,0,0,0,0,0,0,14,nist-dnn,1,FFFFFF
bootstrap,2026-10-03T13:56:55.873760972Z,imsi-001010123456780,2,20261003T135640Z,,8,Periodic Reporting,115506,0,115506,93,0,93,15,nist-dnn,1,FFFFFF
bootstrap,2026-10-03T13:56:56.878039771Z,imsi-001010123456780,2,20261003T135640Z,,9,Periodic Reporting,489348,0,489348,394,0,394,16,nist-dnn,1,FFFFFF
bootstrap,2026-10-03T13:56:57.881500114Z,imsi-001010123456780,2,20261003T135640Z,,10,Periodic Reporting,945213,123,945336,762,1,763,17,nist-dnn,1,FFFFFF
bootstrap,2026-10-03T13:56:58.887912703Z,imsi-001010123456780,2,20261003T135640Z,,11,Periodic Reporting,1767366,0,1767366,1423,0,1423,18,nist-dnn,1,FFFFFF
bootstrap,2026-10-03T13:56:59.892940912Z,imsi-001010123456780,2,20261003T135640Z,,12,Periodic Reporting,2024460,0,2024460,1630,0,1630,19,nist-dnn,1,FFFFFF
bootstrap,2026-10-03T13:57:00.899643235Z,imsi-001010123456780,2,20261003T135640Z,,13,Periodic Reporting,2167290,0,2167290,1745,0,1745,20,nist-dnn,1,FFFFFF
bootstrap,2026-10-03T13:57:01.898594427Z,imsi-001010123456780,2,20261003T135640Z,,14,Periodic Reporting,1469286,0,1469286,1183,0,1183,21,nist-dnn,1,FFFFFF
bootstrap,2026-10-03T13:57:02.901102658Z,imsi-001010123456780,2,20261003T135640Z,,15,Periodic Reporting,1352538,0,1352538,1089,0,1089,22,nist-dnn,1,FFFFFF
bootstrap,2026-10-03T13:57:03.90467062Z,imsi-001010123456780,2,20261003T135640Z,,16,Periodic Reporting,1355022,0,1355022,1091,0,1091,23,nist-dnn,1,FFFFFF
bootstrap,2026-10-03T13:57:04.905663276Z,imsi-001010123456780,2,20261003T135640Z,,17,Periodic Reporting,1379862,0,1379862,1111,0,1111,24,nist-dnn,1,FFFFFF
bootstrap,2026-10-03T13:57:05.90685205Z,imsi-001010123456780,2,20261003T135640Z,,18,Periodic Reporting,1335150,0,1335150,1075,0,1075,25,nist-dnn,1,FFFFFF
bootstrap,2026-10-03T13:57:06.944820193Z,imsi-001010123456780,2,20261003T135640Z,,19,Periodic Reporting,1373652,0,1373652,1106,0,1106,26,nist-dnn,1,FFFFFF
bootstrap,2026-10-03T13:57:07.969892334Z,imsi-001010123456780,2,20261003T135640Z,,20,Periodic Reporting,1403460,0,1403460,1130,0,1130,27,nist-dnn,1,FFFFFF
bootstrap,2026-10-03T13:57:08.97448101Z,imsi-001010123456780,2,20261003T135640Z,,21,Periodic Reporting,1402218,0,1402218,1129,0,1129,28,nist-dnn,1,FFFFFF
bootstrap,2026-10-03T13:57:09.96961152Z,imsi-001010123456780,2,20261003T135640Z,,22,Periodic Reporting,1372410,0,1372410,1105,0,1105,29,nist-dnn,1,FFFFFF
bootstrap,2026-10-03T13:57:10.979179815Z,imsi-001010123456780,2,20261003T135640Z,,23,Periodic Reporting,1323972,0,1323972,1066,0,1066,30,nist-dnn,1,FFFFFF
bootstrap,2026-10-03T13:57:11.985349361Z,imsi-001010123456780,2,20261003T135640Z,,24,Periodic Reporting,1364958,0,1364958,1099,0,1099,31,nist-dnn,1,FFFFFF
bootstrap,2026-10-03T13:57:13.02070297Z,imsi-001010123456780,2,20261003T135640Z,,25,Periodic Reporting,1383588,0,1383588,1114,0,1114,32,nist-dnn,1,FFFFFF
bootstrap,2026-10-03T13:57:14.032245621Z,imsi-001010123456780,2,20261003T135640Z,,26,Periodic Reporting,1392282,0,1392282,1121,0,1121,33,nist-dnn,1,FFFFFF
bootstrap,2026-10-03T13:57:15.029378985Z,imsi-001010123456780,2,20261003T135640Z,,27,Periodic Reporting,1356264,0,1356264,1092,0,1092,34,nist-dnn,1,FFFFFF
bootstrap,2026-10-03T13:57:16.029263813Z,imsi-001010123456780,2,20261003T135640Z,,28,Periodic Reporting,1376136,0,1376136,1108,0,1108,35,nist-dnn,1,FFFFFF
bootstrap,2026-10-03T13:57:17.034426972Z,imsi-001010123456780,2,20261003T135640Z,,29,Periodic Reporting,1355073,123,1355196,1092,1,1093,36,nist-dnn,1,FFFFFF
bootstrap,2026-10-03T13:57:18.033721345Z,imsi-001010123456780,2,20261003T135640Z,,30,Periodic Reporting,1358748,0,1358748,1094,0,1094,37,nist-dnn,1,FFFFFF
bootstrap,2026-10-03T13:57:19.048119917Z,imsi-001010123456780,2,20261003T135640Z,,31,Periodic Reporting,1363716,0,1363716,1098,0,1098,38,nist-dnn,1,FFFFFF
bootstrap,2026-10-03T13:57:20.066798239Z,imsi-001010123456780,2,20261003T135640Z,,32,Periodic Reporting,1377378,0,1377378,1109,0,1109,39,nist-dnn,1,FFFFFF
bootstrap,2026-10-03T13:57:21.062968475Z,imsi-001010123456780,2,20261003T135640Z,,33,Periodic Reporting,1374894,0,1374894,1107,0,1107,40,nist-dnn,1,FFFFFF
bootstrap,2026-10-03T13:57:22.076154659Z,imsi-001010123456780,2,20261003T135640Z,,34,Periodic Reporting,1361232,0,1361232,1096,0,1096,41,nist-dnn,1,FFFFFF
bootstrap,2026-10-03T13:57:23.069413539Z,imsi-001010123456780,2,20261003T135640Z,,35,Periodic Reporting,1348812,0,1348812,1086,0,1086,42,nist-dnn,1,FFFFFF
bootstrap,2026-10-03T13:57:24.074151803Z,imsi-001010123456780,2,20261003T135640Z,,36,Periodic Reporting,1366200,0,1366200,1100,0,1100,43,nist-dnn,1,FFFFFF
bootstrap,2026-10-03T13:57:25.080953037Z,imsi-001010123456780,2,20261003T135640Z,,37,Periodic Reporting,1341360,0,1341360,1080,0,1080,44,nist-dnn,1,FFFFFF
bootstrap,2026-10-03T13:57:26.079785436Z,imsi-001010123456780,2,20261003T135640Z,,38,Periodic Reporting,1397250,0,1397250,1125,0,1125,45,nist-dnn,1,FFFFFF
bootstrap,2026-10-03T13:57:27.083353806Z,imsi-001010123456780,2,20261003T135640Z,,39,Periodic Reporting,1359990,0,1359990,1095,0,1095,46,nist-dnn,1,FFFFFF
bootstrap,2026-10-03T13:57:28.085580029Z,imsi-001010123456780,2,20261003T135640Z,,40,Periodic Reporting,1328940,0,1328940,1070,0,1070,47,nist-dnn,1,FFFFFF
bootstrap,2026-10-03T13:57:29.096653161Z,imsi-001010123456780,2,20261003T135640Z,,41,Periodic Reporting,1388556,0,1388556,1118,0,1118,48,nist-dnn,1,FFFFFF
bootstrap,2026-10-03T13:57:30.107244579Z,imsi-001010123456780,2,20261003T135640Z,,42,Periodic Reporting,1373652,0,1373652,1106,0,1106,49,nist-dnn,1,FFFFFF
bootstrap,2026-10-03T13:57:31.116586364Z,imsi-001010123456780,2,20261003T135640Z,,43,Periodic Reporting,1345086,0,1345086,1083,0,1083,50,nist-dnn,1,FFFFFF
bootstrap,2026-10-03T13:57:32.12310955Z,imsi-001010123456780,2,20261003T135640Z,,44,Periodic Reporting,1377378,0,1377378,1109,0,1109,51,nist-dnn,1,FFFFFF
bootstrap,2026-10-03T13:57:33.133393926Z,imsi-001010123456780,2,20261003T135640Z,,45,Periodic Reporting,1364958,0,1364958,1099,0,1099,52,nist-dnn,1,FFFFFF
bootstrap,2026-10-03T13:57:34.129524039Z,imsi-001010123456780,2,20261003T135640Z,,46,Periodic Reporting,1388556,0,1388556,1118,0,1118,53,nist-dnn,1,FFFFFF
bootstrap,2026-10-03T13:57:35.136514827Z,imsi-001010123456780,2,20261003T135640Z,,47,Periodic Reporting,1348812,0,1348812,1086,0,1086,54,nist-dnn,1,FFFFFF
bootstrap,2026-10-03T13:57:36.145424593Z,imsi-001010123456780,2,20261003T135640Z,,48,Periodic Reporting,1351296,0,1351296,1088,0,1088,55,nist-dnn,1,FFFFFF
bootstrap,2026-10-03T13:57:37.151137172Z,imsi-001010123456780,2,20261003T135640Z,,49,Periodic Reporting,1367493,123,1367616,1102,1,1103,56,nist-dnn,1,FFFFFF
bootstrap,2026-10-03T13:57:38.148254725Z,imsi-001010123456780,2,20261003T135640Z,,50,Periodic Reporting,1374894,0,1374894,1107,0,1107,57,nist-dnn,1,FFFFFF
bootstrap,2026-10-03T13:57:39.152135086Z,imsi-001010123456780,2,20261003T135640Z,,51,Periodic Reporting,1338876,0,1338876,1078,0,1078,58,nist-dnn,1,FFFFFF
bootstrap,2026-10-03T13:57:40.179652989Z,imsi-001010123456780,2,20261003T135640Z,,52,Periodic Reporting,1373652,0,1373652,1106,0,1106,59,nist-dnn,1,FFFFFF
bootstrap,2026-10-03T13:57:41.177361039Z,imsi-001010123456780,2,20261003T135640Z,,53,Periodic Reporting,1388556,0,1388556,1118,0,1118,60,nist-dnn,1,FFFFFF
bootstrap,2026-10-03T13:57:42.198270029Z,imsi-001010123456780,2,20261003T135640Z,,54,Periodic Reporting,1347570,0,1347570,1085,0,1085,61,nist-dnn,1,FFFFFF
bootstrap,2026-10-03T13:57:43.218369244Z,imsi-001010123456780,2,20261003T135640Z,,55,Periodic Reporting,1415880,0,1415880,1140,0,1140,62,nist-dnn,1,FFFFFF
bootstrap,2026-10-03T13:57:44.220835417Z,imsi-001010123456780,2,20261003T135640Z,,56,Periodic Reporting,1341360,0,1341360,1080,0,1080,63,nist-dnn,1,FFFFFF
bootstrap,2026-10-03T13:57:45.227547396Z,imsi-001010123456780,2,20261003T135640Z,,57,Periodic Reporting,1389798,0,1389798,1119,0,1119,64,nist-dnn,1,FFFFFF
bootstrap,2026-10-03T13:57:46.23090259Z,imsi-001010123456780,2,20261003T135640Z,,58,Periodic Reporting,1355022,0,1355022,1091,0,1091,65,nist-dnn,1,FFFFFF
bootstrap,2026-10-03T13:57:47.238246325Z,imsi-001010123456780,2,20261003T135640Z,,59,Periodic Reporting,1340118,0,1340118,1079,0,1079,66,nist-dnn,1,FFFFFF
bootstrap,2026-10-03T13:57:48.238244098Z,imsi-001010123456780,2,20261003T135640Z,,60,Periodic Reporting,1396008,0,1396008,1124,0,1124,67,nist-dnn,1,FFFFFF
bootstrap,2026-10-03T13:57:49.237213072Z,imsi-001010123456780,2,20261003T135640Z,,61,Periodic Reporting,1359990,0,1359990,1095,0,1095,68,nist-dnn,1,FFFFFF
bootstrap,2026-10-03T13:57:50.235674197Z,imsi-001010123456780,2,20261003T135640Z,,62,Periodic Reporting,1337634,0,1337634,1077,0,1077,69,nist-dnn,1,FFFFFF
bootstrap,2026-10-03T13:57:51.232510129Z,imsi-001010123456780,2,20261003T135640Z,,63,Periodic Reporting,1381104,0,1381104,1112,0,1112,70,nist-dnn,1,FFFFFF
bootstrap,2026-10-03T13:57:52.244209125Z,imsi-001010123456780,2,20261003T135640Z,,64,Periodic Reporting,1321488,0,1321488,1064,0,1064,71,nist-dnn,1,FFFFFF
bootstrap,2026-10-03T13:57:53.254326763Z,imsi-001010123456780,2,20261003T135640Z,,65,Periodic Reporting,1372410,0,1372410,1105,0,1105,72,nist-dnn,1,FFFFFF
bootstrap,2026-10-03T13:57:54.254855566Z,imsi-001010123456780,2,20261003T135640Z,,66,Periodic Reporting,1371168,0,1371168,1104,0,1104,73,nist-dnn,1,FFFFFF
bootstrap,2026-10-03T13:57:55.266839874Z,imsi-001010123456780,2,20261003T135640Z,,67,Periodic Reporting,1371168,0,1371168,1104,0,1104,74,nist-dnn,1,FFFFFF
bootstrap,2026-10-03T13:57:56.311489706Z,imsi-001010123456780,2,20261003T135640Z,,68,Periodic Reporting,36267,642,36909,31,3,34,75,nist-dnn,1,FFFFFF
bootstrap,2026-10-03T13:57:57.807838Z,imsi-001010123456780,2,20261003T135640Z,,69,Periodic Reporting,0,123,123,0,1,1,77,nist-dnn,1,FFFFFF
bootstrap,2026-10-03T13:57:59.813442276Z,imsi-001010123456780,2,20261003T135640Z,,70,Periodic Reporting,0,0,0,0,0,0,79,nist-dnn,1,FFFFFF
bootstrap,2026-10-03T13:58:01.814973456Z,imsi-001010123456780,2,20261003T135640Z,,71,Periodic Reporting,0,0,0,0,0,0,81,nist-dnn,1,FFFFFF
bootstrap,2026-10-03T13:58:03.816608879Z,imsi-001010123456780,2,20261003T135640Z,,72,Periodic Reporting,0,0,0,0,0,0,83,nist-dnn,1,FFFFFF
bootstrap,2026-10-03T13:58:05.647161581Z,imsi-001010123456780,2,20261003T135640Z,,73,Periodic Reporting,0,1286,1286,0,1,1,85,nist-dnn,1,FFFFFF
bootstrap,2026-10-03T13:58:06.656245259Z,imsi-001010123456780,2,20261003T135640Z,,74,Periodic Reporting,0,1405598,1405598,0,1093,1093,86,nist-dnn,1,FFFFFF
bootstrap,2026-10-03T13:58:07.65289435Z,imsi-001010123456780,2,20261003T135640Z,,75,Periodic Reporting,0,1405598,1405598,0,1093,1093,87,nist-dnn,1,FFFFFF
bootstrap,2026-10-03T13:58:08.649326947Z,imsi-001010123456780,2,20261003T135640Z,,76,Periodic Reporting,0,1405598,1405598,0,1093,1093,88,nist-dnn,1,FFFFFF
bootstrap,2026-10-03T13:58:09.649957326Z,imsi-001010123456780,2,20261003T135640Z,,77,Periodic Reporting,0,1405598,1405598,0,1093,1093,89,nist-dnn,1,FFFFFF
bootstrap,2026-10-03T13:58:10.650989437Z,imsi-001010123456780,2,20261003T135640Z,,78,Periodic Reporting,0,1405598,1405598,0,1093,1093,90,nist-dnn,1,FFFFFF
bootstrap,2026-10-03T13:58:11.652254225Z,imsi-001010123456780,2,20261003T135640Z,,79,Periodic Reporting,0,1405598,1405598,0,1093,1093,91,nist-dnn,1,FFFFFF
bootstrap,2026-10-03T13:58:12.659322521Z,imsi-001010123456780,2,20261003T135640Z,,80,Periodic Reporting,0,1405598,1405598,0,1093,1093,92,nist-dnn,1,FFFFFF
bootstrap,2026-10-03T13:58:13.657424185Z,imsi-001010123456780,2,20261003T135640Z,,81,Periodic Reporting,0,1405598,1405598,0,1093,1093,93,nist-dnn,1,FFFFFF
bootstrap,2026-10-03T13:58:14.652584876Z,imsi-001010123456780,2,20261003T135640Z,,82,Periodic Reporting,0,1405598,1405598,0,1093,1093,94,nist-dnn,1,FFFFFF
bootstrap,2026-10-03T13:58:15.65315333Z,imsi-001010123456780,2,20261003T135640Z,,83,Periodic Reporting,0,1405598,1405598,0,1093,1093,95,nist-dnn,1,FFFFFF
bootstrap,2026-10-03T13:58:16.657926346Z,imsi-001010123456780,2,20261003T135640Z,,84,Periodic Reporting,51,1405721,1405772,1,1094,1095,96,nist-dnn,1,FFFFFF
bootstrap,2026-10-03T13:58:17.657125223Z,imsi-001010123456780,2,20261003T135640Z,,85,Periodic Reporting,0,1405598,1405598,0,1093,1093,97,nist-dnn,1,FFFFFF
bootstrap,2026-10-03T13:58:18.66179391Z,imsi-001010123456780,2,20261003T135640Z,,86,Periodic Reporting,0,1405598,1405598,0,1093,1093,98,nist-dnn,1,FFFFFF
bootstrap,2026-10-03T13:58:19.659497645Z,imsi-001010123456780,2,20261003T135640Z,,87,Periodic Reporting,0,1405598,1405598,0,1093,1093,99,nist-dnn,1,FFFFFF
bootstrap,2026-10-03T13:58:20.660277473Z,imsi-001010123456780,2,20261003T135640Z,,88,Periodic Reporting,0,1405598,1405598,0,1093,1093,100,nist-dnn,1,FFFFFF
bootstrap,2026-10-03T13:58:21.660743088Z,imsi-001010123456780,2,20261003T135640Z,,89,Periodic Reporting,0,1405598,1405598,0,1093,1093,101,nist-dnn,1,FFFFFF
bootstrap,2026-10-03T13:58:22.660008836Z,imsi-001010123456780,2,20261003T135640Z,,90,Periodic Reporting,0,1405598,1405598,0,1093,1093,102,nist-dnn,1,FFFFFF
bootstrap,2026-10-03T13:58:23.670197537Z,imsi-001010123456780,2,20261003T135640Z,,91,Periodic Reporting,0,1405598,1405598,0,1093,1093,103,nist-dnn,1,FFFFFF
bootstrap,2026-10-03T13:58:24.665402383Z,imsi-001010123456780,2,20261003T135640Z,,92,Periodic Reporting,0,1405598,1405598,0,1093,1093,104,nist-dnn,1,FFFFFF
bootstrap,2026-10-03T13:58:25.669730575Z,imsi-001010123456780,2,20261003T135640Z,,93,Periodic Reporting,0,1405598,1405598,0,1093,1093,105,nist-dnn,1,FFFFFF
bootstrap,2026-10-03T13:58:26.664042627Z,imsi-001010123456780,2,20261003T135640Z,,94,Periodic Reporting,0,1405598,1405598,0,1093,1093,106,nist-dnn,1,FFFFFF
bootstrap,2026-10-03T13:58:27.690756523Z,imsi-001010123456780,2,20261003T135640Z,,95,Periodic Reporting,0,1405598,1405598,0,1093,1093,107,nist-dnn,1,FFFFFF
bootstrap,2026-10-03T13:58:28.678744921Z,imsi-001010123456780,2,20261003T135640Z,,96,Periodic Reporting,0,1405598,1405598,0,1093,1093,108,nist-dnn,1,FFFFFF
bootstrap,2026-10-03T13:58:29.671486026Z,imsi-001010123456780,2,20261003T135640Z,,97,Periodic Reporting,0,1405598,1405598,0,1093,1093,109,nist-dnn,1,FFFFFF
bootstrap,2026-10-03T13:58:30.666943392Z,imsi-001010123456780,2,20261003T135640Z,,98,Periodic Reporting,0,1405598,1405598,0,1093,1093,110,nist-dnn,1,FFFFFF
bootstrap,2026-10-03T13:58:31.667865253Z,imsi-001010123456780,2,20261003T135640Z,,99,Periodic Reporting,0,1405598,1405598,0,1093,1093,111,nist-dnn,1,FFFFFF
bootstrap,2026-10-03T13:58:32.67473464Z,imsi-001010123456780,2,20261003T135640Z,,100,Periodic Reporting,0,1404312,1404312,0,1092,1092,112,nist-dnn,1,FFFFFF
bootstrap,2026-10-03T13:58:33.667694937Z,imsi-001010123456780,2,20261003T135640Z,,101,Periodic Reporting,0,1405598,1405598,0,1093,1093,113,nist-dnn,1,FFFFFF
bootstrap,2026-10-03T13:58:34.672590515Z,imsi-001010123456780,2,20261003T135640Z,,102,Periodic Reporting,0,1404312,1404312,0,1092,1092,114,nist-dnn,1,FFFFFF
bootstrap,2026-10-03T13:58:35.667151905Z,imsi-001010123456780,2,20261003T135640Z,,103,Periodic Reporting,0,1406884,1406884,0,1094,1094,115,nist-dnn,1,FFFFFF
bootstrap,2026-10-03T13:58:36.665302115Z,imsi-001010123456780,2,20261003T135640Z,,104,Periodic Reporting,51,1405721,1405772,1,1094,1095,116,nist-dnn,1,FFFFFF
bootstrap,2026-10-03T13:58:37.671840266Z,imsi-001010123456780,2,20261003T135640Z,,105,Periodic Reporting,0,1405598,1405598,0,1093,1093,117,nist-dnn,1,FFFFFF
bootstrap,2026-10-03T13:58:38.672261389Z,imsi-001010123456780,2,20261003T135640Z,,106,Periodic Reporting,0,1405598,1405598,0,1093,1093,118,nist-dnn,1,FFFFFF
bootstrap,2026-10-03T13:58:39.668010359Z,imsi-001010123456780,2,20261003T135640Z,,107,Periodic Reporting,0,1405598,1405598,0,1093,1093,119,nist-dnn,1,FFFFFF
bootstrap,2026-10-03T13:58:40.671755811Z,imsi-001010123456780,2,20261003T135640Z,,108,Periodic Reporting,0,1405598,1405598,0,1093,1093,120,nist-dnn,1,FFFFFF
bootstrap,2026-10-03T13:58:41.670053169Z,imsi-001010123456780,2,20261003T135640Z,,109,Periodic Reporting,0,1405598,1405598,0,1093,1093,121,nist-dnn,1,FFFFFF
bootstrap,2026-10-03T13:58:42.670029868Z,imsi-001010123456780,2,20261003T135640Z,,110,Periodic Reporting,0,1405598,1405598,0,1093,1093,122,nist-dnn,1,FFFFFF
bootstrap,2026-10-03T13:58:43.672878787Z,imsi-001010123456780,2,20261003T135640Z,,111,Periodic Reporting,0,1405598,1405598,0,1093,1093,123,nist-dnn,1,FFFFFF
bootstrap,2026-10-03T13:58:44.672972815Z,imsi-001010123456780,2,20261003T135640Z,,112,Periodic Reporting,0,1405598,1405598,0,1093,1093,124,nist-dnn,1,FFFFFF
bootstrap,2026-10-03T13:58:45.671762678Z,imsi-001010123456780,2,20261003T135640Z,,113,Periodic Reporting,0,1405598,1405598,0,1093,1093,125,nist-dnn,1,FFFFFF
bootstrap,2026-10-03T13:58:46.673912945Z,imsi-001010123456780,2,20261003T135640Z,,114,Periodic Reporting,0,1405598,1405598,0,1093,1093,126,nist-dnn,1,FFFFFF
bootstrap,2026-10-03T13:58:47.677445917Z,imsi-001010123456780,2,20261003T135640Z,,115,Periodic Reporting,0,1405598,1405598,0,1093,1093,127,nist-dnn,1,FFFFFF
bootstrap,2026-10-03T13:58:48.679846737Z,imsi-001010123456780,2,20261003T135640Z,,116,Periodic Reporting,0,1405598,1405598,0,1093,1093,128,nist-dnn,1,FFFFFF
bootstrap,2026-10-03T13:58:49.674204403Z,imsi-001010123456780,2,20261003T135640Z,,117,Periodic Reporting,0,1405598,1405598,0,1093,1093,129,nist-dnn,1,FFFFFF
bootstrap,2026-10-03T13:58:50.675113365Z,imsi-001010123456780,2,20261003T135640Z,,118,Periodic Reporting,0,1405598,1405598,0,1093,1093,130,nist-dnn,1,FFFFFF
bootstrap,2026-10-03T13:58:51.680373079Z,imsi-001010123456780,2,20261003T135640Z,,119,Periodic Reporting,0,1405598,1405598,0,1093,1093,131,nist-dnn,1,FFFFFF
bootstrap,2026-10-03T13:58:52.676755006Z,imsi-001010123456780,2,20261003T135640Z,,120,Periodic Reporting,0,1405598,1405598,0,1093,1093,132,nist-dnn,1,FFFFFF
bootstrap,2026-10-03T13:58:53.67898922Z,imsi-001010123456780,2,20261003T135640Z,,121,Periodic Reporting,0,1405598,1405598,0,1093,1093,133,nist-dnn,1,FFFFFF
bootstrap,2026-10-03T13:58:54.67808377Z,imsi-001010123456780,2,20261003T135640Z,,122,Periodic Reporting,0,1405598,1405598,0,1093,1093,134,nist-dnn,1,FFFFFF
bootstrap,2026-10-03T13:58:55.678636708Z,imsi-001010123456780,2,20261003T135640Z,,123,Periodic Reporting,0,1405598,1405598,0,1093,1093,135,nist-dnn,1,FFFFFF
bootstrap,2026-10-03T13:58:56.681895586Z,imsi-001010123456780,2,20261003T135640Z,,124,Periodic Reporting,51,1405721,1405772,1,1094,1095,136,nist-dnn,1,FFFFFF
bootstrap,2026-10-03T13:58:57.680708895Z,imsi-001010123456780,2,20261003T135640Z,,125,Periodic Reporting,0,1405598,1405598,0,1093,1093,137,nist-dnn,1,FFFFFF
bootstrap,2026-10-03T13:58:58.689938889Z,imsi-001010123456780,2,20261003T135640Z,,126,Periodic Reporting,0,1405598,1405598,0,1093,1093,138,nist-dnn,1,FFFFFF
bootstrap,2026-10-03T13:58:59.684377166Z,imsi-001010123456780,2,20261003T135640Z,,127,Periodic Reporting,0,1405598,1405598,0,1093,1093,139,nist-dnn,1,FFFFFF
bootstrap,2026-10-03T13:59:00.687398489Z,imsi-001010123456780,2,20261003T135640Z,,128,Periodic Reporting,0,1405598,1405598,0,1093,1093,140,nist-dnn,1,FFFFFF
bootstrap,2026-10-03T13:59:01.688023435Z,imsi-001010123456780,2,20261003T135640Z,,129,Periodic Reporting,0,1405598,1405598,0,1093,1093,141,nist-dnn,1,FFFFFF
bootstrap,2026-10-03T13:59:02.698015469Z,imsi-001010123456780,2,20261003T135640Z,,130,Periodic Reporting,0,1405598,1405598,0,1093,1093,142,nist-dnn,1,FFFFFF
bootstrap,2026-10-03T13:59:03.701150852Z,imsi-001010123456780,2,20261003T135640Z,,131,Periodic Reporting,0,1405598,1405598,0,1093,1093,143,nist-dnn,1,FFFFFF
bootstrap,2026-10-03T13:59:04.689614959Z,imsi-001010123456780,2,20261003T135640Z,,132,Periodic Reporting,0,1405598,1405598,0,1093,1093,144,nist-dnn,1,FFFFFF
bootstrap,2026-10-03T13:59:05.698788797Z,imsi-001010123456780,2,20261003T135640Z,,133,Periodic Reporting,340,1354158,1354498,2,1053,1055,145,nist-dnn,1,FFFFFF
bootstrap,2026-10-03T13:59:07.208002076Z,imsi-001010123456780,2,20261003T135640Z,,134,Periodic Reporting,0,242,242,0,1,1,146,nist-dnn,1,FFFFFF
bootstrap,2026-10-03T13:59:09.220674004Z,imsi-001010123456780,2,20261003T135640Z,,135,Periodic Reporting,0,0,0,0,0,0,148,nist-dnn,1,FFFFFF
bootstrap,2026-10-03T13:59:11.221797481Z,imsi-001010123456780,2,20261003T135640Z,,136,Periodic Reporting,0,0,0,0,0,0,150,nist-dnn,1,FFFFFF
bootstrap,2026-10-03T13:59:13.217552305Z,imsi-001010123456780,2,20261003T135640Z,,137,Periodic Reporting,0,0,0,0,0,0,152,nist-dnn,1,FFFFFF
bootstrap,2026-10-03T13:59:15.218618294Z,imsi-001010123456780,2,20261003T135640Z,,138,Periodic Reporting,0,0,0,0,0,0,154,nist-dnn,1,FFFFFF
bootstrap,2026-10-03T13:59:16.335303003Z,imsi-001010123456780,2,20261003T135640Z,,139,Periodic Reporting,51,0,51,1,0,1,155,nist-dnn,1,FFFFFF
bootstrap,2026-10-03T13:59:18.337884164Z,imsi-001010123456780,2,20261003T135640Z,,140,Periodic Reporting,0,123,123,0,1,1,157,nist-dnn,1,FFFFFF
bootstrap,2026-10-03T13:59:20.343403317Z,imsi-001010123456780,2,20261003T135640Z,,141,Periodic Reporting,0,0,0,0,0,0,159,nist-dnn,1,FFFFFF
bootstrap,2026-10-03T13:59:22.340956221Z,imsi-001010123456780,2,20261003T135640Z,,142,Periodic Reporting,0,0,0,0,0,0,161,nist-dnn,1,FFFFFF
