[2026-09-27 18:44:36.632] [nrf_app] [debug] Set NF status to REGISTERED
[2026-09-27 18:44:36.632] [nrf_sbi] [debug] Json data: null
[2026-09-27 18:44:37.038] [nrf_sbi] [info] Got a request to update an NF instance, Instance ID: 17ba2836-2822-46a6-a021-901a2fb65998
[2026-09-27 18:44:37.038] [nrf_app] [info] Handle Update NF Instance request, NF type AUSF (HTTP version 1)
[2026-09-27 18:44:37.038] [nrf_app] [info] NF Heart-Beat procedure!
[2026-09-27 18:44:37.038] [nrf_app] [debug] Replace member nfStatus with new value REGISTERED
[2026-09-27 18:44:37.038] [nrf_app] [info] Updated the NF profile (profile ID 17ba2836-2822-46a6-a021-901a2fb65998)
[2026-09-27 18:44:37.038] [nrf_app] [debug] NF update for Heartbeat, current time 1790527477038
[2026-09-27 18:44:37.038] [nrf_app] [debug] Set NF status to REGISTERED
[2026-09-27 18:44:37.038] [nrf_sbi] [debug] Json data: null
[2026-09-27 18:44:37.288] [nrf_app] [info] 
Handle heartbeat timeout (NF update), NF instance ID a03368fc-0eff-4e3f-b71c-10e04357f8e1, time 1790527474484, current ms 1790527477288
[2026-09-27 18:44:38.288] [nrf_app] [info] 
Handle heartbeat timeout (NF update), NF instance ID 4042849f-78a0-49bf-9f1a-180c59d6e83a, time 1790527475448, current ms 1790527478288
[2026-09-27 18:44:39.172] [nrf_sbi] [info] Got a request to update an NF instance, Instance ID: dc589e56-a136-40f6-8f20-a087068e856a
[2026-09-27 18:44:39.173] [nrf_app] [info] Handle Update NF Instance request, NF type UDM (HTTP version 1)
[2026-09-27 18:44:39.173] [nrf_app] [info] NF Heart-Beat procedure!
[2026-09-27 18:44:39.173] [nrf_app] [debug] Replace member nfStatus with new value REGISTERED
[2026-09-27 18:44:39.173] [nrf_app] [info] Updated the NF profile (profile ID dc589e56-a136-40f6-8f20-a087068e856a)
[2026-09-27 18:44:39.173] [nrf_app] [debug] NF update for Heartbeat, current time 1790527479173
[2026-09-27 18:44:39.173] [nrf_app] [debug] Set NF status to REGISTERED
[2026-09-27 18:44:39.173] [nrf_sbi] [debug] Json data: null
[2026-09-27 18:44:39.221] [nrf_app] [info] 
Handle heartbeat timeout (NF update), NF instance ID 17ba2836-2822-46a6-a021-901a2fb65998, time 1790527476354, current ms 1790527479221
[2026-09-27 18:44:41.234] [nrf_app] [info] 
Handle heartbeat timeout (NF update), NF instance ID dc589e56-a136-40f6-8f20-a087068e856a, time 1790527478331, current ms 1790527481234
[2026-09-27 18:44:41.467] [nrf_app] [info] 
Handle heartbeat timeout (NF update), NF instance ID 91dfee08-b1a6-4ce8-8f1c-ea9bf4341104, time 1790527478564, current ms 1790527481467
[2026-09-27 18:44:42.067] [nrf_sbi] [info] Got a request to update an NF instance, Instance ID: b64a73f9-6961-4fdb-8232-006948f24f8d
[2026-09-27 18:44:42.068] [nrf_app] [info] Handle Update NF Instance request, NF type UDR (HTTP version 1)
[2026-09-27 18:44:42.068] [nrf_app] [info] NF Heart-Beat procedure!
[2026-09-27 18:44:42.068] [nrf_app] [debug] Replace member nfStatus with new value REGISTERED
[2026-09-27 18:44:42.068] [nrf_app] [info] Updated the NF profile (profile ID b64a73f9-6961-4fdb-8232-006948f24f8d)
[2026-09-27 18:44:42.068] [nrf_app] [debug] NF update for Heartbeat, current time 1790527482068
[2026-09-27 18:44:42.068] [nrf_app] [debug] Set NF status to REGISTERED
[2026-09-27 18:44:42.068] [nrf_sbi] [debug] Json data: null
[2026-09-27 18:44:42.561] [nrf_sbi] [info] Got a request to update an NF instance, Instance ID: a03368fc-0eff-4e3f-b71c-10e04357f8e1
[2026-09-27 18:44:42.563] [nrf_app] [info] Handle Update NF Instance request, NF type SMF (HTTP version 1)
[2026-09-27 18:44:42.569] [nrf_app] [info] NF Heart-Beat procedure!
[2026-09-27 18:44:42.569] [nrf_app] [debug] Replace member nfStatus with new value REGISTERED
[2026-09-27 18:44:42.569] [nrf_app] [info] Updated the NF profile (profile ID a03368fc-0eff-4e3f-b71c-10e04357f8e1)
[2026-09-27 18:44:42.569] [nrf_app] [debug] NF update for Heartbeat, current time 1790527482569
[2026-09-27 18:44:42.569] [nrf_app] [debug] Set NF status to REGISTERED
[2026-09-27 18:44:42.569] [nrf_sbi] [debug] Json data: null
[2026-09-27 18:44:43.523] [nrf_sbi] [info] Got a request to update an NF instance, Instance ID: 4042849f-78a0-49bf-9f1a-180c59d6e83a
[2026-09-27 18:44:43.523] [nrf_app] [info] Handle Update NF Instance request, NF type AMF (HTTP version 1)
[2026-09-27 18:44:43.523] [nrf_app] [info] NF Heart-Beat procedure!
[2026-09-27 18:44:43.523] [nrf_app] [debug] Replace member nfStatus with new value REGISTERED
[2026-09-27 18:44:43.523] [nrf_app] [info] Updated the NF profile (profile ID 4042849f-78a0-49bf-9f1a-180c59d6e83a)
[2026-09-27 18:44:43.523] [nrf_app] [debug] NF update for Heartbeat, current time 1790527483523
[2026-09-27 18:44:43.523] [nrf_app] [debug] Set NF status to REGISTERED
[2026-09-27 18:44:43.523] [nrf_sbi] [debug] Json data: null
[2026-09-27 18:44:44.263] [nrf_app] [info] 
Handle heartbeat timeout (NF update), NF instance ID b64a73f9-6961-4fdb-8232-006948f24f8d, time 1790527481308, current ms 1790527484263
[2026-09-27 18:44:46.635] [nrf_sbi] [info] Got a request to update an NF instance, Instance ID: 91dfee08-b1a6-4ce8-8f1c-ea9bf4341104
[2026-09-27 18:44:46.635] [nrf_app] [info] Handle Update NF Instance request, NF type UPF (HTTP version 1)
[2026-09-27 18:44:46.635] [nrf_app] [info] NF Heart-Beat procedure!
[2026-09-27 18:44:46.635] [nrf_app] [debug] Replace member nfStatus with new value REGISTERED
[2026-09-27 18:44:46.635] [nrf_app] [info] Updated the NF profile (profile ID 91dfee08-b1a6-4ce8-8f1c-ea9bf4341104)
[2026-09-27 18:44:46.635] [nrf_app] [debug] NF update for Heartbeat, current time 1790527486635
[2026-09-27 18:44:46.635] [nrf_app] [debug] Set NF status to REGISTERED
[2026-09-27 18:44:46.635] [nrf_sbi] [debug] Json data: null
[2026-09-27 18:44:47.218] [nrf_sbi] [info] Got a request to update an NF instance, Instance ID: 17ba2836-2822-46a6-a021-901a2fb65998
[2026-09-27 18:44:47.218] [nrf_app] [info] Handle Update NF Instance request, NF type AUSF (HTTP version 1)
[2026-09-27 18:44:47.218] [nrf_app] [info] NF Heart-Beat procedure!
[2026-09-27 18:44:47.218] [nrf_app] [debug] Replace member nfStatus with new value REGISTERED
[2026-09-27 18:44:47.218] [nrf_app] [info] Updated the NF profile (profile ID 17ba2836-2822-46a6-a021-901a2fb65998)
[2026-09-27 18:44:47.218] [nrf_app] [debug] NF update for Heartbeat, current time 1790527487218
[2026-09-27 18:44:47.218] [nrf_app] [debug] Set NF status to REGISTERED
[2026-09-27 18:44:47.218] [nrf_sbi] [debug] Json data: null
[2026-09-27 18:44:47.466] [nrf_app] [info] 
Handle heartbeat timeout (NF update), NF instance ID a03368fc-0eff-4e3f-b71c-10e04357f8e1, time 1790527484484, current ms 1790527487466
[2026-09-27 18:44:48.451] [nrf_app] [info] 
Handle heartbeat timeout (NF update), NF instance ID 4042849f-78a0-49bf-9f1a-180c59d6e83a, time 1790527485448, current ms 1790527488451
[2026-09-27 18:44:49.367] [nrf_app] [info] 
Handle heartbeat timeout (NF update), NF instance ID 17ba2836-2822-46a6-a021-901a2fb65998, time 1790527486354, current ms 1790527489367
[2026-09-27 18:44:49.373] [nrf_sbi] [info] Got a request to update an NF instance, Instance ID: dc589e56-a136-40f6-8f20-a087068e856a
[2026-09-27 18:44:49.373] [nrf_app] [info] Handle Update NF Instance request, NF type UDM (HTTP version 1)
[2026-09-27 18:44:49.373] [nrf_app] [info] NF Heart-Beat procedure!
[2026-09-27 18:44:49.373] [nrf_app] [debug] Replace member nfStatus with new value REGISTERED
[2026-09-27 18:44:49.373] [nrf_app] [info] Updated the NF profile (profile ID dc589e56-a136-40f6-8f20-a087068e856a)
[2026-09-27 18:44:49.373] [nrf_app] [debug] NF update for Heartbeat, current time 1790527489373
[2026-09-27 18:44:49.373] [nrf_app] [debug] Set NF status to REGISTERED
[2026-09-27 18:44:49.373] [nrf_sbi] [debug] Json data: null
[2026-09-27 18:44:51.362] [nrf_app] [info] 
Handle heartbeat timeout (NF update), NF instance ID dc589e56-a136-40f6-8f20-a087068e856a, time 1790527488331, current ms 1790527491362
[2026-09-27 18:44:51.600] [nrf_app] [info] 
Handle heartbeat timeout (NF update), NF instance ID 91dfee08-b1a6-4ce8-8f1c-ea9bf4341104, time 1790527488564, current ms 1790527491600
[2026-09-27 18:44:52.252] [nrf_sbi] [info] Got a request to update an NF instance, Instance ID: b64a73f9-6961-4fdb-8232-006948f24f8d
[2026-09-27 18:44:52.252] [nrf_app] [info] Handle Update NF Instance request, NF type UDR (HTTP version 1)
[2026-09-27 18:44:52.252] [nrf_app] [info] NF Heart-Beat procedure!
[2026-09-27 18:44:52.252] [nrf_app] [debug] Replace member nfStatus with new value REGISTERED
[2026-09-27 18:44:52.252] [nrf_app] [info] Updated the NF profile (profile ID b64a73f9-6961-4fdb-8232-006948f24f8d)
[2026-09-27 18:44:52.252] [nrf_app] [debug] NF update for Heartbeat, current time 1790527492252
[2026-09-27 18:44:52.252] [nrf_app] [debug] Set NF status to REGISTERED
[2026-09-27 18:44:52.253] [nrf_sbi] [debug] Json data: null
[2026-09-27 18:44:52.573] [nrf_sbi] [info] Got a request to update an NF instance, Instance ID: a03368fc-0eff-4e3f-b71c-10e04357f8e1
[2026-09-27 18:44:52.573] [nrf_app] [info] Handle Update NF Instance request, NF type SMF (HTTP version 1)
[2026-09-27 18:44:52.573] [nrf_app] [info] NF Heart-Beat procedure!
[2026-09-27 18:44:52.573] [nrf_app] [debug] Replace member nfStatus with new value REGISTERED
[2026-09-27 18:44:52.573] [nrf_app] [info] Updated the NF profile (profile ID a03368fc-0eff-4e3f-b71c-10e04357f8e1)
[2026-09-27 18:44:52.573] [nrf_app] [debug] NF update for Heartbeat, current time 1790527492573
[2026-09-27 18:44:52.573] [nrf_app] [debug] Set NF status to REGISTERED
[2026-09-27 18:44:52.573] [nrf_sbi] [debug] Json data: null
[2026-09-27 18:44:53.527] [nrf_sbi] [info] Got a request to update an NF instance, Instance ID: 4042849f-78a0-49bf-9f1a-180c59d6e83a
[2026-09-27 18:44:53.527] [nrf_app] [info] Handle Update NF Instance request, NF type AMF (HTTP version 1)
[2026-09-27 18:44:53.527] [nrf_app] [info] NF Heart-Beat procedure!
[2026-09-27 18:44:53.527] [nrf_app] [debug] Replace member nfStatus with new value REGISTERED
[2026-09-27 18:44:53.527] [nrf_app] [info] Updated the NF profile (profile ID 4042849f-78a0-49bf-9f1a-180c59d6e83a)
[2026-09-27 18:44:53.527] [nrf_app] [debug] NF update for Heartbeat, current time 1790527493527
[2026-09-27 18:44:53.527] [nrf_app] [debug] Set NF status to REGISTERED
[2026-09-27 18:44:53.527] [nrf_sbi] [debug] Json data: null
[2026-09-27 18:44:54.393] [nrf_app] [info] 
Handle heartbeat timeout (NF update), NF instance ID b64a73f9-6961-4fdb-8232-006948f24f8d, time 1790527491308, current ms 1790527494393
[2026-09-27 18:44:56.638] [nrf_sbi] [info] Got a request to update an NF instance, Instance ID: 91dfee08-b1a6-4ce8-8f1c-ea9bf4341104
[2026-09-27 18:44:56.638] [nrf_app] [info] Handle Update NF Instance request, NF type UPF (HTTP version 1)
[2026-09-27 18:44:56.638] [nrf_app] [info] NF Heart-Beat procedure!
[2026-09-27 18:44:56.638] [nrf_app] [debug] Replace member nfStatus with new value REGISTERED
[2026-09-27 18:44:56.638] [nrf_app] [info] Updated the NF profile (profile ID 91dfee08-b1a6-4ce8-8f1c-ea9bf4341104)
[2026-09-27 18:44:56.638] [nrf_app] [debug] NF update for Heartbeat, current time 1790527496638
[2026-09-27 18:44:56.638] [nrf_app] [debug] Set NF status to REGISTERED
[2026-09-27 18:44:56.638] [nrf_sbi] [debug] Json data: null
[2026-09-27 18:44:57.401] [nrf_sbi] [info] Got a request to update an NF instance, Instance ID: 17ba2836-2822-46a6-a021-901a2fb65998
[2026-09-27 18:44:57.401] [nrf_app] [info] Handle Update NF Instance request, NF type AUSF (HTTP version 1)
[2026-09-27 18:44:57.401] [nrf_app] [info] NF Heart-Beat procedure!
[2026-09-27 18:44:57.401] [nrf_app] [debug] Replace member nfStatus with new value REGISTERED
[2026-09-27 18:44:57.401] [nrf_app] [info] Updated the NF profile (profile ID 17ba2836-2822-46a6-a021-901a2fb65998)
[2026-09-27 18:44:57.401] [nrf_app] [debug] NF update for Heartbeat, current time 1790527497401
[2026-09-27 18:44:57.401] [nrf_app] [debug] Set NF status to REGISTERED
[2026-09-27 18:44:57.401] [nrf_sbi] [debug] Json data: null
[2026-09-27 18:44:57.625] [nrf_app] [info] 
Handle heartbeat timeout (NF update), NF instance ID a03368fc-0eff-4e3f-b71c-10e04357f8e1, time 1790527494484, current ms 1790527497625
[2026-09-27 18:44:58.626] [nrf_app] [info] 
Handle heartbeat timeout (NF update), NF instance ID 4042849f-78a0-49bf-9f1a-180c59d6e83a, time 1790527495448, current ms 1790527498626
[2026-09-27 18:44:59.545] [nrf_app] [info] 
Handle heartbeat timeout (NF update), NF instance ID 17ba2836-2822-46a6-a021-901a2fb65998, time 1790527496354, current ms 1790527499545
[2026-09-27 18:44:59.564] [nrf_sbi] [info] Got a request to update an NF instance, Instance ID: dc589e56-a136-40f6-8f20-a087068e856a
[2026-09-27 18:44:59.564] [nrf_app] [info] Handle Update NF Instance request, NF type UDM (HTTP version 1)
[2026-09-27 18:44:59.564] [nrf_app] [info] NF Heart-Beat procedure!
[2026-09-27 18:44:59.564] [nrf_app] [debug] Replace member nfStatus with new value REGISTERED
[2026-09-27 18:44:59.564] [nrf_app] [info] Updated the NF profile (profile ID dc589e56-a136-40f6-8f20-a087068e856a)
[2026-09-27 18:44:59.564] [nrf_app] [debug] NF update for Heartbeat, current time 1790527499564
[2026-09-27 18:44:59.564] [nrf_app] [debug] Set NF status to REGISTERED
[2026-09-27 18:44:59.564] [nrf_sbi] [debug] Json data: null
[2026-09-27 18:45:01.560] [nrf_app] [info] 
Handle heartbeat timeout (NF update), NF instance ID dc589e56-a136-40f6-8f20-a087068e856a, time 1790527498331, current ms 1790527501560
[2026-09-27 18:45:01.795] [nrf_app] [info] 
Handle heartbeat timeout (NF update), NF instance ID 91dfee08-b1a6-4ce8-8f1c-ea9bf4341104, time 1790527498564, current ms 1790527501795
[2026-09-27 18:45:02.495] [nrf_sbi] [info] Got a request to update an NF instance, Instance ID: b64a73f9-6961-4fdb-8232-006948f24f8d
[2026-09-27 18:45:02.495] [nrf_app] [info] Handle Update NF Instance request, NF type UDR (HTTP version 1)
[2026-09-27 18:45:02.495] [nrf_app] [info] NF Heart-Beat procedure!
[2026-09-27 18:45:02.495] [nrf_app] [debug] Replace member nfStatus with new value REGISTERED
[2026-09-27 18:45:02.495] [nrf_app] [info] Updated the NF profile (profile ID b64a73f9-6961-4fdb-8232-006948f24f8d)
[2026-09-27 18:45:02.495] [nrf_app] [debug] NF update for Heartbeat, current time 1790527502495
[2026-09-27 18:45:02.495] [nrf_app] [debug] Set NF status to REGISTERED
[2026-09-27 18:45:02.495] [nrf_sbi] [debug] Json data: null
[2026-09-27 18:45:02.577] [nrf_sbi] [info] Got a request to update an NF instance, Instance ID: a03368fc-0eff-4e3f-b71c-10e04357f8e1
[2026-09-27 18:45:02.577] [nrf_app] [info] Handle Update NF Instance request, NF type SMF (HTTP version 1)
[2026-09-27 18:45:02.577] [nrf_app] [info] NF Heart-Beat procedure!
[2026-09-27 18:45:02.577] [nrf_app] [debug] Replace member nfStatus with new value REGISTERED
[2026-09-27 18:45:02.577] [nrf_app] [info] Updated the NF profile (profile ID a03368fc-0eff-4e3f-b71c-10e04357f8e1)
[2026-09-27 18:45:02.577] [nrf_app] [debug] NF update for Heartbeat, current time 1790527502577
[2026-09-27 18:45:02.577] [nrf_app] [debug] Set NF status to REGISTERED
[2026-09-27 18:45:02.577] [nrf_sbi] [debug] Json data: null
[2026-09-27 18:45:03.532] [nrf_sbi] [info] Got a request to update an NF instance, Instance ID: 4042849f-78a0-49bf-9f1a-180c59d6e83a
[2026-09-27 18:45:03.532] [nrf_app] [info] Handle Update NF Instance request, NF type AMF (HTTP version 1)
[2026-09-27 18:45:03.532] [nrf_app] [info] NF Heart-Beat procedure!
[2026-09-27 18:45:03.532] [nrf_app] [debug] Replace member nfStatus with new value REGISTERED
[2026-09-27 18:45:03.532] [nrf_app] [info] Updated the NF profile (profile ID 4042849f-78a0-49bf-9f1a-180c59d6e83a)
[2026-09-27 18:45:03.532] [nrf_app] [debug] NF update for Heartbeat, current time 1790527503532
[2026-09-27 18:45:03.532] [nrf_app] [debug] Set NF status to REGISTERED
[2026-09-27 18:45:03.532] [nrf_sbi] [debug] Json data: null
[2026-09-27 18:45:04.582] [nrf_app] [info] 
Handle heartbeat timeout (NF update), NF instance ID b64a73f9-6961-4fdb-8232-006948f24f8d, time 1790527501308, current ms 1790527504582
[2026-09-27 18:45:06.643] [nrf_sbi] [info] Got a request to update an NF instance, Instance ID: 91dfee08-b1a6-4ce8-8f1c-ea9bf4341104
[2026-09-27 18:45:06.643] [nrf_app] [info] Handle Update NF Instance request, NF type UPF (HTTP version 1)
[2026-09-27 18:45:06.643] [nrf_app] [info] NF Heart-Beat procedure!
[2026-09-27 18:45:06.643] [nrf_app] [debug] Replace member nfStatus with new value REGISTERED
[2026-09-27 18:45:06.643] [nrf_app] [info] Updated the NF profile (profile ID 91dfee08-b1a6-4ce8-8f1c-ea9bf4341104)
[2026-09-27 18:45:06.643] [nrf_app] [debug] NF update for Heartbeat, current time 1790527506643
[2026-09-27 18:45:06.643] [nrf_app] [debug] Set NF status to REGISTERED
[2026-09-27 18:45:06.643] [nrf_sbi] [debug] Json data: null
[2026-09-27 18:45:07.547] [nrf_sbi] [info] Got a request to update an NF instance, Instance ID: 17ba2836-2822-46a6-a021-901a2fb65998
[2026-09-27 18:45:07.547] [nrf_app] [info] Handle Update NF Instance request, NF type AUSF (HTTP version 1)
[2026-09-27 18:45:07.547] [nrf_app] [info] NF Heart-Beat procedure!
[2026-09-27 18:45:07.547] [nrf_app] [debug] Replace member nfStatus with new value REGISTERED
[2026-09-27 18:45:07.547] [nrf_app] [info] Updated the NF profile (profile ID 17ba2836-2822-46a6-a021-901a2fb65998)
[2026-09-27 18:45:07.547] [nrf_app] [debug] NF update for Heartbeat, current time 1790527507547
[2026-09-27 18:45:07.548] [nrf_app] [debug] Set NF status to REGISTERED
[2026-09-27 18:45:07.548] [nrf_sbi] [debug] Json data: null
[2026-09-27 18:45:07.838] [nrf_app] [info] 
Handle heartbeat timeout (NF update), NF instance ID a03368fc-0eff-4e3f-b71c-10e04357f8e1, time 1790527504484, current ms 1790527507838
[2026-09-27 18:45:08.813] [nrf_app] [info] 
Handle heartbeat timeout (NF update), NF instance ID 4042849f-78a0-49bf-9f1a-180c59d6e83a, time 1790527505448, current ms 1790527508813
[2026-09-27 18:45:09.735] [nrf_app] [info] 
Handle heartbeat timeout (NF update), NF instance ID 17ba2836-2822-46a6-a021-901a2fb65998, time 1790527506354, current ms 1790527509735
[2026-09-27 18:45:09.739] [nrf_sbi] [info] Got a request to update an NF instance, Instance ID: dc589e56-a136-40f6-8f20-a087068e856a
[2026-09-27 18:45:09.739] [nrf_app] [info] Handle Update NF Instance request, NF type UDM (HTTP version 1)
[2026-09-27 18:45:09.739] [nrf_app] [info] NF Heart-Beat procedure!
[2026-09-27 18:45:09.739] [nrf_app] [debug] Replace member nfStatus with new value REGISTERED
[2026-09-27 18:45:09.739] [nrf_app] [info] Updated the NF profile (profile ID dc589e56-a136-40f6-8f20-a087068e856a)
[2026-09-27 18:45:09.739] [nrf_app] [debug] NF update for Heartbeat, current time 1790527509739
[2026-09-27 18:45:09.739] [nrf_app] [debug] Set NF status to REGISTERED
[2026-09-27 18:45:09.739] [nrf_sbi] [debug] Json data: null
[2026-09-27 18:45:11.744] [nrf_app] [info] 
Handle heartbeat timeout (NF update), NF instance ID dc589e56-a136-40f6-8f20-a087068e856a, time 1790527508331, current ms 1790527511744
[2026-09-27 18:45:11.985] [nrf_app] [info] 
Handle heartbeat timeout (NF update), NF instance ID 91dfee08-b1a6-4ce8-8f1c-ea9bf4341104, time 1790527508564, current ms 1790527511985
[2026-09-27 18:45:12.582] [nrf_sbi] [info] Got a request to update an NF instance, Instance ID: a03368fc-0eff-4e3f-b71c-10e04357f8e1
[2026-09-27 18:45:12.583] [nrf_app] [info] Handle Update NF Instance request, NF type SMF (HTTP version 1)
[2026-09-27 18:45:12.583] [nrf_app] [info] NF Heart-Beat procedure!
[2026-09-27 18:45:12.583] [nrf_app] [debug] Replace member nfStatus with new value REGISTERED
[2026-09-27 18:45:12.583] [nrf_app] [info] Updated the NF profile (profile ID a03368fc-0eff-4e3f-b71c-10e04357f8e1)
[2026-09-27 18:45:12.583] [nrf_app] [debug] NF update for Heartbeat, current time 1790527512583
[2026-09-27 18:45:12.583] [nrf_app] [debug] Set NF status to REGISTERED
[2026-09-27 18:45:12.583] [nrf_sbi] [debug] Json data: null
[2026-09-27 18:45:12.670] [nrf_sbi] [info] Got a request to update an NF instance, Instance ID: b64a73f9-6961-4fdb-8232-006948f24f8d
[2026-09-27 18:45:12.670] [nrf_app] [info] Handle Update NF Instance request, NF type UDR (HTTP version 1)
[2026-09-27 18:45:12.670] [nrf_app] [info] NF Heart-Beat procedure!
[2026-09-27 18:45:12.670] [nrf_app] [debug] Replace member nfStatus with new value REGISTERED
[2026-09-27 18:45:12.670] [nrf_app] [info] Updated the NF profile (profile ID b64a73f9-6961-4fdb-8232-006948f24f8d)
[2026-09-27 18:45:12.670] [nrf_app] [debug] NF update for Heartbeat, current time 1790527512670
[2026-09-27 18:45:12.670] [nrf_app] [debug] Set NF status to REGISTERED
[2026-09-27 18:45:12.670] [nrf_sbi] [debug] Json data: null
[2026-09-27 18:45:13.538] [nrf_sbi] [info] Got a request to update an NF instance, Instance ID: 4042849f-78a0-49bf-9f1a-180c59d6e83a
[2026-09-27 18:45:13.538] [nrf_app] [info] Handle Update NF Instance request, NF type AMF (HTTP version 1)
[2026-09-27 18:45:13.538] [nrf_app] [info] NF Heart-Beat procedure!
[2026-09-27 18:45:13.538] [nrf_app] [debug] Replace member nfStatus with new value REGISTERED
[2026-09-27 18:45:13.538] [nrf_app] [info] Updated the NF profile (profile ID 4042849f-78a0-49bf-9f1a-180c59d6e83a)
[2026-09-27 18:45:13.538] [nrf_app] [debug] NF update for Heartbeat, current time 1790527513538
[2026-09-27 18:45:13.538] [nrf_app] [debug] Set NF status to REGISTERED
[2026-09-27 18:45:13.538] [nrf_sbi] [debug] Json data: null
[2026-09-27 18:45:14.794] [nrf_app] [info] 
Handle heartbeat timeout (NF update), NF instance ID b64a73f9-6961-4fdb-8232-006948f24f8d, time 1790527511308, current ms 1790527514794
[2026-09-27 18:45:16.647] [nrf_sbi] [info] Got a request to update an NF instance, Instance ID: 91dfee08-b1a6-4ce8-8f1c-ea9bf4341104
[2026-09-27 18:45:16.647] [nrf_app] [info] Handle Update NF Instance request, NF type UPF (HTTP version 1)
[2026-09-27 18:45:16.647] [nrf_app] [info] NF Heart-Beat procedure!
[2026-09-27 18:45:16.647] [nrf_app] [debug] Replace member nfStatus with new value REGISTERED
[2026-09-27 18:45:16.647] [nrf_app] [info] Updated the NF profile (profile ID 91dfee08-b1a6-4ce8-8f1c-ea9bf4341104)
[2026-09-27 18:45:16.647] [nrf_app] [debug] NF update for Heartbeat, current time 1790527516647
[2026-09-27 18:45:16.647] [nrf_app] [debug] Set NF status to REGISTERED
[2026-09-27 18:45:16.647] [nrf_sbi] [debug] Json data: null
[2026-09-27 18:45:17.769] [nrf_sbi] [info] Got a request to update an NF instance, Instance ID: 17ba2836-2822-46a6-a021-901a2fb65998
[2026-09-27 18:45:17.769] [nrf_app] [info] Handle Update NF Instance request, NF type AUSF (HTTP version 1)
[2026-09-27 18:45:17.769] [nrf_app] [info] NF Heart-Beat procedure!
[2026-09-27 18:45:17.769] [nrf_app] [debug] Replace member nfStatus with new value REGISTERED
[2026-09-27 18:45:17.769] [nrf_app] [info] Updated the NF profile (profile ID 17ba2836-2822-46a6-a021-901a2fb65998)
[2026-09-27 18:45:17.769] [nrf_app] [debug] NF update for Heartbeat, current time 1790527517769
[2026-09-27 18:45:17.769] [nrf_app] [debug] Set NF status to REGISTERED
[2026-09-27 18:45:17.769] [nrf_sbi] [debug] Json data: null
[2026-09-27 18:45:18.039] [nrf_app] [info] 
Handle heartbeat timeout (NF update), NF instance ID a03368fc-0eff-4e3f-b71c-10e04357f8e1, time 1790527514484, current ms 1790527518039
[2026-09-27 18:45:19.021] [nrf_app] [info] 
Handle heartbeat timeout (NF update), NF instance ID 4042849f-78a0-49bf-9f1a-180c59d6e83a, time 1790527515448, current ms 1790527519021
[2026-09-27 18:45:19.897] [nrf_sbi] [info] Got a request to update an NF instance, Instance ID: dc589e56-a136-40f6-8f20-a087068e856a
[2026-09-27 18:45:19.897] [nrf_app] [info] Handle Update NF Instance request, NF type UDM (HTTP version 1)
[2026-09-27 18:45:19.897] [nrf_app] [info] NF Heart-Beat procedure!
[2026-09-27 18:45:19.897] [nrf_app] [debug] Replace member nfStatus with new value REGISTERED
[2026-09-27 18:45:19.897] [nrf_app] [info] Updated the NF profile (profile ID dc589e56-a136-40f6-8f20-a087068e856a)
[2026-09-27 18:45:19.897] [nrf_app] [debug] NF update for Heartbeat, current time 1790527519897
[2026-09-27 18:45:19.897] [nrf_app] [debug] Set NF status to REGISTERED
[2026-09-27 18:45:19.897] [nrf_sbi] [debug] Json data: null
[2026-09-27 18:45:19.936] [nrf_app] [info] 
Handle heartbeat timeout (NF update), NF instance ID 17ba2836-2822-46a6-a021-901a2fb65998, time 1790527516354, current ms 1790527519936
[2026-09-27 18:45:21.955] [nrf_app] [info] 
Handle heartbeat timeout (NF update), NF instance ID dc589e56-a136-40f6-8f20-a087068e856a, time 1790527518331, current ms 1790527521950
[2026-09-27 18:45:22.192] [nrf_app] [info] 
Handle heartbeat timeout (NF update), NF instance ID 91dfee08-b1a6-4ce8-8f1c-ea9bf4341104, time 1790527518564, current ms 1790527522192
[2026-09-27 18:45:22.586] [nrf_sbi] [info] Got a request to update an NF instance, Instance ID: a03368fc-0eff-4e3f-b71c-10e04357f8e1
[2026-09-27 18:45:22.586] [nrf_app] [info] Handle Update NF Instance request, NF type SMF (HTTP version 1)
[2026-09-27 18:45:22.586] [nrf_app] [info] NF Heart-Beat procedure!
[2026-09-27 18:45:22.586] [nrf_app] [debug] Replace member nfStatus with new value REGISTERED
[2026-09-27 18:45:22.586] [nrf_app] [info] Updated the NF profile (profile ID a03368fc-0eff-4e3f-b71c-10e04357f8e1)
[2026-09-27 18:45:22.586] [nrf_app] [debug] NF update for Heartbeat, current time 1790527522586
[2026-09-27 18:45:22.586] [nrf_app] [debug] Set NF status to REGISTERED
[2026-09-27 18:45:22.586] [nrf_sbi] [debug] Json data: null
[2026-09-27 18:45:22.845] [nrf_sbi] [info] Got a request to update an NF instance, Instance ID: b64a73f9-6961-4fdb-8232-006948f24f8d
[2026-09-27 18:45:22.845] [nrf_app] [info] Handle Update NF Instance request, NF type UDR (HTTP version 1)
[2026-09-27 18:45:22.845] [nrf_app] [info] NF Heart-Beat procedure!
[2026-09-27 18:45:22.845] [nrf_app] [debug] Replace member nfStatus with new value REGISTERED
[2026-09-27 18:45:22.845] [nrf_app] [info] Updated the NF profile (profile ID b64a73f9-6961-4fdb-8232-006948f24f8d)
[2026-09-27 18:45:22.845] [nrf_app] [debug] NF update for Heartbeat, current time 1790527522845
[2026-09-27 18:45:22.845] [nrf_app] [debug] Set NF status to REGISTERED
[2026-09-27 18:45:22.845] [nrf_sbi] [debug] Json data: null
[2026-09-27 18:45:23.541] [nrf_sbi] [info] Got a request to update an NF instance, Instance ID: 4042849f-78a0-49bf-9f1a-180c59d6e83a
[2026-09-27 18:45:23.541] [nrf_app] [info] Handle Update NF Instance request, NF type AMF (HTTP version 1)
[2026-09-27 18:45:23.541] [nrf_app] [info] NF Heart-Beat procedure!
[2026-09-27 18:45:23.541] [nrf_app] [debug] Replace member nfStatus with new value REGISTERED
[2026-09-27 18:45:23.541] [nrf_app] [info] Updated the NF profile (profile ID 4042849f-78a0-49bf-9f1a-180c59d6e83a)
[2026-09-27 18:45:23.541] [nrf_app] [debug] NF update for Heartbeat, current time 1790527523541
[2026-09-27 18:45:23.541] [nrf_app] [debug] Set NF status to REGISTERED
[2026-09-27 18:45:23.541] [nrf_sbi] [debug] Json data: null
[2026-09-27 18:45:24.976] [nrf_app] [info] 
Handle heartbeat timeout (NF update), NF instance ID b64a73f9-6961-4fdb-8232-006948f24f8d, time 1790527521308, current ms 1790527524976
[2026-09-27 18:45:26.650] [nrf_sbi] [info] Got a request to update an NF instance, Instance ID: 91dfee08-b1a6-4ce8-8f1c-ea9bf4341104
[2026-09-27 18:45:26.650] [nrf_app] [info] Handle Update NF Instance request, NF type UPF (HTTP version 1)
[2026-09-27 18:45:26.650] [nrf_app] [info] NF Heart-Beat procedure!
[2026-09-27 18:45:26.650] [nrf_app] [debug] Replace member nfStatus with new value REGISTERED
[2026-09-27 18:45:26.650] [nrf_app] [info] Updated the NF profile (profile ID 91dfee08-b1a6-4ce8-8f1c-ea9bf4341104)
[2026-09-27 18:45:26.650] [nrf_app] [debug] NF update for Heartbeat, current time 1790527526650
[2026-09-27 18:45:26.650] [nrf_app] [debug] Set NF status to REGISTERED
[2026-09-27 18:45:26.650] [nrf_sbi] [debug] Json data: null
[2026-09-27 18:45:27.935] [nrf_sbi] [info] Got a request to update an NF instance, Instance ID: 17ba2836-2822-46a6-a021-901a2fb65998
[2026-09-27 18:45:27.935] [nrf_app] [info] Handle Update NF Instance request, NF type AUSF (HTTP version 1)
[2026-09-27 18:45:27.935] [nrf_app] [info] NF Heart-Beat procedure!
[2026-09-27 18:45:27.935] [nrf_app] [debug] Replace member nfStatus with new value REGISTERED
[2026-09-27 18:45:27.935] [nrf_app] [info] Updated the NF profile (profile ID 17ba2836-2822-46a6-a021-901a2fb65998)
[2026-09-27 18:45:27.935] [nrf_app] [debug] NF update for Heartbeat, current time 1790527527935
[2026-09-27 18:45:27.935] [nrf_app] [debug] Set NF status to REGISTERED
[2026-09-27 18:45:27.935] [nrf_sbi] [debug] Json data: null
[2026-09-27 18:45:28.182] [nrf_app] [info] 
Handle heartbeat timeout (NF update), NF instance ID a03368fc-0eff-4e3f-b71c-10e04357f8e1, time 1790527524484, current ms 1790527528182
[2026-09-27 18:45:29.153] [nrf_app] [info] 
Handle heartbeat timeout (NF update), NF instance ID 4042849f-78a0-49bf-9f1a-180c59d6e83a, time 1790527525448, current ms 1790527529153
[2026-09-27 18:45:30.056] [nrf_sbi] [info] Got a request to update an NF instance, Instance ID: dc589e56-a136-40f6-8f20-a087068e856a
[2026-09-27 18:45:30.056] [nrf_app] [info] Handle Update NF Instance request, NF type UDM (HTTP version 1)
[2026-09-27 18:45:30.057] [nrf_app] [info] NF Heart-Beat procedure!
[2026-09-27 18:45:30.057] [nrf_app] [debug] Replace member nfStatus with new value REGISTERED
[2026-09-27 18:45:30.057] [nrf_app] [info] Updated the NF profile (profile ID dc589e56-a136-40f6-8f20-a087068e856a)
[2026-09-27 18:45:30.057] [nrf_app] [debug] NF update for Heartbeat, current time 1790527530057
[2026-09-27 18:45:30.057] [nrf_app] [debug] Set NF status to REGISTERED
[2026-09-27 18:45:30.057] [nrf_sbi] [debug] Json data: null
[2026-09-27 18:45:30.070] [nrf_app] [info] 
Handle heartbeat timeout (NF update), NF instance ID 17ba2836-2822-46a6-a021-901a2fb65998, time 1790527526354, current ms 1790527530070
[2026-09-27 18:45:32.067] [nrf_app] [info] 
Handle heartbeat timeout (NF update), NF instance ID dc589e56-a136-40f6-8f20-a087068e856a, time 1790527528331, current ms 1790527532067
[2026-09-27 18:45:32.302] [nrf_app] [info] 
Handle heartbeat timeout (NF update), NF instance ID 91dfee08-b1a6-4ce8-8f1c-ea9bf4341104, time 1790527528564, current ms 1790527532302
[2026-09-27 18:45:32.588] [nrf_sbi] [info] Got a request to update an NF instance, Instance ID: a03368fc-0eff-4e3f-b71c-10e04357f8e1
[2026-09-27 18:45:32.588] [nrf_app] [info] Handle Update NF Instance request, NF type SMF (HTTP version 1)
[2026-09-27 18:45:32.588] [nrf_app] [info] NF Heart-Beat procedure!
[2026-09-27 18:45:32.588] [nrf_app] [debug] Replace member nfStatus with new value REGISTERED
[2026-09-27 18:45:32.588] [nrf_app] [info] Updated the NF profile (profile ID a03368fc-0eff-4e3f-b71c-10e04357f8e1)
[2026-09-27 18:45:32.588] [nrf_app] [debug] NF update for Heartbeat, current time 1790527532588
[2026-09-27 18:45:32.588] [nrf_app] [debug] Set NF status to REGISTERED
[2026-09-27 18:45:32.588] [nrf_sbi] [debug] Json data: null
[2026-09-27 18:45:33.018] [nrf_sbi] [info] Got a request to update an NF instance, Instance ID: b64a73f9-6961-4fdb-8232-006948f24f8d
[2026-09-27 18:45:33.018] [nrf_app] [info] Handle Update NF Instance request, NF type UDR (HTTP version 1)
[2026-09-27 18:45:33.018] [nrf_app] [info] NF Heart-Beat procedure!
[2026-09-27 18:45:33.018] [nrf_app] [debug] Replace member nfStatus with new value REGISTERED
[2026-09-27 18:45:33.018] [nrf_app] [info] Updated the NF profile (profile ID b64a73f9-6961-4fdb-8232-006948f24f8d)
[2026-09-27 18:45:33.018] [nrf_app] [debug] NF update for Heartbeat, current time 1790527533018
[2026-09-27 18:45:33.018] [nrf_app] [debug] Set NF status to REGISTERED
[2026-09-27 18:45:33.018] [nrf_sbi] [debug] Json data: null
[2026-09-27 18:45:33.544] [nrf_sbi] [info] Got a request to update an NF instance, Instance ID: 4042849f-78a0-49bf-9f1a-180c59d6e83a
[2026-09-27 18:45:33.544] [nrf_app] [info] Handle Update NF Instance request, NF type AMF (HTTP version 1)
[2026-09-27 18:45:33.544] [nrf_app] [info] NF Heart-Beat procedure!
[2026-09-27 18:45:33.544] [nrf_app] [debug] Replace member nfStatus with new value REGISTERED
[2026-09-27 18:45:33.544] [nrf_app] [info] Updated the NF profile (profile ID 4042849f-78a0-49bf-9f1a-180c59d6e83a)
[2026-09-27 18:45:33.544] [nrf_app] [debug] NF update for Heartbeat, current time 1790527533544
[2026-09-27 18:45:33.544] [nrf_app] [debug] Set NF status to REGISTERED
[2026-09-27 18:45:33.544] [nrf_sbi] [debug] Json data: null
[2026-09-27 18:45:35.105] [nrf_app] [info] 
Handle heartbeat timeout (NF update), NF instance ID b64a73f9-6961-4fdb-8232-006948f24f8d, time 1790527531308, current ms 1790527535105
[2026-09-27 18:45:36.653] [nrf_sbi] [info] Got a request to update an NF instance, Instance ID: 91dfee08-b1a6-4ce8-8f1c-ea9bf4341104
[2026-09-27 18:45:36.653] [nrf_app] [info] Handle Update NF Instance request, NF type UPF (HTTP version 1)
[2026-09-27 18:45:36.653] [nrf_app] [info] NF Heart-Beat procedure!
[2026-09-27 18:45:36.653] [nrf_app] [debug] Replace member nfStatus with new value REGISTERED
[2026-09-27 18:45:36.653] [nrf_app] [info] Updated the NF profile (profile ID 91dfee08-b1a6-4ce8-8f1c-ea9bf4341104)
[2026-09-27 18:45:36.653] [nrf_app] [debug] NF update for Heartbeat, current time 1790527536653
[2026-09-27 18:45:36.653] [nrf_app] [debug] Set NF status to REGISTERED
[2026-09-27 18:45:36.653] [nrf_sbi] [debug] Json data: null
[2026-09-27 18:45:38.098] [nrf_sbi] [info] Got a request to update an NF instance, Instance ID: 17ba2836-2822-46a6-a021-901a2fb65998
[2026-09-27 18:45:38.098] [nrf_app] [info] Handle Update NF Instance request, NF type AUSF (HTTP version 1)
[2026-09-27 18:45:38.098] [nrf_app] [info] NF Heart-Beat procedure!
[2026-09-27 18:45:38.098] [nrf_app] [debug] Replace member nfStatus with new value REGISTERED
[2026-09-27 18:45:38.098] [nrf_app] [info] Updated the NF profile (profile ID 17ba2836-2822-46a6-a021-901a2fb65998)
[2026-09-27 18:45:38.098] [nrf_app] [debug] NF update for Heartbeat, current time 1790527538098
[2026-09-27 18:45:38.098] [nrf_app] [debug] Set NF status to REGISTERED
[2026-09-27 18:45:38.098] [nrf_sbi] [debug] Json data: null
[2026-09-27 18:45:38.356] [nrf_app] [info] 
Handle heartbeat timeout (NF update), NF instance ID a03368fc-0eff-4e3f-b71c-10e04357f8e1, time 1790527534484, current ms 1790527538356
[2026-09-27 18:45:39.337] [nrf_app] [info] 
Handle heartbeat timeout (NF update), NF instance ID 4042849f-78a0-49bf-9f1a-180c59d6e83a, time 1790527535448, current ms 1790527539337
[2026-09-27 18:45:40.219] [nrf_sbi] [info] Got a request to update an NF instance, Instance ID: dc589e56-a136-40f6-8f20-a087068e856a
[2026-09-27 18:45:40.219] [nrf_app] [info] Handle Update NF Instance request, NF type UDM (HTTP version 1)
[2026-09-27 18:45:40.219] [nrf_app] [info] NF Heart-Beat procedure!
[2026-09-27 18:45:40.219] [nrf_app] [debug] Replace member nfStatus with new value REGISTERED
[2026-09-27 18:45:40.219] [nrf_app] [info] Updated the NF profile (profile ID dc589e56-a136-40f6-8f20-a087068e856a)
[2026-09-27 18:45:40.219] [nrf_app] [debug] NF update for Heartbeat, current time 1790527540219
[2026-09-27 18:45:40.219] [nrf_app] [debug] Set NF status to REGISTERED
[2026-09-27 18:45:40.219] [nrf_sbi] [debug] Json data: null
[2026-09-27 18:45:40.254] [nrf_app] [info] 
Handle heartbeat timeout (NF update), NF instance ID 17ba2836-2822-46a6-a021-901a2fb65998, time 1790527536354, current ms 1790527540254
[2026-09-27 18:45:42.264] [nrf_app] [info] 
Handle heartbeat timeout (NF update), NF instance ID dc589e56-a136-40f6-8f20-a087068e856a, time 1790527538331, current ms 1790527542264
[2026-09-27 18:45:42.506] [nrf_app] [info] 
Handle heartbeat timeout (NF update), NF instance ID 91dfee08-b1a6-4ce8-8f1c-ea9bf4341104, time 1790527538564, current ms 1790527542506
[2026-09-27 18:45:42.593] [nrf_sbi] [info] Got a request to update an NF instance, Instance ID: a03368fc-0eff-4e3f-b71c-10e04357f8e1
[2026-09-27 18:45:42.593] [nrf_app] [info] Handle Update NF Instance request, NF type SMF (HTTP version 1)
[2026-09-27 18:45:42.593] [nrf_app] [info] NF Heart-Beat procedure!
[2026-09-27 18:45:42.593] [nrf_app] [debug] Replace member nfStatus with new value REGISTERED
[2026-09-27 18:45:42.593] [nrf_app] [info] Updated the NF profile (profile ID a03368fc-0eff-4e3f-b71c-10e04357f8e1)
[2026-09-27 18:45:42.593] [nrf_app] [debug] NF update for Heartbeat, current time 1790527542593
[2026-09-27 18:45:42.593] [nrf_app] [debug] Set NF status to REGISTERED
[2026-09-27 18:45:42.593] [nrf_sbi] [debug] Json data: null
[2026-09-27 18:45:43.205] [nrf_sbi] [info] Got a request to update an NF instance, Instance ID: b64a73f9-6961-4fdb-8232-006948f24f8d
[2026-09-27 18:45:43.205] [nrf_app] [info] Handle Update NF Instance request, NF type UDR (HTTP version 1)
[2026-09-27 18:45:43.205] [nrf_app] [info] NF Heart-Beat procedure!
[2026-09-27 18:45:43.205] [nrf_app] [debug] Replace member nfStatus with new value REGISTERED
[2026-09-27 18:45:43.205] [nrf_app] [info] Updated the NF profile (profile ID b64a73f9-6961-4fdb-8232-006948f24f8d)
[2026-09-27 18:45:43.205] [nrf_app] [debug] NF update for Heartbeat, current time 1790527543205
[2026-09-27 18:45:43.205] [nrf_app] [debug] Set NF status to REGISTERED
[2026-09-27 18:45:43.205] [nrf_sbi] [debug] Json data: null
[2026-09-27 18:45:43.548] [nrf_sbi] [info] Got a request to update an NF instance, Instance ID: 4042849f-78a0-49bf-9f1a-180c59d6e83a
[2026-09-27 18:45:43.548] [nrf_app] [info] Handle Update NF Instance request, NF type AMF (HTTP version 1)
[2026-09-27 18:45:43.548] [nrf_app] [info] NF Heart-Beat procedure!
[2026-09-27 18:45:43.548] [nrf_app] [debug] Replace member nfStatus with new value REGISTERED
[2026-09-27 18:45:43.548] [nrf_app] [info] Updated the NF profile (profile ID 4042849f-78a0-49bf-9f1a-180c59d6e83a)
[2026-09-27 18:45:43.548] [nrf_app] [debug] NF update for Heartbeat, current time 1790527543548
[2026-09-27 18:45:43.548] [nrf_app] [debug] Set NF status to REGISTERED
[2026-09-27 18:45:43.548] [nrf_sbi] [debug] Json data: null
[2026-09-27 18:45:45.294] [nrf_app] [info] 
Handle heartbeat timeout (NF update), NF instance ID b64a73f9-6961-4fdb-8232-006948f24f8d, time 1790527541308, current ms 1790527545294
[2026-09-27 18:45:46.660] [nrf_sbi] [info] Got a request to update an NF instance, Instance ID: 91dfee08-b1a6-4ce8-8f1c-ea9bf4341104
[2026-09-27 18:45:46.660] [nrf_app] [info] Handle Update NF Instance request, NF type UPF (HTTP version 1)
[2026-09-27 18:45:46.660] [nrf_app] [info] NF Heart-Beat procedure!
[2026-09-27 18:45:46.660] [nrf_app] [debug] Replace member nfStatus with new value REGISTERED
[2026-09-27 18:45:46.660] [nrf_app] [info] Updated the NF profile (profile ID 91dfee08-b1a6-4ce8-8f1c-ea9bf4341104)
[2026-09-27 18:45:46.660] [nrf_app] [debug] NF update for Heartbeat, current time 1790527546660
[2026-09-27 18:45:46.660] [nrf_app] [debug] Set NF status to REGISTERED
[2026-09-27 18:45:46.660] [nrf_sbi] [debug] Json data: null
[2026-09-27 18:45:48.328] [nrf_sbi] [info] Got a request to update an NF instance, Instance ID: 17ba2836-2822-46a6-a021-901a2fb65998
[2026-09-27 18:45:48.328] [nrf_app] [info] Handle Update NF Instance request, NF type AUSF (HTTP version 1)
[2026-09-27 18:45:48.328] [nrf_app] [info] NF Heart-Beat procedure!
[2026-09-27 18:45:48.328] [nrf_app] [debug] Replace member nfStatus with new value REGISTERED
[2026-09-27 18:45:48.328] [nrf_app] [info] Updated the NF profile (profile ID 17ba2836-2822-46a6-a021-901a2fb65998)
[2026-09-27 18:45:48.328] [nrf_app] [debug] NF update for Heartbeat, current time 1790527548328
[2026-09-27 18:45:48.328] [nrf_app] [debug] Set NF status to REGISTERED
[2026-09-27 18:45:48.328] [nrf_sbi] [debug] Json data: null
[2026-09-27 18:45:48.526] [nrf_app] [info] 
Handle heartbeat timeout (NF update), NF instance ID a03368fc-0eff-4e3f-b71c-10e04357f8e1, time 1790527544484, current ms 1790527548526
[2026-09-27 18:45:49.524] [nrf_app] [info] 
Handle heartbeat timeout (NF update), NF instance ID 4042849f-78a0-49bf-9f1a-180c59d6e83a, time 1790527545448, current ms 1790527549524
[2026-09-27 18:45:50.433] [nrf_sbi] [info] Got a request to update an NF instance, Instance ID: dc589e56-a136-40f6-8f20-a087068e856a
[2026-09-27 18:45:50.433] [nrf_app] [info] Handle Update NF Instance request, NF type UDM (HTTP version 1)
[2026-09-27 18:45:50.433] [nrf_app] [info] NF Heart-Beat procedure!
[2026-09-27 18:45:50.433] [nrf_app] [debug] Replace member nfStatus with new value REGISTERED
[2026-09-27 18:45:50.433] [nrf_app] [info] Updated the NF profile (profile ID dc589e56-a136-40f6-8f20-a087068e856a)
[2026-09-27 18:45:50.433] [nrf_app] [debug] NF update for Heartbeat, current time 1790527550433
[2026-09-27 18:45:50.433] [nrf_app] [debug] Set NF status to REGISTERED
[2026-09-27 18:45:50.433] [nrf_sbi] [debug] Json data: null
[2026-09-27 18:45:50.441] [nrf_app] [info] 
Handle heartbeat timeout (NF update), NF instance ID 17ba2836-2822-46a6-a021-901a2fb65998, time 1790527546354, current ms 1790527550441
[2026-09-27 18:45:52.447] [nrf_app] [info] 
Handle heartbeat timeout (NF update), NF instance ID dc589e56-a136-40f6-8f20-a087068e856a, time 1790527548331, current ms 1790527552447
[2026-09-27 18:45:52.600] [nrf_sbi] [info] Got a request to update an NF instance, Instance ID: a03368fc-0eff-4e3f-b71c-10e04357f8e1
[2026-09-27 18:45:52.600] [nrf_app] [info] Handle Update NF Instance request, NF type SMF (HTTP version 1)
[2026-09-27 18:45:52.600] [nrf_app] [info] NF Heart-Beat procedure!
[2026-09-27 18:45:52.600] [nrf_app] [debug] Replace member nfStatus with new value REGISTERED
[2026-09-27 18:45:52.600] [nrf_app] [info] Updated the NF profile (profile ID a03368fc-0eff-4e3f-b71c-10e04357f8e1)
[2026-09-27 18:45:52.600] [nrf_app] [debug] NF update for Heartbeat, current time 1790527552600
[2026-09-27 18:45:52.600] [nrf_app] [debug] Set NF status to REGISTERED
[2026-09-27 18:45:52.600] [nrf_sbi] [debug] Json data: null
[2026-09-27 18:45:52.684] [nrf_app] [info] 
Handle heartbeat timeout (NF update), NF instance ID 91dfee08-b1a6-4ce8-8f1c-ea9bf4341104, time 1790527548564, current ms 1790527552684
[2026-09-27 18:45:53.380] [nrf_sbi] [info] Got a request to update an NF instance, Instance ID: b64a73f9-6961-4fdb-8232-006948f24f8d
[2026-09-27 18:45:53.380] [nrf_app] [info] Handle Update NF Instance request, NF type UDR (HTTP version 1)
[2026-09-27 18:45:53.380] [nrf_app] [info] NF Heart-Beat procedure!
[2026-09-27 18:45:53.380] [nrf_app] [debug] Replace member nfStatus with new value REGISTERED
[2026-09-27 18:45:53.380] [nrf_app] [info] Updated the NF profile (profile ID b64a73f9-6961-4fdb-8232-006948f24f8d)
[2026-09-27 18:45:53.380] [nrf_app] [debug] NF update for Heartbeat, current time 1790527553380
[2026-09-27 18:45:53.380] [nrf_app] [debug] Set NF status to REGISTERED
[2026-09-27 18:45:53.380] [nrf_sbi] [debug] Json data: null
[2026-09-27 18:45:53.553] [nrf_sbi] [info] Got a request to update an NF instance, Instance ID: 4042849f-78a0-49bf-9f1a-180c59d6e83a
[2026-09-27 18:45:53.553] [nrf_app] [info] Handle Update NF Instance request, NF type AMF (HTTP version 1)
[2026-09-27 18:45:53.553] [nrf_app] [info] NF Heart-Beat procedure!
[2026-09-27 18:45:53.553] [nrf_app] [debug] Replace member nfStatus with new value REGISTERED
[2026-09-27 18:45:53.553] [nrf_app] [info] Updated the NF profile (profile ID 4042849f-78a0-49bf-9f1a-180c59d6e83a)
[2026-09-27 18:45:53.553] [nrf_app] [debug] NF update for Heartbeat, current time 1790527553553
[2026-09-27 18:45:53.553] [nrf_app] [debug] Set NF status to REGISTERED
[2026-09-27 18:45:53.553] [nrf_sbi] [debug] Json data: null
[2026-09-27 18:45:55.473] [nrf_app] [info] 
Handle heartbeat timeout (NF update), NF instance ID b64a73f9-6961-4fdb-8232-006948f24f8d, time 1790527551308, current ms 1790527555473
[2026-09-27 18:45:56.664] [nrf_sbi] [info] Got a request to update an NF instance, Instance ID: 91dfee08-b1a6-4ce8-8f1c-ea9bf4341104
[2026-09-27 18:45:56.664] [nrf_app] [info] Handle Update NF Instance request, NF type UPF (HTTP version 1)
[2026-09-27 18:45:56.664] [nrf_app] [info] NF Heart-Beat procedure!
[2026-09-27 18:45:56.664] [nrf_app] [debug] Replace member nfStatus with new value REGISTERED
[2026-09-27 18:45:56.664] [nrf_app] [info] Updated the NF profile (profile ID 91dfee08-b1a6-4ce8-8f1c-ea9bf4341104)
[2026-09-27 18:45:56.664] [nrf_app] [debug] NF update for Heartbeat, current time 1790527556664
[2026-09-27 18:45:56.664] [nrf_app] [debug] Set NF status to REGISTERED
[2026-09-27 18:45:56.664] [nrf_sbi] [debug] Json data: null
[2026-09-27 18:45:58.458] [nrf_sbi] [info] Got a request to update an NF instance, Instance ID: 17ba2836-2822-46a6-a021-901a2fb65998
[2026-09-27 18:45:58.458] [nrf_app] [info] Handle Update NF Instance request, NF type AUSF (HTTP version 1)
[2026-09-27 18:45:58.458] [nrf_app] [info] NF Heart-Beat procedure!
[2026-09-27 18:45:58.458] [nrf_app] [debug] Replace member nfStatus with new value REGISTERED
[2026-09-27 18:45:58.458] [nrf_app] [info] Updated the NF profile (profile ID 17ba2836-2822-46a6-a021-901a2fb65998)
[2026-09-27 18:45:58.458] [nrf_app] [debug] NF update for Heartbeat, current time 1790527558458
[2026-09-27 18:45:58.458] [nrf_app] [debug] Set NF status to REGISTERED
[2026-09-27 18:45:58.458] [nrf_sbi] [debug] Json data: null
[2026-09-27 18:45:58.696] [nrf_app] [info] 
Handle heartbeat timeout (NF update), NF instance ID a03368fc-0eff-4e3f-b71c-10e04357f8e1, time 1790527554484, current ms 1790527558696
[2026-09-27 18:45:59.672] [nrf_app] [info] 
Handle heartbeat timeout (NF update), NF instance ID 4042849f-78a0-49bf-9f1a-180c59d6e83a, time 1790527555448, current ms 1790527559672
[2026-09-27 18:46:00.595] [nrf_sbi] [info] Got a request to update an NF instance, Instance ID: dc589e56-a136-40f6-8f20-a087068e856a
[2026-09-27 18:46:00.595] [nrf_app] [info] Handle Update NF Instance request, NF type UDM (HTTP version 1)
[2026-09-27 18:46:00.595] [nrf_app] [info] NF Heart-Beat procedure!
[2026-09-27 18:46:00.595] [nrf_app] [debug] Replace member nfStatus with new value REGISTERED
[2026-09-27 18:46:00.595] [nrf_app] [info] Updated the NF profile (profile ID dc589e56-a136-40f6-8f20-a087068e856a)
[2026-09-27 18:46:00.595] [nrf_app] [debug] NF update for Heartbeat, current time 1790527560595
[2026-09-27 18:46:00.595] [nrf_app] [debug] Set NF status to REGISTERED
[2026-09-27 18:46:00.595] [nrf_sbi] [debug] Json data: null
[2026-09-27 18:46:00.596] [nrf_app] [info] 
Handle heartbeat timeout (NF update), NF instance ID 17ba2836-2822-46a6-a021-901a2fb65998, time 1790527556354, current ms 1790527560596
[2026-09-27 18:46:02.603] [nrf_sbi] [info] Got a request to update an NF instance, Instance ID: a03368fc-0eff-4e3f-b71c-10e04357f8e1
[2026-09-27 18:46:02.603] [nrf_app] [info] Handle Update NF Instance request, NF type SMF (HTTP version 1)
[2026-09-27 18:46:02.603] [nrf_app] [info] NF Heart-Beat procedure!
[2026-09-27 18:46:02.603] [nrf_app] [debug] Replace member nfStatus with new value REGISTERED
[2026-09-27 18:46:02.603] [nrf_app] [info] Updated the NF profile (profile ID a03368fc-0eff-4e3f-b71c-10e04357f8e1)
[2026-09-27 18:46:02.603] [nrf_app] [debug] NF update for Heartbeat, current time 1790527562603
[2026-09-27 18:46:02.603] [nrf_app] [debug] Set NF status to REGISTERED
[2026-09-27 18:46:02.603] [nrf_sbi] [debug] Json data: null
[2026-09-27 18:46:02.613] [nrf_app] [info] 
Handle heartbeat timeout (NF update), NF instance ID dc589e56-a136-40f6-8f20-a087068e856a, time 1790527558331, current ms 1790527562613
[2026-09-27 18:46:02.847] [nrf_app] [info] 
Handle heartbeat timeout (NF update), NF instance ID 91dfee08-b1a6-4ce8-8f1c-ea9bf4341104, time 1790527558564, current ms 1790527562847
[2026-09-27 18:46:03.553] [nrf_sbi] [info] Got a request to update an NF instance, Instance ID: b64a73f9-6961-4fdb-8232-006948f24f8d
[2026-09-27 18:46:03.553] [nrf_app] [info] Handle Update NF Instance request, NF type UDR (HTTP version 1)
[2026-09-27 18:46:03.553] [nrf_app] [info] NF Heart-Beat procedure!
[2026-09-27 18:46:03.553] [nrf_app] [debug] Replace member nfStatus with new value REGISTERED
[2026-09-27 18:46:03.553] [nrf_app] [info] Updated the NF profile (profile ID b64a73f9-6961-4fdb-8232-006948f24f8d)
[2026-09-27 18:46:03.553] [nrf_app] [debug] NF update for Heartbeat, current time 1790527563553
[2026-09-27 18:46:03.553] [nrf_app] [debug] Set NF status to REGISTERED
[2026-09-27 18:46:03.553] [nrf_sbi] [debug] Json data: null
[2026-09-27 18:46:03.556] [nrf_sbi] [info] Got a request to update an NF instance, Instance ID: 4042849f-78a0-49bf-9f1a-180c59d6e83a
[2026-09-27 18:46:03.556] [nrf_app] [info] Handle Update NF Instance request, NF type AMF (HTTP version 1)
[2026-09-27 18:46:03.556] [nrf_app] [info] NF Heart-Beat procedure!
[2026-09-27 18:46:03.556] [nrf_app] [debug] Replace member nfStatus with new value REGISTERED
[2026-09-27 18:46:03.556] [nrf_app] [info] Updated the NF profile (profile ID 4042849f-78a0-49bf-9f1a-180c59d6e83a)
[2026-09-27 18:46:03.556] [nrf_app] [debug] NF update for Heartbeat, current time 1790527563556
[2026-09-27 18:46:03.556] [nrf_app] [debug] Set NF status to REGISTERED
[2026-09-27 18:46:03.556] [nrf_sbi] [debug] Json data: null
[2026-09-27 18:46:05.625] [nrf_app] [info] 
Handle heartbeat timeout (NF update), NF instance ID b64a73f9-6961-4fdb-8232-006948f24f8d, time 1790527561308, current ms 1790527565625
[2026-09-27 18:46:06.667] [nrf_sbi] [info] Got a request to update an NF instance, Instance ID: 91dfee08-b1a6-4ce8-8f1c-ea9bf4341104
[2026-09-27 18:46:06.667] [nrf_app] [info] Handle Update NF Instance request, NF type UPF (HTTP version 1)
[2026-09-27 18:46:06.667] [nrf_app] [info] NF Heart-Beat procedure!
[2026-09-27 18:46:06.667] [nrf_app] [debug] Replace member nfStatus with new value REGISTERED
[2026-09-27 18:46:06.667] [nrf_app] [info] Updated the NF profile (profile ID 91dfee08-b1a6-4ce8-8f1c-ea9bf4341104)
[2026-09-27 18:46:06.667] [nrf_app] [debug] NF update for Heartbeat, current time 1790527566667
[2026-09-27 18:46:06.667] [nrf_app] [debug] Set NF status to REGISTERED
[2026-09-27 18:46:06.667] [nrf_sbi] [debug] Json data: null
[2026-09-27 18:46:08.655] [nrf_sbi] [info] Got a request to update an NF instance, Instance ID: 17ba2836-2822-46a6-a021-901a2fb65998
[2026-09-27 18:46:08.655] [nrf_app] [info] Handle Update NF Instance request, NF type AUSF (HTTP version 1)
[2026-09-27 18:46:08.655] [nrf_app] [info] NF Heart-Beat procedure!
[2026-09-27 18:46:08.655] [nrf_app] [debug] Replace member nfStatus with new value REGISTERED
[2026-09-27 18:46:08.655] [nrf_app] [info] Updated the NF profile (profile ID 17ba2836-2822-46a6-a021-901a2fb65998)
[2026-09-27 18:46:08.655] [nrf_app] [debug] NF update for Heartbeat, current time 1790527568655
[2026-09-27 18:46:08.655] [nrf_app] [debug] Set NF status to REGISTERED
[2026-09-27 18:46:08.655] [nrf_sbi] [debug] Json data: null
[2026-09-27 18:46:08.836] [nrf_app] [info] 
Handle heartbeat timeout (NF update), NF instance ID a03368fc-0eff-4e3f-b71c-10e04357f8e1, time 1790527564484, current ms 1790527568836
[2026-09-27 18:46:09.819] [nrf_app] [info] 
Handle heartbeat timeout (NF update), NF instance ID 4042849f-78a0-49bf-9f1a-180c59d6e83a, time 1790527565448, current ms 1790527569819
[2026-09-27 18:46:10.746] [nrf_app] [info] 
Handle heartbeat timeout (NF update), NF instance ID 17ba2836-2822-46a6-a021-901a2fb65998, time 1790527566354, current ms 1790527570746
[2026-09-27 18:46:10.760] [nrf_sbi] [info] Got a request to update an NF instance, Instance ID: dc589e56-a136-40f6-8f20-a087068e856a
[2026-09-27 18:46:10.760] [nrf_app] [info] Handle Update NF Instance request, NF type UDM (HTTP version 1)
[2026-09-27 18:46:10.760] [nrf_app] [info] NF Heart-Beat procedure!
[2026-09-27 18:46:10.760] [nrf_app] [debug] Replace member nfStatus with new value REGISTERED
[2026-09-27 18:46:10.760] [nrf_app] [info] Updated the NF profile (profile ID dc589e56-a136-40f6-8f20-a087068e856a)
[2026-09-27 18:46:10.760] [nrf_app] [debug] NF update for Heartbeat, current time 1790527570760
[2026-09-27 18:46:10.760] [nrf_app] [debug] Set NF status to REGISTERED
[2026-09-27 18:46:10.760] [nrf_sbi] [debug] Json data: null
[2026-09-27 18:46:12.606] [nrf_sbi] [info] Got a request to update an NF instance, Instance ID: a03368fc-0eff-4e3f-b71c-10e04357f8e1
[2026-09-27 18:46:12.607] [nrf_app] [info] Handle Update NF Instance request, NF type SMF (HTTP version 1)
[2026-09-27 18:46:12.607] [nrf_app] [info] NF Heart-Beat procedure!
[2026-09-27 18:46:12.607] [nrf_app] [debug] Replace member nfStatus with new value REGISTERED
[2026-09-27 18:46:12.607] [nrf_app] [info] Updated the NF profile (profile ID a03368fc-0eff-4e3f-b71c-10e04357f8e1)
[2026-09-27 18:46:12.607] [nrf_app] [debug] NF update for Heartbeat, current time 1790527572607
[2026-09-27 18:46:12.607] [nrf_app] [debug] Set NF status to REGISTERED
[2026-09-27 18:46:12.607] [nrf_sbi] [debug] Json data: null
[2026-09-27 18:46:12.741] [nrf_app] [info] 
Handle heartbeat timeout (NF update), NF instance ID dc589e56-a136-40f6-8f20-a087068e856a, time 1790527568331, current ms 1790527572741
[2026-09-27 18:46:12.982] [nrf_app] [info] 
Handle heartbeat timeout (NF update), NF instance ID 91dfee08-b1a6-4ce8-8f1c-ea9bf4341104, time 1790527568564, current ms 1790527572982
[2026-09-27 18:46:13.559] [nrf_sbi] [info] Got a request to update an NF instance, Instance ID: 4042849f-78a0-49bf-9f1a-180c59d6e83a
[2026-09-27 18:46:13.559] [nrf_app] [info] Handle Update NF Instance request, NF type AMF (HTTP version 1)
[2026-09-27 18:46:13.559] [nrf_app] [info] NF Heart-Beat procedure!
[2026-09-27 18:46:13.559] [nrf_app] [debug] Replace member nfStatus with new value REGISTERED
[2026-09-27 18:46:13.559] [nrf_app] [info] Updated the NF profile (profile ID 4042849f-78a0-49bf-9f1a-180c59d6e83a)
[2026-09-27 18:46:13.559] [nrf_app] [debug] NF update for Heartbeat, current time 1790527573559
[2026-09-27 18:46:13.559] [nrf_app] [debug] Set NF status to REGISTERED
[2026-09-27 18:46:13.559] [nrf_sbi] [debug] Json data: null
[2026-09-27 18:46:13.732] [nrf_sbi] [info] Got a request to update an NF instance, Instance ID: b64a73f9-6961-4fdb-8232-006948f24f8d
[2026-09-27 18:46:13.732] [nrf_app] [info] Handle Update NF Instance request, NF type UDR (HTTP version 1)
[2026-09-27 18:46:13.732] [nrf_app] [info] NF Heart-Beat procedure!
[2026-09-27 18:46:13.732] [nrf_app] [debug] Replace member nfStatus with new value REGISTERED
[2026-09-27 18:46:13.732] [nrf_app] [info] Updated the NF profile (profile ID b64a73f9-6961-4fdb-8232-006948f24f8d)
[2026-09-27 18:46:13.732] [nrf_app] [debug] NF update for Heartbeat, current time 1790527573732
[2026-09-27 18:46:13.732] [nrf_app] [debug] Set NF status to REGISTERED
[2026-09-27 18:46:13.732] [nrf_sbi] [debug] Json data: null
[2026-09-27 18:46:15.771] [nrf_app] [info] 
Handle heartbeat timeout (NF update), NF instance ID b64a73f9-6961-4fdb-8232-006948f24f8d, time 1790527571308, current ms 1790527575771
[2026-09-27 18:46:16.670] [nrf_sbi] [info] Got a request to update an NF instance, Instance ID: 91dfee08-b1a6-4ce8-8f1c-ea9bf4341104
[2026-09-27 18:46:16.670] [nrf_app] [info] Handle Update NF Instance request, NF type UPF (HTTP version 1)
[2026-09-27 18:46:16.670] [nrf_app] [info] NF Heart-Beat procedure!
[2026-09-27 18:46:16.670] [nrf_app] [debug] Replace member nfStatus with new value REGISTERED
[2026-09-27 18:46:16.670] [nrf_app] [info] Updated the NF profile (profile ID 91dfee08-b1a6-4ce8-8f1c-ea9bf4341104)
[2026-09-27 18:46:16.670] [nrf_app] [debug] NF update for Heartbeat, current time 1790527576670
[2026-09-27 18:46:16.670] [nrf_app] [debug] Set NF status to REGISTERED
[2026-09-27 18:46:16.670] [nrf_sbi] [debug] Json data: null
[2026-09-27 18:46:18.845] [nrf_sbi] [info] Got a request to update an NF instance, Instance ID: 17ba2836-2822-46a6-a021-901a2fb65998
[2026-09-27 18:46:18.845] [nrf_app] [info] Handle Update NF Instance request, NF type AUSF (HTTP version 1)
[2026-09-27 18:46:18.845] [nrf_app] [info] NF Heart-Beat procedure!
[2026-09-27 18:46:18.845] [nrf_app] [debug] Replace member nfStatus with new value REGISTERED
[2026-09-27 18:46:18.845] [nrf_app] [info] Updated the NF profile (profile ID 17ba2836-2822-46a6-a021-901a2fb65998)
[2026-09-27 18:46:18.845] [nrf_app] [debug] NF update for Heartbeat, current time 1790527578845
[2026-09-27 18:46:18.845] [nrf_app] [debug] Set NF status to REGISTERED
[2026-09-27 18:46:18.845] [nrf_sbi] [debug] Json data: null
[2026-09-27 18:46:19.031] [nrf_app] [info] 
Handle heartbeat timeout (NF update), NF instance ID a03368fc-0eff-4e3f-b71c-10e04357f8e1, time 1790527574484, current ms 1790527579031
[2026-09-27 18:46:20.004] [nrf_app] [info] 
Handle heartbeat timeout (NF update), NF instance ID 4042849f-78a0-49bf-9f1a-180c59d6e83a, time 1790527575448, current ms 1790527580004
[2026-09-27 18:46:20.932] [nrf_app] [info] 
Handle heartbeat timeout (NF update), NF instance ID 17ba2836-2822-46a6-a021-901a2fb65998, time 1790527576354, current ms 1790527580932
[2026-09-27 18:46:20.933] [nrf_sbi] [info] Got a request to update an NF instance, Instance ID: dc589e56-a136-40f6-8f20-a087068e856a
[2026-09-27 18:46:20.933] [nrf_app] [info] Handle Update NF Instance request, NF type UDM (HTTP version 1)
[2026-09-27 18:46:20.933] [nrf_app] [info] NF Heart-Beat procedure!
[2026-09-27 18:46:20.933] [nrf_app] [debug] Replace member nfStatus with new value REGISTERED
[2026-09-27 18:46:20.933] [nrf_app] [info] Updated the NF profile (profile ID dc589e56-a136-40f6-8f20-a087068e856a)
[2026-09-27 18:46:20.933] [nrf_app] [debug] NF update for Heartbeat, current time 1790527580933
[2026-09-27 18:46:20.933] [nrf_app] [debug] Set NF status to REGISTERED
[2026-09-27 18:46:20.933] [nrf_sbi] [debug] Json data: null
[2026-09-27 18:46:22.611] [nrf_sbi] [info] Got a request to update an NF instance, Instance ID: a03368fc-0eff-4e3f-b71c-10e04357f8e1
[2026-09-27 18:46:22.611] [nrf_app] [info] Handle Update NF Instance request, NF type SMF (HTTP version 1)
[2026-09-27 18:46:22.612] [nrf_app] [info] NF Heart-Beat procedure!
[2026-09-27 18:46:22.612] [nrf_app] [debug] Replace member nfStatus with new value REGISTERED
[2026-09-27 18:46:22.612] [nrf_app] [info] Updated the NF profile (profile ID a03368fc-0eff-4e3f-b71c-10e04357f8e1)
[2026-09-27 18:46:22.612] [nrf_app] [debug] NF update for Heartbeat, current time 1790527582612
[2026-09-27 18:46:22.612] [nrf_app] [debug] Set NF status to REGISTERED
[2026-09-27 18:46:22.612] [nrf_sbi] [debug] Json data: null
[2026-09-27 18:46:22.944] [nrf_app] [info] 
Handle heartbeat timeout (NF update), NF instance ID dc589e56-a136-40f6-8f20-a087068e856a, time 1790527578331, current ms 1790527582944
[2026-09-27 18:46:23.183] [nrf_app] [info] 
Handle heartbeat timeout (NF update), NF instance ID 91dfee08-b1a6-4ce8-8f1c-ea9bf4341104, time 1790527578564, current ms 1790527583183
[2026-09-27 18:46:23.564] [nrf_sbi] [info] Got a request to update an NF instance, Instance ID: 4042849f-78a0-49bf-9f1a-180c59d6e83a
[2026-09-27 18:46:23.564] [nrf_app] [info] Handle Update NF Instance request, NF type AMF (HTTP version 1)
[2026-09-27 18:46:23.564] [nrf_app] [info] NF Heart-Beat procedure!
[2026-09-27 18:46:23.564] [nrf_app] [debug] Replace member nfStatus with new value REGISTERED
[2026-09-27 18:46:23.564] [nrf_app] [info] Updated the NF profile (profile ID 4042849f-78a0-49bf-9f1a-180c59d6e83a)
[2026-09-27 18:46:23.564] [nrf_app] [debug] NF update for Heartbeat, current time 1790527583564
[2026-09-27 18:46:23.564] [nrf_app] [debug] Set NF status to REGISTERED
[2026-09-27 18:46:23.564] [nrf_sbi] [debug] Json data: null
[2026-09-27 18:46:23.968] [nrf_sbi] [info] Got a request to update an NF instance, Instance ID: b64a73f9-6961-4fdb-8232-006948f24f8d
[2026-09-27 18:46:23.968] [nrf_app] [info] Handle Update NF Instance request, NF type UDR (HTTP version 1)
[2026-09-27 18:46:23.968] [nrf_app] [info] NF Heart-Beat procedure!
[2026-09-27 18:46:23.968] [nrf_app] [debug] Replace member nfStatus with new value REGISTERED
[2026-09-27 18:46:23.968] [nrf_app] [info] Updated the NF profile (profile ID b64a73f9-6961-4fdb-8232-006948f24f8d)
[2026-09-27 18:46:23.968] [nrf_app] [debug] NF update for Heartbeat, current time 1790527583968
[2026-09-27 18:46:23.968] [nrf_app] [debug] Set NF status to REGISTERED
[2026-09-27 18:46:23.968] [nrf_sbi] [debug] Json data: null
[2026-09-27 18:46:25.972] [nrf_app] [info] 
Handle heartbeat timeout (NF update), NF instance ID b64a73f9-6961-4fdb-8232-006948f24f8d, time 1790527581308, current ms 1790527585972
[2026-09-27 18:46:26.674] [nrf_sbi] [info] Got a request to update an NF instance, Instance ID: 91dfee08-b1a6-4ce8-8f1c-ea9bf4341104
[2026-09-27 18:46:26.674] [nrf_app] [info] Handle Update NF Instance request, NF type UPF (HTTP version 1)
[2026-09-27 18:46:26.674] [nrf_app] [info] NF Heart-Beat procedure!
[2026-09-27 18:46:26.674] [nrf_app] [debug] Replace member nfStatus with new value REGISTERED
[2026-09-27 18:46:26.674] [nrf_app] [info] Updated the NF profile (profile ID 91dfee08-b1a6-4ce8-8f1c-ea9bf4341104)
[2026-09-27 18:46:26.674] [nrf_app] [debug] NF update for Heartbeat, current time 1790527586674
[2026-09-27 18:46:26.674] [nrf_app] [debug] Set NF status to REGISTERED
[2026-09-27 18:46:26.674] [nrf_sbi] [debug] Json data: null
[2026-09-27 18:46:29.039] [nrf_sbi] [info] Got a request to update an NF instance, Instance ID: 17ba2836-2822-46a6-a021-901a2fb65998
[2026-09-27 18:46:29.039] [nrf_app] [info] Handle Update NF Instance request, NF type AUSF (HTTP version 1)
[2026-09-27 18:46:29.039] [nrf_app] [info] NF Heart-Beat procedure!
[2026-09-27 18:46:29.039] [nrf_app] [debug] Replace member nfStatus with new value REGISTERED
[2026-09-27 18:46:29.039] [nrf_app] [info] Updated the NF profile (profile ID 17ba2836-2822-46a6-a021-901a2fb65998)
[2026-09-27 18:46:29.039] [nrf_app] [debug] NF update for Heartbeat, current time 1790527589039
[2026-09-27 18:46:29.039] [nrf_app] [debug] Set NF status to REGISTERED
[2026-09-27 18:46:29.039] [nrf_sbi] [debug] Json data: null
[2026-09-27 18:46:29.196] [nrf_app] [info] 
Handle heartbeat timeout (NF update), NF instance ID a03368fc-0eff-4e3f-b71c-10e04357f8e1, time 1790527584484, current ms 1790527589196
[2026-09-27 18:46:30.184] [nrf_app] [info] 
Handle heartbeat timeout (NF update), NF instance ID 4042849f-78a0-49bf-9f1a-180c59d6e83a, time 1790527585448, current ms 1790527590184
[2026-09-27 18:46:31.091] [nrf_sbi] [info] Got a request to update an NF instance, Instance ID: dc589e56-a136-40f6-8f20-a087068e856a
[2026-09-27 18:46:31.091] [nrf_app] [info] Handle Update NF Instance request, NF type UDM (HTTP version 1)
[2026-09-27 18:46:31.091] [nrf_app] [info] NF Heart-Beat procedure!
[2026-09-27 18:46:31.091] [nrf_app] [debug] Replace member nfStatus with new value REGISTERED
[2026-09-27 18:46:31.091] [nrf_app] [info] Updated the NF profile (profile ID dc589e56-a136-40f6-8f20-a087068e856a)
[2026-09-27 18:46:31.091] [nrf_app] [debug] NF update for Heartbeat, current time 1790527591091
[2026-09-27 18:46:31.091] [nrf_app] [debug] Set NF status to REGISTERED
[2026-09-27 18:46:31.091] [nrf_sbi] [debug] Json data: null
[2026-09-27 18:46:31.110] [nrf_app] [info] 
Handle heartbeat timeout (NF update), NF instance ID 17ba2836-2822-46a6-a021-901a2fb65998, time 1790527586354, current ms 1790527591110
[2026-09-27 18:46:32.616] [nrf_sbi] [info] Got a request to update an NF instance, Instance ID: a03368fc-0eff-4e3f-b71c-10e04357f8e1
[2026-09-27 18:46:32.616] [nrf_app] [info] Handle Update NF Instance request, NF type SMF (HTTP version 1)
[2026-09-27 18:46:32.616] [nrf_app] [info] NF Heart-Beat procedure!
[2026-09-27 18:46:32.616] [nrf_app] [debug] Replace member nfStatus with new value REGISTERED
[2026-09-27 18:46:32.616] [nrf_app] [info] Updated the NF profile (profile ID a03368fc-0eff-4e3f-b71c-10e04357f8e1)
[2026-09-27 18:46:32.616] [nrf_app] [debug] NF update for Heartbeat, current time 1790527592616
[2026-09-27 18:46:32.616] [nrf_app] [debug] Set NF status to REGISTERED
[2026-09-27 18:46:32.616] [nrf_sbi] [debug] Json data: null
[2026-09-27 18:46:33.112] [nrf_app] [info] 
Handle heartbeat timeout (NF update), NF instance ID dc589e56-a136-40f6-8f20-a087068e856a, time 1790527588331, current ms 1790527593112
[2026-09-27 18:46:33.351] [nrf_app] [info] 
Handle heartbeat timeout (NF update), NF instance ID 91dfee08-b1a6-4ce8-8f1c-ea9bf4341104, time 1790527588564, current ms 1790527593351
[2026-09-27 18:46:33.567] [nrf_sbi] [info] Got a request to update an NF instance, Instance ID: 4042849f-78a0-49bf-9f1a-180c59d6e83a
[2026-09-27 18:46:33.567] [nrf_app] [info] Handle Update NF Instance request, NF type AMF (HTTP version 1)
[2026-09-27 18:46:33.567] [nrf_app] [info] NF Heart-Beat procedure!
[2026-09-27 18:46:33.567] [nrf_app] [debug] Replace member nfStatus with new value REGISTERED
[2026-09-27 18:46:33.567] [nrf_app] [info] Updated the NF profile (profile ID 4042849f-78a0-49bf-9f1a-180c59d6e83a)
[2026-09-27 18:46:33.567] [nrf_app] [debug] NF update for Heartbeat, current time 1790527593567
[2026-09-27 18:46:33.567] [nrf_app] [debug] Set NF status to REGISTERED
[2026-09-27 18:46:33.567] [nrf_sbi] [debug] Json data: null
[2026-09-27 18:46:34.127] [nrf_sbi] [info] Got a request to update an NF instance, Instance ID: b64a73f9-6961-4fdb-8232-006948f24f8d
[2026-09-27 18:46:34.127] [nrf_app] [info] Handle Update NF Instance request, NF type UDR (HTTP version 1)
[2026-09-27 18:46:34.127] [nrf_app] [info] NF Heart-Beat procedure!
[2026-09-27 18:46:34.127] [nrf_app] [debug] Replace member nfStatus with new value REGISTERED
[2026-09-27 18:46:34.127] [nrf_app] [info] Updated the NF profile (profile ID b64a73f9-6961-4fdb-8232-006948f24f8d)
[2026-09-27 18:46:34.127] [nrf_app] [debug] NF update for Heartbeat, current time 1790527594127
[2026-09-27 18:46:34.127] [nrf_app] [debug] Set NF status to REGISTERED
[2026-09-27 18:46:34.127] [nrf_sbi] [debug] Json data: null
[2026-09-27 18:46:36.140] [nrf_app] [info] 
Handle heartbeat timeout (NF update), NF instance ID b64a73f9-6961-4fdb-8232-006948f24f8d, time 1790527591308, current ms 1790527596140
[2026-09-27 18:46:36.678] [nrf_sbi] [info] Got a request to update an NF instance, Instance ID: 91dfee08-b1a6-4ce8-8f1c-ea9bf4341104
[2026-09-27 18:46:36.678] [nrf_app] [info] Handle Update NF Instance request, NF type UPF (HTTP version 1)
[2026-09-27 18:46:36.678] [nrf_app] [info] NF Heart-Beat procedure!
[2026-09-27 18:46:36.678] [nrf_app] [debug] Replace member nfStatus with new value REGISTERED
[2026-09-27 18:46:36.678] [nrf_app] [info] Updated the NF profile (profile ID 91dfee08-b1a6-4ce8-8f1c-ea9bf4341104)
[2026-09-27 18:46:36.678] [nrf_app] [debug] NF update for Heartbeat, current time 1790527596678
[2026-09-27 18:46:36.678] [nrf_app] [debug] Set NF status to REGISTERED
[2026-09-27 18:46:36.678] [nrf_sbi] [debug] Json data: null
[2026-09-27 18:46:39.202] [nrf_sbi] [info] Got a request to update an NF instance, Instance ID: 17ba2836-2822-46a6-a021-901a2fb65998
[2026-09-27 18:46:39.202] [nrf_app] [info] Handle Update NF Instance request, NF type AUSF (HTTP version 1)
[2026-09-27 18:46:39.202] [nrf_app] [info] NF Heart-Beat procedure!
[2026-09-27 18:46:39.202] [nrf_app] [debug] Replace member nfStatus with new value REGISTERED
[2026-09-27 18:46:39.202] [nrf_app] [info] Updated the NF profile (profile ID 17ba2836-2822-46a6-a021-901a2fb65998)
[2026-09-27 18:46:39.202] [nrf_app] [debug] NF update for Heartbeat, current time 1790527599202
[2026-09-27 18:46:39.202] [nrf_app] [debug] Set NF status to REGISTERED
[2026-09-27 18:46:39.202] [nrf_sbi] [debug] Json data: null
[2026-09-27 18:46:39.388] [nrf_app] [info] 
Handle heartbeat timeout (NF update), NF instance ID a03368fc-0eff-4e3f-b71c-10e04357f8e1, time 1790527594484, current ms 1790527599388
[2026-09-27 18:46:40.379] [nrf_app] [info] 
Handle heartbeat timeout (NF update), NF instance ID 4042849f-78a0-49bf-9f1a-180c59d6e83a, time 1790527595448, current ms 1790527600379
[2026-09-27 18:46:41.261] [nrf_sbi] [info] Got a request to update an NF instance, Instance ID: dc589e56-a136-40f6-8f20-a087068e856a
[2026-09-27 18:46:41.261] [nrf_app] [info] Handle Update NF Instance request, NF type UDM (HTTP version 1)
[2026-09-27 18:46:41.261] [nrf_app] [info] NF Heart-Beat procedure!
[2026-09-27 18:46:41.261] [nrf_app] [debug] Replace member nfStatus with new value REGISTERED
[2026-09-27 18:46:41.261] [nrf_app] [info] Updated the NF profile (profile ID dc589e56-a136-40f6-8f20-a087068e856a)
[2026-09-27 18:46:41.261] [nrf_app] [debug] NF update for Heartbeat, current time 1790527601261
[2026-09-27 18:46:41.261] [nrf_app] [debug] Set NF status to REGISTERED
[2026-09-27 18:46:41.261] [nrf_sbi] [debug] Json data: null
[2026-09-27 18:46:41.299] [nrf_app] [info] 
Handle heartbeat timeout (NF update), NF instance ID 17ba2836-2822-46a6-a021-901a2fb65998, time 1790527596354, current ms 1790527601299
[2026-09-27 18:46:42.620] [nrf_sbi] [info] Got a request to update an NF instance, Instance ID: a03368fc-0eff-4e3f-b71c-10e04357f8e1
[2026-09-27 18:46:42.620] [nrf_app] [info] Handle Update NF Instance request, NF type SMF (HTTP version 1)
[2026-09-27 18:46:42.620] [nrf_app] [info] NF Heart-Beat procedure!
[2026-09-27 18:46:42.620] [nrf_app] [debug] Replace member nfStatus with new value REGISTERED
[2026-09-27 18:46:42.620] [nrf_app] [info] Updated the NF profile (profile ID a03368fc-0eff-4e3f-b71c-10e04357f8e1)
[2026-09-27 18:46:42.620] [nrf_app] [debug] NF update for Heartbeat, current time 1790527602620
[2026-09-27 18:46:42.620] [nrf_app] [debug] Set NF status to REGISTERED
[2026-09-27 18:46:42.620] [nrf_sbi] [debug] Json data: null
[2026-09-27 18:46:43.309] [nrf_app] [info] 
Handle heartbeat timeout (NF update), NF instance ID dc589e56-a136-40f6-8f20-a087068e856a, time 1790527598331, current ms 1790527603309
[2026-09-27 18:46:43.542] [nrf_app] [info] 
Handle heartbeat timeout (NF update), NF instance ID 91dfee08-b1a6-4ce8-8f1c-ea9bf4341104, time 1790527598564, current ms 1790527603542
[2026-09-27 18:46:43.573] [nrf_sbi] [info] Got a request to update an NF instance, Instance ID: 4042849f-78a0-49bf-9f1a-180c59d6e83a
[2026-09-27 18:46:43.573] [nrf_app] [info] Handle Update NF Instance request, NF type AMF (HTTP version 1)
[2026-09-27 18:46:43.573] [nrf_app] [info] NF Heart-Beat procedure!
[2026-09-27 18:46:43.573] [nrf_app] [debug] Replace member nfStatus with new value REGISTERED
[2026-09-27 18:46:43.573] [nrf_app] [info] Updated the NF profile (profile ID 4042849f-78a0-49bf-9f1a-180c59d6e83a)
[2026-09-27 18:46:43.573] [nrf_app] [debug] NF update for Heartbeat, current time 1790527603573
[2026-09-27 18:46:43.573] [nrf_app] [debug] Set NF status to REGISTERED
[2026-09-27 18:46:43.573] [nrf_sbi] [debug] Json data: null
[2026-09-27 18:46:44.283] [nrf_sbi] [info] Got a request to update an NF instance, Instance ID: b64a73f9-6961-4fdb-8232-006948f24f8d
[2026-09-27 18:46:44.283] [nrf_app] [info] Handle Update NF Instance request, NF type UDR (HTTP version 1)
[2026-09-27 18:46:44.283] [nrf_app] [info] NF Heart-Beat procedure!
[2026-09-27 18:46:44.283] [nrf_app] [debug] Replace member nfStatus with new value REGISTERED
[2026-09-27 18:46:44.283] [nrf_app] [info] Updated the NF profile (profile ID b64a73f9-6961-4fdb-8232-006948f24f8d)
[2026-09-27 18:46:44.283] [nrf_app] [debug] NF update for Heartbeat, current time 1790527604283
[2026-09-27 18:46:44.283] [nrf_app] [debug] Set NF status to REGISTERED
[2026-09-27 18:46:44.283] [nrf_sbi] [debug] Json data: null
[2026-09-27 18:46:46.355] [nrf_app] [info] 
Handle heartbeat timeout (NF update), NF instance ID b64a73f9-6961-4fdb-8232-006948f24f8d, time 1790527601308, current ms 1790527606355
[2026-09-27 18:46:46.684] [nrf_sbi] [info] Got a request to update an NF instance, Instance ID: 91dfee08-b1a6-4ce8-8f1c-ea9bf4341104
[2026-09-27 18:46:46.684] [nrf_app] [info] Handle Update NF Instance request, NF type UPF (HTTP version 1)
[2026-09-27 18:46:46.684] [nrf_app] [info] NF Heart-Beat procedure!
[2026-09-27 18:46:46.684] [nrf_app] [debug] Replace member nfStatus with new value REGISTERED
[2026-09-27 18:46:46.684] [nrf_app] [info] Updated the NF profile (profile ID 91dfee08-b1a6-4ce8-8f1c-ea9bf4341104)
[2026-09-27 18:46:46.684] [nrf_app] [debug] NF update for Heartbeat, current time 1790527606684
[2026-09-27 18:46:46.684] [nrf_app] [debug] Set NF status to REGISTERED
[2026-09-27 18:46:46.684] [nrf_sbi] [debug] Json data: null
[2026-09-27 18:46:49.458] [nrf_sbi] [info] Got a request to update an NF instance, Instance ID: 17ba2836-2822-46a6-a021-901a2fb65998
[2026-09-27 18:46:49.458] [nrf_app] [info] Handle Update NF Instance request, NF type AUSF (HTTP version 1)
[2026-09-27 18:46:49.458] [nrf_app] [info] NF Heart-Beat procedure!
[2026-09-27 18:46:49.458] [nrf_app] [debug] Replace member nfStatus with new value REGISTERED
[2026-09-27 18:46:49.458] [nrf_app] [info] Updated the NF profile (profile ID 17ba2836-2822-46a6-a021-901a2fb65998)
[2026-09-27 18:46:49.458] [nrf_app] [debug] NF update for Heartbeat, current time 1790527609458
[2026-09-27 18:46:49.458] [nrf_app] [debug] Set NF status to REGISTERED
[2026-09-27 18:46:49.458] [nrf_sbi] [debug] Json data: null
[2026-09-27 18:46:49.594] [nrf_app] [info] 
Handle heartbeat timeout (NF update), NF instance ID a03368fc-0eff-4e3f-b71c-10e04357f8e1, time 1790527604484, current ms 1790527609594
[2026-09-27 18:46:50.592] [nrf_app] [info] 
Handle heartbeat timeout (NF update), NF instance ID 4042849f-78a0-49bf-9f1a-180c59d6e83a, time 1790527605448, current ms 1790527610592
[2026-09-27 18:46:51.485] [nrf_sbi] [info] Got a request to update an NF instance, Instance ID: dc589e56-a136-40f6-8f20-a087068e856a
[2026-09-27 18:46:51.485] [nrf_app] [info] Handle Update NF Instance request, NF type UDM (HTTP version 1)
[2026-09-27 18:46:51.485] [nrf_app] [info] NF Heart-Beat procedure!
[2026-09-27 18:46:51.485] [nrf_app] [debug] Replace member nfStatus with new value REGISTERED
[2026-09-27 18:46:51.485] [nrf_app] [info] Updated the NF profile (profile ID dc589e56-a136-40f6-8f20-a087068e856a)
[2026-09-27 18:46:51.485] [nrf_app] [debug] NF update for Heartbeat, current time 1790527611485
[2026-09-27 18:46:51.485] [nrf_app] [debug] Set NF status to REGISTERED
[2026-09-27 18:46:51.485] [nrf_sbi] [debug] Json data: null
[2026-09-27 18:46:51.518] [nrf_app] [info] 
Handle heartbeat timeout (NF update), NF instance ID 17ba2836-2822-46a6-a021-901a2fb65998, time 1790527606354, current ms 1790527611518
[2026-09-27 18:46:52.624] [nrf_sbi] [info] Got a request to update an NF instance, Instance ID: a03368fc-0eff-4e3f-b71c-10e04357f8e1
[2026-09-27 18:46:52.624] [nrf_app] [info] Handle Update NF Instance request, NF type SMF (HTTP version 1)
[2026-09-27 18:46:52.624] [nrf_app] [info] NF Heart-Beat procedure!
[2026-09-27 18:46:52.624] [nrf_app] [debug] Replace member nfStatus with new value REGISTERED
[2026-09-27 18:46:52.624] [nrf_app] [info] Updated the NF profile (profile ID a03368fc-0eff-4e3f-b71c-10e04357f8e1)
[2026-09-27 18:46:52.624] [nrf_app] [debug] NF update for Heartbeat, current time 1790527612624
[2026-09-27 18:46:52.624] [nrf_app] [debug] Set NF status to REGISTERED
[2026-09-27 18:46:52.624] [nrf_sbi] [debug] Json data: null
[2026-09-27 18:46:53.513] [nrf_app] [info] 
Handle heartbeat timeout (NF update), NF instance ID dc589e56-a136-40f6-8f20-a087068e856a, time 1790527608331, current ms 1790527613513
[2026-09-27 18:46:53.577] [nrf_sbi] [info] Got a request to update an NF instance, Instance ID: 4042849f-78a0-49bf-9f1a-180c59d6e83a
[2026-09-27 18:46:53.577] [nrf_app] [info] Handle Update NF Instance request, NF type AMF (HTTP version 1)
[2026-09-27 18:46:53.577] [nrf_app] [info] NF Heart-Beat procedure!
[2026-09-27 18:46:53.577] [nrf_app] [debug] Replace member nfStatus with new value REGISTERED
[2026-09-27 18:46:53.577] [nrf_app] [info] Updated the NF profile (profile ID 4042849f-78a0-49bf-9f1a-180c59d6e83a)
[2026-09-27 18:46:53.577] [nrf_app] [debug] NF update for Heartbeat, current time 1790527613577
[2026-09-27 18:46:53.577] [nrf_app] [debug] Set NF status to REGISTERED
[2026-09-27 18:46:53.577] [nrf_sbi] [debug] Json data: null
[2026-09-27 18:46:53.748] [nrf_app] [info] 
Handle heartbeat timeout (NF update), NF instance ID 91dfee08-b1a6-4ce8-8f1c-ea9bf4341104, time 1790527608564, current ms 1790527613748
[2026-09-27 18:46:54.430] [nrf_sbi] [info] Got a request to update an NF instance, Instance ID: b64a73f9-6961-4fdb-8232-006948f24f8d
[2026-09-27 18:46:54.430] [nrf_app] [info] Handle Update NF Instance request, NF type UDR (HTTP version 1)
[2026-09-27 18:46:54.430] [nrf_app] [info] NF Heart-Beat procedure!
[2026-09-27 18:46:54.430] [nrf_app] [debug] Replace member nfStatus with new value REGISTERED
[2026-09-27 18:46:54.430] [nrf_app] [info] Updated the NF profile (profile ID b64a73f9-6961-4fdb-8232-006948f24f8d)
[2026-09-27 18:46:54.430] [nrf_app] [debug] NF update for Heartbeat, current time 1790527614430
[2026-09-27 18:46:54.430] [nrf_app] [debug] Set NF status to REGISTERED
[2026-09-27 18:46:54.430] [nrf_sbi] [debug] Json data: null
[2026-09-27 18:46:56.529] [nrf_app] [info] 
Handle heartbeat timeout (NF update), NF instance ID b64a73f9-6961-4fdb-8232-006948f24f8d, time 1790527611308, current ms 1790527616529
[2026-09-27 18:46:56.687] [nrf_sbi] [info] Got a request to update an NF instance, Instance ID: 91dfee08-b1a6-4ce8-8f1c-ea9bf4341104
[2026-09-27 18:46:56.687] [nrf_app] [info] Handle Update NF Instance request, NF type UPF (HTTP version 1)
[2026-09-27 18:46:56.687] [nrf_app] [info] NF Heart-Beat procedure!
[2026-09-27 18:46:56.687] [nrf_app] [debug] Replace member nfStatus with new value REGISTERED
[2026-09-27 18:46:56.687] [nrf_app] [info] Updated the NF profile (profile ID 91dfee08-b1a6-4ce8-8f1c-ea9bf4341104)
[2026-09-27 18:46:56.687] [nrf_app] [debug] NF update for Heartbeat, current time 1790527616687
[2026-09-27 18:46:56.687] [nrf_app] [debug] Set NF status to REGISTERED
[2026-09-27 18:46:56.687] [nrf_sbi] [debug] Json data: null
[2026-09-27 18:46:59.606] [nrf_sbi] [info] Got a request to update an NF instance, Instance ID: 17ba2836-2822-46a6-a021-901a2fb65998
[2026-09-27 18:46:59.606] [nrf_app] [info] Handle Update NF Instance request, NF type AUSF (HTTP version 1)
[2026-09-27 18:46:59.606] [nrf_app] [info] NF Heart-Beat procedure!
[2026-09-27 18:46:59.606] [nrf_app] [debug] Replace member nfStatus with new value REGISTERED
[2026-09-27 18:46:59.606] [nrf_app] [info] Updated the NF profile (profile ID 17ba2836-2822-46a6-a021-901a2fb65998)
[2026-09-27 18:46:59.606] [nrf_app] [debug] NF update for Heartbeat, current time 1790527619606
[2026-09-27 18:46:59.606] [nrf_app] [debug] Set NF status to REGISTERED
[2026-09-27 18:46:59.606] [nrf_sbi] [debug] Json data: null
[2026-09-27 18:46:59.740] [nrf_app] [info] 
Handle heartbeat timeout (NF update), NF instance ID a03368fc-0eff-4e3f-b71c-10e04357f8e1, time 1790527614484, current ms 1790527619740
[2026-09-27 18:47:00.725] [nrf_app] [info] 
Handle heartbeat timeout (NF update), NF instance ID 4042849f-78a0-49bf-9f1a-180c59d6e83a, time 1790527615448, current ms 1790527620725
[2026-09-27 18:47:01.610] [nrf_sbi] [info] Got a request to update an NF instance, Instance ID: dc589e56-a136-40f6-8f20-a087068e856a
[2026-09-27 18:47:01.610] [nrf_app] [info] Handle Update NF Instance request, NF type UDM (HTTP version 1)
[2026-09-27 18:47:01.610] [nrf_app] [info] NF Heart-Beat procedure!
[2026-09-27 18:47:01.610] [nrf_app] [debug] Replace member nfStatus with new value REGISTERED
[2026-09-27 18:47:01.610] [nrf_app] [info] Updated the NF profile (profile ID dc589e56-a136-40f6-8f20-a087068e856a)
[2026-09-27 18:47:01.610] [nrf_app] [debug] NF update for Heartbeat, current time 1790527621610
[2026-09-27 18:47:01.610] [nrf_app] [debug] Set NF status to REGISTERED
[2026-09-27 18:47:01.610] [nrf_sbi] [debug] Json data: null
[2026-09-27 18:47:01.646] [nrf_app] [info] 
Handle heartbeat timeout (NF update), NF instance ID 17ba2836-2822-46a6-a021-901a2fb65998, time 1790527616354, current ms 1790527621646
[2026-09-27 18:47:02.629] [nrf_sbi] [info] Got a request to update an NF instance, Instance ID: a03368fc-0eff-4e3f-b71c-10e04357f8e1
[2026-09-27 18:47:02.629] [nrf_app] [info] Handle Update NF Instance request, NF type SMF (HTTP version 1)
[2026-09-27 18:47:02.629] [nrf_app] [info] NF Heart-Beat procedure!
[2026-09-27 18:47:02.629] [nrf_app] [debug] Replace member nfStatus with new value REGISTERED
[2026-09-27 18:47:02.629] [nrf_app] [info] Updated the NF profile (profile ID a03368fc-0eff-4e3f-b71c-10e04357f8e1)
[2026-09-27 18:47:02.629] [nrf_app] [debug] NF update for Heartbeat, current time 1790527622629
[2026-09-27 18:47:02.629] [nrf_app] [debug] Set NF status to REGISTERED
[2026-09-27 18:47:02.629] [nrf_sbi] [debug] Json data: null
[2026-09-27 18:47:03.581] [nrf_sbi] [info] Got a request to update an NF instance, Instance ID: 4042849f-78a0-49bf-9f1a-180c59d6e83a
[2026-09-27 18:47:03.581] [nrf_app] [info] Handle Update NF Instance request, NF type AMF (HTTP version 1)
[2026-09-27 18:47:03.581] [nrf_app] [info] NF Heart-Beat procedure!
[2026-09-27 18:47:03.581] [nrf_app] [debug] Replace member nfStatus with new value REGISTERED
[2026-09-27 18:47:03.581] [nrf_app] [info] Updated the NF profile (profile ID 4042849f-78a0-49bf-9f1a-180c59d6e83a)
[2026-09-27 18:47:03.581] [nrf_app] [debug] NF update for Heartbeat, current time 1790527623581
[2026-09-27 18:47:03.581] [nrf_app] [debug] Set NF status to REGISTERED
[2026-09-27 18:47:03.581] [nrf_sbi] [debug] Json data: null
[2026-09-27 18:47:03.635] [nrf_app] [info] 
Handle heartbeat timeout (NF update), NF instance ID dc589e56-a136-40f6-8f20-a087068e856a, time 1790527618331, current ms 1790527623635
[2026-09-27 18:47:03.879] [nrf_app] [info] 
Handle heartbeat timeout (NF update), NF instance ID 91dfee08-b1a6-4ce8-8f1c-ea9bf4341104, time 1790527618564, current ms 1790527623879
[2026-09-27 18:47:04.587] [nrf_sbi] [info] Got a request to update an NF instance, Instance ID: b64a73f9-6961-4fdb-8232-006948f24f8d
[2026-09-27 18:47:04.587] [nrf_app] [info] Handle Update NF Instance request, NF type UDR (HTTP version 1)
[2026-09-27 18:47:04.587] [nrf_app] [info] NF Heart-Beat procedure!
[2026-09-27 18:47:04.587] [nrf_app] [debug] Replace member nfStatus with new value REGISTERED
[2026-09-27 18:47:04.587] [nrf_app] [info] Updated the NF profile (profile ID b64a73f9-6961-4fdb-8232-006948f24f8d)
[2026-09-27 18:47:04.587] [nrf_app] [debug] NF update for Heartbeat, current time 1790527624587
[2026-09-27 18:47:04.587] [nrf_app] [debug] Set NF status to REGISTERED
[2026-09-27 18:47:04.587] [nrf_sbi] [debug] Json data: null
[2026-09-27 18:47:06.658] [nrf_app] [info] 
Handle heartbeat timeout (NF update), NF instance ID b64a73f9-6961-4fdb-8232-006948f24f8d, time 1790527621308, current ms 1790527626658
[2026-09-27 18:47:06.690] [nrf_sbi] [info] Got a request to update an NF instance, Instance ID: 91dfee08-b1a6-4ce8-8f1c-ea9bf4341104
[2026-09-27 18:47:06.690] [nrf_app] [info] Handle Update NF Instance request, NF type UPF (HTTP version 1)
[2026-09-27 18:47:06.690] [nrf_app] [info] NF Heart-Beat procedure!
[2026-09-27 18:47:06.690] [nrf_app] [debug] Replace member nfStatus with new value REGISTERED
[2026-09-27 18:47:06.690] [nrf_app] [info] Updated the NF profile (profile ID 91dfee08-b1a6-4ce8-8f1c-ea9bf4341104)
[2026-09-27 18:47:06.690] [nrf_app] [debug] NF update for Heartbeat, current time 1790527626690
[2026-09-27 18:47:06.690] [nrf_app] [debug] Set NF status to REGISTERED
[2026-09-27 18:47:06.690] [nrf_sbi] [debug] Json data: null
[2026-09-27 18:47:09.771] [nrf_sbi] [info] Got a request to update an NF instance, Instance ID: 17ba2836-2822-46a6-a021-901a2fb65998
[2026-09-27 18:47:09.771] [nrf_app] [info] Handle Update NF Instance request, NF type AUSF (HTTP version 1)
[2026-09-27 18:47:09.771] [nrf_app] [info] NF Heart-Beat procedure!
[2026-09-27 18:47:09.771] [nrf_app] [debug] Replace member nfStatus with new value REGISTERED
[2026-09-27 18:47:09.771] [nrf_app] [info] Updated the NF profile (profile ID 17ba2836-2822-46a6-a021-901a2fb65998)
[2026-09-27 18:47:09.771] [nrf_app] [debug] NF update for Heartbeat, current time 1790527629771
[2026-09-27 18:47:09.771] [nrf_app] [debug] Set NF status to REGISTERED
[2026-09-27 18:47:09.771] [nrf_sbi] [debug] Json data: null
[2026-09-27 18:47:09.894] [nrf_app] [info] 
Handle heartbeat timeout (NF update), NF instance ID a03368fc-0eff-4e3f-b71c-10e04357f8e1, time 1790527624484, current ms 1790527629894
[2026-09-27 18:47:10.869] [nrf_app] [info] 
Handle heartbeat timeout (NF update), NF instance ID 4042849f-78a0-49bf-9f1a-180c59d6e83a, time 1790527625448, current ms 1790527630869
[2026-09-27 18:47:11.736] [nrf_sbi] [info] Got a request to update an NF instance, Instance ID: dc589e56-a136-40f6-8f20-a087068e856a
[2026-09-27 18:47:11.736] [nrf_app] [info] Handle Update NF Instance request, NF type UDM (HTTP version 1)
[2026-09-27 18:47:11.736] [nrf_app] [info] NF Heart-Beat procedure!
[2026-09-27 18:47:11.736] [nrf_app] [debug] Replace member nfStatus with new value REGISTERED
[2026-09-27 18:47:11.736] [nrf_app] [info] Updated the NF profile (profile ID dc589e56-a136-40f6-8f20-a087068e856a)
[2026-09-27 18:47:11.736] [nrf_app] [debug] NF update for Heartbeat, current time 1790527631736
[2026-09-27 18:47:11.736] [nrf_app] [debug] Set NF status to REGISTERED
[2026-09-27 18:47:11.736] [nrf_sbi] [debug] Json data: null
[2026-09-27 18:47:11.798] [nrf_app] [info] 
Handle heartbeat timeout (NF update), NF instance ID 17ba2836-2822-46a6-a021-901a2fb65998, time 1790527626354, current ms 1790527631798
[2026-09-27 18:47:12.633] [nrf_sbi] [info] Got a request to update an NF instance, Instance ID: a03368fc-0eff-4e3f-b71c-10e04357f8e1
[2026-09-27 18:47:12.633] [nrf_app] [info] Handle Update NF Instance request, NF type SMF (HTTP version 1)
[2026-09-27 18:47:12.633] [nrf_app] [info] NF Heart-Beat procedure!
[2026-09-27 18:47:12.633] [nrf_app] [debug] Replace member nfStatus with new value REGISTERED
[2026-09-27 18:47:12.633] [nrf_app] [info] Updated the NF profile (profile ID a03368fc-0eff-4e3f-b71c-10e04357f8e1)
[2026-09-27 18:47:12.633] [nrf_app] [debug] NF update for Heartbeat, current time 1790527632633
[2026-09-27 18:47:12.633] [nrf_app] [debug] Set NF status to REGISTERED
[2026-09-27 18:47:12.633] [nrf_sbi] [debug] Json data: null
[2026-09-27 18:47:13.584] [nrf_sbi] [info] Got a request to update an NF instance, Instance ID: 4042849f-78a0-49bf-9f1a-180c59d6e83a
[2026-09-27 18:47:13.584] [nrf_app] [info] Handle Update NF Instance request, NF type AMF (HTTP version 1)
[2026-09-27 18:47:13.584] [nrf_app] [info] NF Heart-Beat procedure!
[2026-09-27 18:47:13.584] [nrf_app] [debug] Replace member nfStatus with new value REGISTERED
[2026-09-27 18:47:13.584] [nrf_app] [info] Updated the NF profile (profile ID 4042849f-78a0-49bf-9f1a-180c59d6e83a)
[2026-09-27 18:47:13.584] [nrf_app] [debug] NF update for Heartbeat, current time 1790527633584
[2026-09-27 18:47:13.584] [nrf_app] [debug] Set NF status to REGISTERED
[2026-09-27 18:47:13.584] [nrf_sbi] [debug] Json data: null
[2026-09-27 18:47:13.806] [nrf_app] [info] 
Handle heartbeat timeout (NF update), NF instance ID dc589e56-a136-40f6-8f20-a087068e856a, time 1790527628331, current ms 1790527633806
[2026-09-27 18:47:14.043] [nrf_app] [info] 
Handle heartbeat timeout (NF update), NF instance ID 91dfee08-b1a6-4ce8-8f1c-ea9bf4341104, time 1790527628564, current ms 1790527634043
[2026-09-27 18:47:14.723] [nrf_sbi] [info] Got a request to update an NF instance, Instance ID: b64a73f9-6961-4fdb-8232-006948f24f8d
[2026-09-27 18:47:14.723] [nrf_app] [info] Handle Update NF Instance request, NF type UDR (HTTP version 1)
[2026-09-27 18:47:14.723] [nrf_app] [info] NF Heart-Beat procedure!
[2026-09-27 18:47:14.723] [nrf_app] [debug] Replace member nfStatus with new value REGISTERED
[2026-09-27 18:47:14.723] [nrf_app] [info] Updated the NF profile (profile ID b64a73f9-6961-4fdb-8232-006948f24f8d)
[2026-09-27 18:47:14.723] [nrf_app] [debug] NF update for Heartbeat, current time 1790527634723
[2026-09-27 18:47:14.723] [nrf_app] [debug] Set NF status to REGISTERED
[2026-09-27 18:47:14.723] [nrf_sbi] [debug] Json data: null
[2026-09-27 18:47:16.693] [nrf_sbi] [info] Got a request to update an NF instance, Instance ID: 91dfee08-b1a6-4ce8-8f1c-ea9bf4341104
[2026-09-27 18:47:16.693] [nrf_app] [info] Handle Update NF Instance request, NF type UPF (HTTP version 1)
[2026-09-27 18:47:16.693] [nrf_app] [info] NF Heart-Beat procedure!
[2026-09-27 18:47:16.693] [nrf_app] [debug] Replace member nfStatus with new value REGISTERED
[2026-09-27 18:47:16.693] [nrf_app] [info] Updated the NF profile (profile ID 91dfee08-b1a6-4ce8-8f1c-ea9bf4341104)
[2026-09-27 18:47:16.693] [nrf_app] [debug] NF update for Heartbeat, current time 1790527636693
[2026-09-27 18:47:16.693] [nrf_app] [debug] Set NF status to REGISTERED
[2026-09-27 18:47:16.693] [nrf_sbi] [debug] Json data: null
[2026-09-27 18:47:16.837] [nrf_app] [info] 
Handle heartbeat timeout (NF update), NF instance ID b64a73f9-6961-4fdb-8232-006948f24f8d, time 1790527631308, current ms 1790527636837
[2026-09-27 18:47:19.938] [nrf_sbi] [info] Got a request to update an NF instance, Instance ID: 17ba2836-2822-46a6-a021-901a2fb65998
[2026-09-27 18:47:19.938] [nrf_app] [info] Handle Update NF Instance request, NF type AUSF (HTTP version 1)
[2026-09-27 18:47:19.938] [nrf_app] [info] NF Heart-Beat procedure!
[2026-09-27 18:47:19.938] [nrf_app] [debug] Replace member nfStatus with new value REGISTERED
[2026-09-27 18:47:19.938] [nrf_app] [info] Updated the NF profile (profile ID 17ba2836-2822-46a6-a021-901a2fb65998)
[2026-09-27 18:47:19.938] [nrf_app] [debug] NF update for Heartbeat, current time 1790527639938
[2026-09-27 18:47:19.938] [nrf_app] [debug] Set NF status to REGISTERED
[2026-09-27 18:47:19.938] [nrf_sbi] [debug] Json data: null
[2026-09-27 18:47:20.050] [nrf_app] [info] 
Handle heartbeat timeout (NF update), NF instance ID a03368fc-0eff-4e3f-b71c-10e04357f8e1, time 1790527634484, current ms 1790527640050
[2026-09-27 18:47:21.041] [nrf_app] [info] 
Handle heartbeat timeout (NF update), NF instance ID 4042849f-78a0-49bf-9f1a-180c59d6e83a, time 1790527635448, current ms 1790527641041
[2026-09-27 18:47:21.869] [nrf_sbi] [info] Got a request to update an NF instance, Instance ID: dc589e56-a136-40f6-8f20-a087068e856a
[2026-09-27 18:47:21.869] [nrf_app] [info] Handle Update NF Instance request, NF type UDM (HTTP version 1)
[2026-09-27 18:47:21.869] [nrf_app] [info] NF Heart-Beat procedure!
[2026-09-27 18:47:21.869] [nrf_app] [debug] Replace member nfStatus with new value REGISTERED
[2026-09-27 18:47:21.869] [nrf_app] [info] Updated the NF profile (profile ID dc589e56-a136-40f6-8f20-a087068e856a)
[2026-09-27 18:47:21.869] [nrf_app] [debug] NF update for Heartbeat, current time 1790527641869
[2026-09-27 18:47:21.869] [nrf_app] [debug] Set NF status to REGISTERED
[2026-09-27 18:47:21.869] [nrf_sbi] [debug] Json data: null
[2026-09-27 18:47:21.956] [nrf_app] [info] 
Handle heartbeat timeout (NF update), NF instance ID 17ba2836-2822-46a6-a021-901a2fb65998, time 1790527636354, current ms 1790527641956
[2026-09-27 18:47:22.637] [nrf_sbi] [info] Got a request to update an NF instance, Instance ID: a03368fc-0eff-4e3f-b71c-10e04357f8e1
[2026-09-27 18:47:22.637] [nrf_app] [info] Handle Update NF Instance request, NF type SMF (HTTP version 1)
[2026-09-27 18:47:22.637] [nrf_app] [info] NF Heart-Beat procedure!
[2026-09-27 18:47:22.637] [nrf_app] [debug] Replace member nfStatus with new value REGISTERED
[2026-09-27 18:47:22.637] [nrf_app] [info] Updated the NF profile (profile ID a03368fc-0eff-4e3f-b71c-10e04357f8e1)
[2026-09-27 18:47:22.637] [nrf_app] [debug] NF update for Heartbeat, current time 1790527642637
[2026-09-27 18:47:22.637] [nrf_app] [debug] Set NF status to REGISTERED
[2026-09-27 18:47:22.637] [nrf_sbi] [debug] Json data: null
[2026-09-27 18:47:23.587] [nrf_sbi] [info] Got a request to update an NF instance, Instance ID: 4042849f-78a0-49bf-9f1a-180c59d6e83a
[2026-09-27 18:47:23.587] [nrf_app] [info] Handle Update NF Instance request, NF type AMF (HTTP version 1)
[2026-09-27 18:47:23.588] [nrf_app] [info] NF Heart-Beat procedure!
[2026-09-27 18:47:23.588] [nrf_app] [debug] Replace member nfStatus with new value REGISTERED
[2026-09-27 18:47:23.588] [nrf_app] [info] Updated the NF profile (profile ID 4042849f-78a0-49bf-9f1a-180c59d6e83a)
[2026-09-27 18:47:23.588] [nrf_app] [debug] NF update for Heartbeat, current time 1790527643588
[2026-09-27 18:47:23.588] [nrf_app] [debug] Set NF status to REGISTERED
[2026-09-27 18:47:23.588] [nrf_sbi] [debug] Json data: null
[2026-09-27 18:47:23.962] [nrf_app] [info] 
Handle heartbeat timeout (NF update), NF instance ID dc589e56-a136-40f6-8f20-a087068e856a, time 1790527638331, current ms 1790527643962
[2026-09-27 18:47:24.197] [nrf_app] [info] 
Handle heartbeat timeout (NF update), NF instance ID 91dfee08-b1a6-4ce8-8f1c-ea9bf4341104, time 1790527638564, current ms 1790527644197
[2026-09-27 18:47:24.885] [nrf_sbi] [info] Got a request to update an NF instance, Instance ID: b64a73f9-6961-4fdb-8232-006948f24f8d
[2026-09-27 18:47:24.885] [nrf_app] [info] Handle Update NF Instance request, NF type UDR (HTTP version 1)
[2026-09-27 18:47:24.885] [nrf_app] [info] NF Heart-Beat procedure!
[2026-09-27 18:47:24.885] [nrf_app] [debug] Replace member nfStatus with new value REGISTERED
[2026-09-27 18:47:24.885] [nrf_app] [info] Updated the NF profile (profile ID b64a73f9-6961-4fdb-8232-006948f24f8d)
[2026-09-27 18:47:24.885] [nrf_app] [debug] NF update for Heartbeat, current time 1790527644885
[2026-09-27 18:47:24.885] [nrf_app] [debug] Set NF status to REGISTERED
[2026-09-27 18:47:24.885] [nrf_sbi] [debug] Json data: null
[2026-09-27 18:47:26.696] [nrf_sbi] [info] Got a request to update an NF instance, Instance ID: 91dfee08-b1a6-4ce8-8f1c-ea9bf4341104
[2026-09-27 18:47:26.696] [nrf_app] [info] Handle Update NF Instance request, NF type UPF (HTTP version 1)
[2026-09-27 18:47:26.696] [nrf_app] [info] NF Heart-Beat procedure!
[2026-09-27 18:47:26.696] [nrf_app] [debug] Replace member nfStatus with new value REGISTERED
[2026-09-27 18:47:26.696] [nrf_app] [info] Updated the NF profile (profile ID 91dfee08-b1a6-4ce8-8f1c-ea9bf4341104)
[2026-09-27 18:47:26.696] [nrf_app] [debug] NF update for Heartbeat, current time 1790527646696
[2026-09-27 18:47:26.696] [nrf_app] [debug] Set NF status to REGISTERED
[2026-09-27 18:47:26.696] [nrf_sbi] [debug] Json data: null
[2026-09-27 18:47:26.973] [nrf_app] [info] 
Handle heartbeat timeout (NF update), NF instance ID b64a73f9-6961-4fdb-8232-006948f24f8d, time 1790527641308, current ms 1790527646973
[2026-09-27 18:47:30.089] [nrf_sbi] [info] Got a request to update an NF instance, Instance ID: 17ba2836-2822-46a6-a021-901a2fb65998
[2026-09-27 18:47:30.089] [nrf_app] [info] Handle Update NF Instance request, NF type AUSF (HTTP version 1)
[2026-09-27 18:47:30.089] [nrf_app] [info] NF Heart-Beat procedure!
[2026-09-27 18:47:30.089] [nrf_app] [debug] Replace member nfStatus with new value REGISTERED
[2026-09-27 18:47:30.089] [nrf_app] [info] Updated the NF profile (profile ID 17ba2836-2822-46a6-a021-901a2fb65998)
[2026-09-27 18:47:30.089] [nrf_app] [debug] NF update for Heartbeat, current time 1790527650089
[2026-09-27 18:47:30.089] [nrf_app] [debug] Set NF status to REGISTERED
[2026-09-27 18:47:30.089] [nrf_sbi] [debug] Json data: null
[2026-09-27 18:47:30.195] [nrf_app] [info] 
Handle heartbeat timeout (NF update), NF instance ID a03368fc-0eff-4e3f-b71c-10e04357f8e1, time 1790527644484, current ms 1790527650195
[2026-09-27 18:47:31.171] [nrf_app] [info] 
Handle heartbeat timeout (NF update), NF instance ID 4042849f-78a0-49bf-9f1a-180c59d6e83a, time 1790527645448, current ms 1790527651171
[2026-09-27 18:47:31.977] [nrf_sbi] [info] Got a request to update an NF instance, Instance ID: dc589e56-a136-40f6-8f20-a087068e856a
[2026-09-27 18:47:31.978] [nrf_app] [info] Handle Update NF Instance request, NF type UDM (HTTP version 1)
[2026-09-27 18:47:31.978] [nrf_app] [info] NF Heart-Beat procedure!
[2026-09-27 18:47:31.978] [nrf_app] [debug] Replace member nfStatus with new value REGISTERED
[2026-09-27 18:47:31.978] [nrf_app] [info] Updated the NF profile (profile ID dc589e56-a136-40f6-8f20-a087068e856a)
[2026-09-27 18:47:31.978] [nrf_app] [debug] NF update for Heartbeat, current time 1790527651978
[2026-09-27 18:47:31.978] [nrf_app] [debug] Set NF status to REGISTERED
[2026-09-27 18:47:31.978] [nrf_sbi] [debug] Json data: null
[2026-09-27 18:47:32.089] [nrf_app] [info] 
Handle heartbeat timeout (NF update), NF instance ID 17ba2836-2822-46a6-a021-901a2fb65998, time 1790527646354, current ms 1790527652089
[2026-09-27 18:47:32.645] [nrf_sbi] [info] Got a request to update an NF instance, Instance ID: a03368fc-0eff-4e3f-b71c-10e04357f8e1
[2026-09-27 18:47:32.645] [nrf_app] [info] Handle Update NF Instance request, NF type SMF (HTTP version 1)
[2026-09-27 18:47:32.645] [nrf_app] [info] NF Heart-Beat procedure!
[2026-09-27 18:47:32.645] [nrf_app] [debug] Replace member nfStatus with new value REGISTERED
[2026-09-27 18:47:32.645] [nrf_app] [info] Updated the NF profile (profile ID a03368fc-0eff-4e3f-b71c-10e04357f8e1)
[2026-09-27 18:47:32.645] [nrf_app] [debug] NF update for Heartbeat, current time 1790527652645
[2026-09-27 18:47:32.645] [nrf_app] [debug] Set NF status to REGISTERED
[2026-09-27 18:47:32.645] [nrf_sbi] [debug] Json data: null
[2026-09-27 18:47:33.592] [nrf_sbi] [info] Got a request to update an NF instance, Instance ID: 4042849f-78a0-49bf-9f1a-180c59d6e83a
[2026-09-27 18:47:33.592] [nrf_app] [info] Handle Update NF Instance request, NF type AMF (HTTP version 1)
[2026-09-27 18:47:33.592] [nrf_app] [info] NF Heart-Beat procedure!
[2026-09-27 18:47:33.592] [nrf_app] [debug] Replace member nfStatus with new value REGISTERED
[2026-09-27 18:47:33.592] [nrf_app] [info] Updated the NF profile (profile ID 4042849f-78a0-49bf-9f1a-180c59d6e83a)
[2026-09-27 18:47:33.592] [nrf_app] [debug] NF update for Heartbeat, current time 1790527653592
[2026-09-27 18:47:33.592] [nrf_app] [debug] Set NF status to REGISTERED
[2026-09-27 18:47:33.592] [nrf_sbi] [debug] Json data: null
[2026-09-27 18:47:34.077] [nrf_app] [info] 
Handle heartbeat timeout (NF update), NF instance ID dc589e56-a136-40f6-8f20-a087068e856a, time 1790527648331, current ms 1790527654077
[2026-09-27 18:47:34.311] [nrf_app] [info] 
Handle heartbeat timeout (NF update), NF instance ID 91dfee08-b1a6-4ce8-8f1c-ea9bf4341104, time 1790527648564, current ms 1790527654311
[2026-09-27 18:47:35.017] [nrf_sbi] [info] Got a request to update an NF instance, Instance ID: b64a73f9-6961-4fdb-8232-006948f24f8d
[2026-09-27 18:47:35.017] [nrf_app] [info] Handle Update NF Instance request, NF type UDR (HTTP version 1)
[2026-09-27 18:47:35.017] [nrf_app] [info] NF Heart-Beat procedure!
[2026-09-27 18:47:35.017] [nrf_app] [debug] Replace member nfStatus with new value REGISTERED
[2026-09-27 18:47:35.017] [nrf_app] [info] Updated the NF profile (profile ID b64a73f9-6961-4fdb-8232-006948f24f8d)
[2026-09-27 18:47:35.017] [nrf_app] [debug] NF update for Heartbeat, current time 1790527655017
[2026-09-27 18:47:35.017] [nrf_app] [debug] Set NF status to REGISTERED
[2026-09-27 18:47:35.017] [nrf_sbi] [debug] Json data: null
[2026-09-27 18:47:36.701] [nrf_sbi] [info] Got a request to update an NF instance, Instance ID: 91dfee08-b1a6-4ce8-8f1c-ea9bf4341104
[2026-09-27 18:47:36.701] [nrf_app] [info] Handle Update NF Instance request, NF type UPF (HTTP version 1)
[2026-09-27 18:47:36.701] [nrf_app] [info] NF Heart-Beat procedure!
[2026-09-27 18:47:36.701] [nrf_app] [debug] Replace member nfStatus with new value REGISTERED
[2026-09-27 18:47:36.701] [nrf_app] [info] Updated the NF profile (profile ID 91dfee08-b1a6-4ce8-8f1c-ea9bf4341104)
[2026-09-27 18:47:36.701] [nrf_app] [debug] NF update for Heartbeat, current time 1790527656701
[2026-09-27 18:47:36.701] [nrf_app] [debug] Set NF status to REGISTERED
[2026-09-27 18:47:36.701] [nrf_sbi] [debug] Json data: null
[2026-09-27 18:47:37.083] [nrf_app] [info] 
Handle heartbeat timeout (NF update), NF instance ID b64a73f9-6961-4fdb-8232-006948f24f8d, time 1790527651308, current ms 1790527657083
[2026-09-27 18:47:40.207] [nrf_sbi] [info] Got a request to update an NF instance, Instance ID: 17ba2836-2822-46a6-a021-901a2fb65998
[2026-09-27 18:47:40.208] [nrf_app] [info] Handle Update NF Instance request, NF type AUSF (HTTP version 1)
[2026-09-27 18:47:40.208] [nrf_app] [info] NF Heart-Beat procedure!
[2026-09-27 18:47:40.208] [nrf_app] [debug] Replace member nfStatus with new value REGISTERED
[2026-09-27 18:47:40.208] [nrf_app] [info] Updated the NF profile (profile ID 17ba2836-2822-46a6-a021-901a2fb65998)
[2026-09-27 18:47:40.208] [nrf_app] [debug] NF update for Heartbeat, current time 1790527660208
[2026-09-27 18:47:40.208] [nrf_app] [debug] Set NF status to REGISTERED
[2026-09-27 18:47:40.208] [nrf_sbi] [debug] Json data: null
[2026-09-27 18:47:40.303] [nrf_app] [info] 
Handle heartbeat timeout (NF update), NF instance ID a03368fc-0eff-4e3f-b71c-10e04357f8e1, time 1790527654484, current ms 1790527660303
[2026-09-27 18:47:41.301] [nrf_app] [info] 
Handle heartbeat timeout (NF update), NF instance ID 4042849f-78a0-49bf-9f1a-180c59d6e83a, time 1790527655448, current ms 1790527661301
[2026-09-27 18:47:42.161] [nrf_sbi] [info] Got a request to update an NF instance, Instance ID: dc589e56-a136-40f6-8f20-a087068e856a
[2026-09-27 18:47:42.161] [nrf_app] [info] Handle Update NF Instance request, NF type UDM (HTTP version 1)
[2026-09-27 18:47:42.161] [nrf_app] [info] NF Heart-Beat procedure!
[2026-09-27 18:47:42.161] [nrf_app] [debug] Replace member nfStatus with new value REGISTERED
[2026-09-27 18:47:42.161] [nrf_app] [info] Updated the NF profile (profile ID dc589e56-a136-40f6-8f20-a087068e856a)
[2026-09-27 18:47:42.161] [nrf_app] [debug] NF update for Heartbeat, current time 1790527662161
[2026-09-27 18:47:42.161] [nrf_app] [debug] Set NF status to REGISTERED
[2026-09-27 18:47:42.161] [nrf_sbi] [debug] Json data: null
[2026-09-27 18:47:42.223] [nrf_app] [info] 
Handle heartbeat timeout (NF update), NF instance ID 17ba2836-2822-46a6-a021-901a2fb65998, time 1790527656354, current ms 1790527662223
[2026-09-27 18:47:42.650] [nrf_sbi] [info] Got a request to update an NF instance, Instance ID: a03368fc-0eff-4e3f-b71c-10e04357f8e1
[2026-09-27 18:47:42.650] [nrf_app] [info] Handle Update NF Instance request, NF type SMF (HTTP version 1)
[2026-09-27 18:47:42.650] [nrf_app] [info] NF Heart-Beat procedure!
[2026-09-27 18:47:42.650] [nrf_app] [debug] Replace member nfStatus with new value REGISTERED
[2026-09-27 18:47:42.650] [nrf_app] [info] Updated the NF profile (profile ID a03368fc-0eff-4e3f-b71c-10e04357f8e1)
[2026-09-27 18:47:42.650] [nrf_app] [debug] NF update for Heartbeat, current time 1790527662650
[2026-09-27 18:47:42.650] [nrf_app] [debug] Set NF status to REGISTERED
[2026-09-27 18:47:42.650] [nrf_sbi] [debug] Json data: null
[2026-09-27 18:47:43.595] [nrf_sbi] [info] Got a request to update an NF instance, Instance ID: 4042849f-78a0-49bf-9f1a-180c59d6e83a
[2026-09-27 18:47:43.595] [nrf_app] [info] Handle Update NF Instance request, NF type AMF (HTTP version 1)
[2026-09-27 18:47:43.595] [nrf_app] [info] NF Heart-Beat procedure!
[2026-09-27 18:47:43.595] [nrf_app] [debug] Replace member nfStatus with new value REGISTERED
[2026-09-27 18:47:43.595] [nrf_app] [info] Updated the NF profile (profile ID 4042849f-78a0-49bf-9f1a-180c59d6e83a)
[2026-09-27 18:47:43.595] [nrf_app] [debug] NF update for Heartbeat, current time 1790527663595
[2026-09-27 18:47:43.595] [nrf_app] [debug] Set NF status to REGISTERED
[2026-09-27 18:47:43.595] [nrf_sbi] [debug] Json data: null
[2026-09-27 18:47:44.286] [nrf_app] [info] 
Handle heartbeat timeout (NF update), NF instance ID dc589e56-a136-40f6-8f20-a087068e856a, time 1790527658331, current ms 1790527664286
[2026-09-27 18:47:44.520] [nrf_app] [info] 
Handle heartbeat timeout (NF update), NF instance ID 91dfee08-b1a6-4ce8-8f1c-ea9bf4341104, time 1790527658564, current ms 1790527664520
[2026-09-27 18:47:45.239] [nrf_sbi] [info] Got a request to update an NF instance, Instance ID: b64a73f9-6961-4fdb-8232-006948f24f8d
[2026-09-27 18:47:45.239] [nrf_app] [info] Handle Update NF Instance request, NF type UDR (HTTP version 1)
[2026-09-27 18:47:45.239] [nrf_app] [info] NF Heart-Beat procedure!
[2026-09-27 18:47:45.239] [nrf_app] [debug] Replace member nfStatus with new value REGISTERED
[2026-09-27 18:47:45.239] [nrf_app] [info] Updated the NF profile (profile ID b64a73f9-6961-4fdb-8232-006948f24f8d)
[2026-09-27 18:47:45.239] [nrf_app] [debug] NF update for Heartbeat, current time 1790527665239
[2026-09-27 18:47:45.239] [nrf_app] [debug] Set NF status to REGISTERED
[2026-09-27 18:47:45.239] [nrf_sbi] [debug] Json data: null
[2026-09-27 18:47:46.704] [nrf_sbi] [info] Got a request to update an NF instance, Instance ID: 91dfee08-b1a6-4ce8-8f1c-ea9bf4341104
[2026-09-27 18:47:46.704] [nrf_app] [info] Handle Update NF Instance request, NF type UPF (HTTP version 1)
[2026-09-27 18:47:46.704] [nrf_app] [info] NF Heart-Beat procedure!
[2026-09-27 18:47:46.704] [nrf_app] [debug] Replace member nfStatus with new value REGISTERED
[2026-09-27 18:47:46.704] [nrf_app] [info] Updated the NF profile (profile ID 91dfee08-b1a6-4ce8-8f1c-ea9bf4341104)
[2026-09-27 18:47:46.704] [nrf_app] [debug] NF update for Heartbeat, current time 1790527666704
[2026-09-27 18:47:46.704] [nrf_app] [debug] Set NF status to REGISTERED
[2026-09-27 18:47:46.704] [nrf_sbi] [debug] Json data: null
[2026-09-27 18:47:47.296] [nrf_app] [info] 
Handle heartbeat timeout (NF update), NF instance ID b64a73f9-6961-4fdb-8232-006948f24f8d, time 1790527661308, current ms 1790527667296
[2026-09-27 18:47:50.516] [nrf_sbi] [info] Got a request to update an NF instance, Instance ID: 17ba2836-2822-46a6-a021-901a2fb65998
[2026-09-27 18:47:50.516] [nrf_app] [info] Handle Update NF Instance request, NF type AUSF (HTTP version 1)
[2026-09-27 18:47:50.516] [nrf_app] [info] NF Heart-Beat procedure!
[2026-09-27 18:47:50.516] [nrf_app] [debug] Replace member nfStatus with new value REGISTERED
[2026-09-27 18:47:50.516] [nrf_app] [info] Updated the NF profile (profile ID 17ba2836-2822-46a6-a021-901a2fb65998)
[2026-09-27 18:47:50.516] [nrf_app] [debug] NF update for Heartbeat, current time 1790527670516
[2026-09-27 18:47:50.516] [nrf_app] [debug] Set NF status to REGISTERED
[2026-09-27 18:47:50.517] [nrf_sbi] [debug] Json data: null
[2026-09-27 18:47:50.545] [nrf_app] [info] 
Handle heartbeat timeout (NF update), NF instance ID a03368fc-0eff-4e3f-b71c-10e04357f8e1, time 1790527664484, current ms 1790527670545
[2026-09-27 18:47:51.532] [nrf_app] [info] 
Handle heartbeat timeout (NF update), NF instance ID 4042849f-78a0-49bf-9f1a-180c59d6e83a, time 1790527665448, current ms 1790527671532
[2026-09-27 18:47:52.358] [nrf_sbi] [info] Got a request to update an NF instance, Instance ID: dc589e56-a136-40f6-8f20-a087068e856a
[2026-09-27 18:47:52.358] [nrf_app] [info] Handle Update NF Instance request, NF type UDM (HTTP version 1)
[2026-09-27 18:47:52.358] [nrf_app] [info] NF Heart-Beat procedure!
[2026-09-27 18:47:52.358] [nrf_app] [debug] Replace member nfStatus with new value REGISTERED
[2026-09-27 18:47:52.358] [nrf_app] [info] Updated the NF profile (profile ID dc589e56-a136-40f6-8f20-a087068e856a)
[2026-09-27 18:47:52.358] [nrf_app] [debug] NF update for Heartbeat, current time 1790527672358
[2026-09-27 18:47:52.358] [nrf_app] [debug] Set NF status to REGISTERED
[2026-09-27 18:47:52.359] [nrf_sbi] [debug] Json data: null
[2026-09-27 18:47:52.451] [nrf_app] [info] 
Handle heartbeat timeout (NF update), NF instance ID 17ba2836-2822-46a6-a021-901a2fb65998, time 1790527666354, current ms 1790527672451
[2026-09-27 18:47:52.653] [nrf_sbi] [info] Got a request to update an NF instance, Instance ID: a03368fc-0eff-4e3f-b71c-10e04357f8e1
[2026-09-27 18:47:52.653] [nrf_app] [info] Handle Update NF Instance request, NF type SMF (HTTP version 1)
[2026-09-27 18:47:52.653] [nrf_app] [info] NF Heart-Beat procedure!
[2026-09-27 18:47:52.653] [nrf_app] [debug] Replace member nfStatus with new value REGISTERED
[2026-09-27 18:47:52.653] [nrf_app] [info] Updated the NF profile (profile ID a03368fc-0eff-4e3f-b71c-10e04357f8e1)
[2026-09-27 18:47:52.653] [nrf_app] [debug] NF update for Heartbeat, current time 1790527672653
[2026-09-27 18:47:52.653] [nrf_app] [debug] Set NF status to REGISTERED
[2026-09-27 18:47:52.653] [nrf_sbi] [debug] Json data: null
[2026-09-27 18:47:53.599] [nrf_sbi] [info] Got a request to update an NF instance, Instance ID: 4042849f-78a0-49bf-9f1a-180c59d6e83a
[2026-09-27 18:47:53.599] [nrf_app] [info] Handle Update NF Instance request, NF type AMF (HTTP version 1)
[2026-09-27 18:47:53.599] [nrf_app] [info] NF Heart-Beat procedure!
[2026-09-27 18:47:53.599] [nrf_app] [debug] Replace member nfStatus with new value REGISTERED
[2026-09-27 18:47:53.599] [nrf_app] [info] Updated the NF profile (profile ID 4042849f-78a0-49bf-9f1a-180c59d6e83a)
[2026-09-27 18:47:53.599] [nrf_app] [debug] NF update for Heartbeat, current time 1790527673599
[2026-09-27 18:47:53.599] [nrf_app] [debug] Set NF status to REGISTERED
[2026-09-27 18:47:53.599] [nrf_sbi] [debug] Json data: null
[2026-09-27 18:47:54.454] [nrf_app] [info] 
Handle heartbeat timeout (NF update), NF instance ID dc589e56-a136-40f6-8f20-a087068e856a, time 1790527668331, current ms 1790527674454
[2026-09-27 18:47:54.687] [nrf_app] [info] 
Handle heartbeat timeout (NF update), NF instance ID 91dfee08-b1a6-4ce8-8f1c-ea9bf4341104, time 1790527668564, current ms 1790527674687
[2026-09-27 18:47:55.420] [nrf_sbi] [info] Got a request to update an NF instance, Instance ID: b64a73f9-6961-4fdb-8232-006948f24f8d
[2026-09-27 18:47:55.420] [nrf_app] [info] Handle Update NF Instance request, NF type UDR (HTTP version 1)
[2026-09-27 18:47:55.420] [nrf_app] [info] NF Heart-Beat procedure!
[2026-09-27 18:47:55.420] [nrf_app] [debug] Replace member nfStatus with new value REGISTERED
[2026-09-27 18:47:55.420] [nrf_app] [info] Updated the NF profile (profile ID b64a73f9-6961-4fdb-8232-006948f24f8d)
[2026-09-27 18:47:55.420] [nrf_app] [debug] NF update for Heartbeat, current time 1790527675420
[2026-09-27 18:47:55.420] [nrf_app] [debug] Set NF status to REGISTERED
[2026-09-27 18:47:55.420] [nrf_sbi] [debug] Json data: null
[2026-09-27 18:47:56.707] [nrf_sbi] [info] Got a request to update an NF instance, Instance ID: 91dfee08-b1a6-4ce8-8f1c-ea9bf4341104
[2026-09-27 18:47:56.707] [nrf_app] [info] Handle Update NF Instance request, NF type UPF (HTTP version 1)
[2026-09-27 18:47:56.707] [nrf_app] [info] NF Heart-Beat procedure!
[2026-09-27 18:47:56.707] [nrf_app] [debug] Replace member nfStatus with new value REGISTERED
[2026-09-27 18:47:56.707] [nrf_app] [info] Updated the NF profile (profile ID 91dfee08-b1a6-4ce8-8f1c-ea9bf4341104)
[2026-09-27 18:47:56.707] [nrf_app] [debug] NF update for Heartbeat, current time 1790527676707
[2026-09-27 18:47:56.707] [nrf_app] [debug] Set NF status to REGISTERED
[2026-09-27 18:47:56.707] [nrf_sbi] [debug] Json data: null
[2026-09-27 18:47:57.476] [nrf_app] [info] 
Handle heartbeat timeout (NF update), NF instance ID b64a73f9-6961-4fdb-8232-006948f24f8d, time 1790527671308, current ms 1790527677476
[2026-09-27 18:48:00.640] [nrf_sbi] [info] Got a request to update an NF instance, Instance ID: 17ba2836-2822-46a6-a021-901a2fb65998
[2026-09-27 18:48:00.640] [nrf_app] [info] Handle Update NF Instance request, NF type AUSF (HTTP version 1)
[2026-09-27 18:48:00.640] [nrf_app] [info] NF Heart-Beat procedure!
[2026-09-27 18:48:00.640] [nrf_app] [debug] Replace member nfStatus with new value REGISTERED
[2026-09-27 18:48:00.640] [nrf_app] [info] Updated the NF profile (profile ID 17ba2836-2822-46a6-a021-901a2fb65998)
[2026-09-27 18:48:00.640] [nrf_app] [debug] NF update for Heartbeat, current time 1790527680640
[2026-09-27 18:48:00.640] [nrf_app] [debug] Set NF status to REGISTERED
[2026-09-27 18:48:00.640] [nrf_sbi] [debug] Json data: null
[2026-09-27 18:48:00.699] [nrf_app] [info] 
Handle heartbeat timeout (NF update), NF instance ID a03368fc-0eff-4e3f-b71c-10e04357f8e1, time 1790527674484, current ms 1790527680699
[2026-09-27 18:48:01.675] [nrf_app] [info] 
Handle heartbeat timeout (NF update), NF instance ID 4042849f-78a0-49bf-9f1a-180c59d6e83a, time 1790527675448, current ms 1790527681675
[2026-09-27 18:48:02.482] [nrf_sbi] [info] Got a request to update an NF instance, Instance ID: dc589e56-a136-40f6-8f20-a087068e856a
[2026-09-27 18:48:02.482] [nrf_app] [info] Handle Update NF Instance request, NF type UDM (HTTP version 1)
[2026-09-27 18:48:02.482] [nrf_app] [info] NF Heart-Beat procedure!
[2026-09-27 18:48:02.482] [nrf_app] [debug] Replace member nfStatus with new value REGISTERED
[2026-09-27 18:48:02.482] [nrf_app] [info] Updated the NF profile (profile ID dc589e56-a136-40f6-8f20-a087068e856a)
[2026-09-27 18:48:02.482] [nrf_app] [debug] NF update for Heartbeat, current time 1790527682482
[2026-09-27 18:48:02.482] [nrf_app] [debug] Set NF status to REGISTERED
[2026-09-27 18:48:02.482] [nrf_sbi] [debug] Json data: null
[2026-09-27 18:48:02.588] [nrf_app] [info] 
Handle heartbeat timeout (NF update), NF instance ID 17ba2836-2822-46a6-a021-901a2fb65998, time 1790527676354, current ms 1790527682588
[2026-09-27 18:48:02.657] [nrf_sbi] [info] Got a request to update an NF instance, Instance ID: a03368fc-0eff-4e3f-b71c-10e04357f8e1
[2026-09-27 18:48:02.657] [nrf_app] [info] Handle Update NF Instance request, NF type SMF (HTTP version 1)
[2026-09-27 18:48:02.657] [nrf_app] [info] NF Heart-Beat procedure!
[2026-09-27 18:48:02.657] [nrf_app] [debug] Replace member nfStatus with new value REGISTERED
[2026-09-27 18:48:02.657] [nrf_app] [info] Updated the NF profile (profile ID a03368fc-0eff-4e3f-b71c-10e04357f8e1)
[2026-09-27 18:48:02.657] [nrf_app] [debug] NF update for Heartbeat, current time 1790527682657
[2026-09-27 18:48:02.657] [nrf_app] [debug] Set NF status to REGISTERED
[2026-09-27 18:48:02.657] [nrf_sbi] [debug] Json data: null
[2026-09-27 18:48:03.602] [nrf_sbi] [info] Got a request to update an NF instance, Instance ID: 4042849f-78a0-49bf-9f1a-180c59d6e83a
[2026-09-27 18:48:03.602] [nrf_app] [info] Handle Update NF Instance request, NF type AMF (HTTP version 1)
[2026-09-27 18:48:03.602] [nrf_app] [info] NF Heart-Beat procedure!
[2026-09-27 18:48:03.602] [nrf_app] [debug] Replace member nfStatus with new value REGISTERED
[2026-09-27 18:48:03.602] [nrf_app] [info] Updated the NF profile (profile ID 4042849f-78a0-49bf-9f1a-180c59d6e83a)
[2026-09-27 18:48:03.602] [nrf_app] [debug] NF update for Heartbeat, current time 1790527683602
[2026-09-27 18:48:03.602] [nrf_app] [debug] Set NF status to REGISTERED
[2026-09-27 18:48:03.602] [nrf_sbi] [debug] Json data: null
[2026-09-27 18:48:04.581] [nrf_app] [info] 
Handle heartbeat timeout (NF update), NF instance ID dc589e56-a136-40f6-8f20-a087068e856a, time 1790527678331, current ms 1790527684581
[2026-09-27 18:48:04.823] [nrf_app] [info] 
Handle heartbeat timeout (NF update), NF instance ID 91dfee08-b1a6-4ce8-8f1c-ea9bf4341104, time 1790527678564, current ms 1790527684823
[2026-09-27 18:48:05.539] [nrf_sbi] [info] Got a request to update an NF instance, Instance ID: b64a73f9-6961-4fdb-8232-006948f24f8d
[2026-09-27 18:48:05.539] [nrf_app] [info] Handle Update NF Instance request, NF type UDR (HTTP version 1)
[2026-09-27 18:48:05.539] [nrf_app] [info] NF Heart-Beat procedure!
[2026-09-27 18:48:05.539] [nrf_app] [debug] Replace member nfStatus with new value REGISTERED
[2026-09-27 18:48:05.539] [nrf_app] [info] Updated the NF profile (profile ID b64a73f9-6961-4fdb-8232-006948f24f8d)
[2026-09-27 18:48:05.539] [nrf_app] [debug] NF update for Heartbeat, current time 1790527685539
[2026-09-27 18:48:05.539] [nrf_app] [debug] Set NF status to REGISTERED
[2026-09-27 18:48:05.539] [nrf_sbi] [debug] Json data: null
[2026-09-27 18:48:06.710] [nrf_sbi] [info] Got a request to update an NF instance, Instance ID: 91dfee08-b1a6-4ce8-8f1c-ea9bf4341104
[2026-09-27 18:48:06.710] [nrf_app] [info] Handle Update NF Instance request, NF type UPF (HTTP version 1)
[2026-09-27 18:48:06.710] [nrf_app] [info] NF Heart-Beat procedure!
[2026-09-27 18:48:06.710] [nrf_app] [debug] Replace member nfStatus with new value REGISTERED
[2026-09-27 18:48:06.710] [nrf_app] [info] Updated the NF profile (profile ID 91dfee08-b1a6-4ce8-8f1c-ea9bf4341104)
[2026-09-27 18:48:06.710] [nrf_app] [debug] NF update for Heartbeat, current time 1790527686710
[2026-09-27 18:48:06.710] [nrf_app] [debug] Set NF status to REGISTERED
[2026-09-27 18:48:06.710] [nrf_sbi] [debug] Json data: null
[2026-09-27 18:48:07.580] [nrf_app] [info] 
Handle heartbeat timeout (NF update), NF instance ID b64a73f9-6961-4fdb-8232-006948f24f8d, time 1790527681308, current ms 1790527687580
[2026-09-27 18:48:10.848] [nrf_app] [info] 
Handle heartbeat timeout (NF update), NF instance ID a03368fc-0eff-4e3f-b71c-10e04357f8e1, time 1790527684484, current ms 1790527690848
[2026-09-27 18:48:10.873] [nrf_sbi] [info] Got a request to update an NF instance, Instance ID: 17ba2836-2822-46a6-a021-901a2fb65998
[2026-09-27 18:48:10.873] [nrf_app] [info] Handle Update NF Instance request, NF type AUSF (HTTP version 1)
[2026-09-27 18:48:10.873] [nrf_app] [info] NF Heart-Beat procedure!
[2026-09-27 18:48:10.873] [nrf_app] [debug] Replace member nfStatus with new value REGISTERED
[2026-09-27 18:48:10.873] [nrf_app] [info] Updated the NF profile (profile ID 17ba2836-2822-46a6-a021-901a2fb65998)
[2026-09-27 18:48:10.873] [nrf_app] [debug] NF update for Heartbeat, current time 1790527690873
[2026-09-27 18:48:10.873] [nrf_app] [debug] Set NF status to REGISTERED
[2026-09-27 18:48:10.873] [nrf_sbi] [debug] Json data: null
[2026-09-27 18:48:11.829] [nrf_app] [info] 
Handle heartbeat timeout (NF update), NF instance ID 4042849f-78a0-49bf-9f1a-180c59d6e83a, time 1790527685448, current ms 1790527691829
[2026-09-27 18:48:12.639] [nrf_sbi] [info] Got a request to update an NF instance, Instance ID: dc589e56-a136-40f6-8f20-a087068e856a
[2026-09-27 18:48:12.639] [nrf_app] [info] Handle Update NF Instance request, NF type UDM (HTTP version 1)
[2026-09-27 18:48:12.639] [nrf_app] [info] NF Heart-Beat procedure!
[2026-09-27 18:48:12.639] [nrf_app] [debug] Replace member nfStatus with new value REGISTERED
[2026-09-27 18:48:12.639] [nrf_app] [info] Updated the NF profile (profile ID dc589e56-a136-40f6-8f20-a087068e856a)
[2026-09-27 18:48:12.639] [nrf_app] [debug] NF update for Heartbeat, current time 1790527692639
[2026-09-27 18:48:12.639] [nrf_app] [debug] Set NF status to REGISTERED
[2026-09-27 18:48:12.639] [nrf_sbi] [debug] Json data: null
[2026-09-27 18:48:12.661] [nrf_sbi] [info] Got a request to update an NF instance, Instance ID: a03368fc-0eff-4e3f-b71c-10e04357f8e1
[2026-09-27 18:48:12.661] [nrf_app] [info] Handle Update NF Instance request, NF type SMF (HTTP version 1)
[2026-09-27 18:48:12.661] [nrf_app] [info] NF Heart-Beat procedure!
[2026-09-27 18:48:12.661] [nrf_app] [debug] Replace member nfStatus with new value REGISTERED
[2026-09-27 18:48:12.661] [nrf_app] [info] Updated the NF profile (profile ID a03368fc-0eff-4e3f-b71c-10e04357f8e1)
[2026-09-27 18:48:12.661] [nrf_app] [debug] NF update for Heartbeat, current time 1790527692661
[2026-09-27 18:48:12.661] [nrf_app] [debug] Set NF status to REGISTERED
[2026-09-27 18:48:12.661] [nrf_sbi] [debug] Json data: null
[2026-09-27 18:48:12.741] [nrf_app] [info] 
Handle heartbeat timeout (NF update), NF instance ID 17ba2836-2822-46a6-a021-901a2fb65998, time 1790527686354, current ms 1790527692741
[2026-09-27 18:48:13.605] [nrf_sbi] [info] Got a request to update an NF instance, Instance ID: 4042849f-78a0-49bf-9f1a-180c59d6e83a
[2026-09-27 18:48:13.605] [nrf_app] [info] Handle Update NF Instance request, NF type AMF (HTTP version 1)
[2026-09-27 18:48:13.605] [nrf_app] [info] NF Heart-Beat procedure!
[2026-09-27 18:48:13.605] [nrf_app] [debug] Replace member nfStatus with new value REGISTERED
[2026-09-27 18:48:13.605] [nrf_app] [info] Updated the NF profile (profile ID 4042849f-78a0-49bf-9f1a-180c59d6e83a)
[2026-09-27 18:48:13.605] [nrf_app] [debug] NF update for Heartbeat, current time 1790527693605
[2026-09-27 18:48:13.605] [nrf_app] [debug] Set NF status to REGISTERED
[2026-09-27 18:48:13.605] [nrf_sbi] [debug] Json data: null
[2026-09-27 18:48:14.738] [nrf_app] [info] 
Handle heartbeat timeout (NF update), NF instance ID dc589e56-a136-40f6-8f20-a087068e856a, time 1790527688331, current ms 1790527694738
[2026-09-27 18:48:14.974] [nrf_app] [info] 
Handle heartbeat timeout (NF update), NF instance ID 91dfee08-b1a6-4ce8-8f1c-ea9bf4341104, time 1790527688564, current ms 1790527694974
[2026-09-27 18:48:15.701] [nrf_sbi] [info] Got a request to update an NF instance, Instance ID: b64a73f9-6961-4fdb-8232-006948f24f8d
[2026-09-27 18:48:15.701] [nrf_app] [info] Handle Update NF Instance request, NF type UDR (HTTP version 1)
[2026-09-27 18:48:15.701] [nrf_app] [info] NF Heart-Beat procedure!
[2026-09-27 18:48:15.701] [nrf_app] [debug] Replace member nfStatus with new value REGISTERED
[2026-09-27 18:48:15.701] [nrf_app] [info] Updated the NF profile (profile ID b64a73f9-6961-4fdb-8232-006948f24f8d)
[2026-09-27 18:48:15.701] [nrf_app] [debug] NF update for Heartbeat, current time 1790527695701
[2026-09-27 18:48:15.701] [nrf_app] [debug] Set NF status to REGISTERED
[2026-09-27 18:48:15.701] [nrf_sbi] [debug] Json data: null
[2026-09-27 18:48:16.713] [nrf_sbi] [info] Got a request to update an NF instance, Instance ID: 91dfee08-b1a6-4ce8-8f1c-ea9bf4341104
[2026-09-27 18:48:16.713] [nrf_app] [info] Handle Update NF Instance request, NF type UPF (HTTP version 1)
[2026-09-27 18:48:16.713] [nrf_app] [info] NF Heart-Beat procedure!
[2026-09-27 18:48:16.713] [nrf_app] [debug] Replace member nfStatus with new value REGISTERED
[2026-09-27 18:48:16.713] [nrf_app] [info] Updated the NF profile (profile ID 91dfee08-b1a6-4ce8-8f1c-ea9bf4341104)
[2026-09-27 18:48:16.713] [nrf_app] [debug] NF update for Heartbeat, current time 1790527696713
[2026-09-27 18:48:16.713] [nrf_app] [debug] Set NF status to REGISTERED
[2026-09-27 18:48:16.713] [nrf_sbi] [debug] Json data: null
[2026-09-27 18:48:17.759] [nrf_app] [info] 
Handle heartbeat timeout (NF update), NF instance ID b64a73f9-6961-4fdb-8232-006948f24f8d, time 1790527691308, current ms 1790527697759
[2026-09-27 18:48:20.955] [nrf_app] [info] 
Handle heartbeat timeout (NF update), NF instance ID a03368fc-0eff-4e3f-b71c-10e04357f8e1, time 1790527694484, current ms 1790527700955
[2026-09-27 18:48:21.004] [nrf_sbi] [info] Got a request to update an NF instance, Instance ID: 17ba2836-2822-46a6-a021-901a2fb65998
[2026-09-27 18:48:21.004] [nrf_app] [info] Handle Update NF Instance request, NF type AUSF (HTTP version 1)
[2026-09-27 18:48:21.004] [nrf_app] [info] NF Heart-Beat procedure!
[2026-09-27 18:48:21.004] [nrf_app] [debug] Replace member nfStatus with new value REGISTERED
[2026-09-27 18:48:21.004] [nrf_app] [info] Updated the NF profile (profile ID 17ba2836-2822-46a6-a021-901a2fb65998)
[2026-09-27 18:48:21.004] [nrf_app] [debug] NF update for Heartbeat, current time 1790527701004
[2026-09-27 18:48:21.004] [nrf_app] [debug] Set NF status to REGISTERED
[2026-09-27 18:48:21.004] [nrf_sbi] [debug] Json data: null
[2026-09-27 18:48:21.923] [nrf_app] [info] 
Handle heartbeat timeout (NF update), NF instance ID 4042849f-78a0-49bf-9f1a-180c59d6e83a, time 1790527695448, current ms 1790527701923
[2026-09-27 18:48:22.664] [nrf_sbi] [info] Got a request to update an NF instance, Instance ID: a03368fc-0eff-4e3f-b71c-10e04357f8e1
[2026-09-27 18:48:22.664] [nrf_app] [info] Handle Update NF Instance request, NF type SMF (HTTP version 1)
[2026-09-27 18:48:22.664] [nrf_app] [info] NF Heart-Beat procedure!
[2026-09-27 18:48:22.664] [nrf_app] [debug] Replace member nfStatus with new value REGISTERED
[2026-09-27 18:48:22.665] [nrf_app] [info] Updated the NF profile (profile ID a03368fc-0eff-4e3f-b71c-10e04357f8e1)
[2026-09-27 18:48:22.665] [nrf_app] [debug] NF update for Heartbeat, current time 1790527702665
[2026-09-27 18:48:22.665] [nrf_app] [debug] Set NF status to REGISTERED
[2026-09-27 18:48:22.665] [nrf_sbi] [debug] Json data: null
[2026-09-27 18:48:22.789] [nrf_sbi] [info] Got a request to update an NF instance, Instance ID: dc589e56-a136-40f6-8f20-a087068e856a
[2026-09-27 18:48:22.789] [nrf_app] [info] Handle Update NF Instance request, NF type UDM (HTTP version 1)
[2026-09-27 18:48:22.789] [nrf_app] [info] NF Heart-Beat procedure!
[2026-09-27 18:48:22.789] [nrf_app] [debug] Replace member nfStatus with new value REGISTERED
[2026-09-27 18:48:22.789] [nrf_app] [info] Updated the NF profile (profile ID dc589e56-a136-40f6-8f20-a087068e856a)
[2026-09-27 18:48:22.789] [nrf_app] [debug] NF update for Heartbeat, current time 1790527702789
[2026-09-27 18:48:22.789] [nrf_app] [debug] Set NF status to REGISTERED
[2026-09-27 18:48:22.789] [nrf_sbi] [debug] Json data: null
[2026-09-27 18:48:22.837] [nrf_app] [info] 
Handle heartbeat timeout (NF update), NF instance ID 17ba2836-2822-46a6-a021-901a2fb65998, time 1790527696354, current ms 1790527702837
[2026-09-27 18:48:23.609] [nrf_sbi] [info] Got a request to update an NF instance, Instance ID: 4042849f-78a0-49bf-9f1a-180c59d6e83a
[2026-09-27 18:48:23.609] [nrf_app] [info] Handle Update NF Instance request, NF type AMF (HTTP version 1)
[2026-09-27 18:48:23.609] [nrf_app] [info] NF Heart-Beat procedure!
[2026-09-27 18:48:23.609] [nrf_app] [debug] Replace member nfStatus with new value REGISTERED
[2026-09-27 18:48:23.609] [nrf_app] [info] Updated the NF profile (profile ID 4042849f-78a0-49bf-9f1a-180c59d6e83a)
[2026-09-27 18:48:23.609] [nrf_app] [debug] NF update for Heartbeat, current time 1790527703609
[2026-09-27 18:48:23.609] [nrf_app] [debug] Set NF status to REGISTERED
[2026-09-27 18:48:23.609] [nrf_sbi] [debug] Json data: null
[2026-09-27 18:48:24.828] [nrf_app] [info] 
Handle heartbeat timeout (NF update), NF instance ID dc589e56-a136-40f6-8f20-a087068e856a, time 1790527698331, current ms 1790527704828
[2026-09-27 18:48:25.064] [nrf_app] [info] 
Handle heartbeat timeout (NF update), NF instance ID 91dfee08-b1a6-4ce8-8f1c-ea9bf4341104, time 1790527698564, current ms 1790527705064
[2026-09-27 18:48:25.836] [nrf_sbi] [info] Got a request to update an NF instance, Instance ID: b64a73f9-6961-4fdb-8232-006948f24f8d
[2026-09-27 18:48:25.836] [nrf_app] [info] Handle Update NF Instance request, NF type UDR (HTTP version 1)
[2026-09-27 18:48:25.836] [nrf_app] [info] NF Heart-Beat procedure!
[2026-09-27 18:48:25.836] [nrf_app] [debug] Replace member nfStatus with new value REGISTERED
[2026-09-27 18:48:25.836] [nrf_app] [info] Updated the NF profile (profile ID b64a73f9-6961-4fdb-8232-006948f24f8d)
[2026-09-27 18:48:25.836] [nrf_app] [debug] NF update for Heartbeat, current time 1790527705836
[2026-09-27 18:48:25.836] [nrf_app] [debug] Set NF status to REGISTERED
[2026-09-27 18:48:25.836] [nrf_sbi] [debug] Json data: null
[2026-09-27 18:48:26.717] [nrf_sbi] [info] Got a request to update an NF instance, Instance ID: 91dfee08-b1a6-4ce8-8f1c-ea9bf4341104
[2026-09-27 18:48:26.717] [nrf_app] [info] Handle Update NF Instance request, NF type UPF (HTTP version 1)
[2026-09-27 18:48:26.717] [nrf_app] [info] NF Heart-Beat procedure!
[2026-09-27 18:48:26.717] [nrf_app] [debug] Replace member nfStatus with new value REGISTERED
[2026-09-27 18:48:26.717] [nrf_app] [info] Updated the NF profile (profile ID 91dfee08-b1a6-4ce8-8f1c-ea9bf4341104)
[2026-09-27 18:48:26.717] [nrf_app] [debug] NF update for Heartbeat, current time 1790527706717
[2026-09-27 18:48:26.717] [nrf_app] [debug] Set NF status to REGISTERED
[2026-09-27 18:48:26.717] [nrf_sbi] [debug] Json data: null
[2026-09-27 18:48:27.843] [nrf_app] [info] 
Handle heartbeat timeout (NF update), NF instance ID b64a73f9-6961-4fdb-8232-006948f24f8d, time 1790527701308, current ms 1790527707843
[2026-09-27 18:48:31.031] [nrf_app] [info] 
Handle heartbeat timeout (NF update), NF instance ID a03368fc-0eff-4e3f-b71c-10e04357f8e1, time 1790527704484, current ms 1790527711031
[2026-09-27 18:48:31.102] [nrf_sbi] [info] Got a request to update an NF instance, Instance ID: 17ba2836-2822-46a6-a021-901a2fb65998
[2026-09-27 18:48:31.102] [nrf_app] [info] Handle Update NF Instance request, NF type AUSF (HTTP version 1)
[2026-09-27 18:48:31.102] [nrf_app] [info] NF Heart-Beat procedure!
[2026-09-27 18:48:31.102] [nrf_app] [debug] Replace member nfStatus with new value REGISTERED
[2026-09-27 18:48:31.102] [nrf_app] [info] Updated the NF profile (profile ID 17ba2836-2822-46a6-a021-901a2fb65998)
[2026-09-27 18:48:31.102] [nrf_app] [debug] NF update for Heartbeat, current time 1790527711102
[2026-09-27 18:48:31.102] [nrf_app] [debug] Set NF status to REGISTERED
[2026-09-27 18:48:31.102] [nrf_sbi] [debug] Json data: null
[2026-09-27 18:48:32.002] [nrf_app] [info] 
Handle heartbeat timeout (NF update), NF instance ID 4042849f-78a0-49bf-9f1a-180c59d6e83a, time 1790527705448, current ms 1790527712002
[2026-09-27 18:48:32.669] [nrf_sbi] [info] Got a request to update an NF instance, Instance ID: a03368fc-0eff-4e3f-b71c-10e04357f8e1
[2026-09-27 18:48:32.669] [nrf_app] [info] Handle Update NF Instance request, NF type SMF (HTTP version 1)
[2026-09-27 18:48:32.669] [nrf_app] [info] NF Heart-Beat procedure!
[2026-09-27 18:48:32.669] [nrf_app] [debug] Replace member nfStatus with new value REGISTERED
[2026-09-27 18:48:32.669] [nrf_app] [info] Updated the NF profile (profile ID a03368fc-0eff-4e3f-b71c-10e04357f8e1)
[2026-09-27 18:48:32.669] [nrf_app] [debug] NF update for Heartbeat, current time 1790527712669
[2026-09-27 18:48:32.669] [nrf_app] [debug] Set NF status to REGISTERED
[2026-09-27 18:48:32.669] [nrf_sbi] [debug] Json data: null
[2026-09-27 18:48:32.892] [nrf_sbi] [info] Got a request to update an NF instance, Instance ID: dc589e56-a136-40f6-8f20-a087068e856a
[2026-09-27 18:48:32.892] [nrf_app] [info] Handle Update NF Instance request, NF type UDM (HTTP version 1)
[2026-09-27 18:48:32.892] [nrf_app] [info] NF Heart-Beat procedure!
[2026-09-27 18:48:32.892] [nrf_app] [debug] Replace member nfStatus with new value REGISTERED
[2026-09-27 18:48:32.892] [nrf_app] [info] Updated the NF profile (profile ID dc589e56-a136-40f6-8f20-a087068e856a)
[2026-09-27 18:48:32.892] [nrf_app] [debug] NF update for Heartbeat, current time 1790527712892
[2026-09-27 18:48:32.892] [nrf_app] [debug] Set NF status to REGISTERED
[2026-09-27 18:48:32.892] [nrf_sbi] [debug] Json data: null
[2026-09-27 18:48:32.917] [nrf_app] [info] 
Handle heartbeat timeout (NF update), NF instance ID 17ba2836-2822-46a6-a021-901a2fb65998, time 1790527706354, current ms 1790527712917
[2026-09-27 18:48:33.612] [nrf_sbi] [info] Got a request to update an NF instance, Instance ID: 4042849f-78a0-49bf-9f1a-180c59d6e83a
[2026-09-27 18:48:33.612] [nrf_app] [info] Handle Update NF Instance request, NF type AMF (HTTP version 1)
[2026-09-27 18:48:33.612] [nrf_app] [info] NF Heart-Beat procedure!
[2026-09-27 18:48:33.612] [nrf_app] [debug] Replace member nfStatus with new value REGISTERED
[2026-09-27 18:48:33.612] [nrf_app] [info] Updated the NF profile (profile ID 4042849f-78a0-49bf-9f1a-180c59d6e83a)
[2026-09-27 18:48:33.612] [nrf_app] [debug] NF update for Heartbeat, current time 1790527713612
[2026-09-27 18:48:33.612] [nrf_app] [debug] Set NF status to REGISTERED
[2026-09-27 18:48:33.612] [nrf_sbi] [debug] Json data: null
[2026-09-27 18:48:34.921] [nrf_app] [info] 
Handle heartbeat timeout (NF update), NF instance ID dc589e56-a136-40f6-8f20-a087068e856a, time 1790527708331, current ms 1790527714921
[2026-09-27 18:48:35.155] [nrf_app] [info] 
Handle heartbeat timeout (NF update), NF instance ID 91dfee08-b1a6-4ce8-8f1c-ea9bf4341104, time 1790527708564, current ms 1790527715155
[2026-09-27 18:48:35.968] [nrf_sbi] [info] Got a request to update an NF instance, Instance ID: b64a73f9-6961-4fdb-8232-006948f24f8d
[2026-09-27 18:48:35.968] [nrf_app] [info] Handle Update NF Instance request, NF type UDR (HTTP version 1)
[2026-09-27 18:48:35.968] [nrf_app] [info] NF Heart-Beat procedure!
[2026-09-27 18:48:35.968] [nrf_app] [debug] Replace member nfStatus with new value REGISTERED
[2026-09-27 18:48:35.968] [nrf_app] [info] Updated the NF profile (profile ID b64a73f9-6961-4fdb-8232-006948f24f8d)
[2026-09-27 18:48:35.968] [nrf_app] [debug] NF update for Heartbeat, current time 1790527715968
[2026-09-27 18:48:35.968] [nrf_app] [debug] Set NF status to REGISTERED
[2026-09-27 18:48:35.968] [nrf_sbi] [debug] Json data: null
[2026-09-27 18:48:36.720] [nrf_sbi] [info] Got a request to update an NF instance, Instance ID: 91dfee08-b1a6-4ce8-8f1c-ea9bf4341104
[2026-09-27 18:48:36.720] [nrf_app] [info] Handle Update NF Instance request, NF type UPF (HTTP version 1)
[2026-09-27 18:48:36.720] [nrf_app] [info] NF Heart-Beat procedure!
[2026-09-27 18:48:36.720] [nrf_app] [debug] Replace member nfStatus with new value REGISTERED
[2026-09-27 18:48:36.720] [nrf_app] [info] Updated the NF profile (profile ID 91dfee08-b1a6-4ce8-8f1c-ea9bf4341104)
[2026-09-27 18:48:36.720] [nrf_app] [debug] NF update for Heartbeat, current time 1790527716720
[2026-09-27 18:48:36.720] [nrf_app] [debug] Set NF status to REGISTERED
[2026-09-27 18:48:36.720] [nrf_sbi] [debug] Json data: null
[2026-09-27 18:48:37.951] [nrf_app] [info] 
Handle heartbeat timeout (NF update), NF instance ID b64a73f9-6961-4fdb-8232-006948f24f8d, time 1790527711308, current ms 1790527717951
[2026-09-27 18:48:41.154] [nrf_app] [info] 
Handle heartbeat timeout (NF update), NF instance ID a03368fc-0eff-4e3f-b71c-10e04357f8e1, time 1790527714484, current ms 1790527721154
[2026-09-27 18:48:41.207] [nrf_sbi] [info] Got a request to update an NF instance, Instance ID: 17ba2836-2822-46a6-a021-901a2fb65998
[2026-09-27 18:48:41.207] [nrf_app] [info] Handle Update NF Instance request, NF type AUSF (HTTP version 1)
[2026-09-27 18:48:41.207] [nrf_app] [info] NF Heart-Beat procedure!
[2026-09-27 18:48:41.207] [nrf_app] [debug] Replace member nfStatus with new value REGISTERED
[2026-09-27 18:48:41.207] [nrf_app] [info] Updated the NF profile (profile ID 17ba2836-2822-46a6-a021-901a2fb65998)
[2026-09-27 18:48:41.207] [nrf_app] [debug] NF update for Heartbeat, current time 1790527721207
[2026-09-27 18:48:41.207] [nrf_app] [debug] Set NF status to REGISTERED
[2026-09-27 18:48:41.207] [nrf_sbi] [debug] Json data: null
[2026-09-27 18:48:42.125] [nrf_app] [info] 
Handle heartbeat timeout (NF update), NF instance ID 4042849f-78a0-49bf-9f1a-180c59d6e83a, time 1790527715448, current ms 1790527722125
[2026-09-27 18:48:42.672] [nrf_sbi] [info] Got a request to update an NF instance, Instance ID: a03368fc-0eff-4e3f-b71c-10e04357f8e1
[2026-09-27 18:48:42.672] [nrf_app] [info] Handle Update NF Instance request, NF type SMF (HTTP version 1)
[2026-09-27 18:48:42.672] [nrf_app] [info] NF Heart-Beat procedure!
[2026-09-27 18:48:42.672] [nrf_app] [debug] Replace member nfStatus with new value REGISTERED
[2026-09-27 18:48:42.672] [nrf_app] [info] Updated the NF profile (profile ID a03368fc-0eff-4e3f-b71c-10e04357f8e1)
[2026-09-27 18:48:42.672] [nrf_app] [debug] NF update for Heartbeat, current time 1790527722672
[2026-09-27 18:48:42.672] [nrf_app] [debug] Set NF status to REGISTERED
[2026-09-27 18:48:42.672] [nrf_sbi] [debug] Json data: null
[2026-09-27 18:48:42.985] [nrf_sbi] [info] Got a request to update an NF instance, Instance ID: dc589e56-a136-40f6-8f20-a087068e856a
[2026-09-27 18:48:42.985] [nrf_app] [info] Handle Update NF Instance request, NF type UDM (HTTP version 1)
[2026-09-27 18:48:42.985] [nrf_app] [info] NF Heart-Beat procedure!
[2026-09-27 18:48:42.985] [nrf_app] [debug] Replace member nfStatus with new value REGISTERED
[2026-09-27 18:48:42.985] [nrf_app] [info] Updated the NF profile (profile ID dc589e56-a136-40f6-8f20-a087068e856a)
[2026-09-27 18:48:42.985] [nrf_app] [debug] NF update for Heartbeat, current time 1790527722985
[2026-09-27 18:48:42.985] [nrf_app] [debug] Set NF status to REGISTERED
[2026-09-27 18:48:42.985] [nrf_sbi] [debug] Json data: null
[2026-09-27 18:48:43.044] [nrf_app] [info] 
Handle heartbeat timeout (NF update), NF instance ID 17ba2836-2822-46a6-a021-901a2fb65998, time 1790527716354, current ms 1790527723044
[2026-09-27 18:48:43.615] [nrf_sbi] [info] Got a request to update an NF instance, Instance ID: 4042849f-78a0-49bf-9f1a-180c59d6e83a
[2026-09-27 18:48:43.615] [nrf_app] [info] Handle Update NF Instance request, NF type AMF (HTTP version 1)
[2026-09-27 18:48:43.615] [nrf_app] [info] NF Heart-Beat procedure!
[2026-09-27 18:48:43.615] [nrf_app] [debug] Replace member nfStatus with new value REGISTERED
[2026-09-27 18:48:43.615] [nrf_app] [info] Updated the NF profile (profile ID 4042849f-78a0-49bf-9f1a-180c59d6e83a)
[2026-09-27 18:48:43.615] [nrf_app] [debug] NF update for Heartbeat, current time 1790527723615
[2026-09-27 18:48:43.615] [nrf_app] [debug] Set NF status to REGISTERED
[2026-09-27 18:48:43.615] [nrf_sbi] [debug] Json data: null
[2026-09-27 18:48:45.037] [nrf_app] [info] 
Handle heartbeat timeout (NF update), NF instance ID dc589e56-a136-40f6-8f20-a087068e856a, time 1790527718331, current ms 1790527725037
[2026-09-27 18:48:45.279] [nrf_app] [info] 
Handle heartbeat timeout (NF update), NF instance ID 91dfee08-b1a6-4ce8-8f1c-ea9bf4341104, time 1790527718564, current ms 1790527725279
[2026-09-27 18:48:46.040] [nrf_sbi] [info] Got a request to update an NF instance, Instance ID: b64a73f9-6961-4fdb-8232-006948f24f8d
[2026-09-27 18:48:46.040] [nrf_app] [info] Handle Update NF Instance request, NF type UDR (HTTP version 1)
[2026-09-27 18:48:46.040] [nrf_app] [info] NF Heart-Beat procedure!
[2026-09-27 18:48:46.040] [nrf_app] [debug] Replace member nfStatus with new value REGISTERED
[2026-09-27 18:48:46.040] [nrf_app] [info] Updated the NF profile (profile ID b64a73f9-6961-4fdb-8232-006948f24f8d)
[2026-09-27 18:48:46.040] [nrf_app] [debug] NF update for Heartbeat, current time 1790527726040
[2026-09-27 18:48:46.040] [nrf_app] [debug] Set NF status to REGISTERED
[2026-09-27 18:48:46.040] [nrf_sbi] [debug] Json data: null
[2026-09-27 18:48:46.722] [nrf_sbi] [info] Got a request to update an NF instance, Instance ID: 91dfee08-b1a6-4ce8-8f1c-ea9bf4341104
[2026-09-27 18:48:46.722] [nrf_app] [info] Handle Update NF Instance request, NF type UPF (HTTP version 1)
[2026-09-27 18:48:46.723] [nrf_app] [info] NF Heart-Beat procedure!
[2026-09-27 18:48:46.723] [nrf_app] [debug] Replace member nfStatus with new value REGISTERED
[2026-09-27 18:48:46.723] [nrf_app] [info] Updated the NF profile (profile ID 91dfee08-b1a6-4ce8-8f1c-ea9bf4341104)
[2026-09-27 18:48:46.723] [nrf_app] [debug] NF update for Heartbeat, current time 1790527726723
[2026-09-27 18:48:46.723] [nrf_app] [debug] Set NF status to REGISTERED
[2026-09-27 18:48:46.723] [nrf_sbi] [debug] Json data: null
[2026-09-27 18:48:48.053] [nrf_app] [info] 
Handle heartbeat timeout (NF update), NF instance ID b64a73f9-6961-4fdb-8232-006948f24f8d, time 1790527721308, current ms 1790527728053
[2026-09-27 18:48:51.257] [nrf_app] [info] 
Handle heartbeat timeout (NF update), NF instance ID a03368fc-0eff-4e3f-b71c-10e04357f8e1, time 1790527724484, current ms 1790527731257
[2026-09-27 18:48:51.292] [nrf_sbi] [info] Got a request to update an NF instance, Instance ID: 17ba2836-2822-46a6-a021-901a2fb65998
[2026-09-27 18:48:51.292] [nrf_app] [info] Handle Update NF Instance request, NF type AUSF (HTTP version 1)
[2026-09-27 18:48:51.292] [nrf_app] [info] NF Heart-Beat procedure!
[2026-09-27 18:48:51.292] [nrf_app] [debug] Replace member nfStatus with new value REGISTERED
[2026-09-27 18:48:51.292] [nrf_app] [info] Updated the NF profile (profile ID 17ba2836-2822-46a6-a021-901a2fb65998)
[2026-09-27 18:48:51.292] [nrf_app] [debug] NF update for Heartbeat, current time 1790527731292
[2026-09-27 18:48:51.292] [nrf_app] [debug] Set NF status to REGISTERED
[2026-09-27 18:48:51.292] [nrf_sbi] [debug] Json data: null
[2026-09-27 18:48:52.228] [nrf_app] [info] 
Handle heartbeat timeout (NF update), NF instance ID 4042849f-78a0-49bf-9f1a-180c59d6e83a, time 1790527725448, current ms 1790527732228
[2026-09-27 18:48:52.676] [nrf_sbi] [info] Got a request to update an NF instance, Instance ID: a03368fc-0eff-4e3f-b71c-10e04357f8e1
[2026-09-27 18:48:52.676] [nrf_app] [info] Handle Update NF Instance request, NF type SMF (HTTP version 1)
[2026-09-27 18:48:52.676] [nrf_app] [info] NF Heart-Beat procedure!
[2026-09-27 18:48:52.676] [nrf_app] [debug] Replace member nfStatus with new value REGISTERED
[2026-09-27 18:48:52.676] [nrf_app] [info] Updated the NF profile (profile ID a03368fc-0eff-4e3f-b71c-10e04357f8e1)
[2026-09-27 18:48:52.676] [nrf_app] [debug] NF update for Heartbeat, current time 1790527732676
[2026-09-27 18:48:52.676] [nrf_app] [debug] Set NF status to REGISTERED
[2026-09-27 18:48:52.676] [nrf_sbi] [debug] Json data: null
[2026-09-27 18:48:53.085] [nrf_sbi] [info] Got a request to update an NF instance, Instance ID: dc589e56-a136-40f6-8f20-a087068e856a
[2026-09-27 18:48:53.085] [nrf_app] [info] Handle Update NF Instance request, NF type UDM (HTTP version 1)
[2026-09-27 18:48:53.085] [nrf_app] [info] NF Heart-Beat procedure!
[2026-09-27 18:48:53.085] [nrf_app] [debug] Replace member nfStatus with new value REGISTERED
[2026-09-27 18:48:53.085] [nrf_app] [info] Updated the NF profile (profile ID dc589e56-a136-40f6-8f20-a087068e856a)
[2026-09-27 18:48:53.085] [nrf_app] [debug] NF update for Heartbeat, current time 1790527733085
[2026-09-27 18:48:53.085] [nrf_app] [debug] Set NF status to REGISTERED
[2026-09-27 18:48:53.085] [nrf_sbi] [debug] Json data: null
[2026-09-27 18:48:53.146] [nrf_app] [info] 
Handle heartbeat timeout (NF update), NF instance ID 17ba2836-2822-46a6-a021-901a2fb65998, time 1790527726354, current ms 1790527733146
[2026-09-27 18:48:53.619] [nrf_sbi] [info] Got a request to update an NF instance, Instance ID: 4042849f-78a0-49bf-9f1a-180c59d6e83a
[2026-09-27 18:48:53.619] [nrf_app] [info] Handle Update NF Instance request, NF type AMF (HTTP version 1)
[2026-09-27 18:48:53.619] [nrf_app] [info] NF Heart-Beat procedure!
[2026-09-27 18:48:53.619] [nrf_app] [debug] Replace member nfStatus with new value REGISTERED
[2026-09-27 18:48:53.619] [nrf_app] [info] Updated the NF profile (profile ID 4042849f-78a0-49bf-9f1a-180c59d6e83a)
[2026-09-27 18:48:53.619] [nrf_app] [debug] NF update for Heartbeat, current time 1790527733619
[2026-09-27 18:48:53.619] [nrf_app] [debug] Set NF status to REGISTERED
[2026-09-27 18:48:53.619] [nrf_sbi] [debug] Json data: null
[2026-09-27 18:48:55.151] [nrf_app] [info] 
Handle heartbeat timeout (NF update), NF instance ID dc589e56-a136-40f6-8f20-a087068e856a, time 1790527728331, current ms 1790527735151
[2026-09-27 18:48:55.387] [nrf_app] [info] 
Handle heartbeat timeout (NF update), NF instance ID 91dfee08-b1a6-4ce8-8f1c-ea9bf4341104, time 1790527728564, current ms 1790527735387
[2026-09-27 18:48:56.100] [nrf_sbi] [info] Got a request to update an NF instance, Instance ID: b64a73f9-6961-4fdb-8232-006948f24f8d
[2026-09-27 18:48:56.100] [nrf_app] [info] Handle Update NF Instance request, NF type UDR (HTTP version 1)
[2026-09-27 18:48:56.100] [nrf_app] [info] NF Heart-Beat procedure!
[2026-09-27 18:48:56.100] [nrf_app] [debug] Replace member nfStatus with new value REGISTERED
[2026-09-27 18:48:56.100] [nrf_app] [info] Updated the NF profile (profile ID b64a73f9-6961-4fdb-8232-006948f24f8d)
[2026-09-27 18:48:56.100] [nrf_app] [debug] NF update for Heartbeat, current time 1790527736100
[2026-09-27 18:48:56.100] [nrf_app] [debug] Set NF status to REGISTERED
[2026-09-27 18:48:56.100] [nrf_sbi] [debug] Json data: null
[2026-09-27 18:48:56.725] [nrf_sbi] [info] Got a request to update an NF instance, Instance ID: 91dfee08-b1a6-4ce8-8f1c-ea9bf4341104
[2026-09-27 18:48:56.725] [nrf_app] [info] Handle Update NF Instance request, NF type UPF (HTTP version 1)
[2026-09-27 18:48:56.725] [nrf_app] [info] NF Heart-Beat procedure!
[2026-09-27 18:48:56.725] [nrf_app] [debug] Replace member nfStatus with new value REGISTERED
[2026-09-27 18:48:56.725] [nrf_app] [info] Updated the NF profile (profile ID 91dfee08-b1a6-4ce8-8f1c-ea9bf4341104)
[2026-09-27 18:48:56.725] [nrf_app] [debug] NF update for Heartbeat, current time 1790527736725
[2026-09-27 18:48:56.725] [nrf_app] [debug] Set NF status to REGISTERED
[2026-09-27 18:48:56.726] [nrf_sbi] [debug] Json data: null
[2026-09-27 18:48:58.157] [nrf_app] [info] 
Handle heartbeat timeout (NF update), NF instance ID b64a73f9-6961-4fdb-8232-006948f24f8d, time 1790527731308, current ms 1790527738157
[2026-09-27 18:49:01.365] [nrf_app] [info] 
Handle heartbeat timeout (NF update), NF instance ID a03368fc-0eff-4e3f-b71c-10e04357f8e1, time 1790527734484, current ms 1790527741365
[2026-09-27 18:49:01.421] [nrf_sbi] [info] Got a request to update an NF instance, Instance ID: 17ba2836-2822-46a6-a021-901a2fb65998
[2026-09-27 18:49:01.421] [nrf_app] [info] Handle Update NF Instance request, NF type AUSF (HTTP version 1)
[2026-09-27 18:49:01.421] [nrf_app] [info] NF Heart-Beat procedure!
[2026-09-27 18:49:01.421] [nrf_app] [debug] Replace member nfStatus with new value REGISTERED
[2026-09-27 18:49:01.421] [nrf_app] [info] Updated the NF profile (profile ID 17ba2836-2822-46a6-a021-901a2fb65998)
[2026-09-27 18:49:01.421] [nrf_app] [debug] NF update for Heartbeat, current time 1790527741421
[2026-09-27 18:49:01.421] [nrf_app] [debug] Set NF status to REGISTERED
[2026-09-27 18:49:01.421] [nrf_sbi] [debug] Json data: null
[2026-09-27 18:49:02.338] [nrf_app] [info] 
Handle heartbeat timeout (NF update), NF instance ID 4042849f-78a0-49bf-9f1a-180c59d6e83a, time 1790527735448, current ms 1790527742338
[2026-09-27 18:49:02.679] [nrf_sbi] [info] Got a request to update an NF instance, Instance ID: a03368fc-0eff-4e3f-b71c-10e04357f8e1
[2026-09-27 18:49:02.679] [nrf_app] [info] Handle Update NF Instance request, NF type SMF (HTTP version 1)
[2026-09-27 18:49:02.679] [nrf_app] [info] NF Heart-Beat procedure!
[2026-09-27 18:49:02.679] [nrf_app] [debug] Replace member nfStatus with new value REGISTERED
[2026-09-27 18:49:02.679] [nrf_app] [info] Updated the NF profile (profile ID a03368fc-0eff-4e3f-b71c-10e04357f8e1)
[2026-09-27 18:49:02.679] [nrf_app] [debug] NF update for Heartbeat, current time 1790527742679
[2026-09-27 18:49:02.679] [nrf_app] [debug] Set NF status to REGISTERED
[2026-09-27 18:49:02.679] [nrf_sbi] [debug] Json data: null
[2026-09-27 18:49:03.181] [nrf_sbi] [info] Got a request to update an NF instance, Instance ID: dc589e56-a136-40f6-8f20-a087068e856a
[2026-09-27 18:49:03.181] [nrf_app] [info] Handle Update NF Instance request, NF type UDM (HTTP version 1)
[2026-09-27 18:49:03.181] [nrf_app] [info] NF Heart-Beat procedure!
[2026-09-27 18:49:03.181] [nrf_app] [debug] Replace member nfStatus with new value REGISTERED
[2026-09-27 18:49:03.181] [nrf_app] [info] Updated the NF profile (profile ID dc589e56-a136-40f6-8f20-a087068e856a)
[2026-09-27 18:49:03.181] [nrf_app] [debug] NF update for Heartbeat, current time 1790527743181
[2026-09-27 18:49:03.181] [nrf_app] [debug] Set NF status to REGISTERED
[2026-09-27 18:49:03.181] [nrf_sbi] [debug] Json data: null
[2026-09-27 18:49:03.252] [nrf_app] [info] 
Handle heartbeat timeout (NF update), NF instance ID 17ba2836-2822-46a6-a021-901a2fb65998, time 1790527736354, current ms 1790527743252
[2026-09-27 18:49:03.623] [nrf_sbi] [info] Got a request to update an NF instance, Instance ID: 4042849f-78a0-49bf-9f1a-180c59d6e83a
[2026-09-27 18:49:03.623] [nrf_app] [info] Handle Update NF Instance request, NF type AMF (HTTP version 1)
[2026-09-27 18:49:03.623] [nrf_app] [info] NF Heart-Beat procedure!
[2026-09-27 18:49:03.623] [nrf_app] [debug] Replace member nfStatus with new value REGISTERED
[2026-09-27 18:49:03.623] [nrf_app] [info] Updated the NF profile (profile ID 4042849f-78a0-49bf-9f1a-180c59d6e83a)
[2026-09-27 18:49:03.623] [nrf_app] [debug] NF update for Heartbeat, current time 1790527743623
[2026-09-27 18:49:03.623] [nrf_app] [debug] Set NF status to REGISTERED
[2026-09-27 18:49:03.623] [nrf_sbi] [debug] Json data: null
[2026-09-27 18:49:05.248] [nrf_app] [info] 
Handle heartbeat timeout (NF update), NF instance ID dc589e56-a136-40f6-8f20-a087068e856a, time 1790527738331, current ms 1790527745248
[2026-09-27 18:49:05.482] [nrf_app] [info] 
Handle heartbeat timeout (NF update), NF instance ID 91dfee08-b1a6-4ce8-8f1c-ea9bf4341104, time 1790527738564, current ms 1790527745482
[2026-09-27 18:49:06.232] [nrf_sbi] [info] Got a request to update an NF instance, Instance ID: b64a73f9-6961-4fdb-8232-006948f24f8d
[2026-09-27 18:49:06.232] [nrf_app] [info] Handle Update NF Instance request, NF type UDR (HTTP version 1)
[2026-09-27 18:49:06.232] [nrf_app] [info] NF Heart-Beat procedure!
[2026-09-27 18:49:06.232] [nrf_app] [debug] Replace member nfStatus with new value REGISTERED
[2026-09-27 18:49:06.232] [nrf_app] [info] Updated the NF profile (profile ID b64a73f9-6961-4fdb-8232-006948f24f8d)
[2026-09-27 18:49:06.232] [nrf_app] [debug] NF update for Heartbeat, current time 1790527746232
[2026-09-27 18:49:06.232] [nrf_app] [debug] Set NF status to REGISTERED
[2026-09-27 18:49:06.232] [nrf_sbi] [debug] Json data: null
[2026-09-27 18:49:06.729] [nrf_sbi] [info] Got a request to update an NF instance, Instance ID: 91dfee08-b1a6-4ce8-8f1c-ea9bf4341104
[2026-09-27 18:49:06.729] [nrf_app] [info] Handle Update NF Instance request, NF type UPF (HTTP version 1)
[2026-09-27 18:49:06.729] [nrf_app] [info] NF Heart-Beat procedure!
[2026-09-27 18:49:06.729] [nrf_app] [debug] Replace member nfStatus with new value REGISTERED
[2026-09-27 18:49:06.729] [nrf_app] [info] Updated the NF profile (profile ID 91dfee08-b1a6-4ce8-8f1c-ea9bf4341104)
[2026-09-27 18:49:06.729] [nrf_app] [debug] NF update for Heartbeat, current time 1790527746729
[2026-09-27 18:49:06.729] [nrf_app] [debug] Set NF status to REGISTERED
[2026-09-27 18:49:06.729] [nrf_sbi] [debug] Json data: null
[2026-09-27 18:49:08.276] [nrf_app] [info] 
Handle heartbeat timeout (NF update), NF instance ID b64a73f9-6961-4fdb-8232-006948f24f8d, time 1790527741308, current ms 1790527748276
[2026-09-27 18:49:11.486] [nrf_app] [info] 
Handle heartbeat timeout (NF update), NF instance ID a03368fc-0eff-4e3f-b71c-10e04357f8e1, time 1790527744484, current ms 1790527751486
[2026-09-27 18:49:11.518] [nrf_sbi] [info] Got a request to update an NF instance, Instance ID: 17ba2836-2822-46a6-a021-901a2fb65998
[2026-09-27 18:49:11.518] [nrf_app] [info] Handle Update NF Instance request, NF type AUSF (HTTP version 1)
[2026-09-27 18:49:11.518] [nrf_app] [info] NF Heart-Beat procedure!
[2026-09-27 18:49:11.518] [nrf_app] [debug] Replace member nfStatus with new value REGISTERED
[2026-09-27 18:49:11.518] [nrf_app] [info] Updated the NF profile (profile ID 17ba2836-2822-46a6-a021-901a2fb65998)
[2026-09-27 18:49:11.518] [nrf_app] [debug] NF update for Heartbeat, current time 1790527751518
[2026-09-27 18:49:11.518] [nrf_app] [debug] Set NF status to REGISTERED
[2026-09-27 18:49:11.518] [nrf_sbi] [debug] Json data: null
[2026-09-27 18:49:12.462] [nrf_app] [info] 
Handle heartbeat timeout (NF update), NF instance ID 4042849f-78a0-49bf-9f1a-180c59d6e83a, time 1790527745448, current ms 1790527752462
[2026-09-27 18:49:12.682] [nrf_sbi] [info] Got a request to update an NF instance, Instance ID: a03368fc-0eff-4e3f-b71c-10e04357f8e1
[2026-09-27 18:49:12.682] [nrf_app] [info] Handle Update NF Instance request, NF type SMF (HTTP version 1)
[2026-09-27 18:49:12.682] [nrf_app] [info] NF Heart-Beat procedure!
[2026-09-27 18:49:12.682] [nrf_app] [debug] Replace member nfStatus with new value REGISTERED
[2026-09-27 18:49:12.682] [nrf_app] [info] Updated the NF profile (profile ID a03368fc-0eff-4e3f-b71c-10e04357f8e1)
[2026-09-27 18:49:12.682] [nrf_app] [debug] NF update for Heartbeat, current time 1790527752682
[2026-09-27 18:49:12.682] [nrf_app] [debug] Set NF status to REGISTERED
[2026-09-27 18:49:12.682] [nrf_sbi] [debug] Json data: null
[2026-09-27 18:49:13.270] [nrf_sbi] [info] Got a request to update an NF instance, Instance ID: dc589e56-a136-40f6-8f20-a087068e856a
[2026-09-27 18:49:13.270] [nrf_app] [info] Handle Update NF Instance request, NF type UDM (HTTP version 1)
[2026-09-27 18:49:13.270] [nrf_app] [info] NF Heart-Beat procedure!
[2026-09-27 18:49:13.270] [nrf_app] [debug] Replace member nfStatus with new value REGISTERED
[2026-09-27 18:49:13.270] [nrf_app] [info] Updated the NF profile (profile ID dc589e56-a136-40f6-8f20-a087068e856a)
[2026-09-27 18:49:13.270] [nrf_app] [debug] NF update for Heartbeat, current time 1790527753270
[2026-09-27 18:49:13.270] [nrf_app] [debug] Set NF status to REGISTERED
[2026-09-27 18:49:13.270] [nrf_sbi] [debug] Json data: null
[2026-09-27 18:49:13.373] [nrf_app] [info] 
Handle heartbeat timeout (NF update), NF instance ID 17ba2836-2822-46a6-a021-901a2fb65998, time 1790527746354, current ms 1790527753373
[2026-09-27 18:49:13.626] [nrf_sbi] [info] Got a request to update an NF instance, Instance ID: 4042849f-78a0-49bf-9f1a-180c59d6e83a
[2026-09-27 18:49:13.626] [nrf_app] [info] Handle Update NF Instance request, NF type AMF (HTTP version 1)
[2026-09-27 18:49:13.626] [nrf_app] [info] NF Heart-Beat procedure!
[2026-09-27 18:49:13.626] [nrf_app] [debug] Replace member nfStatus with new value REGISTERED
[2026-09-27 18:49:13.626] [nrf_app] [info] Updated the NF profile (profile ID 4042849f-78a0-49bf-9f1a-180c59d6e83a)
[2026-09-27 18:49:13.626] [nrf_app] [debug] NF update for Heartbeat, current time 1790527753626
[2026-09-27 18:49:13.626] [nrf_app] [debug] Set NF status to REGISTERED
[2026-09-27 18:49:13.626] [nrf_sbi] [debug] Json data: null
[2026-09-27 18:49:15.366] [nrf_app] [info] 
Handle heartbeat timeout (NF update), NF instance ID dc589e56-a136-40f6-8f20-a087068e856a, time 1790527748331, current ms 1790527755366
[2026-09-27 18:49:15.600] [nrf_app] [info] 
Handle heartbeat timeout (NF update), NF instance ID 91dfee08-b1a6-4ce8-8f1c-ea9bf4341104, time 1790527748564, current ms 1790527755600
[2026-09-27 18:49:16.322] [nrf_sbi] [info] Got a request to update an NF instance, Instance ID: b64a73f9-6961-4fdb-8232-006948f24f8d
[2026-09-27 18:49:16.322] [nrf_app] [info] Handle Update NF Instance request, NF type UDR (HTTP version 1)
[2026-09-27 18:49:16.322] [nrf_app] [info] NF Heart-Beat procedure!
[2026-09-27 18:49:16.322] [nrf_app] [debug] Replace member nfStatus with new value REGISTERED
[2026-09-27 18:49:16.322] [nrf_app] [info] Updated the NF profile (profile ID b64a73f9-6961-4fdb-8232-006948f24f8d)
[2026-09-27 18:49:16.322] [nrf_app] [debug] NF update for Heartbeat, current time 1790527756322
[2026-09-27 18:49:16.322] [nrf_app] [debug] Set NF status to REGISTERED
[2026-09-27 18:49:16.322] [nrf_sbi] [debug] Json data: null
[2026-09-27 18:49:16.732] [nrf_sbi] [info] Got a request to update an NF instance, Instance ID: 91dfee08-b1a6-4ce8-8f1c-ea9bf4341104
[2026-09-27 18:49:16.732] [nrf_app] [info] Handle Update NF Instance request, NF type UPF (HTTP version 1)
[2026-09-27 18:49:16.732] [nrf_app] [info] NF Heart-Beat procedure!
[2026-09-27 18:49:16.732] [nrf_app] [debug] Replace member nfStatus with new value REGISTERED
[2026-09-27 18:49:16.732] [nrf_app] [info] Updated the NF profile (profile ID 91dfee08-b1a6-4ce8-8f1c-ea9bf4341104)
[2026-09-27 18:49:16.732] [nrf_app] [debug] NF update for Heartbeat, current time 1790527756732
[2026-09-27 18:49:16.732] [nrf_app] [debug] Set NF status to REGISTERED
[2026-09-27 18:49:16.732] [nrf_sbi] [debug] Json data: null
[2026-09-27 18:49:18.379] [nrf_app] [info] 
Handle heartbeat timeout (NF update), NF instance ID b64a73f9-6961-4fdb-8232-006948f24f8d, time 1790527751308, current ms 1790527758379
[2026-09-27 18:49:21.584] [nrf_app] [info] 
Handle heartbeat timeout (NF update), NF instance ID a03368fc-0eff-4e3f-b71c-10e04357f8e1, time 1790527754484, current ms 1790527761584
[2026-09-27 18:49:21.650] [nrf_sbi] [info] Got a request to update an NF instance, Instance ID: 17ba2836-2822-46a6-a021-901a2fb65998
[2026-09-27 18:49:21.650] [nrf_app] [info] Handle Update NF Instance request, NF type AUSF (HTTP version 1)
[2026-09-27 18:49:21.650] [nrf_app] [info] NF Heart-Beat procedure!
[2026-09-27 18:49:21.650] [nrf_app] [debug] Replace member nfStatus with new value REGISTERED
[2026-09-27 18:49:21.650] [nrf_app] [info] Updated the NF profile (profile ID 17ba2836-2822-46a6-a021-901a2fb65998)
[2026-09-27 18:49:21.650] [nrf_app] [debug] NF update for Heartbeat, current time 1790527761650
[2026-09-27 18:49:21.650] [nrf_app] [debug] Set NF status to REGISTERED
[2026-09-27 18:49:21.650] [nrf_sbi] [debug] Json data: null
[2026-09-27 18:49:22.550] [nrf_app] [info] 
Handle heartbeat timeout (NF update), NF instance ID 4042849f-78a0-49bf-9f1a-180c59d6e83a, time 1790527755448, current ms 1790527762550
[2026-09-27 18:49:22.685] [nrf_sbi] [info] Got a request to update an NF instance, Instance ID: a03368fc-0eff-4e3f-b71c-10e04357f8e1
[2026-09-27 18:49:22.686] [nrf_app] [info] Handle Update NF Instance request, NF type SMF (HTTP version 1)
[2026-09-27 18:49:22.686] [nrf_app] [info] NF Heart-Beat procedure!
[2026-09-27 18:49:22.686] [nrf_app] [debug] Replace member nfStatus with new value REGISTERED
[2026-09-27 18:49:22.686] [nrf_app] [info] Updated the NF profile (profile ID a03368fc-0eff-4e3f-b71c-10e04357f8e1)
[2026-09-27 18:49:22.686] [nrf_app] [debug] NF update for Heartbeat, current time 1790527762686
[2026-09-27 18:49:22.686] [nrf_app] [debug] Set NF status to REGISTERED
[2026-09-27 18:49:22.686] [nrf_sbi] [debug] Json data: null
[2026-09-27 18:49:23.338] [nrf_sbi] [info] Got a request to update an NF instance, Instance ID: dc589e56-a136-40f6-8f20-a087068e856a
[2026-09-27 18:49:23.338] [nrf_app] [info] Handle Update NF Instance request, NF type UDM (HTTP version 1)
[2026-09-27 18:49:23.338] [nrf_app] [info] NF Heart-Beat procedure!
[2026-09-27 18:49:23.338] [nrf_app] [debug] Replace member nfStatus with new value REGISTERED
[2026-09-27 18:49:23.338] [nrf_app] [info] Updated the NF profile (profile ID dc589e56-a136-40f6-8f20-a087068e856a)
[2026-09-27 18:49:23.338] [nrf_app] [debug] NF update for Heartbeat, current time 1790527763338
[2026-09-27 18:49:23.338] [nrf_app] [debug] Set NF status to REGISTERED
[2026-09-27 18:49:23.338] [nrf_sbi] [debug] Json data: null
[2026-09-27 18:49:23.470] [nrf_app] [info] 
Handle heartbeat timeout (NF update), NF instance ID 17ba2836-2822-46a6-a021-901a2fb65998, time 1790527756354, current ms 1790527763470
[2026-09-27 18:49:23.629] [nrf_sbi] [info] Got a request to update an NF instance, Instance ID: 4042849f-78a0-49bf-9f1a-180c59d6e83a
[2026-09-27 18:49:23.629] [nrf_app] [info] Handle Update NF Instance request, NF type AMF (HTTP version 1)
[2026-09-27 18:49:23.629] [nrf_app] [info] NF Heart-Beat procedure!
[2026-09-27 18:49:23.629] [nrf_app] [debug] Replace member nfStatus with new value REGISTERED
[2026-09-27 18:49:23.629] [nrf_app] [info] Updated the NF profile (profile ID 4042849f-78a0-49bf-9f1a-180c59d6e83a)
[2026-09-27 18:49:23.629] [nrf_app] [debug] NF update for Heartbeat, current time 1790527763629
[2026-09-27 18:49:23.629] [nrf_app] [debug] Set NF status to REGISTERED
[2026-09-27 18:49:23.629] [nrf_sbi] [debug] Json data: null
[2026-09-27 18:49:25.474] [nrf_app] [info] 
Handle heartbeat timeout (NF update), NF instance ID dc589e56-a136-40f6-8f20-a087068e856a, time 1790527758331, current ms 1790527765474
[2026-09-27 18:49:25.711] [nrf_app] [info] 
Handle heartbeat timeout (NF update), NF instance ID 91dfee08-b1a6-4ce8-8f1c-ea9bf4341104, time 1790527758564, current ms 1790527765711
[2026-09-27 18:49:26.419] [nrf_sbi] [info] Got a request to update an NF instance, Instance ID: b64a73f9-6961-4fdb-8232-006948f24f8d
[2026-09-27 18:49:26.419] [nrf_app] [info] Handle Update NF Instance request, NF type UDR (HTTP version 1)
[2026-09-27 18:49:26.419] [nrf_app] [info] NF Heart-Beat procedure!
[2026-09-27 18:49:26.419] [nrf_app] [debug] Replace member nfStatus with new value REGISTERED
[2026-09-27 18:49:26.419] [nrf_app] [info] Updated the NF profile (profile ID b64a73f9-6961-4fdb-8232-006948f24f8d)
[2026-09-27 18:49:26.419] [nrf_app] [debug] NF update for Heartbeat, current time 1790527766419
[2026-09-27 18:49:26.419] [nrf_app] [debug] Set NF status to REGISTERED
[2026-09-27 18:49:26.419] [nrf_sbi] [debug] Json data: null
[2026-09-27 18:49:26.735] [nrf_sbi] [info] Got a request to update an NF instance, Instance ID: 91dfee08-b1a6-4ce8-8f1c-ea9bf4341104
[2026-09-27 18:49:26.735] [nrf_app] [info] Handle Update NF Instance request, NF type UPF (HTTP version 1)
[2026-09-27 18:49:26.735] [nrf_app] [info] NF Heart-Beat procedure!
[2026-09-27 18:49:26.735] [nrf_app] [debug] Replace member nfStatus with new value REGISTERED
[2026-09-27 18:49:26.735] [nrf_app] [info] Updated the NF profile (profile ID 91dfee08-b1a6-4ce8-8f1c-ea9bf4341104)
[2026-09-27 18:49:26.735] [nrf_app] [debug] NF update for Heartbeat, current time 1790527766735
[2026-09-27 18:49:26.735] [nrf_app] [debug] Set NF status to REGISTERED
[2026-09-27 18:49:26.735] [nrf_sbi] [debug] Json data: null
[2026-09-27 18:49:28.491] [nrf_app] [info] 
Handle heartbeat timeout (NF update), NF instance ID b64a73f9-6961-4fdb-8232-006948f24f8d, time 1790527761308, current ms 1790527768491
[2026-09-27 18:49:31.711] [nrf_app] [info] 
Handle heartbeat timeout (NF update), NF instance ID a03368fc-0eff-4e3f-b71c-10e04357f8e1, time 1790527764484, current ms 1790527771711
[2026-09-27 18:49:31.737] [nrf_sbi] [info] Got a request to update an NF instance, Instance ID: 17ba2836-2822-46a6-a021-901a2fb65998
[2026-09-27 18:49:31.737] [nrf_app] [info] Handle Update NF Instance request, NF type AUSF (HTTP version 1)
[2026-09-27 18:49:31.737] [nrf_app] [info] NF Heart-Beat procedure!
[2026-09-27 18:49:31.737] [nrf_app] [debug] Replace member nfStatus with new value REGISTERED
[2026-09-27 18:49:31.737] [nrf_app] [info] Updated the NF profile (profile ID 17ba2836-2822-46a6-a021-901a2fb65998)
[2026-09-27 18:49:31.737] [nrf_app] [debug] NF update for Heartbeat, current time 1790527771737
[2026-09-27 18:49:31.737] [nrf_app] [debug] Set NF status to REGISTERED
[2026-09-27 18:49:31.737] [nrf_sbi] [debug] Json data: null
[2026-09-27 18:49:32.682] [nrf_app] [info] 
Handle heartbeat timeout (NF update), NF instance ID 4042849f-78a0-49bf-9f1a-180c59d6e83a, time 1790527765448, current ms 1790527772682
[2026-09-27 18:49:32.689] [nrf_sbi] [info] Got a request to update an NF instance, Instance ID: a03368fc-0eff-4e3f-b71c-10e04357f8e1
[2026-09-27 18:49:32.689] [nrf_app] [info] Handle Update NF Instance request, NF type SMF (HTTP version 1)
[2026-09-27 18:49:32.689] [nrf_app] [info] NF Heart-Beat procedure!
[2026-09-27 18:49:32.689] [nrf_app] [debug] Replace member nfStatus with new value REGISTERED
[2026-09-27 18:49:32.689] [nrf_app] [info] Updated the NF profile (profile ID a03368fc-0eff-4e3f-b71c-10e04357f8e1)
[2026-09-27 18:49:32.689] [nrf_app] [debug] NF update for Heartbeat, current time 1790527772689
[2026-09-27 18:49:32.689] [nrf_app] [debug] Set NF status to REGISTERED
[2026-09-27 18:49:32.689] [nrf_sbi] [debug] Json data: null
[2026-09-27 18:49:33.500] [nrf_sbi] [info] Got a request to update an NF instance, Instance ID: dc589e56-a136-40f6-8f20-a087068e856a
[2026-09-27 18:49:33.500] [nrf_app] [info] Handle Update NF Instance request, NF type UDM (HTTP version 1)
[2026-09-27 18:49:33.500] [nrf_app] [info] NF Heart-Beat procedure!
[2026-09-27 18:49:33.500] [nrf_app] [debug] Replace member nfStatus with new value REGISTERED
[2026-09-27 18:49:33.500] [nrf_app] [info] Updated the NF profile (profile ID dc589e56-a136-40f6-8f20-a087068e856a)
[2026-09-27 18:49:33.500] [nrf_app] [debug] NF update for Heartbeat, current time 1790527773500
[2026-09-27 18:49:33.500] [nrf_app] [debug] Set NF status to REGISTERED
[2026-09-27 18:49:33.500] [nrf_sbi] [debug] Json data: null
[2026-09-27 18:49:33.604] [nrf_app] [info] 
Handle heartbeat timeout (NF update), NF instance ID 17ba2836-2822-46a6-a021-901a2fb65998, time 1790527766354, current ms 1790527773604
[2026-09-27 18:49:33.632] [nrf_sbi] [info] Got a request to update an NF instance, Instance ID: 4042849f-78a0-49bf-9f1a-180c59d6e83a
[2026-09-27 18:49:33.632] [nrf_app] [info] Handle Update NF Instance request, NF type AMF (HTTP version 1)
[2026-09-27 18:49:33.632] [nrf_app] [info] NF Heart-Beat procedure!
[2026-09-27 18:49:33.632] [nrf_app] [debug] Replace member nfStatus with new value REGISTERED
[2026-09-27 18:49:33.632] [nrf_app] [info] Updated the NF profile (profile ID 4042849f-78a0-49bf-9f1a-180c59d6e83a)
[2026-09-27 18:49:33.632] [nrf_app] [debug] NF update for Heartbeat, current time 1790527773632
[2026-09-27 18:49:33.632] [nrf_app] [debug] Set NF status to REGISTERED
[2026-09-27 18:49:33.632] [nrf_sbi] [debug] Json data: null
[2026-09-27 18:49:35.590] [nrf_app] [info] 
Handle heartbeat timeout (NF update), NF instance ID dc589e56-a136-40f6-8f20-a087068e856a, time 1790527768331, current ms 1790527775590
[2026-09-27 18:49:35.823] [nrf_app] [info] 
Handle heartbeat timeout (NF update), NF instance ID 91dfee08-b1a6-4ce8-8f1c-ea9bf4341104, time 1790527768564, current ms 1790527775823
[2026-09-27 18:49:36.555] [nrf_sbi] [info] Got a request to update an NF instance, Instance ID: b64a73f9-6961-4fdb-8232-006948f24f8d
[2026-09-27 18:49:36.555] [nrf_app] [info] Handle Update NF Instance request, NF type UDR (HTTP version 1)
[2026-09-27 18:49:36.555] [nrf_app] [info] NF Heart-Beat procedure!
[2026-09-27 18:49:36.555] [nrf_app] [debug] Replace member nfStatus with new value REGISTERED
[2026-09-27 18:49:36.555] [nrf_app] [info] Updated the NF profile (profile ID b64a73f9-6961-4fdb-8232-006948f24f8d)
[2026-09-27 18:49:36.555] [nrf_app] [debug] NF update for Heartbeat, current time 1790527776555
[2026-09-27 18:49:36.555] [nrf_app] [debug] Set NF status to REGISTERED
[2026-09-27 18:49:36.555] [nrf_sbi] [debug] Json data: null
[2026-09-27 18:49:36.738] [nrf_sbi] [info] Got a request to update an NF instance, Instance ID: 91dfee08-b1a6-4ce8-8f1c-ea9bf4341104
[2026-09-27 18:49:36.738] [nrf_app] [info] Handle Update NF Instance request, NF type UPF (HTTP version 1)
[2026-09-27 18:49:36.738] [nrf_app] [info] NF Heart-Beat procedure!
[2026-09-27 18:49:36.738] [nrf_app] [debug] Replace member nfStatus with new value REGISTERED
[2026-09-27 18:49:36.738] [nrf_app] [info] Updated the NF profile (profile ID 91dfee08-b1a6-4ce8-8f1c-ea9bf4341104)
[2026-09-27 18:49:36.738] [nrf_app] [debug] NF update for Heartbeat, current time 1790527776738
[2026-09-27 18:49:36.738] [nrf_app] [debug] Set NF status to REGISTERED
[2026-09-27 18:49:36.738] [nrf_sbi] [debug] Json data: null
[2026-09-27 18:49:38.604] [nrf_app] [info] 
Handle heartbeat timeout (NF update), NF instance ID b64a73f9-6961-4fdb-8232-006948f24f8d, time 1790527771308, current ms 1790527778604
[2026-09-27 18:49:41.819] [nrf_app] [info] 
Handle heartbeat timeout (NF update), NF instance ID a03368fc-0eff-4e3f-b71c-10e04357f8e1, time 1790527774484, current ms 1790527781819
[2026-09-27 18:49:41.842] [nrf_sbi] [info] Got a request to update an NF instance, Instance ID: 17ba2836-2822-46a6-a021-901a2fb65998
[2026-09-27 18:49:41.842] [nrf_app] [info] Handle Update NF Instance request, NF type AUSF (HTTP version 1)
[2026-09-27 18:49:41.842] [nrf_app] [info] NF Heart-Beat procedure!
[2026-09-27 18:49:41.842] [nrf_app] [debug] Replace member nfStatus with new value REGISTERED
[2026-09-27 18:49:41.842] [nrf_app] [info] Updated the NF profile (profile ID 17ba2836-2822-46a6-a021-901a2fb65998)
[2026-09-27 18:49:41.842] [nrf_app] [debug] NF update for Heartbeat, current time 1790527781842
[2026-09-27 18:49:41.842] [nrf_app] [debug] Set NF status to REGISTERED
[2026-09-27 18:49:41.842] [nrf_sbi] [debug] Json data: null
[2026-09-27 18:49:42.693] [nrf_sbi] [info] Got a request to update an NF instance, Instance ID: a03368fc-0eff-4e3f-b71c-10e04357f8e1
[2026-09-27 18:49:42.693] [nrf_app] [info] Handle Update NF Instance request, NF type SMF (HTTP version 1)
[2026-09-27 18:49:42.693] [nrf_app] [info] NF Heart-Beat procedure!
[2026-09-27 18:49:42.693] [nrf_app] [debug] Replace member nfStatus with new value REGISTERED
[2026-09-27 18:49:42.693] [nrf_app] [info] Updated the NF profile (profile ID a03368fc-0eff-4e3f-b71c-10e04357f8e1)
[2026-09-27 18:49:42.693] [nrf_app] [debug] NF update for Heartbeat, current time 1790527782693
[2026-09-27 18:49:42.693] [nrf_app] [debug] Set NF status to REGISTERED
[2026-09-27 18:49:42.693] [nrf_sbi] [debug] Json data: null
[2026-09-27 18:49:42.797] [nrf_app] [info] 
Handle heartbeat timeout (NF update), NF instance ID 4042849f-78a0-49bf-9f1a-180c59d6e83a, time 1790527775448, current ms 1790527782797
[2026-09-27 18:49:43.607] [nrf_sbi] [info] Got a request to update an NF instance, Instance ID: dc589e56-a136-40f6-8f20-a087068e856a
[2026-09-27 18:49:43.607] [nrf_app] [info] Handle Update NF Instance request, NF type UDM (HTTP version 1)
[2026-09-27 18:49:43.607] [nrf_app] [info] NF Heart-Beat procedure!
[2026-09-27 18:49:43.607] [nrf_app] [debug] Replace member nfStatus with new value REGISTERED
[2026-09-27 18:49:43.607] [nrf_app] [info] Updated the NF profile (profile ID dc589e56-a136-40f6-8f20-a087068e856a)
[2026-09-27 18:49:43.607] [nrf_app] [debug] NF update for Heartbeat, current time 1790527783607
[2026-09-27 18:49:43.607] [nrf_app] [debug] Set NF status to REGISTERED
[2026-09-27 18:49:43.607] [nrf_sbi] [debug] Json data: null
[2026-09-27 18:49:43.636] [nrf_sbi] [info] Got a request to update an NF instance, Instance ID: 4042849f-78a0-49bf-9f1a-180c59d6e83a
[2026-09-27 18:49:43.636] [nrf_app] [info] Handle Update NF Instance request, NF type AMF (HTTP version 1)
[2026-09-27 18:49:43.636] [nrf_app] [info] NF Heart-Beat procedure!
[2026-09-27 18:49:43.636] [nrf_app] [debug] Replace member nfStatus with new value REGISTERED
[2026-09-27 18:49:43.636] [nrf_app] [info] Updated the NF profile (profile ID 4042849f-78a0-49bf-9f1a-180c59d6e83a)
[2026-09-27 18:49:43.636] [nrf_app] [debug] NF update for Heartbeat, current time 1790527783636
[2026-09-27 18:49:43.636] [nrf_app] [debug] Set NF status to REGISTERED
[2026-09-27 18:49:43.636] [nrf_sbi] [debug] Json data: null
[2026-09-27 18:49:43.719] [nrf_app] [info] 
Handle heartbeat timeout (NF update), NF instance ID 17ba2836-2822-46a6-a021-901a2fb65998, time 1790527776354, current ms 1790527783719
[2026-09-27 18:49:45.717] [nrf_app] [info] 
Handle heartbeat timeout (NF update), NF instance ID dc589e56-a136-40f6-8f20-a087068e856a, time 1790527778331, current ms 1790527785717
[2026-09-27 18:49:45.953] [nrf_app] [info] 
Handle heartbeat timeout (NF update), NF instance ID 91dfee08-b1a6-4ce8-8f1c-ea9bf4341104, time 1790527778564, current ms 1790527785953
[2026-09-27 18:49:46.663] [nrf_sbi] [info] Got a request to update an NF instance, Instance ID: b64a73f9-6961-4fdb-8232-006948f24f8d
[2026-09-27 18:49:46.663] [nrf_app] [info] Handle Update NF Instance request, NF type UDR (HTTP version 1)
[2026-09-27 18:49:46.663] [nrf_app] [info] NF Heart-Beat procedure!
[2026-09-27 18:49:46.663] [nrf_app] [debug] Replace member nfStatus with new value REGISTERED
[2026-09-27 18:49:46.663] [nrf_app] [info] Updated the NF profile (profile ID b64a73f9-6961-4fdb-8232-006948f24f8d)
[2026-09-27 18:49:46.663] [nrf_app] [debug] NF update for Heartbeat, current time 1790527786663
[2026-09-27 18:49:46.663] [nrf_app] [debug] Set NF status to REGISTERED
[2026-09-27 18:49:46.663] [nrf_sbi] [debug] Json data: null
[2026-09-27 18:49:46.740] [nrf_sbi] [info] Got a request to update an NF instance, Instance ID: 91dfee08-b1a6-4ce8-8f1c-ea9bf4341104
[2026-09-27 18:49:46.741] [nrf_app] [info] Handle Update NF Instance request, NF type UPF (HTTP version 1)
[2026-09-27 18:49:46.741] [nrf_app] [info] NF Heart-Beat procedure!
[2026-09-27 18:49:46.741] [nrf_app] [debug] Replace member nfStatus with new value REGISTERED
[2026-09-27 18:49:46.741] [nrf_app] [info] Updated the NF profile (profile ID 91dfee08-b1a6-4ce8-8f1c-ea9bf4341104)
[2026-09-27 18:49:46.741] [nrf_app] [debug] NF update for Heartbeat, current time 1790527786741
[2026-09-27 18:49:46.741] [nrf_app] [debug] Set NF status to REGISTERED
[2026-09-27 18:49:46.741] [nrf_sbi] [debug] Json data: null
[2026-09-27 18:49:48.721] [nrf_app] [info] 
Handle heartbeat timeout (NF update), NF instance ID b64a73f9-6961-4fdb-8232-006948f24f8d, time 1790527781308, current ms 1790527788721
[2026-09-27 18:49:51.947] [nrf_app] [info] 
Handle heartbeat timeout (NF update), NF instance ID a03368fc-0eff-4e3f-b71c-10e04357f8e1, time 1790527784484, current ms 1790527791947
[2026-09-27 18:49:52.003] [nrf_sbi] [info] Got a request to update an NF instance, Instance ID: 17ba2836-2822-46a6-a021-901a2fb65998
[2026-09-27 18:49:52.003] [nrf_app] [info] Handle Update NF Instance request, NF type AUSF (HTTP version 1)
[2026-09-27 18:49:52.003] [nrf_app] [info] NF Heart-Beat procedure!
[2026-09-27 18:49:52.003] [nrf_app] [debug] Replace member nfStatus with new value REGISTERED
[2026-09-27 18:49:52.003] [nrf_app] [info] Updated the NF profile (profile ID 17ba2836-2822-46a6-a021-901a2fb65998)
[2026-09-27 18:49:52.003] [nrf_app] [debug] NF update for Heartbeat, current time 1790527792003
[2026-09-27 18:49:52.003] [nrf_app] [debug] Set NF status to REGISTERED
[2026-09-27 18:49:52.003] [nrf_sbi] [debug] Json data: null
[2026-09-27 18:49:52.696] [nrf_sbi] [info] Got a request to update an NF instance, Instance ID: a03368fc-0eff-4e3f-b71c-10e04357f8e1
[2026-09-27 18:49:52.696] [nrf_app] [info] Handle Update NF Instance request, NF type SMF (HTTP version 1)
[2026-09-27 18:49:52.696] [nrf_app] [info] NF Heart-Beat procedure!
[2026-09-27 18:49:52.696] [nrf_app] [debug] Replace member nfStatus with new value REGISTERED
[2026-09-27 18:49:52.696] [nrf_app] [info] Updated the NF profile (profile ID a03368fc-0eff-4e3f-b71c-10e04357f8e1)
[2026-09-27 18:49:52.696] [nrf_app] [debug] NF update for Heartbeat, current time 1790527792696
[2026-09-27 18:49:52.696] [nrf_app] [debug] Set NF status to REGISTERED
[2026-09-27 18:49:52.696] [nrf_sbi] [debug] Json data: null
[2026-09-27 18:49:52.917] [nrf_app] [info] 
Handle heartbeat timeout (NF update), NF instance ID 4042849f-78a0-49bf-9f1a-180c59d6e83a, time 1790527785448, current ms 1790527792917
[2026-09-27 18:49:53.640] [nrf_sbi] [info] Got a request to update an NF instance, Instance ID: 4042849f-78a0-49bf-9f1a-180c59d6e83a
[2026-09-27 18:49:53.640] [nrf_app] [info] Handle Update NF Instance request, NF type AMF (HTTP version 1)
[2026-09-27 18:49:53.640] [nrf_app] [info] NF Heart-Beat procedure!
[2026-09-27 18:49:53.640] [nrf_app] [debug] Replace member nfStatus with new value REGISTERED
[2026-09-27 18:49:53.640] [nrf_app] [info] Updated the NF profile (profile ID 4042849f-78a0-49bf-9f1a-180c59d6e83a)
[2026-09-27 18:49:53.640] [nrf_app] [debug] NF update for Heartbeat, current time 1790527793640
[2026-09-27 18:49:53.640] [nrf_app] [debug] Set NF status to REGISTERED
[2026-09-27 18:49:53.640] [nrf_sbi] [debug] Json data: null
[2026-09-27 18:49:53.750] [nrf_sbi] [info] Got a request to update an NF instance, Instance ID: dc589e56-a136-40f6-8f20-a087068e856a
[2026-09-27 18:49:53.750] [nrf_app] [info] Handle Update NF Instance request, NF type UDM (HTTP version 1)
[2026-09-27 18:49:53.750] [nrf_app] [info] NF Heart-Beat procedure!
[2026-09-27 18:49:53.750] [nrf_app] [debug] Replace member nfStatus with new value REGISTERED
[2026-09-27 18:49:53.750] [nrf_app] [info] Updated the NF profile (profile ID dc589e56-a136-40f6-8f20-a087068e856a)
[2026-09-27 18:49:53.750] [nrf_app] [debug] NF update for Heartbeat, current time 1790527793750
[2026-09-27 18:49:53.750] [nrf_app] [debug] Set NF status to REGISTERED
[2026-09-27 18:49:53.750] [nrf_sbi] [debug] Json data: null
[2026-09-27 18:49:53.824] [nrf_app] [info] 
Handle heartbeat timeout (NF update), NF instance ID 17ba2836-2822-46a6-a021-901a2fb65998, time 1790527786354, current ms 1790527793824
[2026-09-27 18:49:55.823] [nrf_app] [info] 
Handle heartbeat timeout (NF update), NF instance ID dc589e56-a136-40f6-8f20-a087068e856a, time 1790527788331, current ms 1790527795823
[2026-09-27 18:49:56.059] [nrf_app] [info] 
Handle heartbeat timeout (NF update), NF instance ID 91dfee08-b1a6-4ce8-8f1c-ea9bf4341104, time 1790527788564, current ms 1790527796059
[2026-09-27 18:49:56.743] [nrf_sbi] [info] Got a request to update an NF instance, Instance ID: 91dfee08-b1a6-4ce8-8f1c-ea9bf4341104
[2026-09-27 18:49:56.743] [nrf_app] [info] Handle Update NF Instance request, NF type UPF (HTTP version 1)
[2026-09-27 18:49:56.743] [nrf_app] [info] NF Heart-Beat procedure!
[2026-09-27 18:49:56.743] [nrf_app] [debug] Replace member nfStatus with new value REGISTERED
[2026-09-27 18:49:56.743] [nrf_app] [info] Updated the NF profile (profile ID 91dfee08-b1a6-4ce8-8f1c-ea9bf4341104)
[2026-09-27 18:49:56.743] [nrf_app] [debug] NF update for Heartbeat, current time 1790527796743
[2026-09-27 18:49:56.743] [nrf_app] [debug] Set NF status to REGISTERED
[2026-09-27 18:49:56.743] [nrf_sbi] [debug] Json data: null
[2026-09-27 18:49:56.785] [nrf_sbi] [info] Got a request to update an NF instance, Instance ID: b64a73f9-6961-4fdb-8232-006948f24f8d
[2026-09-27 18:49:56.785] [nrf_app] [info] Handle Update NF Instance request, NF type UDR (HTTP version 1)
[2026-09-27 18:49:56.785] [nrf_app] [info] NF Heart-Beat procedure!
[2026-09-27 18:49:56.785] [nrf_app] [debug] Replace member nfStatus with new value REGISTERED
[2026-09-27 18:49:56.785] [nrf_app] [info] Updated the NF profile (profile ID b64a73f9-6961-4fdb-8232-006948f24f8d)
[2026-09-27 18:49:56.785] [nrf_app] [debug] NF update for Heartbeat, current time 1790527796785
[2026-09-27 18:49:56.785] [nrf_app] [debug] Set NF status to REGISTERED
[2026-09-27 18:49:56.785] [nrf_sbi] [debug] Json data: null
[2026-09-27 18:49:58.821] [nrf_app] [info] 
Handle heartbeat timeout (NF update), NF instance ID b64a73f9-6961-4fdb-8232-006948f24f8d, time 1790527791308, current ms 1790527798821
[2026-09-27 18:50:02.021] [nrf_app] [info] 
Handle heartbeat timeout (NF update), NF instance ID a03368fc-0eff-4e3f-b71c-10e04357f8e1, time 1790527794484, current ms 1790527802021
[2026-09-27 18:50:02.131] [nrf_sbi] [info] Got a request to update an NF instance, Instance ID: 17ba2836-2822-46a6-a021-901a2fb65998
[2026-09-27 18:50:02.131] [nrf_app] [info] Handle Update NF Instance request, NF type AUSF (HTTP version 1)
[2026-09-27 18:50:02.131] [nrf_app] [info] NF Heart-Beat procedure!
[2026-09-27 18:50:02.131] [nrf_app] [debug] Replace member nfStatus with new value REGISTERED
[2026-09-27 18:50:02.131] [nrf_app] [info] Updated the NF profile (profile ID 17ba2836-2822-46a6-a021-901a2fb65998)
[2026-09-27 18:50:02.131] [nrf_app] [debug] NF update for Heartbeat, current time 1790527802131
[2026-09-27 18:50:02.131] [nrf_app] [debug] Set NF status to REGISTERED
[2026-09-27 18:50:02.131] [nrf_sbi] [debug] Json data: null
[2026-09-27 18:50:02.699] [nrf_sbi] [info] Got a request to update an NF instance, Instance ID: a03368fc-0eff-4e3f-b71c-10e04357f8e1
[2026-09-27 18:50:02.699] [nrf_app] [info] Handle Update NF Instance request, NF type SMF (HTTP version 1)
[2026-09-27 18:50:02.699] [nrf_app] [info] NF Heart-Beat procedure!
[2026-09-27 18:50:02.699] [nrf_app] [debug] Replace member nfStatus with new value REGISTERED
[2026-09-27 18:50:02.699] [nrf_app] [info] Updated the NF profile (profile ID a03368fc-0eff-4e3f-b71c-10e04357f8e1)
[2026-09-27 18:50:02.699] [nrf_app] [debug] NF update for Heartbeat, current time 1790527802699
[2026-09-27 18:50:02.699] [nrf_app] [debug] Set NF status to REGISTERED
[2026-09-27 18:50:02.699] [nrf_sbi] [debug] Json data: null
[2026-09-27 18:50:02.987] [nrf_app] [info] 
Handle heartbeat timeout (NF update), NF instance ID 4042849f-78a0-49bf-9f1a-180c59d6e83a, time 1790527795448, current ms 1790527802987
[2026-09-27 18:50:03.644] [nrf_sbi] [info] Got a request to update an NF instance, Instance ID: 4042849f-78a0-49bf-9f1a-180c59d6e83a
[2026-09-27 18:50:03.644] [nrf_app] [info] Handle Update NF Instance request, NF type AMF (HTTP version 1)
[2026-09-27 18:50:03.644] [nrf_app] [info] NF Heart-Beat procedure!
[2026-09-27 18:50:03.644] [nrf_app] [debug] Replace member nfStatus with new value REGISTERED
[2026-09-27 18:50:03.644] [nrf_app] [info] Updated the NF profile (profile ID 4042849f-78a0-49bf-9f1a-180c59d6e83a)
[2026-09-27 18:50:03.644] [nrf_app] [debug] NF update for Heartbeat, current time 1790527803644
[2026-09-27 18:50:03.644] [nrf_app] [debug] Set NF status to REGISTERED
[2026-09-27 18:50:03.644] [nrf_sbi] [debug] Json data: null
[2026-09-27 18:50:03.857] [nrf_sbi] [info] Got a request to update an NF instance, Instance ID: dc589e56-a136-40f6-8f20-a087068e856a
[2026-09-27 18:50:03.857] [nrf_app] [info] Handle Update NF Instance request, NF type UDM (HTTP version 1)
[2026-09-27 18:50:03.857] [nrf_app] [info] NF Heart-Beat procedure!
[2026-09-27 18:50:03.857] [nrf_app] [debug] Replace member nfStatus with new value REGISTERED
[2026-09-27 18:50:03.857] [nrf_app] [info] Updated the NF profile (profile ID dc589e56-a136-40f6-8f20-a087068e856a)
[2026-09-27 18:50:03.857] [nrf_app] [debug] NF update for Heartbeat, current time 1790527803857
[2026-09-27 18:50:03.857] [nrf_app] [debug] Set NF status to REGISTERED
[2026-09-27 18:50:03.857] [nrf_sbi] [debug] Json data: null
[2026-09-27 18:50:03.896] [nrf_app] [info] 
Handle heartbeat timeout (NF update), NF instance ID 17ba2836-2822-46a6-a021-901a2fb65998, time 1790527796354, current ms 1790527803896
[2026-09-27 18:50:05.884] [nrf_app] [info] 
Handle heartbeat timeout (NF update), NF instance ID dc589e56-a136-40f6-8f20-a087068e856a, time 1790527798331, current ms 1790527805884
[2026-09-27 18:50:06.119] [nrf_app] [info] 
Handle heartbeat timeout (NF update), NF instance ID 91dfee08-b1a6-4ce8-8f1c-ea9bf4341104, time 1790527798564, current ms 1790527806119
[2026-09-27 18:50:06.746] [nrf_sbi] [info] Got a request to update an NF instance, Instance ID: 91dfee08-b1a6-4ce8-8f1c-ea9bf4341104
[2026-09-27 18:50:06.746] [nrf_app] [info] Handle Update NF Instance request, NF type UPF (HTTP version 1)
[2026-09-27 18:50:06.746] [nrf_app] [info] NF Heart-Beat procedure!
[2026-09-27 18:50:06.746] [nrf_app] [debug] Replace member nfStatus with new value REGISTERED
[2026-09-27 18:50:06.746] [nrf_app] [info] Updated the NF profile (profile ID 91dfee08-b1a6-4ce8-8f1c-ea9bf4341104)
[2026-09-27 18:50:06.746] [nrf_app] [debug] NF update for Heartbeat, current time 1790527806746
[2026-09-27 18:50:06.746] [nrf_app] [debug] Set NF status to REGISTERED
[2026-09-27 18:50:06.746] [nrf_sbi] [debug] Json data: null
[2026-09-27 18:50:06.868] [nrf_sbi] [info] Got a request to update an NF instance, Instance ID: b64a73f9-6961-4fdb-8232-006948f24f8d
[2026-09-27 18:50:06.868] [nrf_app] [info] Handle Update NF Instance request, NF type UDR (HTTP version 1)
[2026-09-27 18:50:06.868] [nrf_app] [info] NF Heart-Beat procedure!
[2026-09-27 18:50:06.868] [nrf_app] [debug] Replace member nfStatus with new value REGISTERED
[2026-09-27 18:50:06.868] [nrf_app] [info] Updated the NF profile (profile ID b64a73f9-6961-4fdb-8232-006948f24f8d)
[2026-09-27 18:50:06.868] [nrf_app] [debug] NF update for Heartbeat, current time 1790527806868
[2026-09-27 18:50:06.868] [nrf_app] [debug] Set NF status to REGISTERED
[2026-09-27 18:50:06.868] [nrf_sbi] [debug] Json data: null
[2026-09-27 18:50:08.906] [nrf_app] [info] 
Handle heartbeat timeout (NF update), NF instance ID b64a73f9-6961-4fdb-8232-006948f24f8d, time 1790527801308, current ms 1790527808906
[2026-09-27 18:50:12.108] [nrf_app] [info] 
Handle heartbeat timeout (NF update), NF instance ID a03368fc-0eff-4e3f-b71c-10e04357f8e1, time 1790527804484, current ms 1790527812108
[2026-09-27 18:50:12.235] [nrf_sbi] [info] Got a request to update an NF instance, Instance ID: 17ba2836-2822-46a6-a021-901a2fb65998
[2026-09-27 18:50:12.235] [nrf_app] [info] Handle Update NF Instance request, NF type AUSF (HTTP version 1)
[2026-09-27 18:50:12.235] [nrf_app] [info] NF Heart-Beat procedure!
[2026-09-27 18:50:12.235] [nrf_app] [debug] Replace member nfStatus with new value REGISTERED
[2026-09-27 18:50:12.235] [nrf_app] [info] Updated the NF profile (profile ID 17ba2836-2822-46a6-a021-901a2fb65998)
[2026-09-27 18:50:12.235] [nrf_app] [debug] NF update for Heartbeat, current time 1790527812235
[2026-09-27 18:50:12.235] [nrf_app] [debug] Set NF status to REGISTERED
[2026-09-27 18:50:12.235] [nrf_sbi] [debug] Json data: null
[2026-09-27 18:50:12.702] [nrf_sbi] [info] Got a request to update an NF instance, Instance ID: a03368fc-0eff-4e3f-b71c-10e04357f8e1
[2026-09-27 18:50:12.702] [nrf_app] [info] Handle Update NF Instance request, NF type SMF (HTTP version 1)
[2026-09-27 18:50:12.702] [nrf_app] [info] NF Heart-Beat procedure!
[2026-09-27 18:50:12.702] [nrf_app] [debug] Replace member nfStatus with new value REGISTERED
[2026-09-27 18:50:12.702] [nrf_app] [info] Updated the NF profile (profile ID a03368fc-0eff-4e3f-b71c-10e04357f8e1)
[2026-09-27 18:50:12.702] [nrf_app] [debug] NF update for Heartbeat, current time 1790527812702
[2026-09-27 18:50:12.702] [nrf_app] [debug] Set NF status to REGISTERED
[2026-09-27 18:50:12.702] [nrf_sbi] [debug] Json data: null
[2026-09-27 18:50:13.081] [nrf_app] [info] 
Handle heartbeat timeout (NF update), NF instance ID 4042849f-78a0-49bf-9f1a-180c59d6e83a, time 1790527805448, current ms 1790527813081
[2026-09-27 18:50:13.647] [nrf_sbi] [info] Got a request to update an NF instance, Instance ID: 4042849f-78a0-49bf-9f1a-180c59d6e83a
[2026-09-27 18:50:13.647] [nrf_app] [info] Handle Update NF Instance request, NF type AMF (HTTP version 1)
[2026-09-27 18:50:13.647] [nrf_app] [info] NF Heart-Beat procedure!
[2026-09-27 18:50:13.647] [nrf_app] [debug] Replace member nfStatus with new value REGISTERED
[2026-09-27 18:50:13.647] [nrf_app] [info] Updated the NF profile (profile ID 4042849f-78a0-49bf-9f1a-180c59d6e83a)
[2026-09-27 18:50:13.647] [nrf_app] [debug] NF update for Heartbeat, current time 1790527813647
[2026-09-27 18:50:13.647] [nrf_app] [debug] Set NF status to REGISTERED
[2026-09-27 18:50:13.647] [nrf_sbi] [debug] Json data: null
[2026-09-27 18:50:13.928] [nrf_sbi] [info] Got a request to update an NF instance, Instance ID: dc589e56-a136-40f6-8f20-a087068e856a
[2026-09-27 18:50:13.928] [nrf_app] [info] Handle Update NF Instance request, NF type UDM (HTTP version 1)
[2026-09-27 18:50:13.928] [nrf_app] [info] NF Heart-Beat procedure!
[2026-09-27 18:50:13.928] [nrf_app] [debug] Replace member nfStatus with new value REGISTERED
[2026-09-27 18:50:13.928] [nrf_app] [info] Updated the NF profile (profile ID dc589e56-a136-40f6-8f20-a087068e856a)
[2026-09-27 18:50:13.929] [nrf_app] [debug] NF update for Heartbeat, current time 1790527813928
[2026-09-27 18:50:13.929] [nrf_app] [debug] Set NF status to REGISTERED
[2026-09-27 18:50:13.929] [nrf_sbi] [debug] Json data: null
[2026-09-27 18:50:13.990] [nrf_app] [info] 
Handle heartbeat timeout (NF update), NF instance ID 17ba2836-2822-46a6-a021-901a2fb65998, time 1790527806354, current ms 1790527813990
[2026-09-27 18:50:15.977] [nrf_app] [info] 
Handle heartbeat timeout (NF update), NF instance ID dc589e56-a136-40f6-8f20-a087068e856a, time 1790527808331, current ms 1790527815977
[2026-09-27 18:50:16.211] [nrf_app] [info] 
Handle heartbeat timeout (NF update), NF instance ID 91dfee08-b1a6-4ce8-8f1c-ea9bf4341104, time 1790527808564, current ms 1790527816211
[2026-09-27 18:50:16.749] [nrf_sbi] [info] Got a request to update an NF instance, Instance ID: 91dfee08-b1a6-4ce8-8f1c-ea9bf4341104
[2026-09-27 18:50:16.749] [nrf_app] [info] Handle Update NF Instance request, NF type UPF (HTTP version 1)
[2026-09-27 18:50:16.749] [nrf_app] [info] NF Heart-Beat procedure!
[2026-09-27 18:50:16.749] [nrf_app] [debug] Replace member nfStatus with new value REGISTERED
[2026-09-27 18:50:16.749] [nrf_app] [info] Updated the NF profile (profile ID 91dfee08-b1a6-4ce8-8f1c-ea9bf4341104)
[2026-09-27 18:50:16.749] [nrf_app] [debug] NF update for Heartbeat, current time 1790527816749
[2026-09-27 18:50:16.749] [nrf_app] [debug] Set NF status to REGISTERED
[2026-09-27 18:50:16.749] [nrf_sbi] [debug] Json data: null
[2026-09-27 18:50:16.967] [nrf_sbi] [info] Got a request to update an NF instance, Instance ID: b64a73f9-6961-4fdb-8232-006948f24f8d
[2026-09-27 18:50:16.967] [nrf_app] [info] Handle Update NF Instance request, NF type UDR (HTTP version 1)
[2026-09-27 18:50:16.967] [nrf_app] [info] NF Heart-Beat procedure!
[2026-09-27 18:50:16.967] [nrf_app] [debug] Replace member nfStatus with new value REGISTERED
[2026-09-27 18:50:16.967] [nrf_app] [info] Updated the NF profile (profile ID b64a73f9-6961-4fdb-8232-006948f24f8d)
[2026-09-27 18:50:16.967] [nrf_app] [debug] NF update for Heartbeat, current time 1790527816967
[2026-09-27 18:50:16.967] [nrf_app] [debug] Set NF status to REGISTERED
[2026-09-27 18:50:16.967] [nrf_sbi] [debug] Json data: null
[2026-09-27 18:50:18.986] [nrf_app] [info] 
Handle heartbeat timeout (NF update), NF instance ID b64a73f9-6961-4fdb-8232-006948f24f8d, time 1790527811308, current ms 1790527818986
[2026-09-27 18:50:22.193] [nrf_app] [info] 
Handle heartbeat timeout (NF update), NF instance ID a03368fc-0eff-4e3f-b71c-10e04357f8e1, time 1790527814484, current ms 1790527822193
[2026-09-27 18:50:22.332] [nrf_sbi] [info] Got a request to update an NF instance, Instance ID: 17ba2836-2822-46a6-a021-901a2fb65998
[2026-09-27 18:50:22.332] [nrf_app] [info] Handle Update NF Instance request, NF type AUSF (HTTP version 1)
[2026-09-27 18:50:22.332] [nrf_app] [info] NF Heart-Beat procedure!
[2026-09-27 18:50:22.332] [nrf_app] [debug] Replace member nfStatus with new value REGISTERED
[2026-09-27 18:50:22.332] [nrf_app] [info] Updated the NF profile (profile ID 17ba2836-2822-46a6-a021-901a2fb65998)
[2026-09-27 18:50:22.332] [nrf_app] [debug] NF update for Heartbeat, current time 1790527822332
[2026-09-27 18:50:22.332] [nrf_app] [debug] Set NF status to REGISTERED
[2026-09-27 18:50:22.332] [nrf_sbi] [debug] Json data: null
[2026-09-27 18:50:22.705] [nrf_sbi] [info] Got a request to update an NF instance, Instance ID: a03368fc-0eff-4e3f-b71c-10e04357f8e1
[2026-09-27 18:50:22.705] [nrf_app] [info] Handle Update NF Instance request, NF type SMF (HTTP version 1)
[2026-09-27 18:50:22.705] [nrf_app] [info] NF Heart-Beat procedure!
[2026-09-27 18:50:22.705] [nrf_app] [debug] Replace member nfStatus with new value REGISTERED
[2026-09-27 18:50:22.705] [nrf_app] [info] Updated the NF profile (profile ID a03368fc-0eff-4e3f-b71c-10e04357f8e1)
[2026-09-27 18:50:22.705] [nrf_app] [debug] NF update for Heartbeat, current time 1790527822705
[2026-09-27 18:50:22.705] [nrf_app] [debug] Set NF status to REGISTERED
[2026-09-27 18:50:22.705] [nrf_sbi] [debug] Json data: null
[2026-09-27 18:50:23.169] [nrf_app] [info] 
Handle heartbeat timeout (NF update), NF instance ID 4042849f-78a0-49bf-9f1a-180c59d6e83a, time 1790527815448, current ms 1790527823169
[2026-09-27 18:50:23.651] [nrf_sbi] [info] Got a request to update an NF instance, Instance ID: 4042849f-78a0-49bf-9f1a-180c59d6e83a
[2026-09-27 18:50:23.651] [nrf_app] [info] Handle Update NF Instance request, NF type AMF (HTTP version 1)
[2026-09-27 18:50:23.651] [nrf_app] [info] NF Heart-Beat procedure!
[2026-09-27 18:50:23.651] [nrf_app] [debug] Replace member nfStatus with new value REGISTERED
[2026-09-27 18:50:23.651] [nrf_app] [info] Updated the NF profile (profile ID 4042849f-78a0-49bf-9f1a-180c59d6e83a)
[2026-09-27 18:50:23.651] [nrf_app] [debug] NF update for Heartbeat, current time 1790527823651
[2026-09-27 18:50:23.651] [nrf_app] [debug] Set NF status to REGISTERED
[2026-09-27 18:50:23.651] [nrf_sbi] [debug] Json data: null
[2026-09-27 18:50:24.028] [nrf_sbi] [info] Got a request to update an NF instance, Instance ID: dc589e56-a136-40f6-8f20-a087068e856a
[2026-09-27 18:50:24.029] [nrf_app] [info] Handle Update NF Instance request, NF type UDM (HTTP version 1)
[2026-09-27 18:50:24.029] [nrf_app] [info] NF Heart-Beat procedure!
[2026-09-27 18:50:24.029] [nrf_app] [debug] Replace member nfStatus with new value REGISTERED
[2026-09-27 18:50:24.029] [nrf_app] [info] Updated the NF profile (profile ID dc589e56-a136-40f6-8f20-a087068e856a)
[2026-09-27 18:50:24.029] [nrf_app] [debug] NF update for Heartbeat, current time 1790527824029
[2026-09-27 18:50:24.029] [nrf_app] [debug] Set NF status to REGISTERED
[2026-09-27 18:50:24.029] [nrf_sbi] [debug] Json data: null
[2026-09-27 18:50:24.078] [nrf_app] [info] 
Handle heartbeat timeout (NF update), NF instance ID 17ba2836-2822-46a6-a021-901a2fb65998, time 1790527816354, current ms 1790527824078
[2026-09-27 18:50:26.064] [nrf_app] [info] 
Handle heartbeat timeout (NF update), NF instance ID dc589e56-a136-40f6-8f20-a087068e856a, time 1790527818331, current ms 1790527826064
[2026-09-27 18:50:26.297] [nrf_app] [info] 
Handle heartbeat timeout (NF update), NF instance ID 91dfee08-b1a6-4ce8-8f1c-ea9bf4341104, time 1790527818564, current ms 1790527826297
[2026-09-27 18:50:26.752] [nrf_sbi] [info] Got a request to update an NF instance, Instance ID: 91dfee08-b1a6-4ce8-8f1c-ea9bf4341104
[2026-09-27 18:50:26.752] [nrf_app] [info] Handle Update NF Instance request, NF type UPF (HTTP version 1)
[2026-09-27 18:50:26.752] [nrf_app] [info] NF Heart-Beat procedure!
[2026-09-27 18:50:26.752] [nrf_app] [debug] Replace member nfStatus with new value REGISTERED
[2026-09-27 18:50:26.752] [nrf_app] [info] Updated the NF profile (profile ID 91dfee08-b1a6-4ce8-8f1c-ea9bf4341104)
[2026-09-27 18:50:26.752] [nrf_app] [debug] NF update for Heartbeat, current time 1790527826752
[2026-09-27 18:50:26.752] [nrf_app] [debug] Set NF status to REGISTERED
[2026-09-27 18:50:26.752] [nrf_sbi] [debug] Json data: null
[2026-09-27 18:50:27.056] [nrf_sbi] [info] Got a request to update an NF instance, Instance ID: b64a73f9-6961-4fdb-8232-006948f24f8d
[2026-09-27 18:50:27.056] [nrf_app] [info] Handle Update NF Instance request, NF type UDR (HTTP version 1)
[2026-09-27 18:50:27.056] [nrf_app] [info] NF Heart-Beat procedure!
[2026-09-27 18:50:27.056] [nrf_app] [debug] Replace member nfStatus with new value REGISTERED
[2026-09-27 18:50:27.056] [nrf_app] [info] Updated the NF profile (profile ID b64a73f9-6961-4fdb-8232-006948f24f8d)
[2026-09-27 18:50:27.056] [nrf_app] [debug] NF update for Heartbeat, current time 1790527827056
[2026-09-27 18:50:27.056] [nrf_app] [debug] Set NF status to REGISTERED
[2026-09-27 18:50:27.056] [nrf_sbi] [debug] Json data: null
[2026-09-27 18:50:29.056] [nrf_app] [info] 
Handle heartbeat timeout (NF update), NF instance ID b64a73f9-6961-4fdb-8232-006948f24f8d, time 1790527821308, current ms 1790527829056
[2026-09-27 18:50:32.258] [nrf_app] [info] 
Handle heartbeat timeout (NF update), NF instance ID a03368fc-0eff-4e3f-b71c-10e04357f8e1, time 1790527824484, current ms 1790527832258
[2026-09-27 18:50:32.416] [nrf_sbi] [info] Got a request to update an NF instance, Instance ID: 17ba2836-2822-46a6-a021-901a2fb65998
[2026-09-27 18:50:32.416] [nrf_app] [info] Handle Update NF Instance request, NF type AUSF (HTTP version 1)
[2026-09-27 18:50:32.416] [nrf_app] [info] NF Heart-Beat procedure!
[2026-09-27 18:50:32.416] [nrf_app] [debug] Replace member nfStatus with new value REGISTERED
[2026-09-27 18:50:32.416] [nrf_app] [info] Updated the NF profile (profile ID 17ba2836-2822-46a6-a021-901a2fb65998)
[2026-09-27 18:50:32.416] [nrf_app] [debug] NF update for Heartbeat, current time 1790527832416
[2026-09-27 18:50:32.416] [nrf_app] [debug] Set NF status to REGISTERED
[2026-09-27 18:50:32.416] [nrf_sbi] [debug] Json data: null
[2026-09-27 18:50:32.708] [nrf_sbi] [info] Got a request to update an NF instance, Instance ID: a03368fc-0eff-4e3f-b71c-10e04357f8e1
[2026-09-27 18:50:32.708] [nrf_app] [info] Handle Update NF Instance request, NF type SMF (HTTP version 1)
[2026-09-27 18:50:32.708] [nrf_app] [info] NF Heart-Beat procedure!
[2026-09-27 18:50:32.708] [nrf_app] [debug] Replace member nfStatus with new value REGISTERED
[2026-09-27 18:50:32.708] [nrf_app] [info] Updated the NF profile (profile ID a03368fc-0eff-4e3f-b71c-10e04357f8e1)
[2026-09-27 18:50:32.708] [nrf_app] [debug] NF update for Heartbeat, current time 1790527832708
[2026-09-27 18:50:32.708] [nrf_app] [debug] Set NF status to REGISTERED
[2026-09-27 18:50:32.708] [nrf_sbi] [debug] Json data: null
[2026-09-27 18:50:33.223] [nrf_app] [info] 
Handle heartbeat timeout (NF update), NF instance ID 4042849f-78a0-49bf-9f1a-180c59d6e83a, time 1790527825448, current ms 1790527833223
[2026-09-27 18:50:33.654] [nrf_sbi] [info] Got a request to update an NF instance, Instance ID: 4042849f-78a0-49bf-9f1a-180c59d6e83a
[2026-09-27 18:50:33.654] [nrf_app] [info] Handle Update NF Instance request, NF type AMF (HTTP version 1)
[2026-09-27 18:50:33.654] [nrf_app] [info] NF Heart-Beat procedure!
[2026-09-27 18:50:33.654] [nrf_app] [debug] Replace member nfStatus with new value REGISTERED
[2026-09-27 18:50:33.654] [nrf_app] [info] Updated the NF profile (profile ID 4042849f-78a0-49bf-9f1a-180c59d6e83a)
[2026-09-27 18:50:33.654] [nrf_app] [debug] NF update for Heartbeat, current time 1790527833654
[2026-09-27 18:50:33.654] [nrf_app] [debug] Set NF status to REGISTERED
[2026-09-27 18:50:33.654] [nrf_sbi] [debug] Json data: null
[2026-09-27 18:50:34.111] [nrf_sbi] [info] Got a request to update an NF instance, Instance ID: dc589e56-a136-40f6-8f20-a087068e856a
[2026-09-27 18:50:34.111] [nrf_app] [info] Handle Update NF Instance request, NF type UDM (HTTP version 1)
[2026-09-27 18:50:34.111] [nrf_app] [info] NF Heart-Beat procedure!
[2026-09-27 18:50:34.111] [nrf_app] [debug] Replace member nfStatus with new value REGISTERED
[2026-09-27 18:50:34.111] [nrf_app] [info] Updated the NF profile (profile ID dc589e56-a136-40f6-8f20-a087068e856a)
[2026-09-27 18:50:34.111] [nrf_app] [debug] NF update for Heartbeat, current time 1790527834111
[2026-09-27 18:50:34.111] [nrf_app] [debug] Set NF status to REGISTERED
[2026-09-27 18:50:34.111] [nrf_sbi] [debug] Json data: null
[2026-09-27 18:50:34.158] [nrf_app] [info] 
Handle heartbeat timeout (NF update), NF instance ID 17ba2836-2822-46a6-a021-901a2fb65998, time 1790527826354, current ms 1790527834158
[2026-09-27 18:50:36.204] [nrf_app] [info] 
Handle heartbeat timeout (NF update), NF instance ID dc589e56-a136-40f6-8f20-a087068e856a, time 1790527828331, current ms 1790527836204
[2026-09-27 18:50:36.438] [nrf_app] [info] 
Handle heartbeat timeout (NF update), NF instance ID 91dfee08-b1a6-4ce8-8f1c-ea9bf4341104, time 1790527828564, current ms 1790527836438
[2026-09-27 18:50:36.755] [nrf_sbi] [info] Got a request to update an NF instance, Instance ID: 91dfee08-b1a6-4ce8-8f1c-ea9bf4341104
[2026-09-27 18:50:36.755] [nrf_app] [info] Handle Update NF Instance request, NF type UPF (HTTP version 1)
[2026-09-27 18:50:36.755] [nrf_app] [info] NF Heart-Beat procedure!
[2026-09-27 18:50:36.755] [nrf_app] [debug] Replace member nfStatus with new value REGISTERED
[2026-09-27 18:50:36.755] [nrf_app] [info] Updated the NF profile (profile ID 91dfee08-b1a6-4ce8-8f1c-ea9bf4341104)
[2026-09-27 18:50:36.755] [nrf_app] [debug] NF update for Heartbeat, current time 1790527836755
[2026-09-27 18:50:36.755] [nrf_app] [debug] Set NF status to REGISTERED
[2026-09-27 18:50:36.755] [nrf_sbi] [debug] Json data: null
[2026-09-27 18:50:37.204] [nrf_sbi] [info] Got a request to update an NF instance, Instance ID: b64a73f9-6961-4fdb-8232-006948f24f8d
[2026-09-27 18:50:37.204] [nrf_app] [info] Handle Update NF Instance request, NF type UDR (HTTP version 1)
[2026-09-27 18:50:37.204] [nrf_app] [info] NF Heart-Beat procedure!
[2026-09-27 18:50:37.204] [nrf_app] [debug] Replace member nfStatus with new value REGISTERED
[2026-09-27 18:50:37.204] [nrf_app] [info] Updated the NF profile (profile ID b64a73f9-6961-4fdb-8232-006948f24f8d)
[2026-09-27 18:50:37.204] [nrf_app] [debug] NF update for Heartbeat, current time 1790527837204
[2026-09-27 18:50:37.204] [nrf_app] [debug] Set NF status to REGISTERED
[2026-09-27 18:50:37.204] [nrf_sbi] [debug] Json data: null
[2026-09-27 18:50:39.257] [nrf_app] [info] 
Handle heartbeat timeout (NF update), NF instance ID b64a73f9-6961-4fdb-8232-006948f24f8d, time 1790527831308, current ms 1790527839257
[2026-09-27 18:50:42.443] [nrf_app] [info] 
Handle heartbeat timeout (NF update), NF instance ID a03368fc-0eff-4e3f-b71c-10e04357f8e1, time 1790527834484, current ms 1790527842443
[2026-09-27 18:50:42.572] [nrf_sbi] [info] Got a request to update an NF instance, Instance ID: 17ba2836-2822-46a6-a021-901a2fb65998
[2026-09-27 18:50:42.572] [nrf_app] [info] Handle Update NF Instance request, NF type AUSF (HTTP version 1)
[2026-09-27 18:50:42.572] [nrf_app] [info] NF Heart-Beat procedure!
[2026-09-27 18:50:42.572] [nrf_app] [debug] Replace member nfStatus with new value REGISTERED
[2026-09-27 18:50:42.572] [nrf_app] [info] Updated the NF profile (profile ID 17ba2836-2822-46a6-a021-901a2fb65998)
[2026-09-27 18:50:42.572] [nrf_app] [debug] NF update for Heartbeat, current time 1790527842572
[2026-09-27 18:50:42.572] [nrf_app] [debug] Set NF status to REGISTERED
[2026-09-27 18:50:42.572] [nrf_sbi] [debug] Json data: null
[2026-09-27 18:50:42.711] [nrf_sbi] [info] Got a request to update an NF instance, Instance ID: a03368fc-0eff-4e3f-b71c-10e04357f8e1
[2026-09-27 18:50:42.711] [nrf_app] [info] Handle Update NF Instance request, NF type SMF (HTTP version 1)
[2026-09-27 18:50:42.711] [nrf_app] [info] NF Heart-Beat procedure!
[2026-09-27 18:50:42.711] [nrf_app] [debug] Replace member nfStatus with new value REGISTERED
[2026-09-27 18:50:42.711] [nrf_app] [info] Updated the NF profile (profile ID a03368fc-0eff-4e3f-b71c-10e04357f8e1)
[2026-09-27 18:50:42.711] [nrf_app] [debug] NF update for Heartbeat, current time 1790527842711
[2026-09-27 18:50:42.711] [nrf_app] [debug] Set NF status to REGISTERED
[2026-09-27 18:50:42.711] [nrf_sbi] [debug] Json data: null
[2026-09-27 18:50:43.421] [nrf_app] [info] 
Handle heartbeat timeout (NF update), NF instance ID 4042849f-78a0-49bf-9f1a-180c59d6e83a, time 1790527835448, current ms 1790527843421
[2026-09-27 18:50:43.657] [nrf_sbi] [info] Got a request to update an NF instance, Instance ID: 4042849f-78a0-49bf-9f1a-180c59d6e83a
[2026-09-27 18:50:43.657] [nrf_app] [info] Handle Update NF Instance request, NF type AMF (HTTP version 1)
[2026-09-27 18:50:43.657] [nrf_app] [info] NF Heart-Beat procedure!
[2026-09-27 18:50:43.657] [nrf_app] [debug] Replace member nfStatus with new value REGISTERED
[2026-09-27 18:50:43.657] [nrf_app] [info] Updated the NF profile (profile ID 4042849f-78a0-49bf-9f1a-180c59d6e83a)
[2026-09-27 18:50:43.657] [nrf_app] [debug] NF update for Heartbeat, current time 1790527843657
[2026-09-27 18:50:43.657] [nrf_app] [debug] Set NF status to REGISTERED
[2026-09-27 18:50:43.657] [nrf_sbi] [debug] Json data: null
[2026-09-27 18:50:44.268] [nrf_sbi] [info] Got a request to update an NF instance, Instance ID: dc589e56-a136-40f6-8f20-a087068e856a
[2026-09-27 18:50:44.268] [nrf_app] [info] Handle Update NF Instance request, NF type UDM (HTTP version 1)
[2026-09-27 18:50:44.268] [nrf_app] [info] NF Heart-Beat procedure!
[2026-09-27 18:50:44.268] [nrf_app] [debug] Replace member nfStatus with new value REGISTERED
[2026-09-27 18:50:44.268] [nrf_app] [info] Updated the NF profile (profile ID dc589e56-a136-40f6-8f20-a087068e856a)
[2026-09-27 18:50:44.268] [nrf_app] [debug] NF update for Heartbeat, current time 1790527844268
[2026-09-27 18:50:44.268] [nrf_app] [debug] Set NF status to REGISTERED
[2026-09-27 18:50:44.268] [nrf_sbi] [debug] Json data: null
[2026-09-27 18:50:44.336] [nrf_app] [info] 
Handle heartbeat timeout (NF update), NF instance ID 17ba2836-2822-46a6-a021-901a2fb65998, time 1790527836354, current ms 1790527844336
[2026-09-27 18:50:46.346] [nrf_app] [info] 
Handle heartbeat timeout (NF update), NF instance ID dc589e56-a136-40f6-8f20-a087068e856a, time 1790527838331, current ms 1790527846346
[2026-09-27 18:50:46.580] [nrf_app] [info] 
Handle heartbeat timeout (NF update), NF instance ID 91dfee08-b1a6-4ce8-8f1c-ea9bf4341104, time 1790527838564, current ms 1790527846580
[2026-09-27 18:50:46.758] [nrf_sbi] [info] Got a request to update an NF instance, Instance ID: 91dfee08-b1a6-4ce8-8f1c-ea9bf4341104
[2026-09-27 18:50:46.758] [nrf_app] [info] Handle Update NF Instance request, NF type UPF (HTTP version 1)
[2026-09-27 18:50:46.758] [nrf_app] [info] NF Heart-Beat procedure!
[2026-09-27 18:50:46.758] [nrf_app] [debug] Replace member nfStatus with new value REGISTERED
[2026-09-27 18:50:46.758] [nrf_app] [info] Updated the NF profile (profile ID 91dfee08-b1a6-4ce8-8f1c-ea9bf4341104)
[2026-09-27 18:50:46.758] [nrf_app] [debug] NF update for Heartbeat, current time 1790527846758
[2026-09-27 18:50:46.758] [nrf_app] [debug] Set NF status to REGISTERED
[2026-09-27 18:50:46.758] [nrf_sbi] [debug] Json data: null
[2026-09-27 18:50:47.299] [nrf_sbi] [info] Got a request to update an NF instance, Instance ID: b64a73f9-6961-4fdb-8232-006948f24f8d
[2026-09-27 18:50:47.299] [nrf_app] [info] Handle Update NF Instance request, NF type UDR (HTTP version 1)
[2026-09-27 18:50:47.299] [nrf_app] [info] NF Heart-Beat procedure!
[2026-09-27 18:50:47.299] [nrf_app] [debug] Replace member nfStatus with new value REGISTERED
[2026-09-27 18:50:47.299] [nrf_app] [info] Updated the NF profile (profile ID b64a73f9-6961-4fdb-8232-006948f24f8d)
[2026-09-27 18:50:47.299] [nrf_app] [debug] NF update for Heartbeat, current time 1790527847299
[2026-09-27 18:50:47.299] [nrf_app] [debug] Set NF status to REGISTERED
[2026-09-27 18:50:47.299] [nrf_sbi] [debug] Json data: null
[2026-09-27 18:50:49.339] [nrf_app] [info] 
Handle heartbeat timeout (NF update), NF instance ID b64a73f9-6961-4fdb-8232-006948f24f8d, time 1790527841308, current ms 1790527849339
[2026-09-27 18:50:52.578] [nrf_app] [info] 
Handle heartbeat timeout (NF update), NF instance ID a03368fc-0eff-4e3f-b71c-10e04357f8e1, time 1790527844484, current ms 1790527852578
[2026-09-27 18:50:52.687] [nrf_sbi] [info] Got a request to update an NF instance, Instance ID: 17ba2836-2822-46a6-a021-901a2fb65998
[2026-09-27 18:50:52.687] [nrf_app] [info] Handle Update NF Instance request, NF type AUSF (HTTP version 1)
[2026-09-27 18:50:52.687] [nrf_app] [info] NF Heart-Beat procedure!
[2026-09-27 18:50:52.687] [nrf_app] [debug] Replace member nfStatus with new value REGISTERED
[2026-09-27 18:50:52.687] [nrf_app] [info] Updated the NF profile (profile ID 17ba2836-2822-46a6-a021-901a2fb65998)
[2026-09-27 18:50:52.687] [nrf_app] [debug] NF update for Heartbeat, current time 1790527852687
[2026-09-27 18:50:52.687] [nrf_app] [debug] Set NF status to REGISTERED
[2026-09-27 18:50:52.687] [nrf_sbi] [debug] Json data: null
[2026-09-27 18:50:52.715] [nrf_sbi] [info] Got a request to update an NF instance, Instance ID: a03368fc-0eff-4e3f-b71c-10e04357f8e1
[2026-09-27 18:50:52.715] [nrf_app] [info] Handle Update NF Instance request, NF type SMF (HTTP version 1)
[2026-09-27 18:50:52.715] [nrf_app] [info] NF Heart-Beat procedure!
[2026-09-27 18:50:52.715] [nrf_app] [debug] Replace member nfStatus with new value REGISTERED
[2026-09-27 18:50:52.715] [nrf_app] [info] Updated the NF profile (profile ID a03368fc-0eff-4e3f-b71c-10e04357f8e1)
[2026-09-27 18:50:52.715] [nrf_app] [debug] NF update for Heartbeat, current time 1790527852715
[2026-09-27 18:50:52.715] [nrf_app] [debug] Set NF status to REGISTERED
[2026-09-27 18:50:52.715] [nrf_sbi] [debug] Json data: null
[2026-09-27 18:50:53.588] [nrf_app] [info] 
Handle heartbeat timeout (NF update), NF instance ID 4042849f-78a0-49bf-9f1a-180c59d6e83a, time 1790527845448, current ms 1790527853588
[2026-09-27 18:50:53.660] [nrf_sbi] [info] Got a request to update an NF instance, Instance ID: 4042849f-78a0-49bf-9f1a-180c59d6e83a
[2026-09-27 18:50:53.660] [nrf_app] [info] Handle Update NF Instance request, NF type AMF (HTTP version 1)
[2026-09-27 18:50:53.660] [nrf_app] [info] NF Heart-Beat procedure!
[2026-09-27 18:50:53.660] [nrf_app] [debug] Replace member nfStatus with new value REGISTERED
[2026-09-27 18:50:53.660] [nrf_app] [info] Updated the NF profile (profile ID 4042849f-78a0-49bf-9f1a-180c59d6e83a)
[2026-09-27 18:50:53.660] [nrf_app] [debug] NF update for Heartbeat, current time 1790527853660
[2026-09-27 18:50:53.660] [nrf_app] [debug] Set NF status to REGISTERED
[2026-09-27 18:50:53.660] [nrf_sbi] [debug] Json data: null
[2026-09-27 18:50:54.437] [nrf_sbi] [info] Got a request to update an NF instance, Instance ID: dc589e56-a136-40f6-8f20-a087068e856a
[2026-09-27 18:50:54.437] [nrf_app] [info] Handle Update NF Instance request, NF type UDM (HTTP version 1)
[2026-09-27 18:50:54.437] [nrf_app] [info] NF Heart-Beat procedure!
[2026-09-27 18:50:54.437] [nrf_app] [debug] Replace member nfStatus with new value REGISTERED
[2026-09-27 18:50:54.437] [nrf_app] [info] Updated the NF profile (profile ID dc589e56-a136-40f6-8f20-a087068e856a)
[2026-09-27 18:50:54.437] [nrf_app] [debug] NF update for Heartbeat, current time 1790527854437
[2026-09-27 18:50:54.437] [nrf_app] [debug] Set NF status to REGISTERED
[2026-09-27 18:50:54.437] [nrf_sbi] [debug] Json data: null
[2026-09-27 18:50:54.505] [nrf_app] [info] 
Handle heartbeat timeout (NF update), NF instance ID 17ba2836-2822-46a6-a021-901a2fb65998, time 1790527846354, current ms 1790527854505
[2026-09-27 18:50:56.519] [nrf_app] [info] 
Handle heartbeat timeout (NF update), NF instance ID dc589e56-a136-40f6-8f20-a087068e856a, time 1790527848331, current ms 1790527856519
[2026-09-27 18:50:56.753] [nrf_app] [info] 
Handle heartbeat timeout (NF update), NF instance ID 91dfee08-b1a6-4ce8-8f1c-ea9bf4341104, time 1790527848564, current ms 1790527856753
[2026-09-27 18:50:56.761] [nrf_sbi] [info] Got a request to update an NF instance, Instance ID: 91dfee08-b1a6-4ce8-8f1c-ea9bf4341104
[2026-09-27 18:50:56.761] [nrf_app] [info] Handle Update NF Instance request, NF type UPF (HTTP version 1)
[2026-09-27 18:50:56.761] [nrf_app] [info] NF Heart-Beat procedure!
[2026-09-27 18:50:56.761] [nrf_app] [debug] Replace member nfStatus with new value REGISTERED
[2026-09-27 18:50:56.761] [nrf_app] [info] Updated the NF profile (profile ID 91dfee08-b1a6-4ce8-8f1c-ea9bf4341104)
[2026-09-27 18:50:56.761] [nrf_app] [debug] NF update for Heartbeat, current time 1790527856761
[2026-09-27 18:50:56.761] [nrf_app] [debug] Set NF status to REGISTERED
[2026-09-27 18:50:56.761] [nrf_sbi] [debug] Json data: null
[2026-09-27 18:50:57.486] [nrf_sbi] [info] Got a request to update an NF instance, Instance ID: b64a73f9-6961-4fdb-8232-006948f24f8d
[2026-09-27 18:50:57.486] [nrf_app] [info] Handle Update NF Instance request, NF type UDR (HTTP version 1)
[2026-09-27 18:50:57.486] [nrf_app] [info] NF Heart-Beat procedure!
[2026-09-27 18:50:57.486] [nrf_app] [debug] Replace member nfStatus with new value REGISTERED
[2026-09-27 18:50:57.486] [nrf_app] [info] Updated the NF profile (profile ID b64a73f9-6961-4fdb-8232-006948f24f8d)
[2026-09-27 18:50:57.486] [nrf_app] [debug] NF update for Heartbeat, current time 1790527857486
[2026-09-27 18:50:57.486] [nrf_app] [debug] Set NF status to REGISTERED
[2026-09-27 18:50:57.486] [nrf_sbi] [debug] Json data: null
[2026-09-27 18:50:59.524] [nrf_app] [info] 
Handle heartbeat timeout (NF update), NF instance ID b64a73f9-6961-4fdb-8232-006948f24f8d, time 1790527851308, current ms 1790527859524
[2026-09-27 18:51:02.719] [nrf_sbi] [info] Got a request to update an NF instance, Instance ID: a03368fc-0eff-4e3f-b71c-10e04357f8e1
[2026-09-27 18:51:02.719] [nrf_app] [info] Handle Update NF Instance request, NF type SMF (HTTP version 1)
[2026-09-27 18:51:02.719] [nrf_app] [info] NF Heart-Beat procedure!
[2026-09-27 18:51:02.719] [nrf_app] [debug] Replace member nfStatus with new value REGISTERED
[2026-09-27 18:51:02.719] [nrf_app] [info] Updated the NF profile (profile ID a03368fc-0eff-4e3f-b71c-10e04357f8e1)
[2026-09-27 18:51:02.719] [nrf_app] [debug] NF update for Heartbeat, current time 1790527862719
[2026-09-27 18:51:02.719] [nrf_app] [debug] Set NF status to REGISTERED
[2026-09-27 18:51:02.719] [nrf_sbi] [debug] Json data: null
[2026-09-27 18:51:02.735] [nrf_app] [info] 
Handle heartbeat timeout (NF update), NF instance ID a03368fc-0eff-4e3f-b71c-10e04357f8e1, time 1790527854484, current ms 1790527862735
[2026-09-27 18:51:02.800] [nrf_sbi] [info] Got a request to update an NF instance, Instance ID: 17ba2836-2822-46a6-a021-901a2fb65998
[2026-09-27 18:51:02.800] [nrf_app] [info] Handle Update NF Instance request, NF type AUSF (HTTP version 1)
[2026-09-27 18:51:02.800] [nrf_app] [info] NF Heart-Beat procedure!
[2026-09-27 18:51:02.800] [nrf_app] [debug] Replace member nfStatus with new value REGISTERED
[2026-09-27 18:51:02.800] [nrf_app] [info] Updated the NF profile (profile ID 17ba2836-2822-46a6-a021-901a2fb65998)
[2026-09-27 18:51:02.800] [nrf_app] [debug] NF update for Heartbeat, current time 1790527862800
[2026-09-27 18:51:02.800] [nrf_app] [debug] Set NF status to REGISTERED
[2026-09-27 18:51:02.800] [nrf_sbi] [debug] Json data: null
[2026-09-27 18:51:03.664] [nrf_sbi] [info] Got a request to update an NF instance, Instance ID: 4042849f-78a0-49bf-9f1a-180c59d6e83a
[2026-09-27 18:51:03.664] [nrf_app] [info] Handle Update NF Instance request, NF type AMF (HTTP version 1)
[2026-09-27 18:51:03.664] [nrf_app] [info] NF Heart-Beat procedure!
[2026-09-27 18:51:03.664] [nrf_app] [debug] Replace member nfStatus with new value REGISTERED
[2026-09-27 18:51:03.664] [nrf_app] [info] Updated the NF profile (profile ID 4042849f-78a0-49bf-9f1a-180c59d6e83a)
[2026-09-27 18:51:03.664] [nrf_app] [debug] NF update for Heartbeat, current time 1790527863664
[2026-09-27 18:51:03.664] [nrf_app] [debug] Set NF status to REGISTERED
[2026-09-27 18:51:03.664] [nrf_sbi] [debug] Json data: null
[2026-09-27 18:51:03.705] [nrf_app] [info] 
Handle heartbeat timeout (NF update), NF instance ID 4042849f-78a0-49bf-9f1a-180c59d6e83a, time 1790527855448, current ms 1790527863705
[2026-09-27 18:51:04.556] [nrf_sbi] [info] Got a request to update an NF instance, Instance ID: dc589e56-a136-40f6-8f20-a087068e856a
[2026-09-27 18:51:04.556] [nrf_app] [info] Handle Update NF Instance request, NF type UDM (HTTP version 1)
[2026-09-27 18:51:04.556] [nrf_app] [info] NF Heart-Beat procedure!
[2026-09-27 18:51:04.556] [nrf_app] [debug] Replace member nfStatus with new value REGISTERED
[2026-09-27 18:51:04.556] [nrf_app] [info] Updated the NF profile (profile ID dc589e56-a136-40f6-8f20-a087068e856a)
[2026-09-27 18:51:04.556] [nrf_app] [debug] NF update for Heartbeat, current time 1790527864556
[2026-09-27 18:51:04.556] [nrf_app] [debug] Set NF status to REGISTERED
[2026-09-27 18:51:04.556] [nrf_sbi] [debug] Json data: null
[2026-09-27 18:51:04.616] [nrf_app] [info] 
Handle heartbeat timeout (NF update), NF instance ID 17ba2836-2822-46a6-a021-901a2fb65998, time 1790527856354, current ms 1790527864616
[2026-09-27 18:51:06.614] [nrf_app] [info] 
Handle heartbeat timeout (NF update), NF instance ID dc589e56-a136-40f6-8f20-a087068e856a, time 1790527858331, current ms 1790527866614
[2026-09-27 18:51:06.764] [nrf_sbi] [info] Got a request to update an NF instance, Instance ID: 91dfee08-b1a6-4ce8-8f1c-ea9bf4341104
[2026-09-27 18:51:06.764] [nrf_app] [info] Handle Update NF Instance request, NF type UPF (HTTP version 1)
[2026-09-27 18:51:06.764] [nrf_app] [info] NF Heart-Beat procedure!
[2026-09-27 18:51:06.764] [nrf_app] [debug] Replace member nfStatus with new value REGISTERED
[2026-09-27 18:51:06.764] [nrf_app] [info] Updated the NF profile (profile ID 91dfee08-b1a6-4ce8-8f1c-ea9bf4341104)
[2026-09-27 18:51:06.764] [nrf_app] [debug] NF update for Heartbeat, current time 1790527866764
[2026-09-27 18:51:06.764] [nrf_app] [debug] Set NF status to REGISTERED
[2026-09-27 18:51:06.764] [nrf_sbi] [debug] Json data: null
[2026-09-27 18:51:06.847] [nrf_app] [info] 
Handle heartbeat timeout (NF update), NF instance ID 91dfee08-b1a6-4ce8-8f1c-ea9bf4341104, time 1790527858564, current ms 1790527866847
[2026-09-27 18:51:07.585] [nrf_sbi] [info] Got a request to update an NF instance, Instance ID: b64a73f9-6961-4fdb-8232-006948f24f8d
[2026-09-27 18:51:07.586] [nrf_app] [info] Handle Update NF Instance request, NF type UDR (HTTP version 1)
[2026-09-27 18:51:07.586] [nrf_app] [info] NF Heart-Beat procedure!
[2026-09-27 18:51:07.586] [nrf_app] [debug] Replace member nfStatus with new value REGISTERED
[2026-09-27 18:51:07.586] [nrf_app] [info] Updated the NF profile (profile ID b64a73f9-6961-4fdb-8232-006948f24f8d)
[2026-09-27 18:51:07.586] [nrf_app] [debug] NF update for Heartbeat, current time 1790527867586
[2026-09-27 18:51:07.586] [nrf_app] [debug] Set NF status to REGISTERED
[2026-09-27 18:51:07.586] [nrf_sbi] [debug] Json data: null
[2026-09-27 18:51:09.628] [nrf_app] [info] 
Handle heartbeat timeout (NF update), NF instance ID b64a73f9-6961-4fdb-8232-006948f24f8d, time 1790527861308, current ms 1790527869628
[2026-09-27 18:51:12.722] [nrf_sbi] [info] Got a request to update an NF instance, Instance ID: a03368fc-0eff-4e3f-b71c-10e04357f8e1
[2026-09-27 18:51:12.722] [nrf_app] [info] Handle Update NF Instance request, NF type SMF (HTTP version 1)
[2026-09-27 18:51:12.722] [nrf_app] [info] NF Heart-Beat procedure!
[2026-09-27 18:51:12.722] [nrf_app] [debug] Replace member nfStatus with new value REGISTERED
[2026-09-27 18:51:12.722] [nrf_app] [info] Updated the NF profile (profile ID a03368fc-0eff-4e3f-b71c-10e04357f8e1)
[2026-09-27 18:51:12.722] [nrf_app] [debug] NF update for Heartbeat, current time 1790527872722
[2026-09-27 18:51:12.722] [nrf_app] [debug] Set NF status to REGISTERED
[2026-09-27 18:51:12.722] [nrf_sbi] [debug] Json data: null
[2026-09-27 18:51:12.831] [nrf_app] [info] 
Handle heartbeat timeout (NF update), NF instance ID a03368fc-0eff-4e3f-b71c-10e04357f8e1, time 1790527864484, current ms 1790527872831
[2026-09-27 18:51:12.916] [nrf_sbi] [info] Got a request to update an NF instance, Instance ID: 17ba2836-2822-46a6-a021-901a2fb65998
[2026-09-27 18:51:12.917] [nrf_app] [info] Handle Update NF Instance request, NF type AUSF (HTTP version 1)
[2026-09-27 18:51:12.917] [nrf_app] [info] NF Heart-Beat procedure!
[2026-09-27 18:51:12.917] [nrf_app] [debug] Replace member nfStatus with new value REGISTERED
[2026-09-27 18:51:12.917] [nrf_app] [info] Updated the NF profile (profile ID 17ba2836-2822-46a6-a021-901a2fb65998)
[2026-09-27 18:51:12.917] [nrf_app] [debug] NF update for Heartbeat, current time 1790527872917
[2026-09-27 18:51:12.917] [nrf_app] [debug] Set NF status to REGISTERED
[2026-09-27 18:51:12.917] [nrf_sbi] [debug] Json data: null
[2026-09-27 18:51:13.667] [nrf_sbi] [info] Got a request to update an NF instance, Instance ID: 4042849f-78a0-49bf-9f1a-180c59d6e83a
[2026-09-27 18:51:13.667] [nrf_app] [info] Handle Update NF Instance request, NF type AMF (HTTP version 1)
[2026-09-27 18:51:13.667] [nrf_app] [info] NF Heart-Beat procedure!
[2026-09-27 18:51:13.667] [nrf_app] [debug] Replace member nfStatus with new value REGISTERED
[2026-09-27 18:51:13.667] [nrf_app] [info] Updated the NF profile (profile ID 4042849f-78a0-49bf-9f1a-180c59d6e83a)
[2026-09-27 18:51:13.667] [nrf_app] [debug] NF update for Heartbeat, current time 1790527873667
[2026-09-27 18:51:13.667] [nrf_app] [debug] Set NF status to REGISTERED
[2026-09-27 18:51:13.667] [nrf_sbi] [debug] Json data: null
[2026-09-27 18:51:13.799] [nrf_app] [info] 
Handle heartbeat timeout (NF update), NF instance ID 4042849f-78a0-49bf-9f1a-180c59d6e83a, time 1790527865448, current ms 1790527873799
[2026-09-27 18:51:14.723] [nrf_sbi] [info] Got a request to update an NF instance, Instance ID: dc589e56-a136-40f6-8f20-a087068e856a
[2026-09-27 18:51:14.723] [nrf_app] [info] Handle Update NF Instance request, NF type UDM (HTTP version 1)
[2026-09-27 18:51:14.723] [nrf_app] [info] NF Heart-Beat procedure!
[2026-09-27 18:51:14.723] [nrf_app] [debug] Replace member nfStatus with new value REGISTERED
[2026-09-27 18:51:14.723] [nrf_app] [info] Updated the NF profile (profile ID dc589e56-a136-40f6-8f20-a087068e856a)
[2026-09-27 18:51:14.723] [nrf_app] [debug] NF update for Heartbeat, current time 1790527874723
[2026-09-27 18:51:14.723] [nrf_app] [debug] Set NF status to REGISTERED
[2026-09-27 18:51:14.723] [nrf_sbi] [debug] Json data: null
[2026-09-27 18:51:14.727] [nrf_app] [info] 
Handle heartbeat timeout (NF update), NF instance ID 17ba2836-2822-46a6-a021-901a2fb65998, time 1790527866354, current ms 1790527874727
[2026-09-27 18:51:16.721] [nrf_app] [info] 
Handle heartbeat timeout (NF update), NF instance ID dc589e56-a136-40f6-8f20-a087068e856a, time 1790527868331, current ms 1790527876721
[2026-09-27 18:51:16.766] [nrf_sbi] [info] Got a request to update an NF instance, Instance ID: 91dfee08-b1a6-4ce8-8f1c-ea9bf4341104
[2026-09-27 18:51:16.766] [nrf_app] [info] Handle Update NF Instance request, NF type UPF (HTTP version 1)
[2026-09-27 18:51:16.766] [nrf_app] [info] NF Heart-Beat procedure!
[2026-09-27 18:51:16.766] [nrf_app] [debug] Replace member nfStatus with new value REGISTERED
[2026-09-27 18:51:16.766] [nrf_app] [info] Updated the NF profile (profile ID 91dfee08-b1a6-4ce8-8f1c-ea9bf4341104)
[2026-09-27 18:51:16.766] [nrf_app] [debug] NF update for Heartbeat, current time 1790527876766
[2026-09-27 18:51:16.766] [nrf_app] [debug] Set NF status to REGISTERED
[2026-09-27 18:51:16.766] [nrf_sbi] [debug] Json data: null
[2026-09-27 18:51:16.954] [nrf_app] [info] 
Handle heartbeat timeout (NF update), NF instance ID 91dfee08-b1a6-4ce8-8f1c-ea9bf4341104, time 1790527868564, current ms 1790527876954
[2026-09-27 18:51:17.682] [nrf_sbi] [info] Got a request to update an NF instance, Instance ID: b64a73f9-6961-4fdb-8232-006948f24f8d
[2026-09-27 18:51:17.682] [nrf_app] [info] Handle Update NF Instance request, NF type UDR (HTTP version 1)
[2026-09-27 18:51:17.682] [nrf_app] [info] NF Heart-Beat procedure!
[2026-09-27 18:51:17.682] [nrf_app] [debug] Replace member nfStatus with new value REGISTERED
[2026-09-27 18:51:17.682] [nrf_app] [info] Updated the NF profile (profile ID b64a73f9-6961-4fdb-8232-006948f24f8d)
[2026-09-27 18:51:17.682] [nrf_app] [debug] NF update for Heartbeat, current time 1790527877682
[2026-09-27 18:51:17.682] [nrf_app] [debug] Set NF status to REGISTERED
[2026-09-27 18:51:17.682] [nrf_sbi] [debug] Json data: null
[2026-09-27 18:51:19.739] [nrf_app] [info] 
Handle heartbeat timeout (NF update), NF instance ID b64a73f9-6961-4fdb-8232-006948f24f8d, time 1790527871308, current ms 1790527879739
[2026-09-27 18:51:22.725] [nrf_sbi] [info] Got a request to update an NF instance, Instance ID: a03368fc-0eff-4e3f-b71c-10e04357f8e1
[2026-09-27 18:51:22.725] [nrf_app] [info] Handle Update NF Instance request, NF type SMF (HTTP version 1)
[2026-09-27 18:51:22.725] [nrf_app] [info] NF Heart-Beat procedure!
[2026-09-27 18:51:22.725] [nrf_app] [debug] Replace member nfStatus with new value REGISTERED
[2026-09-27 18:51:22.725] [nrf_app] [info] Updated the NF profile (profile ID a03368fc-0eff-4e3f-b71c-10e04357f8e1)
[2026-09-27 18:51:22.725] [nrf_app] [debug] NF update for Heartbeat, current time 1790527882725
[2026-09-27 18:51:22.725] [nrf_app] [debug] Set NF status to REGISTERED
[2026-09-27 18:51:22.725] [nrf_sbi] [debug] Json data: null
[2026-09-27 18:51:22.938] [nrf_app] [info] 
Handle heartbeat timeout (NF update), NF instance ID a03368fc-0eff-4e3f-b71c-10e04357f8e1, time 1790527874484, current ms 1790527882938
[2026-09-27 18:51:23.061] [nrf_sbi] [info] Got a request to update an NF instance, Instance ID: 17ba2836-2822-46a6-a021-901a2fb65998
[2026-09-27 18:51:23.061] [nrf_app] [info] Handle Update NF Instance request, NF type AUSF (HTTP version 1)
[2026-09-27 18:51:23.061] [nrf_app] [info] NF Heart-Beat procedure!
[2026-09-27 18:51:23.061] [nrf_app] [debug] Replace member nfStatus with new value REGISTERED
[2026-09-27 18:51:23.061] [nrf_app] [info] Updated the NF profile (profile ID 17ba2836-2822-46a6-a021-901a2fb65998)
[2026-09-27 18:51:23.061] [nrf_app] [debug] NF update for Heartbeat, current time 1790527883061
[2026-09-27 18:51:23.061] [nrf_app] [debug] Set NF status to REGISTERED
[2026-09-27 18:51:23.061] [nrf_sbi] [debug] Json data: null
[2026-09-27 18:51:23.670] [nrf_sbi] [info] Got a request to update an NF instance, Instance ID: 4042849f-78a0-49bf-9f1a-180c59d6e83a
[2026-09-27 18:51:23.670] [nrf_app] [info] Handle Update NF Instance request, NF type AMF (HTTP version 1)
[2026-09-27 18:51:23.670] [nrf_app] [info] NF Heart-Beat procedure!
[2026-09-27 18:51:23.670] [nrf_app] [debug] Replace member nfStatus with new value REGISTERED
[2026-09-27 18:51:23.670] [nrf_app] [info] Updated the NF profile (profile ID 4042849f-78a0-49bf-9f1a-180c59d6e83a)
[2026-09-27 18:51:23.670] [nrf_app] [debug] NF update for Heartbeat, current time 1790527883670
[2026-09-27 18:51:23.670] [nrf_app] [debug] Set NF status to REGISTERED
[2026-09-27 18:51:23.670] [nrf_sbi] [debug] Json data: null
[2026-09-27 18:51:23.912] [nrf_app] [info] 
Handle heartbeat timeout (NF update), NF instance ID 4042849f-78a0-49bf-9f1a-180c59d6e83a, time 1790527875448, current ms 1790527883912
[2026-09-27 18:51:24.828] [nrf_app] [info] 
Handle heartbeat timeout (NF update), NF instance ID 17ba2836-2822-46a6-a021-901a2fb65998, time 1790527876354, current ms 1790527884828
[2026-09-27 18:51:24.877] [nrf_sbi] [info] Got a request to update an NF instance, Instance ID: dc589e56-a136-40f6-8f20-a087068e856a
[2026-09-27 18:51:24.877] [nrf_app] [info] Handle Update NF Instance request, NF type UDM (HTTP version 1)
[2026-09-27 18:51:24.877] [nrf_app] [info] NF Heart-Beat procedure!
[2026-09-27 18:51:24.877] [nrf_app] [debug] Replace member nfStatus with new value REGISTERED
[2026-09-27 18:51:24.877] [nrf_app] [info] Updated the NF profile (profile ID dc589e56-a136-40f6-8f20-a087068e856a)
[2026-09-27 18:51:24.877] [nrf_app] [debug] NF update for Heartbeat, current time 1790527884877
[2026-09-27 18:51:24.877] [nrf_app] [debug] Set NF status to REGISTERED
[2026-09-27 18:51:24.877] [nrf_sbi] [debug] Json data: null
[2026-09-27 18:51:26.769] [nrf_sbi] [info] Got a request to update an NF instance, Instance ID: 91dfee08-b1a6-4ce8-8f1c-ea9bf4341104
[2026-09-27 18:51:26.769] [nrf_app] [info] Handle Update NF Instance request, NF type UPF (HTTP version 1)
[2026-09-27 18:51:26.769] [nrf_app] [info] NF Heart-Beat procedure!
[2026-09-27 18:51:26.769] [nrf_app] [debug] Replace member nfStatus with new value REGISTERED
[2026-09-27 18:51:26.769] [nrf_app] [info] Updated the NF profile (profile ID 91dfee08-b1a6-4ce8-8f1c-ea9bf4341104)
[2026-09-27 18:51:26.769] [nrf_app] [debug] NF update for Heartbeat, current time 1790527886769
[2026-09-27 18:51:26.769] [nrf_app] [debug] Set NF status to REGISTERED
[2026-09-27 18:51:26.769] [nrf_sbi] [debug] Json data: null
[2026-09-27 18:51:26.829] [nrf_app] [info] 
Handle heartbeat timeout (NF update), NF instance ID dc589e56-a136-40f6-8f20-a087068e856a, time 1790527878331, current ms 1790527886829
[2026-09-27 18:51:27.065] [nrf_app] [info] 
Handle heartbeat timeout (NF update), NF instance ID 91dfee08-b1a6-4ce8-8f1c-ea9bf4341104, time 1790527878564, current ms 1790527887065
[2026-09-27 18:51:27.788] [nrf_sbi] [info] Got a request to update an NF instance, Instance ID: b64a73f9-6961-4fdb-8232-006948f24f8d
[2026-09-27 18:51:27.788] [nrf_app] [info] Handle Update NF Instance request, NF type UDR (HTTP version 1)
[2026-09-27 18:51:27.788] [nrf_app] [info] NF Heart-Beat procedure!
[2026-09-27 18:51:27.788] [nrf_app] [debug] Replace member nfStatus with new value REGISTERED
[2026-09-27 18:51:27.788] [nrf_app] [info] Updated the NF profile (profile ID b64a73f9-6961-4fdb-8232-006948f24f8d)
[2026-09-27 18:51:27.788] [nrf_app] [debug] NF update for Heartbeat, current time 1790527887788
[2026-09-27 18:51:27.788] [nrf_app] [debug] Set NF status to REGISTERED
[2026-09-27 18:51:27.788] [nrf_sbi] [debug] Json data: null
[2026-09-27 18:51:29.851] [nrf_app] [info] 
Handle heartbeat timeout (NF update), NF instance ID b64a73f9-6961-4fdb-8232-006948f24f8d, time 1790527881308, current ms 1790527889851
[2026-09-27 18:51:32.729] [nrf_sbi] [info] Got a request to update an NF instance, Instance ID: a03368fc-0eff-4e3f-b71c-10e04357f8e1
[2026-09-27 18:51:32.729] [nrf_app] [info] Handle Update NF Instance request, NF type SMF (HTTP version 1)
[2026-09-27 18:51:32.729] [nrf_app] [info] NF Heart-Beat procedure!
[2026-09-27 18:51:32.729] [nrf_app] [debug] Replace member nfStatus with new value REGISTERED
[2026-09-27 18:51:32.729] [nrf_app] [info] Updated the NF profile (profile ID a03368fc-0eff-4e3f-b71c-10e04357f8e1)
[2026-09-27 18:51:32.729] [nrf_app] [debug] NF update for Heartbeat, current time 1790527892729
[2026-09-27 18:51:32.729] [nrf_app] [debug] Set NF status to REGISTERED
[2026-09-27 18:51:32.729] [nrf_sbi] [debug] Json data: null
[2026-09-27 18:51:33.058] [nrf_app] [info] 
Handle heartbeat timeout (NF update), NF instance ID a03368fc-0eff-4e3f-b71c-10e04357f8e1, time 1790527884484, current ms 1790527893058
[2026-09-27 18:51:33.156] [nrf_sbi] [info] Got a request to update an NF instance, Instance ID: 17ba2836-2822-46a6-a021-901a2fb65998
[2026-09-27 18:51:33.156] [nrf_app] [info] Handle Update NF Instance request, NF type AUSF (HTTP version 1)
[2026-09-27 18:51:33.156] [nrf_app] [info] NF Heart-Beat procedure!
[2026-09-27 18:51:33.156] [nrf_app] [debug] Replace member nfStatus with new value REGISTERED
[2026-09-27 18:51:33.156] [nrf_app] [info] Updated the NF profile (profile ID 17ba2836-2822-46a6-a021-901a2fb65998)
[2026-09-27 18:51:33.156] [nrf_app] [debug] NF update for Heartbeat, current time 1790527893156
[2026-09-27 18:51:33.156] [nrf_app] [debug] Set NF status to REGISTERED
[2026-09-27 18:51:33.156] [nrf_sbi] [debug] Json data: null
[2026-09-27 18:51:33.673] [nrf_sbi] [info] Got a request to update an NF instance, Instance ID: 4042849f-78a0-49bf-9f1a-180c59d6e83a
[2026-09-27 18:51:33.673] [nrf_app] [info] Handle Update NF Instance request, NF type AMF (HTTP version 1)
[2026-09-27 18:51:33.673] [nrf_app] [info] NF Heart-Beat procedure!
[2026-09-27 18:51:33.673] [nrf_app] [debug] Replace member nfStatus with new value REGISTERED
[2026-09-27 18:51:33.673] [nrf_app] [info] Updated the NF profile (profile ID 4042849f-78a0-49bf-9f1a-180c59d6e83a)
[2026-09-27 18:51:33.673] [nrf_app] [debug] NF update for Heartbeat, current time 1790527893673
[2026-09-27 18:51:33.673] [nrf_app] [debug] Set NF status to REGISTERED
[2026-09-27 18:51:33.673] [nrf_sbi] [debug] Json data: null
[2026-09-27 18:51:34.026] [nrf_app] [info] 
Handle heartbeat timeout (NF update), NF instance ID 4042849f-78a0-49bf-9f1a-180c59d6e83a, time 1790527885448, current ms 1790527894026
[2026-09-27 18:51:34.943] [nrf_app] [info] 
Handle heartbeat timeout (NF update), NF instance ID 17ba2836-2822-46a6-a021-901a2fb65998, time 1790527886354, current ms 1790527894943
[2026-09-27 18:51:34.987] [nrf_sbi] [info] Got a request to update an NF instance, Instance ID: dc589e56-a136-40f6-8f20-a087068e856a
[2026-09-27 18:51:34.987] [nrf_app] [info] Handle Update NF Instance request, NF type UDM (HTTP version 1)
[2026-09-27 18:51:34.987] [nrf_app] [info] NF Heart-Beat procedure!
[2026-09-27 18:51:34.987] [nrf_app] [debug] Replace member nfStatus with new value REGISTERED
[2026-09-27 18:51:34.987] [nrf_app] [info] Updated the NF profile (profile ID dc589e56-a136-40f6-8f20-a087068e856a)
[2026-09-27 18:51:34.987] [nrf_app] [debug] NF update for Heartbeat, current time 1790527894987
[2026-09-27 18:51:34.987] [nrf_app] [debug] Set NF status to REGISTERED
[2026-09-27 18:51:34.987] [nrf_sbi] [debug] Json data: null
[2026-09-27 18:51:36.772] [nrf_sbi] [info] Got a request to update an NF instance, Instance ID: 91dfee08-b1a6-4ce8-8f1c-ea9bf4341104
[2026-09-27 18:51:36.772] [nrf_app] [info] Handle Update NF Instance request, NF type UPF (HTTP version 1)
[2026-09-27 18:51:36.772] [nrf_app] [info] NF Heart-Beat procedure!
[2026-09-27 18:51:36.772] [nrf_app] [debug] Replace member nfStatus with new value REGISTERED
[2026-09-27 18:51:36.772] [nrf_app] [info] Updated the NF profile (profile ID 91dfee08-b1a6-4ce8-8f1c-ea9bf4341104)
[2026-09-27 18:51:36.772] [nrf_app] [debug] NF update for Heartbeat, current time 1790527896772
[2026-09-27 18:51:36.772] [nrf_app] [debug] Set NF status to REGISTERED
[2026-09-27 18:51:36.772] [nrf_sbi] [debug] Json data: null
[2026-09-27 18:51:36.955] [nrf_app] [info] 
Handle heartbeat timeout (NF update), NF instance ID dc589e56-a136-40f6-8f20-a087068e856a, time 1790527888331, current ms 1790527896955
[2026-09-27 18:51:37.190] [nrf_app] [info] 
Handle heartbeat timeout (NF update), NF instance ID 91dfee08-b1a6-4ce8-8f1c-ea9bf4341104, time 1790527888564, current ms 1790527897190
[2026-09-27 18:51:37.906] [nrf_sbi] [info] Got a request to update an NF instance, Instance ID: b64a73f9-6961-4fdb-8232-006948f24f8d
[2026-09-27 18:51:37.906] [nrf_app] [info] Handle Update NF Instance request, NF type UDR (HTTP version 1)
[2026-09-27 18:51:37.907] [nrf_app] [info] NF Heart-Beat procedure!
[2026-09-27 18:51:37.907] [nrf_app] [debug] Replace member nfStatus with new value REGISTERED
[2026-09-27 18:51:37.907] [nrf_app] [info] Updated the NF profile (profile ID b64a73f9-6961-4fdb-8232-006948f24f8d)
[2026-09-27 18:51:37.907] [nrf_app] [debug] NF update for Heartbeat, current time 1790527897907
[2026-09-27 18:51:37.907] [nrf_app] [debug] Set NF status to REGISTERED
[2026-09-27 18:51:37.907] [nrf_sbi] [debug] Json data: null
[2026-09-27 18:51:40.006] [nrf_app] [info] 
Handle heartbeat timeout (NF update), NF instance ID b64a73f9-6961-4fdb-8232-006948f24f8d, time 1790527891308, current ms 1790527900006
[2026-09-27 18:51:42.732] [nrf_sbi] [info] Got a request to update an NF instance, Instance ID: a03368fc-0eff-4e3f-b71c-10e04357f8e1
[2026-09-27 18:51:42.732] [nrf_app] [info] Handle Update NF Instance request, NF type SMF (HTTP version 1)
[2026-09-27 18:51:42.732] [nrf_app] [info] NF Heart-Beat procedure!
[2026-09-27 18:51:42.732] [nrf_app] [debug] Replace member nfStatus with new value REGISTERED
[2026-09-27 18:51:42.732] [nrf_app] [info] Updated the NF profile (profile ID a03368fc-0eff-4e3f-b71c-10e04357f8e1)
[2026-09-27 18:51:42.732] [nrf_app] [debug] NF update for Heartbeat, current time 1790527902732
[2026-09-27 18:51:42.732] [nrf_app] [debug] Set NF status to REGISTERED
[2026-09-27 18:51:42.732] [nrf_sbi] [debug] Json data: null
[2026-09-27 18:51:43.232] [nrf_app] [info] 
Handle heartbeat timeout (NF update), NF instance ID a03368fc-0eff-4e3f-b71c-10e04357f8e1, time 1790527894484, current ms 1790527903232
[2026-09-27 18:51:43.353] [nrf_sbi] [info] Got a request to update an NF instance, Instance ID: 17ba2836-2822-46a6-a021-901a2fb65998
[2026-09-27 18:51:43.354] [nrf_app] [info] Handle Update NF Instance request, NF type AUSF (HTTP version 1)
[2026-09-27 18:51:43.354] [nrf_app] [info] NF Heart-Beat procedure!
[2026-09-27 18:51:43.354] [nrf_app] [debug] Replace member nfStatus with new value REGISTERED
[2026-09-27 18:51:43.354] [nrf_app] [info] Updated the NF profile (profile ID 17ba2836-2822-46a6-a021-901a2fb65998)
[2026-09-27 18:51:43.354] [nrf_app] [debug] NF update for Heartbeat, current time 1790527903354
[2026-09-27 18:51:43.354] [nrf_app] [debug] Set NF status to REGISTERED
[2026-09-27 18:51:43.354] [nrf_sbi] [debug] Json data: null
[2026-09-27 18:51:43.677] [nrf_sbi] [info] Got a request to update an NF instance, Instance ID: 4042849f-78a0-49bf-9f1a-180c59d6e83a
[2026-09-27 18:51:43.677] [nrf_app] [info] Handle Update NF Instance request, NF type AMF (HTTP version 1)
[2026-09-27 18:51:43.677] [nrf_app] [info] NF Heart-Beat procedure!
[2026-09-27 18:51:43.677] [nrf_app] [debug] Replace member nfStatus with new value REGISTERED
[2026-09-27 18:51:43.677] [nrf_app] [info] Updated the NF profile (profile ID 4042849f-78a0-49bf-9f1a-180c59d6e83a)
[2026-09-27 18:51:43.677] [nrf_app] [debug] NF update for Heartbeat, current time 1790527903677
[2026-09-27 18:51:43.677] [nrf_app] [debug] Set NF status to REGISTERED
[2026-09-27 18:51:43.677] [nrf_sbi] [debug] Json data: null
[2026-09-27 18:51:44.207] [nrf_app] [info] 
Handle heartbeat timeout (NF update), NF instance ID 4042849f-78a0-49bf-9f1a-180c59d6e83a, time 1790527895448, current ms 1790527904207
[2026-09-27 18:51:45.125] [nrf_app] [info] 
Handle heartbeat timeout (NF update), NF instance ID 17ba2836-2822-46a6-a021-901a2fb65998, time 1790527896354, current ms 1790527905125
[2026-09-27 18:51:45.191] [nrf_sbi] [info] Got a request to update an NF instance, Instance ID: dc589e56-a136-40f6-8f20-a087068e856a
[2026-09-27 18:51:45.191] [nrf_app] [info] Handle Update NF Instance request, NF type UDM (HTTP version 1)
[2026-09-27 18:51:45.191] [nrf_app] [info] NF Heart-Beat procedure!
[2026-09-27 18:51:45.191] [nrf_app] [debug] Replace member nfStatus with new value REGISTERED
[2026-09-27 18:51:45.191] [nrf_app] [info] Updated the NF profile (profile ID dc589e56-a136-40f6-8f20-a087068e856a)
[2026-09-27 18:51:45.191] [nrf_app] [debug] NF update for Heartbeat, current time 1790527905191
[2026-09-27 18:51:45.191] [nrf_app] [debug] Set NF status to REGISTERED
[2026-09-27 18:51:45.191] [nrf_sbi] [debug] Json data: null
[2026-09-27 18:51:46.774] [nrf_sbi] [info] Got a request to update an NF instance, Instance ID: 91dfee08-b1a6-4ce8-8f1c-ea9bf4341104
[2026-09-27 18:51:46.774] [nrf_app] [info] Handle Update NF Instance request, NF type UPF (HTTP version 1)
[2026-09-27 18:51:46.774] [nrf_app] [info] NF Heart-Beat procedure!
[2026-09-27 18:51:46.774] [nrf_app] [debug] Replace member nfStatus with new value REGISTERED
[2026-09-27 18:51:46.774] [nrf_app] [info] Updated the NF profile (profile ID 91dfee08-b1a6-4ce8-8f1c-ea9bf4341104)
[2026-09-27 18:51:46.774] [nrf_app] [debug] NF update for Heartbeat, current time 1790527906774
[2026-09-27 18:51:46.774] [nrf_app] [debug] Set NF status to REGISTERED
[2026-09-27 18:51:46.774] [nrf_sbi] [debug] Json data: null
[2026-09-27 18:51:47.142] [nrf_app] [info] 
Handle heartbeat timeout (NF update), NF instance ID dc589e56-a136-40f6-8f20-a087068e856a, time 1790527898331, current ms 1790527907142
[2026-09-27 18:51:47.384] [nrf_app] [info] 
Handle heartbeat timeout (NF update), NF instance ID 91dfee08-b1a6-4ce8-8f1c-ea9bf4341104, time 1790527898564, current ms 1790527907384
[2026-09-27 18:51:48.102] [nrf_sbi] [info] Got a request to update an NF instance, Instance ID: b64a73f9-6961-4fdb-8232-006948f24f8d
[2026-09-27 18:51:48.102] [nrf_app] [info] Handle Update NF Instance request, NF type UDR (HTTP version 1)
[2026-09-27 18:51:48.102] [nrf_app] [info] NF Heart-Beat procedure!
[2026-09-27 18:51:48.102] [nrf_app] [debug] Replace member nfStatus with new value REGISTERED
[2026-09-27 18:51:48.102] [nrf_app] [info] Updated the NF profile (profile ID b64a73f9-6961-4fdb-8232-006948f24f8d)
[2026-09-27 18:51:48.102] [nrf_app] [debug] NF update for Heartbeat, current time 1790527908102
[2026-09-27 18:51:48.102] [nrf_app] [debug] Set NF status to REGISTERED
[2026-09-27 18:51:48.102] [nrf_sbi] [debug] Json data: null
[2026-09-27 18:51:50.147] [nrf_app] [info] 
Handle heartbeat timeout (NF update), NF instance ID b64a73f9-6961-4fdb-8232-006948f24f8d, time 1790527901308, current ms 1790527910147
[2026-09-27 18:51:52.735] [nrf_sbi] [info] Got a request to update an NF instance, Instance ID: a03368fc-0eff-4e3f-b71c-10e04357f8e1
[2026-09-27 18:51:52.735] [nrf_app] [info] Handle Update NF Instance request, NF type SMF (HTTP version 1)
[2026-09-27 18:51:52.735] [nrf_app] [info] NF Heart-Beat procedure!
[2026-09-27 18:51:52.735] [nrf_app] [debug] Replace member nfStatus with new value REGISTERED
[2026-09-27 18:51:52.735] [nrf_app] [info] Updated the NF profile (profile ID a03368fc-0eff-4e3f-b71c-10e04357f8e1)
[2026-09-27 18:51:52.735] [nrf_app] [debug] NF update for Heartbeat, current time 1790527912735
[2026-09-27 18:51:52.735] [nrf_app] [debug] Set NF status to REGISTERED
[2026-09-27 18:51:52.735] [nrf_sbi] [debug] Json data: null
[2026-09-27 18:51:53.356] [nrf_app] [info] 
Handle heartbeat timeout (NF update), NF instance ID a03368fc-0eff-4e3f-b71c-10e04357f8e1, time 1790527904484, current ms 1790527913356
[2026-09-27 18:51:53.430] [nrf_sbi] [info] Got a request to update an NF instance, Instance ID: 17ba2836-2822-46a6-a021-901a2fb65998
[2026-09-27 18:51:53.430] [nrf_app] [info] Handle Update NF Instance request, NF type AUSF (HTTP version 1)
[2026-09-27 18:51:53.430] [nrf_app] [info] NF Heart-Beat procedure!
[2026-09-27 18:51:53.430] [nrf_app] [debug] Replace member nfStatus with new value REGISTERED
[2026-09-27 18:51:53.430] [nrf_app] [info] Updated the NF profile (profile ID 17ba2836-2822-46a6-a021-901a2fb65998)
[2026-09-27 18:51:53.430] [nrf_app] [debug] NF update for Heartbeat, current time 1790527913430
[2026-09-27 18:51:53.430] [nrf_app] [debug] Set NF status to REGISTERED
[2026-09-27 18:51:53.430] [nrf_sbi] [debug] Json data: null
[2026-09-27 18:51:53.679] [nrf_sbi] [info] Got a request to update an NF instance, Instance ID: 4042849f-78a0-49bf-9f1a-180c59d6e83a
[2026-09-27 18:51:53.680] [nrf_app] [info] Handle Update NF Instance request, NF type AMF (HTTP version 1)
[2026-09-27 18:51:53.680] [nrf_app] [info] NF Heart-Beat procedure!
[2026-09-27 18:51:53.680] [nrf_app] [debug] Replace member nfStatus with new value REGISTERED
[2026-09-27 18:51:53.680] [nrf_app] [info] Updated the NF profile (profile ID 4042849f-78a0-49bf-9f1a-180c59d6e83a)
[2026-09-27 18:51:53.680] [nrf_app] [debug] NF update for Heartbeat, current time 1790527913680
[2026-09-27 18:51:53.680] [nrf_app] [debug] Set NF status to REGISTERED
[2026-09-27 18:51:53.680] [nrf_sbi] [debug] Json data: null
[2026-09-27 18:51:54.327] [nrf_app] [info] 
Handle heartbeat timeout (NF update), NF instance ID 4042849f-78a0-49bf-9f1a-180c59d6e83a, time 1790527905448, current ms 1790527914327
[2026-09-27 18:51:55.238] [nrf_app] [info] 
Handle heartbeat timeout (NF update), NF instance ID 17ba2836-2822-46a6-a021-901a2fb65998, time 1790527906354, current ms 1790527915238
[2026-09-27 18:51:55.269] [nrf_sbi] [info] Got a request to update an NF instance, Instance ID: dc589e56-a136-40f6-8f20-a087068e856a
[2026-09-27 18:51:55.269] [nrf_app] [info] Handle Update NF Instance request, NF type UDM (HTTP version 1)
[2026-09-27 18:51:55.269] [nrf_app] [info] NF Heart-Beat procedure!
[2026-09-27 18:51:55.269] [nrf_app] [debug] Replace member nfStatus with new value REGISTERED
[2026-09-27 18:51:55.269] [nrf_app] [info] Updated the NF profile (profile ID dc589e56-a136-40f6-8f20-a087068e856a)
[2026-09-27 18:51:55.269] [nrf_app] [debug] NF update for Heartbeat, current time 1790527915269
[2026-09-27 18:51:55.269] [nrf_app] [debug] Set NF status to REGISTERED
[2026-09-27 18:51:55.269] [nrf_sbi] [debug] Json data: null
[2026-09-27 18:51:56.777] [nrf_sbi] [info] Got a request to update an NF instance, Instance ID: 91dfee08-b1a6-4ce8-8f1c-ea9bf4341104
[2026-09-27 18:51:56.777] [nrf_app] [info] Handle Update NF Instance request, NF type UPF (HTTP version 1)
[2026-09-27 18:51:56.777] [nrf_app] [info] NF Heart-Beat procedure!
[2026-09-27 18:51:56.777] [nrf_app] [debug] Replace member nfStatus with new value REGISTERED
[2026-09-27 18:51:56.777] [nrf_app] [info] Updated the NF profile (profile ID 91dfee08-b1a6-4ce8-8f1c-ea9bf4341104)
[2026-09-27 18:51:56.777] [nrf_app] [debug] NF update for Heartbeat, current time 1790527916777
[2026-09-27 18:51:56.777] [nrf_app] [debug] Set NF status to REGISTERED
[2026-09-27 18:51:56.777] [nrf_sbi] [debug] Json data: null
[2026-09-27 18:51:57.232] [nrf_app] [info] 
Handle heartbeat timeout (NF update), NF instance ID dc589e56-a136-40f6-8f20-a087068e856a, time 1790527908331, current ms 1790527917232
[2026-09-27 18:51:57.466] [nrf_app] [info] 
Handle heartbeat timeout (NF update), NF instance ID 91dfee08-b1a6-4ce8-8f1c-ea9bf4341104, time 1790527908564, current ms 1790527917466
[2026-09-27 18:51:58.196] [nrf_sbi] [info] Got a request to update an NF instance, Instance ID: b64a73f9-6961-4fdb-8232-006948f24f8d
[2026-09-27 18:51:58.196] [nrf_app] [info] Handle Update NF Instance request, NF type UDR (HTTP version 1)
[2026-09-27 18:51:58.196] [nrf_app] [info] NF Heart-Beat procedure!
[2026-09-27 18:51:58.196] [nrf_app] [debug] Replace member nfStatus with new value REGISTERED
[2026-09-27 18:51:58.196] [nrf_app] [info] Updated the NF profile (profile ID b64a73f9-6961-4fdb-8232-006948f24f8d)
[2026-09-27 18:51:58.196] [nrf_app] [debug] NF update for Heartbeat, current time 1790527918196
[2026-09-27 18:51:58.196] [nrf_app] [debug] Set NF status to REGISTERED
[2026-09-27 18:51:58.196] [nrf_sbi] [debug] Json data: null
[2026-09-27 18:52:00.224] [nrf_app] [info] 
Handle heartbeat timeout (NF update), NF instance ID b64a73f9-6961-4fdb-8232-006948f24f8d, time 1790527911308, current ms 1790527920224
[2026-09-27 18:52:02.738] [nrf_sbi] [info] Got a request to update an NF instance, Instance ID: a03368fc-0eff-4e3f-b71c-10e04357f8e1
[2026-09-27 18:52:02.738] [nrf_app] [info] Handle Update NF Instance request, NF type SMF (HTTP version 1)
[2026-09-27 18:52:02.738] [nrf_app] [info] NF Heart-Beat procedure!
[2026-09-27 18:52:02.738] [nrf_app] [debug] Replace member nfStatus with new value REGISTERED
[2026-09-27 18:52:02.738] [nrf_app] [info] Updated the NF profile (profile ID a03368fc-0eff-4e3f-b71c-10e04357f8e1)
[2026-09-27 18:52:02.738] [nrf_app] [debug] NF update for Heartbeat, current time 1790527922738
[2026-09-27 18:52:02.738] [nrf_app] [debug] Set NF status to REGISTERED
[2026-09-27 18:52:02.738] [nrf_sbi] [debug] Json data: null
[2026-09-27 18:52:03.435] [nrf_app] [info] 
Handle heartbeat timeout (NF update), NF instance ID a03368fc-0eff-4e3f-b71c-10e04357f8e1, time 1790527914484, current ms 1790527923435
[2026-09-27 18:52:03.523] [nrf_sbi] [info] Got a request to update an NF instance, Instance ID: 17ba2836-2822-46a6-a021-901a2fb65998
[2026-09-27 18:52:03.523] [nrf_app] [info] Handle Update NF Instance request, NF type AUSF (HTTP version 1)
[2026-09-27 18:52:03.523] [nrf_app] [info] NF Heart-Beat procedure!
[2026-09-27 18:52:03.523] [nrf_app] [debug] Replace member nfStatus with new value REGISTERED
[2026-09-27 18:52:03.523] [nrf_app] [info] Updated the NF profile (profile ID 17ba2836-2822-46a6-a021-901a2fb65998)
[2026-09-27 18:52:03.523] [nrf_app] [debug] NF update for Heartbeat, current time 1790527923523
[2026-09-27 18:52:03.523] [nrf_app] [debug] Set NF status to REGISTERED
[2026-09-27 18:52:03.523] [nrf_sbi] [debug] Json data: null
[2026-09-27 18:52:03.683] [nrf_sbi] [info] Got a request to update an NF instance, Instance ID: 4042849f-78a0-49bf-9f1a-180c59d6e83a
[2026-09-27 18:52:03.683] [nrf_app] [info] Handle Update NF Instance request, NF type AMF (HTTP version 1)
[2026-09-27 18:52:03.683] [nrf_app] [info] NF Heart-Beat procedure!
[2026-09-27 18:52:03.683] [nrf_app] [debug] Replace member nfStatus with new value REGISTERED
[2026-09-27 18:52:03.683] [nrf_app] [info] Updated the NF profile (profile ID 4042849f-78a0-49bf-9f1a-180c59d6e83a)
[2026-09-27 18:52:03.683] [nrf_app] [debug] NF update for Heartbeat, current time 1790527923683
[2026-09-27 18:52:03.683] [nrf_app] [debug] Set NF status to REGISTERED
[2026-09-27 18:52:03.683] [nrf_sbi] [debug] Json data: null
[2026-09-27 18:52:04.406] [nrf_app] [info] 
Handle heartbeat timeout (NF update), NF instance ID 4042849f-78a0-49bf-9f1a-180c59d6e83a, time 1790527915448, current ms 1790527924406
[2026-09-27 18:52:05.321] [nrf_app] [info] 
Handle heartbeat timeout (NF update), NF instance ID 17ba2836-2822-46a6-a021-901a2fb65998, time 1790527916354, current ms 1790527925321
[2026-09-27 18:52:05.378] [nrf_sbi] [info] Got a request to update an NF instance, Instance ID: dc589e56-a136-40f6-8f20-a087068e856a
[2026-09-27 18:52:05.378] [nrf_app] [info] Handle Update NF Instance request, NF type UDM (HTTP version 1)
[2026-09-27 18:52:05.378] [nrf_app] [info] NF Heart-Beat procedure!
[2026-09-27 18:52:05.378] [nrf_app] [debug] Replace member nfStatus with new value REGISTERED
[2026-09-27 18:52:05.378] [nrf_app] [info] Updated the NF profile (profile ID dc589e56-a136-40f6-8f20-a087068e856a)
[2026-09-27 18:52:05.378] [nrf_app] [debug] NF update for Heartbeat, current time 1790527925378
[2026-09-27 18:52:05.378] [nrf_app] [debug] Set NF status to REGISTERED
[2026-09-27 18:52:05.378] [nrf_sbi] [debug] Json data: null
[2026-09-27 18:52:06.780] [nrf_sbi] [info] Got a request to update an NF instance, Instance ID: 91dfee08-b1a6-4ce8-8f1c-ea9bf4341104
[2026-09-27 18:52:06.780] [nrf_app] [info] Handle Update NF Instance request, NF type UPF (HTTP version 1)
[2026-09-27 18:52:06.780] [nrf_app] [info] NF Heart-Beat procedure!
[2026-09-27 18:52:06.780] [nrf_app] [debug] Replace member nfStatus with new value REGISTERED
[2026-09-27 18:52:06.780] [nrf_app] [info] Updated the NF profile (profile ID 91dfee08-b1a6-4ce8-8f1c-ea9bf4341104)
[2026-09-27 18:52:06.780] [nrf_app] [debug] NF update for Heartbeat, current time 1790527926780
[2026-09-27 18:52:06.780] [nrf_app] [debug] Set NF status to REGISTERED
[2026-09-27 18:52:06.780] [nrf_sbi] [debug] Json data: null
[2026-09-27 18:52:07.328] [nrf_app] [info] 
Handle heartbeat timeout (NF update), NF instance ID dc589e56-a136-40f6-8f20-a087068e856a, time 1790527918331, current ms 1790527927328
[2026-09-27 18:52:07.564] [nrf_app] [info] 
Handle heartbeat timeout (NF update), NF instance ID 91dfee08-b1a6-4ce8-8f1c-ea9bf4341104, time 1790527918564, current ms 1790527927564
[2026-09-27 18:52:08.285] [nrf_sbi] [info] Got a request to update an NF instance, Instance ID: b64a73f9-6961-4fdb-8232-006948f24f8d
[2026-09-27 18:52:08.285] [nrf_app] [info] Handle Update NF Instance request, NF type UDR (HTTP version 1)
[2026-09-27 18:52:08.285] [nrf_app] [info] NF Heart-Beat procedure!
[2026-09-27 18:52:08.285] [nrf_app] [debug] Replace member nfStatus with new value REGISTERED
[2026-09-27 18:52:08.285] [nrf_app] [info] Updated the NF profile (profile ID b64a73f9-6961-4fdb-8232-006948f24f8d)
[2026-09-27 18:52:08.285] [nrf_app] [debug] NF update for Heartbeat, current time 1790527928285
[2026-09-27 18:52:08.285] [nrf_app] [debug] Set NF status to REGISTERED
[2026-09-27 18:52:08.285] [nrf_sbi] [debug] Json data: null
[2026-09-27 18:52:10.352] [nrf_app] [info] 
Handle heartbeat timeout (NF update), NF instance ID b64a73f9-6961-4fdb-8232-006948f24f8d, time 1790527921308, current ms 1790527930352
[2026-09-27 18:52:12.741] [nrf_sbi] [info] Got a request to update an NF instance, Instance ID: a03368fc-0eff-4e3f-b71c-10e04357f8e1
[2026-09-27 18:52:12.741] [nrf_app] [info] Handle Update NF Instance request, NF type SMF (HTTP version 1)
[2026-09-27 18:52:12.741] [nrf_app] [info] NF Heart-Beat procedure!
[2026-09-27 18:52:12.741] [nrf_app] [debug] Replace member nfStatus with new value REGISTERED
[2026-09-27 18:52:12.741] [nrf_app] [info] Updated the NF profile (profile ID a03368fc-0eff-4e3f-b71c-10e04357f8e1)
[2026-09-27 18:52:12.741] [nrf_app] [debug] NF update for Heartbeat, current time 1790527932741
[2026-09-27 18:52:12.741] [nrf_app] [debug] Set NF status to REGISTERED
[2026-09-27 18:52:12.741] [nrf_sbi] [debug] Json data: null
[2026-09-27 18:52:13.622] [nrf_app] [info] 
Handle heartbeat timeout (NF update), NF instance ID a03368fc-0eff-4e3f-b71c-10e04357f8e1, time 1790527924484, current ms 1790527933622
[2026-09-27 18:52:13.640] [nrf_sbi] [info] Got a request to update an NF instance, Instance ID: 17ba2836-2822-46a6-a021-901a2fb65998
[2026-09-27 18:52:13.640] [nrf_app] [info] Handle Update NF Instance request, NF type AUSF (HTTP version 1)
[2026-09-27 18:52:13.640] [nrf_app] [info] NF Heart-Beat procedure!
[2026-09-27 18:52:13.640] [nrf_app] [debug] Replace member nfStatus with new value REGISTERED
[2026-09-27 18:52:13.640] [nrf_app] [info] Updated the NF profile (profile ID 17ba2836-2822-46a6-a021-901a2fb65998)
[2026-09-27 18:52:13.640] [nrf_app] [debug] NF update for Heartbeat, current time 1790527933640
[2026-09-27 18:52:13.640] [nrf_app] [debug] Set NF status to REGISTERED
[2026-09-27 18:52:13.640] [nrf_sbi] [debug] Json data: null
[2026-09-27 18:52:13.686] [nrf_sbi] [info] Got a request to update an NF instance, Instance ID: 4042849f-78a0-49bf-9f1a-180c59d6e83a
[2026-09-27 18:52:13.686] [nrf_app] [info] Handle Update NF Instance request, NF type AMF (HTTP version 1)
[2026-09-27 18:52:13.686] [nrf_app] [info] NF Heart-Beat procedure!
[2026-09-27 18:52:13.686] [nrf_app] [debug] Replace member nfStatus with new value REGISTERED
[2026-09-27 18:52:13.686] [nrf_app] [info] Updated the NF profile (profile ID 4042849f-78a0-49bf-9f1a-180c59d6e83a)
[2026-09-27 18:52:13.686] [nrf_app] [debug] NF update for Heartbeat, current time 1790527933686
[2026-09-27 18:52:13.686] [nrf_app] [debug] Set NF status to REGISTERED
[2026-09-27 18:52:13.686] [nrf_sbi] [debug] Json data: null
[2026-09-27 18:52:14.596] [nrf_app] [info] 
Handle heartbeat timeout (NF update), NF instance ID 4042849f-78a0-49bf-9f1a-180c59d6e83a, time 1790527925448, current ms 1790527934596
[2026-09-27 18:52:15.513] [nrf_app] [info] 
Handle heartbeat timeout (NF update), NF instance ID 17ba2836-2822-46a6-a021-901a2fb65998, time 1790527926354, current ms 1790527935513
[2026-09-27 18:52:15.522] [nrf_sbi] [info] Got a request to update an NF instance, Instance ID: dc589e56-a136-40f6-8f20-a087068e856a
[2026-09-27 18:52:15.522] [nrf_app] [info] Handle Update NF Instance request, NF type UDM (HTTP version 1)
[2026-09-27 18:52:15.522] [nrf_app] [info] NF Heart-Beat procedure!
[2026-09-27 18:52:15.522] [nrf_app] [debug] Replace member nfStatus with new value REGISTERED
[2026-09-27 18:52:15.522] [nrf_app] [info] Updated the NF profile (profile ID dc589e56-a136-40f6-8f20-a087068e856a)
[2026-09-27 18:52:15.522] [nrf_app] [debug] NF update for Heartbeat, current time 1790527935522
[2026-09-27 18:52:15.522] [nrf_app] [debug] Set NF status to REGISTERED
[2026-09-27 18:52:15.522] [nrf_sbi] [debug] Json data: null
[2026-09-27 18:52:16.782] [nrf_sbi] [info] Got a request to update an NF instance, Instance ID: 91dfee08-b1a6-4ce8-8f1c-ea9bf4341104
[2026-09-27 18:52:16.782] [nrf_app] [info] Handle Update NF Instance request, NF type UPF (HTTP version 1)
[2026-09-27 18:52:16.782] [nrf_app] [info] NF Heart-Beat procedure!
[2026-09-27 18:52:16.782] [nrf_app] [debug] Replace member nfStatus with new value REGISTERED
[2026-09-27 18:52:16.782] [nrf_app] [info] Updated the NF profile (profile ID 91dfee08-b1a6-4ce8-8f1c-ea9bf4341104)
[2026-09-27 18:52:16.782] [nrf_app] [debug] NF update for Heartbeat, current time 1790527936782
[2026-09-27 18:52:16.782] [nrf_app] [debug] Set NF status to REGISTERED
[2026-09-27 18:52:16.782] [nrf_sbi] [debug] Json data: null
[2026-09-27 18:52:17.511] [nrf_app] [info] 
Handle heartbeat timeout (NF update), NF instance ID dc589e56-a136-40f6-8f20-a087068e856a, time 1790527928331, current ms 1790527937511
[2026-09-27 18:52:17.744] [nrf_app] [info] 
Handle heartbeat timeout (NF update), NF instance ID 91dfee08-b1a6-4ce8-8f1c-ea9bf4341104, time 1790527928564, current ms 1790527937744
[2026-09-27 18:52:18.497] [nrf_sbi] [info] Got a request to update an NF instance, Instance ID: b64a73f9-6961-4fdb-8232-006948f24f8d
[2026-09-27 18:52:18.497] [nrf_app] [info] Handle Update NF Instance request, NF type UDR (HTTP version 1)
[2026-09-27 18:52:18.497] [nrf_app] [info] NF Heart-Beat procedure!
[2026-09-27 18:52:18.497] [nrf_app] [debug] Replace member nfStatus with new value REGISTERED
[2026-09-27 18:52:18.497] [nrf_app] [info] Updated the NF profile (profile ID b64a73f9-6961-4fdb-8232-006948f24f8d)
[2026-09-27 18:52:18.497] [nrf_app] [debug] NF update for Heartbeat, current time 1790527938497
[2026-09-27 18:52:18.497] [nrf_app] [debug] Set NF status to REGISTERED
[2026-09-27 18:52:18.497] [nrf_sbi] [debug] Json data: null
[2026-09-27 18:52:20.507] [nrf_app] [info] 
Handle heartbeat timeout (NF update), NF instance ID b64a73f9-6961-4fdb-8232-006948f24f8d, time 1790527931308, current ms 1790527940507
[2026-09-27 18:52:22.744] [nrf_sbi] [info] Got a request to update an NF instance, Instance ID: a03368fc-0eff-4e3f-b71c-10e04357f8e1
[2026-09-27 18:52:22.744] [nrf_app] [info] Handle Update NF Instance request, NF type SMF (HTTP version 1)
[2026-09-27 18:52:22.744] [nrf_app] [info] NF Heart-Beat procedure!
[2026-09-27 18:52:22.744] [nrf_app] [debug] Replace member nfStatus with new value REGISTERED
[2026-09-27 18:52:22.744] [nrf_app] [info] Updated the NF profile (profile ID a03368fc-0eff-4e3f-b71c-10e04357f8e1)
[2026-09-27 18:52:22.744] [nrf_app] [debug] NF update for Heartbeat, current time 1790527942744
[2026-09-27 18:52:22.744] [nrf_app] [debug] Set NF status to REGISTERED
[2026-09-27 18:52:22.744] [nrf_sbi] [debug] Json data: null
[2026-09-27 18:52:23.689] [nrf_sbi] [info] Got a request to update an NF instance, Instance ID: 4042849f-78a0-49bf-9f1a-180c59d6e83a
[2026-09-27 18:52:23.689] [nrf_app] [info] Handle Update NF Instance request, NF type AMF (HTTP version 1)
[2026-09-27 18:52:23.689] [nrf_app] [info] NF Heart-Beat procedure!
[2026-09-27 18:52:23.689] [nrf_app] [debug] Replace member nfStatus with new value REGISTERED
[2026-09-27 18:52:23.689] [nrf_app] [info] Updated the NF profile (profile ID 4042849f-78a0-49bf-9f1a-180c59d6e83a)
[2026-09-27 18:52:23.689] [nrf_app] [debug] NF update for Heartbeat, current time 1790527943689
[2026-09-27 18:52:23.689] [nrf_app] [debug] Set NF status to REGISTERED
[2026-09-27 18:52:23.689] [nrf_sbi] [debug] Json data: null
[2026-09-27 18:52:23.730] [nrf_app] [info] 
Handle heartbeat timeout (NF update), NF instance ID a03368fc-0eff-4e3f-b71c-10e04357f8e1, time 1790527934484, current ms 1790527943730
[2026-09-27 18:52:23.780] [nrf_sbi] [info] Got a request to update an NF instance, Instance ID: 17ba2836-2822-46a6-a021-901a2fb65998
[2026-09-27 18:52:23.780] [nrf_app] [info] Handle Update NF Instance request, NF type AUSF (HTTP version 1)
[2026-09-27 18:52:23.780] [nrf_app] [info] NF Heart-Beat procedure!
[2026-09-27 18:52:23.780] [nrf_app] [debug] Replace member nfStatus with new value REGISTERED
[2026-09-27 18:52:23.780] [nrf_app] [info] Updated the NF profile (profile ID 17ba2836-2822-46a6-a021-901a2fb65998)
[2026-09-27 18:52:23.780] [nrf_app] [debug] NF update for Heartbeat, current time 1790527943780
[2026-09-27 18:52:23.780] [nrf_app] [debug] Set NF status to REGISTERED
[2026-09-27 18:52:23.780] [nrf_sbi] [debug] Json data: null
[2026-09-27 18:52:24.707] [nrf_app] [info] 
Handle heartbeat timeout (NF update), NF instance ID 4042849f-78a0-49bf-9f1a-180c59d6e83a, time 1790527935448, current ms 1790527944707
[2026-09-27 18:52:25.627] [nrf_app] [info] 
Handle heartbeat timeout (NF update), NF instance ID 17ba2836-2822-46a6-a021-901a2fb65998, time 1790527936354, current ms 1790527945627
[2026-09-27 18:52:25.654] [nrf_sbi] [info] Got a request to update an NF instance, Instance ID: dc589e56-a136-40f6-8f20-a087068e856a
[2026-09-27 18:52:25.654] [nrf_app] [info] Handle Update NF Instance request, NF type UDM (HTTP version 1)
[2026-09-27 18:52:25.654] [nrf_app] [info] NF Heart-Beat procedure!
[2026-09-27 18:52:25.654] [nrf_app] [debug] Replace member nfStatus with new value REGISTERED
[2026-09-27 18:52:25.654] [nrf_app] [info] Updated the NF profile (profile ID dc589e56-a136-40f6-8f20-a087068e856a)
[2026-09-27 18:52:25.654] [nrf_app] [debug] NF update for Heartbeat, current time 1790527945654
[2026-09-27 18:52:25.654] [nrf_app] [debug] Set NF status to REGISTERED
[2026-09-27 18:52:25.654] [nrf_sbi] [debug] Json data: null
[2026-09-27 18:52:26.785] [nrf_sbi] [info] Got a request to update an NF instance, Instance ID: 91dfee08-b1a6-4ce8-8f1c-ea9bf4341104
[2026-09-27 18:52:26.785] [nrf_app] [info] Handle Update NF Instance request, NF type UPF (HTTP version 1)
[2026-09-27 18:52:26.785] [nrf_app] [info] NF Heart-Beat procedure!
[2026-09-27 18:52:26.785] [nrf_app] [debug] Replace member nfStatus with new value REGISTERED
[2026-09-27 18:52:26.785] [nrf_app] [info] Updated the NF profile (profile ID 91dfee08-b1a6-4ce8-8f1c-ea9bf4341104)
[2026-09-27 18:52:26.785] [nrf_app] [debug] NF update for Heartbeat, current time 1790527946785
[2026-09-27 18:52:26.785] [nrf_app] [debug] Set NF status to REGISTERED
[2026-09-27 18:52:26.785] [nrf_sbi] [debug] Json data: null
[2026-09-27 18:52:27.640] [nrf_app] [info] 
Handle heartbeat timeout (NF update), NF instance ID dc589e56-a136-40f6-8f20-a087068e856a, time 1790527938331, current ms 1790527947640
[2026-09-27 18:52:27.883] [nrf_app] [info] 
Handle heartbeat timeout (NF update), NF instance ID 91dfee08-b1a6-4ce8-8f1c-ea9bf4341104, time 1790527938564, current ms 1790527947883
[2026-09-27 18:52:28.620] [nrf_sbi] [info] Got a request to update an NF instance, Instance ID: b64a73f9-6961-4fdb-8232-006948f24f8d
[2026-09-27 18:52:28.620] [nrf_app] [info] Handle Update NF Instance request, NF type UDR (HTTP version 1)
[2026-09-27 18:52:28.620] [nrf_app] [info] NF Heart-Beat procedure!
[2026-09-27 18:52:28.620] [nrf_app] [debug] Replace member nfStatus with new value REGISTERED
[2026-09-27 18:52:28.620] [nrf_app] [info] Updated the NF profile (profile ID b64a73f9-6961-4fdb-8232-006948f24f8d)
[2026-09-27 18:52:28.620] [nrf_app] [debug] NF update for Heartbeat, current time 1790527948620
[2026-09-27 18:52:28.620] [nrf_app] [debug] Set NF status to REGISTERED
[2026-09-27 18:52:28.620] [nrf_sbi] [debug] Json data: null
[2026-09-27 18:52:30.670] [nrf_app] [info] 
Handle heartbeat timeout (NF update), NF instance ID b64a73f9-6961-4fdb-8232-006948f24f8d, time 1790527941308, current ms 1790527950670
[2026-09-27 18:52:32.747] [nrf_sbi] [info] Got a request to update an NF instance, Instance ID: a03368fc-0eff-4e3f-b71c-10e04357f8e1
[2026-09-27 18:52:32.747] [nrf_app] [info] Handle Update NF Instance request, NF type SMF (HTTP version 1)
[2026-09-27 18:52:32.747] [nrf_app] [info] NF Heart-Beat procedure!
[2026-09-27 18:52:32.747] [nrf_app] [debug] Replace member nfStatus with new value REGISTERED
[2026-09-27 18:52:32.747] [nrf_app] [info] Updated the NF profile (profile ID a03368fc-0eff-4e3f-b71c-10e04357f8e1)
[2026-09-27 18:52:32.747] [nrf_app] [debug] NF update for Heartbeat, current time 1790527952747
[2026-09-27 18:52:32.747] [nrf_app] [debug] Set NF status to REGISTERED
[2026-09-27 18:52:32.747] [nrf_sbi] [debug] Json data: null
[2026-09-27 18:52:33.692] [nrf_sbi] [info] Got a request to update an NF instance, Instance ID: 4042849f-78a0-49bf-9f1a-180c59d6e83a
[2026-09-27 18:52:33.692] [nrf_app] [info] Handle Update NF Instance request, NF type AMF (HTTP version 1)
[2026-09-27 18:52:33.692] [nrf_app] [info] NF Heart-Beat procedure!
[2026-09-27 18:52:33.692] [nrf_app] [debug] Replace member nfStatus with new value REGISTERED
[2026-09-27 18:52:33.692] [nrf_app] [info] Updated the NF profile (profile ID 4042849f-78a0-49bf-9f1a-180c59d6e83a)
[2026-09-27 18:52:33.692] [nrf_app] [debug] NF update for Heartbeat, current time 1790527953692
[2026-09-27 18:52:33.692] [nrf_app] [debug] Set NF status to REGISTERED
[2026-09-27 18:52:33.692] [nrf_sbi] [debug] Json data: null
[2026-09-27 18:52:33.873] [nrf_app] [info] 
Handle heartbeat timeout (NF update), NF instance ID a03368fc-0eff-4e3f-b71c-10e04357f8e1, time 1790527944484, current ms 1790527953873
[2026-09-27 18:52:33.957] [nrf_sbi] [info] Got a request to update an NF instance, Instance ID: 17ba2836-2822-46a6-a021-901a2fb65998
[2026-09-27 18:52:33.957] [nrf_app] [info] Handle Update NF Instance request, NF type AUSF (HTTP version 1)
[2026-09-27 18:52:33.957] [nrf_app] [info] NF Heart-Beat procedure!
[2026-09-27 18:52:33.957] [nrf_app] [debug] Replace member nfStatus with new value REGISTERED
[2026-09-27 18:52:33.957] [nrf_app] [info] Updated the NF profile (profile ID 17ba2836-2822-46a6-a021-901a2fb65998)
[2026-09-27 18:52:33.957] [nrf_app] [debug] NF update for Heartbeat, current time 1790527953957
[2026-09-27 18:52:33.957] [nrf_app] [debug] Set NF status to REGISTERED
[2026-09-27 18:52:33.957] [nrf_sbi] [debug] Json data: null
[2026-09-27 18:52:34.861] [nrf_app] [info] 
Handle heartbeat timeout (NF update), NF instance ID 4042849f-78a0-49bf-9f1a-180c59d6e83a, time 1790527945448, current ms 1790527954861
[2026-09-27 18:52:35.781] [nrf_app] [info] 
Handle heartbeat timeout (NF update), NF instance ID 17ba2836-2822-46a6-a021-901a2fb65998, time 1790527946354, current ms 1790527955781
[2026-09-27 18:52:35.798] [nrf_sbi] [info] Got a request to update an NF instance, Instance ID: dc589e56-a136-40f6-8f20-a087068e856a
[2026-09-27 18:52:35.798] [nrf_app] [info] Handle Update NF Instance request, NF type UDM (HTTP version 1)
[2026-09-27 18:52:35.798] [nrf_app] [info] NF Heart-Beat procedure!
[2026-09-27 18:52:35.798] [nrf_app] [debug] Replace member nfStatus with new value REGISTERED
[2026-09-27 18:52:35.798] [nrf_app] [info] Updated the NF profile (profile ID dc589e56-a136-40f6-8f20-a087068e856a)
[2026-09-27 18:52:35.798] [nrf_app] [debug] NF update for Heartbeat, current time 1790527955798
[2026-09-27 18:52:35.798] [nrf_app] [debug] Set NF status to REGISTERED
[2026-09-27 18:52:35.798] [nrf_sbi] [debug] Json data: null
[2026-09-27 18:52:36.787] [nrf_sbi] [info] Got a request to update an NF instance, Instance ID: 91dfee08-b1a6-4ce8-8f1c-ea9bf4341104
[2026-09-27 18:52:36.787] [nrf_app] [info] Handle Update NF Instance request, NF type UPF (HTTP version 1)
[2026-09-27 18:52:36.787] [nrf_app] [info] NF Heart-Beat procedure!
[2026-09-27 18:52:36.787] [nrf_app] [debug] Replace member nfStatus with new value REGISTERED
[2026-09-27 18:52:36.787] [nrf_app] [info] Updated the NF profile (profile ID 91dfee08-b1a6-4ce8-8f1c-ea9bf4341104)
[2026-09-27 18:52:36.787] [nrf_app] [debug] NF update for Heartbeat, current time 1790527956787
[2026-09-27 18:52:36.787] [nrf_app] [debug] Set NF status to REGISTERED
[2026-09-27 18:52:36.787] [nrf_sbi] [debug] Json data: null
[2026-09-27 18:52:37.792] [nrf_app] [info] 
Handle heartbeat timeout (NF update), NF instance ID dc589e56-a136-40f6-8f20-a087068e856a, time 1790527948331, current ms 1790527957792
[2026-09-27 18:52:38.030] [nrf_app] [info] 
Handle heartbeat timeout (NF update), NF instance ID 91dfee08-b1a6-4ce8-8f1c-ea9bf4341104, time 1790527948564, current ms 1790527958030
[2026-09-27 18:52:38.775] [nrf_sbi] [info] Got a request to update an NF instance, Instance ID: b64a73f9-6961-4fdb-8232-006948f24f8d
[2026-09-27 18:52:38.775] [nrf_app] [info] Handle Update NF Instance request, NF type UDR (HTTP version 1)
[2026-09-27 18:52:38.775] [nrf_app] [info] NF Heart-Beat procedure!
[2026-09-27 18:52:38.775] [nrf_app] [debug] Replace member nfStatus with new value REGISTERED
[2026-09-27 18:52:38.775] [nrf_app] [info] Updated the NF profile (profile ID b64a73f9-6961-4fdb-8232-006948f24f8d)
[2026-09-27 18:52:38.775] [nrf_app] [debug] NF update for Heartbeat, current time 1790527958775
[2026-09-27 18:52:38.775] [nrf_app] [debug] Set NF status to REGISTERED
[2026-09-27 18:52:38.775] [nrf_sbi] [debug] Json data: null
[2026-09-27 18:52:40.806] [nrf_app] [info] 
Handle heartbeat timeout (NF update), NF instance ID b64a73f9-6961-4fdb-8232-006948f24f8d, time 1790527951308, current ms 1790527960806
[2026-09-27 18:52:42.751] [nrf_sbi] [info] Got a request to update an NF instance, Instance ID: a03368fc-0eff-4e3f-b71c-10e04357f8e1
[2026-09-27 18:52:42.751] [nrf_app] [info] Handle Update NF Instance request, NF type SMF (HTTP version 1)
[2026-09-27 18:52:42.751] [nrf_app] [info] NF Heart-Beat procedure!
[2026-09-27 18:52:42.751] [nrf_app] [debug] Replace member nfStatus with new value REGISTERED
[2026-09-27 18:52:42.751] [nrf_app] [info] Updated the NF profile (profile ID a03368fc-0eff-4e3f-b71c-10e04357f8e1)
[2026-09-27 18:52:42.751] [nrf_app] [debug] NF update for Heartbeat, current time 1790527962751
[2026-09-27 18:52:42.751] [nrf_app] [debug] Set NF status to REGISTERED
[2026-09-27 18:52:42.751] [nrf_sbi] [debug] Json data: null
[2026-09-27 18:52:43.695] [nrf_sbi] [info] Got a request to update an NF instance, Instance ID: 4042849f-78a0-49bf-9f1a-180c59d6e83a
[2026-09-27 18:52:43.695] [nrf_app] [info] Handle Update NF Instance request, NF type AMF (HTTP version 1)
[2026-09-27 18:52:43.695] [nrf_app] [info] NF Heart-Beat procedure!
[2026-09-27 18:52:43.695] [nrf_app] [debug] Replace member nfStatus with new value REGISTERED
[2026-09-27 18:52:43.695] [nrf_app] [info] Updated the NF profile (profile ID 4042849f-78a0-49bf-9f1a-180c59d6e83a)
[2026-09-27 18:52:43.695] [nrf_app] [debug] NF update for Heartbeat, current time 1790527963695
[2026-09-27 18:52:43.695] [nrf_app] [debug] Set NF status to REGISTERED
[2026-09-27 18:52:43.695] [nrf_sbi] [debug] Json data: null
[2026-09-27 18:52:43.996] [nrf_app] [info] 
Handle heartbeat timeout (NF update), NF instance ID a03368fc-0eff-4e3f-b71c-10e04357f8e1, time 1790527954484, current ms 1790527963996
[2026-09-27 18:52:44.092] [nrf_sbi] [info] Got a request to update an NF instance, Instance ID: 17ba2836-2822-46a6-a021-901a2fb65998
[2026-09-27 18:52:44.093] [nrf_app] [info] Handle Update NF Instance request, NF type AUSF (HTTP version 1)
[2026-09-27 18:52:44.093] [nrf_app] [info] NF Heart-Beat procedure!
[2026-09-27 18:52:44.093] [nrf_app] [debug] Replace member nfStatus with new value REGISTERED
[2026-09-27 18:52:44.093] [nrf_app] [info] Updated the NF profile (profile ID 17ba2836-2822-46a6-a021-901a2fb65998)
[2026-09-27 18:52:44.093] [nrf_app] [debug] NF update for Heartbeat, current time 1790527964093
[2026-09-27 18:52:44.093] [nrf_app] [debug] Set NF status to REGISTERED
[2026-09-27 18:52:44.093] [nrf_sbi] [debug] Json data: null
[2026-09-27 18:52:44.963] [nrf_app] [info] 
Handle heartbeat timeout (NF update), NF instance ID 4042849f-78a0-49bf-9f1a-180c59d6e83a, time 1790527955448, current ms 1790527964963
[2026-09-27 18:52:45.882] [nrf_app] [info] 
Handle heartbeat timeout (NF update), NF instance ID 17ba2836-2822-46a6-a021-901a2fb65998, time 1790527956354, current ms 1790527965882
[2026-09-27 18:52:45.908] [nrf_sbi] [info] Got a request to update an NF instance, Instance ID: dc589e56-a136-40f6-8f20-a087068e856a
[2026-09-27 18:52:45.908] [nrf_app] [info] Handle Update NF Instance request, NF type UDM (HTTP version 1)
[2026-09-27 18:52:45.908] [nrf_app] [info] NF Heart-Beat procedure!
[2026-09-27 18:52:45.908] [nrf_app] [debug] Replace member nfStatus with new value REGISTERED
[2026-09-27 18:52:45.908] [nrf_app] [info] Updated the NF profile (profile ID dc589e56-a136-40f6-8f20-a087068e856a)
[2026-09-27 18:52:45.908] [nrf_app] [debug] NF update for Heartbeat, current time 1790527965908
[2026-09-27 18:52:45.908] [nrf_app] [debug] Set NF status to REGISTERED
[2026-09-27 18:52:45.908] [nrf_sbi] [debug] Json data: null
[2026-09-27 18:52:46.790] [nrf_sbi] [info] Got a request to update an NF instance, Instance ID: 91dfee08-b1a6-4ce8-8f1c-ea9bf4341104
[2026-09-27 18:52:46.790] [nrf_app] [info] Handle Update NF Instance request, NF type UPF (HTTP version 1)
[2026-09-27 18:52:46.790] [nrf_app] [info] NF Heart-Beat procedure!
[2026-09-27 18:52:46.790] [nrf_app] [debug] Replace member nfStatus with new value REGISTERED
[2026-09-27 18:52:46.790] [nrf_app] [info] Updated the NF profile (profile ID 91dfee08-b1a6-4ce8-8f1c-ea9bf4341104)
[2026-09-27 18:52:46.790] [nrf_app] [debug] NF update for Heartbeat, current time 1790527966790
[2026-09-27 18:52:46.790] [nrf_app] [debug] Set NF status to REGISTERED
[2026-09-27 18:52:46.790] [nrf_sbi] [debug] Json data: null
[2026-09-27 18:52:47.873] [nrf_app] [info] 
Handle heartbeat timeout (NF update), NF instance ID dc589e56-a136-40f6-8f20-a087068e856a, time 1790527958331, current ms 1790527967873
[2026-09-27 18:52:48.106] [nrf_app] [info] 
Handle heartbeat timeout (NF update), NF instance ID 91dfee08-b1a6-4ce8-8f1c-ea9bf4341104, time 1790527958564, current ms 1790527968106
[2026-09-27 18:52:48.833] [nrf_sbi] [info] Got a request to update an NF instance, Instance ID: b64a73f9-6961-4fdb-8232-006948f24f8d
[2026-09-27 18:52:48.833] [nrf_app] [info] Handle Update NF Instance request, NF type UDR (HTTP version 1)
[2026-09-27 18:52:48.833] [nrf_app] [info] NF Heart-Beat procedure!
[2026-09-27 18:52:48.833] [nrf_app] [debug] Replace member nfStatus with new value REGISTERED
[2026-09-27 18:52:48.833] [nrf_app] [info] Updated the NF profile (profile ID b64a73f9-6961-4fdb-8232-006948f24f8d)
[2026-09-27 18:52:48.833] [nrf_app] [debug] NF update for Heartbeat, current time 1790527968833
[2026-09-27 18:52:48.833] [nrf_app] [debug] Set NF status to REGISTERED
[2026-09-27 18:52:48.833] [nrf_sbi] [debug] Json data: null
[2026-09-27 18:52:50.866] [nrf_app] [info] 
Handle heartbeat timeout (NF update), NF instance ID b64a73f9-6961-4fdb-8232-006948f24f8d, time 1790527961308, current ms 1790527970866
[2026-09-27 18:52:52.754] [nrf_sbi] [info] Got a request to update an NF instance, Instance ID: a03368fc-0eff-4e3f-b71c-10e04357f8e1
[2026-09-27 18:52:52.754] [nrf_app] [info] Handle Update NF Instance request, NF type SMF (HTTP version 1)
[2026-09-27 18:52:52.754] [nrf_app] [info] NF Heart-Beat procedure!
[2026-09-27 18:52:52.754] [nrf_app] [debug] Replace member nfStatus with new value REGISTERED
[2026-09-27 18:52:52.754] [nrf_app] [info] Updated the NF profile (profile ID a03368fc-0eff-4e3f-b71c-10e04357f8e1)
[2026-09-27 18:52:52.754] [nrf_app] [debug] NF update for Heartbeat, current time 1790527972754
[2026-09-27 18:52:52.754] [nrf_app] [debug] Set NF status to REGISTERED
[2026-09-27 18:52:52.754] [nrf_sbi] [debug] Json data: null
[2026-09-27 18:52:53.699] [nrf_sbi] [info] Got a request to update an NF instance, Instance ID: 4042849f-78a0-49bf-9f1a-180c59d6e83a
[2026-09-27 18:52:53.699] [nrf_app] [info] Handle Update NF Instance request, NF type AMF (HTTP version 1)
[2026-09-27 18:52:53.699] [nrf_app] [info] NF Heart-Beat procedure!
[2026-09-27 18:52:53.699] [nrf_app] [debug] Replace member nfStatus with new value REGISTERED
[2026-09-27 18:52:53.699] [nrf_app] [info] Updated the NF profile (profile ID 4042849f-78a0-49bf-9f1a-180c59d6e83a)
[2026-09-27 18:52:53.699] [nrf_app] [debug] NF update for Heartbeat, current time 1790527973699
[2026-09-27 18:52:53.699] [nrf_app] [debug] Set NF status to REGISTERED
[2026-09-27 18:52:53.699] [nrf_sbi] [debug] Json data: null
[2026-09-27 18:52:54.082] [nrf_app] [info] 
Handle heartbeat timeout (NF update), NF instance ID a03368fc-0eff-4e3f-b71c-10e04357f8e1, time 1790527964484, current ms 1790527974082
[2026-09-27 18:52:54.170] [nrf_sbi] [info] Got a request to update an NF instance, Instance ID: 17ba2836-2822-46a6-a021-901a2fb65998
[2026-09-27 18:52:54.170] [nrf_app] [info] Handle Update NF Instance request, NF type AUSF (HTTP version 1)
[2026-09-27 18:52:54.170] [nrf_app] [info] NF Heart-Beat procedure!
[2026-09-27 18:52:54.170] [nrf_app] [debug] Replace member nfStatus with new value REGISTERED
[2026-09-27 18:52:54.170] [nrf_app] [info] Updated the NF profile (profile ID 17ba2836-2822-46a6-a021-901a2fb65998)
[2026-09-27 18:52:54.170] [nrf_app] [debug] NF update for Heartbeat, current time 1790527974170
[2026-09-27 18:52:54.170] [nrf_app] [debug] Set NF status to REGISTERED
[2026-09-27 18:52:54.170] [nrf_sbi] [debug] Json data: null
[2026-09-27 18:52:55.055] [nrf_app] [info] 
Handle heartbeat timeout (NF update), NF instance ID 4042849f-78a0-49bf-9f1a-180c59d6e83a, time 1790527965448, current ms 1790527975055
[2026-09-27 18:52:55.982] [nrf_sbi] [info] Got a request to update an NF instance, Instance ID: dc589e56-a136-40f6-8f20-a087068e856a
[2026-09-27 18:52:55.982] [nrf_app] [info] Handle Update NF Instance request, NF type UDM (HTTP version 1)
[2026-09-27 18:52:55.982] [nrf_app] [info] NF Heart-Beat procedure!
[2026-09-27 18:52:55.982] [nrf_app] [debug] Replace member nfStatus with new value REGISTERED
[2026-09-27 18:52:55.982] [nrf_app] [info] Updated the NF profile (profile ID dc589e56-a136-40f6-8f20-a087068e856a)
[2026-09-27 18:52:55.982] [nrf_app] [debug] NF update for Heartbeat, current time 1790527975982
[2026-09-27 18:52:55.982] [nrf_app] [debug] Set NF status to REGISTERED
[2026-09-27 18:52:55.982] [nrf_sbi] [debug] Json data: null
[2026-09-27 18:52:55.996] [nrf_app] [info] 
Handle heartbeat timeout (NF update), NF instance ID 17ba2836-2822-46a6-a021-901a2fb65998, time 1790527966354, current ms 1790527975996
[2026-09-27 18:52:56.793] [nrf_sbi] [info] Got a request to update an NF instance, Instance ID: 91dfee08-b1a6-4ce8-8f1c-ea9bf4341104
[2026-09-27 18:52:56.793] [nrf_app] [info] Handle Update NF Instance request, NF type UPF (HTTP version 1)
[2026-09-27 18:52:56.793] [nrf_app] [info] NF Heart-Beat procedure!
[2026-09-27 18:52:56.793] [nrf_app] [debug] Replace member nfStatus with new value REGISTERED
[2026-09-27 18:52:56.793] [nrf_app] [info] Updated the NF profile (profile ID 91dfee08-b1a6-4ce8-8f1c-ea9bf4341104)
[2026-09-27 18:52:56.793] [nrf_app] [debug] NF update for Heartbeat, current time 1790527976793
[2026-09-27 18:52:56.793] [nrf_app] [debug] Set NF status to REGISTERED
[2026-09-27 18:52:56.793] [nrf_sbi] [debug] Json data: null
[2026-09-27 18:52:57.997] [nrf_app] [info] 
Handle heartbeat timeout (NF update), NF instance ID dc589e56-a136-40f6-8f20-a087068e856a, time 1790527968331, current ms 1790527977997
[2026-09-27 18:52:58.230] [nrf_app] [info] 
Handle heartbeat timeout (NF update), NF instance ID 91dfee08-b1a6-4ce8-8f1c-ea9bf4341104, time 1790527968564, current ms 1790527978230
[2026-09-27 18:52:58.942] [nrf_sbi] [info] Got a request to update an NF instance, Instance ID: b64a73f9-6961-4fdb-8232-006948f24f8d
[2026-09-27 18:52:58.942] [nrf_app] [info] Handle Update NF Instance request, NF type UDR (HTTP version 1)
[2026-09-27 18:52:58.942] [nrf_app] [info] NF Heart-Beat procedure!
[2026-09-27 18:52:58.942] [nrf_app] [debug] Replace member nfStatus with new value REGISTERED
[2026-09-27 18:52:58.942] [nrf_app] [info] Updated the NF profile (profile ID b64a73f9-6961-4fdb-8232-006948f24f8d)
[2026-09-27 18:52:58.942] [nrf_app] [debug] NF update for Heartbeat, current time 1790527978942
[2026-09-27 18:52:58.942] [nrf_app] [debug] Set NF status to REGISTERED
[2026-09-27 18:52:58.942] [nrf_sbi] [debug] Json data: null
[2026-09-27 18:53:00.997] [nrf_app] [info] 
Handle heartbeat timeout (NF update), NF instance ID b64a73f9-6961-4fdb-8232-006948f24f8d, time 1790527971308, current ms 1790527980997
[2026-09-27 18:53:02.758] [nrf_sbi] [info] Got a request to update an NF instance, Instance ID: a03368fc-0eff-4e3f-b71c-10e04357f8e1
[2026-09-27 18:53:02.758] [nrf_app] [info] Handle Update NF Instance request, NF type SMF (HTTP version 1)
[2026-09-27 18:53:02.758] [nrf_app] [info] NF Heart-Beat procedure!
[2026-09-27 18:53:02.758] [nrf_app] [debug] Replace member nfStatus with new value REGISTERED
[2026-09-27 18:53:02.758] [nrf_app] [info] Updated the NF profile (profile ID a03368fc-0eff-4e3f-b71c-10e04357f8e1)
[2026-09-27 18:53:02.758] [nrf_app] [debug] NF update for Heartbeat, current time 1790527982758
[2026-09-27 18:53:02.758] [nrf_app] [debug] Set NF status to REGISTERED
[2026-09-27 18:53:02.758] [nrf_sbi] [debug] Json data: null
[2026-09-27 18:53:03.702] [nrf_sbi] [info] Got a request to update an NF instance, Instance ID: 4042849f-78a0-49bf-9f1a-180c59d6e83a
[2026-09-27 18:53:03.702] [nrf_app] [info] Handle Update NF Instance request, NF type AMF (HTTP version 1)
[2026-09-27 18:53:03.702] [nrf_app] [info] NF Heart-Beat procedure!
[2026-09-27 18:53:03.702] [nrf_app] [debug] Replace member nfStatus with new value REGISTERED
[2026-09-27 18:53:03.702] [nrf_app] [info] Updated the NF profile (profile ID 4042849f-78a0-49bf-9f1a-180c59d6e83a)
[2026-09-27 18:53:03.702] [nrf_app] [debug] NF update for Heartbeat, current time 1790527983702
[2026-09-27 18:53:03.702] [nrf_app] [debug] Set NF status to REGISTERED
[2026-09-27 18:53:03.702] [nrf_sbi] [debug] Json data: null
[2026-09-27 18:53:04.201] [nrf_app] [info] 
Handle heartbeat timeout (NF update), NF instance ID a03368fc-0eff-4e3f-b71c-10e04357f8e1, time 1790527974484, current ms 1790527984201
[2026-09-27 18:53:04.342] [nrf_sbi] [info] Got a request to update an NF instance, Instance ID: 17ba2836-2822-46a6-a021-901a2fb65998
[2026-09-27 18:53:04.342] [nrf_app] [info] Handle Update NF Instance request, NF type AUSF (HTTP version 1)
[2026-09-27 18:53:04.342] [nrf_app] [info] NF Heart-Beat procedure!
[2026-09-27 18:53:04.342] [nrf_app] [debug] Replace member nfStatus with new value REGISTERED
[2026-09-27 18:53:04.342] [nrf_app] [info] Updated the NF profile (profile ID 17ba2836-2822-46a6-a021-901a2fb65998)
[2026-09-27 18:53:04.342] [nrf_app] [debug] NF update for Heartbeat, current time 1790527984342
[2026-09-27 18:53:04.342] [nrf_app] [debug] Set NF status to REGISTERED
[2026-09-27 18:53:04.342] [nrf_sbi] [debug] Json data: null
[2026-09-27 18:53:05.172] [nrf_app] [info] 
Handle heartbeat timeout (NF update), NF instance ID 4042849f-78a0-49bf-9f1a-180c59d6e83a, time 1790527975448, current ms 1790527985172
[2026-09-27 18:53:06.069] [nrf_sbi] [info] Got a request to update an NF instance, Instance ID: dc589e56-a136-40f6-8f20-a087068e856a
[2026-09-27 18:53:06.069] [nrf_app] [info] Handle Update NF Instance request, NF type UDM (HTTP version 1)
[2026-09-27 18:53:06.069] [nrf_app] [info] NF Heart-Beat procedure!
[2026-09-27 18:53:06.069] [nrf_app] [debug] Replace member nfStatus with new value REGISTERED
[2026-09-27 18:53:06.069] [nrf_app] [info] Updated the NF profile (profile ID dc589e56-a136-40f6-8f20-a087068e856a)
[2026-09-27 18:53:06.069] [nrf_app] [debug] NF update for Heartbeat, current time 1790527986069
[2026-09-27 18:53:06.069] [nrf_app] [debug] Set NF status to REGISTERED
[2026-09-27 18:53:06.069] [nrf_sbi] [debug] Json data: null
[2026-09-27 18:53:06.081] [nrf_app] [info] 
Handle heartbeat timeout (NF update), NF instance ID 17ba2836-2822-46a6-a021-901a2fb65998, time 1790527976354, current ms 1790527986081
[2026-09-27 18:53:06.796] [nrf_sbi] [info] Got a request to update an NF instance, Instance ID: 91dfee08-b1a6-4ce8-8f1c-ea9bf4341104
[2026-09-27 18:53:06.796] [nrf_app] [info] Handle Update NF Instance request, NF type UPF (HTTP version 1)
[2026-09-27 18:53:06.796] [nrf_app] [info] NF Heart-Beat procedure!
[2026-09-27 18:53:06.796] [nrf_app] [debug] Replace member nfStatus with new value REGISTERED
[2026-09-27 18:53:06.796] [nrf_app] [info] Updated the NF profile (profile ID 91dfee08-b1a6-4ce8-8f1c-ea9bf4341104)
[2026-09-27 18:53:06.796] [nrf_app] [debug] NF update for Heartbeat, current time 1790527986796
[2026-09-27 18:53:06.796] [nrf_app] [debug] Set NF status to REGISTERED
[2026-09-27 18:53:06.796] [nrf_sbi] [debug] Json data: null
[2026-09-27 18:53:08.105] [nrf_app] [info] 
Handle heartbeat timeout (NF update), NF instance ID dc589e56-a136-40f6-8f20-a087068e856a, time 1790527978331, current ms 1790527988105
[2026-09-27 18:53:08.342] [nrf_app] [info] 
Handle heartbeat timeout (NF update), NF instance ID 91dfee08-b1a6-4ce8-8f1c-ea9bf4341104, time 1790527978564, current ms 1790527988342
[2026-09-27 18:53:09.037] [nrf_sbi] [info] Got a request to update an NF instance, Instance ID: b64a73f9-6961-4fdb-8232-006948f24f8d
[2026-09-27 18:53:09.037] [nrf_app] [info] Handle Update NF Instance request, NF type UDR (HTTP version 1)
[2026-09-27 18:53:09.037] [nrf_app] [info] NF Heart-Beat procedure!
[2026-09-27 18:53:09.037] [nrf_app] [debug] Replace member nfStatus with new value REGISTERED
[2026-09-27 18:53:09.037] [nrf_app] [info] Updated the NF profile (profile ID b64a73f9-6961-4fdb-8232-006948f24f8d)
[2026-09-27 18:53:09.037] [nrf_app] [debug] NF update for Heartbeat, current time 1790527989037
[2026-09-27 18:53:09.037] [nrf_app] [debug] Set NF status to REGISTERED
[2026-09-27 18:53:09.037] [nrf_sbi] [debug] Json data: null
[2026-09-27 18:53:11.108] [nrf_app] [info] 
Handle heartbeat timeout (NF update), NF instance ID b64a73f9-6961-4fdb-8232-006948f24f8d, time 1790527981308, current ms 1790527991108
[2026-09-27 18:53:12.761] [nrf_sbi] [info] Got a request to update an NF instance, Instance ID: a03368fc-0eff-4e3f-b71c-10e04357f8e1
[2026-09-27 18:53:12.761] [nrf_app] [info] Handle Update NF Instance request, NF type SMF (HTTP version 1)
[2026-09-27 18:53:12.761] [nrf_app] [info] NF Heart-Beat procedure!
[2026-09-27 18:53:12.761] [nrf_app] [debug] Replace member nfStatus with new value REGISTERED
[2026-09-27 18:53:12.761] [nrf_app] [info] Updated the NF profile (profile ID a03368fc-0eff-4e3f-b71c-10e04357f8e1)
[2026-09-27 18:53:12.761] [nrf_app] [debug] NF update for Heartbeat, current time 1790527992761
[2026-09-27 18:53:12.761] [nrf_app] [debug] Set NF status to REGISTERED
[2026-09-27 18:53:12.761] [nrf_sbi] [debug] Json data: null
[2026-09-27 18:53:13.705] [nrf_sbi] [info] Got a request to update an NF instance, Instance ID: 4042849f-78a0-49bf-9f1a-180c59d6e83a
[2026-09-27 18:53:13.705] [nrf_app] [info] Handle Update NF Instance request, NF type AMF (HTTP version 1)
[2026-09-27 18:53:13.705] [nrf_app] [info] NF Heart-Beat procedure!
[2026-09-27 18:53:13.705] [nrf_app] [debug] Replace member nfStatus with new value REGISTERED
[2026-09-27 18:53:13.705] [nrf_app] [info] Updated the NF profile (profile ID 4042849f-78a0-49bf-9f1a-180c59d6e83a)
[2026-09-27 18:53:13.705] [nrf_app] [debug] NF update for Heartbeat, current time 1790527993705
[2026-09-27 18:53:13.705] [nrf_app] [debug] Set NF status to REGISTERED
[2026-09-27 18:53:13.705] [nrf_sbi] [debug] Json data: null
[2026-09-27 18:53:14.344] [nrf_app] [info] 
Handle heartbeat timeout (NF update), NF instance ID a03368fc-0eff-4e3f-b71c-10e04357f8e1, time 1790527984484, current ms 1790527994344
[2026-09-27 18:53:14.428] [nrf_sbi] [info] Got a request to update an NF instance, Instance ID: 17ba2836-2822-46a6-a021-901a2fb65998
[2026-09-27 18:53:14.428] [nrf_app] [info] Handle Update NF Instance request, NF type AUSF (HTTP version 1)
[2026-09-27 18:53:14.428] [nrf_app] [info] NF Heart-Beat procedure!
[2026-09-27 18:53:14.428] [nrf_app] [debug] Replace member nfStatus with new value REGISTERED
[2026-09-27 18:53:14.428] [nrf_app] [info] Updated the NF profile (profile ID 17ba2836-2822-46a6-a021-901a2fb65998)
[2026-09-27 18:53:14.428] [nrf_app] [debug] NF update for Heartbeat, current time 1790527994428
[2026-09-27 18:53:14.428] [nrf_app] [debug] Set NF status to REGISTERED
[2026-09-27 18:53:14.428] [nrf_sbi] [debug] Json data: null
[2026-09-27 18:53:15.313] [nrf_app] [info] 
Handle heartbeat timeout (NF update), NF instance ID 4042849f-78a0-49bf-9f1a-180c59d6e83a, time 1790527985448, current ms 1790527995313
[2026-09-27 18:53:16.177] [nrf_sbi] [info] Got a request to update an NF instance, Instance ID: dc589e56-a136-40f6-8f20-a087068e856a
[2026-09-27 18:53:16.177] [nrf_app] [info] Handle Update NF Instance request, NF type UDM (HTTP version 1)
[2026-09-27 18:53:16.177] [nrf_app] [info] NF Heart-Beat procedure!
[2026-09-27 18:53:16.177] [nrf_app] [debug] Replace member nfStatus with new value REGISTERED
[2026-09-27 18:53:16.177] [nrf_app] [info] Updated the NF profile (profile ID dc589e56-a136-40f6-8f20-a087068e856a)
[2026-09-27 18:53:16.177] [nrf_app] [debug] NF update for Heartbeat, current time 1790527996177
[2026-09-27 18:53:16.177] [nrf_app] [debug] Set NF status to REGISTERED
[2026-09-27 18:53:16.177] [nrf_sbi] [debug] Json data: null
[2026-09-27 18:53:16.223] [nrf_app] [info] 
Handle heartbeat timeout (NF update), NF instance ID 17ba2836-2822-46a6-a021-901a2fb65998, time 1790527986354, current ms 1790527996223
[2026-09-27 18:53:16.800] [nrf_sbi] [info] Got a request to update an NF instance, Instance ID: 91dfee08-b1a6-4ce8-8f1c-ea9bf4341104
[2026-09-27 18:53:16.800] [nrf_app] [info] Handle Update NF Instance request, NF type UPF (HTTP version 1)
[2026-09-27 18:53:16.800] [nrf_app] [info] NF Heart-Beat procedure!
[2026-09-27 18:53:16.800] [nrf_app] [debug] Replace member nfStatus with new value REGISTERED
[2026-09-27 18:53:16.800] [nrf_app] [info] Updated the NF profile (profile ID 91dfee08-b1a6-4ce8-8f1c-ea9bf4341104)
[2026-09-27 18:53:16.800] [nrf_app] [debug] NF update for Heartbeat, current time 1790527996800
[2026-09-27 18:53:16.801] [nrf_app] [debug] Set NF status to REGISTERED
[2026-09-27 18:53:16.801] [nrf_sbi] [debug] Json data: null
[2026-09-27 18:53:18.221] [nrf_app] [info] 
Handle heartbeat timeout (NF update), NF instance ID dc589e56-a136-40f6-8f20-a087068e856a, time 1790527988331, current ms 1790527998221
[2026-09-27 18:53:18.455] [nrf_app] [info] 
Handle heartbeat timeout (NF update), NF instance ID 91dfee08-b1a6-4ce8-8f1c-ea9bf4341104, time 1790527988564, current ms 1790527998455
[2026-09-27 18:53:19.159] [nrf_sbi] [info] Got a request to update an NF instance, Instance ID: b64a73f9-6961-4fdb-8232-006948f24f8d
[2026-09-27 18:53:19.159] [nrf_app] [info] Handle Update NF Instance request, NF type UDR (HTTP version 1)
[2026-09-27 18:53:19.159] [nrf_app] [info] NF Heart-Beat procedure!
[2026-09-27 18:53:19.159] [nrf_app] [debug] Replace member nfStatus with new value REGISTERED
[2026-09-27 18:53:19.159] [nrf_app] [info] Updated the NF profile (profile ID b64a73f9-6961-4fdb-8232-006948f24f8d)
[2026-09-27 18:53:19.159] [nrf_app] [debug] NF update for Heartbeat, current time 1790527999159
[2026-09-27 18:53:19.159] [nrf_app] [debug] Set NF status to REGISTERED
[2026-09-27 18:53:19.159] [nrf_sbi] [debug] Json data: null
[2026-09-27 18:53:21.213] [nrf_app] [info] 
Handle heartbeat timeout (NF update), NF instance ID b64a73f9-6961-4fdb-8232-006948f24f8d, time 1790527991308, current ms 1790528001213
[2026-09-27 18:53:22.766] [nrf_sbi] [info] Got a request to update an NF instance, Instance ID: a03368fc-0eff-4e3f-b71c-10e04357f8e1
[2026-09-27 18:53:22.766] [nrf_app] [info] Handle Update NF Instance request, NF type SMF (HTTP version 1)
[2026-09-27 18:53:22.766] [nrf_app] [info] NF Heart-Beat procedure!
[2026-09-27 18:53:22.766] [nrf_app] [debug] Replace member nfStatus with new value REGISTERED
[2026-09-27 18:53:22.766] [nrf_app] [info] Updated the NF profile (profile ID a03368fc-0eff-4e3f-b71c-10e04357f8e1)
[2026-09-27 18:53:22.766] [nrf_app] [debug] NF update for Heartbeat, current time 1790528002766
[2026-09-27 18:53:22.766] [nrf_app] [debug] Set NF status to REGISTERED
[2026-09-27 18:53:22.766] [nrf_sbi] [debug] Json data: null
[2026-09-27 18:53:23.708] [nrf_sbi] [info] Got a request to update an NF instance, Instance ID: 4042849f-78a0-49bf-9f1a-180c59d6e83a
[2026-09-27 18:53:23.708] [nrf_app] [info] Handle Update NF Instance request, NF type AMF (HTTP version 1)
[2026-09-27 18:53:23.708] [nrf_app] [info] NF Heart-Beat procedure!
[2026-09-27 18:53:23.708] [nrf_app] [debug] Replace member nfStatus with new value REGISTERED
[2026-09-27 18:53:23.708] [nrf_app] [info] Updated the NF profile (profile ID 4042849f-78a0-49bf-9f1a-180c59d6e83a)
[2026-09-27 18:53:23.708] [nrf_app] [debug] NF update for Heartbeat, current time 1790528003708
[2026-09-27 18:53:23.708] [nrf_app] [debug] Set NF status to REGISTERED
[2026-09-27 18:53:23.708] [nrf_sbi] [debug] Json data: null
[2026-09-27 18:53:24.427] [nrf_app] [info] 
Handle heartbeat timeout (NF update), NF instance ID a03368fc-0eff-4e3f-b71c-10e04357f8e1, time 1790527994484, current ms 1790528004427
[2026-09-27 18:53:24.534] [nrf_sbi] [info] Got a request to update an NF instance, Instance ID: 17ba2836-2822-46a6-a021-901a2fb65998
[2026-09-27 18:53:24.534] [nrf_app] [info] Handle Update NF Instance request, NF type AUSF (HTTP version 1)
[2026-09-27 18:53:24.534] [nrf_app] [info] NF Heart-Beat procedure!
[2026-09-27 18:53:24.534] [nrf_app] [debug] Replace member nfStatus with new value REGISTERED
[2026-09-27 18:53:24.534] [nrf_app] [info] Updated the NF profile (profile ID 17ba2836-2822-46a6-a021-901a2fb65998)
[2026-09-27 18:53:24.534] [nrf_app] [debug] NF update for Heartbeat, current time 1790528004534
[2026-09-27 18:53:24.534] [nrf_app] [debug] Set NF status to REGISTERED
[2026-09-27 18:53:24.534] [nrf_sbi] [debug] Json data: null
[2026-09-27 18:53:25.406] [nrf_app] [info] 
Handle heartbeat timeout (NF update), NF instance ID 4042849f-78a0-49bf-9f1a-180c59d6e83a, time 1790527995448, current ms 1790528005406
[2026-09-27 18:53:26.313] [nrf_sbi] [info] Got a request to update an NF instance, Instance ID: dc589e56-a136-40f6-8f20-a087068e856a
[2026-09-27 18:53:26.313] [nrf_app] [info] Handle Update NF Instance request, NF type UDM (HTTP version 1)
[2026-09-27 18:53:26.313] [nrf_app] [info] NF Heart-Beat procedure!
[2026-09-27 18:53:26.313] [nrf_app] [debug] Replace member nfStatus with new value REGISTERED
[2026-09-27 18:53:26.313] [nrf_app] [info] Updated the NF profile (profile ID dc589e56-a136-40f6-8f20-a087068e856a)
[2026-09-27 18:53:26.313] [nrf_app] [debug] NF update for Heartbeat, current time 1790528006313
[2026-09-27 18:53:26.313] [nrf_app] [debug] Set NF status to REGISTERED
[2026-09-27 18:53:26.313] [nrf_sbi] [debug] Json data: null
[2026-09-27 18:53:26.323] [nrf_app] [info] 
Handle heartbeat timeout (NF update), NF instance ID 17ba2836-2822-46a6-a021-901a2fb65998, time 1790527996354, current ms 1790528006323
[2026-09-27 18:53:26.804] [nrf_sbi] [info] Got a request to update an NF instance, Instance ID: 91dfee08-b1a6-4ce8-8f1c-ea9bf4341104
[2026-09-27 18:53:26.804] [nrf_app] [info] Handle Update NF Instance request, NF type UPF (HTTP version 1)
[2026-09-27 18:53:26.804] [nrf_app] [info] NF Heart-Beat procedure!
[2026-09-27 18:53:26.804] [nrf_app] [debug] Replace member nfStatus with new value REGISTERED
[2026-09-27 18:53:26.804] [nrf_app] [info] Updated the NF profile (profile ID 91dfee08-b1a6-4ce8-8f1c-ea9bf4341104)
[2026-09-27 18:53:26.804] [nrf_app] [debug] NF update for Heartbeat, current time 1790528006804
[2026-09-27 18:53:26.804] [nrf_app] [debug] Set NF status to REGISTERED
[2026-09-27 18:53:26.804] [nrf_sbi] [debug] Json data: null
[2026-09-27 18:53:28.318] [nrf_app] [info] 
Handle heartbeat timeout (NF update), NF instance ID dc589e56-a136-40f6-8f20-a087068e856a, time 1790527998331, current ms 1790528008318
[2026-09-27 18:53:28.557] [nrf_app] [info] 
Handle heartbeat timeout (NF update), NF instance ID 91dfee08-b1a6-4ce8-8f1c-ea9bf4341104, time 1790527998564, current ms 1790528008557
[2026-09-27 18:53:29.268] [nrf_sbi] [info] Got a request to update an NF instance, Instance ID: b64a73f9-6961-4fdb-8232-006948f24f8d
[2026-09-27 18:53:29.268] [nrf_app] [info] Handle Update NF Instance request, NF type UDR (HTTP version 1)
[2026-09-27 18:53:29.268] [nrf_app] [info] NF Heart-Beat procedure!
[2026-09-27 18:53:29.268] [nrf_app] [debug] Replace member nfStatus with new value REGISTERED
[2026-09-27 18:53:29.268] [nrf_app] [info] Updated the NF profile (profile ID b64a73f9-6961-4fdb-8232-006948f24f8d)
[2026-09-27 18:53:29.268] [nrf_app] [debug] NF update for Heartbeat, current time 1790528009268
[2026-09-27 18:53:29.268] [nrf_app] [debug] Set NF status to REGISTERED
[2026-09-27 18:53:29.268] [nrf_sbi] [debug] Json data: null
[2026-09-27 18:53:31.366] [nrf_app] [info] 
Handle heartbeat timeout (NF update), NF instance ID b64a73f9-6961-4fdb-8232-006948f24f8d, time 1790528001308, current ms 1790528011366
[2026-09-27 18:53:32.770] [nrf_sbi] [info] Got a request to update an NF instance, Instance ID: a03368fc-0eff-4e3f-b71c-10e04357f8e1
[2026-09-27 18:53:32.770] [nrf_app] [info] Handle Update NF Instance request, NF type SMF (HTTP version 1)
[2026-09-27 18:53:32.770] [nrf_app] [info] NF Heart-Beat procedure!
[2026-09-27 18:53:32.770] [nrf_app] [debug] Replace member nfStatus with new value REGISTERED
[2026-09-27 18:53:32.770] [nrf_app] [info] Updated the NF profile (profile ID a03368fc-0eff-4e3f-b71c-10e04357f8e1)
[2026-09-27 18:53:32.770] [nrf_app] [debug] NF update for Heartbeat, current time 1790528012770
[2026-09-27 18:53:32.770] [nrf_app] [debug] Set NF status to REGISTERED
[2026-09-27 18:53:32.770] [nrf_sbi] [debug] Json data: null
[2026-09-27 18:53:33.711] [nrf_sbi] [info] Got a request to update an NF instance, Instance ID: 4042849f-78a0-49bf-9f1a-180c59d6e83a
[2026-09-27 18:53:33.711] [nrf_app] [info] Handle Update NF Instance request, NF type AMF (HTTP version 1)
[2026-09-27 18:53:33.711] [nrf_app] [info] NF Heart-Beat procedure!
[2026-09-27 18:53:33.711] [nrf_app] [debug] Replace member nfStatus with new value REGISTERED
[2026-09-27 18:53:33.711] [nrf_app] [info] Updated the NF profile (profile ID 4042849f-78a0-49bf-9f1a-180c59d6e83a)
[2026-09-27 18:53:33.711] [nrf_app] [debug] NF update for Heartbeat, current time 1790528013711
[2026-09-27 18:53:33.711] [nrf_app] [debug] Set NF status to REGISTERED
[2026-09-27 18:53:33.711] [nrf_sbi] [debug] Json data: null
[2026-09-27 18:53:34.583] [nrf_app] [info] 
Handle heartbeat timeout (NF update), NF instance ID a03368fc-0eff-4e3f-b71c-10e04357f8e1, time 1790528004484, current ms 1790528014583
[2026-09-27 18:53:34.648] [nrf_sbi] [info] Got a request to update an NF instance, Instance ID: 17ba2836-2822-46a6-a021-901a2fb65998
[2026-09-27 18:53:34.648] [nrf_app] [info] Handle Update NF Instance request, NF type AUSF (HTTP version 1)
[2026-09-27 18:53:34.648] [nrf_app] [info] NF Heart-Beat procedure!
[2026-09-27 18:53:34.648] [nrf_app] [debug] Replace member nfStatus with new value REGISTERED
[2026-09-27 18:53:34.648] [nrf_app] [info] Updated the NF profile (profile ID 17ba2836-2822-46a6-a021-901a2fb65998)
[2026-09-27 18:53:34.648] [nrf_app] [debug] NF update for Heartbeat, current time 1790528014648
[2026-09-27 18:53:34.648] [nrf_app] [debug] Set NF status to REGISTERED
[2026-09-27 18:53:34.648] [nrf_sbi] [debug] Json data: null
[2026-09-27 18:53:35.562] [nrf_app] [info] 
Handle heartbeat timeout (NF update), NF instance ID 4042849f-78a0-49bf-9f1a-180c59d6e83a, time 1790528005448, current ms 1790528015562
[2026-09-27 18:53:36.454] [nrf_sbi] [info] Got a request to update an NF instance, Instance ID: dc589e56-a136-40f6-8f20-a087068e856a
[2026-09-27 18:53:36.454] [nrf_app] [info] Handle Update NF Instance request, NF type UDM (HTTP version 1)
[2026-09-27 18:53:36.454] [nrf_app] [info] NF Heart-Beat procedure!
[2026-09-27 18:53:36.454] [nrf_app] [debug] Replace member nfStatus with new value REGISTERED
[2026-09-27 18:53:36.454] [nrf_app] [info] Updated the NF profile (profile ID dc589e56-a136-40f6-8f20-a087068e856a)
[2026-09-27 18:53:36.454] [nrf_app] [debug] NF update for Heartbeat, current time 1790528016454
[2026-09-27 18:53:36.454] [nrf_app] [debug] Set NF status to REGISTERED
[2026-09-27 18:53:36.454] [nrf_sbi] [debug] Json data: null
[2026-09-27 18:53:36.488] [nrf_app] [info] 
Handle heartbeat timeout (NF update), NF instance ID 17ba2836-2822-46a6-a021-901a2fb65998, time 1790528006354, current ms 1790528016488
[2026-09-27 18:53:36.807] [nrf_sbi] [info] Got a request to update an NF instance, Instance ID: 91dfee08-b1a6-4ce8-8f1c-ea9bf4341104
[2026-09-27 18:53:36.807] [nrf_app] [info] Handle Update NF Instance request, NF type UPF (HTTP version 1)
[2026-09-27 18:53:36.807] [nrf_app] [info] NF Heart-Beat procedure!
[2026-09-27 18:53:36.807] [nrf_app] [debug] Replace member nfStatus with new value REGISTERED
[2026-09-27 18:53:36.807] [nrf_app] [info] Updated the NF profile (profile ID 91dfee08-b1a6-4ce8-8f1c-ea9bf4341104)
[2026-09-27 18:53:36.807] [nrf_app] [debug] NF update for Heartbeat, current time 1790528016807
[2026-09-27 18:53:36.807] [nrf_app] [debug] Set NF status to REGISTERED
[2026-09-27 18:53:36.807] [nrf_sbi] [debug] Json data: null
[2026-09-27 18:53:38.571] [nrf_app] [info] 
Handle heartbeat timeout (NF update), NF instance ID dc589e56-a136-40f6-8f20-a087068e856a, time 1790528008331, current ms 1790528018571
[2026-09-27 18:53:38.819] [nrf_app] [info] 
Handle heartbeat timeout (NF update), NF instance ID 91dfee08-b1a6-4ce8-8f1c-ea9bf4341104, time 1790528008564, current ms 1790528018819
[2026-09-27 18:53:39.529] [nrf_sbi] [info] Got a request to update an NF instance, Instance ID: b64a73f9-6961-4fdb-8232-006948f24f8d
[2026-09-27 18:53:39.529] [nrf_app] [info] Handle Update NF Instance request, NF type UDR (HTTP version 1)
[2026-09-27 18:53:39.529] [nrf_app] [info] NF Heart-Beat procedure!
[2026-09-27 18:53:39.529] [nrf_app] [debug] Replace member nfStatus with new value REGISTERED
[2026-09-27 18:53:39.529] [nrf_app] [info] Updated the NF profile (profile ID b64a73f9-6961-4fdb-8232-006948f24f8d)
[2026-09-27 18:53:39.529] [nrf_app] [debug] NF update for Heartbeat, current time 1790528019529
[2026-09-27 18:53:39.529] [nrf_app] [debug] Set NF status to REGISTERED
[2026-09-27 18:53:39.529] [nrf_sbi] [debug] Json data: null
[2026-09-27 18:53:41.677] [nrf_app] [info] 
Handle heartbeat timeout (NF update), NF instance ID b64a73f9-6961-4fdb-8232-006948f24f8d, time 1790528011308, current ms 1790528021677
[2026-09-27 18:53:42.774] [nrf_sbi] [info] Got a request to update an NF instance, Instance ID: a03368fc-0eff-4e3f-b71c-10e04357f8e1
[2026-09-27 18:53:42.774] [nrf_app] [info] Handle Update NF Instance request, NF type SMF (HTTP version 1)
[2026-09-27 18:53:42.774] [nrf_app] [info] NF Heart-Beat procedure!
[2026-09-27 18:53:42.774] [nrf_app] [debug] Replace member nfStatus with new value REGISTERED
[2026-09-27 18:53:42.774] [nrf_app] [info] Updated the NF profile (profile ID a03368fc-0eff-4e3f-b71c-10e04357f8e1)
[2026-09-27 18:53:42.774] [nrf_app] [debug] NF update for Heartbeat, current time 1790528022774
[2026-09-27 18:53:42.774] [nrf_app] [debug] Set NF status to REGISTERED
[2026-09-27 18:53:42.774] [nrf_sbi] [debug] Json data: null
[2026-09-27 18:53:43.715] [nrf_sbi] [info] Got a request to update an NF instance, Instance ID: 4042849f-78a0-49bf-9f1a-180c59d6e83a
[2026-09-27 18:53:43.715] [nrf_app] [info] Handle Update NF Instance request, NF type AMF (HTTP version 1)
[2026-09-27 18:53:43.715] [nrf_app] [info] NF Heart-Beat procedure!
[2026-09-27 18:53:43.715] [nrf_app] [debug] Replace member nfStatus with new value REGISTERED
[2026-09-27 18:53:43.715] [nrf_app] [info] Updated the NF profile (profile ID 4042849f-78a0-49bf-9f1a-180c59d6e83a)
[2026-09-27 18:53:43.715] [nrf_app] [debug] NF update for Heartbeat, current time 1790528023715
[2026-09-27 18:53:43.715] [nrf_app] [debug] Set NF status to REGISTERED
[2026-09-27 18:53:43.715] [nrf_sbi] [debug] Json data: null
[2026-09-27 18:53:44.951] [nrf_sbi] [info] Got a request to update an NF instance, Instance ID: 17ba2836-2822-46a6-a021-901a2fb65998
[2026-09-27 18:53:44.951] [nrf_app] [info] Handle Update NF Instance request, NF type AUSF (HTTP version 1)
[2026-09-27 18:53:44.951] [nrf_app] [info] NF Heart-Beat procedure!
[2026-09-27 18:53:44.951] [nrf_app] [debug] Replace member nfStatus with new value REGISTERED
[2026-09-27 18:53:44.951] [nrf_app] [info] Updated the NF profile (profile ID 17ba2836-2822-46a6-a021-901a2fb65998)
[2026-09-27 18:53:44.951] [nrf_app] [debug] NF update for Heartbeat, current time 1790528024951
[2026-09-27 18:53:44.951] [nrf_app] [debug] Set NF status to REGISTERED
[2026-09-27 18:53:44.951] [nrf_sbi] [debug] Json data: null
[2026-09-27 18:53:44.956] [nrf_app] [info] 
Handle heartbeat timeout (NF update), NF instance ID a03368fc-0eff-4e3f-b71c-10e04357f8e1, time 1790528014484, current ms 1790528024956
[2026-09-27 18:53:45.940] [nrf_app] [info] 
Handle heartbeat timeout (NF update), NF instance ID 4042849f-78a0-49bf-9f1a-180c59d6e83a, time 1790528015448, current ms 1790528025940
[2026-09-27 18:53:46.732] [nrf_sbi] [info] Got a request to update an NF instance, Instance ID: dc589e56-a136-40f6-8f20-a087068e856a
[2026-09-27 18:53:46.732] [nrf_app] [info] Handle Update NF Instance request, NF type UDM (HTTP version 1)
[2026-09-27 18:53:46.732] [nrf_app] [info] NF Heart-Beat procedure!
[2026-09-27 18:53:46.732] [nrf_app] [debug] Replace member nfStatus with new value REGISTERED
[2026-09-27 18:53:46.732] [nrf_app] [info] Updated the NF profile (profile ID dc589e56-a136-40f6-8f20-a087068e856a)
[2026-09-27 18:53:46.732] [nrf_app] [debug] NF update for Heartbeat, current time 1790528026732
[2026-09-27 18:53:46.732] [nrf_app] [debug] Set NF status to REGISTERED
[2026-09-27 18:53:46.732] [nrf_sbi] [debug] Json data: null
[2026-09-27 18:53:46.809] [nrf_sbi] [info] Got a request to update an NF instance, Instance ID: 91dfee08-b1a6-4ce8-8f1c-ea9bf4341104
[2026-09-27 18:53:46.809] [nrf_app] [info] Handle Update NF Instance request, NF type UPF (HTTP version 1)
[2026-09-27 18:53:46.809] [nrf_app] [info] NF Heart-Beat procedure!
[2026-09-27 18:53:46.809] [nrf_app] [debug] Replace member nfStatus with new value REGISTERED
[2026-09-27 18:53:46.809] [nrf_app] [info] Updated the NF profile (profile ID 91dfee08-b1a6-4ce8-8f1c-ea9bf4341104)
[2026-09-27 18:53:46.809] [nrf_app] [debug] NF update for Heartbeat, current time 1790528026809
[2026-09-27 18:53:46.809] [nrf_app] [debug] Set NF status to REGISTERED
[2026-09-27 18:53:46.809] [nrf_sbi] [debug] Json data: null
[2026-09-27 18:53:46.862] [nrf_app] [info] 
Handle heartbeat timeout (NF update), NF instance ID 17ba2836-2822-46a6-a021-901a2fb65998, time 1790528016354, current ms 1790528026862
[2026-09-27 18:53:48.899] [nrf_app] [info] 
Handle heartbeat timeout (NF update), NF instance ID dc589e56-a136-40f6-8f20-a087068e856a, time 1790528018331, current ms 1790528028899
[2026-09-27 18:53:49.137] [nrf_app] [info] 
Handle heartbeat timeout (NF update), NF instance ID 91dfee08-b1a6-4ce8-8f1c-ea9bf4341104, time 1790528018564, current ms 1790528029137
[2026-09-27 18:53:49.838] [nrf_sbi] [info] Got a request to update an NF instance, Instance ID: b64a73f9-6961-4fdb-8232-006948f24f8d
[2026-09-27 18:53:49.838] [nrf_app] [info] Handle Update NF Instance request, NF type UDR (HTTP version 1)
[2026-09-27 18:53:49.838] [nrf_app] [info] NF Heart-Beat procedure!
[2026-09-27 18:53:49.838] [nrf_app] [debug] Replace member nfStatus with new value REGISTERED
[2026-09-27 18:53:49.838] [nrf_app] [info] Updated the NF profile (profile ID b64a73f9-6961-4fdb-8232-006948f24f8d)
[2026-09-27 18:53:49.838] [nrf_app] [debug] NF update for Heartbeat, current time 1790528029838
[2026-09-27 18:53:49.838] [nrf_app] [debug] Set NF status to REGISTERED
[2026-09-27 18:53:49.838] [nrf_sbi] [debug] Json data: null
[2026-09-27 18:53:51.934] [nrf_app] [info] 
Handle heartbeat timeout (NF update), NF instance ID b64a73f9-6961-4fdb-8232-006948f24f8d, time 1790528021308, current ms 1790528031934
[2026-09-27 18:53:52.777] [nrf_sbi] [info] Got a request to update an NF instance, Instance ID: a03368fc-0eff-4e3f-b71c-10e04357f8e1
[2026-09-27 18:53:52.777] [nrf_app] [info] Handle Update NF Instance request, NF type SMF (HTTP version 1)
[2026-09-27 18:53:52.777] [nrf_app] [info] NF Heart-Beat procedure!
[2026-09-27 18:53:52.777] [nrf_app] [debug] Replace member nfStatus with new value REGISTERED
[2026-09-27 18:53:52.777] [nrf_app] [info] Updated the NF profile (profile ID a03368fc-0eff-4e3f-b71c-10e04357f8e1)
[2026-09-27 18:53:52.777] [nrf_app] [debug] NF update for Heartbeat, current time 1790528032777
[2026-09-27 18:53:52.777] [nrf_app] [debug] Set NF status to REGISTERED
[2026-09-27 18:53:52.777] [nrf_sbi] [debug] Json data: null
[2026-09-27 18:53:53.719] [nrf_sbi] [info] Got a request to update an NF instance, Instance ID: 4042849f-78a0-49bf-9f1a-180c59d6e83a
[2026-09-27 18:53:53.719] [nrf_app] [info] Handle Update NF Instance request, NF type AMF (HTTP version 1)
[2026-09-27 18:53:53.719] [nrf_app] [info] NF Heart-Beat procedure!
[2026-09-27 18:53:53.719] [nrf_app] [debug] Replace member nfStatus with new value REGISTERED
[2026-09-27 18:53:53.719] [nrf_app] [info] Updated the NF profile (profile ID 4042849f-78a0-49bf-9f1a-180c59d6e83a)
[2026-09-27 18:53:53.719] [nrf_app] [debug] NF update for Heartbeat, current time 1790528033719
[2026-09-27 18:53:53.719] [nrf_app] [debug] Set NF status to REGISTERED
[2026-09-27 18:53:53.719] [nrf_sbi] [debug] Json data: null
[2026-09-27 18:53:55.161] [nrf_app] [info] 
Handle heartbeat timeout (NF update), NF instance ID a03368fc-0eff-4e3f-b71c-10e04357f8e1, time 1790528024484, current ms 1790528035161
[2026-09-27 18:53:55.237] [nrf_sbi] [info] Got a request to update an NF instance, Instance ID: 17ba2836-2822-46a6-a021-901a2fb65998
[2026-09-27 18:53:55.237] [nrf_app] [info] Handle Update NF Instance request, NF type AUSF (HTTP version 1)
[2026-09-27 18:53:55.237] [nrf_app] [info] NF Heart-Beat procedure!
[2026-09-27 18:53:55.237] [nrf_app] [debug] Replace member nfStatus with new value REGISTERED
[2026-09-27 18:53:55.237] [nrf_app] [info] Updated the NF profile (profile ID 17ba2836-2822-46a6-a021-901a2fb65998)
[2026-09-27 18:53:55.237] [nrf_app] [debug] NF update for Heartbeat, current time 1790528035237
[2026-09-27 18:53:55.237] [nrf_app] [debug] Set NF status to REGISTERED
[2026-09-27 18:53:55.237] [nrf_sbi] [debug] Json data: null
[2026-09-27 18:53:56.146] [nrf_app] [info] 
Handle heartbeat timeout (NF update), NF instance ID 4042849f-78a0-49bf-9f1a-180c59d6e83a, time 1790528025448, current ms 1790528036146
[2026-09-27 18:53:56.812] [nrf_sbi] [info] Got a request to update an NF instance, Instance ID: 91dfee08-b1a6-4ce8-8f1c-ea9bf4341104
[2026-09-27 18:53:56.812] [nrf_app] [info] Handle Update NF Instance request, NF type UPF (HTTP version 1)
[2026-09-27 18:53:56.812] [nrf_app] [info] NF Heart-Beat procedure!
[2026-09-27 18:53:56.812] [nrf_app] [debug] Replace member nfStatus with new value REGISTERED
[2026-09-27 18:53:56.812] [nrf_app] [info] Updated the NF profile (profile ID 91dfee08-b1a6-4ce8-8f1c-ea9bf4341104)
[2026-09-27 18:53:56.812] [nrf_app] [debug] NF update for Heartbeat, current time 1790528036812
[2026-09-27 18:53:56.812] [nrf_app] [debug] Set NF status to REGISTERED
[2026-09-27 18:53:56.812] [nrf_sbi] [debug] Json data: null
[2026-09-27 18:53:57.019] [nrf_sbi] [info] Got a request to update an NF instance, Instance ID: dc589e56-a136-40f6-8f20-a087068e856a
[2026-09-27 18:53:57.019] [nrf_app] [info] Handle Update NF Instance request, NF type UDM (HTTP version 1)
[2026-09-27 18:53:57.019] [nrf_app] [info] NF Heart-Beat procedure!
[2026-09-27 18:53:57.019] [nrf_app] [debug] Replace member nfStatus with new value REGISTERED
[2026-09-27 18:53:57.019] [nrf_app] [info] Updated the NF profile (profile ID dc589e56-a136-40f6-8f20-a087068e856a)
[2026-09-27 18:53:57.019] [nrf_app] [debug] NF update for Heartbeat, current time 1790528037019
[2026-09-27 18:53:57.019] [nrf_app] [debug] Set NF status to REGISTERED
[2026-09-27 18:53:57.019] [nrf_sbi] [debug] Json data: null
[2026-09-27 18:53:57.069] [nrf_app] [info] 
Handle heartbeat timeout (NF update), NF instance ID 17ba2836-2822-46a6-a021-901a2fb65998, time 1790528026354, current ms 1790528037069
[2026-09-27 18:53:59.082] [nrf_app] [info] 
Handle heartbeat timeout (NF update), NF instance ID dc589e56-a136-40f6-8f20-a087068e856a, time 1790528028331, current ms 1790528039082
[2026-09-27 18:53:59.317] [nrf_app] [info] 
Handle heartbeat timeout (NF update), NF instance ID 91dfee08-b1a6-4ce8-8f1c-ea9bf4341104, time 1790528028564, current ms 1790528039317
[2026-09-27 18:54:00.018] [nrf_sbi] [info] Got a request to update an NF instance, Instance ID: b64a73f9-6961-4fdb-8232-006948f24f8d
[2026-09-27 18:54:00.018] [nrf_app] [info] Handle Update NF Instance request, NF type UDR (HTTP version 1)
[2026-09-27 18:54:00.018] [nrf_app] [info] NF Heart-Beat procedure!
[2026-09-27 18:54:00.018] [nrf_app] [debug] Replace member nfStatus with new value REGISTERED
[2026-09-27 18:54:00.018] [nrf_app] [info] Updated the NF profile (profile ID b64a73f9-6961-4fdb-8232-006948f24f8d)
[2026-09-27 18:54:00.018] [nrf_app] [debug] NF update for Heartbeat, current time 1790528040018
[2026-09-27 18:54:00.018] [nrf_app] [debug] Set NF status to REGISTERED
[2026-09-27 18:54:00.018] [nrf_sbi] [debug] Json data: null
[2026-09-27 18:54:02.077] [nrf_app] [info] 
Handle heartbeat timeout (NF update), NF instance ID b64a73f9-6961-4fdb-8232-006948f24f8d, time 1790528031308, current ms 1790528042077
[2026-09-27 18:54:02.781] [nrf_sbi] [info] Got a request to update an NF instance, Instance ID: a03368fc-0eff-4e3f-b71c-10e04357f8e1
[2026-09-27 18:54:02.781] [nrf_app] [info] Handle Update NF Instance request, NF type SMF (HTTP version 1)
[2026-09-27 18:54:02.781] [nrf_app] [info] NF Heart-Beat procedure!
[2026-09-27 18:54:02.781] [nrf_app] [debug] Replace member nfStatus with new value REGISTERED
[2026-09-27 18:54:02.781] [nrf_app] [info] Updated the NF profile (profile ID a03368fc-0eff-4e3f-b71c-10e04357f8e1)
[2026-09-27 18:54:02.781] [nrf_app] [debug] NF update for Heartbeat, current time 1790528042781
[2026-09-27 18:54:02.781] [nrf_app] [debug] Set NF status to REGISTERED
[2026-09-27 18:54:02.781] [nrf_sbi] [debug] Json data: null
[2026-09-27 18:54:03.722] [nrf_sbi] [info] Got a request to update an NF instance, Instance ID: 4042849f-78a0-49bf-9f1a-180c59d6e83a
[2026-09-27 18:54:03.722] [nrf_app] [info] Handle Update NF Instance request, NF type AMF (HTTP version 1)
[2026-09-27 18:54:03.722] [nrf_app] [info] NF Heart-Beat procedure!
[2026-09-27 18:54:03.722] [nrf_app] [debug] Replace member nfStatus with new value REGISTERED
[2026-09-27 18:54:03.722] [nrf_app] [info] Updated the NF profile (profile ID 4042849f-78a0-49bf-9f1a-180c59d6e83a)
[2026-09-27 18:54:03.722] [nrf_app] [debug] NF update for Heartbeat, current time 1790528043722
[2026-09-27 18:54:03.722] [nrf_app] [debug] Set NF status to REGISTERED
[2026-09-27 18:54:03.722] [nrf_sbi] [debug] Json data: null
[2026-09-27 18:54:05.343] [nrf_app] [info] 
Handle heartbeat timeout (NF update), NF instance ID a03368fc-0eff-4e3f-b71c-10e04357f8e1, time 1790528034484, current ms 1790528045343
[2026-09-27 18:54:05.463] [nrf_sbi] [info] Got a request to update an NF instance, Instance ID: 17ba2836-2822-46a6-a021-901a2fb65998
[2026-09-27 18:54:05.463] [nrf_app] [info] Handle Update NF Instance request, NF type AUSF (HTTP version 1)
[2026-09-27 18:54:05.463] [nrf_app] [info] NF Heart-Beat procedure!
[2026-09-27 18:54:05.463] [nrf_app] [debug] Replace member nfStatus with new value REGISTERED
[2026-09-27 18:54:05.463] [nrf_app] [info] Updated the NF profile (profile ID 17ba2836-2822-46a6-a021-901a2fb65998)
[2026-09-27 18:54:05.463] [nrf_app] [debug] NF update for Heartbeat, current time 1790528045463
[2026-09-27 18:54:05.463] [nrf_app] [debug] Set NF status to REGISTERED
[2026-09-27 18:54:05.463] [nrf_sbi] [debug] Json data: null
[2026-09-27 18:54:06.362] [nrf_app] [info] 
Handle heartbeat timeout (NF update), NF instance ID 4042849f-78a0-49bf-9f1a-180c59d6e83a, time 1790528035448, current ms 1790528046362
[2026-09-27 18:54:06.816] [nrf_sbi] [info] Got a request to update an NF instance, Instance ID: 91dfee08-b1a6-4ce8-8f1c-ea9bf4341104
[2026-09-27 18:54:06.816] [nrf_app] [info] Handle Update NF Instance request, NF type UPF (HTTP version 1)
[2026-09-27 18:54:06.816] [nrf_app] [info] NF Heart-Beat procedure!
[2026-09-27 18:54:06.816] [nrf_app] [debug] Replace member nfStatus with new value REGISTERED
[2026-09-27 18:54:06.816] [nrf_app] [info] Updated the NF profile (profile ID 91dfee08-b1a6-4ce8-8f1c-ea9bf4341104)
[2026-09-27 18:54:06.816] [nrf_app] [debug] NF update for Heartbeat, current time 1790528046816
[2026-09-27 18:54:06.816] [nrf_app] [debug] Set NF status to REGISTERED
[2026-09-27 18:54:06.816] [nrf_sbi] [debug] Json data: null
[2026-09-27 18:54:07.264] [nrf_sbi] [info] Got a request to update an NF instance, Instance ID: dc589e56-a136-40f6-8f20-a087068e856a
[2026-09-27 18:54:07.264] [nrf_app] [info] Handle Update NF Instance request, NF type UDM (HTTP version 1)
[2026-09-27 18:54:07.264] [nrf_app] [info] NF Heart-Beat procedure!
[2026-09-27 18:54:07.264] [nrf_app] [debug] Replace member nfStatus with new value REGISTERED
[2026-09-27 18:54:07.264] [nrf_app] [info] Updated the NF profile (profile ID dc589e56-a136-40f6-8f20-a087068e856a)
[2026-09-27 18:54:07.264] [nrf_app] [debug] NF update for Heartbeat, current time 1790528047264
[2026-09-27 18:54:07.264] [nrf_app] [debug] Set NF status to REGISTERED
[2026-09-27 18:54:07.264] [nrf_sbi] [debug] Json data: null
[2026-09-27 18:54:07.309] [nrf_app] [info] 
Handle heartbeat timeout (NF update), NF instance ID 17ba2836-2822-46a6-a021-901a2fb65998, time 1790528036354, current ms 1790528047309
[2026-09-27 18:54:09.335] [nrf_app] [info] 
Handle heartbeat timeout (NF update), NF instance ID dc589e56-a136-40f6-8f20-a087068e856a, time 1790528038331, current ms 1790528049335
[2026-09-27 18:54:09.575] [nrf_app] [info] 
Handle heartbeat timeout (NF update), NF instance ID 91dfee08-b1a6-4ce8-8f1c-ea9bf4341104, time 1790528038564, current ms 1790528049575
[2026-09-27 18:54:10.283] [nrf_sbi] [info] Got a request to update an NF instance, Instance ID: b64a73f9-6961-4fdb-8232-006948f24f8d
[2026-09-27 18:54:10.283] [nrf_app] [info] Handle Update NF Instance request, NF type UDR (HTTP version 1)
[2026-09-27 18:54:10.283] [nrf_app] [info] NF Heart-Beat procedure!
[2026-09-27 18:54:10.283] [nrf_app] [debug] Replace member nfStatus with new value REGISTERED
[2026-09-27 18:54:10.283] [nrf_app] [info] Updated the NF profile (profile ID b64a73f9-6961-4fdb-8232-006948f24f8d)
[2026-09-27 18:54:10.283] [nrf_app] [debug] NF update for Heartbeat, current time 1790528050283
[2026-09-27 18:54:10.283] [nrf_app] [debug] Set NF status to REGISTERED
[2026-09-27 18:54:10.283] [nrf_sbi] [debug] Json data: null
[2026-09-27 18:54:12.405] [nrf_app] [info] 
Handle heartbeat timeout (NF update), NF instance ID b64a73f9-6961-4fdb-8232-006948f24f8d, time 1790528041308, current ms 1790528052405
[2026-09-27 18:54:12.786] [nrf_sbi] [info] Got a request to update an NF instance, Instance ID: a03368fc-0eff-4e3f-b71c-10e04357f8e1
[2026-09-27 18:54:12.786] [nrf_app] [info] Handle Update NF Instance request, NF type SMF (HTTP version 1)
[2026-09-27 18:54:12.786] [nrf_app] [info] NF Heart-Beat procedure!
[2026-09-27 18:54:12.786] [nrf_app] [debug] Replace member nfStatus with new value REGISTERED
[2026-09-27 18:54:12.786] [nrf_app] [info] Updated the NF profile (profile ID a03368fc-0eff-4e3f-b71c-10e04357f8e1)
[2026-09-27 18:54:12.786] [nrf_app] [debug] NF update for Heartbeat, current time 1790528052786
[2026-09-27 18:54:12.786] [nrf_app] [debug] Set NF status to REGISTERED
[2026-09-27 18:54:12.786] [nrf_sbi] [debug] Json data: null
[2026-09-27 18:54:13.725] [nrf_sbi] [info] Got a request to update an NF instance, Instance ID: 4042849f-78a0-49bf-9f1a-180c59d6e83a
[2026-09-27 18:54:13.725] [nrf_app] [info] Handle Update NF Instance request, NF type AMF (HTTP version 1)
[2026-09-27 18:54:13.725] [nrf_app] [info] NF Heart-Beat procedure!
[2026-09-27 18:54:13.725] [nrf_app] [debug] Replace member nfStatus with new value REGISTERED
[2026-09-27 18:54:13.725] [nrf_app] [info] Updated the NF profile (profile ID 4042849f-78a0-49bf-9f1a-180c59d6e83a)
[2026-09-27 18:54:13.725] [nrf_app] [debug] NF update for Heartbeat, current time 1790528053725
[2026-09-27 18:54:13.725] [nrf_app] [debug] Set NF status to REGISTERED
[2026-09-27 18:54:13.725] [nrf_sbi] [debug] Json data: null
[2026-09-27 18:54:15.686] [nrf_app] [info] 
Handle heartbeat timeout (NF update), NF instance ID a03368fc-0eff-4e3f-b71c-10e04357f8e1, time 1790528044484, current ms 1790528055686
[2026-09-27 18:54:15.747] [nrf_sbi] [info] Got a request to update an NF instance, Instance ID: 17ba2836-2822-46a6-a021-901a2fb65998
[2026-09-27 18:54:15.747] [nrf_app] [info] Handle Update NF Instance request, NF type AUSF (HTTP version 1)
[2026-09-27 18:54:15.747] [nrf_app] [info] NF Heart-Beat procedure!
[2026-09-27 18:54:15.747] [nrf_app] [debug] Replace member nfStatus with new value REGISTERED
[2026-09-27 18:54:15.747] [nrf_app] [info] Updated the NF profile (profile ID 17ba2836-2822-46a6-a021-901a2fb65998)
[2026-09-27 18:54:15.747] [nrf_app] [debug] NF update for Heartbeat, current time 1790528055747
[2026-09-27 18:54:15.747] [nrf_app] [debug] Set NF status to REGISTERED
[2026-09-27 18:54:15.747] [nrf_sbi] [debug] Json data: null
[2026-09-27 18:54:16.665] [nrf_app] [info] 
Handle heartbeat timeout (NF update), NF instance ID 4042849f-78a0-49bf-9f1a-180c59d6e83a, time 1790528045448, current ms 1790528056665
[2026-09-27 18:54:16.819] [nrf_sbi] [info] Got a request to update an NF instance, Instance ID: 91dfee08-b1a6-4ce8-8f1c-ea9bf4341104
[2026-09-27 18:54:16.819] [nrf_app] [info] Handle Update NF Instance request, NF type UPF (HTTP version 1)
[2026-09-27 18:54:16.819] [nrf_app] [info] NF Heart-Beat procedure!
[2026-09-27 18:54:16.819] [nrf_app] [debug] Replace member nfStatus with new value REGISTERED
[2026-09-27 18:54:16.819] [nrf_app] [info] Updated the NF profile (profile ID 91dfee08-b1a6-4ce8-8f1c-ea9bf4341104)
[2026-09-27 18:54:16.819] [nrf_app] [debug] NF update for Heartbeat, current time 1790528056819
[2026-09-27 18:54:16.819] [nrf_app] [debug] Set NF status to REGISTERED
[2026-09-27 18:54:16.819] [nrf_sbi] [debug] Json data: null
[2026-09-27 18:54:17.600] [nrf_app] [info] 
Handle heartbeat timeout (NF update), NF instance ID 17ba2836-2822-46a6-a021-901a2fb65998, time 1790528046354, current ms 1790528057600
[2026-09-27 18:54:17.619] [nrf_sbi] [info] Got a request to update an NF instance, Instance ID: dc589e56-a136-40f6-8f20-a087068e856a
[2026-09-27 18:54:17.619] [nrf_app] [info] Handle Update NF Instance request, NF type UDM (HTTP version 1)
[2026-09-27 18:54:17.619] [nrf_app] [info] NF Heart-Beat procedure!
[2026-09-27 18:54:17.619] [nrf_app] [debug] Replace member nfStatus with new value REGISTERED
[2026-09-27 18:54:17.619] [nrf_app] [info] Updated the NF profile (profile ID dc589e56-a136-40f6-8f20-a087068e856a)
[2026-09-27 18:54:17.619] [nrf_app] [debug] NF update for Heartbeat, current time 1790528057619
[2026-09-27 18:54:17.619] [nrf_app] [debug] Set NF status to REGISTERED
[2026-09-27 18:54:17.619] [nrf_sbi] [debug] Json data: null
[2026-09-27 18:54:19.623] [nrf_app] [info] 
Handle heartbeat timeout (NF update), NF instance ID dc589e56-a136-40f6-8f20-a087068e856a, time 1790528048331, current ms 1790528059623
[2026-09-27 18:54:19.856] [nrf_app] [info] 
Handle heartbeat timeout (NF update), NF instance ID 91dfee08-b1a6-4ce8-8f1c-ea9bf4341104, time 1790528048564, current ms 1790528059856
[2026-09-27 18:54:20.553] [nrf_sbi] [info] Got a request to update an NF instance, Instance ID: b64a73f9-6961-4fdb-8232-006948f24f8d
[2026-09-27 18:54:20.553] [nrf_app] [info] Handle Update NF Instance request, NF type UDR (HTTP version 1)
[2026-09-27 18:54:20.553] [nrf_app] [info] NF Heart-Beat procedure!
[2026-09-27 18:54:20.553] [nrf_app] [debug] Replace member nfStatus with new value REGISTERED
[2026-09-27 18:54:20.553] [nrf_app] [info] Updated the NF profile (profile ID b64a73f9-6961-4fdb-8232-006948f24f8d)
[2026-09-27 18:54:20.553] [nrf_app] [debug] NF update for Heartbeat, current time 1790528060553
[2026-09-27 18:54:20.553] [nrf_app] [debug] Set NF status to REGISTERED
[2026-09-27 18:54:20.553] [nrf_sbi] [debug] Json data: null
[2026-09-27 18:54:22.653] [nrf_app] [info] 
Handle heartbeat timeout (NF update), NF instance ID b64a73f9-6961-4fdb-8232-006948f24f8d, time 1790528051308, current ms 1790528062653
[2026-09-27 18:54:22.790] [nrf_sbi] [info] Got a request to update an NF instance, Instance ID: a03368fc-0eff-4e3f-b71c-10e04357f8e1
[2026-09-27 18:54:22.790] [nrf_app] [info] Handle Update NF Instance request, NF type SMF (HTTP version 1)
[2026-09-27 18:54:22.790] [nrf_app] [info] NF Heart-Beat procedure!
[2026-09-27 18:54:22.790] [nrf_app] [debug] Replace member nfStatus with new value REGISTERED
[2026-09-27 18:54:22.790] [nrf_app] [info] Updated the NF profile (profile ID a03368fc-0eff-4e3f-b71c-10e04357f8e1)
[2026-09-27 18:54:22.790] [nrf_app] [debug] NF update for Heartbeat, current time 1790528062790
[2026-09-27 18:54:22.790] [nrf_app] [debug] Set NF status to REGISTERED
[2026-09-27 18:54:22.790] [nrf_sbi] [debug] Json data: null
[2026-09-27 18:54:23.730] [nrf_sbi] [info] Got a request to update an NF instance, Instance ID: 4042849f-78a0-49bf-9f1a-180c59d6e83a
[2026-09-27 18:54:23.730] [nrf_app] [info] Handle Update NF Instance request, NF type AMF (HTTP version 1)
[2026-09-27 18:54:23.730] [nrf_app] [info] NF Heart-Beat procedure!
[2026-09-27 18:54:23.730] [nrf_app] [debug] Replace member nfStatus with new value REGISTERED
[2026-09-27 18:54:23.730] [nrf_app] [info] Updated the NF profile (profile ID 4042849f-78a0-49bf-9f1a-180c59d6e83a)
[2026-09-27 18:54:23.730] [nrf_app] [debug] NF update for Heartbeat, current time 1790528063730
[2026-09-27 18:54:23.730] [nrf_app] [debug] Set NF status to REGISTERED
[2026-09-27 18:54:23.730] [nrf_sbi] [debug] Json data: null
[2026-09-27 18:54:25.890] [nrf_app] [info] 
Handle heartbeat timeout (NF update), NF instance ID a03368fc-0eff-4e3f-b71c-10e04357f8e1, time 1790528054484, current ms 1790528065890
[2026-09-27 18:54:25.989] [nrf_sbi] [info] Got a request to update an NF instance, Instance ID: 17ba2836-2822-46a6-a021-901a2fb65998
[2026-09-27 18:54:25.989] [nrf_app] [info] Handle Update NF Instance request, NF type AUSF (HTTP version 1)
[2026-09-27 18:54:25.989] [nrf_app] [info] NF Heart-Beat procedure!
[2026-09-27 18:54:25.989] [nrf_app] [debug] Replace member nfStatus with new value REGISTERED
[2026-09-27 18:54:25.989] [nrf_app] [info] Updated the NF profile (profile ID 17ba2836-2822-46a6-a021-901a2fb65998)
[2026-09-27 18:54:25.989] [nrf_app] [debug] NF update for Heartbeat, current time 1790528065989
[2026-09-27 18:54:25.989] [nrf_app] [debug] Set NF status to REGISTERED
[2026-09-27 18:54:25.989] [nrf_sbi] [debug] Json data: null
[2026-09-27 18:54:26.823] [nrf_sbi] [info] Got a request to update an NF instance, Instance ID: 91dfee08-b1a6-4ce8-8f1c-ea9bf4341104
[2026-09-27 18:54:26.823] [nrf_app] [info] Handle Update NF Instance request, NF type UPF (HTTP version 1)
[2026-09-27 18:54:26.823] [nrf_app] [info] NF Heart-Beat procedure!
[2026-09-27 18:54:26.823] [nrf_app] [debug] Replace member nfStatus with new value REGISTERED
[2026-09-27 18:54:26.823] [nrf_app] [info] Updated the NF profile (profile ID 91dfee08-b1a6-4ce8-8f1c-ea9bf4341104)
[2026-09-27 18:54:26.823] [nrf_app] [debug] NF update for Heartbeat, current time 1790528066823
[2026-09-27 18:54:26.823] [nrf_app] [debug] Set NF status to REGISTERED
[2026-09-27 18:54:26.823] [nrf_sbi] [debug] Json data: null
[2026-09-27 18:54:26.889] [nrf_app] [info] 
Handle heartbeat timeout (NF update), NF instance ID 4042849f-78a0-49bf-9f1a-180c59d6e83a, time 1790528055448, current ms 1790528066889
[2026-09-27 18:54:27.812] [nrf_app] [info] 
Handle heartbeat timeout (NF update), NF instance ID 17ba2836-2822-46a6-a021-901a2fb65998, time 1790528056354, current ms 1790528067812
[2026-09-27 18:54:27.832] [nrf_sbi] [info] Got a request to update an NF instance, Instance ID: dc589e56-a136-40f6-8f20-a087068e856a
[2026-09-27 18:54:27.832] [nrf_app] [info] Handle Update NF Instance request, NF type UDM (HTTP version 1)
[2026-09-27 18:54:27.832] [nrf_app] [info] NF Heart-Beat procedure!
[2026-09-27 18:54:27.832] [nrf_app] [debug] Replace member nfStatus with new value REGISTERED
[2026-09-27 18:54:27.832] [nrf_app] [info] Updated the NF profile (profile ID dc589e56-a136-40f6-8f20-a087068e856a)
[2026-09-27 18:54:27.832] [nrf_app] [debug] NF update for Heartbeat, current time 1790528067832
[2026-09-27 18:54:27.832] [nrf_app] [debug] Set NF status to REGISTERED
[2026-09-27 18:54:27.832] [nrf_sbi] [debug] Json data: null
[2026-09-27 18:54:29.834] [nrf_app] [info] 
Handle heartbeat timeout (NF update), NF instance ID dc589e56-a136-40f6-8f20-a087068e856a, time 1790528058331, current ms 1790528069834
[2026-09-27 18:54:30.075] [nrf_app] [info] 
Handle heartbeat timeout (NF update), NF instance ID 91dfee08-b1a6-4ce8-8f1c-ea9bf4341104, time 1790528058564, current ms 1790528070075
[2026-09-27 18:54:30.774] [nrf_sbi] [info] Got a request to update an NF instance, Instance ID: b64a73f9-6961-4fdb-8232-006948f24f8d
[2026-09-27 18:54:30.774] [nrf_app] [info] Handle Update NF Instance request, NF type UDR (HTTP version 1)
[2026-09-27 18:54:30.774] [nrf_app] [info] NF Heart-Beat procedure!
[2026-09-27 18:54:30.774] [nrf_app] [debug] Replace member nfStatus with new value REGISTERED
[2026-09-27 18:54:30.774] [nrf_app] [info] Updated the NF profile (profile ID b64a73f9-6961-4fdb-8232-006948f24f8d)
[2026-09-27 18:54:30.774] [nrf_app] [debug] NF update for Heartbeat, current time 1790528070774
[2026-09-27 18:54:30.774] [nrf_app] [debug] Set NF status to REGISTERED
[2026-09-27 18:54:30.774] [nrf_sbi] [debug] Json data: null
[2026-09-27 18:54:32.793] [nrf_sbi] [info] Got a request to update an NF instance, Instance ID: a03368fc-0eff-4e3f-b71c-10e04357f8e1
[2026-09-27 18:54:32.794] [nrf_app] [info] Handle Update NF Instance request, NF type SMF (HTTP version 1)
[2026-09-27 18:54:32.794] [nrf_app] [info] NF Heart-Beat procedure!
[2026-09-27 18:54:32.794] [nrf_app] [debug] Replace member nfStatus with new value REGISTERED
[2026-09-27 18:54:32.794] [nrf_app] [info] Updated the NF profile (profile ID a03368fc-0eff-4e3f-b71c-10e04357f8e1)
[2026-09-27 18:54:32.794] [nrf_app] [debug] NF update for Heartbeat, current time 1790528072794
[2026-09-27 18:54:32.794] [nrf_app] [debug] Set NF status to REGISTERED
[2026-09-27 18:54:32.794] [nrf_sbi] [debug] Json data: null
[2026-09-27 18:54:32.881] [nrf_app] [info] 
Handle heartbeat timeout (NF update), NF instance ID b64a73f9-6961-4fdb-8232-006948f24f8d, time 1790528061308, current ms 1790528072881
[2026-09-27 18:54:33.740] [nrf_sbi] [info] Got a request to update an NF instance, Instance ID: 4042849f-78a0-49bf-9f1a-180c59d6e83a
[2026-09-27 18:54:33.740] [nrf_app] [info] Handle Update NF Instance request, NF type AMF (HTTP version 1)
[2026-09-27 18:54:33.741] [nrf_app] [info] NF Heart-Beat procedure!
[2026-09-27 18:54:33.741] [nrf_app] [debug] Replace member nfStatus with new value REGISTERED
[2026-09-27 18:54:33.741] [nrf_app] [info] Updated the NF profile (profile ID 4042849f-78a0-49bf-9f1a-180c59d6e83a)
[2026-09-27 18:54:33.741] [nrf_app] [debug] NF update for Heartbeat, current time 1790528073741
[2026-09-27 18:54:33.741] [nrf_app] [debug] Set NF status to REGISTERED
[2026-09-27 18:54:33.741] [nrf_sbi] [debug] Json data: null
[2026-09-27 18:54:36.171] [nrf_app] [info] 
Handle heartbeat timeout (NF update), NF instance ID a03368fc-0eff-4e3f-b71c-10e04357f8e1, time 1790528064484, current ms 1790528076171
[2026-09-27 18:54:36.243] [nrf_sbi] [info] Got a request to update an NF instance, Instance ID: 17ba2836-2822-46a6-a021-901a2fb65998
[2026-09-27 18:54:36.243] [nrf_app] [info] Handle Update NF Instance request, NF type AUSF (HTTP version 1)
[2026-09-27 18:54:36.243] [nrf_app] [info] NF Heart-Beat procedure!
[2026-09-27 18:54:36.243] [nrf_app] [debug] Replace member nfStatus with new value REGISTERED
[2026-09-27 18:54:36.243] [nrf_app] [info] Updated the NF profile (profile ID 17ba2836-2822-46a6-a021-901a2fb65998)
[2026-09-27 18:54:36.243] [nrf_app] [debug] NF update for Heartbeat, current time 1790528076243
[2026-09-27 18:54:36.243] [nrf_app] [debug] Set NF status to REGISTERED
[2026-09-27 18:54:36.243] [nrf_sbi] [debug] Json data: null
[2026-09-27 18:54:36.827] [nrf_sbi] [info] Got a request to update an NF instance, Instance ID: 91dfee08-b1a6-4ce8-8f1c-ea9bf4341104
[2026-09-27 18:54:36.828] [nrf_app] [info] Handle Update NF Instance request, NF type UPF (HTTP version 1)
[2026-09-27 18:54:36.828] [nrf_app] [info] NF Heart-Beat procedure!
[2026-09-27 18:54:36.828] [nrf_app] [debug] Replace member nfStatus with new value REGISTERED
[2026-09-27 18:54:36.828] [nrf_app] [info] Updated the NF profile (profile ID 91dfee08-b1a6-4ce8-8f1c-ea9bf4341104)
[2026-09-27 18:54:36.828] [nrf_app] [debug] NF update for Heartbeat, current time 1790528076828
[2026-09-27 18:54:36.828] [nrf_app] [debug] Set NF status to REGISTERED
[2026-09-27 18:54:36.828] [nrf_sbi] [debug] Json data: null
[2026-09-27 18:54:37.149] [nrf_app] [info] 
Handle heartbeat timeout (NF update), NF instance ID 4042849f-78a0-49bf-9f1a-180c59d6e83a, time 1790528065448, current ms 1790528077149
[2026-09-27 18:54:38.056] [nrf_sbi] [info] Got a request to update an NF instance, Instance ID: dc589e56-a136-40f6-8f20-a087068e856a
[2026-09-27 18:54:38.056] [nrf_app] [info] Handle Update NF Instance request, NF type UDM (HTTP version 1)
[2026-09-27 18:54:38.056] [nrf_app] [info] NF Heart-Beat procedure!
[2026-09-27 18:54:38.056] [nrf_app] [debug] Replace member nfStatus with new value REGISTERED
[2026-09-27 18:54:38.056] [nrf_app] [info] Updated the NF profile (profile ID dc589e56-a136-40f6-8f20-a087068e856a)
[2026-09-27 18:54:38.056] [nrf_app] [debug] NF update for Heartbeat, current time 1790528078056
[2026-09-27 18:54:38.056] [nrf_app] [debug] Set NF status to REGISTERED
[2026-09-27 18:54:38.057] [nrf_sbi] [debug] Json data: null
[2026-09-27 18:54:38.076] [nrf_app] [info] 
Handle heartbeat timeout (NF update), NF instance ID 17ba2836-2822-46a6-a021-901a2fb65998, time 1790528066354, current ms 1790528078076
[2026-09-27 18:54:40.112] [nrf_app] [info] 
Handle heartbeat timeout (NF update), NF instance ID dc589e56-a136-40f6-8f20-a087068e856a, time 1790528068331, current ms 1790528080112
[2026-09-27 18:54:40.348] [nrf_app] [info] 
Handle heartbeat timeout (NF update), NF instance ID 91dfee08-b1a6-4ce8-8f1c-ea9bf4341104, time 1790528068564, current ms 1790528080348
[2026-09-27 18:54:40.985] [nrf_sbi] [info] Got a request to update an NF instance, Instance ID: b64a73f9-6961-4fdb-8232-006948f24f8d
[2026-09-27 18:54:40.986] [nrf_app] [info] Handle Update NF Instance request, NF type UDR (HTTP version 1)
[2026-09-27 18:54:40.986] [nrf_app] [info] NF Heart-Beat procedure!
[2026-09-27 18:54:40.986] [nrf_app] [debug] Replace member nfStatus with new value REGISTERED
[2026-09-27 18:54:40.986] [nrf_app] [info] Updated the NF profile (profile ID b64a73f9-6961-4fdb-8232-006948f24f8d)
[2026-09-27 18:54:40.986] [nrf_app] [debug] NF update for Heartbeat, current time 1790528080986
[2026-09-27 18:54:40.986] [nrf_app] [debug] Set NF status to REGISTERED
[2026-09-27 18:54:40.986] [nrf_sbi] [debug] Json data: null
[2026-09-27 18:54:42.798] [nrf_sbi] [info] Got a request to update an NF instance, Instance ID: a03368fc-0eff-4e3f-b71c-10e04357f8e1
[2026-09-27 18:54:42.798] [nrf_app] [info] Handle Update NF Instance request, NF type SMF (HTTP version 1)
[2026-09-27 18:54:42.798] [nrf_app] [info] NF Heart-Beat procedure!
[2026-09-27 18:54:42.798] [nrf_app] [debug] Replace member nfStatus with new value REGISTERED
[2026-09-27 18:54:42.798] [nrf_app] [info] Updated the NF profile (profile ID a03368fc-0eff-4e3f-b71c-10e04357f8e1)
[2026-09-27 18:54:42.798] [nrf_app] [debug] NF update for Heartbeat, current time 1790528082798
[2026-09-27 18:54:42.798] [nrf_app] [debug] Set NF status to REGISTERED
[2026-09-27 18:54:42.798] [nrf_sbi] [debug] Json data: null
[2026-09-27 18:54:43.137] [nrf_app] [info] 
Handle heartbeat timeout (NF update), NF instance ID b64a73f9-6961-4fdb-8232-006948f24f8d, time 1790528071308, current ms 1790528083137
[2026-09-27 18:54:43.745] [nrf_sbi] [info] Got a request to update an NF instance, Instance ID: 4042849f-78a0-49bf-9f1a-180c59d6e83a
[2026-09-27 18:54:43.745] [nrf_app] [info] Handle Update NF Instance request, NF type AMF (HTTP version 1)
[2026-09-27 18:54:43.745] [nrf_app] [info] NF Heart-Beat procedure!
[2026-09-27 18:54:43.745] [nrf_app] [debug] Replace member nfStatus with new value REGISTERED
[2026-09-27 18:54:43.745] [nrf_app] [info] Updated the NF profile (profile ID 4042849f-78a0-49bf-9f1a-180c59d6e83a)
[2026-09-27 18:54:43.745] [nrf_app] [debug] NF update for Heartbeat, current time 1790528083745
[2026-09-27 18:54:43.745] [nrf_app] [debug] Set NF status to REGISTERED
[2026-09-27 18:54:43.745] [nrf_sbi] [debug] Json data: null
[2026-09-27 18:54:46.373] [nrf_app] [info] 
Handle heartbeat timeout (NF update), NF instance ID a03368fc-0eff-4e3f-b71c-10e04357f8e1, time 1790528074484, current ms 1790528086373
[2026-09-27 18:54:46.432] [nrf_sbi] [info] Got a request to update an NF instance, Instance ID: 17ba2836-2822-46a6-a021-901a2fb65998
[2026-09-27 18:54:46.432] [nrf_app] [info] Handle Update NF Instance request, NF type AUSF (HTTP version 1)
[2026-09-27 18:54:46.432] [nrf_app] [info] NF Heart-Beat procedure!
[2026-09-27 18:54:46.432] [nrf_app] [debug] Replace member nfStatus with new value REGISTERED
[2026-09-27 18:54:46.432] [nrf_app] [info] Updated the NF profile (profile ID 17ba2836-2822-46a6-a021-901a2fb65998)
[2026-09-27 18:54:46.432] [nrf_app] [debug] NF update for Heartbeat, current time 1790528086432
[2026-09-27 18:54:46.432] [nrf_app] [debug] Set NF status to REGISTERED
[2026-09-27 18:54:46.432] [nrf_sbi] [debug] Json data: null
[2026-09-27 18:54:46.831] [nrf_sbi] [info] Got a request to update an NF instance, Instance ID: 91dfee08-b1a6-4ce8-8f1c-ea9bf4341104
[2026-09-27 18:54:46.832] [nrf_app] [info] Handle Update NF Instance request, NF type UPF (HTTP version 1)
[2026-09-27 18:54:46.832] [nrf_app] [info] NF Heart-Beat procedure!
[2026-09-27 18:54:46.832] [nrf_app] [debug] Replace member nfStatus with new value REGISTERED
[2026-09-27 18:54:46.832] [nrf_app] [info] Updated the NF profile (profile ID 91dfee08-b1a6-4ce8-8f1c-ea9bf4341104)
[2026-09-27 18:54:46.832] [nrf_app] [debug] NF update for Heartbeat, current time 1790528086832
[2026-09-27 18:54:46.832] [nrf_app] [debug] Set NF status to REGISTERED
[2026-09-27 18:54:46.832] [nrf_sbi] [debug] Json data: null
[2026-09-27 18:54:47.342] [nrf_app] [info] 
Handle heartbeat timeout (NF update), NF instance ID 4042849f-78a0-49bf-9f1a-180c59d6e83a, time 1790528075448, current ms 1790528087342
[2026-09-27 18:54:48.235] [nrf_sbi] [info] Got a request to update an NF instance, Instance ID: dc589e56-a136-40f6-8f20-a087068e856a
[2026-09-27 18:54:48.235] [nrf_app] [info] Handle Update NF Instance request, NF type UDM (HTTP version 1)
[2026-09-27 18:54:48.235] [nrf_app] [info] NF Heart-Beat procedure!
[2026-09-27 18:54:48.235] [nrf_app] [debug] Replace member nfStatus with new value REGISTERED
[2026-09-27 18:54:48.235] [nrf_app] [info] Updated the NF profile (profile ID dc589e56-a136-40f6-8f20-a087068e856a)
[2026-09-27 18:54:48.235] [nrf_app] [debug] NF update for Heartbeat, current time 1790528088235
[2026-09-27 18:54:48.235] [nrf_app] [debug] Set NF status to REGISTERED
[2026-09-27 18:54:48.235] [nrf_sbi] [debug] Json data: null
[2026-09-27 18:54:48.258] [nrf_app] [info] 
Handle heartbeat timeout (NF update), NF instance ID 17ba2836-2822-46a6-a021-901a2fb65998, time 1790528076354, current ms 1790528088258
[2026-09-27 18:54:50.260] [nrf_app] [info] 
Handle heartbeat timeout (NF update), NF instance ID dc589e56-a136-40f6-8f20-a087068e856a, time 1790528078331, current ms 1790528090260
[2026-09-27 18:54:50.495] [nrf_app] [info] 
Handle heartbeat timeout (NF update), NF instance ID 91dfee08-b1a6-4ce8-8f1c-ea9bf4341104, time 1790528078564, current ms 1790528090495
[2026-09-27 18:54:51.151] [nrf_sbi] [info] Got a request to update an NF instance, Instance ID: b64a73f9-6961-4fdb-8232-006948f24f8d
[2026-09-27 18:54:51.151] [nrf_app] [info] Handle Update NF Instance request, NF type UDR (HTTP version 1)
[2026-09-27 18:54:51.151] [nrf_app] [info] NF Heart-Beat procedure!
[2026-09-27 18:54:51.151] [nrf_app] [debug] Replace member nfStatus with new value REGISTERED
[2026-09-27 18:54:51.151] [nrf_app] [info] Updated the NF profile (profile ID b64a73f9-6961-4fdb-8232-006948f24f8d)
[2026-09-27 18:54:51.151] [nrf_app] [debug] NF update for Heartbeat, current time 1790528091151
[2026-09-27 18:54:51.151] [nrf_app] [debug] Set NF status to REGISTERED
[2026-09-27 18:54:51.151] [nrf_sbi] [debug] Json data: null
[2026-09-27 18:54:52.802] [nrf_sbi] [info] Got a request to update an NF instance, Instance ID: a03368fc-0eff-4e3f-b71c-10e04357f8e1
[2026-09-27 18:54:52.803] [nrf_app] [info] Handle Update NF Instance request, NF type SMF (HTTP version 1)
[2026-09-27 18:54:52.803] [nrf_app] [info] NF Heart-Beat procedure!
[2026-09-27 18:54:52.803] [nrf_app] [debug] Replace member nfStatus with new value REGISTERED
[2026-09-27 18:54:52.803] [nrf_app] [info] Updated the NF profile (profile ID a03368fc-0eff-4e3f-b71c-10e04357f8e1)
[2026-09-27 18:54:52.803] [nrf_app] [debug] NF update for Heartbeat, current time 1790528092803
[2026-09-27 18:54:52.803] [nrf_app] [debug] Set NF status to REGISTERED
[2026-09-27 18:54:52.803] [nrf_sbi] [debug] Json data: null
[2026-09-27 18:54:53.278] [nrf_app] [info] 
Handle heartbeat timeout (NF update), NF instance ID b64a73f9-6961-4fdb-8232-006948f24f8d, time 1790528081308, current ms 1790528093278
[2026-09-27 18:54:53.749] [nrf_sbi] [info] Got a request to update an NF instance, Instance ID: 4042849f-78a0-49bf-9f1a-180c59d6e83a
[2026-09-27 18:54:53.749] [nrf_app] [info] Handle Update NF Instance request, NF type AMF (HTTP version 1)
[2026-09-27 18:54:53.749] [nrf_app] [info] NF Heart-Beat procedure!
[2026-09-27 18:54:53.749] [nrf_app] [debug] Replace member nfStatus with new value REGISTERED
[2026-09-27 18:54:53.749] [nrf_app] [info] Updated the NF profile (profile ID 4042849f-78a0-49bf-9f1a-180c59d6e83a)
[2026-09-27 18:54:53.749] [nrf_app] [debug] NF update for Heartbeat, current time 1790528093749
[2026-09-27 18:54:53.749] [nrf_app] [debug] Set NF status to REGISTERED
[2026-09-27 18:54:53.749] [nrf_sbi] [debug] Json data: null
[2026-09-27 18:54:56.523] [nrf_app] [info] 
Handle heartbeat timeout (NF update), NF instance ID a03368fc-0eff-4e3f-b71c-10e04357f8e1, time 1790528084484, current ms 1790528096523
[2026-09-27 18:54:56.577] [nrf_sbi] [info] Got a request to update an NF instance, Instance ID: 17ba2836-2822-46a6-a021-901a2fb65998
[2026-09-27 18:54:56.577] [nrf_app] [info] Handle Update NF Instance request, NF type AUSF (HTTP version 1)
[2026-09-27 18:54:56.577] [nrf_app] [info] NF Heart-Beat procedure!
[2026-09-27 18:54:56.577] [nrf_app] [debug] Replace member nfStatus with new value REGISTERED
[2026-09-27 18:54:56.577] [nrf_app] [info] Updated the NF profile (profile ID 17ba2836-2822-46a6-a021-901a2fb65998)
[2026-09-27 18:54:56.577] [nrf_app] [debug] NF update for Heartbeat, current time 1790528096577
[2026-09-27 18:54:56.577] [nrf_app] [debug] Set NF status to REGISTERED
[2026-09-27 18:54:56.577] [nrf_sbi] [debug] Json data: null
[2026-09-27 18:54:56.836] [nrf_sbi] [info] Got a request to update an NF instance, Instance ID: 91dfee08-b1a6-4ce8-8f1c-ea9bf4341104
[2026-09-27 18:54:56.836] [nrf_app] [info] Handle Update NF Instance request, NF type UPF (HTTP version 1)
[2026-09-27 18:54:56.836] [nrf_app] [info] NF Heart-Beat procedure!
[2026-09-27 18:54:56.836] [nrf_app] [debug] Replace member nfStatus with new value REGISTERED
[2026-09-27 18:54:56.837] [nrf_app] [info] Updated the NF profile (profile ID 91dfee08-b1a6-4ce8-8f1c-ea9bf4341104)
[2026-09-27 18:54:56.837] [nrf_app] [debug] NF update for Heartbeat, current time 1790528096837
[2026-09-27 18:54:56.837] [nrf_app] [debug] Set NF status to REGISTERED
[2026-09-27 18:54:56.837] [nrf_sbi] [debug] Json data: null
[2026-09-27 18:54:57.500] [nrf_app] [info] 
Handle heartbeat timeout (NF update), NF instance ID 4042849f-78a0-49bf-9f1a-180c59d6e83a, time 1790528085448, current ms 1790528097500
[2026-09-27 18:54:58.400] [nrf_sbi] [info] Got a request to update an NF instance, Instance ID: dc589e56-a136-40f6-8f20-a087068e856a
[2026-09-27 18:54:58.400] [nrf_app] [info] Handle Update NF Instance request, NF type UDM (HTTP version 1)
[2026-09-27 18:54:58.400] [nrf_app] [info] NF Heart-Beat procedure!
[2026-09-27 18:54:58.400] [nrf_app] [debug] Replace member nfStatus with new value REGISTERED
[2026-09-27 18:54:58.400] [nrf_app] [info] Updated the NF profile (profile ID dc589e56-a136-40f6-8f20-a087068e856a)
[2026-09-27 18:54:58.400] [nrf_app] [debug] NF update for Heartbeat, current time 1790528098400
[2026-09-27 18:54:58.400] [nrf_app] [debug] Set NF status to REGISTERED
[2026-09-27 18:54:58.400] [nrf_sbi] [debug] Json data: null
[2026-09-27 18:54:58.419] [nrf_app] [info] 
Handle heartbeat timeout (NF update), NF instance ID 17ba2836-2822-46a6-a021-901a2fb65998, time 1790528086354, current ms 1790528098419
[2026-09-27 18:55:00.421] [nrf_app] [info] 
Handle heartbeat timeout (NF update), NF instance ID dc589e56-a136-40f6-8f20-a087068e856a, time 1790528088331, current ms 1790528100421
[2026-09-27 18:55:00.656] [nrf_app] [info] 
Handle heartbeat timeout (NF update), NF instance ID 91dfee08-b1a6-4ce8-8f1c-ea9bf4341104, time 1790528088564, current ms 1790528100656
[2026-09-27 18:55:01.324] [nrf_sbi] [info] Got a request to update an NF instance, Instance ID: b64a73f9-6961-4fdb-8232-006948f24f8d
[2026-09-27 18:55:01.324] [nrf_app] [info] Handle Update NF Instance request, NF type UDR (HTTP version 1)
[2026-09-27 18:55:01.324] [nrf_app] [info] NF Heart-Beat procedure!
[2026-09-27 18:55:01.324] [nrf_app] [debug] Replace member nfStatus with new value REGISTERED
[2026-09-27 18:55:01.324] [nrf_app] [info] Updated the NF profile (profile ID b64a73f9-6961-4fdb-8232-006948f24f8d)
[2026-09-27 18:55:01.324] [nrf_app] [debug] NF update for Heartbeat, current time 1790528101324
[2026-09-27 18:55:01.324] [nrf_app] [debug] Set NF status to REGISTERED
[2026-09-27 18:55:01.324] [nrf_sbi] [debug] Json data: null
[2026-09-27 18:55:02.806] [nrf_sbi] [info] Got a request to update an NF instance, Instance ID: a03368fc-0eff-4e3f-b71c-10e04357f8e1
[2026-09-27 18:55:02.806] [nrf_app] [info] Handle Update NF Instance request, NF type SMF (HTTP version 1)
[2026-09-27 18:55:02.806] [nrf_app] [info] NF Heart-Beat procedure!
[2026-09-27 18:55:02.806] [nrf_app] [debug] Replace member nfStatus with new value REGISTERED
[2026-09-27 18:55:02.806] [nrf_app] [info] Updated the NF profile (profile ID a03368fc-0eff-4e3f-b71c-10e04357f8e1)
[2026-09-27 18:55:02.806] [nrf_app] [debug] NF update for Heartbeat, current time 1790528102806
[2026-09-27 18:55:02.806] [nrf_app] [debug] Set NF status to REGISTERED
[2026-09-27 18:55:02.806] [nrf_sbi] [debug] Json data: null
[2026-09-27 18:55:03.437] [nrf_app] [info] 
Handle heartbeat timeout (NF update), NF instance ID b64a73f9-6961-4fdb-8232-006948f24f8d, time 1790528091308, current ms 1790528103437
[2026-09-27 18:55:03.754] [nrf_sbi] [info] Got a request to update an NF instance, Instance ID: 4042849f-78a0-49bf-9f1a-180c59d6e83a
[2026-09-27 18:55:03.754] [nrf_app] [info] Handle Update NF Instance request, NF type AMF (HTTP version 1)
[2026-09-27 18:55:03.754] [nrf_app] [info] NF Heart-Beat procedure!
[2026-09-27 18:55:03.754] [nrf_app] [debug] Replace member nfStatus with new value REGISTERED
[2026-09-27 18:55:03.754] [nrf_app] [info] Updated the NF profile (profile ID 4042849f-78a0-49bf-9f1a-180c59d6e83a)
[2026-09-27 18:55:03.754] [nrf_app] [debug] NF update for Heartbeat, current time 1790528103754
[2026-09-27 18:55:03.754] [nrf_app] [debug] Set NF status to REGISTERED
[2026-09-27 18:55:03.754] [nrf_sbi] [debug] Json data: null
[2026-09-27 18:55:06.672] [nrf_app] [info] 
Handle heartbeat timeout (NF update), NF instance ID a03368fc-0eff-4e3f-b71c-10e04357f8e1, time 1790528094484, current ms 1790528106672
[2026-09-27 18:55:06.737] [nrf_sbi] [info] Got a request to update an NF instance, Instance ID: 17ba2836-2822-46a6-a021-901a2fb65998
[2026-09-27 18:55:06.737] [nrf_app] [info] Handle Update NF Instance request, NF type AUSF (HTTP version 1)
[2026-09-27 18:55:06.738] [nrf_app] [info] NF Heart-Beat procedure!
[2026-09-27 18:55:06.738] [nrf_app] [debug] Replace member nfStatus with new value REGISTERED
[2026-09-27 18:55:06.738] [nrf_app] [info] Updated the NF profile (profile ID 17ba2836-2822-46a6-a021-901a2fb65998)
[2026-09-27 18:55:06.738] [nrf_app] [debug] NF update for Heartbeat, current time 1790528106738
[2026-09-27 18:55:06.738] [nrf_app] [debug] Set NF status to REGISTERED
[2026-09-27 18:55:06.738] [nrf_sbi] [debug] Json data: null
[2026-09-27 18:55:06.839] [nrf_sbi] [info] Got a request to update an NF instance, Instance ID: 91dfee08-b1a6-4ce8-8f1c-ea9bf4341104
[2026-09-27 18:55:06.839] [nrf_app] [info] Handle Update NF Instance request, NF type UPF (HTTP version 1)
[2026-09-27 18:55:06.839] [nrf_app] [info] NF Heart-Beat procedure!
[2026-09-27 18:55:06.839] [nrf_app] [debug] Replace member nfStatus with new value REGISTERED
[2026-09-27 18:55:06.839] [nrf_app] [info] Updated the NF profile (profile ID 91dfee08-b1a6-4ce8-8f1c-ea9bf4341104)
[2026-09-27 18:55:06.839] [nrf_app] [debug] NF update for Heartbeat, current time 1790528106839
[2026-09-27 18:55:06.839] [nrf_app] [debug] Set NF status to REGISTERED
[2026-09-27 18:55:06.839] [nrf_sbi] [debug] Json data: null
[2026-09-27 18:55:07.670] [nrf_app] [info] 
Handle heartbeat timeout (NF update), NF instance ID 4042849f-78a0-49bf-9f1a-180c59d6e83a, time 1790528095448, current ms 1790528107670
[2026-09-27 18:55:08.587] [nrf_sbi] [info] Got a request to update an NF instance, Instance ID: dc589e56-a136-40f6-8f20-a087068e856a
[2026-09-27 18:55:08.588] [nrf_app] [info] Handle Update NF Instance request, NF type UDM (HTTP version 1)
[2026-09-27 18:55:08.588] [nrf_app] [info] NF Heart-Beat procedure!
[2026-09-27 18:55:08.588] [nrf_app] [debug] Replace member nfStatus with new value REGISTERED
[2026-09-27 18:55:08.588] [nrf_app] [info] Updated the NF profile (profile ID dc589e56-a136-40f6-8f20-a087068e856a)
[2026-09-27 18:55:08.588] [nrf_app] [debug] NF update for Heartbeat, current time 1790528108588
[2026-09-27 18:55:08.588] [nrf_app] [debug] Set NF status to REGISTERED
[2026-09-27 18:55:08.588] [nrf_sbi] [debug] Json data: null
[2026-09-27 18:55:08.602] [nrf_app] [info] 
Handle heartbeat timeout (NF update), NF instance ID 17ba2836-2822-46a6-a021-901a2fb65998, time 1790528096354, current ms 1790528108602
[2026-09-27 18:55:10.606] [nrf_app] [info] 
Handle heartbeat timeout (NF update), NF instance ID dc589e56-a136-40f6-8f20-a087068e856a, time 1790528098331, current ms 1790528110605
[2026-09-27 18:55:10.839] [nrf_app] [info] 
Handle heartbeat timeout (NF update), NF instance ID 91dfee08-b1a6-4ce8-8f1c-ea9bf4341104, time 1790528098564, current ms 1790528110839
[2026-09-27 18:55:11.507] [nrf_sbi] [info] Got a request to update an NF instance, Instance ID: b64a73f9-6961-4fdb-8232-006948f24f8d
[2026-09-27 18:55:11.507] [nrf_app] [info] Handle Update NF Instance request, NF type UDR (HTTP version 1)
[2026-09-27 18:55:11.507] [nrf_app] [info] NF Heart-Beat procedure!
[2026-09-27 18:55:11.507] [nrf_app] [debug] Replace member nfStatus with new value REGISTERED
[2026-09-27 18:55:11.507] [nrf_app] [info] Updated the NF profile (profile ID b64a73f9-6961-4fdb-8232-006948f24f8d)
[2026-09-27 18:55:11.507] [nrf_app] [debug] NF update for Heartbeat, current time 1790528111507
[2026-09-27 18:55:11.507] [nrf_app] [debug] Set NF status to REGISTERED
[2026-09-27 18:55:11.507] [nrf_sbi] [debug] Json data: null
[2026-09-27 18:55:12.809] [nrf_sbi] [info] Got a request to update an NF instance, Instance ID: a03368fc-0eff-4e3f-b71c-10e04357f8e1
[2026-09-27 18:55:12.809] [nrf_app] [info] Handle Update NF Instance request, NF type SMF (HTTP version 1)
[2026-09-27 18:55:12.809] [nrf_app] [info] NF Heart-Beat procedure!
[2026-09-27 18:55:12.809] [nrf_app] [debug] Replace member nfStatus with new value REGISTERED
[2026-09-27 18:55:12.809] [nrf_app] [info] Updated the NF profile (profile ID a03368fc-0eff-4e3f-b71c-10e04357f8e1)
[2026-09-27 18:55:12.809] [nrf_app] [debug] NF update for Heartbeat, current time 1790528112809
[2026-09-27 18:55:12.809] [nrf_app] [debug] Set NF status to REGISTERED
[2026-09-27 18:55:12.809] [nrf_sbi] [debug] Json data: null
[2026-09-27 18:55:13.610] [nrf_app] [info] 
Handle heartbeat timeout (NF update), NF instance ID b64a73f9-6961-4fdb-8232-006948f24f8d, time 1790528101308, current ms 1790528113610
[2026-09-27 18:55:13.757] [nrf_sbi] [info] Got a request to update an NF instance, Instance ID: 4042849f-78a0-49bf-9f1a-180c59d6e83a
[2026-09-27 18:55:13.757] [nrf_app] [info] Handle Update NF Instance request, NF type AMF (HTTP version 1)
[2026-09-27 18:55:13.757] [nrf_app] [info] NF Heart-Beat procedure!
[2026-09-27 18:55:13.757] [nrf_app] [debug] Replace member nfStatus with new value REGISTERED
[2026-09-27 18:55:13.757] [nrf_app] [info] Updated the NF profile (profile ID 4042849f-78a0-49bf-9f1a-180c59d6e83a)
[2026-09-27 18:55:13.757] [nrf_app] [debug] NF update for Heartbeat, current time 1790528113757
[2026-09-27 18:55:13.757] [nrf_app] [debug] Set NF status to REGISTERED
[2026-09-27 18:55:13.757] [nrf_sbi] [debug] Json data: null
[2026-09-27 18:55:16.835] [nrf_app] [info] 
Handle heartbeat timeout (NF update), NF instance ID a03368fc-0eff-4e3f-b71c-10e04357f8e1, time 1790528104484, current ms 1790528116835
[2026-09-27 18:55:16.843] [nrf_sbi] [info] Got a request to update an NF instance, Instance ID: 91dfee08-b1a6-4ce8-8f1c-ea9bf4341104
[2026-09-27 18:55:16.843] [nrf_app] [info] Handle Update NF Instance request, NF type UPF (HTTP version 1)
[2026-09-27 18:55:16.843] [nrf_app] [info] NF Heart-Beat procedure!
[2026-09-27 18:55:16.843] [nrf_app] [debug] Replace member nfStatus with new value REGISTERED
[2026-09-27 18:55:16.843] [nrf_app] [info] Updated the NF profile (profile ID 91dfee08-b1a6-4ce8-8f1c-ea9bf4341104)
[2026-09-27 18:55:16.843] [nrf_app] [debug] NF update for Heartbeat, current time 1790528116843
[2026-09-27 18:55:16.843] [nrf_app] [debug] Set NF status to REGISTERED
[2026-09-27 18:55:16.843] [nrf_sbi] [debug] Json data: null
[2026-09-27 18:55:16.973] [nrf_sbi] [info] Got a request to update an NF instance, Instance ID: 17ba2836-2822-46a6-a021-901a2fb65998
[2026-09-27 18:55:16.973] [nrf_app] [info] Handle Update NF Instance request, NF type AUSF (HTTP version 1)
[2026-09-27 18:55:16.973] [nrf_app] [info] NF Heart-Beat procedure!
[2026-09-27 18:55:16.973] [nrf_app] [debug] Replace member nfStatus with new value REGISTERED
[2026-09-27 18:55:16.973] [nrf_app] [info] Updated the NF profile (profile ID 17ba2836-2822-46a6-a021-901a2fb65998)
[2026-09-27 18:55:16.973] [nrf_app] [debug] NF update for Heartbeat, current time 1790528116973
[2026-09-27 18:55:16.973] [nrf_app] [debug] Set NF status to REGISTERED
[2026-09-27 18:55:16.973] [nrf_sbi] [debug] Json data: null
[2026-09-27 18:55:17.814] [nrf_app] [info] 
Handle heartbeat timeout (NF update), NF instance ID 4042849f-78a0-49bf-9f1a-180c59d6e83a, time 1790528105448, current ms 1790528117814
[2026-09-27 18:55:18.743] [nrf_app] [info] 
Handle heartbeat timeout (NF update), NF instance ID 17ba2836-2822-46a6-a021-901a2fb65998, time 1790528106354, current ms 1790528118743
[2026-09-27 18:55:18.772] [nrf_sbi] [info] Got a request to update an NF instance, Instance ID: dc589e56-a136-40f6-8f20-a087068e856a
[2026-09-27 18:55:18.773] [nrf_app] [info] Handle Update NF Instance request, NF type UDM (HTTP version 1)
[2026-09-27 18:55:18.773] [nrf_app] [info] NF Heart-Beat procedure!
[2026-09-27 18:55:18.773] [nrf_app] [debug] Replace member nfStatus with new value REGISTERED
[2026-09-27 18:55:18.773] [nrf_app] [info] Updated the NF profile (profile ID dc589e56-a136-40f6-8f20-a087068e856a)
[2026-09-27 18:55:18.773] [nrf_app] [debug] NF update for Heartbeat, current time 1790528118773
[2026-09-27 18:55:18.773] [nrf_app] [debug] Set NF status to REGISTERED
[2026-09-27 18:55:18.773] [nrf_sbi] [debug] Json data: null
[2026-09-27 18:55:20.820] [nrf_app] [info] 
Handle heartbeat timeout (NF update), NF instance ID dc589e56-a136-40f6-8f20-a087068e856a, time 1790528108331, current ms 1790528120820
[2026-09-27 18:55:21.062] [nrf_app] [info] 
Handle heartbeat timeout (NF update), NF instance ID 91dfee08-b1a6-4ce8-8f1c-ea9bf4341104, time 1790528108564, current ms 1790528121062
[2026-09-27 18:55:21.688] [nrf_sbi] [info] Got a request to update an NF instance, Instance ID: b64a73f9-6961-4fdb-8232-006948f24f8d
[2026-09-27 18:55:21.688] [nrf_app] [info] Handle Update NF Instance request, NF type UDR (HTTP version 1)
[2026-09-27 18:55:21.688] [nrf_app] [info] NF Heart-Beat procedure!
[2026-09-27 18:55:21.688] [nrf_app] [debug] Replace member nfStatus with new value REGISTERED
[2026-09-27 18:55:21.688] [nrf_app] [info] Updated the NF profile (profile ID b64a73f9-6961-4fdb-8232-006948f24f8d)
[2026-09-27 18:55:21.688] [nrf_app] [debug] NF update for Heartbeat, current time 1790528121688
[2026-09-27 18:55:21.688] [nrf_app] [debug] Set NF status to REGISTERED
[2026-09-27 18:55:21.688] [nrf_sbi] [debug] Json data: null
[2026-09-27 18:55:22.813] [nrf_sbi] [info] Got a request to update an NF instance, Instance ID: a03368fc-0eff-4e3f-b71c-10e04357f8e1
[2026-09-27 18:55:22.813] [nrf_app] [info] Handle Update NF Instance request, NF type SMF (HTTP version 1)
[2026-09-27 18:55:22.813] [nrf_app] [info] NF Heart-Beat procedure!
[2026-09-27 18:55:22.813] [nrf_app] [debug] Replace member nfStatus with new value REGISTERED
[2026-09-27 18:55:22.813] [nrf_app] [info] Updated the NF profile (profile ID a03368fc-0eff-4e3f-b71c-10e04357f8e1)
[2026-09-27 18:55:22.813] [nrf_app] [debug] NF update for Heartbeat, current time 1790528122813
[2026-09-27 18:55:22.813] [nrf_app] [debug] Set NF status to REGISTERED
[2026-09-27 18:55:22.813] [nrf_sbi] [debug] Json data: null
[2026-09-27 18:55:23.760] [nrf_sbi] [info] Got a request to update an NF instance, Instance ID: 4042849f-78a0-49bf-9f1a-180c59d6e83a
[2026-09-27 18:55:23.760] [nrf_app] [info] Handle Update NF Instance request, NF type AMF (HTTP version 1)
[2026-09-27 18:55:23.760] [nrf_app] [info] NF Heart-Beat procedure!
[2026-09-27 18:55:23.760] [nrf_app] [debug] Replace member nfStatus with new value REGISTERED
[2026-09-27 18:55:23.760] [nrf_app] [info] Updated the NF profile (profile ID 4042849f-78a0-49bf-9f1a-180c59d6e83a)
[2026-09-27 18:55:23.761] [nrf_app] [debug] NF update for Heartbeat, current time 1790528123760
[2026-09-27 18:55:23.761] [nrf_app] [debug] Set NF status to REGISTERED
[2026-09-27 18:55:23.761] [nrf_sbi] [debug] Json data: null
[2026-09-27 18:55:23.844] [nrf_app] [info] 
Handle heartbeat timeout (NF update), NF instance ID b64a73f9-6961-4fdb-8232-006948f24f8d, time 1790528111308, current ms 1790528123844
[2026-09-27 18:55:26.846] [nrf_sbi] [info] Got a request to update an NF instance, Instance ID: 91dfee08-b1a6-4ce8-8f1c-ea9bf4341104
[2026-09-27 18:55:26.846] [nrf_app] [info] Handle Update NF Instance request, NF type UPF (HTTP version 1)
[2026-09-27 18:55:26.846] [nrf_app] [info] NF Heart-Beat procedure!
[2026-09-27 18:55:26.846] [nrf_app] [debug] Replace member nfStatus with new value REGISTERED
[2026-09-27 18:55:26.846] [nrf_app] [info] Updated the NF profile (profile ID 91dfee08-b1a6-4ce8-8f1c-ea9bf4341104)
[2026-09-27 18:55:26.846] [nrf_app] [debug] NF update for Heartbeat, current time 1790528126846
[2026-09-27 18:55:26.846] [nrf_app] [debug] Set NF status to REGISTERED
[2026-09-27 18:55:26.846] [nrf_sbi] [debug] Json data: null
[2026-09-27 18:55:27.116] [nrf_app] [info] 
Handle heartbeat timeout (NF update), NF instance ID a03368fc-0eff-4e3f-b71c-10e04357f8e1, time 1790528114484, current ms 1790528127116
[2026-09-27 18:55:27.216] [nrf_sbi] [info] Got a request to update an NF instance, Instance ID: 17ba2836-2822-46a6-a021-901a2fb65998
[2026-09-27 18:55:27.216] [nrf_app] [info] Handle Update NF Instance request, NF type AUSF (HTTP version 1)
[2026-09-27 18:55:27.216] [nrf_app] [info] NF Heart-Beat procedure!
[2026-09-27 18:55:27.216] [nrf_app] [debug] Replace member nfStatus with new value REGISTERED
[2026-09-27 18:55:27.216] [nrf_app] [info] Updated the NF profile (profile ID 17ba2836-2822-46a6-a021-901a2fb65998)
[2026-09-27 18:55:27.216] [nrf_app] [debug] NF update for Heartbeat, current time 1790528127216
[2026-09-27 18:55:27.216] [nrf_app] [debug] Set NF status to REGISTERED
[2026-09-27 18:55:27.216] [nrf_sbi] [debug] Json data: null
[2026-09-27 18:55:28.098] [nrf_app] [info] 
Handle heartbeat timeout (NF update), NF instance ID 4042849f-78a0-49bf-9f1a-180c59d6e83a, time 1790528115448, current ms 1790528128098
[2026-09-27 18:55:29.005] [nrf_app] [info] 
Handle heartbeat timeout (NF update), NF instance ID 17ba2836-2822-46a6-a021-901a2fb65998, time 1790528116354, current ms 1790528129005
[2026-09-27 18:55:29.170] [nrf_sbi] [info] Got a request to update an NF instance, Instance ID: dc589e56-a136-40f6-8f20-a087068e856a
[2026-09-27 18:55:29.170] [nrf_app] [info] Handle Update NF Instance request, NF type UDM (HTTP version 1)
[2026-09-27 18:55:29.170] [nrf_app] [info] NF Heart-Beat procedure!
[2026-09-27 18:55:29.170] [nrf_app] [debug] Replace member nfStatus with new value REGISTERED
[2026-09-27 18:55:29.170] [nrf_app] [info] Updated the NF profile (profile ID dc589e56-a136-40f6-8f20-a087068e856a)
[2026-09-27 18:55:29.170] [nrf_app] [debug] NF update for Heartbeat, current time 1790528129170
[2026-09-27 18:55:29.170] [nrf_app] [debug] Set NF status to REGISTERED
[2026-09-27 18:55:29.170] [nrf_sbi] [debug] Json data: null
[2026-09-27 18:55:30.983] [nrf_app] [info] 
Handle heartbeat timeout (NF update), NF instance ID dc589e56-a136-40f6-8f20-a087068e856a, time 1790528118331, current ms 1790528130983
[2026-09-27 18:55:31.220] [nrf_app] [info] 
Handle heartbeat timeout (NF update), NF instance ID 91dfee08-b1a6-4ce8-8f1c-ea9bf4341104, time 1790528118564, current ms 1790528131220
[2026-09-27 18:55:31.827] [nrf_sbi] [info] Got a request to update an NF instance, Instance ID: b64a73f9-6961-4fdb-8232-006948f24f8d
[2026-09-27 18:55:31.827] [nrf_app] [info] Handle Update NF Instance request, NF type UDR (HTTP version 1)
[2026-09-27 18:55:31.827] [nrf_app] [info] NF Heart-Beat procedure!
[2026-09-27 18:55:31.827] [nrf_app] [debug] Replace member nfStatus with new value REGISTERED
[2026-09-27 18:55:31.827] [nrf_app] [info] Updated the NF profile (profile ID b64a73f9-6961-4fdb-8232-006948f24f8d)
[2026-09-27 18:55:31.828] [nrf_app] [debug] NF update for Heartbeat, current time 1790528131827
[2026-09-27 18:55:31.828] [nrf_app] [debug] Set NF status to REGISTERED
[2026-09-27 18:55:31.828] [nrf_sbi] [debug] Json data: null
[2026-09-27 18:55:32.817] [nrf_sbi] [info] Got a request to update an NF instance, Instance ID: a03368fc-0eff-4e3f-b71c-10e04357f8e1
[2026-09-27 18:55:32.817] [nrf_app] [info] Handle Update NF Instance request, NF type SMF (HTTP version 1)
[2026-09-27 18:55:32.817] [nrf_app] [info] NF Heart-Beat procedure!
[2026-09-27 18:55:32.817] [nrf_app] [debug] Replace member nfStatus with new value REGISTERED
[2026-09-27 18:55:32.817] [nrf_app] [info] Updated the NF profile (profile ID a03368fc-0eff-4e3f-b71c-10e04357f8e1)
[2026-09-27 18:55:32.817] [nrf_app] [debug] NF update for Heartbeat, current time 1790528132817
[2026-09-27 18:55:32.817] [nrf_app] [debug] Set NF status to REGISTERED
[2026-09-27 18:55:32.817] [nrf_sbi] [debug] Json data: null
[2026-09-27 18:55:33.764] [nrf_sbi] [info] Got a request to update an NF instance, Instance ID: 4042849f-78a0-49bf-9f1a-180c59d6e83a
[2026-09-27 18:55:33.764] [nrf_app] [info] Handle Update NF Instance request, NF type AMF (HTTP version 1)
[2026-09-27 18:55:33.764] [nrf_app] [info] NF Heart-Beat procedure!
[2026-09-27 18:55:33.764] [nrf_app] [debug] Replace member nfStatus with new value REGISTERED
[2026-09-27 18:55:33.764] [nrf_app] [info] Updated the NF profile (profile ID 4042849f-78a0-49bf-9f1a-180c59d6e83a)
[2026-09-27 18:55:33.764] [nrf_app] [debug] NF update for Heartbeat, current time 1790528133764
[2026-09-27 18:55:33.764] [nrf_app] [debug] Set NF status to REGISTERED
[2026-09-27 18:55:33.764] [nrf_sbi] [debug] Json data: null
[2026-09-27 18:55:33.972] [nrf_app] [info] 
Handle heartbeat timeout (NF update), NF instance ID b64a73f9-6961-4fdb-8232-006948f24f8d, time 1790528121308, current ms 1790528133972
[2026-09-27 18:55:36.849] [nrf_sbi] [info] Got a request to update an NF instance, Instance ID: 91dfee08-b1a6-4ce8-8f1c-ea9bf4341104
[2026-09-27 18:55:36.849] [nrf_app] [info] Handle Update NF Instance request, NF type UPF (HTTP version 1)
[2026-09-27 18:55:36.849] [nrf_app] [info] NF Heart-Beat procedure!
[2026-09-27 18:55:36.849] [nrf_app] [debug] Replace member nfStatus with new value REGISTERED
[2026-09-27 18:55:36.849] [nrf_app] [info] Updated the NF profile (profile ID 91dfee08-b1a6-4ce8-8f1c-ea9bf4341104)
[2026-09-27 18:55:36.849] [nrf_app] [debug] NF update for Heartbeat, current time 1790528136849
[2026-09-27 18:55:36.849] [nrf_app] [debug] Set NF status to REGISTERED
[2026-09-27 18:55:36.849] [nrf_sbi] [debug] Json data: null
[2026-09-27 18:55:37.149] [nrf_app] [info] 
Handle heartbeat timeout (NF update), NF instance ID a03368fc-0eff-4e3f-b71c-10e04357f8e1, time 1790528124484, current ms 1790528137149
[2026-09-27 18:55:37.271] [nrf_sbi] [info] Got a request to update an NF instance, Instance ID: 17ba2836-2822-46a6-a021-901a2fb65998
[2026-09-27 18:55:37.271] [nrf_app] [info] Handle Update NF Instance request, NF type AUSF (HTTP version 1)
[2026-09-27 18:55:37.271] [nrf_app] [info] NF Heart-Beat procedure!
[2026-09-27 18:55:37.271] [nrf_app] [debug] Replace member nfStatus with new value REGISTERED
[2026-09-27 18:55:37.271] [nrf_app] [info] Updated the NF profile (profile ID 17ba2836-2822-46a6-a021-901a2fb65998)
[2026-09-27 18:55:37.271] [nrf_app] [debug] NF update for Heartbeat, current time 1790528137271
[2026-09-27 18:55:37.271] [nrf_app] [debug] Set NF status to REGISTERED
[2026-09-27 18:55:37.271] [nrf_sbi] [debug] Json data: null
[2026-09-27 18:55:38.115] [nrf_app] [info] 
Handle heartbeat timeout (NF update), NF instance ID 4042849f-78a0-49bf-9f1a-180c59d6e83a, time 1790528125448, current ms 1790528138115
[2026-09-27 18:55:39.026] [nrf_app] [info] 
Handle heartbeat timeout (NF update), NF instance ID 17ba2836-2822-46a6-a021-901a2fb65998, time 1790528126354, current ms 1790528139026
[2026-09-27 18:55:39.201] [nrf_sbi] [info] Got a request to update an NF instance, Instance ID: dc589e56-a136-40f6-8f20-a087068e856a
[2026-09-27 18:55:39.201] [nrf_app] [info] Handle Update NF Instance request, NF type UDM (HTTP version 1)
[2026-09-27 18:55:39.201] [nrf_app] [info] NF Heart-Beat procedure!
[2026-09-27 18:55:39.201] [nrf_app] [debug] Replace member nfStatus with new value REGISTERED
[2026-09-27 18:55:39.201] [nrf_app] [info] Updated the NF profile (profile ID dc589e56-a136-40f6-8f20-a087068e856a)
[2026-09-27 18:55:39.201] [nrf_app] [debug] NF update for Heartbeat, current time 1790528139201
[2026-09-27 18:55:39.201] [nrf_app] [debug] Set NF status to REGISTERED
[2026-09-27 18:55:39.201] [nrf_sbi] [debug] Json data: null
[2026-09-27 18:55:41.012] [nrf_app] [info] 
Handle heartbeat timeout (NF update), NF instance ID dc589e56-a136-40f6-8f20-a087068e856a, time 1790528128331, current ms 1790528141012
[2026-09-27 18:55:41.246] [nrf_app] [info] 
Handle heartbeat timeout (NF update), NF instance ID 91dfee08-b1a6-4ce8-8f1c-ea9bf4341104, time 1790528128564, current ms 1790528141246
[2026-09-27 18:55:41.855] [nrf_sbi] [info] Got a request to update an NF instance, Instance ID: b64a73f9-6961-4fdb-8232-006948f24f8d
[2026-09-27 18:55:41.855] [nrf_app] [info] Handle Update NF Instance request, NF type UDR (HTTP version 1)
[2026-09-27 18:55:41.855] [nrf_app] [info] NF Heart-Beat procedure!
[2026-09-27 18:55:41.855] [nrf_app] [debug] Replace member nfStatus with new value REGISTERED
[2026-09-27 18:55:41.855] [nrf_app] [info] Updated the NF profile (profile ID b64a73f9-6961-4fdb-8232-006948f24f8d)
[2026-09-27 18:55:41.855] [nrf_app] [debug] NF update for Heartbeat, current time 1790528141855
[2026-09-27 18:55:41.855] [nrf_app] [debug] Set NF status to REGISTERED
[2026-09-27 18:55:41.855] [nrf_sbi] [debug] Json data: null
[2026-09-27 18:55:42.820] [nrf_sbi] [info] Got a request to update an NF instance, Instance ID: a03368fc-0eff-4e3f-b71c-10e04357f8e1
[2026-09-27 18:55:42.820] [nrf_app] [info] Handle Update NF Instance request, NF type SMF (HTTP version 1)
[2026-09-27 18:55:42.820] [nrf_app] [info] NF Heart-Beat procedure!
[2026-09-27 18:55:42.820] [nrf_app] [debug] Replace member nfStatus with new value REGISTERED
[2026-09-27 18:55:42.820] [nrf_app] [info] Updated the NF profile (profile ID a03368fc-0eff-4e3f-b71c-10e04357f8e1)
[2026-09-27 18:55:42.820] [nrf_app] [debug] NF update for Heartbeat, current time 1790528142820
[2026-09-27 18:55:42.820] [nrf_app] [debug] Set NF status to REGISTERED
[2026-09-27 18:55:42.820] [nrf_sbi] [debug] Json data: null
[2026-09-27 18:55:43.768] [nrf_sbi] [info] Got a request to update an NF instance, Instance ID: 4042849f-78a0-49bf-9f1a-180c59d6e83a
[2026-09-27 18:55:43.768] [nrf_app] [info] Handle Update NF Instance request, NF type AMF (HTTP version 1)
[2026-09-27 18:55:43.768] [nrf_app] [info] NF Heart-Beat procedure!
[2026-09-27 18:55:43.768] [nrf_app] [debug] Replace member nfStatus with new value REGISTERED
[2026-09-27 18:55:43.768] [nrf_app] [info] Updated the NF profile (profile ID 4042849f-78a0-49bf-9f1a-180c59d6e83a)
[2026-09-27 18:55:43.768] [nrf_app] [debug] NF update for Heartbeat, current time 1790528143768
[2026-09-27 18:55:43.768] [nrf_app] [debug] Set NF status to REGISTERED
[2026-09-27 18:55:43.768] [nrf_sbi] [debug] Json data: null
[2026-09-27 18:55:44.006] [nrf_sbi] [info] Got a request to discover the set of NF instances that satisfies a number of input query parameters
[2026-09-27 18:55:44.006] [nrf_sbi] [debug] 	Target NF type:  SMF
[2026-09-27 18:55:44.006] [nrf_sbi] [debug] 	Requested NF type:  AMF
[2026-09-27 18:55:44.006] [nrf_app] [info] Handle NFDiscover to discover the set of NF Instances (HTTP version 1)
[2026-09-27 18:55:44.006] [nrf_app] [debug] target nf type SMF, requester nf type AMF, requester nf instance id 
[2026-09-27 18:55:44.006] [nrf_app] [debug] Added a search result with ID 9 to the DB
[2026-09-27 18:55:44.006] [nrf_app] [debug] Search result information
[2026-09-27 18:55:44.006] [nrf_app] [debug] 	Search ID: 9
[2026-09-27 18:55:44.006] [nrf_app] [debug] 	Validity period: 100000
[2026-09-27 18:55:44.006] [nrf_app] [debug] 	NF instances information
[2026-09-27 18:55:44.006] [nrf_app] [debug] NF instance info
[2026-09-27 18:55:44.006] [nrf_app] [debug] 	Instance ID: a03368fc-0eff-4e3f-b71c-10e04357f8e1
[2026-09-27 18:55:44.006] [nrf_app] [debug] 	Instance name: OAI-SMF
[2026-09-27 18:55:44.006] [nrf_app] [debug] 	Instance type: SMF
[2026-09-27 18:55:44.006] [nrf_app] [debug] 	Status: REGISTERED
[2026-09-27 18:55:44.006] [nrf_app] [debug] 	HeartBeat timer: 10
[2026-09-27 18:55:44.006] [nrf_app] [debug] 	Priority: 1
[2026-09-27 18:55:44.006] [nrf_app] [debug] 	Capacity: 100
[2026-09-27 18:55:44.006] [nrf_app] [debug] 	NNSSAI(SST, SD): 1, ffffff
[2026-09-27 18:55:44.006] [nrf_app] [debug] 	FQDN: 10.244.0.151
[2026-09-27 18:55:44.006] [nrf_app] [debug] 	IPv4 Addr: 10.244.0.151
[2026-09-27 18:55:44.006] [nrf_app] [debug] 	NF Service: Service Instance ID: a03368fc-0eff-4e3f-b71c-10e04357f8e1, Service name: nsmf-pdusession, Version (apiVersionInUri: v1, apiFullVersion: 1.0.0 ), Scheme: http, Service status: REGISTERED,  IpEndPoints: Ipv4 Address: 10.244.0.151, TransportProtocol: , Port: 80
[2026-09-27 18:55:44.006] [nrf_app] [debug] 	NF Service: Service Instance ID: nsmf_event-exposure, Service name: nsmf_event-exposure, Version (apiVersionInUri: v1, apiFullVersion: 1.0.0 ), Scheme: http, Service status: REGISTERED,  IpEndPoints: Ipv4 Address: 10.244.0.151, TransportProtocol: , Port: 80
[2026-09-27 18:55:44.006] [nrf_app] [debug] 	SMF Info
[2026-09-27 18:55:44.006] [nrf_app] [debug] 		SNSSAI SMF Info List, SNSSAI (SD: ffffff, SST: 1)
[2026-09-27 18:55:44.006] [nrf_app] [debug] 		SNSSAI SMF Info List, DNN List: nist-dnn
[2026-09-27 18:55:44.006] [nrf_sbi] [debug] Json data: {"nfInstances":[{"capacity":100,"fqdn":"10.244.0.151","heartBeatTimer":10,"ipv4Addresses":["10.244.0.151"],"json_data":null,"nfInstanceId":"a03368fc-0eff-4e3f-b71c-10e04357f8e1","nfInstanceName":"OAI-SMF","nfServices":[{"ipEndPoints":[{"ipv4Address":"10.244.0.151","port":80,"transport":""}],"nfServiceStatus":"REGISTERED","scheme":"http","serviceInstanceId":"a03368fc-0eff-4e3f-b71c-10e04357f8e1","serviceName":"nsmf-pdusession","versions":[{"apiFullVersion":"1.0.0","apiVersionInUri":"v1"}]},{"ipEndPoints":[{"ipv4Address":"10.244.0.151","port":80,"transport":""}],"nfServiceStatus":"REGISTERED","scheme":"http","serviceInstanceId":"nsmf_event-exposure","serviceName":"nsmf_event-exposure","versions":[{"apiFullVersion":"1.0.0","apiVersionInUri":"v1"}]}],"nfStatus":"REGISTERED","nfType":"SMF","priority":1,"sNssais":[{"sd":"ffffff","sst":1}],"smfInfo":{"sNssaiSmfInfoList":[{"dnnSmfInfoList":[{"dnn":"nist-dnn"}],"sNssai":{"sd":"ffffff","sst":1}}]}}],"searchId":"9","validityPeriod":100000}
[2026-09-27 18:55:44.026] [nrf_app] [info] 
Handle heartbeat timeout (NF update), NF instance ID b64a73f9-6961-4fdb-8232-006948f24f8d, time 1790528131308, current ms 1790528144026
[2026-09-27 18:55:46.852] [nrf_sbi] [info] Got a request to update an NF instance, Instance ID: 91dfee08-b1a6-4ce8-8f1c-ea9bf4341104
[2026-09-27 18:55:46.852] [nrf_app] [info] Handle Update NF Instance request, NF type UPF (HTTP version 1)
[2026-09-27 18:55:46.852] [nrf_app] [info] NF Heart-Beat procedure!
[2026-09-27 18:55:46.852] [nrf_app] [debug] Replace member nfStatus with new value REGISTERED
[2026-09-27 18:55:46.852] [nrf_app] [info] Updated the NF profile (profile ID 91dfee08-b1a6-4ce8-8f1c-ea9bf4341104)
[2026-09-27 18:55:46.852] [nrf_app] [debug] NF update for Heartbeat, current time 1790528146852
[2026-09-27 18:55:46.852] [nrf_app] [debug] Set NF status to REGISTERED
[2026-09-27 18:55:46.852] [nrf_sbi] [debug] Json data: null
[2026-09-27 18:55:47.245] [nrf_app] [info] 
Handle heartbeat timeout (NF update), NF instance ID a03368fc-0eff-4e3f-b71c-10e04357f8e1, time 1790528134484, current ms 1790528147245
[2026-09-27 18:55:47.378] [nrf_sbi] [info] Got a request to update an NF instance, Instance ID: 17ba2836-2822-46a6-a021-901a2fb65998
[2026-09-27 18:55:47.378] [nrf_app] [info] Handle Update NF Instance request, NF type AUSF (HTTP version 1)
[2026-09-27 18:55:47.378] [nrf_app] [info] NF Heart-Beat procedure!
[2026-09-27 18:55:47.378] [nrf_app] [debug] Replace member nfStatus with new value REGISTERED
[2026-09-27 18:55:47.378] [nrf_app] [info] Updated the NF profile (profile ID 17ba2836-2822-46a6-a021-901a2fb65998)
[2026-09-27 18:55:47.378] [nrf_app] [debug] NF update for Heartbeat, current time 1790528147378
[2026-09-27 18:55:47.378] [nrf_app] [debug] Set NF status to REGISTERED
[2026-09-27 18:55:47.378] [nrf_sbi] [debug] Json data: null
[2026-09-27 18:55:48.221] [nrf_app] [info] 
Handle heartbeat timeout (NF update), NF instance ID 4042849f-78a0-49bf-9f1a-180c59d6e83a, time 1790528135448, current ms 1790528148221
[2026-09-27 18:55:49.141] [nrf_app] [info] 
Handle heartbeat timeout (NF update), NF instance ID 17ba2836-2822-46a6-a021-901a2fb65998, time 1790528136354, current ms 1790528149141
[2026-09-27 18:55:49.295] [nrf_sbi] [info] Got a request to update an NF instance, Instance ID: dc589e56-a136-40f6-8f20-a087068e856a
[2026-09-27 18:55:49.295] [nrf_app] [info] Handle Update NF Instance request, NF type UDM (HTTP version 1)
[2026-09-27 18:55:49.295] [nrf_app] [info] NF Heart-Beat procedure!
[2026-09-27 18:55:49.295] [nrf_app] [debug] Replace member nfStatus with new value REGISTERED
[2026-09-27 18:55:49.295] [nrf_app] [info] Updated the NF profile (profile ID dc589e56-a136-40f6-8f20-a087068e856a)
[2026-09-27 18:55:49.295] [nrf_app] [debug] NF update for Heartbeat, current time 1790528149295
[2026-09-27 18:55:49.295] [nrf_app] [debug] Set NF status to REGISTERED
[2026-09-27 18:55:49.295] [nrf_sbi] [debug] Json data: null
[2026-09-27 18:55:51.201] [nrf_app] [info] 
Handle heartbeat timeout (NF update), NF instance ID dc589e56-a136-40f6-8f20-a087068e856a, time 1790528138331, current ms 1790528151201
[2026-09-27 18:55:51.441] [nrf_app] [info] 
Handle heartbeat timeout (NF update), NF instance ID 91dfee08-b1a6-4ce8-8f1c-ea9bf4341104, time 1790528138564, current ms 1790528151441
[2026-09-27 18:55:52.084] [nrf_sbi] [info] Got a request to update an NF instance, Instance ID: b64a73f9-6961-4fdb-8232-006948f24f8d
[2026-09-27 18:55:52.084] [nrf_app] [info] Handle Update NF Instance request, NF type UDR (HTTP version 1)
[2026-09-27 18:55:52.084] [nrf_app] [info] NF Heart-Beat procedure!
[2026-09-27 18:55:52.084] [nrf_app] [debug] Replace member nfStatus with new value REGISTERED
[2026-09-27 18:55:52.084] [nrf_app] [info] Updated the NF profile (profile ID b64a73f9-6961-4fdb-8232-006948f24f8d)
[2026-09-27 18:55:52.084] [nrf_app] [debug] NF update for Heartbeat, current time 1790528152084
[2026-09-27 18:55:52.084] [nrf_app] [debug] Set NF status to REGISTERED
[2026-09-27 18:55:52.084] [nrf_sbi] [debug] Json data: null
[2026-09-27 18:55:52.824] [nrf_sbi] [info] Got a request to update an NF instance, Instance ID: a03368fc-0eff-4e3f-b71c-10e04357f8e1
[2026-09-27 18:55:52.824] [nrf_app] [info] Handle Update NF Instance request, NF type SMF (HTTP version 1)
[2026-09-27 18:55:52.824] [nrf_app] [info] NF Heart-Beat procedure!
[2026-09-27 18:55:52.824] [nrf_app] [debug] Replace member nfStatus with new value REGISTERED
[2026-09-27 18:55:52.824] [nrf_app] [info] Updated the NF profile (profile ID a03368fc-0eff-4e3f-b71c-10e04357f8e1)
[2026-09-27 18:55:52.824] [nrf_app] [debug] NF update for Heartbeat, current time 1790528152824
[2026-09-27 18:55:52.824] [nrf_app] [debug] Set NF status to REGISTERED
[2026-09-27 18:55:52.824] [nrf_sbi] [debug] Json data: null
[2026-09-27 18:55:53.771] [nrf_sbi] [info] Got a request to update an NF instance, Instance ID: 4042849f-78a0-49bf-9f1a-180c59d6e83a
[2026-09-27 18:55:53.771] [nrf_app] [info] Handle Update NF Instance request, NF type AMF (HTTP version 1)
[2026-09-27 18:55:53.771] [nrf_app] [info] NF Heart-Beat procedure!
[2026-09-27 18:55:53.771] [nrf_app] [debug] Replace member nfStatus with new value REGISTERED
[2026-09-27 18:55:53.771] [nrf_app] [info] Updated the NF profile (profile ID 4042849f-78a0-49bf-9f1a-180c59d6e83a)
[2026-09-27 18:55:53.771] [nrf_app] [debug] NF update for Heartbeat, current time 1790528153771
[2026-09-27 18:55:53.771] [nrf_app] [debug] Set NF status to REGISTERED
[2026-09-27 18:55:53.771] [nrf_sbi] [debug] Json data: null
[2026-09-27 18:55:54.236] [nrf_app] [info] 
Handle heartbeat timeout (NF update), NF instance ID b64a73f9-6961-4fdb-8232-006948f24f8d, time 1790528141308, current ms 1790528154236
[2026-09-27 18:55:56.855] [nrf_sbi] [info] Got a request to update an NF instance, Instance ID: 91dfee08-b1a6-4ce8-8f1c-ea9bf4341104
[2026-09-27 18:55:56.855] [nrf_app] [info] Handle Update NF Instance request, NF type UPF (HTTP version 1)
[2026-09-27 18:55:56.855] [nrf_app] [info] NF Heart-Beat procedure!
[2026-09-27 18:55:56.855] [nrf_app] [debug] Replace member nfStatus with new value REGISTERED
[2026-09-27 18:55:56.855] [nrf_app] [info] Updated the NF profile (profile ID 91dfee08-b1a6-4ce8-8f1c-ea9bf4341104)
[2026-09-27 18:55:56.855] [nrf_app] [debug] NF update for Heartbeat, current time 1790528156855
[2026-09-27 18:55:56.855] [nrf_app] [debug] Set NF status to REGISTERED
[2026-09-27 18:55:56.855] [nrf_sbi] [debug] Json data: null
[2026-09-27 18:55:57.463] [nrf_app] [info] 
Handle heartbeat timeout (NF update), NF instance ID a03368fc-0eff-4e3f-b71c-10e04357f8e1, time 1790528144484, current ms 1790528157463
[2026-09-27 18:55:57.606] [nrf_sbi] [info] Got a request to update an NF instance, Instance ID: 17ba2836-2822-46a6-a021-901a2fb65998
[2026-09-27 18:55:57.606] [nrf_app] [info] Handle Update NF Instance request, NF type AUSF (HTTP version 1)
[2026-09-27 18:55:57.606] [nrf_app] [info] NF Heart-Beat procedure!
[2026-09-27 18:55:57.606] [nrf_app] [debug] Replace member nfStatus with new value REGISTERED
[2026-09-27 18:55:57.606] [nrf_app] [info] Updated the NF profile (profile ID 17ba2836-2822-46a6-a021-901a2fb65998)
[2026-09-27 18:55:57.606] [nrf_app] [debug] NF update for Heartbeat, current time 1790528157606
[2026-09-27 18:55:57.606] [nrf_app] [debug] Set NF status to REGISTERED
[2026-09-27 18:55:57.606] [nrf_sbi] [debug] Json data: null
[2026-09-27 18:55:58.436] [nrf_app] [info] 
Handle heartbeat timeout (NF update), NF instance ID 4042849f-78a0-49bf-9f1a-180c59d6e83a, time 1790528145448, current ms 1790528158436
[2026-09-27 18:55:59.352] [nrf_app] [info] 
Handle heartbeat timeout (NF update), NF instance ID 17ba2836-2822-46a6-a021-901a2fb65998, time 1790528146354, current ms 1790528159352
[2026-09-27 18:55:59.431] [nrf_sbi] [info] Got a request to update an NF instance, Instance ID: dc589e56-a136-40f6-8f20-a087068e856a
[2026-09-27 18:55:59.431] [nrf_app] [info] Handle Update NF Instance request, NF type UDM (HTTP version 1)
[2026-09-27 18:55:59.431] [nrf_app] [info] NF Heart-Beat procedure!
[2026-09-27 18:55:59.431] [nrf_app] [debug] Replace member nfStatus with new value REGISTERED
[2026-09-27 18:55:59.431] [nrf_app] [info] Updated the NF profile (profile ID dc589e56-a136-40f6-8f20-a087068e856a)
[2026-09-27 18:55:59.431] [nrf_app] [debug] NF update for Heartbeat, current time 1790528159431
[2026-09-27 18:55:59.431] [nrf_app] [debug] Set NF status to REGISTERED
[2026-09-27 18:55:59.431] [nrf_sbi] [debug] Json data: null
[2026-09-27 18:56:01.371] [nrf_app] [info] 
Handle heartbeat timeout (NF update), NF instance ID dc589e56-a136-40f6-8f20-a087068e856a, time 1790528148331, current ms 1790528161371
[2026-09-27 18:56:01.604] [nrf_app] [info] 
Handle heartbeat timeout (NF update), NF instance ID 91dfee08-b1a6-4ce8-8f1c-ea9bf4341104, time 1790528148564, current ms 1790528161604
[2026-09-27 18:56:02.176] [nrf_sbi] [info] Got a request to update an NF instance, Instance ID: b64a73f9-6961-4fdb-8232-006948f24f8d
[2026-09-27 18:56:02.176] [nrf_app] [info] Handle Update NF Instance request, NF type UDR (HTTP version 1)
[2026-09-27 18:56:02.176] [nrf_app] [info] NF Heart-Beat procedure!
[2026-09-27 18:56:02.176] [nrf_app] [debug] Replace member nfStatus with new value REGISTERED
[2026-09-27 18:56:02.176] [nrf_app] [info] Updated the NF profile (profile ID b64a73f9-6961-4fdb-8232-006948f24f8d)
[2026-09-27 18:56:02.176] [nrf_app] [debug] NF update for Heartbeat, current time 1790528162176
[2026-09-27 18:56:02.176] [nrf_app] [debug] Set NF status to REGISTERED
[2026-09-27 18:56:02.176] [nrf_sbi] [debug] Json data: null
[2026-09-27 18:56:02.829] [nrf_sbi] [info] Got a request to update an NF instance, Instance ID: a03368fc-0eff-4e3f-b71c-10e04357f8e1
[2026-09-27 18:56:02.829] [nrf_app] [info] Handle Update NF Instance request, NF type SMF (HTTP version 1)
[2026-09-27 18:56:02.829] [nrf_app] [info] NF Heart-Beat procedure!
[2026-09-27 18:56:02.829] [nrf_app] [debug] Replace member nfStatus with new value REGISTERED
[2026-09-27 18:56:02.829] [nrf_app] [info] Updated the NF profile (profile ID a03368fc-0eff-4e3f-b71c-10e04357f8e1)
[2026-09-27 18:56:02.829] [nrf_app] [debug] NF update for Heartbeat, current time 1790528162829
[2026-09-27 18:56:02.829] [nrf_app] [debug] Set NF status to REGISTERED
[2026-09-27 18:56:02.829] [nrf_sbi] [debug] Json data: null
[2026-09-27 18:56:03.774] [nrf_sbi] [info] Got a request to update an NF instance, Instance ID: 4042849f-78a0-49bf-9f1a-180c59d6e83a
[2026-09-27 18:56:03.774] [nrf_app] [info] Handle Update NF Instance request, NF type AMF (HTTP version 1)
[2026-09-27 18:56:03.774] [nrf_app] [info] NF Heart-Beat procedure!
[2026-09-27 18:56:03.774] [nrf_app] [debug] Replace member nfStatus with new value REGISTERED
[2026-09-27 18:56:03.774] [nrf_app] [info] Updated the NF profile (profile ID 4042849f-78a0-49bf-9f1a-180c59d6e83a)
[2026-09-27 18:56:03.774] [nrf_app] [debug] NF update for Heartbeat, current time 1790528163774
[2026-09-27 18:56:03.774] [nrf_app] [debug] Set NF status to REGISTERED
[2026-09-27 18:56:03.774] [nrf_sbi] [debug] Json data: null
[2026-09-27 18:56:04.384] [nrf_app] [info] 
Handle heartbeat timeout (NF update), NF instance ID b64a73f9-6961-4fdb-8232-006948f24f8d, time 1790528151308, current ms 1790528164384
[2026-09-27 18:56:06.859] [nrf_sbi] [info] Got a request to update an NF instance, Instance ID: 91dfee08-b1a6-4ce8-8f1c-ea9bf4341104
[2026-09-27 18:56:06.859] [nrf_app] [info] Handle Update NF Instance request, NF type UPF (HTTP version 1)
[2026-09-27 18:56:06.859] [nrf_app] [info] NF Heart-Beat procedure!
[2026-09-27 18:56:06.859] [nrf_app] [debug] Replace member nfStatus with new value REGISTERED
[2026-09-27 18:56:06.859] [nrf_app] [info] Updated the NF profile (profile ID 91dfee08-b1a6-4ce8-8f1c-ea9bf4341104)
[2026-09-27 18:56:06.859] [nrf_app] [debug] NF update for Heartbeat, current time 1790528166859
[2026-09-27 18:56:06.859] [nrf_app] [debug] Set NF status to REGISTERED
[2026-09-27 18:56:06.859] [nrf_sbi] [debug] Json data: null
[2026-09-27 18:56:07.615] [nrf_app] [info] 
Handle heartbeat timeout (NF update), NF instance ID a03368fc-0eff-4e3f-b71c-10e04357f8e1, time 1790528154484, current ms 1790528167615
[2026-09-27 18:56:07.746] [nrf_sbi] [info] Got a request to update an NF instance, Instance ID: 17ba2836-2822-46a6-a021-901a2fb65998
[2026-09-27 18:56:07.746] [nrf_app] [info] Handle Update NF Instance request, NF type AUSF (HTTP version 1)
[2026-09-27 18:56:07.747] [nrf_app] [info] NF Heart-Beat procedure!
[2026-09-27 18:56:07.747] [nrf_app] [debug] Replace member nfStatus with new value REGISTERED
[2026-09-27 18:56:07.747] [nrf_app] [info] Updated the NF profile (profile ID 17ba2836-2822-46a6-a021-901a2fb65998)
[2026-09-27 18:56:07.747] [nrf_app] [debug] NF update for Heartbeat, current time 1790528167747
[2026-09-27 18:56:07.747] [nrf_app] [debug] Set NF status to REGISTERED
[2026-09-27 18:56:07.747] [nrf_sbi] [debug] Json data: null
[2026-09-27 18:56:08.597] [nrf_app] [info] 
Handle heartbeat timeout (NF update), NF instance ID 4042849f-78a0-49bf-9f1a-180c59d6e83a, time 1790528155448, current ms 1790528168597
[2026-09-27 18:56:09.511] [nrf_app] [info] 
Handle heartbeat timeout (NF update), NF instance ID 17ba2836-2822-46a6-a021-901a2fb65998, time 1790528156354, current ms 1790528169511
[2026-09-27 18:56:09.580] [nrf_sbi] [info] Got a request to update an NF instance, Instance ID: dc589e56-a136-40f6-8f20-a087068e856a
[2026-09-27 18:56:09.580] [nrf_app] [info] Handle Update NF Instance request, NF type UDM (HTTP version 1)
[2026-09-27 18:56:09.580] [nrf_app] [info] NF Heart-Beat procedure!
[2026-09-27 18:56:09.580] [nrf_app] [debug] Replace member nfStatus with new value REGISTERED
[2026-09-27 18:56:09.580] [nrf_app] [info] Updated the NF profile (profile ID dc589e56-a136-40f6-8f20-a087068e856a)
[2026-09-27 18:56:09.580] [nrf_app] [debug] NF update for Heartbeat, current time 1790528169580
[2026-09-27 18:56:09.580] [nrf_app] [debug] Set NF status to REGISTERED
[2026-09-27 18:56:09.580] [nrf_sbi] [debug] Json data: null
[2026-09-27 18:56:11.505] [nrf_app] [info] 
Handle heartbeat timeout (NF update), NF instance ID dc589e56-a136-40f6-8f20-a087068e856a, time 1790528158331, current ms 1790528171505
[2026-09-27 18:56:11.742] [nrf_app] [info] 
Handle heartbeat timeout (NF update), NF instance ID 91dfee08-b1a6-4ce8-8f1c-ea9bf4341104, time 1790528158564, current ms 1790528171742
[2026-09-27 18:56:12.329] [nrf_sbi] [info] Got a request to update an NF instance, Instance ID: b64a73f9-6961-4fdb-8232-006948f24f8d
[2026-09-27 18:56:12.329] [nrf_app] [info] Handle Update NF Instance request, NF type UDR (HTTP version 1)
[2026-09-27 18:56:12.329] [nrf_app] [info] NF Heart-Beat procedure!
[2026-09-27 18:56:12.329] [nrf_app] [debug] Replace member nfStatus with new value REGISTERED
[2026-09-27 18:56:12.329] [nrf_app] [info] Updated the NF profile (profile ID b64a73f9-6961-4fdb-8232-006948f24f8d)
[2026-09-27 18:56:12.329] [nrf_app] [debug] NF update for Heartbeat, current time 1790528172329
[2026-09-27 18:56:12.329] [nrf_app] [debug] Set NF status to REGISTERED
[2026-09-27 18:56:12.329] [nrf_sbi] [debug] Json data: null
[2026-09-27 18:56:12.833] [nrf_sbi] [info] Got a request to update an NF instance, Instance ID: a03368fc-0eff-4e3f-b71c-10e04357f8e1
[2026-09-27 18:56:12.833] [nrf_app] [info] Handle Update NF Instance request, NF type SMF (HTTP version 1)
[2026-09-27 18:56:12.833] [nrf_app] [info] NF Heart-Beat procedure!
[2026-09-27 18:56:12.833] [nrf_app] [debug] Replace member nfStatus with new value REGISTERED
[2026-09-27 18:56:12.833] [nrf_app] [info] Updated the NF profile (profile ID a03368fc-0eff-4e3f-b71c-10e04357f8e1)
[2026-09-27 18:56:12.833] [nrf_app] [debug] NF update for Heartbeat, current time 1790528172833
[2026-09-27 18:56:12.833] [nrf_app] [debug] Set NF status to REGISTERED
[2026-09-27 18:56:12.833] [nrf_sbi] [debug] Json data: null
[2026-09-27 18:56:13.778] [nrf_sbi] [info] Got a request to update an NF instance, Instance ID: 4042849f-78a0-49bf-9f1a-180c59d6e83a
[2026-09-27 18:56:13.778] [nrf_app] [info] Handle Update NF Instance request, NF type AMF (HTTP version 1)
[2026-09-27 18:56:13.778] [nrf_app] [info] NF Heart-Beat procedure!
[2026-09-27 18:56:13.778] [nrf_app] [debug] Replace member nfStatus with new value REGISTERED
[2026-09-27 18:56:13.778] [nrf_app] [info] Updated the NF profile (profile ID 4042849f-78a0-49bf-9f1a-180c59d6e83a)
[2026-09-27 18:56:13.778] [nrf_app] [debug] NF update for Heartbeat, current time 1790528173778
[2026-09-27 18:56:13.778] [nrf_app] [debug] Set NF status to REGISTERED
[2026-09-27 18:56:13.778] [nrf_sbi] [debug] Json data: null
[2026-09-27 18:56:14.525] [nrf_app] [info] 
Handle heartbeat timeout (NF update), NF instance ID b64a73f9-6961-4fdb-8232-006948f24f8d, time 1790528161308, current ms 1790528174525
[2026-09-27 18:56:16.862] [nrf_sbi] [info] Got a request to update an NF instance, Instance ID: 91dfee08-b1a6-4ce8-8f1c-ea9bf4341104
[2026-09-27 18:56:16.862] [nrf_app] [info] Handle Update NF Instance request, NF type UPF (HTTP version 1)
[2026-09-27 18:56:16.862] [nrf_app] [info] NF Heart-Beat procedure!
[2026-09-27 18:56:16.862] [nrf_app] [debug] Replace member nfStatus with new value REGISTERED
[2026-09-27 18:56:16.862] [nrf_app] [info] Updated the NF profile (profile ID 91dfee08-b1a6-4ce8-8f1c-ea9bf4341104)
[2026-09-27 18:56:16.862] [nrf_app] [debug] NF update for Heartbeat, current time 1790528176862
[2026-09-27 18:56:16.862] [nrf_app] [debug] Set NF status to REGISTERED
[2026-09-27 18:56:16.862] [nrf_sbi] [debug] Json data: null
[2026-09-27 18:56:17.745] [nrf_app] [info] 
Handle heartbeat timeout (NF update), NF instance ID a03368fc-0eff-4e3f-b71c-10e04357f8e1, time 1790528164484, current ms 1790528177745
[2026-09-27 18:56:17.940] [nrf_sbi] [info] Got a request to update an NF instance, Instance ID: 17ba2836-2822-46a6-a021-901a2fb65998
[2026-09-27 18:56:17.940] [nrf_app] [info] Handle Update NF Instance request, NF type AUSF (HTTP version 1)
[2026-09-27 18:56:17.940] [nrf_app] [info] NF Heart-Beat procedure!
[2026-09-27 18:56:17.940] [nrf_app] [debug] Replace member nfStatus with new value REGISTERED
[2026-09-27 18:56:17.940] [nrf_app] [info] Updated the NF profile (profile ID 17ba2836-2822-46a6-a021-901a2fb65998)
[2026-09-27 18:56:17.940] [nrf_app] [debug] NF update for Heartbeat, current time 1790528177940
[2026-09-27 18:56:17.940] [nrf_app] [debug] Set NF status to REGISTERED
[2026-09-27 18:56:17.940] [nrf_sbi] [debug] Json data: null
[2026-09-27 18:56:18.729] [nrf_app] [info] 
Handle heartbeat timeout (NF update), NF instance ID 4042849f-78a0-49bf-9f1a-180c59d6e83a, time 1790528165448, current ms 1790528178729
[2026-09-27 18:56:19.643] [nrf_app] [info] 
Handle heartbeat timeout (NF update), NF instance ID 17ba2836-2822-46a6-a021-901a2fb65998, time 1790528166354, current ms 1790528179643
[2026-09-27 18:56:19.747] [nrf_sbi] [info] Got a request to update an NF instance, Instance ID: dc589e56-a136-40f6-8f20-a087068e856a
[2026-09-27 18:56:19.747] [nrf_app] [info] Handle Update NF Instance request, NF type UDM (HTTP version 1)
[2026-09-27 18:56:19.747] [nrf_app] [info] NF Heart-Beat procedure!
[2026-09-27 18:56:19.747] [nrf_app] [debug] Replace member nfStatus with new value REGISTERED
[2026-09-27 18:56:19.747] [nrf_app] [info] Updated the NF profile (profile ID dc589e56-a136-40f6-8f20-a087068e856a)
[2026-09-27 18:56:19.747] [nrf_app] [debug] NF update for Heartbeat, current time 1790528179747
[2026-09-27 18:56:19.747] [nrf_app] [debug] Set NF status to REGISTERED
[2026-09-27 18:56:19.747] [nrf_sbi] [debug] Json data: null
[2026-09-27 18:56:21.653] [nrf_app] [info] 
Handle heartbeat timeout (NF update), NF instance ID dc589e56-a136-40f6-8f20-a087068e856a, time 1790528168331, current ms 1790528181653
[2026-09-27 18:56:21.887] [nrf_app] [info] 
Handle heartbeat timeout (NF update), NF instance ID 91dfee08-b1a6-4ce8-8f1c-ea9bf4341104, time 1790528168564, current ms 1790528181887
[2026-09-27 18:56:22.481] [nrf_sbi] [info] Got a request to update an NF instance, Instance ID: b64a73f9-6961-4fdb-8232-006948f24f8d
[2026-09-27 18:56:22.481] [nrf_app] [info] Handle Update NF Instance request, NF type UDR (HTTP version 1)
[2026-09-27 18:56:22.481] [nrf_app] [info] NF Heart-Beat procedure!
[2026-09-27 18:56:22.481] [nrf_app] [debug] Replace member nfStatus with new value REGISTERED
[2026-09-27 18:56:22.481] [nrf_app] [info] Updated the NF profile (profile ID b64a73f9-6961-4fdb-8232-006948f24f8d)
[2026-09-27 18:56:22.481] [nrf_app] [debug] NF update for Heartbeat, current time 1790528182481
[2026-09-27 18:56:22.481] [nrf_app] [debug] Set NF status to REGISTERED
[2026-09-27 18:56:22.481] [nrf_sbi] [debug] Json data: null
[2026-09-27 18:56:22.837] [nrf_sbi] [info] Got a request to update an NF instance, Instance ID: a03368fc-0eff-4e3f-b71c-10e04357f8e1
[2026-09-27 18:56:22.837] [nrf_app] [info] Handle Update NF Instance request, NF type SMF (HTTP version 1)
[2026-09-27 18:56:22.837] [nrf_app] [info] NF Heart-Beat procedure!
[2026-09-27 18:56:22.837] [nrf_app] [debug] Replace member nfStatus with new value REGISTERED
[2026-09-27 18:56:22.837] [nrf_app] [info] Updated the NF profile (profile ID a03368fc-0eff-4e3f-b71c-10e04357f8e1)
[2026-09-27 18:56:22.837] [nrf_app] [debug] NF update for Heartbeat, current time 1790528182837
[2026-09-27 18:56:22.837] [nrf_app] [debug] Set NF status to REGISTERED
[2026-09-27 18:56:22.837] [nrf_sbi] [debug] Json data: null
[2026-09-27 18:56:23.781] [nrf_sbi] [info] Got a request to update an NF instance, Instance ID: 4042849f-78a0-49bf-9f1a-180c59d6e83a
[2026-09-27 18:56:23.781] [nrf_app] [info] Handle Update NF Instance request, NF type AMF (HTTP version 1)
[2026-09-27 18:56:23.781] [nrf_app] [info] NF Heart-Beat procedure!
[2026-09-27 18:56:23.781] [nrf_app] [debug] Replace member nfStatus with new value REGISTERED
[2026-09-27 18:56:23.781] [nrf_app] [info] Updated the NF profile (profile ID 4042849f-78a0-49bf-9f1a-180c59d6e83a)
[2026-09-27 18:56:23.781] [nrf_app] [debug] NF update for Heartbeat, current time 1790528183781
[2026-09-27 18:56:23.781] [nrf_app] [debug] Set NF status to REGISTERED
[2026-09-27 18:56:23.781] [nrf_sbi] [debug] Json data: null
[2026-09-27 18:56:24.661] [nrf_app] [info] 
Handle heartbeat timeout (NF update), NF instance ID b64a73f9-6961-4fdb-8232-006948f24f8d, time 1790528171308, current ms 1790528184661
[2026-09-27 18:56:26.865] [nrf_sbi] [info] Got a request to update an NF instance, Instance ID: 91dfee08-b1a6-4ce8-8f1c-ea9bf4341104
[2026-09-27 18:56:26.865] [nrf_app] [info] Handle Update NF Instance request, NF type UPF (HTTP version 1)
[2026-09-27 18:56:26.865] [nrf_app] [info] NF Heart-Beat procedure!
[2026-09-27 18:56:26.865] [nrf_app] [debug] Replace member nfStatus with new value REGISTERED
[2026-09-27 18:56:26.865] [nrf_app] [info] Updated the NF profile (profile ID 91dfee08-b1a6-4ce8-8f1c-ea9bf4341104)
[2026-09-27 18:56:26.865] [nrf_app] [debug] NF update for Heartbeat, current time 1790528186865
[2026-09-27 18:56:26.865] [nrf_app] [debug] Set NF status to REGISTERED
[2026-09-27 18:56:26.865] [nrf_sbi] [debug] Json data: null
[2026-09-27 18:56:27.876] [nrf_app] [info] 
Handle heartbeat timeout (NF update), NF instance ID a03368fc-0eff-4e3f-b71c-10e04357f8e1, time 1790528174484, current ms 1790528187876
[2026-09-27 18:56:28.176] [nrf_sbi] [info] Got a request to update an NF instance, Instance ID: 17ba2836-2822-46a6-a021-901a2fb65998
[2026-09-27 18:56:28.176] [nrf_app] [info] Handle Update NF Instance request, NF type AUSF (HTTP version 1)
[2026-09-27 18:56:28.176] [nrf_app] [info] NF Heart-Beat procedure!
[2026-09-27 18:56:28.176] [nrf_app] [debug] Replace member nfStatus with new value REGISTERED
[2026-09-27 18:56:28.176] [nrf_app] [info] Updated the NF profile (profile ID 17ba2836-2822-46a6-a021-901a2fb65998)
[2026-09-27 18:56:28.176] [nrf_app] [debug] NF update for Heartbeat, current time 1790528188176
[2026-09-27 18:56:28.176] [nrf_app] [debug] Set NF status to REGISTERED
[2026-09-27 18:56:28.176] [nrf_sbi] [debug] Json data: null
[2026-09-27 18:56:28.851] [nrf_app] [info] 
Handle heartbeat timeout (NF update), NF instance ID 4042849f-78a0-49bf-9f1a-180c59d6e83a, time 1790528175448, current ms 1790528188851
[2026-09-27 18:56:29.772] [nrf_app] [info] 
Handle heartbeat timeout (NF update), NF instance ID 17ba2836-2822-46a6-a021-901a2fb65998, time 1790528176354, current ms 1790528189772
[2026-09-27 18:56:29.950] [nrf_sbi] [info] Got a request to update an NF instance, Instance ID: dc589e56-a136-40f6-8f20-a087068e856a
[2026-09-27 18:56:29.950] [nrf_app] [info] Handle Update NF Instance request, NF type UDM (HTTP version 1)
[2026-09-27 18:56:29.950] [nrf_app] [info] NF Heart-Beat procedure!
[2026-09-27 18:56:29.950] [nrf_app] [debug] Replace member nfStatus with new value REGISTERED
[2026-09-27 18:56:29.950] [nrf_app] [info] Updated the NF profile (profile ID dc589e56-a136-40f6-8f20-a087068e856a)
[2026-09-27 18:56:29.950] [nrf_app] [debug] NF update for Heartbeat, current time 1790528189950
[2026-09-27 18:56:29.950] [nrf_app] [debug] Set NF status to REGISTERED
[2026-09-27 18:56:29.950] [nrf_sbi] [debug] Json data: null
[2026-09-27 18:56:31.784] [nrf_app] [info] 
Handle heartbeat timeout (NF update), NF instance ID dc589e56-a136-40f6-8f20-a087068e856a, time 1790528178331, current ms 1790528191784
[2026-09-27 18:56:32.027] [nrf_app] [info] 
Handle heartbeat timeout (NF update), NF instance ID 91dfee08-b1a6-4ce8-8f1c-ea9bf4341104, time 1790528178564, current ms 1790528192027
[2026-09-27 18:56:32.727] [nrf_sbi] [info] Got a request to update an NF instance, Instance ID: b64a73f9-6961-4fdb-8232-006948f24f8d
[2026-09-27 18:56:32.727] [nrf_app] [info] Handle Update NF Instance request, NF type UDR (HTTP version 1)
[2026-09-27 18:56:32.727] [nrf_app] [info] NF Heart-Beat procedure!
[2026-09-27 18:56:32.727] [nrf_app] [debug] Replace member nfStatus with new value REGISTERED
[2026-09-27 18:56:32.727] [nrf_app] [info] Updated the NF profile (profile ID b64a73f9-6961-4fdb-8232-006948f24f8d)
[2026-09-27 18:56:32.727] [nrf_app] [debug] NF update for Heartbeat, current time 1790528192727
[2026-09-27 18:56:32.727] [nrf_app] [debug] Set NF status to REGISTERED
[2026-09-27 18:56:32.727] [nrf_sbi] [debug] Json data: null
[2026-09-27 18:56:32.841] [nrf_sbi] [info] Got a request to update an NF instance, Instance ID: a03368fc-0eff-4e3f-b71c-10e04357f8e1
[2026-09-27 18:56:32.841] [nrf_app] [info] Handle Update NF Instance request, NF type SMF (HTTP version 1)
[2026-09-27 18:56:32.841] [nrf_app] [info] NF Heart-Beat procedure!
[2026-09-27 18:56:32.841] [nrf_app] [debug] Replace member nfStatus with new value REGISTERED
[2026-09-27 18:56:32.841] [nrf_app] [info] Updated the NF profile (profile ID a03368fc-0eff-4e3f-b71c-10e04357f8e1)
[2026-09-27 18:56:32.841] [nrf_app] [debug] NF update for Heartbeat, current time 1790528192841
[2026-09-27 18:56:32.841] [nrf_app] [debug] Set NF status to REGISTERED
[2026-09-27 18:56:32.841] [nrf_sbi] [debug] Json data: null
[2026-09-27 18:56:33.785] [nrf_sbi] [info] Got a request to update an NF instance, Instance ID: 4042849f-78a0-49bf-9f1a-180c59d6e83a
[2026-09-27 18:56:33.785] [nrf_app] [info] Handle Update NF Instance request, NF type AMF (HTTP version 1)
[2026-09-27 18:56:33.785] [nrf_app] [info] NF Heart-Beat procedure!
[2026-09-27 18:56:33.785] [nrf_app] [debug] Replace member nfStatus with new value REGISTERED
[2026-09-27 18:56:33.785] [nrf_app] [info] Updated the NF profile (profile ID 4042849f-78a0-49bf-9f1a-180c59d6e83a)
[2026-09-27 18:56:33.785] [nrf_app] [debug] NF update for Heartbeat, current time 1790528193785
[2026-09-27 18:56:33.785] [nrf_app] [debug] Set NF status to REGISTERED
[2026-09-27 18:56:33.785] [nrf_sbi] [debug] Json data: null
[2026-09-27 18:56:34.840] [nrf_app] [info] 
Handle heartbeat timeout (NF update), NF instance ID b64a73f9-6961-4fdb-8232-006948f24f8d, time 1790528181308, current ms 1790528194840
[2026-09-27 18:56:36.869] [nrf_sbi] [info] Got a request to update an NF instance, Instance ID: 91dfee08-b1a6-4ce8-8f1c-ea9bf4341104
[2026-09-27 18:56:36.869] [nrf_app] [info] Handle Update NF Instance request, NF type UPF (HTTP version 1)
[2026-09-27 18:56:36.869] [nrf_app] [info] NF Heart-Beat procedure!
[2026-09-27 18:56:36.869] [nrf_app] [debug] Replace member nfStatus with new value REGISTERED
[2026-09-27 18:56:36.869] [nrf_app] [info] Updated the NF profile (profile ID 91dfee08-b1a6-4ce8-8f1c-ea9bf4341104)
[2026-09-27 18:56:36.869] [nrf_app] [debug] NF update for Heartbeat, current time 1790528196869
[2026-09-27 18:56:36.869] [nrf_app] [debug] Set NF status to REGISTERED
[2026-09-27 18:56:36.869] [nrf_sbi] [debug] Json data: null
[2026-09-27 18:56:38.064] [nrf_app] [info] 
Handle heartbeat timeout (NF update), NF instance ID a03368fc-0eff-4e3f-b71c-10e04357f8e1, time 1790528184484, current ms 1790528198064
[2026-09-27 18:56:38.353] [nrf_sbi] [info] Got a request to update an NF instance, Instance ID: 17ba2836-2822-46a6-a021-901a2fb65998
[2026-09-27 18:56:38.353] [nrf_app] [info] Handle Update NF Instance request, NF type AUSF (HTTP version 1)
[2026-09-27 18:56:38.353] [nrf_app] [info] NF Heart-Beat procedure!
[2026-09-27 18:56:38.353] [nrf_app] [debug] Replace member nfStatus with new value REGISTERED
[2026-09-27 18:56:38.353] [nrf_app] [info] Updated the NF profile (profile ID 17ba2836-2822-46a6-a021-901a2fb65998)
[2026-09-27 18:56:38.353] [nrf_app] [debug] NF update for Heartbeat, current time 1790528198353
[2026-09-27 18:56:38.353] [nrf_app] [debug] Set NF status to REGISTERED
[2026-09-27 18:56:38.353] [nrf_sbi] [debug] Json data: null
[2026-09-27 18:56:39.033] [nrf_app] [info] 
Handle heartbeat timeout (NF update), NF instance ID 4042849f-78a0-49bf-9f1a-180c59d6e83a, time 1790528185448, current ms 1790528199033
[2026-09-27 18:56:39.952] [nrf_app] [info] 
Handle heartbeat timeout (NF update), NF instance ID 17ba2836-2822-46a6-a021-901a2fb65998, time 1790528186354, current ms 1790528199952
[2026-09-27 18:56:40.071] [nrf_sbi] [info] Got a request to update an NF instance, Instance ID: dc589e56-a136-40f6-8f20-a087068e856a
[2026-09-27 18:56:40.071] [nrf_app] [info] Handle Update NF Instance request, NF type UDM (HTTP version 1)
[2026-09-27 18:56:40.071] [nrf_app] [info] NF Heart-Beat procedure!
[2026-09-27 18:56:40.071] [nrf_app] [debug] Replace member nfStatus with new value REGISTERED
[2026-09-27 18:56:40.071] [nrf_app] [info] Updated the NF profile (profile ID dc589e56-a136-40f6-8f20-a087068e856a)
[2026-09-27 18:56:40.071] [nrf_app] [debug] NF update for Heartbeat, current time 1790528200071
[2026-09-27 18:56:40.071] [nrf_app] [debug] Set NF status to REGISTERED
[2026-09-27 18:56:40.071] [nrf_sbi] [debug] Json data: null
[2026-09-27 18:56:41.955] [nrf_app] [info] 
Handle heartbeat timeout (NF update), NF instance ID dc589e56-a136-40f6-8f20-a087068e856a, time 1790528188331, current ms 1790528201955
[2026-09-27 18:56:42.209] [nrf_app] [info] 
Handle heartbeat timeout (NF update), NF instance ID 91dfee08-b1a6-4ce8-8f1c-ea9bf4341104, time 1790528188564, current ms 1790528202209
[2026-09-27 18:56:42.851] [nrf_sbi] [info] Got a request to update an NF instance, Instance ID: a03368fc-0eff-4e3f-b71c-10e04357f8e1
[2026-09-27 18:56:42.851] [nrf_app] [info] Handle Update NF Instance request, NF type SMF (HTTP version 1)
[2026-09-27 18:56:42.851] [nrf_app] [info] NF Heart-Beat procedure!
[2026-09-27 18:56:42.851] [nrf_app] [debug] Replace member nfStatus with new value REGISTERED
[2026-09-27 18:56:42.851] [nrf_app] [info] Updated the NF profile (profile ID a03368fc-0eff-4e3f-b71c-10e04357f8e1)
[2026-09-27 18:56:42.851] [nrf_app] [debug] NF update for Heartbeat, current time 1790528202851
[2026-09-27 18:56:42.851] [nrf_app] [debug] Set NF status to REGISTERED
[2026-09-27 18:56:42.851] [nrf_sbi] [debug] Json data: null
[2026-09-27 18:56:42.875] [nrf_sbi] [info] Got a request to update an NF instance, Instance ID: b64a73f9-6961-4fdb-8232-006948f24f8d
[2026-09-27 18:56:42.875] [nrf_app] [info] Handle Update NF Instance request, NF type UDR (HTTP version 1)
[2026-09-27 18:56:42.875] [nrf_app] [info] NF Heart-Beat procedure!
[2026-09-27 18:56:42.875] [nrf_app] [debug] Replace member nfStatus with new value REGISTERED
[2026-09-27 18:56:42.875] [nrf_app] [info] Updated the NF profile (profile ID b64a73f9-6961-4fdb-8232-006948f24f8d)
[2026-09-27 18:56:42.875] [nrf_app] [debug] NF update for Heartbeat, current time 1790528202875
[2026-09-27 18:56:42.875] [nrf_app] [debug] Set NF status to REGISTERED
[2026-09-27 18:56:42.875] [nrf_sbi] [debug] Json data: null
[2026-09-27 18:56:43.788] [nrf_sbi] [info] Got a request to update an NF instance, Instance ID: 4042849f-78a0-49bf-9f1a-180c59d6e83a
[2026-09-27 18:56:43.788] [nrf_app] [info] Handle Update NF Instance request, NF type AMF (HTTP version 1)
[2026-09-27 18:56:43.789] [nrf_app] [info] NF Heart-Beat procedure!
[2026-09-27 18:56:43.789] [nrf_app] [debug] Replace member nfStatus with new value REGISTERED
[2026-09-27 18:56:43.789] [nrf_app] [info] Updated the NF profile (profile ID 4042849f-78a0-49bf-9f1a-180c59d6e83a)
[2026-09-27 18:56:43.789] [nrf_app] [debug] NF update for Heartbeat, current time 1790528203789
[2026-09-27 18:56:43.789] [nrf_app] [debug] Set NF status to REGISTERED
[2026-09-27 18:56:43.789] [nrf_sbi] [debug] Json data: null
[2026-09-27 18:56:45.000] [nrf_app] [info] 
Handle heartbeat timeout (NF update), NF instance ID b64a73f9-6961-4fdb-8232-006948f24f8d, time 1790528191308, current ms 1790528205000
[2026-09-27 18:56:46.872] [nrf_sbi] [info] Got a request to update an NF instance, Instance ID: 91dfee08-b1a6-4ce8-8f1c-ea9bf4341104
[2026-09-27 18:56:46.872] [nrf_app] [info] Handle Update NF Instance request, NF type UPF (HTTP version 1)
[2026-09-27 18:56:46.872] [nrf_app] [info] NF Heart-Beat procedure!
[2026-09-27 18:56:46.872] [nrf_app] [debug] Replace member nfStatus with new value REGISTERED
[2026-09-27 18:56:46.872] [nrf_app] [info] Updated the NF profile (profile ID 91dfee08-b1a6-4ce8-8f1c-ea9bf4341104)
[2026-09-27 18:56:46.872] [nrf_app] [debug] NF update for Heartbeat, current time 1790528206872
[2026-09-27 18:56:46.872] [nrf_app] [debug] Set NF status to REGISTERED
[2026-09-27 18:56:46.872] [nrf_sbi] [debug] Json data: null
[2026-09-27 18:56:48.203] [nrf_app] [info] 
Handle heartbeat timeout (NF update), NF instance ID a03368fc-0eff-4e3f-b71c-10e04357f8e1, time 1790528194484, current ms 1790528208203
[2026-09-27 18:56:48.537] [nrf_sbi] [info] Got a request to update an NF instance, Instance ID: 17ba2836-2822-46a6-a021-901a2fb65998
[2026-09-27 18:56:48.537] [nrf_app] [info] Handle Update NF Instance request, NF type AUSF (HTTP version 1)
[2026-09-27 18:56:48.537] [nrf_app] [info] NF Heart-Beat procedure!
[2026-09-27 18:56:48.537] [nrf_app] [debug] Replace member nfStatus with new value REGISTERED
[2026-09-27 18:56:48.537] [nrf_app] [info] Updated the NF profile (profile ID 17ba2836-2822-46a6-a021-901a2fb65998)
[2026-09-27 18:56:48.537] [nrf_app] [debug] NF update for Heartbeat, current time 1790528208537
[2026-09-27 18:56:48.537] [nrf_app] [debug] Set NF status to REGISTERED
[2026-09-27 18:56:48.537] [nrf_sbi] [debug] Json data: null
[2026-09-27 18:56:49.188] [nrf_app] [info] 
Handle heartbeat timeout (NF update), NF instance ID 4042849f-78a0-49bf-9f1a-180c59d6e83a, time 1790528195448, current ms 1790528209188
[2026-09-27 18:56:50.106] [nrf_app] [info] 
Handle heartbeat timeout (NF update), NF instance ID 17ba2836-2822-46a6-a021-901a2fb65998, time 1790528196354, current ms 1790528210106
[2026-09-27 18:56:50.253] [nrf_sbi] [info] Got a request to update an NF instance, Instance ID: dc589e56-a136-40f6-8f20-a087068e856a
[2026-09-27 18:56:50.253] [nrf_app] [info] Handle Update NF Instance request, NF type UDM (HTTP version 1)
[2026-09-27 18:56:50.253] [nrf_app] [info] NF Heart-Beat procedure!
[2026-09-27 18:56:50.253] [nrf_app] [debug] Replace member nfStatus with new value REGISTERED
[2026-09-27 18:56:50.253] [nrf_app] [info] Updated the NF profile (profile ID dc589e56-a136-40f6-8f20-a087068e856a)
[2026-09-27 18:56:50.253] [nrf_app] [debug] NF update for Heartbeat, current time 1790528210253
[2026-09-27 18:56:50.253] [nrf_app] [debug] Set NF status to REGISTERED
[2026-09-27 18:56:50.253] [nrf_sbi] [debug] Json data: null
[2026-09-27 18:56:52.118] [nrf_app] [info] 
Handle heartbeat timeout (NF update), NF instance ID dc589e56-a136-40f6-8f20-a087068e856a, time 1790528198331, current ms 1790528212118
[2026-09-27 18:56:52.356] [nrf_app] [info] 
Handle heartbeat timeout (NF update), NF instance ID 91dfee08-b1a6-4ce8-8f1c-ea9bf4341104, time 1790528198564, current ms 1790528212356
[2026-09-27 18:56:52.855] [nrf_sbi] [info] Got a request to update an NF instance, Instance ID: a03368fc-0eff-4e3f-b71c-10e04357f8e1
[2026-09-27 18:56:52.855] [nrf_app] [info] Handle Update NF Instance request, NF type SMF (HTTP version 1)
[2026-09-27 18:56:52.855] [nrf_app] [info] NF Heart-Beat procedure!
[2026-09-27 18:56:52.855] [nrf_app] [debug] Replace member nfStatus with new value REGISTERED
[2026-09-27 18:56:52.855] [nrf_app] [info] Updated the NF profile (profile ID a03368fc-0eff-4e3f-b71c-10e04357f8e1)
[2026-09-27 18:56:52.855] [nrf_app] [debug] NF update for Heartbeat, current time 1790528212855
[2026-09-27 18:56:52.855] [nrf_app] [debug] Set NF status to REGISTERED
[2026-09-27 18:56:52.855] [nrf_sbi] [debug] Json data: null
[2026-09-27 18:56:53.037] [nrf_sbi] [info] Got a request to update an NF instance, Instance ID: b64a73f9-6961-4fdb-8232-006948f24f8d
[2026-09-27 18:56:53.037] [nrf_app] [info] Handle Update NF Instance request, NF type UDR (HTTP version 1)
[2026-09-27 18:56:53.037] [nrf_app] [info] NF Heart-Beat procedure!
[2026-09-27 18:56:53.037] [nrf_app] [debug] Replace member nfStatus with new value REGISTERED
[2026-09-27 18:56:53.037] [nrf_app] [info] Updated the NF profile (profile ID b64a73f9-6961-4fdb-8232-006948f24f8d)
[2026-09-27 18:56:53.037] [nrf_app] [debug] NF update for Heartbeat, current time 1790528213037
[2026-09-27 18:56:53.037] [nrf_app] [debug] Set NF status to REGISTERED
[2026-09-27 18:56:53.037] [nrf_sbi] [debug] Json data: null
[2026-09-27 18:56:53.793] [nrf_sbi] [info] Got a request to update an NF instance, Instance ID: 4042849f-78a0-49bf-9f1a-180c59d6e83a
[2026-09-27 18:56:53.793] [nrf_app] [info] Handle Update NF Instance request, NF type AMF (HTTP version 1)
[2026-09-27 18:56:53.793] [nrf_app] [info] NF Heart-Beat procedure!
[2026-09-27 18:56:53.793] [nrf_app] [debug] Replace member nfStatus with new value REGISTERED
[2026-09-27 18:56:53.793] [nrf_app] [info] Updated the NF profile (profile ID 4042849f-78a0-49bf-9f1a-180c59d6e83a)
[2026-09-27 18:56:53.793] [nrf_app] [debug] NF update for Heartbeat, current time 1790528213793
[2026-09-27 18:56:53.793] [nrf_app] [debug] Set NF status to REGISTERED
[2026-09-27 18:56:53.793] [nrf_sbi] [debug] Json data: null
[2026-09-27 18:56:55.137] [nrf_app] [info] 
Handle heartbeat timeout (NF update), NF instance ID b64a73f9-6961-4fdb-8232-006948f24f8d, time 1790528201308, current ms 1790528215137
[2026-09-27 18:56:56.875] [nrf_sbi] [info] Got a request to update an NF instance, Instance ID: 91dfee08-b1a6-4ce8-8f1c-ea9bf4341104
[2026-09-27 18:56:56.875] [nrf_app] [info] Handle Update NF Instance request, NF type UPF (HTTP version 1)
[2026-09-27 18:56:56.875] [nrf_app] [info] NF Heart-Beat procedure!
[2026-09-27 18:56:56.875] [nrf_app] [debug] Replace member nfStatus with new value REGISTERED
[2026-09-27 18:56:56.875] [nrf_app] [info] Updated the NF profile (profile ID 91dfee08-b1a6-4ce8-8f1c-ea9bf4341104)
[2026-09-27 18:56:56.875] [nrf_app] [debug] NF update for Heartbeat, current time 1790528216875
[2026-09-27 18:56:56.875] [nrf_app] [debug] Set NF status to REGISTERED
[2026-09-27 18:56:56.875] [nrf_sbi] [debug] Json data: null
[2026-09-27 18:56:58.375] [nrf_app] [info] 
Handle heartbeat timeout (NF update), NF instance ID a03368fc-0eff-4e3f-b71c-10e04357f8e1, time 1790528204484, current ms 1790528218375
[2026-09-27 18:56:58.702] [nrf_sbi] [info] Got a request to update an NF instance, Instance ID: 17ba2836-2822-46a6-a021-901a2fb65998
[2026-09-27 18:56:58.702] [nrf_app] [info] Handle Update NF Instance request, NF type AUSF (HTTP version 1)
[2026-09-27 18:56:58.702] [nrf_app] [info] NF Heart-Beat procedure!
[2026-09-27 18:56:58.702] [nrf_app] [debug] Replace member nfStatus with new value REGISTERED
[2026-09-27 18:56:58.702] [nrf_app] [info] Updated the NF profile (profile ID 17ba2836-2822-46a6-a021-901a2fb65998)
[2026-09-27 18:56:58.702] [nrf_app] [debug] NF update for Heartbeat, current time 1790528218702
[2026-09-27 18:56:58.702] [nrf_app] [debug] Set NF status to REGISTERED
[2026-09-27 18:56:58.702] [nrf_sbi] [debug] Json data: null
[2026-09-27 18:56:59.355] [nrf_app] [info] 
Handle heartbeat timeout (NF update), NF instance ID 4042849f-78a0-49bf-9f1a-180c59d6e83a, time 1790528205448, current ms 1790528219355
[2026-09-27 18:57:00.283] [nrf_app] [info] 
Handle heartbeat timeout (NF update), NF instance ID 17ba2836-2822-46a6-a021-901a2fb65998, time 1790528206354, current ms 1790528220283
[2026-09-27 18:57:00.389] [nrf_sbi] [info] Got a request to update an NF instance, Instance ID: dc589e56-a136-40f6-8f20-a087068e856a
[2026-09-27 18:57:00.389] [nrf_app] [info] Handle Update NF Instance request, NF type UDM (HTTP version 1)
[2026-09-27 18:57:00.389] [nrf_app] [info] NF Heart-Beat procedure!
[2026-09-27 18:57:00.389] [nrf_app] [debug] Replace member nfStatus with new value REGISTERED
[2026-09-27 18:57:00.389] [nrf_app] [info] Updated the NF profile (profile ID dc589e56-a136-40f6-8f20-a087068e856a)
[2026-09-27 18:57:00.389] [nrf_app] [debug] NF update for Heartbeat, current time 1790528220389
[2026-09-27 18:57:00.389] [nrf_app] [debug] Set NF status to REGISTERED
[2026-09-27 18:57:00.389] [nrf_sbi] [debug] Json data: null
[2026-09-27 18:57:02.289] [nrf_app] [info] 
Handle heartbeat timeout (NF update), NF instance ID dc589e56-a136-40f6-8f20-a087068e856a, time 1790528208331, current ms 1790528222289
[2026-09-27 18:57:02.525] [nrf_app] [info] 
Handle heartbeat timeout (NF update), NF instance ID 91dfee08-b1a6-4ce8-8f1c-ea9bf4341104, time 1790528208564, current ms 1790528222525
[2026-09-27 18:57:02.859] [nrf_sbi] [info] Got a request to update an NF instance, Instance ID: a03368fc-0eff-4e3f-b71c-10e04357f8e1
[2026-09-27 18:57:02.859] [nrf_app] [info] Handle Update NF Instance request, NF type SMF (HTTP version 1)
[2026-09-27 18:57:02.859] [nrf_app] [info] NF Heart-Beat procedure!
[2026-09-27 18:57:02.859] [nrf_app] [debug] Replace member nfStatus with new value REGISTERED
[2026-09-27 18:57:02.859] [nrf_app] [info] Updated the NF profile (profile ID a03368fc-0eff-4e3f-b71c-10e04357f8e1)
[2026-09-27 18:57:02.859] [nrf_app] [debug] NF update for Heartbeat, current time 1790528222859
[2026-09-27 18:57:02.859] [nrf_app] [debug] Set NF status to REGISTERED
[2026-09-27 18:57:02.859] [nrf_sbi] [debug] Json data: null
[2026-09-27 18:57:03.174] [nrf_sbi] [info] Got a request to update an NF instance, Instance ID: b64a73f9-6961-4fdb-8232-006948f24f8d
[2026-09-27 18:57:03.174] [nrf_app] [info] Handle Update NF Instance request, NF type UDR (HTTP version 1)
[2026-09-27 18:57:03.174] [nrf_app] [info] NF Heart-Beat procedure!
[2026-09-27 18:57:03.174] [nrf_app] [debug] Replace member nfStatus with new value REGISTERED
[2026-09-27 18:57:03.174] [nrf_app] [info] Updated the NF profile (profile ID b64a73f9-6961-4fdb-8232-006948f24f8d)
[2026-09-27 18:57:03.174] [nrf_app] [debug] NF update for Heartbeat, current time 1790528223174
[2026-09-27 18:57:03.174] [nrf_app] [debug] Set NF status to REGISTERED
[2026-09-27 18:57:03.174] [nrf_sbi] [debug] Json data: null
[2026-09-27 18:57:03.796] [nrf_sbi] [info] Got a request to update an NF instance, Instance ID: 4042849f-78a0-49bf-9f1a-180c59d6e83a
[2026-09-27 18:57:03.796] [nrf_app] [info] Handle Update NF Instance request, NF type AMF (HTTP version 1)
[2026-09-27 18:57:03.796] [nrf_app] [info] NF Heart-Beat procedure!
[2026-09-27 18:57:03.796] [nrf_app] [debug] Replace member nfStatus with new value REGISTERED
[2026-09-27 18:57:03.796] [nrf_app] [info] Updated the NF profile (profile ID 4042849f-78a0-49bf-9f1a-180c59d6e83a)
[2026-09-27 18:57:03.796] [nrf_app] [debug] NF update for Heartbeat, current time 1790528223796
[2026-09-27 18:57:03.796] [nrf_app] [debug] Set NF status to REGISTERED
[2026-09-27 18:57:03.796] [nrf_sbi] [debug] Json data: null
[2026-09-27 18:57:05.296] [nrf_app] [info] 
Handle heartbeat timeout (NF update), NF instance ID b64a73f9-6961-4fdb-8232-006948f24f8d, time 1790528211308, current ms 1790528225296
[2026-09-27 18:57:06.879] [nrf_sbi] [info] Got a request to update an NF instance, Instance ID: 91dfee08-b1a6-4ce8-8f1c-ea9bf4341104
[2026-09-27 18:57:06.879] [nrf_app] [info] Handle Update NF Instance request, NF type UPF (HTTP version 1)
[2026-09-27 18:57:06.879] [nrf_app] [info] NF Heart-Beat procedure!
[2026-09-27 18:57:06.879] [nrf_app] [debug] Replace member nfStatus with new value REGISTERED
[2026-09-27 18:57:06.879] [nrf_app] [info] Updated the NF profile (profile ID 91dfee08-b1a6-4ce8-8f1c-ea9bf4341104)
[2026-09-27 18:57:06.879] [nrf_app] [debug] NF update for Heartbeat, current time 1790528226879
[2026-09-27 18:57:06.879] [nrf_app] [debug] Set NF status to REGISTERED
[2026-09-27 18:57:06.879] [nrf_sbi] [debug] Json data: null
[2026-09-27 18:57:08.528] [nrf_app] [info] 
Handle heartbeat timeout (NF update), NF instance ID a03368fc-0eff-4e3f-b71c-10e04357f8e1, time 1790528214484, current ms 1790528228528
[2026-09-27 18:57:08.884] [nrf_sbi] [info] Got a request to update an NF instance, Instance ID: 17ba2836-2822-46a6-a021-901a2fb65998
[2026-09-27 18:57:08.884] [nrf_app] [info] Handle Update NF Instance request, NF type AUSF (HTTP version 1)
[2026-09-27 18:57:08.884] [nrf_app] [info] NF Heart-Beat procedure!
[2026-09-27 18:57:08.884] [nrf_app] [debug] Replace member nfStatus with new value REGISTERED
[2026-09-27 18:57:08.884] [nrf_app] [info] Updated the NF profile (profile ID 17ba2836-2822-46a6-a021-901a2fb65998)
[2026-09-27 18:57:08.884] [nrf_app] [debug] NF update for Heartbeat, current time 1790528228884
[2026-09-27 18:57:08.884] [nrf_app] [debug] Set NF status to REGISTERED
[2026-09-27 18:57:08.884] [nrf_sbi] [debug] Json data: null
[2026-09-27 18:57:09.509] [nrf_app] [info] 
Handle heartbeat timeout (NF update), NF instance ID 4042849f-78a0-49bf-9f1a-180c59d6e83a, time 1790528215448, current ms 1790528229509
[2026-09-27 18:57:10.436] [nrf_app] [info] 
Handle heartbeat timeout (NF update), NF instance ID 17ba2836-2822-46a6-a021-901a2fb65998, time 1790528216354, current ms 1790528230436
[2026-09-27 18:57:10.569] [nrf_sbi] [info] Got a request to update an NF instance, Instance ID: dc589e56-a136-40f6-8f20-a087068e856a
[2026-09-27 18:57:10.569] [nrf_app] [info] Handle Update NF Instance request, NF type UDM (HTTP version 1)
[2026-09-27 18:57:10.569] [nrf_app] [info] NF Heart-Beat procedure!
[2026-09-27 18:57:10.569] [nrf_app] [debug] Replace member nfStatus with new value REGISTERED
[2026-09-27 18:57:10.569] [nrf_app] [info] Updated the NF profile (profile ID dc589e56-a136-40f6-8f20-a087068e856a)
[2026-09-27 18:57:10.569] [nrf_app] [debug] NF update for Heartbeat, current time 1790528230569
[2026-09-27 18:57:10.569] [nrf_app] [debug] Set NF status to REGISTERED
[2026-09-27 18:57:10.569] [nrf_sbi] [debug] Json data: null
[2026-09-27 18:57:12.454] [nrf_app] [info] 
Handle heartbeat timeout (NF update), NF instance ID dc589e56-a136-40f6-8f20-a087068e856a, time 1790528218331, current ms 1790528232454
[2026-09-27 18:57:12.691] [nrf_app] [info] 
Handle heartbeat timeout (NF update), NF instance ID 91dfee08-b1a6-4ce8-8f1c-ea9bf4341104, time 1790528218564, current ms 1790528232691
[2026-09-27 18:57:12.863] [nrf_sbi] [info] Got a request to update an NF instance, Instance ID: a03368fc-0eff-4e3f-b71c-10e04357f8e1
[2026-09-27 18:57:12.863] [nrf_app] [info] Handle Update NF Instance request, NF type SMF (HTTP version 1)
[2026-09-27 18:57:12.863] [nrf_app] [info] NF Heart-Beat procedure!
[2026-09-27 18:57:12.863] [nrf_app] [debug] Replace member nfStatus with new value REGISTERED
[2026-09-27 18:57:12.863] [nrf_app] [info] Updated the NF profile (profile ID a03368fc-0eff-4e3f-b71c-10e04357f8e1)
[2026-09-27 18:57:12.863] [nrf_app] [debug] NF update for Heartbeat, current time 1790528232863
[2026-09-27 18:57:12.863] [nrf_app] [debug] Set NF status to REGISTERED
[2026-09-27 18:57:12.863] [nrf_sbi] [debug] Json data: null
[2026-09-27 18:57:13.358] [nrf_sbi] [info] Got a request to update an NF instance, Instance ID: b64a73f9-6961-4fdb-8232-006948f24f8d
[2026-09-27 18:57:13.359] [nrf_app] [info] Handle Update NF Instance request, NF type UDR (HTTP version 1)
[2026-09-27 18:57:13.359] [nrf_app] [info] NF Heart-Beat procedure!
[2026-09-27 18:57:13.359] [nrf_app] [debug] Replace member nfStatus with new value REGISTERED
[2026-09-27 18:57:13.359] [nrf_app] [info] Updated the NF profile (profile ID b64a73f9-6961-4fdb-8232-006948f24f8d)
[2026-09-27 18:57:13.359] [nrf_app] [debug] NF update for Heartbeat, current time 1790528233359
[2026-09-27 18:57:13.359] [nrf_app] [debug] Set NF status to REGISTERED
[2026-09-27 18:57:13.359] [nrf_sbi] [debug] Json data: null
[2026-09-27 18:57:13.800] [nrf_sbi] [info] Got a request to update an NF instance, Instance ID: 4042849f-78a0-49bf-9f1a-180c59d6e83a
[2026-09-27 18:57:13.800] [nrf_app] [info] Handle Update NF Instance request, NF type AMF (HTTP version 1)
[2026-09-27 18:57:13.800] [nrf_app] [info] NF Heart-Beat procedure!
[2026-09-27 18:57:13.800] [nrf_app] [debug] Replace member nfStatus with new value REGISTERED
[2026-09-27 18:57:13.800] [nrf_app] [info] Updated the NF profile (profile ID 4042849f-78a0-49bf-9f1a-180c59d6e83a)
[2026-09-27 18:57:13.800] [nrf_app] [debug] NF update for Heartbeat, current time 1790528233800
[2026-09-27 18:57:13.800] [nrf_app] [debug] Set NF status to REGISTERED
[2026-09-27 18:57:13.800] [nrf_sbi] [debug] Json data: null
[2026-09-27 18:57:15.463] [nrf_app] [info] 
Handle heartbeat timeout (NF update), NF instance ID b64a73f9-6961-4fdb-8232-006948f24f8d, time 1790528221308, current ms 1790528235463
[2026-09-27 18:57:16.882] [nrf_sbi] [info] Got a request to update an NF instance, Instance ID: 91dfee08-b1a6-4ce8-8f1c-ea9bf4341104
[2026-09-27 18:57:16.882] [nrf_app] [info] Handle Update NF Instance request, NF type UPF (HTTP version 1)
[2026-09-27 18:57:16.882] [nrf_app] [info] NF Heart-Beat procedure!
[2026-09-27 18:57:16.882] [nrf_app] [debug] Replace member nfStatus with new value REGISTERED
[2026-09-27 18:57:16.882] [nrf_app] [info] Updated the NF profile (profile ID 91dfee08-b1a6-4ce8-8f1c-ea9bf4341104)
[2026-09-27 18:57:16.882] [nrf_app] [debug] NF update for Heartbeat, current time 1790528236882
[2026-09-27 18:57:16.882] [nrf_app] [debug] Set NF status to REGISTERED
[2026-09-27 18:57:16.882] [nrf_sbi] [debug] Json data: null
[2026-09-27 18:57:18.708] [nrf_app] [info] 
Handle heartbeat timeout (NF update), NF instance ID a03368fc-0eff-4e3f-b71c-10e04357f8e1, time 1790528224484, current ms 1790528238708
[2026-09-27 18:57:19.044] [nrf_sbi] [info] Got a request to update an NF instance, Instance ID: 17ba2836-2822-46a6-a021-901a2fb65998
[2026-09-27 18:57:19.044] [nrf_app] [info] Handle Update NF Instance request, NF type AUSF (HTTP version 1)
[2026-09-27 18:57:19.044] [nrf_app] [info] NF Heart-Beat procedure!
[2026-09-27 18:57:19.044] [nrf_app] [debug] Replace member nfStatus with new value REGISTERED
[2026-09-27 18:57:19.044] [nrf_app] [info] Updated the NF profile (profile ID 17ba2836-2822-46a6-a021-901a2fb65998)
[2026-09-27 18:57:19.044] [nrf_app] [debug] NF update for Heartbeat, current time 1790528239044
[2026-09-27 18:57:19.044] [nrf_app] [debug] Set NF status to REGISTERED
[2026-09-27 18:57:19.044] [nrf_sbi] [debug] Json data: null
[2026-09-27 18:57:19.683] [nrf_app] [info] 
Handle heartbeat timeout (NF update), NF instance ID 4042849f-78a0-49bf-9f1a-180c59d6e83a, time 1790528225448, current ms 1790528239683
[2026-09-27 18:57:20.599] [nrf_app] [info] 
Handle heartbeat timeout (NF update), NF instance ID 17ba2836-2822-46a6-a021-901a2fb65998, time 1790528226354, current ms 1790528240599
[2026-09-27 18:57:20.703] [nrf_sbi] [info] Got a request to update an NF instance, Instance ID: dc589e56-a136-40f6-8f20-a087068e856a
[2026-09-27 18:57:20.703] [nrf_app] [info] Handle Update NF Instance request, NF type UDM (HTTP version 1)
[2026-09-27 18:57:20.703] [nrf_app] [info] NF Heart-Beat procedure!
[2026-09-27 18:57:20.703] [nrf_app] [debug] Replace member nfStatus with new value REGISTERED
[2026-09-27 18:57:20.703] [nrf_app] [info] Updated the NF profile (profile ID dc589e56-a136-40f6-8f20-a087068e856a)
[2026-09-27 18:57:20.703] [nrf_app] [debug] NF update for Heartbeat, current time 1790528240703
[2026-09-27 18:57:20.703] [nrf_app] [debug] Set NF status to REGISTERED
[2026-09-27 18:57:20.703] [nrf_sbi] [debug] Json data: null
[2026-09-27 18:57:22.624] [nrf_app] [info] 
Handle heartbeat timeout (NF update), NF instance ID dc589e56-a136-40f6-8f20-a087068e856a, time 1790528228331, current ms 1790528242624
[2026-09-27 18:57:22.861] [nrf_app] [info] 
Handle heartbeat timeout (NF update), NF instance ID 91dfee08-b1a6-4ce8-8f1c-ea9bf4341104, time 1790528228564, current ms 1790528242861
[2026-09-27 18:57:22.866] [nrf_sbi] [info] Got a request to update an NF instance, Instance ID: a03368fc-0eff-4e3f-b71c-10e04357f8e1
[2026-09-27 18:57:22.866] [nrf_app] [info] Handle Update NF Instance request, NF type SMF (HTTP version 1)
[2026-09-27 18:57:22.866] [nrf_app] [info] NF Heart-Beat procedure!
[2026-09-27 18:57:22.866] [nrf_app] [debug] Replace member nfStatus with new value REGISTERED
[2026-09-27 18:57:22.866] [nrf_app] [info] Updated the NF profile (profile ID a03368fc-0eff-4e3f-b71c-10e04357f8e1)
[2026-09-27 18:57:22.866] [nrf_app] [debug] NF update for Heartbeat, current time 1790528242866
[2026-09-27 18:57:22.866] [nrf_app] [debug] Set NF status to REGISTERED
[2026-09-27 18:57:22.866] [nrf_sbi] [debug] Json data: null
[2026-09-27 18:57:23.523] [nrf_sbi] [info] Got a request to update an NF instance, Instance ID: b64a73f9-6961-4fdb-8232-006948f24f8d
[2026-09-27 18:57:23.523] [nrf_app] [info] Handle Update NF Instance request, NF type UDR (HTTP version 1)
[2026-09-27 18:57:23.523] [nrf_app] [info] NF Heart-Beat procedure!
[2026-09-27 18:57:23.523] [nrf_app] [debug] Replace member nfStatus with new value REGISTERED
[2026-09-27 18:57:23.523] [nrf_app] [info] Updated the NF profile (profile ID b64a73f9-6961-4fdb-8232-006948f24f8d)
[2026-09-27 18:57:23.523] [nrf_app] [debug] NF update for Heartbeat, current time 1790528243523
[2026-09-27 18:57:23.523] [nrf_app] [debug] Set NF status to REGISTERED
[2026-09-27 18:57:23.523] [nrf_sbi] [debug] Json data: null
[2026-09-27 18:57:23.803] [nrf_sbi] [info] Got a request to update an NF instance, Instance ID: 4042849f-78a0-49bf-9f1a-180c59d6e83a
[2026-09-27 18:57:23.803] [nrf_app] [info] Handle Update NF Instance request, NF type AMF (HTTP version 1)
[2026-09-27 18:57:23.803] [nrf_app] [info] NF Heart-Beat procedure!
[2026-09-27 18:57:23.803] [nrf_app] [debug] Replace member nfStatus with new value REGISTERED
[2026-09-27 18:57:23.803] [nrf_app] [info] Updated the NF profile (profile ID 4042849f-78a0-49bf-9f1a-180c59d6e83a)
[2026-09-27 18:57:23.803] [nrf_app] [debug] NF update for Heartbeat, current time 1790528243803
[2026-09-27 18:57:23.803] [nrf_app] [debug] Set NF status to REGISTERED
[2026-09-27 18:57:23.803] [nrf_sbi] [debug] Json data: null
[2026-09-27 18:57:25.636] [nrf_app] [info] 
Handle heartbeat timeout (NF update), NF instance ID b64a73f9-6961-4fdb-8232-006948f24f8d, time 1790528231308, current ms 1790528245636
[2026-09-27 18:57:26.885] [nrf_sbi] [info] Got a request to update an NF instance, Instance ID: 91dfee08-b1a6-4ce8-8f1c-ea9bf4341104
[2026-09-27 18:57:26.885] [nrf_app] [info] Handle Update NF Instance request, NF type UPF (HTTP version 1)
[2026-09-27 18:57:26.885] [nrf_app] [info] NF Heart-Beat procedure!
[2026-09-27 18:57:26.885] [nrf_app] [debug] Replace member nfStatus with new value REGISTERED
[2026-09-27 18:57:26.885] [nrf_app] [info] Updated the NF profile (profile ID 91dfee08-b1a6-4ce8-8f1c-ea9bf4341104)
[2026-09-27 18:57:26.885] [nrf_app] [debug] NF update for Heartbeat, current time 1790528246885
[2026-09-27 18:57:26.885] [nrf_app] [debug] Set NF status to REGISTERED
[2026-09-27 18:57:26.885] [nrf_sbi] [debug] Json data: null
[2026-09-27 18:57:28.864] [nrf_app] [info] 
Handle heartbeat timeout (NF update), NF instance ID a03368fc-0eff-4e3f-b71c-10e04357f8e1, time 1790528234484, current ms 1790528248864
[2026-09-27 18:57:29.230] [nrf_sbi] [info] Got a request to update an NF instance, Instance ID: 17ba2836-2822-46a6-a021-901a2fb65998
[2026-09-27 18:57:29.231] [nrf_app] [info] Handle Update NF Instance request, NF type AUSF (HTTP version 1)
[2026-09-27 18:57:29.231] [nrf_app] [info] NF Heart-Beat procedure!
[2026-09-27 18:57:29.231] [nrf_app] [debug] Replace member nfStatus with new value REGISTERED
[2026-09-27 18:57:29.231] [nrf_app] [info] Updated the NF profile (profile ID 17ba2836-2822-46a6-a021-901a2fb65998)
[2026-09-27 18:57:29.231] [nrf_app] [debug] NF update for Heartbeat, current time 1790528249231
[2026-09-27 18:57:29.231] [nrf_app] [debug] Set NF status to REGISTERED
[2026-09-27 18:57:29.231] [nrf_sbi] [debug] Json data: null
[2026-09-27 18:57:29.840] [nrf_app] [info] 
Handle heartbeat timeout (NF update), NF instance ID 4042849f-78a0-49bf-9f1a-180c59d6e83a, time 1790528235448, current ms 1790528249840
[2026-09-27 18:57:30.751] [nrf_app] [info] 
Handle heartbeat timeout (NF update), NF instance ID 17ba2836-2822-46a6-a021-901a2fb65998, time 1790528236354, current ms 1790528250751
[2026-09-27 18:57:30.885] [nrf_sbi] [info] Got a request to update an NF instance, Instance ID: dc589e56-a136-40f6-8f20-a087068e856a
[2026-09-27 18:57:30.885] [nrf_app] [info] Handle Update NF Instance request, NF type UDM (HTTP version 1)
[2026-09-27 18:57:30.885] [nrf_app] [info] NF Heart-Beat procedure!
[2026-09-27 18:57:30.885] [nrf_app] [debug] Replace member nfStatus with new value REGISTERED
[2026-09-27 18:57:30.885] [nrf_app] [info] Updated the NF profile (profile ID dc589e56-a136-40f6-8f20-a087068e856a)
[2026-09-27 18:57:30.885] [nrf_app] [debug] NF update for Heartbeat, current time 1790528250885
[2026-09-27 18:57:30.885] [nrf_app] [debug] Set NF status to REGISTERED
[2026-09-27 18:57:30.885] [nrf_sbi] [debug] Json data: null
[2026-09-27 18:57:32.756] [nrf_app] [info] 
Handle heartbeat timeout (NF update), NF instance ID dc589e56-a136-40f6-8f20-a087068e856a, time 1790528238331, current ms 1790528252756
[2026-09-27 18:57:32.870] [nrf_sbi] [info] Got a request to update an NF instance, Instance ID: a03368fc-0eff-4e3f-b71c-10e04357f8e1
[2026-09-27 18:57:32.870] [nrf_app] [info] Handle Update NF Instance request, NF type SMF (HTTP version 1)
[2026-09-27 18:57:32.870] [nrf_app] [info] NF Heart-Beat procedure!
[2026-09-27 18:57:32.870] [nrf_app] [debug] Replace member nfStatus with new value REGISTERED
[2026-09-27 18:57:32.870] [nrf_app] [info] Updated the NF profile (profile ID a03368fc-0eff-4e3f-b71c-10e04357f8e1)
[2026-09-27 18:57:32.870] [nrf_app] [debug] NF update for Heartbeat, current time 1790528252870
[2026-09-27 18:57:32.870] [nrf_app] [debug] Set NF status to REGISTERED
[2026-09-27 18:57:32.870] [nrf_sbi] [debug] Json data: null
[2026-09-27 18:57:32.994] [nrf_app] [info] 
Handle heartbeat timeout (NF update), NF instance ID 91dfee08-b1a6-4ce8-8f1c-ea9bf4341104, time 1790528238564, current ms 1790528252994
[2026-09-27 18:57:33.694] [nrf_sbi] [info] Got a request to update an NF instance, Instance ID: b64a73f9-6961-4fdb-8232-006948f24f8d
[2026-09-27 18:57:33.694] [nrf_app] [info] Handle Update NF Instance request, NF type UDR (HTTP version 1)
[2026-09-27 18:57:33.694] [nrf_app] [info] NF Heart-Beat procedure!
[2026-09-27 18:57:33.694] [nrf_app] [debug] Replace member nfStatus with new value REGISTERED
[2026-09-27 18:57:33.694] [nrf_app] [info] Updated the NF profile (profile ID b64a73f9-6961-4fdb-8232-006948f24f8d)
[2026-09-27 18:57:33.694] [nrf_app] [debug] NF update for Heartbeat, current time 1790528253694
[2026-09-27 18:57:33.694] [nrf_app] [debug] Set NF status to REGISTERED
[2026-09-27 18:57:33.694] [nrf_sbi] [debug] Json data: null
[2026-09-27 18:57:33.806] [nrf_sbi] [info] Got a request to update an NF instance, Instance ID: 4042849f-78a0-49bf-9f1a-180c59d6e83a
[2026-09-27 18:57:33.806] [nrf_app] [info] Handle Update NF Instance request, NF type AMF (HTTP version 1)
[2026-09-27 18:57:33.806] [nrf_app] [info] NF Heart-Beat procedure!
[2026-09-27 18:57:33.806] [nrf_app] [debug] Replace member nfStatus with new value REGISTERED
[2026-09-27 18:57:33.806] [nrf_app] [info] Updated the NF profile (profile ID 4042849f-78a0-49bf-9f1a-180c59d6e83a)
[2026-09-27 18:57:33.806] [nrf_app] [debug] NF update for Heartbeat, current time 1790528253806
[2026-09-27 18:57:33.806] [nrf_app] [debug] Set NF status to REGISTERED
[2026-09-27 18:57:33.806] [nrf_sbi] [debug] Json data: null
[2026-09-27 18:57:35.755] [nrf_app] [info] 
Handle heartbeat timeout (NF update), NF instance ID b64a73f9-6961-4fdb-8232-006948f24f8d, time 1790528241308, current ms 1790528255755
[2026-09-27 18:57:36.889] [nrf_sbi] [info] Got a request to update an NF instance, Instance ID: 91dfee08-b1a6-4ce8-8f1c-ea9bf4341104
[2026-09-27 18:57:36.889] [nrf_app] [info] Handle Update NF Instance request, NF type UPF (HTTP version 1)
[2026-09-27 18:57:36.889] [nrf_app] [info] NF Heart-Beat procedure!
[2026-09-27 18:57:36.889] [nrf_app] [debug] Replace member nfStatus with new value REGISTERED
[2026-09-27 18:57:36.889] [nrf_app] [info] Updated the NF profile (profile ID 91dfee08-b1a6-4ce8-8f1c-ea9bf4341104)
[2026-09-27 18:57:36.889] [nrf_app] [debug] NF update for Heartbeat, current time 1790528256889
[2026-09-27 18:57:36.889] [nrf_app] [debug] Set NF status to REGISTERED
[2026-09-27 18:57:36.889] [nrf_sbi] [debug] Json data: null
[2026-09-27 18:57:38.994] [nrf_app] [info] 
Handle heartbeat timeout (NF update), NF instance ID a03368fc-0eff-4e3f-b71c-10e04357f8e1, time 1790528244484, current ms 1790528258994
[2026-09-27 18:57:39.389] [nrf_sbi] [info] Got a request to update an NF instance, Instance ID: 17ba2836-2822-46a6-a021-901a2fb65998
[2026-09-27 18:57:39.389] [nrf_app] [info] Handle Update NF Instance request, NF type AUSF (HTTP version 1)
[2026-09-27 18:57:39.389] [nrf_app] [info] NF Heart-Beat procedure!
[2026-09-27 18:57:39.389] [nrf_app] [debug] Replace member nfStatus with new value REGISTERED
[2026-09-27 18:57:39.389] [nrf_app] [info] Updated the NF profile (profile ID 17ba2836-2822-46a6-a021-901a2fb65998)
[2026-09-27 18:57:39.389] [nrf_app] [debug] NF update for Heartbeat, current time 1790528259389
[2026-09-27 18:57:39.389] [nrf_app] [debug] Set NF status to REGISTERED
[2026-09-27 18:57:39.389] [nrf_sbi] [debug] Json data: null
[2026-09-27 18:57:39.978] [nrf_app] [info] 
Handle heartbeat timeout (NF update), NF instance ID 4042849f-78a0-49bf-9f1a-180c59d6e83a, time 1790528245448, current ms 1790528259978
[2026-09-27 18:57:40.906] [nrf_app] [info] 
Handle heartbeat timeout (NF update), NF instance ID 17ba2836-2822-46a6-a021-901a2fb65998, time 1790528246354, current ms 1790528260906
[2026-09-27 18:57:41.025] [nrf_sbi] [info] Got a request to update an NF instance, Instance ID: dc589e56-a136-40f6-8f20-a087068e856a
[2026-09-27 18:57:41.025] [nrf_app] [info] Handle Update NF Instance request, NF type UDM (HTTP version 1)
[2026-09-27 18:57:41.025] [nrf_app] [info] NF Heart-Beat procedure!
[2026-09-27 18:57:41.025] [nrf_app] [debug] Replace member nfStatus with new value REGISTERED
[2026-09-27 18:57:41.025] [nrf_app] [info] Updated the NF profile (profile ID dc589e56-a136-40f6-8f20-a087068e856a)
[2026-09-27 18:57:41.025] [nrf_app] [debug] NF update for Heartbeat, current time 1790528261025
[2026-09-27 18:57:41.025] [nrf_app] [debug] Set NF status to REGISTERED
[2026-09-27 18:57:41.025] [nrf_sbi] [debug] Json data: null
[2026-09-27 18:57:42.881] [nrf_sbi] [info] Got a request to update an NF instance, Instance ID: a03368fc-0eff-4e3f-b71c-10e04357f8e1
[2026-09-27 18:57:42.881] [nrf_app] [info] Handle Update NF Instance request, NF type SMF (HTTP version 1)
[2026-09-27 18:57:42.881] [nrf_app] [info] NF Heart-Beat procedure!
[2026-09-27 18:57:42.881] [nrf_app] [debug] Replace member nfStatus with new value REGISTERED
[2026-09-27 18:57:42.881] [nrf_app] [info] Updated the NF profile (profile ID a03368fc-0eff-4e3f-b71c-10e04357f8e1)
[2026-09-27 18:57:42.881] [nrf_app] [debug] NF update for Heartbeat, current time 1790528262881
[2026-09-27 18:57:42.881] [nrf_app] [debug] Set NF status to REGISTERED
[2026-09-27 18:57:42.881] [nrf_sbi] [debug] Json data: null
[2026-09-27 18:57:42.932] [nrf_app] [info] 
Handle heartbeat timeout (NF update), NF instance ID dc589e56-a136-40f6-8f20-a087068e856a, time 1790528248331, current ms 1790528262932
[2026-09-27 18:57:43.167] [nrf_app] [info] 
Handle heartbeat timeout (NF update), NF instance ID 91dfee08-b1a6-4ce8-8f1c-ea9bf4341104, time 1790528248564, current ms 1790528263167
[2026-09-27 18:57:43.809] [nrf_sbi] [info] Got a request to update an NF instance, Instance ID: 4042849f-78a0-49bf-9f1a-180c59d6e83a
[2026-09-27 18:57:43.809] [nrf_app] [info] Handle Update NF Instance request, NF type AMF (HTTP version 1)
[2026-09-27 18:57:43.809] [nrf_app] [info] NF Heart-Beat procedure!
[2026-09-27 18:57:43.809] [nrf_app] [debug] Replace member nfStatus with new value REGISTERED
[2026-09-27 18:57:43.809] [nrf_app] [info] Updated the NF profile (profile ID 4042849f-78a0-49bf-9f1a-180c59d6e83a)
[2026-09-27 18:57:43.809] [nrf_app] [debug] NF update for Heartbeat, current time 1790528263809
[2026-09-27 18:57:43.809] [nrf_app] [debug] Set NF status to REGISTERED
[2026-09-27 18:57:43.809] [nrf_sbi] [debug] Json data: null
[2026-09-27 18:57:43.878] [nrf_sbi] [info] Got a request to update an NF instance, Instance ID: b64a73f9-6961-4fdb-8232-006948f24f8d
[2026-09-27 18:57:43.878] [nrf_app] [info] Handle Update NF Instance request, NF type UDR (HTTP version 1)
[2026-09-27 18:57:43.878] [nrf_app] [info] NF Heart-Beat procedure!
[2026-09-27 18:57:43.878] [nrf_app] [debug] Replace member nfStatus with new value REGISTERED
[2026-09-27 18:57:43.878] [nrf_app] [info] Updated the NF profile (profile ID b64a73f9-6961-4fdb-8232-006948f24f8d)
[2026-09-27 18:57:43.878] [nrf_app] [debug] NF update for Heartbeat, current time 1790528263878
[2026-09-27 18:57:43.878] [nrf_app] [debug] Set NF status to REGISTERED
[2026-09-27 18:57:43.878] [nrf_sbi] [debug] Json data: null
[2026-09-27 18:57:45.976] [nrf_app] [info] 
Handle heartbeat timeout (NF update), NF instance ID b64a73f9-6961-4fdb-8232-006948f24f8d, time 1790528251308, current ms 1790528265976
[2026-09-27 18:57:46.892] [nrf_sbi] [info] Got a request to update an NF instance, Instance ID: 91dfee08-b1a6-4ce8-8f1c-ea9bf4341104
[2026-09-27 18:57:46.892] [nrf_app] [info] Handle Update NF Instance request, NF type UPF (HTTP version 1)
[2026-09-27 18:57:46.892] [nrf_app] [info] NF Heart-Beat procedure!
[2026-09-27 18:57:46.892] [nrf_app] [debug] Replace member nfStatus with new value REGISTERED
[2026-09-27 18:57:46.892] [nrf_app] [info] Updated the NF profile (profile ID 91dfee08-b1a6-4ce8-8f1c-ea9bf4341104)
[2026-09-27 18:57:46.892] [nrf_app] [debug] NF update for Heartbeat, current time 1790528266892
[2026-09-27 18:57:46.892] [nrf_app] [debug] Set NF status to REGISTERED
[2026-09-27 18:57:46.892] [nrf_sbi] [debug] Json data: null
[2026-09-27 18:57:49.227] [nrf_app] [info] 
Handle heartbeat timeout (NF update), NF instance ID a03368fc-0eff-4e3f-b71c-10e04357f8e1, time 1790528254484, current ms 1790528269227
[2026-09-27 18:57:49.634] [nrf_sbi] [info] Got a request to update an NF instance, Instance ID: 17ba2836-2822-46a6-a021-901a2fb65998
[2026-09-27 18:57:49.634] [nrf_app] [info] Handle Update NF Instance request, NF type AUSF (HTTP version 1)
[2026-09-27 18:57:49.634] [nrf_app] [info] NF Heart-Beat procedure!
[2026-09-27 18:57:49.634] [nrf_app] [debug] Replace member nfStatus with new value REGISTERED
[2026-09-27 18:57:49.634] [nrf_app] [info] Updated the NF profile (profile ID 17ba2836-2822-46a6-a021-901a2fb65998)
[2026-09-27 18:57:49.634] [nrf_app] [debug] NF update for Heartbeat, current time 1790528269634
[2026-09-27 18:57:49.634] [nrf_app] [debug] Set NF status to REGISTERED
[2026-09-27 18:57:49.634] [nrf_sbi] [debug] Json data: null
[2026-09-27 18:57:50.214] [nrf_app] [info] 
Handle heartbeat timeout (NF update), NF instance ID 4042849f-78a0-49bf-9f1a-180c59d6e83a, time 1790528255448, current ms 1790528270214
[2026-09-27 18:57:51.145] [nrf_app] [info] 
Handle heartbeat timeout (NF update), NF instance ID 17ba2836-2822-46a6-a021-901a2fb65998, time 1790528256354, current ms 1790528271145
[2026-09-27 18:57:51.202] [nrf_sbi] [info] Got a request to update an NF instance, Instance ID: dc589e56-a136-40f6-8f20-a087068e856a
[2026-09-27 18:57:51.202] [nrf_app] [info] Handle Update NF Instance request, NF type UDM (HTTP version 1)
[2026-09-27 18:57:51.202] [nrf_app] [info] NF Heart-Beat procedure!
[2026-09-27 18:57:51.202] [nrf_app] [debug] Replace member nfStatus with new value REGISTERED
[2026-09-27 18:57:51.202] [nrf_app] [info] Updated the NF profile (profile ID dc589e56-a136-40f6-8f20-a087068e856a)
[2026-09-27 18:57:51.202] [nrf_app] [debug] NF update for Heartbeat, current time 1790528271202
[2026-09-27 18:57:51.202] [nrf_app] [debug] Set NF status to REGISTERED
[2026-09-27 18:57:51.202] [nrf_sbi] [debug] Json data: null
[2026-09-27 18:57:52.885] [nrf_sbi] [info] Got a request to update an NF instance, Instance ID: a03368fc-0eff-4e3f-b71c-10e04357f8e1
[2026-09-27 18:57:52.885] [nrf_app] [info] Handle Update NF Instance request, NF type SMF (HTTP version 1)
[2026-09-27 18:57:52.885] [nrf_app] [info] NF Heart-Beat procedure!
[2026-09-27 18:57:52.885] [nrf_app] [debug] Replace member nfStatus with new value REGISTERED
[2026-09-27 18:57:52.885] [nrf_app] [info] Updated the NF profile (profile ID a03368fc-0eff-4e3f-b71c-10e04357f8e1)
[2026-09-27 18:57:52.885] [nrf_app] [debug] NF update for Heartbeat, current time 1790528272885
[2026-09-27 18:57:52.885] [nrf_app] [debug] Set NF status to REGISTERED
[2026-09-27 18:57:52.885] [nrf_sbi] [debug] Json data: null
[2026-09-27 18:57:53.160] [nrf_app] [info] 
Handle heartbeat timeout (NF update), NF instance ID dc589e56-a136-40f6-8f20-a087068e856a, time 1790528258331, current ms 1790528273160
[2026-09-27 18:57:53.394] [nrf_app] [info] 
Handle heartbeat timeout (NF update), NF instance ID 91dfee08-b1a6-4ce8-8f1c-ea9bf4341104, time 1790528258564, current ms 1790528273394
[2026-09-27 18:57:53.814] [nrf_sbi] [info] Got a request to update an NF instance, Instance ID: 4042849f-78a0-49bf-9f1a-180c59d6e83a
[2026-09-27 18:57:53.814] [nrf_app] [info] Handle Update NF Instance request, NF type AMF (HTTP version 1)
[2026-09-27 18:57:53.814] [nrf_app] [info] NF Heart-Beat procedure!
[2026-09-27 18:57:53.814] [nrf_app] [debug] Replace member nfStatus with new value REGISTERED
[2026-09-27 18:57:53.814] [nrf_app] [info] Updated the NF profile (profile ID 4042849f-78a0-49bf-9f1a-180c59d6e83a)
[2026-09-27 18:57:53.814] [nrf_app] [debug] NF update for Heartbeat, current time 1790528273814
[2026-09-27 18:57:53.814] [nrf_app] [debug] Set NF status to REGISTERED
[2026-09-27 18:57:53.814] [nrf_sbi] [debug] Json data: null
[2026-09-27 18:57:54.045] [nrf_sbi] [info] Got a request to update an NF instance, Instance ID: b64a73f9-6961-4fdb-8232-006948f24f8d
[2026-09-27 18:57:54.045] [nrf_app] [info] Handle Update NF Instance request, NF type UDR (HTTP version 1)
[2026-09-27 18:57:54.045] [nrf_app] [info] NF Heart-Beat procedure!
[2026-09-27 18:57:54.045] [nrf_app] [debug] Replace member nfStatus with new value REGISTERED
[2026-09-27 18:57:54.045] [nrf_app] [info] Updated the NF profile (profile ID b64a73f9-6961-4fdb-8232-006948f24f8d)
[2026-09-27 18:57:54.045] [nrf_app] [debug] NF update for Heartbeat, current time 1790528274045
[2026-09-27 18:57:54.045] [nrf_app] [debug] Set NF status to REGISTERED
[2026-09-27 18:57:54.045] [nrf_sbi] [debug] Json data: null
[2026-09-27 18:57:56.142] [nrf_app] [info] 
Handle heartbeat timeout (NF update), NF instance ID b64a73f9-6961-4fdb-8232-006948f24f8d, time 1790528261308, current ms 1790528276141
[2026-09-27 18:57:56.895] [nrf_sbi] [info] Got a request to update an NF instance, Instance ID: 91dfee08-b1a6-4ce8-8f1c-ea9bf4341104
[2026-09-27 18:57:56.895] [nrf_app] [info] Handle Update NF Instance request, NF type UPF (HTTP version 1)
[2026-09-27 18:57:56.895] [nrf_app] [info] NF Heart-Beat procedure!
[2026-09-27 18:57:56.895] [nrf_app] [debug] Replace member nfStatus with new value REGISTERED
[2026-09-27 18:57:56.895] [nrf_app] [info] Updated the NF profile (profile ID 91dfee08-b1a6-4ce8-8f1c-ea9bf4341104)
[2026-09-27 18:57:56.895] [nrf_app] [debug] NF update for Heartbeat, current time 1790528276895
[2026-09-27 18:57:56.895] [nrf_app] [debug] Set NF status to REGISTERED
[2026-09-27 18:57:56.895] [nrf_sbi] [debug] Json data: null
[2026-09-27 18:57:59.331] [nrf_app] [info] 
Handle heartbeat timeout (NF update), NF instance ID a03368fc-0eff-4e3f-b71c-10e04357f8e1, time 1790528264484, current ms 1790528279331
[2026-09-27 18:57:59.749] [nrf_sbi] [info] Got a request to update an NF instance, Instance ID: 17ba2836-2822-46a6-a021-901a2fb65998
[2026-09-27 18:57:59.749] [nrf_app] [info] Handle Update NF Instance request, NF type AUSF (HTTP version 1)
[2026-09-27 18:57:59.749] [nrf_app] [info] NF Heart-Beat procedure!
[2026-09-27 18:57:59.749] [nrf_app] [debug] Replace member nfStatus with new value REGISTERED
[2026-09-27 18:57:59.749] [nrf_app] [info] Updated the NF profile (profile ID 17ba2836-2822-46a6-a021-901a2fb65998)
[2026-09-27 18:57:59.749] [nrf_app] [debug] NF update for Heartbeat, current time 1790528279749
[2026-09-27 18:57:59.749] [nrf_app] [debug] Set NF status to REGISTERED
[2026-09-27 18:57:59.749] [nrf_sbi] [debug] Json data: null
[2026-09-27 18:58:00.299] [nrf_app] [info] 
Handle heartbeat timeout (NF update), NF instance ID 4042849f-78a0-49bf-9f1a-180c59d6e83a, time 1790528265448, current ms 1790528280299
[2026-09-27 18:58:01.205] [nrf_app] [info] 
Handle heartbeat timeout (NF update), NF instance ID 17ba2836-2822-46a6-a021-901a2fb65998, time 1790528266354, current ms 1790528281205
[2026-09-27 18:58:01.318] [nrf_sbi] [info] Got a request to update an NF instance, Instance ID: dc589e56-a136-40f6-8f20-a087068e856a
[2026-09-27 18:58:01.318] [nrf_app] [info] Handle Update NF Instance request, NF type UDM (HTTP version 1)
[2026-09-27 18:58:01.318] [nrf_app] [info] NF Heart-Beat procedure!
[2026-09-27 18:58:01.318] [nrf_app] [debug] Replace member nfStatus with new value REGISTERED
[2026-09-27 18:58:01.318] [nrf_app] [info] Updated the NF profile (profile ID dc589e56-a136-40f6-8f20-a087068e856a)
[2026-09-27 18:58:01.318] [nrf_app] [debug] NF update for Heartbeat, current time 1790528281318
[2026-09-27 18:58:01.318] [nrf_app] [debug] Set NF status to REGISTERED
[2026-09-27 18:58:01.318] [nrf_sbi] [debug] Json data: null
[2026-09-27 18:58:02.889] [nrf_sbi] [info] Got a request to update an NF instance, Instance ID: a03368fc-0eff-4e3f-b71c-10e04357f8e1
[2026-09-27 18:58:02.889] [nrf_app] [info] Handle Update NF Instance request, NF type SMF (HTTP version 1)
[2026-09-27 18:58:02.889] [nrf_app] [info] NF Heart-Beat procedure!
[2026-09-27 18:58:02.889] [nrf_app] [debug] Replace member nfStatus with new value REGISTERED
[2026-09-27 18:58:02.889] [nrf_app] [info] Updated the NF profile (profile ID a03368fc-0eff-4e3f-b71c-10e04357f8e1)
[2026-09-27 18:58:02.889] [nrf_app] [debug] NF update for Heartbeat, current time 1790528282889
[2026-09-27 18:58:02.889] [nrf_app] [debug] Set NF status to REGISTERED
[2026-09-27 18:58:02.889] [nrf_sbi] [debug] Json data: null
[2026-09-27 18:58:03.185] [nrf_app] [info] 
Handle heartbeat timeout (NF update), NF instance ID dc589e56-a136-40f6-8f20-a087068e856a, time 1790528268331, current ms 1790528283185
[2026-09-27 18:58:03.418] [nrf_app] [info] 
Handle heartbeat timeout (NF update), NF instance ID 91dfee08-b1a6-4ce8-8f1c-ea9bf4341104, time 1790528268564, current ms 1790528283418
[2026-09-27 18:58:03.817] [nrf_sbi] [info] Got a request to update an NF instance, Instance ID: 4042849f-78a0-49bf-9f1a-180c59d6e83a
[2026-09-27 18:58:03.817] [nrf_app] [info] Handle Update NF Instance request, NF type AMF (HTTP version 1)
[2026-09-27 18:58:03.817] [nrf_app] [info] NF Heart-Beat procedure!
[2026-09-27 18:58:03.817] [nrf_app] [debug] Replace member nfStatus with new value REGISTERED
[2026-09-27 18:58:03.817] [nrf_app] [info] Updated the NF profile (profile ID 4042849f-78a0-49bf-9f1a-180c59d6e83a)
[2026-09-27 18:58:03.817] [nrf_app] [debug] NF update for Heartbeat, current time 1790528283817
[2026-09-27 18:58:03.817] [nrf_app] [debug] Set NF status to REGISTERED
[2026-09-27 18:58:03.817] [nrf_sbi] [debug] Json data: null
[2026-09-27 18:58:04.082] [nrf_sbi] [info] Got a request to update an NF instance, Instance ID: b64a73f9-6961-4fdb-8232-006948f24f8d
[2026-09-27 18:58:04.082] [nrf_app] [info] Handle Update NF Instance request, NF type UDR (HTTP version 1)
[2026-09-27 18:58:04.082] [nrf_app] [info] NF Heart-Beat procedure!
[2026-09-27 18:58:04.082] [nrf_app] [debug] Replace member nfStatus with new value REGISTERED
[2026-09-27 18:58:04.082] [nrf_app] [info] Updated the NF profile (profile ID b64a73f9-6961-4fdb-8232-006948f24f8d)
[2026-09-27 18:58:04.082] [nrf_app] [debug] NF update for Heartbeat, current time 1790528284082
[2026-09-27 18:58:04.082] [nrf_app] [debug] Set NF status to REGISTERED
[2026-09-27 18:58:04.082] [nrf_sbi] [debug] Json data: null
[2026-09-27 18:58:06.167] [nrf_app] [info] 
Handle heartbeat timeout (NF update), NF instance ID b64a73f9-6961-4fdb-8232-006948f24f8d, time 1790528271308, current ms 1790528286167
[2026-09-27 18:58:06.898] [nrf_sbi] [info] Got a request to update an NF instance, Instance ID: 91dfee08-b1a6-4ce8-8f1c-ea9bf4341104
[2026-09-27 18:58:06.898] [nrf_app] [info] Handle Update NF Instance request, NF type UPF (HTTP version 1)
[2026-09-27 18:58:06.898] [nrf_app] [info] NF Heart-Beat procedure!
[2026-09-27 18:58:06.898] [nrf_app] [debug] Replace member nfStatus with new value REGISTERED
[2026-09-27 18:58:06.898] [nrf_app] [info] Updated the NF profile (profile ID 91dfee08-b1a6-4ce8-8f1c-ea9bf4341104)
[2026-09-27 18:58:06.898] [nrf_app] [debug] NF update for Heartbeat, current time 1790528286898
[2026-09-27 18:58:06.898] [nrf_app] [debug] Set NF status to REGISTERED
[2026-09-27 18:58:06.898] [nrf_sbi] [debug] Json data: null
[2026-09-27 18:58:09.080] [nrf_sbi] [info] Got a request to discover the set of NF instances that satisfies a number of input query parameters
[2026-09-27 18:58:09.080] [nrf_sbi] [debug] 	Target NF type:  SMF
[2026-09-27 18:58:09.080] [nrf_sbi] [debug] 	Requested NF type:  AMF
[2026-09-27 18:58:09.080] [nrf_app] [info] Handle NFDiscover to discover the set of NF Instances (HTTP version 1)
[2026-09-27 18:58:09.080] [nrf_app] [debug] target nf type SMF, requester nf type AMF, requester nf instance id 
[2026-09-27 18:58:09.080] [nrf_app] [debug] Added a search result with ID 10 to the DB
[2026-09-27 18:58:09.080] [nrf_app] [debug] Search result information
[2026-09-27 18:58:09.080] [nrf_app] [debug] 	Search ID: 10
[2026-09-27 18:58:09.080] [nrf_app] [debug] 	Validity period: 100000
[2026-09-27 18:58:09.080] [nrf_app] [debug] 	NF instances information
[2026-09-27 18:58:09.080] [nrf_app] [debug] NF instance info
[2026-09-27 18:58:09.080] [nrf_app] [debug] 	Instance ID: a03368fc-0eff-4e3f-b71c-10e04357f8e1
[2026-09-27 18:58:09.080] [nrf_app] [debug] 	Instance name: OAI-SMF
[2026-09-27 18:58:09.080] [nrf_app] [debug] 	Instance type: SMF
[2026-09-27 18:58:09.080] [nrf_app] [debug] 	Status: REGISTERED
[2026-09-27 18:58:09.080] [nrf_app] [debug] 	HeartBeat timer: 10
[2026-09-27 18:58:09.080] [nrf_app] [debug] 	Priority: 1
[2026-09-27 18:58:09.080] [nrf_app] [debug] 	Capacity: 100
[2026-09-27 18:58:09.080] [nrf_app] [debug] 	NNSSAI(SST, SD): 1, ffffff
[2026-09-27 18:58:09.080] [nrf_app] [debug] 	FQDN: 10.244.0.151
[2026-09-27 18:58:09.080] [nrf_app] [debug] 	IPv4 Addr: 10.244.0.151
[2026-09-27 18:58:09.081] [nrf_app] [debug] 	NF Service: Service Instance ID: a03368fc-0eff-4e3f-b71c-10e04357f8e1, Service name: nsmf-pdusession, Version (apiVersionInUri: v1, apiFullVersion: 1.0.0 ), Scheme: http, Service status: REGISTERED,  IpEndPoints: Ipv4 Address: 10.244.0.151, TransportProtocol: , Port: 80
[2026-09-27 18:58:09.081] [nrf_app] [debug] 	NF Service: Service Instance ID: nsmf_event-exposure, Service name: nsmf_event-exposure, Version (apiVersionInUri: v1, apiFullVersion: 1.0.0 ), Scheme: http, Service status: REGISTERED,  IpEndPoints: Ipv4 Address: 10.244.0.151, TransportProtocol: , Port: 80
[2026-09-27 18:58:09.081] [nrf_app] [debug] 	SMF Info
[2026-09-27 18:58:09.081] [nrf_app] [debug] 		SNSSAI SMF Info List, SNSSAI (SD: ffffff, SST: 1)
[2026-09-27 18:58:09.081] [nrf_app] [debug] 		SNSSAI SMF Info List, DNN List: nist-dnn
[2026-09-27 18:58:09.081] [nrf_sbi] [debug] Json data: {"nfInstances":[{"capacity":100,"fqdn":"10.244.0.151","heartBeatTimer":10,"ipv4Addresses":["10.244.0.151"],"json_data":null,"nfInstanceId":"a03368fc-0eff-4e3f-b71c-10e04357f8e1","nfInstanceName":"OAI-SMF","nfServices":[{"ipEndPoints":[{"ipv4Address":"10.244.0.151","port":80,"transport":""}],"nfServiceStatus":"REGISTERED","scheme":"http","serviceInstanceId":"a03368fc-0eff-4e3f-b71c-10e04357f8e1","serviceName":"nsmf-pdusession","versions":[{"apiFullVersion":"1.0.0","apiVersionInUri":"v1"}]},{"ipEndPoints":[{"ipv4Address":"10.244.0.151","port":80,"transport":""}],"nfServiceStatus":"REGISTERED","scheme":"http","serviceInstanceId":"nsmf_event-exposure","serviceName":"nsmf_event-exposure","versions":[{"apiFullVersion":"1.0.0","apiVersionInUri":"v1"}]}],"nfStatus":"REGISTERED","nfType":"SMF","priority":1,"sNssais":[{"sd":"ffffff","sst":1}],"smfInfo":{"sNssaiSmfInfoList":[{"dnnSmfInfoList":[{"dnn":"nist-dnn"}],"sNssai":{"sd":"ffffff","sst":1}}]}}],"searchId":"10","validityPeriod":100000}
[2026-09-27 18:58:09.520] [nrf_app] [info] 
Handle heartbeat timeout (NF update), NF instance ID a03368fc-0eff-4e3f-b71c-10e04357f8e1, time 1790528274484, current ms 1790528289520
[2026-09-27 18:58:09.996] [nrf_sbi] [info] Got a request to update an NF instance, Instance ID: 17ba2836-2822-46a6-a021-901a2fb65998
[2026-09-27 18:58:09.996] [nrf_app] [info] Handle Update NF Instance request, NF type AUSF (HTTP version 1)
[2026-09-27 18:58:09.996] [nrf_app] [info] NF Heart-Beat procedure!
[2026-09-27 18:58:09.996] [nrf_app] [debug] Replace member nfStatus with new value REGISTERED
[2026-09-27 18:58:09.996] [nrf_app] [info] Updated the NF profile (profile ID 17ba2836-2822-46a6-a021-901a2fb65998)
[2026-09-27 18:58:09.996] [nrf_app] [debug] NF update for Heartbeat, current time 1790528289996
[2026-09-27 18:58:09.996] [nrf_app] [debug] Set NF status to REGISTERED
[2026-09-27 18:58:09.997] [nrf_sbi] [debug] Json data: null
[2026-09-27 18:58:10.494] [nrf_app] [info] 
Handle heartbeat timeout (NF update), NF instance ID 4042849f-78a0-49bf-9f1a-180c59d6e83a, time 1790528275448, current ms 1790528290494
[2026-09-27 18:58:11.406] [nrf_app] [info] 
Handle heartbeat timeout (NF update), NF instance ID 17ba2836-2822-46a6-a021-901a2fb65998, time 1790528276354, current ms 1790528291406
[2026-09-27 18:58:11.544] [nrf_sbi] [info] Got a request to update an NF instance, Instance ID: dc589e56-a136-40f6-8f20-a087068e856a
[2026-09-27 18:58:11.544] [nrf_app] [info] Handle Update NF Instance request, NF type UDM (HTTP version 1)
[2026-09-27 18:58:11.544] [nrf_app] [info] NF Heart-Beat procedure!
[2026-09-27 18:58:11.544] [nrf_app] [debug] Replace member nfStatus with new value REGISTERED
[2026-09-27 18:58:11.544] [nrf_app] [info] Updated the NF profile (profile ID dc589e56-a136-40f6-8f20-a087068e856a)
[2026-09-27 18:58:11.544] [nrf_app] [debug] NF update for Heartbeat, current time 1790528291544
[2026-09-27 18:58:11.544] [nrf_app] [debug] Set NF status to REGISTERED
[2026-09-27 18:58:11.544] [nrf_sbi] [debug] Json data: null
[2026-09-27 18:58:12.892] [nrf_sbi] [info] Got a request to update an NF instance, Instance ID: a03368fc-0eff-4e3f-b71c-10e04357f8e1
[2026-09-27 18:58:12.892] [nrf_app] [info] Handle Update NF Instance request, NF type SMF (HTTP version 1)
[2026-09-27 18:58:12.892] [nrf_app] [info] NF Heart-Beat procedure!
[2026-09-27 18:58:12.892] [nrf_app] [debug] Replace member nfStatus with new value REGISTERED
[2026-09-27 18:58:12.892] [nrf_app] [info] Updated the NF profile (profile ID a03368fc-0eff-4e3f-b71c-10e04357f8e1)
[2026-09-27 18:58:12.892] [nrf_app] [debug] NF update for Heartbeat, current time 1790528292892
[2026-09-27 18:58:12.892] [nrf_app] [debug] Set NF status to REGISTERED
[2026-09-27 18:58:12.892] [nrf_sbi] [debug] Json data: null
[2026-09-27 18:58:13.427] [nrf_app] [info] 
Handle heartbeat timeout (NF update), NF instance ID dc589e56-a136-40f6-8f20-a087068e856a, time 1790528278331, current ms 1790528293427
[2026-09-27 18:58:13.667] [nrf_app] [info] 
Handle heartbeat timeout (NF update), NF instance ID 91dfee08-b1a6-4ce8-8f1c-ea9bf4341104, time 1790528278564, current ms 1790528293667
[2026-09-27 18:58:13.820] [nrf_sbi] [info] Got a request to update an NF instance, Instance ID: 4042849f-78a0-49bf-9f1a-180c59d6e83a
[2026-09-27 18:58:13.820] [nrf_app] [info] Handle Update NF Instance request, NF type AMF (HTTP version 1)
[2026-09-27 18:58:13.820] [nrf_app] [info] NF Heart-Beat procedure!
[2026-09-27 18:58:13.820] [nrf_app] [debug] Replace member nfStatus with new value REGISTERED
[2026-09-27 18:58:13.820] [nrf_app] [info] Updated the NF profile (profile ID 4042849f-78a0-49bf-9f1a-180c59d6e83a)
[2026-09-27 18:58:13.820] [nrf_app] [debug] NF update for Heartbeat, current time 1790528293820
[2026-09-27 18:58:13.820] [nrf_app] [debug] Set NF status to REGISTERED
[2026-09-27 18:58:13.820] [nrf_sbi] [debug] Json data: null
[2026-09-27 18:58:14.366] [nrf_sbi] [info] Got a request to update an NF instance, Instance ID: b64a73f9-6961-4fdb-8232-006948f24f8d
[2026-09-27 18:58:14.366] [nrf_app] [info] Handle Update NF Instance request, NF type UDR (HTTP version 1)
[2026-09-27 18:58:14.366] [nrf_app] [info] NF Heart-Beat procedure!
[2026-09-27 18:58:14.366] [nrf_app] [debug] Replace member nfStatus with new value REGISTERED
[2026-09-27 18:58:14.366] [nrf_app] [info] Updated the NF profile (profile ID b64a73f9-6961-4fdb-8232-006948f24f8d)
[2026-09-27 18:58:14.366] [nrf_app] [debug] NF update for Heartbeat, current time 1790528294366
[2026-09-27 18:58:14.366] [nrf_app] [debug] Set NF status to REGISTERED
[2026-09-27 18:58:14.366] [nrf_sbi] [debug] Json data: null
[2026-09-27 18:58:16.465] [nrf_app] [info] 
Handle heartbeat timeout (NF update), NF instance ID b64a73f9-6961-4fdb-8232-006948f24f8d, time 1790528281308, current ms 1790528296465
[2026-09-27 18:58:16.901] [nrf_sbi] [info] Got a request to update an NF instance, Instance ID: 91dfee08-b1a6-4ce8-8f1c-ea9bf4341104
[2026-09-27 18:58:16.901] [nrf_app] [info] Handle Update NF Instance request, NF type UPF (HTTP version 1)
[2026-09-27 18:58:16.901] [nrf_app] [info] NF Heart-Beat procedure!
[2026-09-27 18:58:16.901] [nrf_app] [debug] Replace member nfStatus with new value REGISTERED
[2026-09-27 18:58:16.901] [nrf_app] [info] Updated the NF profile (profile ID 91dfee08-b1a6-4ce8-8f1c-ea9bf4341104)
[2026-09-27 18:58:16.901] [nrf_app] [debug] NF update for Heartbeat, current time 1790528296901
[2026-09-27 18:58:16.901] [nrf_app] [debug] Set NF status to REGISTERED
[2026-09-27 18:58:16.901] [nrf_sbi] [debug] Json data: null
[2026-09-27 18:58:19.694] [nrf_app] [info] 
Handle heartbeat timeout (NF update), NF instance ID a03368fc-0eff-4e3f-b71c-10e04357f8e1, time 1790528284484, current ms 1790528299694
[2026-09-27 18:58:20.125] [nrf_sbi] [info] Got a request to update an NF instance, Instance ID: 17ba2836-2822-46a6-a021-901a2fb65998
[2026-09-27 18:58:20.125] [nrf_app] [info] Handle Update NF Instance request, NF type AUSF (HTTP version 1)
[2026-09-27 18:58:20.125] [nrf_app] [info] NF Heart-Beat procedure!
[2026-09-27 18:58:20.125] [nrf_app] [debug] Replace member nfStatus with new value REGISTERED
[2026-09-27 18:58:20.125] [nrf_app] [info] Updated the NF profile (profile ID 17ba2836-2822-46a6-a021-901a2fb65998)
[2026-09-27 18:58:20.125] [nrf_app] [debug] NF update for Heartbeat, current time 1790528300125
[2026-09-27 18:58:20.125] [nrf_app] [debug] Set NF status to REGISTERED
[2026-09-27 18:58:20.125] [nrf_sbi] [debug] Json data: null
[2026-09-27 18:58:20.669] [nrf_app] [info] 
Handle heartbeat timeout (NF update), NF instance ID 4042849f-78a0-49bf-9f1a-180c59d6e83a, time 1790528285448, current ms 1790528300669
[2026-09-27 18:58:21.585] [nrf_app] [info] 
Handle heartbeat timeout (NF update), NF instance ID 17ba2836-2822-46a6-a021-901a2fb65998, time 1790528286354, current ms 1790528301585
[2026-09-27 18:58:21.685] [nrf_sbi] [info] Got a request to update an NF instance, Instance ID: dc589e56-a136-40f6-8f20-a087068e856a
[2026-09-27 18:58:21.685] [nrf_app] [info] Handle Update NF Instance request, NF type UDM (HTTP version 1)
[2026-09-27 18:58:21.685] [nrf_app] [info] NF Heart-Beat procedure!
[2026-09-27 18:58:21.685] [nrf_app] [debug] Replace member nfStatus with new value REGISTERED
[2026-09-27 18:58:21.685] [nrf_app] [info] Updated the NF profile (profile ID dc589e56-a136-40f6-8f20-a087068e856a)
[2026-09-27 18:58:21.685] [nrf_app] [debug] NF update for Heartbeat, current time 1790528301685
[2026-09-27 18:58:21.685] [nrf_app] [debug] Set NF status to REGISTERED
[2026-09-27 18:58:21.685] [nrf_sbi] [debug] Json data: null
[2026-09-27 18:58:22.896] [nrf_sbi] [info] Got a request to update an NF instance, Instance ID: a03368fc-0eff-4e3f-b71c-10e04357f8e1
[2026-09-27 18:58:22.896] [nrf_app] [info] Handle Update NF Instance request, NF type SMF (HTTP version 1)
[2026-09-27 18:58:22.896] [nrf_app] [info] NF Heart-Beat procedure!
[2026-09-27 18:58:22.896] [nrf_app] [debug] Replace member nfStatus with new value REGISTERED
[2026-09-27 18:58:22.896] [nrf_app] [info] Updated the NF profile (profile ID a03368fc-0eff-4e3f-b71c-10e04357f8e1)
[2026-09-27 18:58:22.896] [nrf_app] [debug] NF update for Heartbeat, current time 1790528302896
[2026-09-27 18:58:22.896] [nrf_app] [debug] Set NF status to REGISTERED
[2026-09-27 18:58:22.896] [nrf_sbi] [debug] Json data: null
[2026-09-27 18:58:23.590] [nrf_app] [info] 
Handle heartbeat timeout (NF update), NF instance ID dc589e56-a136-40f6-8f20-a087068e856a, time 1790528288331, current ms 1790528303590
[2026-09-27 18:58:23.823] [nrf_sbi] [info] Got a request to update an NF instance, Instance ID: 4042849f-78a0-49bf-9f1a-180c59d6e83a
[2026-09-27 18:58:23.823] [nrf_app] [info] Handle Update NF Instance request, NF type AMF (HTTP version 1)
[2026-09-27 18:58:23.823] [nrf_app] [info] NF Heart-Beat procedure!
[2026-09-27 18:58:23.823] [nrf_app] [debug] Replace member nfStatus with new value REGISTERED
[2026-09-27 18:58:23.823] [nrf_app] [info] Updated the NF profile (profile ID 4042849f-78a0-49bf-9f1a-180c59d6e83a)
[2026-09-27 18:58:23.823] [nrf_app] [debug] NF update for Heartbeat, current time 1790528303823
[2026-09-27 18:58:23.823] [nrf_app] [debug] Set NF status to REGISTERED
[2026-09-27 18:58:23.823] [nrf_sbi] [debug] Json data: null
[2026-09-27 18:58:23.824] [nrf_app] [info] 
Handle heartbeat timeout (NF update), NF instance ID 91dfee08-b1a6-4ce8-8f1c-ea9bf4341104, time 1790528288564, current ms 1790528303824
[2026-09-27 18:58:24.511] [nrf_sbi] [info] Got a request to update an NF instance, Instance ID: b64a73f9-6961-4fdb-8232-006948f24f8d
[2026-09-27 18:58:24.511] [nrf_app] [info] Handle Update NF Instance request, NF type UDR (HTTP version 1)
[2026-09-27 18:58:24.511] [nrf_app] [info] NF Heart-Beat procedure!
[2026-09-27 18:58:24.511] [nrf_app] [debug] Replace member nfStatus with new value REGISTERED
[2026-09-27 18:58:24.511] [nrf_app] [info] Updated the NF profile (profile ID b64a73f9-6961-4fdb-8232-006948f24f8d)
[2026-09-27 18:58:24.511] [nrf_app] [debug] NF update for Heartbeat, current time 1790528304511
[2026-09-27 18:58:24.511] [nrf_app] [debug] Set NF status to REGISTERED
[2026-09-27 18:58:24.511] [nrf_sbi] [debug] Json data: null
[2026-09-27 18:58:26.608] [nrf_app] [info] 
Handle heartbeat timeout (NF update), NF instance ID b64a73f9-6961-4fdb-8232-006948f24f8d, time 1790528291308, current ms 1790528306608
[2026-09-27 18:58:26.906] [nrf_sbi] [info] Got a request to update an NF instance, Instance ID: 91dfee08-b1a6-4ce8-8f1c-ea9bf4341104
[2026-09-27 18:58:26.906] [nrf_app] [info] Handle Update NF Instance request, NF type UPF (HTTP version 1)
[2026-09-27 18:58:26.906] [nrf_app] [info] NF Heart-Beat procedure!
[2026-09-27 18:58:26.906] [nrf_app] [debug] Replace member nfStatus with new value REGISTERED
[2026-09-27 18:58:26.906] [nrf_app] [info] Updated the NF profile (profile ID 91dfee08-b1a6-4ce8-8f1c-ea9bf4341104)
[2026-09-27 18:58:26.906] [nrf_app] [debug] NF update for Heartbeat, current time 1790528306906
[2026-09-27 18:58:26.906] [nrf_app] [debug] Set NF status to REGISTERED
[2026-09-27 18:58:26.906] [nrf_sbi] [debug] Json data: null
