[2026-09-27 18:43:53.507] [amf_app] [debug] Received SBI_UPDATE_NF_INSTANCE_RESPONSE
[2026-09-27 18:43:53.507] [amf_app] [debug] Handle NF Update response
[2026-09-27 18:43:53.507] [amf_app] [debug] Set a timer to the next Heart-beat (10)
[2026-09-27 18:44:03.393] [amf_app] [info] 
   |------------------------------------------------------------------------------------------------------------------------------------------------------------|
   |----------------------------------------------------------------------gNBs' Information---------------------------------------------------------------------|
   |  Index |               Status               |              Global Id             |              gNB Name              |                PLMN                |
   |    1   |              Connected             |               0x0E00               |               gNB-OAI              |               001,01               |
   |------------------------------------------------------------------------------------------------------------------------------------------------------------|

   |-----------------------------------------------------------------------------------------------------------------------------------------------------------|
   |---------------------------------------------------------------------UEs' Information----------------------------------------------------------------------|
   |  Index |     5GMM State     |        IMSI        |        GUTI        |   RAN UE NGAP ID   |   AMF UE NGAP ID   |        PLMN        |       Cell Id      |
   |    1   |   5GMM-REGISTERED  |   [REDACTED]  |00101010000857538467|        0x01        |        0x01        |       001,01       |      0000e014e     |
   |-----------------------------------------------------------------------------------------------------------------------------------------------------------|

[2026-09-27 18:44:03.507] [amf_app] [debug] Send ITTI msg to SBI task to trigger NRF Heartbeat
[2026-09-27 18:44:03.507] [amf_sbi] [info] Receive Update NF Instance Request, handling ...
[2026-09-27 18:44:03.507] [amf_sbi] [debug] Send NF Update to NRF
[2026-09-27 18:44:03.507] [amf_sbi] [info] Send HTTP message to http://oai-nrf:80/nnrf-nfm/v1/nf-instances/4042849f-78a0-49bf-9f1a-180c59d6e83a
[2026-09-27 18:44:03.507] [amf_sbi] [info] HTTP message Body: [{"op":"replace","path":"/nfStatus","value":"REGISTERED"}]
[2026-09-27 18:44:03.507] [amf_sbi] [debug] Send a simple HTTP request
[2026-09-27 18:44:03.510] [amf_sbi] [info] Get response with HTTP code (204)
[2026-09-27 18:44:03.510] [amf_sbi] [info] Could not get JSON content from the response
[2026-09-27 18:44:03.510] [amf_app] [debug] Received SBI_UPDATE_NF_INSTANCE_RESPONSE
[2026-09-27 18:44:03.510] [amf_app] [debug] Handle NF Update response
[2026-09-27 18:44:03.510] [amf_app] [debug] Set a timer to the next Heart-beat (10)
[2026-09-27 18:44:13.510] [amf_app] [debug] Send ITTI msg to SBI task to trigger NRF Heartbeat
[2026-09-27 18:44:13.510] [amf_sbi] [info] Receive Update NF Instance Request, handling ...
[2026-09-27 18:44:13.510] [amf_sbi] [debug] Send NF Update to NRF
[2026-09-27 18:44:13.510] [amf_sbi] [info] Send HTTP message to http://oai-nrf:80/nnrf-nfm/v1/nf-instances/4042849f-78a0-49bf-9f1a-180c59d6e83a
[2026-09-27 18:44:13.510] [amf_sbi] [info] HTTP message Body: [{"op":"replace","path":"/nfStatus","value":"REGISTERED"}]
[2026-09-27 18:44:13.510] [amf_sbi] [debug] Send a simple HTTP request
[2026-09-27 18:44:13.514] [amf_sbi] [info] Get response with HTTP code (204)
[2026-09-27 18:44:13.514] [amf_sbi] [info] Could not get JSON content from the response
[2026-09-27 18:44:13.515] [amf_app] [debug] Received SBI_UPDATE_NF_INSTANCE_RESPONSE
[2026-09-27 18:44:13.515] [amf_app] [debug] Handle NF Update response
[2026-09-27 18:44:13.515] [amf_app] [debug] Set a timer to the next Heart-beat (10)
[2026-09-27 18:44:23.393] [amf_app] [info] 
   |------------------------------------------------------------------------------------------------------------------------------------------------------------|
   |----------------------------------------------------------------------gNBs' Information---------------------------------------------------------------------|
   |  Index |               Status               |              Global Id             |              gNB Name              |                PLMN                |
   |    1   |              Connected             |               0x0E00               |               gNB-OAI              |               001,01               |
   |------------------------------------------------------------------------------------------------------------------------------------------------------------|

   |-----------------------------------------------------------------------------------------------------------------------------------------------------------|
   |---------------------------------------------------------------------UEs' Information----------------------------------------------------------------------|
   |  Index |     5GMM State     |        IMSI        |        GUTI        |   RAN UE NGAP ID   |   AMF UE NGAP ID   |        PLMN        |       Cell Id      |
   |    1   |   5GMM-REGISTERED  |   [REDACTED]  |00101010000857538467|        0x01        |        0x01        |       001,01       |      0000e014e     |
   |-----------------------------------------------------------------------------------------------------------------------------------------------------------|

[2026-09-27 18:44:23.515] [amf_app] [debug] Send ITTI msg to SBI task to trigger NRF Heartbeat
[2026-09-27 18:44:23.515] [amf_sbi] [info] Receive Update NF Instance Request, handling ...
[2026-09-27 18:44:23.515] [amf_sbi] [debug] Send NF Update to NRF
[2026-09-27 18:44:23.515] [amf_sbi] [info] Send HTTP message to http://oai-nrf:80/nnrf-nfm/v1/nf-instances/4042849f-78a0-49bf-9f1a-180c59d6e83a
[2026-09-27 18:44:23.515] [amf_sbi] [info] HTTP message Body: [{"op":"replace","path":"/nfStatus","value":"REGISTERED"}]
[2026-09-27 18:44:23.515] [amf_sbi] [debug] Send a simple HTTP request
[2026-09-27 18:44:23.518] [amf_sbi] [info] Get response with HTTP code (204)
[2026-09-27 18:44:23.518] [amf_sbi] [info] Could not get JSON content from the response
[2026-09-27 18:44:23.518] [amf_app] [debug] Received SBI_UPDATE_NF_INSTANCE_RESPONSE
[2026-09-27 18:44:23.518] [amf_app] [debug] Handle NF Update response
[2026-09-27 18:44:23.518] [amf_app] [debug] Set a timer to the next Heart-beat (10)
[2026-09-27 18:44:33.518] [amf_app] [debug] Send ITTI msg to SBI task to trigger NRF Heartbeat
[2026-09-27 18:44:33.518] [amf_sbi] [info] Receive Update NF Instance Request, handling ...
[2026-09-27 18:44:33.518] [amf_sbi] [debug] Send NF Update to NRF
[2026-09-27 18:44:33.518] [amf_sbi] [info] Send HTTP message to http://oai-nrf:80/nnrf-nfm/v1/nf-instances/4042849f-78a0-49bf-9f1a-180c59d6e83a
[2026-09-27 18:44:33.518] [amf_sbi] [info] HTTP message Body: [{"op":"replace","path":"/nfStatus","value":"REGISTERED"}]
[2026-09-27 18:44:33.518] [amf_sbi] [debug] Send a simple HTTP request
[2026-09-27 18:44:33.520] [amf_sbi] [info] Get response with HTTP code (204)
[2026-09-27 18:44:33.521] [amf_sbi] [info] Could not get JSON content from the response
[2026-09-27 18:44:33.521] [amf_app] [debug] Received SBI_UPDATE_NF_INSTANCE_RESPONSE
[2026-09-27 18:44:33.521] [amf_app] [debug] Handle NF Update response
[2026-09-27 18:44:33.521] [amf_app] [debug] Set a timer to the next Heart-beat (10)
[2026-09-27 18:44:43.394] [amf_app] [info] 
   |------------------------------------------------------------------------------------------------------------------------------------------------------------|
   |----------------------------------------------------------------------gNBs' Information---------------------------------------------------------------------|
   |  Index |               Status               |              Global Id             |              gNB Name              |                PLMN                |
   |    1   |              Connected             |               0x0E00               |               gNB-OAI              |               001,01               |
   |------------------------------------------------------------------------------------------------------------------------------------------------------------|

   |-----------------------------------------------------------------------------------------------------------------------------------------------------------|
   |---------------------------------------------------------------------UEs' Information----------------------------------------------------------------------|
   |  Index |     5GMM State     |        IMSI        |        GUTI        |   RAN UE NGAP ID   |   AMF UE NGAP ID   |        PLMN        |       Cell Id      |
   |    1   |   5GMM-REGISTERED  |   [REDACTED]  |00101010000857538467|        0x01        |        0x01        |       001,01       |      0000e014e     |
   |-----------------------------------------------------------------------------------------------------------------------------------------------------------|

[2026-09-27 18:44:43.521] [amf_app] [debug] Send ITTI msg to SBI task to trigger NRF Heartbeat
[2026-09-27 18:44:43.521] [amf_sbi] [info] Receive Update NF Instance Request, handling ...
[2026-09-27 18:44:43.521] [amf_sbi] [debug] Send NF Update to NRF
[2026-09-27 18:44:43.521] [amf_sbi] [info] Send HTTP message to http://oai-nrf:80/nnrf-nfm/v1/nf-instances/4042849f-78a0-49bf-9f1a-180c59d6e83a
[2026-09-27 18:44:43.521] [amf_sbi] [info] HTTP message Body: [{"op":"replace","path":"/nfStatus","value":"REGISTERED"}]
[2026-09-27 18:44:43.521] [amf_sbi] [debug] Send a simple HTTP request
[2026-09-27 18:44:43.524] [amf_sbi] [info] Get response with HTTP code (204)
[2026-09-27 18:44:43.524] [amf_sbi] [info] Could not get JSON content from the response
[2026-09-27 18:44:43.524] [amf_app] [debug] Received SBI_UPDATE_NF_INSTANCE_RESPONSE
[2026-09-27 18:44:43.524] [amf_app] [debug] Handle NF Update response
[2026-09-27 18:44:43.524] [amf_app] [debug] Set a timer to the next Heart-beat (10)
[2026-09-27 18:44:53.524] [amf_app] [debug] Send ITTI msg to SBI task to trigger NRF Heartbeat
[2026-09-27 18:44:53.524] [amf_sbi] [info] Receive Update NF Instance Request, handling ...
[2026-09-27 18:44:53.524] [amf_sbi] [debug] Send NF Update to NRF
[2026-09-27 18:44:53.524] [amf_sbi] [info] Send HTTP message to http://oai-nrf:80/nnrf-nfm/v1/nf-instances/4042849f-78a0-49bf-9f1a-180c59d6e83a
[2026-09-27 18:44:53.524] [amf_sbi] [info] HTTP message Body: [{"op":"replace","path":"/nfStatus","value":"REGISTERED"}]
[2026-09-27 18:44:53.524] [amf_sbi] [debug] Send a simple HTTP request
[2026-09-27 18:44:53.528] [amf_sbi] [info] Get response with HTTP code (204)
[2026-09-27 18:44:53.528] [amf_sbi] [info] Could not get JSON content from the response
[2026-09-27 18:44:53.529] [amf_app] [debug] Received SBI_UPDATE_NF_INSTANCE_RESPONSE
[2026-09-27 18:44:53.529] [amf_app] [debug] Handle NF Update response
[2026-09-27 18:44:53.529] [amf_app] [debug] Set a timer to the next Heart-beat (10)
[2026-09-27 18:45:03.394] [amf_app] [info] 
   |------------------------------------------------------------------------------------------------------------------------------------------------------------|
   |----------------------------------------------------------------------gNBs' Information---------------------------------------------------------------------|
   |  Index |               Status               |              Global Id             |              gNB Name              |                PLMN                |
   |    1   |              Connected             |               0x0E00               |               gNB-OAI              |               001,01               |
   |------------------------------------------------------------------------------------------------------------------------------------------------------------|

   |-----------------------------------------------------------------------------------------------------------------------------------------------------------|
   |---------------------------------------------------------------------UEs' Information----------------------------------------------------------------------|
   |  Index |     5GMM State     |        IMSI        |        GUTI        |   RAN UE NGAP ID   |   AMF UE NGAP ID   |        PLMN        |       Cell Id      |
   |    1   |   5GMM-REGISTERED  |   [REDACTED]  |00101010000857538467|        0x01        |        0x01        |       001,01       |      0000e014e     |
   |-----------------------------------------------------------------------------------------------------------------------------------------------------------|

[2026-09-27 18:45:03.529] [amf_app] [debug] Send ITTI msg to SBI task to trigger NRF Heartbeat
[2026-09-27 18:45:03.529] [amf_sbi] [info] Receive Update NF Instance Request, handling ...
[2026-09-27 18:45:03.529] [amf_sbi] [debug] Send NF Update to NRF
[2026-09-27 18:45:03.529] [amf_sbi] [info] Send HTTP message to http://oai-nrf:80/nnrf-nfm/v1/nf-instances/4042849f-78a0-49bf-9f1a-180c59d6e83a
[2026-09-27 18:45:03.529] [amf_sbi] [info] HTTP message Body: [{"op":"replace","path":"/nfStatus","value":"REGISTERED"}]
[2026-09-27 18:45:03.529] [amf_sbi] [debug] Send a simple HTTP request
[2026-09-27 18:45:03.533] [amf_sbi] [info] Get response with HTTP code (204)
[2026-09-27 18:45:03.534] [amf_sbi] [info] Could not get JSON content from the response
[2026-09-27 18:45:03.534] [amf_app] [debug] Received SBI_UPDATE_NF_INSTANCE_RESPONSE
[2026-09-27 18:45:03.534] [amf_app] [debug] Handle NF Update response
[2026-09-27 18:45:03.534] [amf_app] [debug] Set a timer to the next Heart-beat (10)
[2026-09-27 18:45:13.534] [amf_app] [debug] Send ITTI msg to SBI task to trigger NRF Heartbeat
[2026-09-27 18:45:13.534] [amf_sbi] [info] Receive Update NF Instance Request, handling ...
[2026-09-27 18:45:13.534] [amf_sbi] [debug] Send NF Update to NRF
[2026-09-27 18:45:13.534] [amf_sbi] [info] Send HTTP message to http://oai-nrf:80/nnrf-nfm/v1/nf-instances/4042849f-78a0-49bf-9f1a-180c59d6e83a
[2026-09-27 18:45:13.534] [amf_sbi] [info] HTTP message Body: [{"op":"replace","path":"/nfStatus","value":"REGISTERED"}]
[2026-09-27 18:45:13.534] [amf_sbi] [debug] Send a simple HTTP request
[2026-09-27 18:45:13.538] [amf_sbi] [info] Get response with HTTP code (204)
[2026-09-27 18:45:13.538] [amf_sbi] [info] Could not get JSON content from the response
[2026-09-27 18:45:13.538] [amf_app] [debug] Received SBI_UPDATE_NF_INSTANCE_RESPONSE
[2026-09-27 18:45:13.538] [amf_app] [debug] Handle NF Update response
[2026-09-27 18:45:13.538] [amf_app] [debug] Set a timer to the next Heart-beat (10)
[2026-09-27 18:45:23.394] [amf_app] [info] 
   |------------------------------------------------------------------------------------------------------------------------------------------------------------|
   |----------------------------------------------------------------------gNBs' Information---------------------------------------------------------------------|
   |  Index |               Status               |              Global Id             |              gNB Name              |                PLMN                |
   |    1   |              Connected             |               0x0E00               |               gNB-OAI              |               001,01               |
   |------------------------------------------------------------------------------------------------------------------------------------------------------------|

   |-----------------------------------------------------------------------------------------------------------------------------------------------------------|
   |---------------------------------------------------------------------UEs' Information----------------------------------------------------------------------|
   |  Index |     5GMM State     |        IMSI        |        GUTI        |   RAN UE NGAP ID   |   AMF UE NGAP ID   |        PLMN        |       Cell Id      |
   |    1   |   5GMM-REGISTERED  |   [REDACTED]  |00101010000857538467|        0x01        |        0x01        |       001,01       |      0000e014e     |
   |-----------------------------------------------------------------------------------------------------------------------------------------------------------|

[2026-09-27 18:45:23.538] [amf_app] [debug] Send ITTI msg to SBI task to trigger NRF Heartbeat
[2026-09-27 18:45:23.538] [amf_sbi] [info] Receive Update NF Instance Request, handling ...
[2026-09-27 18:45:23.538] [amf_sbi] [debug] Send NF Update to NRF
[2026-09-27 18:45:23.539] [amf_sbi] [info] Send HTTP message to http://oai-nrf:80/nnrf-nfm/v1/nf-instances/4042849f-78a0-49bf-9f1a-180c59d6e83a
[2026-09-27 18:45:23.539] [amf_sbi] [info] HTTP message Body: [{"op":"replace","path":"/nfStatus","value":"REGISTERED"}]
[2026-09-27 18:45:23.539] [amf_sbi] [debug] Send a simple HTTP request
[2026-09-27 18:45:23.542] [amf_sbi] [info] Get response with HTTP code (204)
[2026-09-27 18:45:23.542] [amf_sbi] [info] Could not get JSON content from the response
[2026-09-27 18:45:23.542] [amf_app] [debug] Received SBI_UPDATE_NF_INSTANCE_RESPONSE
[2026-09-27 18:45:23.542] [amf_app] [debug] Handle NF Update response
[2026-09-27 18:45:23.542] [amf_app] [debug] Set a timer to the next Heart-beat (10)
[2026-09-27 18:45:33.542] [amf_app] [debug] Send ITTI msg to SBI task to trigger NRF Heartbeat
[2026-09-27 18:45:33.542] [amf_sbi] [info] Receive Update NF Instance Request, handling ...
[2026-09-27 18:45:33.542] [amf_sbi] [debug] Send NF Update to NRF
[2026-09-27 18:45:33.542] [amf_sbi] [info] Send HTTP message to http://oai-nrf:80/nnrf-nfm/v1/nf-instances/4042849f-78a0-49bf-9f1a-180c59d6e83a
[2026-09-27 18:45:33.542] [amf_sbi] [info] HTTP message Body: [{"op":"replace","path":"/nfStatus","value":"REGISTERED"}]
[2026-09-27 18:45:33.542] [amf_sbi] [debug] Send a simple HTTP request
[2026-09-27 18:45:33.545] [amf_sbi] [info] Get response with HTTP code (204)
[2026-09-27 18:45:33.545] [amf_sbi] [info] Could not get JSON content from the response
[2026-09-27 18:45:33.545] [amf_app] [debug] Received SBI_UPDATE_NF_INSTANCE_RESPONSE
[2026-09-27 18:45:33.545] [amf_app] [debug] Handle NF Update response
[2026-09-27 18:45:33.545] [amf_app] [debug] Set a timer to the next Heart-beat (10)
[2026-09-27 18:45:43.394] [amf_app] [info] 
   |------------------------------------------------------------------------------------------------------------------------------------------------------------|
   |----------------------------------------------------------------------gNBs' Information---------------------------------------------------------------------|
   |  Index |               Status               |              Global Id             |              gNB Name              |                PLMN                |
   |    1   |              Connected             |               0x0E00               |               gNB-OAI              |               001,01               |
   |------------------------------------------------------------------------------------------------------------------------------------------------------------|

   |-----------------------------------------------------------------------------------------------------------------------------------------------------------|
   |---------------------------------------------------------------------UEs' Information----------------------------------------------------------------------|
   |  Index |     5GMM State     |        IMSI        |        GUTI        |   RAN UE NGAP ID   |   AMF UE NGAP ID   |        PLMN        |       Cell Id      |
   |    1   |   5GMM-REGISTERED  |   [REDACTED]  |00101010000857538467|        0x01        |        0x01        |       001,01       |      0000e014e     |
   |-----------------------------------------------------------------------------------------------------------------------------------------------------------|

[2026-09-27 18:45:43.545] [amf_app] [debug] Send ITTI msg to SBI task to trigger NRF Heartbeat
[2026-09-27 18:45:43.545] [amf_sbi] [info] Receive Update NF Instance Request, handling ...
[2026-09-27 18:45:43.545] [amf_sbi] [debug] Send NF Update to NRF
[2026-09-27 18:45:43.545] [amf_sbi] [info] Send HTTP message to http://oai-nrf:80/nnrf-nfm/v1/nf-instances/4042849f-78a0-49bf-9f1a-180c59d6e83a
[2026-09-27 18:45:43.545] [amf_sbi] [info] HTTP message Body: [{"op":"replace","path":"/nfStatus","value":"REGISTERED"}]
[2026-09-27 18:45:43.545] [amf_sbi] [debug] Send a simple HTTP request
[2026-09-27 18:45:43.550] [amf_sbi] [info] Get response with HTTP code (204)
[2026-09-27 18:45:43.550] [amf_sbi] [info] Could not get JSON content from the response
[2026-09-27 18:45:43.550] [amf_app] [debug] Received SBI_UPDATE_NF_INSTANCE_RESPONSE
[2026-09-27 18:45:43.550] [amf_app] [debug] Handle NF Update response
[2026-09-27 18:45:43.550] [amf_app] [debug] Set a timer to the next Heart-beat (10)
[2026-09-27 18:45:53.550] [amf_app] [debug] Send ITTI msg to SBI task to trigger NRF Heartbeat
[2026-09-27 18:45:53.550] [amf_sbi] [info] Receive Update NF Instance Request, handling ...
[2026-09-27 18:45:53.550] [amf_sbi] [debug] Send NF Update to NRF
[2026-09-27 18:45:53.550] [amf_sbi] [info] Send HTTP message to http://oai-nrf:80/nnrf-nfm/v1/nf-instances/4042849f-78a0-49bf-9f1a-180c59d6e83a
[2026-09-27 18:45:53.550] [amf_sbi] [info] HTTP message Body: [{"op":"replace","path":"/nfStatus","value":"REGISTERED"}]
[2026-09-27 18:45:53.550] [amf_sbi] [debug] Send a simple HTTP request
[2026-09-27 18:45:53.553] [amf_sbi] [info] Get response with HTTP code (204)
[2026-09-27 18:45:53.553] [amf_sbi] [info] Could not get JSON content from the response
[2026-09-27 18:45:53.553] [amf_app] [debug] Received SBI_UPDATE_NF_INSTANCE_RESPONSE
[2026-09-27 18:45:53.553] [amf_app] [debug] Handle NF Update response
[2026-09-27 18:45:53.553] [amf_app] [debug] Set a timer to the next Heart-beat (10)
[2026-09-27 18:46:03.394] [amf_app] [info] 
   |------------------------------------------------------------------------------------------------------------------------------------------------------------|
   |----------------------------------------------------------------------gNBs' Information---------------------------------------------------------------------|
   |  Index |               Status               |              Global Id             |              gNB Name              |                PLMN                |
   |    1   |              Connected             |               0x0E00               |               gNB-OAI              |               001,01               |
   |------------------------------------------------------------------------------------------------------------------------------------------------------------|

   |-----------------------------------------------------------------------------------------------------------------------------------------------------------|
   |---------------------------------------------------------------------UEs' Information----------------------------------------------------------------------|
   |  Index |     5GMM State     |        IMSI        |        GUTI        |   RAN UE NGAP ID   |   AMF UE NGAP ID   |        PLMN        |       Cell Id      |
   |    1   |   5GMM-REGISTERED  |   [REDACTED]  |00101010000857538467|        0x01        |        0x01        |       001,01       |      0000e014e     |
   |-----------------------------------------------------------------------------------------------------------------------------------------------------------|

[2026-09-27 18:46:03.554] [amf_app] [debug] Send ITTI msg to SBI task to trigger NRF Heartbeat
[2026-09-27 18:46:03.554] [amf_sbi] [info] Receive Update NF Instance Request, handling ...
[2026-09-27 18:46:03.554] [amf_sbi] [debug] Send NF Update to NRF
[2026-09-27 18:46:03.554] [amf_sbi] [info] Send HTTP message to http://oai-nrf:80/nnrf-nfm/v1/nf-instances/4042849f-78a0-49bf-9f1a-180c59d6e83a
[2026-09-27 18:46:03.554] [amf_sbi] [info] HTTP message Body: [{"op":"replace","path":"/nfStatus","value":"REGISTERED"}]
[2026-09-27 18:46:03.554] [amf_sbi] [debug] Send a simple HTTP request
[2026-09-27 18:46:03.556] [amf_sbi] [info] Get response with HTTP code (204)
[2026-09-27 18:46:03.557] [amf_sbi] [info] Could not get JSON content from the response
[2026-09-27 18:46:03.557] [amf_app] [debug] Received SBI_UPDATE_NF_INSTANCE_RESPONSE
[2026-09-27 18:46:03.557] [amf_app] [debug] Handle NF Update response
[2026-09-27 18:46:03.557] [amf_app] [debug] Set a timer to the next Heart-beat (10)
[2026-09-27 18:46:13.557] [amf_app] [debug] Send ITTI msg to SBI task to trigger NRF Heartbeat
[2026-09-27 18:46:13.557] [amf_sbi] [info] Receive Update NF Instance Request, handling ...
[2026-09-27 18:46:13.557] [amf_sbi] [debug] Send NF Update to NRF
[2026-09-27 18:46:13.557] [amf_sbi] [info] Send HTTP message to http://oai-nrf:80/nnrf-nfm/v1/nf-instances/4042849f-78a0-49bf-9f1a-180c59d6e83a
[2026-09-27 18:46:13.557] [amf_sbi] [info] HTTP message Body: [{"op":"replace","path":"/nfStatus","value":"REGISTERED"}]
[2026-09-27 18:46:13.557] [amf_sbi] [debug] Send a simple HTTP request
[2026-09-27 18:46:13.560] [amf_sbi] [info] Get response with HTTP code (204)
[2026-09-27 18:46:13.560] [amf_sbi] [info] Could not get JSON content from the response
[2026-09-27 18:46:13.560] [amf_app] [debug] Received SBI_UPDATE_NF_INSTANCE_RESPONSE
[2026-09-27 18:46:13.560] [amf_app] [debug] Handle NF Update response
[2026-09-27 18:46:13.560] [amf_app] [debug] Set a timer to the next Heart-beat (10)
[2026-09-27 18:46:23.394] [amf_app] [info] 
   |------------------------------------------------------------------------------------------------------------------------------------------------------------|
   |----------------------------------------------------------------------gNBs' Information---------------------------------------------------------------------|
   |  Index |               Status               |              Global Id             |              gNB Name              |                PLMN                |
   |    1   |              Connected             |               0x0E00               |               gNB-OAI              |               001,01               |
   |------------------------------------------------------------------------------------------------------------------------------------------------------------|

   |-----------------------------------------------------------------------------------------------------------------------------------------------------------|
   |---------------------------------------------------------------------UEs' Information----------------------------------------------------------------------|
   |  Index |     5GMM State     |        IMSI        |        GUTI        |   RAN UE NGAP ID   |   AMF UE NGAP ID   |        PLMN        |       Cell Id      |
   |    1   |   5GMM-REGISTERED  |   [REDACTED]  |00101010000857538467|        0x01        |        0x01        |       001,01       |      0000e014e     |
   |-----------------------------------------------------------------------------------------------------------------------------------------------------------|

[2026-09-27 18:46:23.560] [amf_app] [debug] Send ITTI msg to SBI task to trigger NRF Heartbeat
[2026-09-27 18:46:23.561] [amf_sbi] [info] Receive Update NF Instance Request, handling ...
[2026-09-27 18:46:23.561] [amf_sbi] [debug] Send NF Update to NRF
[2026-09-27 18:46:23.561] [amf_sbi] [info] Send HTTP message to http://oai-nrf:80/nnrf-nfm/v1/nf-instances/4042849f-78a0-49bf-9f1a-180c59d6e83a
[2026-09-27 18:46:23.561] [amf_sbi] [info] HTTP message Body: [{"op":"replace","path":"/nfStatus","value":"REGISTERED"}]
[2026-09-27 18:46:23.561] [amf_sbi] [debug] Send a simple HTTP request
[2026-09-27 18:46:23.565] [amf_sbi] [info] Get response with HTTP code (204)
[2026-09-27 18:46:23.565] [amf_sbi] [info] Could not get JSON content from the response
[2026-09-27 18:46:23.565] [amf_app] [debug] Received SBI_UPDATE_NF_INSTANCE_RESPONSE
[2026-09-27 18:46:23.565] [amf_app] [debug] Handle NF Update response
[2026-09-27 18:46:23.565] [amf_app] [debug] Set a timer to the next Heart-beat (10)
[2026-09-27 18:46:33.565] [amf_app] [debug] Send ITTI msg to SBI task to trigger NRF Heartbeat
[2026-09-27 18:46:33.565] [amf_sbi] [info] Receive Update NF Instance Request, handling ...
[2026-09-27 18:46:33.565] [amf_sbi] [debug] Send NF Update to NRF
[2026-09-27 18:46:33.565] [amf_sbi] [info] Send HTTP message to http://oai-nrf:80/nnrf-nfm/v1/nf-instances/4042849f-78a0-49bf-9f1a-180c59d6e83a
[2026-09-27 18:46:33.565] [amf_sbi] [info] HTTP message Body: [{"op":"replace","path":"/nfStatus","value":"REGISTERED"}]
[2026-09-27 18:46:33.565] [amf_sbi] [debug] Send a simple HTTP request
[2026-09-27 18:46:33.568] [amf_sbi] [info] Get response with HTTP code (204)
[2026-09-27 18:46:33.568] [amf_sbi] [info] Could not get JSON content from the response
[2026-09-27 18:46:33.568] [amf_app] [debug] Received SBI_UPDATE_NF_INSTANCE_RESPONSE
[2026-09-27 18:46:33.568] [amf_app] [debug] Handle NF Update response
[2026-09-27 18:46:33.568] [amf_app] [debug] Set a timer to the next Heart-beat (10)
[2026-09-27 18:46:43.394] [amf_app] [info] 
   |------------------------------------------------------------------------------------------------------------------------------------------------------------|
   |----------------------------------------------------------------------gNBs' Information---------------------------------------------------------------------|
   |  Index |               Status               |              Global Id             |              gNB Name              |                PLMN                |
   |    1   |              Connected             |               0x0E00               |               gNB-OAI              |               001,01               |
   |------------------------------------------------------------------------------------------------------------------------------------------------------------|

   |-----------------------------------------------------------------------------------------------------------------------------------------------------------|
   |---------------------------------------------------------------------UEs' Information----------------------------------------------------------------------|
   |  Index |     5GMM State     |        IMSI        |        GUTI        |   RAN UE NGAP ID   |   AMF UE NGAP ID   |        PLMN        |       Cell Id      |
   |    1   |   5GMM-REGISTERED  |   [REDACTED]  |00101010000857538467|        0x01        |        0x01        |       001,01       |      0000e014e     |
   |-----------------------------------------------------------------------------------------------------------------------------------------------------------|

[2026-09-27 18:46:43.568] [amf_app] [debug] Send ITTI msg to SBI task to trigger NRF Heartbeat
[2026-09-27 18:46:43.568] [amf_sbi] [info] Receive Update NF Instance Request, handling ...
[2026-09-27 18:46:43.568] [amf_sbi] [debug] Send NF Update to NRF
[2026-09-27 18:46:43.568] [amf_sbi] [info] Send HTTP message to http://oai-nrf:80/nnrf-nfm/v1/nf-instances/4042849f-78a0-49bf-9f1a-180c59d6e83a
[2026-09-27 18:46:43.568] [amf_sbi] [info] HTTP message Body: [{"op":"replace","path":"/nfStatus","value":"REGISTERED"}]
[2026-09-27 18:46:43.568] [amf_sbi] [debug] Send a simple HTTP request
[2026-09-27 18:46:43.574] [amf_sbi] [info] Get response with HTTP code (204)
[2026-09-27 18:46:43.574] [amf_sbi] [info] Could not get JSON content from the response
[2026-09-27 18:46:43.574] [amf_app] [debug] Received SBI_UPDATE_NF_INSTANCE_RESPONSE
[2026-09-27 18:46:43.574] [amf_app] [debug] Handle NF Update response
[2026-09-27 18:46:43.574] [amf_app] [debug] Set a timer to the next Heart-beat (10)
[2026-09-27 18:46:53.574] [amf_app] [debug] Send ITTI msg to SBI task to trigger NRF Heartbeat
[2026-09-27 18:46:53.575] [amf_sbi] [info] Receive Update NF Instance Request, handling ...
[2026-09-27 18:46:53.575] [amf_sbi] [debug] Send NF Update to NRF
[2026-09-27 18:46:53.575] [amf_sbi] [info] Send HTTP message to http://oai-nrf:80/nnrf-nfm/v1/nf-instances/4042849f-78a0-49bf-9f1a-180c59d6e83a
[2026-09-27 18:46:53.575] [amf_sbi] [info] HTTP message Body: [{"op":"replace","path":"/nfStatus","value":"REGISTERED"}]
[2026-09-27 18:46:53.575] [amf_sbi] [debug] Send a simple HTTP request
[2026-09-27 18:46:53.578] [amf_sbi] [info] Get response with HTTP code (204)
[2026-09-27 18:46:53.578] [amf_sbi] [info] Could not get JSON content from the response
[2026-09-27 18:46:53.578] [amf_app] [debug] Received SBI_UPDATE_NF_INSTANCE_RESPONSE
[2026-09-27 18:46:53.578] [amf_app] [debug] Handle NF Update response
[2026-09-27 18:46:53.578] [amf_app] [debug] Set a timer to the next Heart-beat (10)
[2026-09-27 18:47:03.395] [amf_app] [info] 
   |------------------------------------------------------------------------------------------------------------------------------------------------------------|
   |----------------------------------------------------------------------gNBs' Information---------------------------------------------------------------------|
   |  Index |               Status               |              Global Id             |              gNB Name              |                PLMN                |
   |    1   |              Connected             |               0x0E00               |               gNB-OAI              |               001,01               |
   |------------------------------------------------------------------------------------------------------------------------------------------------------------|

   |-----------------------------------------------------------------------------------------------------------------------------------------------------------|
   |---------------------------------------------------------------------UEs' Information----------------------------------------------------------------------|
   |  Index |     5GMM State     |        IMSI        |        GUTI        |   RAN UE NGAP ID   |   AMF UE NGAP ID   |        PLMN        |       Cell Id      |
   |    1   |   5GMM-REGISTERED  |   [REDACTED]  |00101010000857538467|        0x01        |        0x01        |       001,01       |      0000e014e     |
   |-----------------------------------------------------------------------------------------------------------------------------------------------------------|

[2026-09-27 18:47:03.578] [amf_app] [debug] Send ITTI msg to SBI task to trigger NRF Heartbeat
[2026-09-27 18:47:03.578] [amf_sbi] [info] Receive Update NF Instance Request, handling ...
[2026-09-27 18:47:03.578] [amf_sbi] [debug] Send NF Update to NRF
[2026-09-27 18:47:03.578] [amf_sbi] [info] Send HTTP message to http://oai-nrf:80/nnrf-nfm/v1/nf-instances/4042849f-78a0-49bf-9f1a-180c59d6e83a
[2026-09-27 18:47:03.578] [amf_sbi] [info] HTTP message Body: [{"op":"replace","path":"/nfStatus","value":"REGISTERED"}]
[2026-09-27 18:47:03.578] [amf_sbi] [debug] Send a simple HTTP request
[2026-09-27 18:47:03.581] [amf_sbi] [info] Get response with HTTP code (204)
[2026-09-27 18:47:03.581] [amf_sbi] [info] Could not get JSON content from the response
[2026-09-27 18:47:03.581] [amf_app] [debug] Received SBI_UPDATE_NF_INSTANCE_RESPONSE
[2026-09-27 18:47:03.581] [amf_app] [debug] Handle NF Update response
[2026-09-27 18:47:03.581] [amf_app] [debug] Set a timer to the next Heart-beat (10)
[2026-09-27 18:47:13.581] [amf_app] [debug] Send ITTI msg to SBI task to trigger NRF Heartbeat
[2026-09-27 18:47:13.582] [amf_sbi] [info] Receive Update NF Instance Request, handling ...
[2026-09-27 18:47:13.582] [amf_sbi] [debug] Send NF Update to NRF
[2026-09-27 18:47:13.582] [amf_sbi] [info] Send HTTP message to http://oai-nrf:80/nnrf-nfm/v1/nf-instances/4042849f-78a0-49bf-9f1a-180c59d6e83a
[2026-09-27 18:47:13.582] [amf_sbi] [info] HTTP message Body: [{"op":"replace","path":"/nfStatus","value":"REGISTERED"}]
[2026-09-27 18:47:13.582] [amf_sbi] [debug] Send a simple HTTP request
[2026-09-27 18:47:13.584] [amf_sbi] [info] Get response with HTTP code (204)
[2026-09-27 18:47:13.585] [amf_sbi] [info] Could not get JSON content from the response
[2026-09-27 18:47:13.585] [amf_app] [debug] Received SBI_UPDATE_NF_INSTANCE_RESPONSE
[2026-09-27 18:47:13.585] [amf_app] [debug] Handle NF Update response
[2026-09-27 18:47:13.585] [amf_app] [debug] Set a timer to the next Heart-beat (10)
[2026-09-27 18:47:23.395] [amf_app] [info] 
   |------------------------------------------------------------------------------------------------------------------------------------------------------------|
   |----------------------------------------------------------------------gNBs' Information---------------------------------------------------------------------|
   |  Index |               Status               |              Global Id             |              gNB Name              |                PLMN                |
   |    1   |              Connected             |               0x0E00               |               gNB-OAI              |               001,01               |
   |------------------------------------------------------------------------------------------------------------------------------------------------------------|

   |-----------------------------------------------------------------------------------------------------------------------------------------------------------|
   |---------------------------------------------------------------------UEs' Information----------------------------------------------------------------------|
   |  Index |     5GMM State     |        IMSI        |        GUTI        |   RAN UE NGAP ID   |   AMF UE NGAP ID   |        PLMN        |       Cell Id      |
   |    1   |   5GMM-REGISTERED  |   [REDACTED]  |00101010000857538467|        0x01        |        0x01        |       001,01       |      0000e014e     |
   |-----------------------------------------------------------------------------------------------------------------------------------------------------------|

[2026-09-27 18:47:23.585] [amf_app] [debug] Send ITTI msg to SBI task to trigger NRF Heartbeat
[2026-09-27 18:47:23.585] [amf_sbi] [info] Receive Update NF Instance Request, handling ...
[2026-09-27 18:47:23.585] [amf_sbi] [debug] Send NF Update to NRF
[2026-09-27 18:47:23.585] [amf_sbi] [info] Send HTTP message to http://oai-nrf:80/nnrf-nfm/v1/nf-instances/4042849f-78a0-49bf-9f1a-180c59d6e83a
[2026-09-27 18:47:23.585] [amf_sbi] [info] HTTP message Body: [{"op":"replace","path":"/nfStatus","value":"REGISTERED"}]
[2026-09-27 18:47:23.585] [amf_sbi] [debug] Send a simple HTTP request
[2026-09-27 18:47:23.588] [amf_sbi] [info] Get response with HTTP code (204)
[2026-09-27 18:47:23.588] [amf_sbi] [info] Could not get JSON content from the response
[2026-09-27 18:47:23.588] [amf_app] [debug] Received SBI_UPDATE_NF_INSTANCE_RESPONSE
[2026-09-27 18:47:23.588] [amf_app] [debug] Handle NF Update response
[2026-09-27 18:47:23.588] [amf_app] [debug] Set a timer to the next Heart-beat (10)
[2026-09-27 18:47:33.588] [amf_app] [debug] Send ITTI msg to SBI task to trigger NRF Heartbeat
[2026-09-27 18:47:33.588] [amf_sbi] [info] Receive Update NF Instance Request, handling ...
[2026-09-27 18:47:33.588] [amf_sbi] [debug] Send NF Update to NRF
[2026-09-27 18:47:33.588] [amf_sbi] [info] Send HTTP message to http://oai-nrf:80/nnrf-nfm/v1/nf-instances/4042849f-78a0-49bf-9f1a-180c59d6e83a
[2026-09-27 18:47:33.588] [amf_sbi] [info] HTTP message Body: [{"op":"replace","path":"/nfStatus","value":"REGISTERED"}]
[2026-09-27 18:47:33.588] [amf_sbi] [debug] Send a simple HTTP request
[2026-09-27 18:47:33.592] [amf_sbi] [info] Get response with HTTP code (204)
[2026-09-27 18:47:33.592] [amf_sbi] [info] Could not get JSON content from the response
[2026-09-27 18:47:33.592] [amf_app] [debug] Received SBI_UPDATE_NF_INSTANCE_RESPONSE
[2026-09-27 18:47:33.592] [amf_app] [debug] Handle NF Update response
[2026-09-27 18:47:33.592] [amf_app] [debug] Set a timer to the next Heart-beat (10)
[2026-09-27 18:47:43.395] [amf_app] [info] 
   |------------------------------------------------------------------------------------------------------------------------------------------------------------|
   |----------------------------------------------------------------------gNBs' Information---------------------------------------------------------------------|
   |  Index |               Status               |              Global Id             |              gNB Name              |                PLMN                |
   |    1   |              Connected             |               0x0E00               |               gNB-OAI              |               001,01               |
   |------------------------------------------------------------------------------------------------------------------------------------------------------------|

   |-----------------------------------------------------------------------------------------------------------------------------------------------------------|
   |---------------------------------------------------------------------UEs' Information----------------------------------------------------------------------|
   |  Index |     5GMM State     |        IMSI        |        GUTI        |   RAN UE NGAP ID   |   AMF UE NGAP ID   |        PLMN        |       Cell Id      |
   |    1   |   5GMM-REGISTERED  |   [REDACTED]  |00101010000857538467|        0x01        |        0x01        |       001,01       |      0000e014e     |
   |-----------------------------------------------------------------------------------------------------------------------------------------------------------|

[2026-09-27 18:47:43.592] [amf_app] [debug] Send ITTI msg to SBI task to trigger NRF Heartbeat
[2026-09-27 18:47:43.592] [amf_sbi] [info] Receive Update NF Instance Request, handling ...
[2026-09-27 18:47:43.592] [amf_sbi] [debug] Send NF Update to NRF
[2026-09-27 18:47:43.592] [amf_sbi] [info] Send HTTP message to http://oai-nrf:80/nnrf-nfm/v1/nf-instances/4042849f-78a0-49bf-9f1a-180c59d6e83a
[2026-09-27 18:47:43.592] [amf_sbi] [info] HTTP message Body: [{"op":"replace","path":"/nfStatus","value":"REGISTERED"}]
[2026-09-27 18:47:43.592] [amf_sbi] [debug] Send a simple HTTP request
[2026-09-27 18:47:43.595] [amf_sbi] [info] Get response with HTTP code (204)
[2026-09-27 18:47:43.595] [amf_sbi] [info] Could not get JSON content from the response
[2026-09-27 18:47:43.596] [amf_app] [debug] Received SBI_UPDATE_NF_INSTANCE_RESPONSE
[2026-09-27 18:47:43.596] [amf_app] [debug] Handle NF Update response
[2026-09-27 18:47:43.596] [amf_app] [debug] Set a timer to the next Heart-beat (10)
[2026-09-27 18:47:53.596] [amf_app] [debug] Send ITTI msg to SBI task to trigger NRF Heartbeat
[2026-09-27 18:47:53.596] [amf_sbi] [info] Receive Update NF Instance Request, handling ...
[2026-09-27 18:47:53.596] [amf_sbi] [debug] Send NF Update to NRF
[2026-09-27 18:47:53.596] [amf_sbi] [info] Send HTTP message to http://oai-nrf:80/nnrf-nfm/v1/nf-instances/4042849f-78a0-49bf-9f1a-180c59d6e83a
[2026-09-27 18:47:53.596] [amf_sbi] [info] HTTP message Body: [{"op":"replace","path":"/nfStatus","value":"REGISTERED"}]
[2026-09-27 18:47:53.596] [amf_sbi] [debug] Send a simple HTTP request
[2026-09-27 18:47:53.599] [amf_sbi] [info] Get response with HTTP code (204)
[2026-09-27 18:47:53.599] [amf_sbi] [info] Could not get JSON content from the response
[2026-09-27 18:47:53.599] [amf_app] [debug] Received SBI_UPDATE_NF_INSTANCE_RESPONSE
[2026-09-27 18:47:53.599] [amf_app] [debug] Handle NF Update response
[2026-09-27 18:47:53.599] [amf_app] [debug] Set a timer to the next Heart-beat (10)
[2026-09-27 18:48:03.395] [amf_app] [info] 
   |------------------------------------------------------------------------------------------------------------------------------------------------------------|
   |----------------------------------------------------------------------gNBs' Information---------------------------------------------------------------------|
   |  Index |               Status               |              Global Id             |              gNB Name              |                PLMN                |
   |    1   |              Connected             |               0x0E00               |               gNB-OAI              |               001,01               |
   |------------------------------------------------------------------------------------------------------------------------------------------------------------|

   |-----------------------------------------------------------------------------------------------------------------------------------------------------------|
   |---------------------------------------------------------------------UEs' Information----------------------------------------------------------------------|
   |  Index |     5GMM State     |        IMSI        |        GUTI        |   RAN UE NGAP ID   |   AMF UE NGAP ID   |        PLMN        |       Cell Id      |
   |    1   |   5GMM-REGISTERED  |   [REDACTED]  |00101010000857538467|        0x01        |        0x01        |       001,01       |      0000e014e     |
   |-----------------------------------------------------------------------------------------------------------------------------------------------------------|

[2026-09-27 18:48:03.600] [amf_app] [debug] Send ITTI msg to SBI task to trigger NRF Heartbeat
[2026-09-27 18:48:03.600] [amf_sbi] [info] Receive Update NF Instance Request, handling ...
[2026-09-27 18:48:03.600] [amf_sbi] [debug] Send NF Update to NRF
[2026-09-27 18:48:03.600] [amf_sbi] [info] Send HTTP message to http://oai-nrf:80/nnrf-nfm/v1/nf-instances/4042849f-78a0-49bf-9f1a-180c59d6e83a
[2026-09-27 18:48:03.600] [amf_sbi] [info] HTTP message Body: [{"op":"replace","path":"/nfStatus","value":"REGISTERED"}]
[2026-09-27 18:48:03.600] [amf_sbi] [debug] Send a simple HTTP request
[2026-09-27 18:48:03.603] [amf_sbi] [info] Get response with HTTP code (204)
[2026-09-27 18:48:03.603] [amf_sbi] [info] Could not get JSON content from the response
[2026-09-27 18:48:03.603] [amf_app] [debug] Received SBI_UPDATE_NF_INSTANCE_RESPONSE
[2026-09-27 18:48:03.603] [amf_app] [debug] Handle NF Update response
[2026-09-27 18:48:03.603] [amf_app] [debug] Set a timer to the next Heart-beat (10)
[2026-09-27 18:48:13.603] [amf_app] [debug] Send ITTI msg to SBI task to trigger NRF Heartbeat
[2026-09-27 18:48:13.603] [amf_sbi] [info] Receive Update NF Instance Request, handling ...
[2026-09-27 18:48:13.603] [amf_sbi] [debug] Send NF Update to NRF
[2026-09-27 18:48:13.603] [amf_sbi] [info] Send HTTP message to http://oai-nrf:80/nnrf-nfm/v1/nf-instances/4042849f-78a0-49bf-9f1a-180c59d6e83a
[2026-09-27 18:48:13.603] [amf_sbi] [info] HTTP message Body: [{"op":"replace","path":"/nfStatus","value":"REGISTERED"}]
[2026-09-27 18:48:13.603] [amf_sbi] [debug] Send a simple HTTP request
[2026-09-27 18:48:13.605] [amf_sbi] [info] Get response with HTTP code (204)
[2026-09-27 18:48:13.605] [amf_sbi] [info] Could not get JSON content from the response
[2026-09-27 18:48:13.605] [amf_app] [debug] Received SBI_UPDATE_NF_INSTANCE_RESPONSE
[2026-09-27 18:48:13.605] [amf_app] [debug] Handle NF Update response
[2026-09-27 18:48:13.606] [amf_app] [debug] Set a timer to the next Heart-beat (10)
[2026-09-27 18:48:23.395] [amf_app] [info] 
   |------------------------------------------------------------------------------------------------------------------------------------------------------------|
   |----------------------------------------------------------------------gNBs' Information---------------------------------------------------------------------|
   |  Index |               Status               |              Global Id             |              gNB Name              |                PLMN                |
   |    1   |              Connected             |               0x0E00               |               gNB-OAI              |               001,01               |
   |------------------------------------------------------------------------------------------------------------------------------------------------------------|

   |-----------------------------------------------------------------------------------------------------------------------------------------------------------|
   |---------------------------------------------------------------------UEs' Information----------------------------------------------------------------------|
   |  Index |     5GMM State     |        IMSI        |        GUTI        |   RAN UE NGAP ID   |   AMF UE NGAP ID   |        PLMN        |       Cell Id      |
   |    1   |   5GMM-REGISTERED  |   [REDACTED]  |00101010000857538467|        0x01        |        0x01        |       001,01       |      0000e014e     |
   |-----------------------------------------------------------------------------------------------------------------------------------------------------------|

[2026-09-27 18:48:23.606] [amf_app] [debug] Send ITTI msg to SBI task to trigger NRF Heartbeat
[2026-09-27 18:48:23.606] [amf_sbi] [info] Receive Update NF Instance Request, handling ...
[2026-09-27 18:48:23.606] [amf_sbi] [debug] Send NF Update to NRF
[2026-09-27 18:48:23.606] [amf_sbi] [info] Send HTTP message to http://oai-nrf:80/nnrf-nfm/v1/nf-instances/4042849f-78a0-49bf-9f1a-180c59d6e83a
[2026-09-27 18:48:23.606] [amf_sbi] [info] HTTP message Body: [{"op":"replace","path":"/nfStatus","value":"REGISTERED"}]
[2026-09-27 18:48:23.606] [amf_sbi] [debug] Send a simple HTTP request
[2026-09-27 18:48:23.609] [amf_sbi] [info] Get response with HTTP code (204)
[2026-09-27 18:48:23.609] [amf_sbi] [info] Could not get JSON content from the response
[2026-09-27 18:48:23.609] [amf_app] [debug] Received SBI_UPDATE_NF_INSTANCE_RESPONSE
[2026-09-27 18:48:23.609] [amf_app] [debug] Handle NF Update response
[2026-09-27 18:48:23.609] [amf_app] [debug] Set a timer to the next Heart-beat (10)
[2026-09-27 18:48:33.610] [amf_app] [debug] Send ITTI msg to SBI task to trigger NRF Heartbeat
[2026-09-27 18:48:33.610] [amf_sbi] [info] Receive Update NF Instance Request, handling ...
[2026-09-27 18:48:33.610] [amf_sbi] [debug] Send NF Update to NRF
[2026-09-27 18:48:33.610] [amf_sbi] [info] Send HTTP message to http://oai-nrf:80/nnrf-nfm/v1/nf-instances/4042849f-78a0-49bf-9f1a-180c59d6e83a
[2026-09-27 18:48:33.610] [amf_sbi] [info] HTTP message Body: [{"op":"replace","path":"/nfStatus","value":"REGISTERED"}]
[2026-09-27 18:48:33.610] [amf_sbi] [debug] Send a simple HTTP request
[2026-09-27 18:48:33.612] [amf_sbi] [info] Get response with HTTP code (204)
[2026-09-27 18:48:33.612] [amf_sbi] [info] Could not get JSON content from the response
[2026-09-27 18:48:33.612] [amf_app] [debug] Received SBI_UPDATE_NF_INSTANCE_RESPONSE
[2026-09-27 18:48:33.612] [amf_app] [debug] Handle NF Update response
[2026-09-27 18:48:33.612] [amf_app] [debug] Set a timer to the next Heart-beat (10)
[2026-09-27 18:48:43.396] [amf_app] [info] 
   |------------------------------------------------------------------------------------------------------------------------------------------------------------|
   |----------------------------------------------------------------------gNBs' Information---------------------------------------------------------------------|
   |  Index |               Status               |              Global Id             |              gNB Name              |                PLMN                |
   |    1   |              Connected             |               0x0E00               |               gNB-OAI              |               001,01               |
   |------------------------------------------------------------------------------------------------------------------------------------------------------------|

   |-----------------------------------------------------------------------------------------------------------------------------------------------------------|
   |---------------------------------------------------------------------UEs' Information----------------------------------------------------------------------|
   |  Index |     5GMM State     |        IMSI        |        GUTI        |   RAN UE NGAP ID   |   AMF UE NGAP ID   |        PLMN        |       Cell Id      |
   |    1   |   5GMM-REGISTERED  |   [REDACTED]  |00101010000857538467|        0x01        |        0x01        |       001,01       |      0000e014e     |
   |-----------------------------------------------------------------------------------------------------------------------------------------------------------|

[2026-09-27 18:48:43.613] [amf_app] [debug] Send ITTI msg to SBI task to trigger NRF Heartbeat
[2026-09-27 18:48:43.613] [amf_sbi] [info] Receive Update NF Instance Request, handling ...
[2026-09-27 18:48:43.613] [amf_sbi] [debug] Send NF Update to NRF
[2026-09-27 18:48:43.613] [amf_sbi] [info] Send HTTP message to http://oai-nrf:80/nnrf-nfm/v1/nf-instances/4042849f-78a0-49bf-9f1a-180c59d6e83a
[2026-09-27 18:48:43.613] [amf_sbi] [info] HTTP message Body: [{"op":"replace","path":"/nfStatus","value":"REGISTERED"}]
[2026-09-27 18:48:43.613] [amf_sbi] [debug] Send a simple HTTP request
[2026-09-27 18:48:43.615] [amf_sbi] [info] Get response with HTTP code (204)
[2026-09-27 18:48:43.615] [amf_sbi] [info] Could not get JSON content from the response
[2026-09-27 18:48:43.615] [amf_app] [debug] Received SBI_UPDATE_NF_INSTANCE_RESPONSE
[2026-09-27 18:48:43.615] [amf_app] [debug] Handle NF Update response
[2026-09-27 18:48:43.615] [amf_app] [debug] Set a timer to the next Heart-beat (10)
[2026-09-27 18:48:53.615] [amf_app] [debug] Send ITTI msg to SBI task to trigger NRF Heartbeat
[2026-09-27 18:48:53.615] [amf_sbi] [info] Receive Update NF Instance Request, handling ...
[2026-09-27 18:48:53.615] [amf_sbi] [debug] Send NF Update to NRF
[2026-09-27 18:48:53.616] [amf_sbi] [info] Send HTTP message to http://oai-nrf:80/nnrf-nfm/v1/nf-instances/4042849f-78a0-49bf-9f1a-180c59d6e83a
[2026-09-27 18:48:53.616] [amf_sbi] [info] HTTP message Body: [{"op":"replace","path":"/nfStatus","value":"REGISTERED"}]
[2026-09-27 18:48:53.616] [amf_sbi] [debug] Send a simple HTTP request
[2026-09-27 18:48:53.620] [amf_sbi] [info] Get response with HTTP code (204)
[2026-09-27 18:48:53.620] [amf_sbi] [info] Could not get JSON content from the response
[2026-09-27 18:48:53.620] [amf_app] [debug] Received SBI_UPDATE_NF_INSTANCE_RESPONSE
[2026-09-27 18:48:53.620] [amf_app] [debug] Handle NF Update response
[2026-09-27 18:48:53.620] [amf_app] [debug] Set a timer to the next Heart-beat (10)
[2026-09-27 18:49:03.396] [amf_app] [info] 
   |------------------------------------------------------------------------------------------------------------------------------------------------------------|
   |----------------------------------------------------------------------gNBs' Information---------------------------------------------------------------------|
   |  Index |               Status               |              Global Id             |              gNB Name              |                PLMN                |
   |    1   |              Connected             |               0x0E00               |               gNB-OAI              |               001,01               |
   |------------------------------------------------------------------------------------------------------------------------------------------------------------|

   |-----------------------------------------------------------------------------------------------------------------------------------------------------------|
   |---------------------------------------------------------------------UEs' Information----------------------------------------------------------------------|
   |  Index |     5GMM State     |        IMSI        |        GUTI        |   RAN UE NGAP ID   |   AMF UE NGAP ID   |        PLMN        |       Cell Id      |
   |    1   |   5GMM-REGISTERED  |   [REDACTED]  |00101010000857538467|        0x01        |        0x01        |       001,01       |      0000e014e     |
   |-----------------------------------------------------------------------------------------------------------------------------------------------------------|

[2026-09-27 18:49:03.621] [amf_app] [debug] Send ITTI msg to SBI task to trigger NRF Heartbeat
[2026-09-27 18:49:03.621] [amf_sbi] [info] Receive Update NF Instance Request, handling ...
[2026-09-27 18:49:03.621] [amf_sbi] [debug] Send NF Update to NRF
[2026-09-27 18:49:03.621] [amf_sbi] [info] Send HTTP message to http://oai-nrf:80/nnrf-nfm/v1/nf-instances/4042849f-78a0-49bf-9f1a-180c59d6e83a
[2026-09-27 18:49:03.621] [amf_sbi] [info] HTTP message Body: [{"op":"replace","path":"/nfStatus","value":"REGISTERED"}]
[2026-09-27 18:49:03.621] [amf_sbi] [debug] Send a simple HTTP request
[2026-09-27 18:49:03.623] [amf_sbi] [info] Get response with HTTP code (204)
[2026-09-27 18:49:03.623] [amf_sbi] [info] Could not get JSON content from the response
[2026-09-27 18:49:03.623] [amf_app] [debug] Received SBI_UPDATE_NF_INSTANCE_RESPONSE
[2026-09-27 18:49:03.623] [amf_app] [debug] Handle NF Update response
[2026-09-27 18:49:03.623] [amf_app] [debug] Set a timer to the next Heart-beat (10)
[2026-09-27 18:49:13.623] [amf_app] [debug] Send ITTI msg to SBI task to trigger NRF Heartbeat
[2026-09-27 18:49:13.623] [amf_sbi] [info] Receive Update NF Instance Request, handling ...
[2026-09-27 18:49:13.623] [amf_sbi] [debug] Send NF Update to NRF
[2026-09-27 18:49:13.623] [amf_sbi] [info] Send HTTP message to http://oai-nrf:80/nnrf-nfm/v1/nf-instances/4042849f-78a0-49bf-9f1a-180c59d6e83a
[2026-09-27 18:49:13.623] [amf_sbi] [info] HTTP message Body: [{"op":"replace","path":"/nfStatus","value":"REGISTERED"}]
[2026-09-27 18:49:13.623] [amf_sbi] [debug] Send a simple HTTP request
[2026-09-27 18:49:13.626] [amf_sbi] [info] Get response with HTTP code (204)
[2026-09-27 18:49:13.626] [amf_sbi] [info] Could not get JSON content from the response
[2026-09-27 18:49:13.626] [amf_app] [debug] Received SBI_UPDATE_NF_INSTANCE_RESPONSE
[2026-09-27 18:49:13.627] [amf_app] [debug] Handle NF Update response
[2026-09-27 18:49:13.627] [amf_app] [debug] Set a timer to the next Heart-beat (10)
[2026-09-27 18:49:23.396] [amf_app] [info] 
   |------------------------------------------------------------------------------------------------------------------------------------------------------------|
   |----------------------------------------------------------------------gNBs' Information---------------------------------------------------------------------|
   |  Index |               Status               |              Global Id             |              gNB Name              |                PLMN                |
   |    1   |              Connected             |               0x0E00               |               gNB-OAI              |               001,01               |
   |------------------------------------------------------------------------------------------------------------------------------------------------------------|

   |-----------------------------------------------------------------------------------------------------------------------------------------------------------|
   |---------------------------------------------------------------------UEs' Information----------------------------------------------------------------------|
   |  Index |     5GMM State     |        IMSI        |        GUTI        |   RAN UE NGAP ID   |   AMF UE NGAP ID   |        PLMN        |       Cell Id      |
   |    1   |   5GMM-REGISTERED  |   [REDACTED]  |00101010000857538467|        0x01        |        0x01        |       001,01       |      0000e014e     |
   |-----------------------------------------------------------------------------------------------------------------------------------------------------------|

[2026-09-27 18:49:23.627] [amf_app] [debug] Send ITTI msg to SBI task to trigger NRF Heartbeat
[2026-09-27 18:49:23.627] [amf_sbi] [info] Receive Update NF Instance Request, handling ...
[2026-09-27 18:49:23.627] [amf_sbi] [debug] Send NF Update to NRF
[2026-09-27 18:49:23.627] [amf_sbi] [info] Send HTTP message to http://oai-nrf:80/nnrf-nfm/v1/nf-instances/4042849f-78a0-49bf-9f1a-180c59d6e83a
[2026-09-27 18:49:23.627] [amf_sbi] [info] HTTP message Body: [{"op":"replace","path":"/nfStatus","value":"REGISTERED"}]
[2026-09-27 18:49:23.627] [amf_sbi] [debug] Send a simple HTTP request
[2026-09-27 18:49:23.630] [amf_sbi] [info] Get response with HTTP code (204)
[2026-09-27 18:49:23.630] [amf_sbi] [info] Could not get JSON content from the response
[2026-09-27 18:49:23.630] [amf_app] [debug] Received SBI_UPDATE_NF_INSTANCE_RESPONSE
[2026-09-27 18:49:23.630] [amf_app] [debug] Handle NF Update response
[2026-09-27 18:49:23.630] [amf_app] [debug] Set a timer to the next Heart-beat (10)
[2026-09-27 18:49:33.630] [amf_app] [debug] Send ITTI msg to SBI task to trigger NRF Heartbeat
[2026-09-27 18:49:33.630] [amf_sbi] [info] Receive Update NF Instance Request, handling ...
[2026-09-27 18:49:33.630] [amf_sbi] [debug] Send NF Update to NRF
[2026-09-27 18:49:33.630] [amf_sbi] [info] Send HTTP message to http://oai-nrf:80/nnrf-nfm/v1/nf-instances/4042849f-78a0-49bf-9f1a-180c59d6e83a
[2026-09-27 18:49:33.630] [amf_sbi] [info] HTTP message Body: [{"op":"replace","path":"/nfStatus","value":"REGISTERED"}]
[2026-09-27 18:49:33.630] [amf_sbi] [debug] Send a simple HTTP request
[2026-09-27 18:49:33.633] [amf_sbi] [info] Get response with HTTP code (204)
[2026-09-27 18:49:33.633] [amf_sbi] [info] Could not get JSON content from the response
[2026-09-27 18:49:33.633] [amf_app] [debug] Received SBI_UPDATE_NF_INSTANCE_RESPONSE
[2026-09-27 18:49:33.633] [amf_app] [debug] Handle NF Update response
[2026-09-27 18:49:33.633] [amf_app] [debug] Set a timer to the next Heart-beat (10)
[2026-09-27 18:49:43.396] [amf_app] [info] 
   |------------------------------------------------------------------------------------------------------------------------------------------------------------|
   |----------------------------------------------------------------------gNBs' Information---------------------------------------------------------------------|
   |  Index |               Status               |              Global Id             |              gNB Name              |                PLMN                |
   |    1   |              Connected             |               0x0E00               |               gNB-OAI              |               001,01               |
   |------------------------------------------------------------------------------------------------------------------------------------------------------------|

   |-----------------------------------------------------------------------------------------------------------------------------------------------------------|
   |---------------------------------------------------------------------UEs' Information----------------------------------------------------------------------|
   |  Index |     5GMM State     |        IMSI        |        GUTI        |   RAN UE NGAP ID   |   AMF UE NGAP ID   |        PLMN        |       Cell Id      |
   |    1   |   5GMM-REGISTERED  |   [REDACTED]  |00101010000857538467|        0x01        |        0x01        |       001,01       |      0000e014e     |
   |-----------------------------------------------------------------------------------------------------------------------------------------------------------|

[2026-09-27 18:49:43.633] [amf_app] [debug] Send ITTI msg to SBI task to trigger NRF Heartbeat
[2026-09-27 18:49:43.633] [amf_sbi] [info] Receive Update NF Instance Request, handling ...
[2026-09-27 18:49:43.633] [amf_sbi] [debug] Send NF Update to NRF
[2026-09-27 18:49:43.633] [amf_sbi] [info] Send HTTP message to http://oai-nrf:80/nnrf-nfm/v1/nf-instances/4042849f-78a0-49bf-9f1a-180c59d6e83a
[2026-09-27 18:49:43.633] [amf_sbi] [info] HTTP message Body: [{"op":"replace","path":"/nfStatus","value":"REGISTERED"}]
[2026-09-27 18:49:43.633] [amf_sbi] [debug] Send a simple HTTP request
[2026-09-27 18:49:43.636] [amf_sbi] [info] Get response with HTTP code (204)
[2026-09-27 18:49:43.636] [amf_sbi] [info] Could not get JSON content from the response
[2026-09-27 18:49:43.636] [amf_app] [debug] Received SBI_UPDATE_NF_INSTANCE_RESPONSE
[2026-09-27 18:49:43.636] [amf_app] [debug] Handle NF Update response
[2026-09-27 18:49:43.636] [amf_app] [debug] Set a timer to the next Heart-beat (10)
[2026-09-27 18:49:53.637] [amf_app] [debug] Send ITTI msg to SBI task to trigger NRF Heartbeat
[2026-09-27 18:49:53.637] [amf_sbi] [info] Receive Update NF Instance Request, handling ...
[2026-09-27 18:49:53.637] [amf_sbi] [debug] Send NF Update to NRF
[2026-09-27 18:49:53.637] [amf_sbi] [info] Send HTTP message to http://oai-nrf:80/nnrf-nfm/v1/nf-instances/4042849f-78a0-49bf-9f1a-180c59d6e83a
[2026-09-27 18:49:53.637] [amf_sbi] [info] HTTP message Body: [{"op":"replace","path":"/nfStatus","value":"REGISTERED"}]
[2026-09-27 18:49:53.637] [amf_sbi] [debug] Send a simple HTTP request
[2026-09-27 18:49:53.640] [amf_sbi] [info] Get response with HTTP code (204)
[2026-09-27 18:49:53.640] [amf_sbi] [info] Could not get JSON content from the response
[2026-09-27 18:49:53.640] [amf_app] [debug] Received SBI_UPDATE_NF_INSTANCE_RESPONSE
[2026-09-27 18:49:53.640] [amf_app] [debug] Handle NF Update response
[2026-09-27 18:49:53.640] [amf_app] [debug] Set a timer to the next Heart-beat (10)
[2026-09-27 18:50:03.396] [amf_app] [info] 
   |------------------------------------------------------------------------------------------------------------------------------------------------------------|
   |----------------------------------------------------------------------gNBs' Information---------------------------------------------------------------------|
   |  Index |               Status               |              Global Id             |              gNB Name              |                PLMN                |
   |    1   |              Connected             |               0x0E00               |               gNB-OAI              |               001,01               |
   |------------------------------------------------------------------------------------------------------------------------------------------------------------|

   |-----------------------------------------------------------------------------------------------------------------------------------------------------------|
   |---------------------------------------------------------------------UEs' Information----------------------------------------------------------------------|
   |  Index |     5GMM State     |        IMSI        |        GUTI        |   RAN UE NGAP ID   |   AMF UE NGAP ID   |        PLMN        |       Cell Id      |
   |    1   |   5GMM-REGISTERED  |   [REDACTED]  |00101010000857538467|        0x01        |        0x01        |       001,01       |      0000e014e     |
   |-----------------------------------------------------------------------------------------------------------------------------------------------------------|

[2026-09-27 18:50:03.640] [amf_app] [debug] Send ITTI msg to SBI task to trigger NRF Heartbeat
[2026-09-27 18:50:03.640] [amf_sbi] [info] Receive Update NF Instance Request, handling ...
[2026-09-27 18:50:03.640] [amf_sbi] [debug] Send NF Update to NRF
[2026-09-27 18:50:03.640] [amf_sbi] [info] Send HTTP message to http://oai-nrf:80/nnrf-nfm/v1/nf-instances/4042849f-78a0-49bf-9f1a-180c59d6e83a
[2026-09-27 18:50:03.640] [amf_sbi] [info] HTTP message Body: [{"op":"replace","path":"/nfStatus","value":"REGISTERED"}]
[2026-09-27 18:50:03.640] [amf_sbi] [debug] Send a simple HTTP request
[2026-09-27 18:50:03.644] [amf_sbi] [info] Get response with HTTP code (204)
[2026-09-27 18:50:03.644] [amf_sbi] [info] Could not get JSON content from the response
[2026-09-27 18:50:03.644] [amf_app] [debug] Received SBI_UPDATE_NF_INSTANCE_RESPONSE
[2026-09-27 18:50:03.644] [amf_app] [debug] Handle NF Update response
[2026-09-27 18:50:03.644] [amf_app] [debug] Set a timer to the next Heart-beat (10)
[2026-09-27 18:50:13.644] [amf_app] [debug] Send ITTI msg to SBI task to trigger NRF Heartbeat
[2026-09-27 18:50:13.644] [amf_sbi] [info] Receive Update NF Instance Request, handling ...
[2026-09-27 18:50:13.644] [amf_sbi] [debug] Send NF Update to NRF
[2026-09-27 18:50:13.645] [amf_sbi] [info] Send HTTP message to http://oai-nrf:80/nnrf-nfm/v1/nf-instances/4042849f-78a0-49bf-9f1a-180c59d6e83a
[2026-09-27 18:50:13.645] [amf_sbi] [info] HTTP message Body: [{"op":"replace","path":"/nfStatus","value":"REGISTERED"}]
[2026-09-27 18:50:13.645] [amf_sbi] [debug] Send a simple HTTP request
[2026-09-27 18:50:13.647] [amf_sbi] [info] Get response with HTTP code (204)
[2026-09-27 18:50:13.647] [amf_sbi] [info] Could not get JSON content from the response
[2026-09-27 18:50:13.647] [amf_app] [debug] Received SBI_UPDATE_NF_INSTANCE_RESPONSE
[2026-09-27 18:50:13.647] [amf_app] [debug] Handle NF Update response
[2026-09-27 18:50:13.647] [amf_app] [debug] Set a timer to the next Heart-beat (10)
[2026-09-27 18:50:23.396] [amf_app] [info] 
   |------------------------------------------------------------------------------------------------------------------------------------------------------------|
   |----------------------------------------------------------------------gNBs' Information---------------------------------------------------------------------|
   |  Index |               Status               |              Global Id             |              gNB Name              |                PLMN                |
   |    1   |              Connected             |               0x0E00               |               gNB-OAI              |               001,01               |
   |------------------------------------------------------------------------------------------------------------------------------------------------------------|

   |-----------------------------------------------------------------------------------------------------------------------------------------------------------|
   |---------------------------------------------------------------------UEs' Information----------------------------------------------------------------------|
   |  Index |     5GMM State     |        IMSI        |        GUTI        |   RAN UE NGAP ID   |   AMF UE NGAP ID   |        PLMN        |       Cell Id      |
   |    1   |   5GMM-REGISTERED  |   [REDACTED]  |00101010000857538467|        0x01        |        0x01        |       001,01       |      0000e014e     |
   |-----------------------------------------------------------------------------------------------------------------------------------------------------------|

[2026-09-27 18:50:23.647] [amf_app] [debug] Send ITTI msg to SBI task to trigger NRF Heartbeat
[2026-09-27 18:50:23.648] [amf_sbi] [info] Receive Update NF Instance Request, handling ...
[2026-09-27 18:50:23.648] [amf_sbi] [debug] Send NF Update to NRF
[2026-09-27 18:50:23.648] [amf_sbi] [info] Send HTTP message to http://oai-nrf:80/nnrf-nfm/v1/nf-instances/4042849f-78a0-49bf-9f1a-180c59d6e83a
[2026-09-27 18:50:23.648] [amf_sbi] [info] HTTP message Body: [{"op":"replace","path":"/nfStatus","value":"REGISTERED"}]
[2026-09-27 18:50:23.648] [amf_sbi] [debug] Send a simple HTTP request
[2026-09-27 18:50:23.651] [amf_sbi] [info] Get response with HTTP code (204)
[2026-09-27 18:50:23.651] [amf_sbi] [info] Could not get JSON content from the response
[2026-09-27 18:50:23.651] [amf_app] [debug] Received SBI_UPDATE_NF_INSTANCE_RESPONSE
[2026-09-27 18:50:23.651] [amf_app] [debug] Handle NF Update response
[2026-09-27 18:50:23.651] [amf_app] [debug] Set a timer to the next Heart-beat (10)
[2026-09-27 18:50:33.652] [amf_app] [debug] Send ITTI msg to SBI task to trigger NRF Heartbeat
[2026-09-27 18:50:33.652] [amf_sbi] [info] Receive Update NF Instance Request, handling ...
[2026-09-27 18:50:33.652] [amf_sbi] [debug] Send NF Update to NRF
[2026-09-27 18:50:33.652] [amf_sbi] [info] Send HTTP message to http://oai-nrf:80/nnrf-nfm/v1/nf-instances/4042849f-78a0-49bf-9f1a-180c59d6e83a
[2026-09-27 18:50:33.652] [amf_sbi] [info] HTTP message Body: [{"op":"replace","path":"/nfStatus","value":"REGISTERED"}]
[2026-09-27 18:50:33.652] [amf_sbi] [debug] Send a simple HTTP request
[2026-09-27 18:50:33.654] [amf_sbi] [info] Get response with HTTP code (204)
[2026-09-27 18:50:33.655] [amf_sbi] [info] Could not get JSON content from the response
[2026-09-27 18:50:33.655] [amf_app] [debug] Received SBI_UPDATE_NF_INSTANCE_RESPONSE
[2026-09-27 18:50:33.655] [amf_app] [debug] Handle NF Update response
[2026-09-27 18:50:33.655] [amf_app] [debug] Set a timer to the next Heart-beat (10)
[2026-09-27 18:50:43.396] [amf_app] [info] 
   |------------------------------------------------------------------------------------------------------------------------------------------------------------|
   |----------------------------------------------------------------------gNBs' Information---------------------------------------------------------------------|
   |  Index |               Status               |              Global Id             |              gNB Name              |                PLMN                |
   |    1   |              Connected             |               0x0E00               |               gNB-OAI              |               001,01               |
   |------------------------------------------------------------------------------------------------------------------------------------------------------------|

   |-----------------------------------------------------------------------------------------------------------------------------------------------------------|
   |---------------------------------------------------------------------UEs' Information----------------------------------------------------------------------|
   |  Index |     5GMM State     |        IMSI        |        GUTI        |   RAN UE NGAP ID   |   AMF UE NGAP ID   |        PLMN        |       Cell Id      |
   |    1   |   5GMM-REGISTERED  |   [REDACTED]  |00101010000857538467|        0x01        |        0x01        |       001,01       |      0000e014e     |
   |-----------------------------------------------------------------------------------------------------------------------------------------------------------|

[2026-09-27 18:50:43.655] [amf_app] [debug] Send ITTI msg to SBI task to trigger NRF Heartbeat
[2026-09-27 18:50:43.655] [amf_sbi] [info] Receive Update NF Instance Request, handling ...
[2026-09-27 18:50:43.655] [amf_sbi] [debug] Send NF Update to NRF
[2026-09-27 18:50:43.655] [amf_sbi] [info] Send HTTP message to http://oai-nrf:80/nnrf-nfm/v1/nf-instances/4042849f-78a0-49bf-9f1a-180c59d6e83a
[2026-09-27 18:50:43.655] [amf_sbi] [info] HTTP message Body: [{"op":"replace","path":"/nfStatus","value":"REGISTERED"}]
[2026-09-27 18:50:43.655] [amf_sbi] [debug] Send a simple HTTP request
[2026-09-27 18:50:43.658] [amf_sbi] [info] Get response with HTTP code (204)
[2026-09-27 18:50:43.658] [amf_sbi] [info] Could not get JSON content from the response
[2026-09-27 18:50:43.658] [amf_app] [debug] Received SBI_UPDATE_NF_INSTANCE_RESPONSE
[2026-09-27 18:50:43.658] [amf_app] [debug] Handle NF Update response
[2026-09-27 18:50:43.658] [amf_app] [debug] Set a timer to the next Heart-beat (10)
[2026-09-27 18:50:53.658] [amf_app] [debug] Send ITTI msg to SBI task to trigger NRF Heartbeat
[2026-09-27 18:50:53.658] [amf_sbi] [info] Receive Update NF Instance Request, handling ...
[2026-09-27 18:50:53.658] [amf_sbi] [debug] Send NF Update to NRF
[2026-09-27 18:50:53.658] [amf_sbi] [info] Send HTTP message to http://oai-nrf:80/nnrf-nfm/v1/nf-instances/4042849f-78a0-49bf-9f1a-180c59d6e83a
[2026-09-27 18:50:53.658] [amf_sbi] [info] HTTP message Body: [{"op":"replace","path":"/nfStatus","value":"REGISTERED"}]
[2026-09-27 18:50:53.658] [amf_sbi] [debug] Send a simple HTTP request
[2026-09-27 18:50:53.660] [amf_sbi] [info] Get response with HTTP code (204)
[2026-09-27 18:50:53.660] [amf_sbi] [info] Could not get JSON content from the response
[2026-09-27 18:50:53.661] [amf_app] [debug] Received SBI_UPDATE_NF_INSTANCE_RESPONSE
[2026-09-27 18:50:53.661] [amf_app] [debug] Handle NF Update response
[2026-09-27 18:50:53.661] [amf_app] [debug] Set a timer to the next Heart-beat (10)
[2026-09-27 18:51:03.397] [amf_app] [info] 
   |------------------------------------------------------------------------------------------------------------------------------------------------------------|
   |----------------------------------------------------------------------gNBs' Information---------------------------------------------------------------------|
   |  Index |               Status               |              Global Id             |              gNB Name              |                PLMN                |
   |    1   |              Connected             |               0x0E00               |               gNB-OAI              |               001,01               |
   |------------------------------------------------------------------------------------------------------------------------------------------------------------|

   |-----------------------------------------------------------------------------------------------------------------------------------------------------------|
   |---------------------------------------------------------------------UEs' Information----------------------------------------------------------------------|
   |  Index |     5GMM State     |        IMSI        |        GUTI        |   RAN UE NGAP ID   |   AMF UE NGAP ID   |        PLMN        |       Cell Id      |
   |    1   |   5GMM-REGISTERED  |   [REDACTED]  |00101010000857538467|        0x01        |        0x01        |       001,01       |      0000e014e     |
   |-----------------------------------------------------------------------------------------------------------------------------------------------------------|

[2026-09-27 18:51:03.661] [amf_app] [debug] Send ITTI msg to SBI task to trigger NRF Heartbeat
[2026-09-27 18:51:03.661] [amf_sbi] [info] Receive Update NF Instance Request, handling ...
[2026-09-27 18:51:03.661] [amf_sbi] [debug] Send NF Update to NRF
[2026-09-27 18:51:03.661] [amf_sbi] [info] Send HTTP message to http://oai-nrf:80/nnrf-nfm/v1/nf-instances/4042849f-78a0-49bf-9f1a-180c59d6e83a
[2026-09-27 18:51:03.661] [amf_sbi] [info] HTTP message Body: [{"op":"replace","path":"/nfStatus","value":"REGISTERED"}]
[2026-09-27 18:51:03.661] [amf_sbi] [debug] Send a simple HTTP request
[2026-09-27 18:51:03.664] [amf_sbi] [info] Get response with HTTP code (204)
[2026-09-27 18:51:03.665] [amf_sbi] [info] Could not get JSON content from the response
[2026-09-27 18:51:03.665] [amf_app] [debug] Received SBI_UPDATE_NF_INSTANCE_RESPONSE
[2026-09-27 18:51:03.665] [amf_app] [debug] Handle NF Update response
[2026-09-27 18:51:03.665] [amf_app] [debug] Set a timer to the next Heart-beat (10)
[2026-09-27 18:51:13.665] [amf_app] [debug] Send ITTI msg to SBI task to trigger NRF Heartbeat
[2026-09-27 18:51:13.665] [amf_sbi] [info] Receive Update NF Instance Request, handling ...
[2026-09-27 18:51:13.665] [amf_sbi] [debug] Send NF Update to NRF
[2026-09-27 18:51:13.665] [amf_sbi] [info] Send HTTP message to http://oai-nrf:80/nnrf-nfm/v1/nf-instances/4042849f-78a0-49bf-9f1a-180c59d6e83a
[2026-09-27 18:51:13.665] [amf_sbi] [info] HTTP message Body: [{"op":"replace","path":"/nfStatus","value":"REGISTERED"}]
[2026-09-27 18:51:13.665] [amf_sbi] [debug] Send a simple HTTP request
[2026-09-27 18:51:13.668] [amf_sbi] [info] Get response with HTTP code (204)
[2026-09-27 18:51:13.668] [amf_sbi] [info] Could not get JSON content from the response
[2026-09-27 18:51:13.668] [amf_app] [debug] Received SBI_UPDATE_NF_INSTANCE_RESPONSE
[2026-09-27 18:51:13.668] [amf_app] [debug] Handle NF Update response
[2026-09-27 18:51:13.668] [amf_app] [debug] Set a timer to the next Heart-beat (10)
[2026-09-27 18:51:23.397] [amf_app] [info] 
   |------------------------------------------------------------------------------------------------------------------------------------------------------------|
   |----------------------------------------------------------------------gNBs' Information---------------------------------------------------------------------|
   |  Index |               Status               |              Global Id             |              gNB Name              |                PLMN                |
   |    1   |              Connected             |               0x0E00               |               gNB-OAI              |               001,01               |
   |------------------------------------------------------------------------------------------------------------------------------------------------------------|

   |-----------------------------------------------------------------------------------------------------------------------------------------------------------|
   |---------------------------------------------------------------------UEs' Information----------------------------------------------------------------------|
   |  Index |     5GMM State     |        IMSI        |        GUTI        |   RAN UE NGAP ID   |   AMF UE NGAP ID   |        PLMN        |       Cell Id      |
   |    1   |   5GMM-REGISTERED  |   [REDACTED]  |00101010000857538467|        0x01        |        0x01        |       001,01       |      0000e014e     |
   |-----------------------------------------------------------------------------------------------------------------------------------------------------------|

[2026-09-27 18:51:23.668] [amf_app] [debug] Send ITTI msg to SBI task to trigger NRF Heartbeat
[2026-09-27 18:51:23.668] [amf_sbi] [info] Receive Update NF Instance Request, handling ...
[2026-09-27 18:51:23.668] [amf_sbi] [debug] Send NF Update to NRF
[2026-09-27 18:51:23.668] [amf_sbi] [info] Send HTTP message to http://oai-nrf:80/nnrf-nfm/v1/nf-instances/4042849f-78a0-49bf-9f1a-180c59d6e83a
[2026-09-27 18:51:23.668] [amf_sbi] [info] HTTP message Body: [{"op":"replace","path":"/nfStatus","value":"REGISTERED"}]
[2026-09-27 18:51:23.668] [amf_sbi] [debug] Send a simple HTTP request
[2026-09-27 18:51:23.671] [amf_sbi] [info] Get response with HTTP code (204)
[2026-09-27 18:51:23.671] [amf_sbi] [info] Could not get JSON content from the response
[2026-09-27 18:51:23.671] [amf_app] [debug] Received SBI_UPDATE_NF_INSTANCE_RESPONSE
[2026-09-27 18:51:23.671] [amf_app] [debug] Handle NF Update response
[2026-09-27 18:51:23.671] [amf_app] [debug] Set a timer to the next Heart-beat (10)
[2026-09-27 18:51:33.671] [amf_app] [debug] Send ITTI msg to SBI task to trigger NRF Heartbeat
[2026-09-27 18:51:33.671] [amf_sbi] [info] Receive Update NF Instance Request, handling ...
[2026-09-27 18:51:33.671] [amf_sbi] [debug] Send NF Update to NRF
[2026-09-27 18:51:33.671] [amf_sbi] [info] Send HTTP message to http://oai-nrf:80/nnrf-nfm/v1/nf-instances/4042849f-78a0-49bf-9f1a-180c59d6e83a
[2026-09-27 18:51:33.671] [amf_sbi] [info] HTTP message Body: [{"op":"replace","path":"/nfStatus","value":"REGISTERED"}]
[2026-09-27 18:51:33.671] [amf_sbi] [debug] Send a simple HTTP request
[2026-09-27 18:51:33.674] [amf_sbi] [info] Get response with HTTP code (204)
[2026-09-27 18:51:33.674] [amf_sbi] [info] Could not get JSON content from the response
[2026-09-27 18:51:33.674] [amf_app] [debug] Received SBI_UPDATE_NF_INSTANCE_RESPONSE
[2026-09-27 18:51:33.674] [amf_app] [debug] Handle NF Update response
[2026-09-27 18:51:33.674] [amf_app] [debug] Set a timer to the next Heart-beat (10)
[2026-09-27 18:51:43.397] [amf_app] [info] 
   |------------------------------------------------------------------------------------------------------------------------------------------------------------|
   |----------------------------------------------------------------------gNBs' Information---------------------------------------------------------------------|
   |  Index |               Status               |              Global Id             |              gNB Name              |                PLMN                |
   |    1   |              Connected             |               0x0E00               |               gNB-OAI              |               001,01               |
   |------------------------------------------------------------------------------------------------------------------------------------------------------------|

   |-----------------------------------------------------------------------------------------------------------------------------------------------------------|
   |---------------------------------------------------------------------UEs' Information----------------------------------------------------------------------|
   |  Index |     5GMM State     |        IMSI        |        GUTI        |   RAN UE NGAP ID   |   AMF UE NGAP ID   |        PLMN        |       Cell Id      |
   |    1   |   5GMM-REGISTERED  |   [REDACTED]  |00101010000857538467|        0x01        |        0x01        |       001,01       |      0000e014e     |
   |-----------------------------------------------------------------------------------------------------------------------------------------------------------|

[2026-09-27 18:51:43.675] [amf_app] [debug] Send ITTI msg to SBI task to trigger NRF Heartbeat
[2026-09-27 18:51:43.675] [amf_sbi] [info] Receive Update NF Instance Request, handling ...
[2026-09-27 18:51:43.675] [amf_sbi] [debug] Send NF Update to NRF
[2026-09-27 18:51:43.675] [amf_sbi] [info] Send HTTP message to http://oai-nrf:80/nnrf-nfm/v1/nf-instances/4042849f-78a0-49bf-9f1a-180c59d6e83a
[2026-09-27 18:51:43.675] [amf_sbi] [info] HTTP message Body: [{"op":"replace","path":"/nfStatus","value":"REGISTERED"}]
[2026-09-27 18:51:43.675] [amf_sbi] [debug] Send a simple HTTP request
[2026-09-27 18:51:43.677] [amf_sbi] [info] Get response with HTTP code (204)
[2026-09-27 18:51:43.677] [amf_sbi] [info] Could not get JSON content from the response
[2026-09-27 18:51:43.677] [amf_app] [debug] Received SBI_UPDATE_NF_INSTANCE_RESPONSE
[2026-09-27 18:51:43.677] [amf_app] [debug] Handle NF Update response
[2026-09-27 18:51:43.677] [amf_app] [debug] Set a timer to the next Heart-beat (10)
[2026-09-27 18:51:53.677] [amf_app] [debug] Send ITTI msg to SBI task to trigger NRF Heartbeat
[2026-09-27 18:51:53.677] [amf_sbi] [info] Receive Update NF Instance Request, handling ...
[2026-09-27 18:51:53.677] [amf_sbi] [debug] Send NF Update to NRF
[2026-09-27 18:51:53.677] [amf_sbi] [info] Send HTTP message to http://oai-nrf:80/nnrf-nfm/v1/nf-instances/4042849f-78a0-49bf-9f1a-180c59d6e83a
[2026-09-27 18:51:53.677] [amf_sbi] [info] HTTP message Body: [{"op":"replace","path":"/nfStatus","value":"REGISTERED"}]
[2026-09-27 18:51:53.677] [amf_sbi] [debug] Send a simple HTTP request
[2026-09-27 18:51:53.680] [amf_sbi] [info] Get response with HTTP code (204)
[2026-09-27 18:51:53.680] [amf_sbi] [info] Could not get JSON content from the response
[2026-09-27 18:51:53.680] [amf_app] [debug] Received SBI_UPDATE_NF_INSTANCE_RESPONSE
[2026-09-27 18:51:53.680] [amf_app] [debug] Handle NF Update response
[2026-09-27 18:51:53.680] [amf_app] [debug] Set a timer to the next Heart-beat (10)
[2026-09-27 18:52:03.398] [amf_app] [info] 
   |------------------------------------------------------------------------------------------------------------------------------------------------------------|
   |----------------------------------------------------------------------gNBs' Information---------------------------------------------------------------------|
   |  Index |               Status               |              Global Id             |              gNB Name              |                PLMN                |
   |    1   |              Connected             |               0x0E00               |               gNB-OAI              |               001,01               |
   |------------------------------------------------------------------------------------------------------------------------------------------------------------|

   |-----------------------------------------------------------------------------------------------------------------------------------------------------------|
   |---------------------------------------------------------------------UEs' Information----------------------------------------------------------------------|
   |  Index |     5GMM State     |        IMSI        |        GUTI        |   RAN UE NGAP ID   |   AMF UE NGAP ID   |        PLMN        |       Cell Id      |
   |    1   |   5GMM-REGISTERED  |   [REDACTED]  |00101010000857538467|        0x01        |        0x01        |       001,01       |      0000e014e     |
   |-----------------------------------------------------------------------------------------------------------------------------------------------------------|

[2026-09-27 18:52:03.680] [amf_app] [debug] Send ITTI msg to SBI task to trigger NRF Heartbeat
[2026-09-27 18:52:03.680] [amf_sbi] [info] Receive Update NF Instance Request, handling ...
[2026-09-27 18:52:03.680] [amf_sbi] [debug] Send NF Update to NRF
[2026-09-27 18:52:03.680] [amf_sbi] [info] Send HTTP message to http://oai-nrf:80/nnrf-nfm/v1/nf-instances/4042849f-78a0-49bf-9f1a-180c59d6e83a
[2026-09-27 18:52:03.680] [amf_sbi] [info] HTTP message Body: [{"op":"replace","path":"/nfStatus","value":"REGISTERED"}]
[2026-09-27 18:52:03.680] [amf_sbi] [debug] Send a simple HTTP request
[2026-09-27 18:52:03.683] [amf_sbi] [info] Get response with HTTP code (204)
[2026-09-27 18:52:03.683] [amf_sbi] [info] Could not get JSON content from the response
[2026-09-27 18:52:03.683] [amf_app] [debug] Received SBI_UPDATE_NF_INSTANCE_RESPONSE
[2026-09-27 18:52:03.683] [amf_app] [debug] Handle NF Update response
[2026-09-27 18:52:03.683] [amf_app] [debug] Set a timer to the next Heart-beat (10)
[2026-09-27 18:52:13.684] [amf_app] [debug] Send ITTI msg to SBI task to trigger NRF Heartbeat
[2026-09-27 18:52:13.684] [amf_sbi] [info] Receive Update NF Instance Request, handling ...
[2026-09-27 18:52:13.684] [amf_sbi] [debug] Send NF Update to NRF
[2026-09-27 18:52:13.684] [amf_sbi] [info] Send HTTP message to http://oai-nrf:80/nnrf-nfm/v1/nf-instances/4042849f-78a0-49bf-9f1a-180c59d6e83a
[2026-09-27 18:52:13.684] [amf_sbi] [info] HTTP message Body: [{"op":"replace","path":"/nfStatus","value":"REGISTERED"}]
[2026-09-27 18:52:13.684] [amf_sbi] [debug] Send a simple HTTP request
[2026-09-27 18:52:13.686] [amf_sbi] [info] Get response with HTTP code (204)
[2026-09-27 18:52:13.686] [amf_sbi] [info] Could not get JSON content from the response
[2026-09-27 18:52:13.686] [amf_app] [debug] Received SBI_UPDATE_NF_INSTANCE_RESPONSE
[2026-09-27 18:52:13.686] [amf_app] [debug] Handle NF Update response
[2026-09-27 18:52:13.686] [amf_app] [debug] Set a timer to the next Heart-beat (10)
[2026-09-27 18:52:23.398] [amf_app] [info] 
   |------------------------------------------------------------------------------------------------------------------------------------------------------------|
   |----------------------------------------------------------------------gNBs' Information---------------------------------------------------------------------|
   |  Index |               Status               |              Global Id             |              gNB Name              |                PLMN                |
   |    1   |              Connected             |               0x0E00               |               gNB-OAI              |               001,01               |
   |------------------------------------------------------------------------------------------------------------------------------------------------------------|

   |-----------------------------------------------------------------------------------------------------------------------------------------------------------|
   |---------------------------------------------------------------------UEs' Information----------------------------------------------------------------------|
   |  Index |     5GMM State     |        IMSI        |        GUTI        |   RAN UE NGAP ID   |   AMF UE NGAP ID   |        PLMN        |       Cell Id      |
   |    1   |   5GMM-REGISTERED  |   [REDACTED]  |00101010000857538467|        0x01        |        0x01        |       001,01       |      0000e014e     |
   |-----------------------------------------------------------------------------------------------------------------------------------------------------------|

[2026-09-27 18:52:23.686] [amf_app] [debug] Send ITTI msg to SBI task to trigger NRF Heartbeat
[2026-09-27 18:52:23.686] [amf_sbi] [info] Receive Update NF Instance Request, handling ...
[2026-09-27 18:52:23.686] [amf_sbi] [debug] Send NF Update to NRF
[2026-09-27 18:52:23.687] [amf_sbi] [info] Send HTTP message to http://oai-nrf:80/nnrf-nfm/v1/nf-instances/4042849f-78a0-49bf-9f1a-180c59d6e83a
[2026-09-27 18:52:23.687] [amf_sbi] [info] HTTP message Body: [{"op":"replace","path":"/nfStatus","value":"REGISTERED"}]
[2026-09-27 18:52:23.687] [amf_sbi] [debug] Send a simple HTTP request
[2026-09-27 18:52:23.690] [amf_sbi] [info] Get response with HTTP code (204)
[2026-09-27 18:52:23.690] [amf_sbi] [info] Could not get JSON content from the response
[2026-09-27 18:52:23.690] [amf_app] [debug] Received SBI_UPDATE_NF_INSTANCE_RESPONSE
[2026-09-27 18:52:23.690] [amf_app] [debug] Handle NF Update response
[2026-09-27 18:52:23.690] [amf_app] [debug] Set a timer to the next Heart-beat (10)
[2026-09-27 18:52:33.690] [amf_app] [debug] Send ITTI msg to SBI task to trigger NRF Heartbeat
[2026-09-27 18:52:33.690] [amf_sbi] [info] Receive Update NF Instance Request, handling ...
[2026-09-27 18:52:33.690] [amf_sbi] [debug] Send NF Update to NRF
[2026-09-27 18:52:33.690] [amf_sbi] [info] Send HTTP message to http://oai-nrf:80/nnrf-nfm/v1/nf-instances/4042849f-78a0-49bf-9f1a-180c59d6e83a
[2026-09-27 18:52:33.690] [amf_sbi] [info] HTTP message Body: [{"op":"replace","path":"/nfStatus","value":"REGISTERED"}]
[2026-09-27 18:52:33.690] [amf_sbi] [debug] Send a simple HTTP request
[2026-09-27 18:52:33.692] [amf_sbi] [info] Get response with HTTP code (204)
[2026-09-27 18:52:33.693] [amf_sbi] [info] Could not get JSON content from the response
[2026-09-27 18:52:33.693] [amf_app] [debug] Received SBI_UPDATE_NF_INSTANCE_RESPONSE
[2026-09-27 18:52:33.693] [amf_app] [debug] Handle NF Update response
[2026-09-27 18:52:33.693] [amf_app] [debug] Set a timer to the next Heart-beat (10)
[2026-09-27 18:52:43.399] [amf_app] [info] 
   |------------------------------------------------------------------------------------------------------------------------------------------------------------|
   |----------------------------------------------------------------------gNBs' Information---------------------------------------------------------------------|
   |  Index |               Status               |              Global Id             |              gNB Name              |                PLMN                |
   |    1   |              Connected             |               0x0E00               |               gNB-OAI              |               001,01               |
   |------------------------------------------------------------------------------------------------------------------------------------------------------------|

   |-----------------------------------------------------------------------------------------------------------------------------------------------------------|
   |---------------------------------------------------------------------UEs' Information----------------------------------------------------------------------|
   |  Index |     5GMM State     |        IMSI        |        GUTI        |   RAN UE NGAP ID   |   AMF UE NGAP ID   |        PLMN        |       Cell Id      |
   |    1   |   5GMM-REGISTERED  |   [REDACTED]  |00101010000857538467|        0x01        |        0x01        |       001,01       |      0000e014e     |
   |-----------------------------------------------------------------------------------------------------------------------------------------------------------|

[2026-09-27 18:52:43.693] [amf_app] [debug] Send ITTI msg to SBI task to trigger NRF Heartbeat
[2026-09-27 18:52:43.693] [amf_sbi] [info] Receive Update NF Instance Request, handling ...
[2026-09-27 18:52:43.693] [amf_sbi] [debug] Send NF Update to NRF
[2026-09-27 18:52:43.693] [amf_sbi] [info] Send HTTP message to http://oai-nrf:80/nnrf-nfm/v1/nf-instances/4042849f-78a0-49bf-9f1a-180c59d6e83a
[2026-09-27 18:52:43.693] [amf_sbi] [info] HTTP message Body: [{"op":"replace","path":"/nfStatus","value":"REGISTERED"}]
[2026-09-27 18:52:43.693] [amf_sbi] [debug] Send a simple HTTP request
[2026-09-27 18:52:43.696] [amf_sbi] [info] Get response with HTTP code (204)
[2026-09-27 18:52:43.696] [amf_sbi] [info] Could not get JSON content from the response
[2026-09-27 18:52:43.696] [amf_app] [debug] Received SBI_UPDATE_NF_INSTANCE_RESPONSE
[2026-09-27 18:52:43.696] [amf_app] [debug] Handle NF Update response
[2026-09-27 18:52:43.696] [amf_app] [debug] Set a timer to the next Heart-beat (10)
[2026-09-27 18:52:53.696] [amf_app] [debug] Send ITTI msg to SBI task to trigger NRF Heartbeat
[2026-09-27 18:52:53.696] [amf_sbi] [info] Receive Update NF Instance Request, handling ...
[2026-09-27 18:52:53.696] [amf_sbi] [debug] Send NF Update to NRF
[2026-09-27 18:52:53.696] [amf_sbi] [info] Send HTTP message to http://oai-nrf:80/nnrf-nfm/v1/nf-instances/4042849f-78a0-49bf-9f1a-180c59d6e83a
[2026-09-27 18:52:53.696] [amf_sbi] [info] HTTP message Body: [{"op":"replace","path":"/nfStatus","value":"REGISTERED"}]
[2026-09-27 18:52:53.696] [amf_sbi] [debug] Send a simple HTTP request
[2026-09-27 18:52:53.699] [amf_sbi] [info] Get response with HTTP code (204)
[2026-09-27 18:52:53.699] [amf_sbi] [info] Could not get JSON content from the response
[2026-09-27 18:52:53.699] [amf_app] [debug] Received SBI_UPDATE_NF_INSTANCE_RESPONSE
[2026-09-27 18:52:53.699] [amf_app] [debug] Handle NF Update response
[2026-09-27 18:52:53.699] [amf_app] [debug] Set a timer to the next Heart-beat (10)
[2026-09-27 18:53:03.399] [amf_app] [info] 
   |------------------------------------------------------------------------------------------------------------------------------------------------------------|
   |----------------------------------------------------------------------gNBs' Information---------------------------------------------------------------------|
   |  Index |               Status               |              Global Id             |              gNB Name              |                PLMN                |
   |    1   |              Connected             |               0x0E00               |               gNB-OAI              |               001,01               |
   |------------------------------------------------------------------------------------------------------------------------------------------------------------|

   |-----------------------------------------------------------------------------------------------------------------------------------------------------------|
   |---------------------------------------------------------------------UEs' Information----------------------------------------------------------------------|
   |  Index |     5GMM State     |        IMSI        |        GUTI        |   RAN UE NGAP ID   |   AMF UE NGAP ID   |        PLMN        |       Cell Id      |
   |    1   |   5GMM-REGISTERED  |   [REDACTED]  |00101010000857538467|        0x01        |        0x01        |       001,01       |      0000e014e     |
   |-----------------------------------------------------------------------------------------------------------------------------------------------------------|

[2026-09-27 18:53:03.699] [amf_app] [debug] Send ITTI msg to SBI task to trigger NRF Heartbeat
[2026-09-27 18:53:03.699] [amf_sbi] [info] Receive Update NF Instance Request, handling ...
[2026-09-27 18:53:03.699] [amf_sbi] [debug] Send NF Update to NRF
[2026-09-27 18:53:03.699] [amf_sbi] [info] Send HTTP message to http://oai-nrf:80/nnrf-nfm/v1/nf-instances/4042849f-78a0-49bf-9f1a-180c59d6e83a
[2026-09-27 18:53:03.699] [amf_sbi] [info] HTTP message Body: [{"op":"replace","path":"/nfStatus","value":"REGISTERED"}]
[2026-09-27 18:53:03.699] [amf_sbi] [debug] Send a simple HTTP request
[2026-09-27 18:53:03.702] [amf_sbi] [info] Get response with HTTP code (204)
[2026-09-27 18:53:03.702] [amf_sbi] [info] Could not get JSON content from the response
[2026-09-27 18:53:03.702] [amf_app] [debug] Received SBI_UPDATE_NF_INSTANCE_RESPONSE
[2026-09-27 18:53:03.702] [amf_app] [debug] Handle NF Update response
[2026-09-27 18:53:03.702] [amf_app] [debug] Set a timer to the next Heart-beat (10)
[2026-09-27 18:53:13.702] [amf_app] [debug] Send ITTI msg to SBI task to trigger NRF Heartbeat
[2026-09-27 18:53:13.703] [amf_sbi] [info] Receive Update NF Instance Request, handling ...
[2026-09-27 18:53:13.703] [amf_sbi] [debug] Send NF Update to NRF
[2026-09-27 18:53:13.703] [amf_sbi] [info] Send HTTP message to http://oai-nrf:80/nnrf-nfm/v1/nf-instances/4042849f-78a0-49bf-9f1a-180c59d6e83a
[2026-09-27 18:53:13.703] [amf_sbi] [info] HTTP message Body: [{"op":"replace","path":"/nfStatus","value":"REGISTERED"}]
[2026-09-27 18:53:13.703] [amf_sbi] [debug] Send a simple HTTP request
[2026-09-27 18:53:13.705] [amf_sbi] [info] Get response with HTTP code (204)
[2026-09-27 18:53:13.705] [amf_sbi] [info] Could not get JSON content from the response
[2026-09-27 18:53:13.705] [amf_app] [debug] Received SBI_UPDATE_NF_INSTANCE_RESPONSE
[2026-09-27 18:53:13.705] [amf_app] [debug] Handle NF Update response
[2026-09-27 18:53:13.705] [amf_app] [debug] Set a timer to the next Heart-beat (10)
[2026-09-27 18:53:23.400] [amf_app] [info] 
   |------------------------------------------------------------------------------------------------------------------------------------------------------------|
   |----------------------------------------------------------------------gNBs' Information---------------------------------------------------------------------|
   |  Index |               Status               |              Global Id             |              gNB Name              |                PLMN                |
   |    1   |              Connected             |               0x0E00               |               gNB-OAI              |               001,01               |
   |------------------------------------------------------------------------------------------------------------------------------------------------------------|

   |-----------------------------------------------------------------------------------------------------------------------------------------------------------|
   |---------------------------------------------------------------------UEs' Information----------------------------------------------------------------------|
   |  Index |     5GMM State     |        IMSI        |        GUTI        |   RAN UE NGAP ID   |   AMF UE NGAP ID   |        PLMN        |       Cell Id      |
   |    1   |   5GMM-REGISTERED  |   [REDACTED]  |00101010000857538467|        0x01        |        0x01        |       001,01       |      0000e014e     |
   |-----------------------------------------------------------------------------------------------------------------------------------------------------------|

[2026-09-27 18:53:23.706] [amf_app] [debug] Send ITTI msg to SBI task to trigger NRF Heartbeat
[2026-09-27 18:53:23.706] [amf_sbi] [info] Receive Update NF Instance Request, handling ...
[2026-09-27 18:53:23.706] [amf_sbi] [debug] Send NF Update to NRF
[2026-09-27 18:53:23.706] [amf_sbi] [info] Send HTTP message to http://oai-nrf:80/nnrf-nfm/v1/nf-instances/4042849f-78a0-49bf-9f1a-180c59d6e83a
[2026-09-27 18:53:23.706] [amf_sbi] [info] HTTP message Body: [{"op":"replace","path":"/nfStatus","value":"REGISTERED"}]
[2026-09-27 18:53:23.706] [amf_sbi] [debug] Send a simple HTTP request
[2026-09-27 18:53:23.708] [amf_sbi] [info] Get response with HTTP code (204)
[2026-09-27 18:53:23.708] [amf_sbi] [info] Could not get JSON content from the response
[2026-09-27 18:53:23.708] [amf_app] [debug] Received SBI_UPDATE_NF_INSTANCE_RESPONSE
[2026-09-27 18:53:23.709] [amf_app] [debug] Handle NF Update response
[2026-09-27 18:53:23.709] [amf_app] [debug] Set a timer to the next Heart-beat (10)
[2026-09-27 18:53:33.709] [amf_app] [debug] Send ITTI msg to SBI task to trigger NRF Heartbeat
[2026-09-27 18:53:33.709] [amf_sbi] [info] Receive Update NF Instance Request, handling ...
[2026-09-27 18:53:33.709] [amf_sbi] [debug] Send NF Update to NRF
[2026-09-27 18:53:33.709] [amf_sbi] [info] Send HTTP message to http://oai-nrf:80/nnrf-nfm/v1/nf-instances/4042849f-78a0-49bf-9f1a-180c59d6e83a
[2026-09-27 18:53:33.709] [amf_sbi] [info] HTTP message Body: [{"op":"replace","path":"/nfStatus","value":"REGISTERED"}]
[2026-09-27 18:53:33.709] [amf_sbi] [debug] Send a simple HTTP request
[2026-09-27 18:53:33.712] [amf_sbi] [info] Get response with HTTP code (204)
[2026-09-27 18:53:33.712] [amf_sbi] [info] Could not get JSON content from the response
[2026-09-27 18:53:33.712] [amf_app] [debug] Received SBI_UPDATE_NF_INSTANCE_RESPONSE
[2026-09-27 18:53:33.712] [amf_app] [debug] Handle NF Update response
[2026-09-27 18:53:33.712] [amf_app] [debug] Set a timer to the next Heart-beat (10)
[2026-09-27 18:53:43.400] [amf_app] [info] 
   |------------------------------------------------------------------------------------------------------------------------------------------------------------|
   |----------------------------------------------------------------------gNBs' Information---------------------------------------------------------------------|
   |  Index |               Status               |              Global Id             |              gNB Name              |                PLMN                |
   |    1   |              Connected             |               0x0E00               |               gNB-OAI              |               001,01               |
   |------------------------------------------------------------------------------------------------------------------------------------------------------------|

   |-----------------------------------------------------------------------------------------------------------------------------------------------------------|
   |---------------------------------------------------------------------UEs' Information----------------------------------------------------------------------|
   |  Index |     5GMM State     |        IMSI        |        GUTI        |   RAN UE NGAP ID   |   AMF UE NGAP ID   |        PLMN        |       Cell Id      |
   |    1   |   5GMM-REGISTERED  |   [REDACTED]  |00101010000857538467|        0x01        |        0x01        |       001,01       |      0000e014e     |
   |-----------------------------------------------------------------------------------------------------------------------------------------------------------|

[2026-09-27 18:53:43.712] [amf_app] [debug] Send ITTI msg to SBI task to trigger NRF Heartbeat
[2026-09-27 18:53:43.712] [amf_sbi] [info] Receive Update NF Instance Request, handling ...
[2026-09-27 18:53:43.712] [amf_sbi] [debug] Send NF Update to NRF
[2026-09-27 18:53:43.712] [amf_sbi] [info] Send HTTP message to http://oai-nrf:80/nnrf-nfm/v1/nf-instances/4042849f-78a0-49bf-9f1a-180c59d6e83a
[2026-09-27 18:53:43.712] [amf_sbi] [info] HTTP message Body: [{"op":"replace","path":"/nfStatus","value":"REGISTERED"}]
[2026-09-27 18:53:43.712] [amf_sbi] [debug] Send a simple HTTP request
[2026-09-27 18:53:43.715] [amf_sbi] [info] Get response with HTTP code (204)
[2026-09-27 18:53:43.715] [amf_sbi] [info] Could not get JSON content from the response
[2026-09-27 18:53:43.716] [amf_app] [debug] Received SBI_UPDATE_NF_INSTANCE_RESPONSE
[2026-09-27 18:53:43.716] [amf_app] [debug] Handle NF Update response
[2026-09-27 18:53:43.716] [amf_app] [debug] Set a timer to the next Heart-beat (10)
[2026-09-27 18:53:53.716] [amf_app] [debug] Send ITTI msg to SBI task to trigger NRF Heartbeat
[2026-09-27 18:53:53.716] [amf_sbi] [info] Receive Update NF Instance Request, handling ...
[2026-09-27 18:53:53.716] [amf_sbi] [debug] Send NF Update to NRF
[2026-09-27 18:53:53.716] [amf_sbi] [info] Send HTTP message to http://oai-nrf:80/nnrf-nfm/v1/nf-instances/4042849f-78a0-49bf-9f1a-180c59d6e83a
[2026-09-27 18:53:53.716] [amf_sbi] [info] HTTP message Body: [{"op":"replace","path":"/nfStatus","value":"REGISTERED"}]
[2026-09-27 18:53:53.716] [amf_sbi] [debug] Send a simple HTTP request
[2026-09-27 18:53:53.719] [amf_sbi] [info] Get response with HTTP code (204)
[2026-09-27 18:53:53.719] [amf_sbi] [info] Could not get JSON content from the response
[2026-09-27 18:53:53.719] [amf_app] [debug] Received SBI_UPDATE_NF_INSTANCE_RESPONSE
[2026-09-27 18:53:53.719] [amf_app] [debug] Handle NF Update response
[2026-09-27 18:53:53.719] [amf_app] [debug] Set a timer to the next Heart-beat (10)
[2026-09-27 18:54:03.400] [amf_app] [info] 
   |------------------------------------------------------------------------------------------------------------------------------------------------------------|
   |----------------------------------------------------------------------gNBs' Information---------------------------------------------------------------------|
   |  Index |               Status               |              Global Id             |              gNB Name              |                PLMN                |
   |    1   |              Connected             |               0x0E00               |               gNB-OAI              |               001,01               |
   |------------------------------------------------------------------------------------------------------------------------------------------------------------|

   |-----------------------------------------------------------------------------------------------------------------------------------------------------------|
   |---------------------------------------------------------------------UEs' Information----------------------------------------------------------------------|
   |  Index |     5GMM State     |        IMSI        |        GUTI        |   RAN UE NGAP ID   |   AMF UE NGAP ID   |        PLMN        |       Cell Id      |
   |    1   |   5GMM-REGISTERED  |   [REDACTED]  |00101010000857538467|        0x01        |        0x01        |       001,01       |      0000e014e     |
   |-----------------------------------------------------------------------------------------------------------------------------------------------------------|

[2026-09-27 18:54:03.719] [amf_app] [debug] Send ITTI msg to SBI task to trigger NRF Heartbeat
[2026-09-27 18:54:03.719] [amf_sbi] [info] Receive Update NF Instance Request, handling ...
[2026-09-27 18:54:03.719] [amf_sbi] [debug] Send NF Update to NRF
[2026-09-27 18:54:03.719] [amf_sbi] [info] Send HTTP message to http://oai-nrf:80/nnrf-nfm/v1/nf-instances/4042849f-78a0-49bf-9f1a-180c59d6e83a
[2026-09-27 18:54:03.719] [amf_sbi] [info] HTTP message Body: [{"op":"replace","path":"/nfStatus","value":"REGISTERED"}]
[2026-09-27 18:54:03.719] [amf_sbi] [debug] Send a simple HTTP request
[2026-09-27 18:54:03.722] [amf_sbi] [info] Get response with HTTP code (204)
[2026-09-27 18:54:03.722] [amf_sbi] [info] Could not get JSON content from the response
[2026-09-27 18:54:03.722] [amf_app] [debug] Received SBI_UPDATE_NF_INSTANCE_RESPONSE
[2026-09-27 18:54:03.723] [amf_app] [debug] Handle NF Update response
[2026-09-27 18:54:03.723] [amf_app] [debug] Set a timer to the next Heart-beat (10)
[2026-09-27 18:54:13.723] [amf_app] [debug] Send ITTI msg to SBI task to trigger NRF Heartbeat
[2026-09-27 18:54:13.723] [amf_sbi] [info] Receive Update NF Instance Request, handling ...
[2026-09-27 18:54:13.723] [amf_sbi] [debug] Send NF Update to NRF
[2026-09-27 18:54:13.723] [amf_sbi] [info] Send HTTP message to http://oai-nrf:80/nnrf-nfm/v1/nf-instances/4042849f-78a0-49bf-9f1a-180c59d6e83a
[2026-09-27 18:54:13.723] [amf_sbi] [info] HTTP message Body: [{"op":"replace","path":"/nfStatus","value":"REGISTERED"}]
[2026-09-27 18:54:13.723] [amf_sbi] [debug] Send a simple HTTP request
[2026-09-27 18:54:13.726] [amf_sbi] [info] Get response with HTTP code (204)
[2026-09-27 18:54:13.726] [amf_sbi] [info] Could not get JSON content from the response
[2026-09-27 18:54:13.726] [amf_app] [debug] Received SBI_UPDATE_NF_INSTANCE_RESPONSE
[2026-09-27 18:54:13.726] [amf_app] [debug] Handle NF Update response
[2026-09-27 18:54:13.726] [amf_app] [debug] Set a timer to the next Heart-beat (10)
[2026-09-27 18:54:23.401] [amf_app] [info] 
   |------------------------------------------------------------------------------------------------------------------------------------------------------------|
   |----------------------------------------------------------------------gNBs' Information---------------------------------------------------------------------|
   |  Index |               Status               |              Global Id             |              gNB Name              |                PLMN                |
   |    1   |              Connected             |               0x0E00               |               gNB-OAI              |               001,01               |
   |------------------------------------------------------------------------------------------------------------------------------------------------------------|

   |-----------------------------------------------------------------------------------------------------------------------------------------------------------|
   |---------------------------------------------------------------------UEs' Information----------------------------------------------------------------------|
   |  Index |     5GMM State     |        IMSI        |        GUTI        |   RAN UE NGAP ID   |   AMF UE NGAP ID   |        PLMN        |       Cell Id      |
   |    1   |   5GMM-REGISTERED  |   [REDACTED]  |00101010000857538467|        0x01        |        0x01        |       001,01       |      0000e014e     |
   |-----------------------------------------------------------------------------------------------------------------------------------------------------------|

[2026-09-27 18:54:23.727] [amf_app] [debug] Send ITTI msg to SBI task to trigger NRF Heartbeat
[2026-09-27 18:54:23.727] [amf_sbi] [info] Receive Update NF Instance Request, handling ...
[2026-09-27 18:54:23.727] [amf_sbi] [debug] Send NF Update to NRF
[2026-09-27 18:54:23.727] [amf_sbi] [info] Send HTTP message to http://oai-nrf:80/nnrf-nfm/v1/nf-instances/4042849f-78a0-49bf-9f1a-180c59d6e83a
[2026-09-27 18:54:23.727] [amf_sbi] [info] HTTP message Body: [{"op":"replace","path":"/nfStatus","value":"REGISTERED"}]
[2026-09-27 18:54:23.727] [amf_sbi] [debug] Send a simple HTTP request
[2026-09-27 18:54:23.730] [amf_sbi] [info] Get response with HTTP code (204)
[2026-09-27 18:54:23.730] [amf_sbi] [info] Could not get JSON content from the response
[2026-09-27 18:54:23.730] [amf_app] [debug] Received SBI_UPDATE_NF_INSTANCE_RESPONSE
[2026-09-27 18:54:23.730] [amf_app] [debug] Handle NF Update response
[2026-09-27 18:54:23.730] [amf_app] [debug] Set a timer to the next Heart-beat (10)
[2026-09-27 18:54:33.731] [amf_app] [debug] Send ITTI msg to SBI task to trigger NRF Heartbeat
[2026-09-27 18:54:33.731] [amf_sbi] [info] Receive Update NF Instance Request, handling ...
[2026-09-27 18:54:33.731] [amf_sbi] [debug] Send NF Update to NRF
[2026-09-27 18:54:33.731] [amf_sbi] [info] Send HTTP message to http://oai-nrf:80/nnrf-nfm/v1/nf-instances/4042849f-78a0-49bf-9f1a-180c59d6e83a
[2026-09-27 18:54:33.731] [amf_sbi] [info] HTTP message Body: [{"op":"replace","path":"/nfStatus","value":"REGISTERED"}]
[2026-09-27 18:54:33.731] [amf_sbi] [debug] Send a simple HTTP request
[2026-09-27 18:54:33.741] [amf_sbi] [info] Get response with HTTP code (204)
[2026-09-27 18:54:33.741] [amf_sbi] [info] Could not get JSON content from the response
[2026-09-27 18:54:33.741] [amf_app] [debug] Received SBI_UPDATE_NF_INSTANCE_RESPONSE
[2026-09-27 18:54:33.741] [amf_app] [debug] Handle NF Update response
[2026-09-27 18:54:33.741] [amf_app] [debug] Set a timer to the next Heart-beat (10)
[2026-09-27 18:54:43.401] [amf_app] [info] 
   |------------------------------------------------------------------------------------------------------------------------------------------------------------|
   |----------------------------------------------------------------------gNBs' Information---------------------------------------------------------------------|
   |  Index |               Status               |              Global Id             |              gNB Name              |                PLMN                |
   |    1   |              Connected             |               0x0E00               |               gNB-OAI              |               001,01               |
   |------------------------------------------------------------------------------------------------------------------------------------------------------------|

   |-----------------------------------------------------------------------------------------------------------------------------------------------------------|
   |---------------------------------------------------------------------UEs' Information----------------------------------------------------------------------|
   |  Index |     5GMM State     |        IMSI        |        GUTI        |   RAN UE NGAP ID   |   AMF UE NGAP ID   |        PLMN        |       Cell Id      |
   |    1   |   5GMM-REGISTERED  |   [REDACTED]  |00101010000857538467|        0x01        |        0x01        |       001,01       |      0000e014e     |
   |-----------------------------------------------------------------------------------------------------------------------------------------------------------|

[2026-09-27 18:54:43.741] [amf_app] [debug] Send ITTI msg to SBI task to trigger NRF Heartbeat
[2026-09-27 18:54:43.742] [amf_sbi] [info] Receive Update NF Instance Request, handling ...
[2026-09-27 18:54:43.742] [amf_sbi] [debug] Send NF Update to NRF
[2026-09-27 18:54:43.742] [amf_sbi] [info] Send HTTP message to http://oai-nrf:80/nnrf-nfm/v1/nf-instances/4042849f-78a0-49bf-9f1a-180c59d6e83a
[2026-09-27 18:54:43.742] [amf_sbi] [info] HTTP message Body: [{"op":"replace","path":"/nfStatus","value":"REGISTERED"}]
[2026-09-27 18:54:43.742] [amf_sbi] [debug] Send a simple HTTP request
[2026-09-27 18:54:43.746] [amf_sbi] [info] Get response with HTTP code (204)
[2026-09-27 18:54:43.746] [amf_sbi] [info] Could not get JSON content from the response
[2026-09-27 18:54:43.746] [amf_app] [debug] Received SBI_UPDATE_NF_INSTANCE_RESPONSE
[2026-09-27 18:54:43.746] [amf_app] [debug] Handle NF Update response
[2026-09-27 18:54:43.746] [amf_app] [debug] Set a timer to the next Heart-beat (10)
[2026-09-27 18:54:53.746] [amf_app] [debug] Send ITTI msg to SBI task to trigger NRF Heartbeat
[2026-09-27 18:54:53.746] [amf_sbi] [info] Receive Update NF Instance Request, handling ...
[2026-09-27 18:54:53.746] [amf_sbi] [debug] Send NF Update to NRF
[2026-09-27 18:54:53.746] [amf_sbi] [info] Send HTTP message to http://oai-nrf:80/nnrf-nfm/v1/nf-instances/4042849f-78a0-49bf-9f1a-180c59d6e83a
[2026-09-27 18:54:53.746] [amf_sbi] [info] HTTP message Body: [{"op":"replace","path":"/nfStatus","value":"REGISTERED"}]
[2026-09-27 18:54:53.746] [amf_sbi] [debug] Send a simple HTTP request
[2026-09-27 18:54:53.750] [amf_sbi] [info] Get response with HTTP code (204)
[2026-09-27 18:54:53.750] [amf_sbi] [info] Could not get JSON content from the response
[2026-09-27 18:54:53.750] [amf_app] [debug] Received SBI_UPDATE_NF_INSTANCE_RESPONSE
[2026-09-27 18:54:53.750] [amf_app] [debug] Handle NF Update response
[2026-09-27 18:54:53.750] [amf_app] [debug] Set a timer to the next Heart-beat (10)
[2026-09-27 18:55:03.401] [amf_app] [info] 
   |------------------------------------------------------------------------------------------------------------------------------------------------------------|
   |----------------------------------------------------------------------gNBs' Information---------------------------------------------------------------------|
   |  Index |               Status               |              Global Id             |              gNB Name              |                PLMN                |
   |    1   |              Connected             |               0x0E00               |               gNB-OAI              |               001,01               |
   |------------------------------------------------------------------------------------------------------------------------------------------------------------|

   |-----------------------------------------------------------------------------------------------------------------------------------------------------------|
   |---------------------------------------------------------------------UEs' Information----------------------------------------------------------------------|
   |  Index |     5GMM State     |        IMSI        |        GUTI        |   RAN UE NGAP ID   |   AMF UE NGAP ID   |        PLMN        |       Cell Id      |
   |    1   |   5GMM-REGISTERED  |   [REDACTED]  |00101010000857538467|        0x01        |        0x01        |       001,01       |      0000e014e     |
   |-----------------------------------------------------------------------------------------------------------------------------------------------------------|

[2026-09-27 18:55:03.750] [amf_app] [debug] Send ITTI msg to SBI task to trigger NRF Heartbeat
[2026-09-27 18:55:03.750] [amf_sbi] [info] Receive Update NF Instance Request, handling ...
[2026-09-27 18:55:03.750] [amf_sbi] [debug] Send NF Update to NRF
[2026-09-27 18:55:03.751] [amf_sbi] [info] Send HTTP message to http://oai-nrf:80/nnrf-nfm/v1/nf-instances/4042849f-78a0-49bf-9f1a-180c59d6e83a
[2026-09-27 18:55:03.751] [amf_sbi] [info] HTTP message Body: [{"op":"replace","path":"/nfStatus","value":"REGISTERED"}]
[2026-09-27 18:55:03.751] [amf_sbi] [debug] Send a simple HTTP request
[2026-09-27 18:55:03.754] [amf_sbi] [info] Get response with HTTP code (204)
[2026-09-27 18:55:03.754] [amf_sbi] [info] Could not get JSON content from the response
[2026-09-27 18:55:03.754] [amf_app] [debug] Received SBI_UPDATE_NF_INSTANCE_RESPONSE
[2026-09-27 18:55:03.754] [amf_app] [debug] Handle NF Update response
[2026-09-27 18:55:03.754] [amf_app] [debug] Set a timer to the next Heart-beat (10)
[2026-09-27 18:55:13.754] [amf_app] [debug] Send ITTI msg to SBI task to trigger NRF Heartbeat
[2026-09-27 18:55:13.755] [amf_sbi] [info] Receive Update NF Instance Request, handling ...
[2026-09-27 18:55:13.755] [amf_sbi] [debug] Send NF Update to NRF
[2026-09-27 18:55:13.755] [amf_sbi] [info] Send HTTP message to http://oai-nrf:80/nnrf-nfm/v1/nf-instances/4042849f-78a0-49bf-9f1a-180c59d6e83a
[2026-09-27 18:55:13.755] [amf_sbi] [info] HTTP message Body: [{"op":"replace","path":"/nfStatus","value":"REGISTERED"}]
[2026-09-27 18:55:13.755] [amf_sbi] [debug] Send a simple HTTP request
[2026-09-27 18:55:13.757] [amf_sbi] [info] Get response with HTTP code (204)
[2026-09-27 18:55:13.758] [amf_sbi] [info] Could not get JSON content from the response
[2026-09-27 18:55:13.758] [amf_app] [debug] Received SBI_UPDATE_NF_INSTANCE_RESPONSE
[2026-09-27 18:55:13.758] [amf_app] [debug] Handle NF Update response
[2026-09-27 18:55:13.758] [amf_app] [debug] Set a timer to the next Heart-beat (10)
[2026-09-27 18:55:22.619] [sctp] [info] [Assoc_id 36, Socket 5] Received a message (length 67) from port 39521, on stream 1, PPID 60
[2026-09-27 18:55:22.619] [ngap] [debug] Handling SCTP payload from SCTP Server on assoc_id (36), stream_id (1), instreams (2), outstreams (2)
[2026-09-27 18:55:22.620] [ngap] [debug] Decoded NGAP message, procedure code 46, present 1
InitiatingMessage ::= {
    procedureCode: 46
    criticality: 1 (ignore)
    value: UplinkNASTransport ::= {
        protocolIEs: ProtocolIE-Container ::= {
            UplinkNASTransport-IEs ::= {
                id: 10
                criticality: 0 (reject)
                value: 1
            }
            UplinkNASTransport-IEs ::= {
                id: 85
                criticality: 0 (reject)
                value: 1
            }
            UplinkNASTransport-IEs ::= {
                id: 38
                criticality: 0 (reject)
                value: 
                    7E 02 0B CA CC 18 03 7E 04 45 10 00 0B F2 00 F1 
                    10 01 00 00 33 1C FF A3
            }
            UplinkNASTransport-IEs ::= {
                id: 121
                criticality: 1 (ignore)
                value: UserLocationInformationNR ::= {
                    nR-CGI: NR-CGI ::= {
                        pLMNIdentity: 00 F1 10
                        nRCellIdentity: 00 00 E0 14 E0 (4 bits unused)
                    }
                    tAI: TAI ::= {
                        pLMNIdentity: 00 F1 10
                        tAC: 00 00 07
                    }
                }
            }
        }
    }
}
[2026-09-27 18:55:22.620] [ngap] [debug] Sending ITTI Uplink NAS Transport message to TASK_AMF_N2
InitiatingMessage ::= {
    procedureCode: 46
    criticality: 1 (ignore)
    value: UplinkNASTransport ::= {
        protocolIEs: ProtocolIE-Container ::= {
            UplinkNASTransport-IEs ::= {
                id: 10
                criticality: 0 (reject)
                value: 1
            }
            UplinkNASTransport-IEs ::= {
                id: 85
                criticality: 0 (reject)
                value: 1
            }
            UplinkNASTransport-IEs ::= {
                id: 38
                criticality: 0 (reject)
                value: 
                    7E 02 0B CA CC 18 03 7E 04 45 10 00 0B F2 00 F1 
                    10 01 00 00 33 1C FF A3
            }
            UplinkNASTransport-IEs ::= {
                id: 121
                criticality: 1 (ignore)
                value: UserLocationInformationNR ::= {
                    nR-CGI: NR-CGI ::= {
                        pLMNIdentity: 00 F1 10
                        nRCellIdentity: 00 00 E0 14 E0 (4 bits unused)
                    }
                    tAI: TAI ::= {
                        pLMNIdentity: 00 F1 10
                        tAC: 00 00 07
                    }
                }
            }
        }
    }
}
[2026-09-27 18:55:22.620] [ngap] [debug] Received TAC 0x7
[2026-09-27 18:55:22.620] [amf_n2] [info] Received Uplink NAS Transport message, handling
[2026-09-27 18:55:22.620] [amf_n2] [debug] Handle Uplink NAS Transport...
[2026-09-27 18:55:22.620] [ngap] [debug] Free NGAP Message PDU
[2026-09-27 18:55:22.621] [amf_n1] [info] Received UL_NAS_DATA_IND
[2026-09-27 18:55:22.621] [amf_n1] [debug] Serving network name 5G:mnc001.mcc001.3gppnetwork.org
[2026-09-27 18:55:22.621] [amf_n1] [debug] Existing nas_context with amf_ue_ngap_id 1
[2026-09-27 18:55:22.621] [common] [debug] [amf_n1]Received Uplink NAS Message
7e 02 0b ca cc 18 03 7e 04 45 10 00 0b f2 00 f1 10 01 00 00 33 1c ff a3 
[2026-09-27 18:55:22.621] [amf_n1] [debug] Received integrity protected and ciphered NAS message
[2026-09-27 18:55:22.621] [amf_n1] [debug] Received integrity protected with new security context NAS message
[2026-09-27 18:55:22.621] [amf_n1] [debug] Received integrity protected and ciphered with new security context NAS message
[2026-09-27 18:55:22.621] [common] [debug] [amf_n1]Parameters for NIA: Knas_int
7d 4f c7 3f 9e f2 11 a2 e6 ff 13 b1 77 35 76 7f 
[2026-09-27 18:55:22.621] [amf_n1] [debug] Uplink count in uplink: 3
[2026-09-27 18:55:22.621] [amf_n1] [debug] Parameters for NIA, count: 0x2
[2026-09-27 18:55:22.621] [amf_n1] [debug] Parameters for NIA, bearer: 0x1
[2026-09-27 18:55:22.621] [amf_n1] [debug] Parameters for NIA, direction: 0x0
[2026-09-27 18:55:22.621] [common] [debug] [amf_n1]Parameters for NIA, message: 
03 7e 04 45 10 00 0b f2 00 f1 10 01 00 00 33 1c ff a3 
[2026-09-27 18:55:22.621] [amf_n1] [debug] Integrity with algorithms: 128-5G-IA1
[2026-09-27 18:55:22.621] [common] [debug] [amf_n1]Result for NIA1, mac: 
0b ca cc 18 
[2026-09-27 18:55:22.621] [amf_n1] [debug] Result for NIA1, mac32: 0xbcacc18
[2026-09-27 18:55:22.621] [amf_n1] [debug] Received mac32 (0xbcacc18) from the message
[2026-09-27 18:55:22.621] [amf_n1] [debug] Integrity matched
[2026-09-27 18:55:22.621] [amf_n1] [debug] nsc.ul_count.overflow 0
[2026-09-27 18:55:22.621] [amf_n1] [debug] Cipher protected with EA0_5G
[2026-09-27 18:55:22.621] [common] [debug] [amf_n1]Decoded Plain Message
7e 04 45 10 00 0b f2 00 f1 10 01 00 00 33 1c ff a3 
[2026-09-27 18:55:22.621] [amf_n1] [debug] Received Uplink NAS message...
[2026-09-27 18:55:22.621] [amf_n1] [debug] Received De-registration Request message, handling...
[2026-09-27 18:55:22.621] [amf_n1] [debug] Handling UE-initiated De-registration Request
[2026-09-27 18:55:22.621] [nas] [debug] Decoding DeregistrationRequest message
[2026-09-27 18:55:22.621] [nas] [debug] Decoding NasMmPlainHeader
[2026-09-27 18:55:22.621] [nas] [debug] Decoded NasMmPlainHeader len (3 octets)
[2026-09-27 18:55:22.621] [nas] [debug] Decoding 5GSMobilityIdentity
[2026-09-27 18:55:22.621] [nas] [debug] Decoded 5GSMobilityIdentity IE length 11
[2026-09-27 18:55:22.621] [nas] [debug] Decoding 5GSMobilityIdentity 5G-GUTI
[2026-09-27 18:55:22.621] [nas] [debug] MCC 001, MNC 01
[2026-09-27 18:55:22.621] [nas] [debug] MCC 001, MNC 01
[2026-09-27 18:55:22.621] [nas] [debug] TMSI 0x331cffa3
[2026-09-27 18:55:22.621] [nas] [debug] Decoding 5GSMobilityIdentity 5G-GUTI
[2026-09-27 18:55:22.621] [nas] [debug] Decoded 5GS Mobile Identity, len (13)
[2026-09-27 18:55:22.621] [nas] [debug] Decoded DeregistrationRequest message (len 17)
[2026-09-27 18:55:22.621] [amf_n1] [debug] 5G Mobile Identity Type 2
[2026-09-27 18:55:22.621] [nas] [debug] 5G GUTI 00101010000857538467
[2026-09-27 18:55:22.621] [amf_n1] [debug] 5G Mobile Identity, GUTI 00101010000857538467
[2026-09-27 18:55:22.621] [amf_n1] [debug] Key for UE context search: app_ue_ranid_1:amfid_1
[2026-09-27 18:55:22.621] [amf_n1] [debug] Promise ID generated 4
[2026-09-27 18:55:22.621] [amf_sbi] [info] Receive Nsmf_PDUSessionReleaseSMContext, handling ...
[2026-09-27 18:55:22.621] [amf_sbi] [debug] smf_info, context location http://10.244.0.151:80/nsmf-pdusession/v1/sm-contexts/1
[2026-09-27 18:55:22.621] [amf_sbi] [debug] SMF's URI: http://10.244.0.151:80/nsmf-pdusession/v1/sm-contexts/1/release
[2026-09-27 18:55:22.621] [amf_sbi] [info] Send HTTP message to http://10.244.0.151:80/nsmf-pdusession/v1/sm-contexts/1/release
[2026-09-27 18:55:22.621] [amf_sbi] [info] HTTP message Body: {"cause":"REL_DUE_TO_REACTIVATION"}
[2026-09-27 18:55:22.621] [amf_sbi] [debug] Send a simple HTTP request
[2026-09-27 18:55:22.624] [amf_sbi] [info] Get response with HTTP code (204)
[2026-09-27 18:55:22.624] [amf_sbi] [info] Could not get JSON content from the response
[2026-09-27 18:55:22.624] [amf_app] [debug] Trigger process response: Set promise with ID 4 to ready
[2026-09-27 18:55:22.625] [amf_server] [debug] Got result for promise ID 4
[2026-09-27 18:55:22.625] [amf_app] [debug] PDU Session ID 1 removed
[2026-09-27 18:55:22.625] [amf_n1] [debug] De-registration Type 0x0
[2026-09-27 18:55:22.625] [nas_mm] [debug] Size of Deregistration Accept message 3
[2026-09-27 18:55:22.625] [nas] [debug] Encoding De-registration Accept message
[2026-09-27 18:55:22.625] [nas] [debug] Encoding NasMmPlainHeader
[2026-09-27 18:55:22.625] [nas] [debug] Encoded NasMmPlainHeader (len 3 octets)
[2026-09-27 18:55:22.625] [nas] [debug] Encoded De-registration Accept message len (3)
[2026-09-27 18:55:22.625] [common] [debug] [amf_n1]De-registration Accept message buffer
7e 00 46 
[2026-09-27 18:55:22.625] [amf_n2] [info] Received Downlink NAS Transport message, handling
[2026-09-27 18:55:22.625] [amf_n2] [debug] Handle DL NAS Transport ...
InitiatingMessage ::= {
    procedureCode: 4
    criticality: 1 (ignore)
    value: DownlinkNASTransport ::= {
        protocolIEs: ProtocolIE-Container ::= {
            DownlinkNASTransport-IEs ::= {
                id: 10
                criticality: 0 (reject)
                value: 1
            }
            DownlinkNASTransport-IEs ::= {
                id: 85
                criticality: 0 (reject)
                value: 1
            }
            DownlinkNASTransport-IEs ::= {
                id: 38
                criticality: 0 (reject)
                value: 7E 00 46
            }
        }
    }
}
[2026-09-27 18:55:22.625] [ngap] [debug] Encoded size (27)
[2026-09-27 18:55:22.625] [sctp] [debug] [Socket 5, Assoc ID 36] Sending buffer 0x7e8db8003c20 of 27 bytes on stream 1 with PPID 60
[2026-09-27 18:55:22.625] [sctp] [debug] Successfully sent 27 bytes on stream 1
[2026-09-27 18:55:22.625] [ngap] [debug] Free NGAP Message PDU
[2026-09-27 18:55:22.825] [amf_app] [debug] The UE's state (IMSI [REDACTED], State 5GMM-DEREGISTERED) has been successfully updated!
[2026-09-27 18:55:22.825] [amf_n1] [debug] Set 5GMM state to 5GMM-DEREGISTERED
[2026-09-27 18:55:22.825] [amf_app] [info] 
   |------------------------------------------------------------------------------------------------------------------------------------------------------------|
   |----------------------------------------------------------------------gNBs' Information---------------------------------------------------------------------|
   |  Index |               Status               |              Global Id             |              gNB Name              |                PLMN                |
   |    1   |              Connected             |               0x0E00               |               gNB-OAI              |               001,01               |
   |------------------------------------------------------------------------------------------------------------------------------------------------------------|

   |-----------------------------------------------------------------------------------------------------------------------------------------------------------|
   |---------------------------------------------------------------------UEs' Information----------------------------------------------------------------------|
   |  Index |     5GMM State     |        IMSI        |        GUTI        |   RAN UE NGAP ID   |   AMF UE NGAP ID   |        PLMN        |       Cell Id      |
   |    1   |  5GMM-DEREGISTERED |   [REDACTED]  |00101010000857538467|        0x01        |        0x01        |       001,01       |      0000e014e     |
   |-----------------------------------------------------------------------------------------------------------------------------------------------------------|

[2026-09-27 18:55:22.825] [amf_n1] [debug] Signal the UE Registration State Event notification for SUPI imsi-[REDACTED]
[2026-09-27 18:55:22.825] [amf_n1] [debug] Send request to SBI to trigger UE Registration State Report (SUPI imsi-[REDACTED] )
[2026-09-27 18:55:22.825] [amf_n1] [debug] Signal the UE Loss of Connectivity Event notification for SUPI imsi-[REDACTED]
[2026-09-27 18:55:22.825] [amf_n1] [debug] Send request to SBI to trigger UE Loss of Connectivity (SUPI imsi-[REDACTED] )
[2026-09-27 18:55:22.825] [amf_app] [debug] The UE's state (IMSI [REDACTED], State 5GMM-DEREGISTERED) has been successfully updated!
[2026-09-27 18:55:22.825] [amf_n1] [debug] Deleted nas_context associated with amf_ue_ngap_id 1
[2026-09-27 18:55:22.825] [amf_n1] [debug] Deleted nas_context associated SUPI imsi-[REDACTED] 
[2026-09-27 18:55:22.825] [nas] [debug] 5G GUTI 00101010000857538467
[2026-09-27 18:55:22.825] [nas] [debug] 5G GUTI 00101010000857538467
[2026-09-27 18:55:22.825] [amf_n1] [debug] Deleted nas_context associated GUTI 00101010000857538467 
[2026-09-27 18:55:22.825] [amf_n1] [debug] Sending ITTI UE Context Release Command to TASK_AMF_N2
[2026-09-27 18:55:22.825] [amf_n1] [debug] Signal the UE Connectivity Status Event notification for SUPI imsi-[REDACTED]
[2026-09-27 18:55:22.825] [amf_n1] [debug] Send request to SBI to trigger UE Connectivity State Report (SUPI imsi-[REDACTED] )
[2026-09-27 18:55:22.825] [amf_n2] [info] Received UE Context Release Command message, handling
[2026-09-27 18:55:22.825] [amf_n2] [debug] Handling UE Context Release Command ...
InitiatingMessage ::= {
    procedureCode: 41
    criticality: 0 (reject)
    value: UEContextReleaseCommand ::= {
        protocolIEs: ProtocolIE-Container ::= {
            UEContextReleaseCommand-IEs ::= {
                id: 114
                criticality: 0 (reject)
                value: UE-NGAP-ID-pair ::= {
                    aMF-UE-NGAP-ID: 1
                    rAN-UE-NGAP-ID: 1
                }
            }
            UEContextReleaseCommand-IEs ::= {
                id: 15
                criticality: 1 (ignore)
                value: 2 (deregister)
            }
        }
    }
}
[2026-09-27 18:55:22.825] [ngap] [debug] Encoded size (20)
[2026-09-27 18:55:22.825] [sctp] [debug] [Socket 5, Assoc ID 36] Sending buffer 0x7e8db8003c20 of 20 bytes on stream 1 with PPID 60
[2026-09-27 18:55:22.826] [sctp] [debug] Successfully sent 20 bytes on stream 1
[2026-09-27 18:55:22.826] [amf_n1] [warning] No NAS context with amf_ue_ngap_id 1
[2026-09-27 18:55:22.826] [amf_n2] [warning] Could not notify RAN caused CommunicationFailure.No existing nas_context with amf_ue_ngap_id(1)
[2026-09-27 18:55:22.826] [ngap] [debug] Free NGAP Message PDU
[2026-09-27 18:55:23.063] [sctp] [info] [Assoc_id 36, Socket 5] Received a message (length 26) from port 39521, on stream 1, PPID 60
[2026-09-27 18:55:23.063] [ngap] [debug] Handling SCTP payload from SCTP Server on assoc_id (36), stream_id (1), instreams (2), outstreams (2)
[2026-09-27 18:55:23.063] [ngap] [debug] Decoded NGAP message, procedure code 41, present 2
SuccessfulOutcome ::= {
    procedureCode: 41
    criticality: 0 (reject)
    value: UEContextReleaseComplete ::= {
        protocolIEs: ProtocolIE-Container ::= {
            UEContextReleaseComplete-IEs ::= {
                id: 10
                criticality: 1 (ignore)
                value: 1
            }
            UEContextReleaseComplete-IEs ::= {
                id: 85
                criticality: 1 (ignore)
                value: 1
            }
            UEContextReleaseComplete-IEs ::= {
                id: 60
                criticality: 0 (reject)
                value: PDUSessionResourceListCxtRelCpl ::= {
                    PDUSessionResourceItemCxtRelCpl ::= {
                        pDUSessionID: 1
                    }
                }
            }
        }
    }
}
[2026-09-27 18:55:23.063] [ngap] [debug] Sending ITTI UE Context Release Complete to TASK_AMF_N2
[2026-09-27 18:55:23.063] [amf_n2] [info] Received UE Context Release Complete message, handling
[2026-09-27 18:55:23.063] [amf_n2] [debug] Handle UE Context Release Complete ...
[2026-09-27 18:55:23.063] [amf_n2] [debug] UE Context Release Complete ran_ue_ngap_id (1) amf_ue_ngap_id (1)
[2026-09-27 18:55:23.063] [amf_n2] [debug] Release cause 0 No UE NGAP context with gnb_assoc_id 36, Release gnb_assoc_id 0
[2026-09-27 18:55:23.063] [amf_n2] [debug] Continue with UE Context Release Complete procedure
[2026-09-27 18:55:23.063] [amf_n1] [warning] No NAS context with amf_ue_ngap_id 1
[2026-09-27 18:55:23.063] [amf_n2] [warning] No existed nas_context with amf_ue_ngap_id (1)
[2026-09-27 18:55:23.063] [ngap] [debug] Free NGAP Message PDU
[2026-09-27 18:55:23.401] [amf_app] [info] 
   |------------------------------------------------------------------------------------------------------------------------------------------------------------|
   |----------------------------------------------------------------------gNBs' Information---------------------------------------------------------------------|
   |  Index |               Status               |              Global Id             |              gNB Name              |                PLMN                |
   |    1   |              Connected             |               0x0E00               |               gNB-OAI              |               001,01               |
   |------------------------------------------------------------------------------------------------------------------------------------------------------------|

   |-----------------------------------------------------------------------------------------------------------------------------------------------------------|
   |---------------------------------------------------------------------UEs' Information----------------------------------------------------------------------|
   |  Index |     5GMM State     |        IMSI        |        GUTI        |   RAN UE NGAP ID   |   AMF UE NGAP ID   |        PLMN        |       Cell Id      |
   |    1   |  5GMM-DEREGISTERED |   [REDACTED]  |00101010000857538467|        0x01        |        0x01        |       001,01       |      0000e014e     |
   |-----------------------------------------------------------------------------------------------------------------------------------------------------------|

[2026-09-27 18:55:23.758] [amf_app] [debug] Send ITTI msg to SBI task to trigger NRF Heartbeat
[2026-09-27 18:55:23.758] [amf_sbi] [info] Receive Update NF Instance Request, handling ...
[2026-09-27 18:55:23.758] [amf_sbi] [debug] Send NF Update to NRF
[2026-09-27 18:55:23.758] [amf_sbi] [info] Send HTTP message to http://oai-nrf:80/nnrf-nfm/v1/nf-instances/4042849f-78a0-49bf-9f1a-180c59d6e83a
[2026-09-27 18:55:23.758] [amf_sbi] [info] HTTP message Body: [{"op":"replace","path":"/nfStatus","value":"REGISTERED"}]
[2026-09-27 18:55:23.758] [amf_sbi] [debug] Send a simple HTTP request
[2026-09-27 18:55:23.761] [amf_sbi] [info] Get response with HTTP code (204)
[2026-09-27 18:55:23.761] [amf_sbi] [info] Could not get JSON content from the response
[2026-09-27 18:55:23.761] [amf_app] [debug] Received SBI_UPDATE_NF_INSTANCE_RESPONSE
[2026-09-27 18:55:23.761] [amf_app] [debug] Handle NF Update response
[2026-09-27 18:55:23.761] [amf_app] [debug] Set a timer to the next Heart-beat (10)
[2026-09-27 18:55:33.761] [amf_app] [debug] Send ITTI msg to SBI task to trigger NRF Heartbeat
[2026-09-27 18:55:33.761] [amf_sbi] [info] Receive Update NF Instance Request, handling ...
[2026-09-27 18:55:33.761] [amf_sbi] [debug] Send NF Update to NRF
[2026-09-27 18:55:33.761] [amf_sbi] [info] Send HTTP message to http://oai-nrf:80/nnrf-nfm/v1/nf-instances/4042849f-78a0-49bf-9f1a-180c59d6e83a
[2026-09-27 18:55:33.761] [amf_sbi] [info] HTTP message Body: [{"op":"replace","path":"/nfStatus","value":"REGISTERED"}]
[2026-09-27 18:55:33.761] [amf_sbi] [debug] Send a simple HTTP request
[2026-09-27 18:55:33.764] [amf_sbi] [info] Get response with HTTP code (204)
[2026-09-27 18:55:33.764] [amf_sbi] [info] Could not get JSON content from the response
[2026-09-27 18:55:33.764] [amf_app] [debug] Received SBI_UPDATE_NF_INSTANCE_RESPONSE
[2026-09-27 18:55:33.764] [amf_app] [debug] Handle NF Update response
[2026-09-27 18:55:33.764] [amf_app] [debug] Set a timer to the next Heart-beat (10)
[2026-09-27 18:55:43.401] [amf_app] [info] 
   |------------------------------------------------------------------------------------------------------------------------------------------------------------|
   |----------------------------------------------------------------------gNBs' Information---------------------------------------------------------------------|
   |  Index |               Status               |              Global Id             |              gNB Name              |                PLMN                |
   |    1   |              Connected             |               0x0E00               |               gNB-OAI              |               001,01               |
   |------------------------------------------------------------------------------------------------------------------------------------------------------------|

   |-----------------------------------------------------------------------------------------------------------------------------------------------------------|
   |---------------------------------------------------------------------UEs' Information----------------------------------------------------------------------|
   |  Index |     5GMM State     |        IMSI        |        GUTI        |   RAN UE NGAP ID   |   AMF UE NGAP ID   |        PLMN        |       Cell Id      |
   |    1   |  5GMM-DEREGISTERED |   [REDACTED]  |00101010000857538467|        0x01        |        0x01        |       001,01       |      0000e014e     |
   |-----------------------------------------------------------------------------------------------------------------------------------------------------------|

[2026-09-27 18:55:43.550] [sctp] [info] [Assoc_id 36, Socket 5] Received a message (length 76) from port 39521, on stream 1, PPID 60
[2026-09-27 18:55:43.550] [ngap] [debug] Handling SCTP payload from SCTP Server on assoc_id (36), stream_id (1), instreams (2), outstreams (2)
[2026-09-27 18:55:43.550] [ngap] [debug] Decoded NGAP message, procedure code 15, present 1
InitiatingMessage ::= {
    procedureCode: 15
    criticality: 1 (ignore)
    value: InitialUEMessage ::= {
        protocolIEs: ProtocolIE-Container ::= {
            InitialUEMessage-IEs ::= {
                id: 85
                criticality: 0 (reject)
                value: 1
            }
            InitialUEMessage-IEs ::= {
                id: 38
                criticality: 0 (reject)
                value: 
                    7E 00 41 79 00 0D 01 00 F1 10 00 00 00 00 10 32 
                    54 76 08 2E 08 E0 60 00 00 00 00 00 00
            }
            InitialUEMessage-IEs ::= {
                id: 121
                criticality: 0 (reject)
                value: UserLocationInformationNR ::= {
                    nR-CGI: NR-CGI ::= {
                        pLMNIdentity: 00 F1 10
                        nRCellIdentity: 00 00 E0 14 E0 (4 bits unused)
                    }
                    tAI: TAI ::= {
                        pLMNIdentity: 00 F1 10
                        tAC: 00 00 07
                    }
                }
            }
            InitialUEMessage-IEs ::= {
                id: 90
                criticality: 1 (ignore)
                value: 3 (mo-Signalling)
            }
            InitialUEMessage-IEs ::= {
                id: 112
                criticality: 1 (ignore)
                value: 0 (requested)
            }
        }
    }
}
[2026-09-27 18:55:43.550] [ngap] [debug] [gNB Assoc ID 36] Sending ITTI Initial UE Message to TASK_AMF_N2
InitiatingMessage ::= {
    procedureCode: 15
    criticality: 1 (ignore)
    value: InitialUEMessage ::= {
        protocolIEs: ProtocolIE-Container ::= {
            InitialUEMessage-IEs ::= {
                id: 85
                criticality: 0 (reject)
                value: 1
            }
            InitialUEMessage-IEs ::= {
                id: 38
                criticality: 0 (reject)
                value: 
                    7E 00 41 79 00 0D 01 00 F1 10 00 00 00 00 10 32 
                    54 76 08 2E 08 E0 60 00 00 00 00 00 00
            }
            InitialUEMessage-IEs ::= {
                id: 121
                criticality: 0 (reject)
                value: UserLocationInformationNR ::= {
                    nR-CGI: NR-CGI ::= {
                        pLMNIdentity: 00 F1 10
                        nRCellIdentity: 00 00 E0 14 E0 (4 bits unused)
                    }
                    tAI: TAI ::= {
                        pLMNIdentity: 00 F1 10
                        tAC: 00 00 07
                    }
                }
            }
            InitialUEMessage-IEs ::= {
                id: 90
                criticality: 1 (ignore)
                value: 3 (mo-Signalling)
            }
            InitialUEMessage-IEs ::= {
                id: 112
                criticality: 1 (ignore)
                value: 0 (requested)
            }
        }
    }
}
[2026-09-27 18:55:43.550] [ngap] [debug] Received RanUeNgapId 1 
[2026-09-27 18:55:43.550] [ngap] [debug] Received TAC 0x7
[2026-09-27 18:55:43.551] [amf_n2] [info] Received Initial UE Message, handling
[2026-09-27 18:55:43.551] [amf_n2] [debug] Handle Initial UE Message...
[2026-09-27 18:55:43.551] [amf_n2] [debug] User Location Info NR (MCC 001, MNC 01, TAC 7) is included in the supported TA List
[2026-09-27 18:55:43.551] [amf_n2] [debug] 5g_s_tmsi not present
[2026-09-27 18:55:43.551] [amf_n2] [debug] Store InitialUEMessage for Reroute NAS (if necessary)
InitiatingMessage ::= {
    procedureCode: 15
    criticality: 1 (ignore)
    value: InitialUEMessage ::= {
        protocolIEs: ProtocolIE-Container ::= {
            InitialUEMessage-IEs ::= {
                id: 85
                criticality: 0 (reject)
                value: 1
            }
            InitialUEMessage-IEs ::= {
                id: 38
                criticality: 0 (reject)
                value: 
                    7E 00 41 79 00 0D 01 00 F1 10 00 00 00 00 10 32 
                    54 76 08 2E 08 E0 60 00 00 00 00 00 00
            }
            InitialUEMessage-IEs ::= {
                id: 121
                criticality: 0 (reject)
                value: UserLocationInformationNR ::= {
                    nR-CGI: NR-CGI ::= {
                        pLMNIdentity: 00 F1 10
                        nRCellIdentity: 00 00 E0 14 E0 (4 bits unused)
                    }
                    tAI: TAI ::= {
                        pLMNIdentity: 00 F1 10
                        tAC: 00 00 07
                    }
                }
            }
            InitialUEMessage-IEs ::= {
                id: 90
                criticality: 1 (ignore)
                value: 3 (mo-Signalling)
            }
            InitialUEMessage-IEs ::= {
                id: 112
                criticality: 1 (ignore)
                value: 0 (requested)
            }
        }
    }
}
[2026-09-27 18:55:43.551] [ngap] [debug] Encoded size (0)
[2026-09-27 18:55:43.551] [ngap] [debug] Free NGAP Message PDU
[2026-09-27 18:55:43.551] [amf_app] [debug] Received NAS_SIG_ESTAB_REQ
[2026-09-27 18:55:43.551] [amf_app] [warning] No existing UE context associated with key app_ue_ranid_1:amfid_2
[2026-09-27 18:55:43.551] [amf_app] [debug] No existing UE Context, Create a new one with ran_amf_id app_ue_ranid_1:amfid_2
[2026-09-27 18:55:43.551] [amf_n1] [info] Received UL_NAS_DATA_IND
[2026-09-27 18:55:43.551] [amf_n1] [debug] Serving network name 5G:mnc001.mcc001.3gppnetwork.org
[2026-09-27 18:55:43.551] [amf_n1] [warning] No NAS context with amf_ue_ngap_id 2
[2026-09-27 18:55:43.552] [amf_n1] [warning] No existing nas_context with amf_ue_ngap_id 2
[2026-09-27 18:55:43.552] [common] [debug] [amf_n1]Received Uplink NAS Message
7e 00 41 79 00 0d 01 00 f1 10 00 00 00 00 10 32 54 76 08 2e 08 e0 60 00 00 00 00 00 00 
[2026-09-27 18:55:43.552] [amf_n1] [debug] Received plain NAS message
[2026-09-27 18:55:43.552] [common] [debug] [amf_n1]Decoded Plain Message
7e 00 41 79 00 0d 01 00 f1 10 00 00 00 00 10 32 54 76 08 2e 08 e0 60 00 00 00 00 00 00 
[2026-09-27 18:55:43.552] [amf_n1] [debug] Received NAS Signalling Establishment request...
[2026-09-27 18:55:43.552] [amf_n1] [debug] No existing nas_context with amf_ue_ngap_id 2 --> Create a new one
[2026-09-27 18:55:43.552] [amf_n1] [debug] NAS message type 0x41
[2026-09-27 18:55:43.552] [amf_n1] [debug] Received Registration Request message, handling...
[2026-09-27 18:55:43.552] [nas] [debug] Decoding RegistrationRequest message
[2026-09-27 18:55:43.552] [nas] [debug] Decoding NasMmPlainHeader
[2026-09-27 18:55:43.552] [nas] [debug] Decoded NasMmPlainHeader len (3 octets)
[2026-09-27 18:55:43.552] [nas] [debug] Decoding 5GSMobilityIdentity
[2026-09-27 18:55:43.552] [nas] [debug] Decoded 5GSMobilityIdentity IE length 13
[2026-09-27 18:55:43.552] [nas] [debug] Decoding 5GSMobilityIdentity SUCI
[2026-09-27 18:55:43.552] [nas] [debug] MCC 001, MNC 01
[2026-09-27 18:55:43.552] [nas] [debug] MCC 001, MNC 01
[2026-09-27 18:55:43.552] [nas] [debug] Decoded Routing Indicator 0000
[2026-09-27 18:55:43.552] [nas] [debug] Decoded MSIN 0123456780
[2026-09-27 18:55:43.552] [nas] [debug] Decoded 5GSMobilityIdentity SUCI SUPI format IMSI (len 13)
[2026-09-27 18:55:43.552] [nas] [debug] Decoded SUCI (15 octets)
[2026-09-27 18:55:43.552] [nas] [debug] Decoded 5GS Mobile Identity, len (15)
[2026-09-27 18:55:43.552] [nas] [debug] First option IEI 0x2e
[2026-09-27 18:55:43.552] [nas] [debug] IEI 0x2e
[2026-09-27 18:55:43.552] [nas] [debug] Decoding IEI 0x2e
[2026-09-27 18:55:43.552] [nas] [debug] Decoding UE Security Capability
[2026-09-27 18:55:43.552] [nas] [debug] Decoded UE Security Capability, len (10)
[2026-09-27 18:55:43.552] [nas] [debug] 5G EA 0xe0, 5G IA 0x60
[2026-09-27 18:55:43.552] [nas] [debug] EEA 0x0
[2026-09-27 18:55:43.552] [nas] [debug] EIA 0x0
[2026-09-27 18:55:43.552] [nas] [debug] Next IEI 0x0
[2026-09-27 18:55:43.552] [nas] [debug] Decoded RegistrationRequest message (len 29)
[2026-09-27 18:55:43.552] [amf_n1] [debug] Received IMSI [REDACTED]
[2026-09-27 18:55:43.552] [amf_n1] [debug] Signal the UE Reachability Status Event notification for SUPI imsi-[REDACTED]
[2026-09-27 18:55:43.552] [amf_n1] [debug] Send request to SBI to trigger UE Reachability Report (SUPI imsi-[REDACTED] )
[2026-09-27 18:55:43.552] [amf_n1] [info] Associating SUPI (imsi-[REDACTED]) with NAS context
[2026-09-27 18:55:43.552] [amf_app] [debug] The UE's Info (IMSI [REDACTED]) has been successfully updated!
[2026-09-27 18:55:43.554] [amf_n1] [debug] Set 5GMM state to COMM-PROC-INIT
[2026-09-27 18:55:43.554] [amf_n1] [debug] Existing nas_context --> Update
[2026-09-27 18:55:43.554] [amf_app] [debug] The UE's Info (IMSI [REDACTED]) has been successfully updated!
[2026-09-27 18:55:43.554] [amf_app] [info] 
   |------------------------------------------------------------------------------------------------------------------------------------------------------------|
   |----------------------------------------------------------------------gNBs' Information---------------------------------------------------------------------|
   |  Index |               Status               |              Global Id             |              gNB Name              |                PLMN                |
   |    1   |              Connected             |               0x0E00               |               gNB-OAI              |               001,01               |
   |------------------------------------------------------------------------------------------------------------------------------------------------------------|

   |-----------------------------------------------------------------------------------------------------------------------------------------------------------|
   |---------------------------------------------------------------------UEs' Information----------------------------------------------------------------------|
   |  Index |     5GMM State     |        IMSI        |        GUTI        |   RAN UE NGAP ID   |   AMF UE NGAP ID   |        PLMN        |       Cell Id      |
   |    1   |   5GMM-REGISTERED  |   [REDACTED]  |                    |        0x01        |        0x02        |       001,01       |      0000e014e     |
   |-----------------------------------------------------------------------------------------------------------------------------------------------------------|

[2026-09-27 18:55:43.554] [amf_n1] [debug] Send request to SBI to trigger UE Registration State Report (SUPI imsi-[REDACTED] )
[2026-09-27 18:55:43.554] [amf_n1] [debug] NAS key set identifier: 0x7
[2026-09-27 18:55:43.554] [amf_n1] [warning] No Optional IE 5GMMCapability available
[2026-09-27 18:55:43.554] [amf_n1] [debug] No Optional IE RequestedNssai available
[2026-09-27 18:55:43.554] [amf_n1] [debug] No Optional NAS Container inside Registration Request message
[2026-09-27 18:55:43.554] [amf_n1] [debug] Update UC context, SUPI imsi-[REDACTED]
[2026-09-27 18:55:43.554] [amf_n1] [debug] Start to run Registration Procedure
[2026-09-27 18:55:43.554] [amf_n1] [debug] SUCI SUPI format IMSI is available
[2026-09-27 18:55:43.554] [amf_n1] [debug] Authentication vector in nas_context is not available
[2026-09-27 18:55:43.554] [amf_n1] [debug] Start to generate Authentication Vectors
[2026-09-27 18:55:43.554] [amf_n1] [debug] Get Authentication Vectors from AUSF
[2026-09-27 18:55:43.554] [amf_n1] [debug] Promise ID generated 5
[2026-09-27 18:55:43.556] [amf_sbi] [info] Receive UE Authentication Request message, handling ...
[2026-09-27 18:55:43.556] [amf_sbi] [debug] Send UE Authentication Request to AUSF 
[2026-09-27 18:55:43.556] [amf_sbi] [info] Send HTTP message to http://oai-ausf:80/nausf-auth/v1/ue-authentications
[2026-09-27 18:55:43.556] [amf_sbi] [info] HTTP message Body: {"servingNetworkName":"5G:mnc001.mcc001.3gppnetwork.org","supiOrSuci":"imsi-[REDACTED]"}
[2026-09-27 18:55:43.556] [amf_sbi] [debug] Send a simple HTTP request
[2026-09-27 18:55:43.576] [amf_sbi] [info] Get response with HTTP code (201)
[2026-09-27 18:55:43.576] [amf_app] [debug] Trigger process response: Set promise with ID 5 to ready
[2026-09-27 18:55:43.576] [amf_n1] [debug] Got result for promise ID 5
[2026-09-27 18:55:43.576] [amf_n1] [debug] Got UE Authentication from AUSF: {"5gAuthData":{"autn":"350168c92ac68000217463cac3e09560","hxresStar":"65562748e7d224cc394d37c1bb1db337","rand":"32b19f34bca3e415dba759d755653515"},"_links":{"5g-aka":{"href":"http://10.244.0.149:80/nausf-auth/v1/ue-authentications/350168c92ac68000217463cac3e09560/5g-aka-confirmation"}},"authType":"5G_AKA"}
[2026-09-27 18:55:43.576] [amf_app] [debug] Data 32b19f34bca3e415dba759d755653515 (32 bytes)
[2026-09-27 18:55:43.576] [amf_app] [debug] Data (formatted):
32 b1 9f 34 bc a3 e4 15 db a7 59 d7 55 65 35 15 
[2026-09-27 18:55:43.576] [common] [debug] [amf_n1]5G AV: RAND
32 b1 9f 34 bc a3 e4 15 db a7 59 d7 55 65 35 15 
[2026-09-27 18:55:43.576] [amf_app] [debug] Data 350168c92ac68000217463cac3e09560 (32 bytes)
[2026-09-27 18:55:43.576] [amf_app] [debug] Data (formatted):
35 1 68 c9 2a c6 80 0 21 74 63 ca c3 e0 95 60 
[2026-09-27 18:55:43.576] [common] [debug] [amf_n1]5G AV: AUTN
35 01 68 c9 2a c6 80 00 21 74 63 ca c3 e0 95 60 
[2026-09-27 18:55:43.576] [amf_app] [debug] Data 65562748e7d224cc394d37c1bb1db337 (32 bytes)
[2026-09-27 18:55:43.576] [amf_app] [debug] Data (formatted):
65 56 27 48 e7 d2 24 cc 39 4d 37 c1 bb 1d b3 37 
[2026-09-27 18:55:43.576] [common] [debug] [amf_n1]5G AV: hxres*
65 56 27 48 e7 d2 24 cc 39 4d 37 c1 bb 1d b3 37 
[2026-09-27 18:55:43.576] [amf_n1] [info] Links is: http://10.244.0.149:80/nausf-auth/v1/ue-authentications/350168c92ac68000217463cac3e09560/5g-aka-confirmation
[2026-09-27 18:55:43.576] [amf_n1] [debug] Received Security Vectors, try to setup security with the UE
[2026-09-27 18:55:43.576] [amf_n1] [debug] Starting Authentication procedure
[2026-09-27 18:55:43.576] [amf_n1] [debug] Sending Authentication Request with RAND
[2026-09-27 18:55:43.576] [common] [debug] [amf_n1]RAND
32 b1 9f 34 bc a3 e4 15 db a7 59 d7 55 65 35 15 
[2026-09-27 18:55:43.576] [nas_mm] [debug] Size of Authentication Request message 42
[2026-09-27 18:55:43.576] [nas] [debug] Encoding AuthenticationRequest message
[2026-09-27 18:55:43.576] [nas] [debug] Encoding NasMmPlainHeader
[2026-09-27 18:55:43.576] [nas] [debug] Encoded NasMmPlainHeader (len 3 octets)
[2026-09-27 18:55:43.576] [nas] [debug] Encoding Abba
[2026-09-27 18:55:43.576] [nas] [debug] Encoded Abba, len (3)
[2026-09-27 18:55:43.576] [nas] [debug] Encoding Authentication Parameter RAND
[2026-09-27 18:55:43.576] [nas] [debug] Encoded Authentication Parameter RAND, len (17)
[2026-09-27 18:55:43.576] [nas] [debug] Encoding Authentication Parameter AUTN
[2026-09-27 18:55:43.576] [nas] [debug] Encoded AuthenticationParameterAutn len (18)
[2026-09-27 18:55:43.576] [nas] [debug] IE EAP Message is not available
[2026-09-27 18:55:43.576] [nas] [debug] Encoded AuthenticationRequest message (len 42)
[2026-09-27 18:55:43.576] [common] [debug] [amf_n1]Authentication-Request message buffer
7e 00 56 03 02 00 00 21 32 b1 9f 34 bc a3 e4 15 db a7 59 d7 55 65 35 15 20 10 35 01 68 c9 2a c6 80 00 21 74 63 ca c3 e0 95 60 
[2026-09-27 18:55:43.576] [amf_n1] [debug] amf_ue_ngap_id 2
[2026-09-27 18:55:43.576] [amf_n2] [info] Received Downlink NAS Transport message, handling
[2026-09-27 18:55:43.576] [amf_n2] [debug] Handle DL NAS Transport ...
InitiatingMessage ::= {
    procedureCode: 4
    criticality: 1 (ignore)
    value: DownlinkNASTransport ::= {
        protocolIEs: ProtocolIE-Container ::= {
            DownlinkNASTransport-IEs ::= {
                id: 10
                criticality: 0 (reject)
                value: 2
            }
            DownlinkNASTransport-IEs ::= {
                id: 85
                criticality: 0 (reject)
                value: 1
            }
            DownlinkNASTransport-IEs ::= {
                id: 38
                criticality: 0 (reject)
                value: 
                    7E 00 56 03 02 00 00 21 32 B1 9F 34 BC A3 E4 15 
                    DB A7 59 D7 55 65 35 15 20 10 35 01 68 C9 2A C6 
                    80 00 21 74 63 CA C3 E0 95 60
            }
        }
    }
}
[2026-09-27 18:55:43.576] [ngap] [debug] Encoded size (66)
[2026-09-27 18:55:43.576] [sctp] [debug] [Socket 5, Assoc ID 36] Sending buffer 0x7e8db8003e00 of 66 bytes on stream 1 with PPID 60
[2026-09-27 18:55:43.576] [sctp] [debug] Successfully sent 66 bytes on stream 1
[2026-09-27 18:55:43.576] [ngap] [debug] Free NGAP Message PDU
[2026-09-27 18:55:43.632] [sctp] [info] [Assoc_id 36, Socket 5] Received a message (length 64) from port 39521, on stream 1, PPID 60
[2026-09-27 18:55:43.632] [ngap] [debug] Handling SCTP payload from SCTP Server on assoc_id (36), stream_id (1), instreams (2), outstreams (2)
[2026-09-27 18:55:43.633] [ngap] [debug] Decoded NGAP message, procedure code 46, present 1
InitiatingMessage ::= {
    procedureCode: 46
    criticality: 1 (ignore)
    value: UplinkNASTransport ::= {
        protocolIEs: ProtocolIE-Container ::= {
            UplinkNASTransport-IEs ::= {
                id: 10
                criticality: 0 (reject)
                value: 2
            }
            UplinkNASTransport-IEs ::= {
                id: 85
                criticality: 0 (reject)
                value: 1
            }
            UplinkNASTransport-IEs ::= {
                id: 38
                criticality: 0 (reject)
                value: 
                    7E 00 57 2D 10 2E EA F7 84 55 43 3F B9 54 F0 AA 
                    CB 24 FA BB 56
            }
            UplinkNASTransport-IEs ::= {
                id: 121
                criticality: 1 (ignore)
                value: UserLocationInformationNR ::= {
                    nR-CGI: NR-CGI ::= {
                        pLMNIdentity: 00 F1 10
                        nRCellIdentity: 00 00 E0 14 E0 (4 bits unused)
                    }
                    tAI: TAI ::= {
                        pLMNIdentity: 00 F1 10
                        tAC: 00 00 07
                    }
                }
            }
        }
    }
}
[2026-09-27 18:55:43.633] [ngap] [debug] Sending ITTI Uplink NAS Transport message to TASK_AMF_N2
InitiatingMessage ::= {
    procedureCode: 46
    criticality: 1 (ignore)
    value: UplinkNASTransport ::= {
        protocolIEs: ProtocolIE-Container ::= {
            UplinkNASTransport-IEs ::= {
                id: 10
                criticality: 0 (reject)
                value: 2
            }
            UplinkNASTransport-IEs ::= {
                id: 85
                criticality: 0 (reject)
                value: 1
            }
            UplinkNASTransport-IEs ::= {
                id: 38
                criticality: 0 (reject)
                value: 
                    7E 00 57 2D 10 2E EA F7 84 55 43 3F B9 54 F0 AA 
                    CB 24 FA BB 56
            }
            UplinkNASTransport-IEs ::= {
                id: 121
                criticality: 1 (ignore)
                value: UserLocationInformationNR ::= {
                    nR-CGI: NR-CGI ::= {
                        pLMNIdentity: 00 F1 10
                        nRCellIdentity: 00 00 E0 14 E0 (4 bits unused)
                    }
                    tAI: TAI ::= {
                        pLMNIdentity: 00 F1 10
                        tAC: 00 00 07
                    }
                }
            }
        }
    }
}
[2026-09-27 18:55:43.633] [ngap] [debug] Received TAC 0x7
[2026-09-27 18:55:43.633] [amf_n2] [info] Received Uplink NAS Transport message, handling
[2026-09-27 18:55:43.633] [amf_n2] [debug] Handle Uplink NAS Transport...
[2026-09-27 18:55:43.633] [amf_n1] [info] Received UL_NAS_DATA_IND
[2026-09-27 18:55:43.633] [ngap] [debug] Free NGAP Message PDU
[2026-09-27 18:55:43.633] [amf_n1] [debug] Serving network name 5G:mnc001.mcc001.3gppnetwork.org
[2026-09-27 18:55:43.634] [amf_n1] [debug] Existing nas_context with amf_ue_ngap_id 2
[2026-09-27 18:55:43.634] [common] [debug] [amf_n1]Received Uplink NAS Message
7e 00 57 2d 10 2e ea f7 84 55 43 3f b9 54 f0 aa cb 24 fa bb 56 
[2026-09-27 18:55:43.634] [amf_n1] [debug] Received plain NAS message
[2026-09-27 18:55:43.634] [common] [debug] [amf_n1]Decoded Plain Message
7e 00 57 2d 10 2e ea f7 84 55 43 3f b9 54 f0 aa cb 24 fa bb 56 
[2026-09-27 18:55:43.634] [amf_n1] [debug] Received Uplink NAS message...
[2026-09-27 18:55:43.634] [amf_n1] [debug] Received Authentication Response message, handling...
[2026-09-27 18:55:43.634] [amf_n1] [info] Found nas_context (0x7e8dac000ef0) with amf_ue_ngap_id (2)
[2026-09-27 18:55:43.634] [nas] [debug] Decoding AuthenticationResponse message
[2026-09-27 18:55:43.634] [nas] [debug] Encoding NasMmPlainHeader
[2026-09-27 18:55:43.634] [nas] [debug] Encoded NasMmPlainHeader (len 3 octets)
[2026-09-27 18:55:43.634] [nas] [debug] First option IEI (0x2d)
[2026-09-27 18:55:43.634] [nas] [debug] Decoding IEI 0x2d
[2026-09-27 18:55:43.634] [nas] [debug] Decoding Authentication Response Parameter
[2026-09-27 18:55:43.634] [nas] [debug] Decoded value 0x2e
[2026-09-27 18:55:43.634] [nas] [debug] Decoded value 0xea
[2026-09-27 18:55:43.634] [nas] [debug] Decoded value 0xf7
[2026-09-27 18:55:43.634] [nas] [debug] Decoded value 0x84
[2026-09-27 18:55:43.634] [nas] [debug] Decoded value 0x55
[2026-09-27 18:55:43.634] [nas] [debug] Decoded value 0x43
[2026-09-27 18:55:43.634] [nas] [debug] Decoded value 0x3f
[2026-09-27 18:55:43.634] [nas] [debug] Decoded value 0xb9
[2026-09-27 18:55:43.634] [nas] [debug] Decoded value 0x54
[2026-09-27 18:55:43.634] [nas] [debug] Decoded value 0xf0
[2026-09-27 18:55:43.634] [nas] [debug] Decoded value 0xaa
[2026-09-27 18:55:43.634] [nas] [debug] Decoded value 0xcb
[2026-09-27 18:55:43.634] [nas] [debug] Decoded value 0x24
[2026-09-27 18:55:43.634] [nas] [debug] Decoded value 0xfa
[2026-09-27 18:55:43.634] [nas] [debug] Decoded value 0xbb
[2026-09-27 18:55:43.634] [nas] [debug] Decoded value 0x56
[2026-09-27 18:55:43.634] [nas] [debug] Decoded Authentication Response Parameter, len (18)
[2026-09-27 18:55:43.634] [nas] [debug] Next IEI (0x0)
[2026-09-27 18:55:43.634] [nas] [debug] Decoded AuthenticationResponse message len (21)
[2026-09-27 18:55:43.634] [amf_n1] [debug] 5G AKA Confirmation from AUSF
[2026-09-27 18:55:43.634] [common] [debug] [amf_n1]resStar
2e ea f7 84 55 43 3f b9 54 f0 aa cb 24 fa bb 56 
[2026-09-27 18:55:43.634] [amf_n1] [info] resStar_s (2EEAF78455433FB954F0AACB24FABB56)
[2026-09-27 18:55:43.634] [amf_n1] [debug] Promise ID generated 6
[2026-09-27 18:55:43.634] [amf_sbi] [info] Receive UE Authentication Confirmation message, handling ...
[2026-09-27 18:55:43.634] [amf_sbi] [debug] Send UE Authentication Confirmation to AUSF 
[2026-09-27 18:55:43.634] [amf_sbi] [info] Send HTTP message to http://10.244.0.149:80/nausf-auth/v1/ue-authentications/350168c92ac68000217463cac3e09560/5g-aka-confirmation
[2026-09-27 18:55:43.634] [amf_sbi] [info] HTTP message Body: {"resStar":"2EEAF78455433FB954F0AACB24FABB56"}
[2026-09-27 18:55:43.634] [amf_sbi] [debug] Send a simple HTTP request
[2026-09-27 18:55:43.649] [amf_sbi] [info] Get response with HTTP code (200)
[2026-09-27 18:55:43.649] [amf_app] [debug] Trigger process response: Set promise with ID 6 to ready
[2026-09-27 18:55:43.650] [amf_n1] [debug] Got result for promise ID 6
[2026-09-27 18:55:43.650] [amf_n1] [debug] Got ConfirmationDataResponse from AUSF: {"authResult":"AUTHENTICATION_SUCCESS","kseaf":"1fbc40c4c8e7075a6c9339b4981bf3baed8cf4a2d188f31beb1eb2f8f24fa981","supi":"imsi-[REDACTED]"}
[2026-09-27 18:55:43.650] [amf_app] [debug] Data 1fbc40c4c8e7075a6c9339b4981bf3baed8cf4a2d188f31beb1eb2f8f24fa981 (64 bytes)
[2026-09-27 18:55:43.650] [amf_app] [debug] Data (formatted):
1f bc 40 c4 c8 e7 7 5a 6c 93 39 b4 98 1b f3 ba ed 8c f4 a2 d1 88 f3 1b eb 1e b2 f8 f2 4f a9 81 
[2026-09-27 18:55:43.650] [common] [debug] [amf_n1]5G AV: kseaf
1f bc 40 c4 c8 e7 07 5a 6c 93 39 b4 98 1b f3 ba ed 8c f4 a2 d1 88 f3 1b eb 1e b2 f8 f2 4f a9 81 
[2026-09-27 18:55:43.650] [amf_n1] [debug] Deriving Kamf
[2026-09-27 18:55:43.650] [amf_n1] [debug] derive_kamf ...
[2026-09-27 18:55:43.650] [common] [debug] [amf_n1]Kamf
38 d1 81 e6 d6 b5 e2 14 fd b5 01 4b 1b e2 50 c3 61 b5 84 a7 6a cb b5 9a a9 e0 be 49 86 a5 99 7a 
[2026-09-27 18:55:43.650] [amf_n1] [debug] Authentication successful by network!
[2026-09-27 18:55:43.650] [amf_n1] [debug] Start Security Mode Control procedure
[2026-09-27 18:55:43.650] [amf_n1] [debug] Using IntegrityProtectedWithNewSecurityContext for SecurityModeControl message
[2026-09-27 18:55:43.650] [amf_n1] [debug] Selected AMF NEA: 0x0
[2026-09-27 18:55:43.650] [amf_n1] [debug] Selected AMF NIA: 0x1
[2026-09-27 18:55:43.650] [amf_n1] [debug] derive_knas ...
[2026-09-27 18:55:43.650] [amf_n1] [debug] derive_knas ...
[2026-09-27 18:55:43.650] [amf_n1] [debug] Encoded ngKSI 0x3
[2026-09-27 18:55:43.650] [nas_mm] [debug] Size of Security Mode Command message 14
[2026-09-27 18:55:43.650] [nas] [debug] Encoding SecurityModeCommand message
[2026-09-27 18:55:43.650] [nas] [debug] Encoding NasMmPlainHeader
[2026-09-27 18:55:43.650] [nas] [debug] Encoded NasMmPlainHeader (len 3 octets)
[2026-09-27 18:55:43.650] [nas] [debug] Encoding NAS Security Algorithms
[2026-09-27 18:55:43.650] [nas] [debug] Encoded NAS Security Algorithms, len (1)
[2026-09-27 18:55:43.650] [nas] [debug] Encoding UE Security Capability
[2026-09-27 18:55:43.650] [nas] [debug] Encoded UE Security Capability, len (5)
[2026-09-27 18:55:43.650] [nas] [debug] Encoded Type1NasIeFormatTv, len (1)
[2026-09-27 18:55:43.650] [nas] [debug] IE EPS NAS Security Algorithms is not available
[2026-09-27 18:55:43.650] [nas] [debug] Encoding Additional 5G Security Information
[2026-09-27 18:55:43.650] [nas] [debug] Encoded Additional 5G Security Information, len (3)
[2026-09-27 18:55:43.650] [nas] [debug] IE EAP Message is not available
[2026-09-27 18:55:43.650] [nas] [debug] IE Abba is not available
[2026-09-27 18:55:43.650] [nas] [debug] IE S1 UE Security Capability is not available
[2026-09-27 18:55:43.650] [nas] [debug] Encoded SecurityModeCommand message len (14)
[2026-09-27 18:55:43.650] [common] [debug] [amf_n1]Security-Mode-Command message buffer
7e 00 5d 01 03 04 e0 60 00 00 e1 36 01 02 
[2026-09-27 18:55:43.650] [amf_n1] [debug] Security Context status (is new:  true)
[2026-09-27 18:55:43.650] [amf_n1] [debug] Encoding nas_message_protected...
[2026-09-27 18:55:43.650] [common] [debug] [amf_n1]Parameters for NIA: Knas_int
a1 72 60 92 b3 87 9d c1 97 74 d7 a7 79 1d d6 f6 
[2026-09-27 18:55:43.650] [amf_n1] [debug] Parameters for NIA, count: 0x0
[2026-09-27 18:55:43.650] [amf_n1] [debug] Parameters for NIA, bearer: 0x1
[2026-09-27 18:55:43.650] [amf_n1] [debug] Parameters for NIA, direction: 0x1
[2026-09-27 18:55:43.650] [common] [debug] [amf_n1]Parameters for NIA, message: 
00 7e 00 5d 01 03 04 e0 60 00 00 e1 36 01 02 
[2026-09-27 18:55:43.650] [amf_n1] [debug] Integrity with algorithms: 128-5G-IA1
[2026-09-27 18:55:43.650] [common] [debug] [amf_n1]Result for NIA1, mac: 
82 22 3d 17 
[2026-09-27 18:55:43.650] [amf_n1] [debug] Result for NIA1, mac32: 0x82223d17
[2026-09-27 18:55:43.650] [amf_n1] [debug] mac32: 0x82223d17
[2026-09-27 18:55:43.650] [common] [debug] [amf_n1]Encrypted Security-Mode-Command message buffer
7e 03 82 22 3d 17 00 7e 00 5d 01 03 04 e0 60 00 00 e1 36 01 02 
[2026-09-27 18:55:43.650] [amf_n2] [info] Received Downlink NAS Transport message, handling
[2026-09-27 18:55:43.650] [amf_n2] [debug] Handle DL NAS Transport ...
InitiatingMessage ::= {
    procedureCode: 4
    criticality: 1 (ignore)
    value: DownlinkNASTransport ::= {
        protocolIEs: ProtocolIE-Container ::= {
            DownlinkNASTransport-IEs ::= {
                id: 10
                criticality: 0 (reject)
                value: 2
            }
            DownlinkNASTransport-IEs ::= {
                id: 85
                criticality: 0 (reject)
                value: 1
            }
            DownlinkNASTransport-IEs ::= {
                id: 38
                criticality: 0 (reject)
                value: 
                    7E 03 82 22 3D 17 00 7E 00 5D 01 03 04 E0 60 00 
                    00 E1 36 01 02
            }
        }
    }
}
[2026-09-27 18:55:43.650] [ngap] [debug] Encoded size (45)
[2026-09-27 18:55:43.650] [sctp] [debug] [Socket 5, Assoc ID 36] Sending buffer 0x7e8dac007050 of 45 bytes on stream 1 with PPID 60
[2026-09-27 18:55:43.650] [sctp] [debug] Successfully sent 45 bytes on stream 1
[2026-09-27 18:55:43.650] [ngap] [debug] Free NGAP Message PDU
[2026-09-27 18:55:43.725] [sctp] [info] [Assoc_id 36, Socket 5] Received a message (length 100) from port 39521, on stream 1, PPID 60
[2026-09-27 18:55:43.725] [ngap] [debug] Handling SCTP payload from SCTP Server on assoc_id (36), stream_id (1), instreams (2), outstreams (2)
[2026-09-27 18:55:43.725] [ngap] [debug] Decoded NGAP message, procedure code 46, present 1
InitiatingMessage ::= {
    procedureCode: 46
    criticality: 1 (ignore)
    value: UplinkNASTransport ::= {
        protocolIEs: ProtocolIE-Container ::= {
            UplinkNASTransport-IEs ::= {
                id: 10
                criticality: 0 (reject)
                value: 2
            }
            UplinkNASTransport-IEs ::= {
                id: 85
                criticality: 0 (reject)
                value: 1
            }
            UplinkNASTransport-IEs ::= {
                id: 38
                criticality: 0 (reject)
                value: 
                    7E 04 E0 E2 AA AC 00 7E 00 5E 77 00 09 65 57 54 
                    76 98 10 32 14 F3 71 00 20 7E 00 41 39 00 0D 01 
                    00 F1 10 00 00 00 00 10 32 54 76 08 10 01 06 2E 
                    08 E0 60 00 00 00 00 00 00
            }
            UplinkNASTransport-IEs ::= {
                id: 121
                criticality: 1 (ignore)
                value: UserLocationInformationNR ::= {
                    nR-CGI: NR-CGI ::= {
                        pLMNIdentity: 00 F1 10
                        nRCellIdentity: 00 00 E0 14 E0 (4 bits unused)
                    }
                    tAI: TAI ::= {
                        pLMNIdentity: 00 F1 10
                        tAC: 00 00 07
                    }
                }
            }
        }
    }
}
[2026-09-27 18:55:43.725] [ngap] [debug] Sending ITTI Uplink NAS Transport message to TASK_AMF_N2
InitiatingMessage ::= {
    procedureCode: 46
    criticality: 1 (ignore)
    value: UplinkNASTransport ::= {
        protocolIEs: ProtocolIE-Container ::= {
            UplinkNASTransport-IEs ::= {
                id: 10
                criticality: 0 (reject)
                value: 2
            }
            UplinkNASTransport-IEs ::= {
                id: 85
                criticality: 0 (reject)
                value: 1
            }
            UplinkNASTransport-IEs ::= {
                id: 38
                criticality: 0 (reject)
                value: 
                    7E 04 E0 E2 AA AC 00 7E 00 5E 77 00 09 65 57 54 
                    76 98 10 32 14 F3 71 00 20 7E 00 41 39 00 0D 01 
                    00 F1 10 00 00 00 00 10 32 54 76 08 10 01 06 2E 
                    08 E0 60 00 00 00 00 00 00
            }
            UplinkNASTransport-IEs ::= {
                id: 121
                criticality: 1 (ignore)
                value: UserLocationInformationNR ::= {
                    nR-CGI: NR-CGI ::= {
                        pLMNIdentity: 00 F1 10
                        nRCellIdentity: 00 00 E0 14 E0 (4 bits unused)
                    }
                    tAI: TAI ::= {
                        pLMNIdentity: 00 F1 10
                        tAC: 00 00 07
                    }
                }
            }
        }
    }
}
[2026-09-27 18:55:43.726] [ngap] [debug] Received TAC 0x7
[2026-09-27 18:55:43.726] [amf_n2] [info] Received Uplink NAS Transport message, handling
[2026-09-27 18:55:43.726] [amf_n2] [debug] Handle Uplink NAS Transport...
[2026-09-27 18:55:43.726] [ngap] [debug] Free NGAP Message PDU
[2026-09-27 18:55:43.726] [amf_n1] [info] Received UL_NAS_DATA_IND
[2026-09-27 18:55:43.726] [amf_n1] [debug] Serving network name 5G:mnc001.mcc001.3gppnetwork.org
[2026-09-27 18:55:43.726] [amf_n1] [debug] Existing nas_context with amf_ue_ngap_id 2
[2026-09-27 18:55:43.726] [common] [debug] [amf_n1]Received Uplink NAS Message
7e 04 e0 e2 aa ac 00 7e 00 5e 77 00 09 65 57 54 76 98 10 32 14 f3 71 00 20 7e 00 41 39 00 0d 01 00 f1 10 00 00 00 00 10 32 54 76 08 10 01 06 2e 08 e0 60 00 00 00 00 00 00 
[2026-09-27 18:55:43.726] [amf_n1] [debug] Received integrity protected and ciphered with new security context NAS message
[2026-09-27 18:55:43.726] [common] [debug] [amf_n1]Parameters for NIA: Knas_int
a1 72 60 92 b3 87 9d c1 97 74 d7 a7 79 1d d6 f6 
[2026-09-27 18:55:43.726] [amf_n1] [debug] Uplink count in uplink: 0
[2026-09-27 18:55:43.726] [amf_n1] [debug] Parameters for NIA, count: 0x0
[2026-09-27 18:55:43.726] [amf_n1] [debug] Parameters for NIA, bearer: 0x1
[2026-09-27 18:55:43.726] [amf_n1] [debug] Parameters for NIA, direction: 0x0
[2026-09-27 18:55:43.726] [common] [debug] [amf_n1]Parameters for NIA, message: 
00 7e 00 5e 77 00 09 65 57 54 76 98 10 32 14 f3 71 00 20 7e 00 41 39 00 0d 01 00 f1 10 00 00 00 00 10 32 54 76 08 10 01 06 2e 08 e0 60 00 00 00 00 00 00 
[2026-09-27 18:55:43.726] [amf_n1] [debug] Integrity with algorithms: 128-5G-IA1
[2026-09-27 18:55:43.726] [common] [debug] [amf_n1]Result for NIA1, mac: 
e0 e2 aa ac 
[2026-09-27 18:55:43.726] [amf_n1] [debug] Result for NIA1, mac32: 0xe0e2aaac
[2026-09-27 18:55:43.726] [amf_n1] [debug] Received mac32 (0xe0e2aaac) from the message
[2026-09-27 18:55:43.726] [amf_n1] [debug] Integrity matched
[2026-09-27 18:55:43.726] [amf_n1] [debug] nsc.ul_count.overflow 0
[2026-09-27 18:55:43.726] [amf_n1] [debug] Cipher protected with EA0_5G
[2026-09-27 18:55:43.726] [common] [debug] [amf_n1]Decoded Plain Message
7e 00 5e 77 00 09 65 57 54 76 98 10 32 14 f3 71 00 20 7e 00 41 39 00 0d 01 00 f1 10 00 00 00 00 10 32 54 76 08 10 01 06 2e 08 e0 60 00 00 00 00 00 00 
[2026-09-27 18:55:43.726] [amf_n1] [debug] Received Uplink NAS message...
[2026-09-27 18:55:43.726] [amf_n1] [debug] Received Security Mode Complete message, handling...
[2026-09-27 18:55:43.726] [amf_n1] [debug] Handling Security Mode Complete ...
[2026-09-27 18:55:43.726] [nas] [debug] Decoding SecurityModeComplete message
[2026-09-27 18:55:43.726] [nas] [debug] Decoding NasMmPlainHeader
[2026-09-27 18:55:43.726] [nas] [debug] Decoded NasMmPlainHeader len (3 octets)
[2026-09-27 18:55:43.726] [nas] [debug] Decoded_size (3)
[2026-09-27 18:55:43.726] [nas] [debug] Decoding IEI (0x77)
[2026-09-27 18:55:43.726] [nas] [debug] Decoding 5GSMobilityIdentity
[2026-09-27 18:55:43.726] [nas] [debug] Decoded 5GSMobilityIdentity IE length 9
[2026-09-27 18:55:43.726] [nas] [debug] Decoding 5GSMobilityIdentity IMEISV
[2026-09-27 18:55:43.726] [nas] [debug] Decoded 5GSMobilityIdentity IMEISV: 6754567890123413
[2026-09-27 18:55:43.726] [nas] [debug] Decoded 5GSMobilityIdentity IMEISV len (9)
[2026-09-27 18:55:43.726] [nas] [debug] Decoded 5GS Mobile Identity, len (12)
[2026-09-27 18:55:43.726] [nas] [debug] Decoding IEI (0x71)
[2026-09-27 18:55:43.726] [nas] [debug] Decoding NAS Message Container
[2026-09-27 18:55:43.726] [nas] [debug] Decoded NasMessageContainer value 0x7e
[2026-09-27 18:55:43.726] [nas] [debug] Decoded NasMessageContainer value 0x0
[2026-09-27 18:55:43.726] [nas] [debug] Decoded NasMessageContainer value 0x41
[2026-09-27 18:55:43.726] [nas] [debug] Decoded NasMessageContainer value 0x39
[2026-09-27 18:55:43.726] [nas] [debug] Decoded NasMessageContainer value 0x0
[2026-09-27 18:55:43.726] [nas] [debug] Decoded NasMessageContainer value 0xd
[2026-09-27 18:55:43.726] [nas] [debug] Decoded NasMessageContainer value 0x1
[2026-09-27 18:55:43.726] [nas] [debug] Decoded NasMessageContainer value 0x0
[2026-09-27 18:55:43.726] [nas] [debug] Decoded NasMessageContainer value 0xf1
[2026-09-27 18:55:43.726] [nas] [debug] Decoded NasMessageContainer value 0x10
[2026-09-27 18:55:43.726] [nas] [debug] Decoded NasMessageContainer value 0x0
[2026-09-27 18:55:43.726] [nas] [debug] Decoded NasMessageContainer value 0x0
[2026-09-27 18:55:43.726] [nas] [debug] Decoded NasMessageContainer value 0x0
[2026-09-27 18:55:43.726] [nas] [debug] Decoded NasMessageContainer value 0x0
[2026-09-27 18:55:43.726] [nas] [debug] Decoded NasMessageContainer value 0x10
[2026-09-27 18:55:43.726] [nas] [debug] Decoded NasMessageContainer value 0x32
[2026-09-27 18:55:43.726] [nas] [debug] Decoded NasMessageContainer value 0x54
[2026-09-27 18:55:43.726] [nas] [debug] Decoded NasMessageContainer value 0x76
[2026-09-27 18:55:43.726] [nas] [debug] Decoded NasMessageContainer value 0x8
[2026-09-27 18:55:43.726] [nas] [debug] Decoded NasMessageContainer value 0x10
[2026-09-27 18:55:43.726] [nas] [debug] Decoded NasMessageContainer value 0x1
[2026-09-27 18:55:43.726] [nas] [debug] Decoded NasMessageContainer value 0x6
[2026-09-27 18:55:43.726] [nas] [debug] Decoded NasMessageContainer value 0x2e
[2026-09-27 18:55:43.726] [nas] [debug] Decoded NasMessageContainer value 0x8
[2026-09-27 18:55:43.726] [nas] [debug] Decoded NasMessageContainer value 0xe0
[2026-09-27 18:55:43.726] [nas] [debug] Decoded NasMessageContainer value 0x60
[2026-09-27 18:55:43.726] [nas] [debug] Decoded NasMessageContainer value 0x0
[2026-09-27 18:55:43.726] [nas] [debug] Decoded NasMessageContainer value 0x0
[2026-09-27 18:55:43.726] [nas] [debug] Decoded NasMessageContainer value 0x0
[2026-09-27 18:55:43.726] [nas] [debug] Decoded NasMessageContainer value 0x0
[2026-09-27 18:55:43.726] [nas] [debug] Decoded NasMessageContainer value 0x0
[2026-09-27 18:55:43.726] [nas] [debug] Decoded NasMessageContainer value 0x0
[2026-09-27 18:55:43.726] [nas] [debug] Decoded NAS Message Container, len (35)
[2026-09-27 18:55:43.726] [nas] [debug] Decoded SecurityModeComplete message len (50)
[2026-09-27 18:55:43.726] [common] [debug] [amf_n1]Security Mode Complete message buffer
7e 00 5e 77 00 09 65 57 54 76 98 10 32 14 f3 71 00 20 7e 00 41 39 00 0d 01 00 f1 10 00 00 00 00 10 32 54 76 08 10 01 06 2e 08 e0 60 00 00 00 00 00 00 
[2026-09-27 18:55:43.726] [nas_mm] [debug] Stored IMEISV in the NAS Context: 6754567890123413
[2026-09-27 18:55:43.726] [common] [debug] [amf_n1]NAS Message Container
7e 00 41 39 00 0d 01 00 f1 10 00 00 00 00 10 32 54 76 08 10 01 06 2e 08 e0 60 00 00 00 00 00 00 
[2026-09-27 18:55:43.726] [amf_n1] [debug] NAS Message Container, Message Type 0x41
[2026-09-27 18:55:43.726] [amf_n1] [debug] Registration Request in NAS Message Container
[2026-09-27 18:55:43.726] [nas] [debug] Decoding RegistrationRequest message
[2026-09-27 18:55:43.726] [nas] [debug] Decoding NasMmPlainHeader
[2026-09-27 18:55:43.726] [nas] [debug] Decoded NasMmPlainHeader len (3 octets)
[2026-09-27 18:55:43.726] [nas] [debug] Decoding 5GSMobilityIdentity
[2026-09-27 18:55:43.726] [nas] [debug] Decoded 5GSMobilityIdentity IE length 13
[2026-09-27 18:55:43.726] [nas] [debug] Decoding 5GSMobilityIdentity SUCI
[2026-09-27 18:55:43.726] [nas] [debug] MCC 001, MNC 01
[2026-09-27 18:55:43.726] [nas] [debug] MCC 001, MNC 01
[2026-09-27 18:55:43.726] [nas] [debug] Decoded Routing Indicator 0000
[2026-09-27 18:55:43.726] [nas] [debug] Decoded MSIN 0123456780
[2026-09-27 18:55:43.726] [nas] [debug] Decoded 5GSMobilityIdentity SUCI SUPI format IMSI (len 13)
[2026-09-27 18:55:43.726] [nas] [debug] Decoded SUCI (15 octets)
[2026-09-27 18:55:43.726] [nas] [debug] Decoded 5GS Mobile Identity, len (15)
[2026-09-27 18:55:43.726] [nas] [debug] First option IEI 0x10
[2026-09-27 18:55:43.726] [nas] [debug] IEI 0x10
[2026-09-27 18:55:43.726] [nas] [debug] Decoding IEI 0x10
[2026-09-27 18:55:43.726] [nas] [debug] Decoding 5GMM Capability
[2026-09-27 18:55:43.726] [nas] [debug] Decoded 5GMM Capability, Octet3 value (0x6)
[2026-09-27 18:55:43.726] [nas] [debug] Decoded 5GMM Capability, len (3)
[2026-09-27 18:55:43.726] [nas] [debug] Next IEI 0x2e
[2026-09-27 18:55:43.726] [nas] [debug] IEI 0x2e
[2026-09-27 18:55:43.726] [nas] [debug] Decoding IEI 0x2e
[2026-09-27 18:55:43.726] [nas] [debug] Decoding UE Security Capability
[2026-09-27 18:55:43.726] [nas] [debug] Decoded UE Security Capability, len (10)
[2026-09-27 18:55:43.726] [nas] [debug] 5G EA 0xe0, 5G IA 0x60
[2026-09-27 18:55:43.726] [nas] [debug] EEA 0x0
[2026-09-27 18:55:43.726] [nas] [debug] EIA 0x0
[2026-09-27 18:55:43.726] [nas] [debug] Next IEI 0x0
[2026-09-27 18:55:43.726] [nas] [debug] Decoded RegistrationRequest message (len 32)
[2026-09-27 18:55:43.726] [amf_n1] [debug] Optional IE RequestedNssai is not present
[2026-09-27 18:55:43.726] [amf_n1] [debug] Optional IE UplinkDataStatus is not present
[2026-09-27 18:55:43.726] [amf_n1] [debug] Optional IE PDUSessionStatus is not present
[2026-09-27 18:55:43.726] [amf_n1] [debug] Verifying whether this AMF can handle the request...
[2026-09-27 18:55:43.726] [amf_n1] [debug] Get the Slice Selection Subscription Data from UDM
[2026-09-27 18:55:43.726] [amf_n1] [debug] Promise ID generated 7
[2026-09-27 18:55:43.726] [amf_sbi] [info] Receive Slice Selection Subscription Data Retrieval Request, handling ...
[2026-09-27 18:55:43.726] [amf_sbi] [debug] Send Slice Selection Subscription Data Retrieval to UDM 
[2026-09-27 18:55:43.726] [amf_sbi] [info] Send HTTP message to http://oai-udm:80/nudm-sdm/v1/imsi-[REDACTED]/nssai?plmn-id={"mcc":"001","mnc":"01"}
[2026-09-27 18:55:43.726] [amf_sbi] [info] HTTP message Body: 
[2026-09-27 18:55:43.726] [amf_sbi] [debug] Send a simple HTTP request
[2026-09-27 18:55:43.734] [amf_sbi] [info] Get response with HTTP code (200)
[2026-09-27 18:55:43.734] [amf_app] [debug] Trigger process response: Set promise with ID 7 to ready
[2026-09-27 18:55:43.734] [amf_n1] [debug] Got NSSAI from UDM: {"defaultSingleNssais":[{"sd":"ffffff","sst":1}]}
[2026-09-27 18:55:43.734] [amf_n1] [debug] Verifying whether this AMF can handle Requested/Subscribed S-NSSAIs
[2026-09-27 18:55:43.734] [amf_n1] [debug] PLMN info: {"mcc":"001","mnc":"01","slice_list":[{"sd":"FFFFFF","sst":1}],"tac":7}
[2026-09-27 18:55:43.734] [amf_n1] [debug] Find the common NSSAIs between Requested NSSAIs and Subscribed NSSAIs
[2026-09-27 18:55:43.734] [amf_n1] [debug] Found S-NSSAI (SST 1, SD ffffff)
[2026-09-27 18:55:43.734] [amf_n1] [debug] Current AMF can handle the Requested/Subscribed NSSAIs, no need to perform AMF Re-allocation procedure
[2026-09-27 18:55:43.734] [amf_app] [debug] AMF registers for 3GPP access with UDM
[2026-09-27 18:55:43.734] [amf_app] [debug] Discovering PCF for the UE
[2026-09-27 18:55:43.734] [amf_app] [debug] Perform AM Policy Association with PCF for the UE
[2026-09-27 18:55:43.734] [amf_sbi] [info] Receive AMF Registration for 3GPP Access message, handling ...
[2026-09-27 18:55:43.734] [amf_sbi] [debug] Send AMF Registration for 3GPP Access towards UDM
[2026-09-27 18:55:43.734] [amf_sbi] [info] Send HTTP message to http://oai-udm:80/nudm-uecm/v1/imsi-[REDACTED]/registrations/amf-3gpp-access
[2026-09-27 18:55:43.734] [amf_n2] [debug] Getting common S-NSSAIs between gNB and AMF
[2026-09-27 18:55:43.734] [amf_n2] [debug] Getting common S-NSSAIs between gNB and AMF
[2026-09-27 18:55:43.734] [amf_sbi] [info] HTTP message Body: {"amfInstanceId":"4042849f-78a0-49bf-9f1a-180c59d6e83a","deregCallbackUri":"10.244.0.150:80/namf-callback/v1v1/imsi-[REDACTED]/deregistration-notification","guami":{"amfId":"010000","plmnId":{"mcc":"001","mnc":"01"}},"initialRegistrationInd":true,"ratType":"NR"}
[2026-09-27 18:55:43.734] [amf_sbi] [debug] Send a simple HTTP request
[2026-09-27 18:55:43.734] [amf_n2] [debug] Common S-NSSAI (SST 0x1, SD FFFFFF)
[2026-09-27 18:55:43.735] [amf_n2] [debug] Common S-NSSAI (SST 1, SD 16777215)
[2026-09-27 18:55:43.735] [amf_n1] [debug] Allowed S-NSSAI (SST 0x1, SD 0xffffff)
[2026-09-27 18:55:43.735] [amf_app] [debug] Random number generated: 463671478
[2026-09-27 18:55:43.735] [amf_n1] [debug] Allocated GUTI 00101010000463671478 (TMSI 463671478)
[2026-09-27 18:55:43.735] [nas_mm] [debug] Size of Registration Accept message 49
[2026-09-27 18:55:43.735] [nas] [debug] Encoding RegistrationAccept message
[2026-09-27 18:55:43.735] [nas] [debug] Encoding NasMmPlainHeader
[2026-09-27 18:55:43.735] [nas] [debug] Encoded NasMmPlainHeader (len 3 octets)
[2026-09-27 18:55:43.735] [nas] [debug] Encoding 5GS Registration Result
[2026-09-27 18:55:43.735] [nas] [debug] Encoded 5GS Registration Result, len (2)
[2026-09-27 18:55:43.735] [nas] [debug] Encoding 5GS Mobile Identity
[2026-09-27 18:55:43.735] [nas] [debug] Encoding 5G-GUTI IEI 0x77
[2026-09-27 18:55:43.735] [nas] [debug] MNC digit 1: 0
[2026-09-27 18:55:43.735] [nas] [debug] Encoding MNC 2 digits
[2026-09-27 18:55:43.735] [nas] [debug] MCC 001, MNC 01
[2026-09-27 18:55:43.735] [nas] [debug] Encoded 5G-GUTI IE (len 14 octets)
[2026-09-27 18:55:43.735] [nas] [debug] Encoding 5GS Tracking Area Identity List
[2026-09-27 18:55:43.735] [nas] [debug] MNC digit 1: 0
[2026-09-27 18:55:43.735] [nas] [debug] Encoding MNC 2 digits
[2026-09-27 18:55:43.735] [nas] [debug] MCC 001, MNC 01
[2026-09-27 18:55:43.735] [nas] [debug] Encoded 5GS Tracking Area Identity List, len (9)
[2026-09-27 18:55:43.735] [nas] [debug] IE PLMN List is not available
[2026-09-27 18:55:43.735] [nas] [debug] Encoding NSSAI
[2026-09-27 18:55:43.735] [nas] [debug] Encoded Nssai len (4)
[2026-09-27 18:55:43.735] [nas] [debug] IE Rejected NSSAI is not available
[2026-09-27 18:55:43.735] [nas] [debug] Encoding NSSAI
[2026-09-27 18:55:43.735] [nas] [debug] Encoded Nssai len (4)
[2026-09-27 18:55:43.735] [nas] [debug] Encoding 5GS Network Feature Support
[2026-09-27 18:55:43.735] [nas] [debug] Encoded 5GS Network Feature Support, len (4)
[2026-09-27 18:55:43.735] [nas] [debug] IE PDU Session Status is not available
[2026-09-27 18:55:43.735] [nas] [debug] IE PDU Session Reactivation Result is not available
[2026-09-27 18:55:43.735] [nas] [debug] IE PDU Session Reactivation Result Error Cause is not available
[2026-09-27 18:55:43.735] [nas] [debug] Encoding LADN Information
[2026-09-27 18:55:43.735] [nas] [debug] Encoded LADN Information, len (0)
[2026-09-27 18:55:43.735] [nas] [debug] IE MICO Indication is not available
[2026-09-27 18:55:43.735] [nas] [debug] IE Network Slicing Indication is not available
[2026-09-27 18:55:43.735] [nas] [debug] IE Service Area List is not available
[2026-09-27 18:55:43.735] [nas] [debug] Encoding GPRS Timer 3
[2026-09-27 18:55:43.735] [nas] [debug] Encoded GPRS Timer 3, len (3)
[2026-09-27 18:55:43.735] [nas] [debug] IE GPRS Timer 2 is not available
[2026-09-27 18:55:43.735] [nas] [debug] Encoding GPRS Timer 2
[2026-09-27 18:55:43.735] [nas] [debug] Encoded GPRS Timer 2, len (3)
[2026-09-27 18:55:43.735] [nas] [debug] IE SOR Transparent Container is not available
[2026-09-27 18:55:43.735] [nas] [debug] IE EAP Message is not available
[2026-09-27 18:55:43.735] [nas] [debug] IE NSSAI Inclusion Mode is not available
[2026-09-27 18:55:43.735] [nas] [debug] IE 5GS DRX Parameters is not available
[2026-09-27 18:55:43.735] [nas] [debug] IE Non-3GPP NW Provided Policies is not available
[2026-09-27 18:55:43.735] [nas] [debug] IE EPS Bearer Context Status is not available
[2026-09-27 18:55:43.735] [nas] [debug] IE Extended DRX Parameters is not available
[2026-09-27 18:55:43.735] [nas] [debug] IE GPRS Timer 3 is not available
[2026-09-27 18:55:43.735] [nas] [debug] IE GPRS Timer 3 is not available
[2026-09-27 18:55:43.735] [nas] [debug] IE GPRS Timer 3 is not available
[2026-09-27 18:55:43.735] [nas] [debug] IE UE Radio Capability ID is not available
[2026-09-27 18:55:43.735] [nas] [debug] IE NSSAI is not available
[2026-09-27 18:55:43.735] [nas] [debug] Encoded RegistrationAccept message len (46)
[2026-09-27 18:55:43.735] [common] [debug] [amf_n1]Registration-Accept message buffer
7e 00 42 01 01 77 00 0b f2 00 f1 10 01 00 00 1b a3 10 b6 54 07 00 00 f1 10 00 00 07 15 02 01 01 31 02 01 01 21 02 01 00 5e 01 b6 16 01 0c 
[2026-09-27 18:55:43.735] [amf_n1] [debug] Encoding nas_message_protected...
[2026-09-27 18:55:43.735] [amf_n1] [debug] Cipher protected with EA0_5G
[2026-09-27 18:55:43.735] [common] [debug] [amf_n1]Parameters for NIA: Knas_int
a1 72 60 92 b3 87 9d c1 97 74 d7 a7 79 1d d6 f6 
[2026-09-27 18:55:43.735] [amf_n1] [debug] Parameters for NIA, count: 0x1
[2026-09-27 18:55:43.735] [amf_n1] [debug] Parameters for NIA, bearer: 0x1
[2026-09-27 18:55:43.735] [amf_n1] [debug] Parameters for NIA, direction: 0x1
[2026-09-27 18:55:43.735] [common] [debug] [amf_n1]Parameters for NIA, message: 
01 7e 00 42 01 01 77 00 0b f2 00 f1 10 01 00 00 1b a3 10 b6 54 07 00 00 f1 10 00 00 07 15 02 01 01 31 02 01 01 21 02 01 00 5e 01 b6 16 01 0c 
[2026-09-27 18:55:43.735] [amf_n1] [debug] Integrity with algorithms: 128-5G-IA1
[2026-09-27 18:55:43.735] [common] [debug] [amf_n1]Result for NIA1, mac: 
db ca 83 72 
[2026-09-27 18:55:43.735] [amf_n1] [debug] Result for NIA1, mac32: 0xdbca8372
[2026-09-27 18:55:43.735] [amf_n1] [debug] Derive Kgnb ...
[2026-09-27 18:55:43.735] [common] [debug] [amf_n1]Kamf
38 d1 81 e6 d6 b5 e2 14 fd b5 01 4b 1b e2 50 c3 61 b5 84 a7 6a cb b5 9a a9 e0 be 49 86 a5 99 7a 
[2026-09-27 18:55:43.735] [amf_n1] [info] UE (IMSI [REDACTED], GUTI 00101010000463671478, current RAN ID 1, current AMF ID 2) has been registered to the network
[2026-09-27 18:55:43.735] [amf_n2] [info] Received Initial Context Setup Request message, handling
[2026-09-27 18:55:43.735] [amf_n2] [debug] Handle Initial Context Setup Request ...
[2026-09-27 18:55:43.735] [amf_app] [debug] The UE's state (IMSI [REDACTED], State 5GMM-REGISTERED) has been successfully updated!
[2026-09-27 18:55:43.735] [amf_n1] [debug] Set 5GMM state to 5GMM-REGISTERED
[2026-09-27 18:55:43.735] [nas_mm] [debug] Set IMEISV InitialContextSetupRequestMsg: 6754567890123413
InitiatingMessage ::= {
    procedureCode: 14
    criticality: 0 (reject)
    value: InitialContextSetupRequest ::= {
        protocolIEs: ProtocolIE-Container ::= {
            InitialContextSetupRequestIEs ::= {
                id: 10
                criticality: 0 (reject)
                value: 2
            }
            InitialContextSetupRequestIEs ::= {
                id: 85
                criticality: 0 (reject)
                value: 1
            }
            InitialContextSetupRequestIEs ::= {
                id: 28
                criticality: 0 (reject)
                value: GUAMI ::= {
                    pLMNIdentity: 00 F1 10
                    aMFRegionID: 01
                    aMFSetID: 00 00 (6 bits unused)
                    aMFPointer: 00 (2 bits unused)
                }
            }
            InitialContextSetupRequestIEs ::= {
                id: 0
                criticality: 0 (reject)
                value: AllowedNSSAI ::= {
                    AllowedNSSAI-Item ::= {
                        s-NSSAI: S-NSSAI ::= {
                            sST: 01
                        }
                    }
                }
            }
            InitialContextSetupRequestIEs ::= {
                id: 119
                criticality: 0 (reject)
                value: UESecurityCapabilities ::= {
                    nRencryptionAlgorithms: C0 00
                    nRintegrityProtectionAlgorithms: C0 00
                    eUTRAencryptionAlgorithms: 00 00
                    eUTRAintegrityProtectionAlgorithms: 00 00
                }
            }
            InitialContextSetupRequestIEs ::= {
                id: 94
                criticality: 0 (reject)
                value: 
                        C1 57 17 9B CD C3 19 A2 98 93 5E 7A 24 DB A6 D7 
                        0F 79 DE 63 B1 00 00 24 2E 6A D6 69 7B 5F 01 26
            }
            InitialContextSetupRequestIEs ::= {
                id: 36
                criticality: 1 (ignore)
                value: MobilityRestrictionList ::= {
                    servingPLMN: 00 F1 10
                }
            }
            InitialContextSetupRequestIEs ::= {
                id: 34
                criticality: 1 (ignore)
                value: 76 45 65 87 09 FF FF 31
            }
            InitialContextSetupRequestIEs ::= {
                id: 38
                criticality: 1 (ignore)
                value: 
                    7E 02 DB CA 83 72 01 7E 00 42 01 01 77 00 0B F2 
                    00 F1 10 01 00 00 1B A3 10 B6 54 07 00 00 F1 10 
                    00 00 07 15 02 01 01 31 02 01 01 21 02 01 00 5E 
                    01 B6 16 01 0C
            }
        }
    }
}
[2026-09-27 18:55:43.735] [amf_app] [info] 
   |------------------------------------------------------------------------------------------------------------------------------------------------------------|
   |----------------------------------------------------------------------gNBs' Information---------------------------------------------------------------------|
   |  Index |               Status               |              Global Id             |              gNB Name              |                PLMN                |
   |    1   |              Connected             |               0x0E00               |               gNB-OAI              |               001,01               |
   |------------------------------------------------------------------------------------------------------------------------------------------------------------|

   |-----------------------------------------------------------------------------------------------------------------------------------------------------------|
   |---------------------------------------------------------------------UEs' Information----------------------------------------------------------------------|
   |  Index |     5GMM State     |        IMSI        |        GUTI        |   RAN UE NGAP ID   |   AMF UE NGAP ID   |        PLMN        |       Cell Id      |
   |    1   |   5GMM-REGISTERED  |   [REDACTED]  |00101010000463671478|        0x01        |        0x02        |       001,01       |      0000e014e     |
   |-----------------------------------------------------------------------------------------------------------------------------------------------------------|

[2026-09-27 18:55:43.735] [ngap] [debug] Encoded size (164)
[2026-09-27 18:55:43.735] [sctp] [debug] [Socket 5, Assoc ID 36] Sending buffer 0x7e8dc4005bf0 of 164 bytes on stream 1 with PPID 60
[2026-09-27 18:55:43.735] [amf_n1] [debug] Signal the UE Location Report Event notification for SUPI imsi-[REDACTED]
[2026-09-27 18:55:43.735] [amf_n1] [debug] Send request to SBI to trigger UE Location Report (SUPI imsi-[REDACTED] )
[2026-09-27 18:55:43.735] [amf_n1] [debug] Signal the UE Registration State Event notification for SUPI imsi-[REDACTED]
[2026-09-27 18:55:43.735] [amf_n1] [debug] Send request to SBI to trigger UE Registration State Report (SUPI imsi-[REDACTED] )
[2026-09-27 18:55:43.735] [amf_n1] [debug] Signal the UE Connectivity Status Event notification for SUPI imsi-[REDACTED]
[2026-09-27 18:55:43.735] [amf_n1] [debug] Send request to SBI to trigger UE Connectivity State Report (SUPI imsi-[REDACTED] )
[2026-09-27 18:55:43.735] [sctp] [debug] Successfully sent 164 bytes on stream 1
[2026-09-27 18:55:43.735] [ngap] [debug] Free NGAP Message PDU
[2026-09-27 18:55:43.743] [amf_sbi] [info] Get response with HTTP code: 404
[2026-09-27 18:55:43.743] [amf_sbi] [debug] Get response with body
, {"amfInstanceId":"4042849f-78a0-49bf-9f1a-180c59d6e83a","deregCallbackUri":"10.244.0.150:80/namf-callback/v1v1/imsi-[REDACTED]/deregistration-notification","guami":{"amfId":"010000","plmnId":{"mcc":"001","mnc":"01"}},"initialRegistrationInd":true,"ratType":"NR"} 
[2026-09-27 18:55:43.743] [amf_sbi] [info] Receive AM Policy Association message, handling ...
[2026-09-27 18:55:43.743] [amf_sbi] [debug] Send AM Policy Association to PCF
[2026-09-27 18:55:43.743] [amf_sbi] [info] Send HTTP message to /npcf-am-policy-control/v1/policies
[2026-09-27 18:55:43.743] [amf_sbi] [info] HTTP message Body: {"notificationUri":"10.244.0.150:80/namf-callback/v1v1/imsi-[REDACTED]/PolicyUpdateNotification","supi":"imsi-[REDACTED]","suppFeat":""}
[2026-09-27 18:55:43.743] [amf_sbi] [debug] Send a simple HTTP request
[2026-09-27 18:55:43.743] [amf_sbi] [warning] Cannot get response when calling /npcf-am-policy-control/v1/policies
[2026-09-27 18:55:43.743] [amf_sbi] [info] Get response with HTTP code: 0
[2026-09-27 18:55:43.743] [amf_sbi] [debug] Get response with body
,  
[2026-09-27 18:55:43.765] [amf_app] [debug] Send ITTI msg to SBI task to trigger NRF Heartbeat
[2026-09-27 18:55:43.765] [amf_sbi] [info] Receive Update NF Instance Request, handling ...
[2026-09-27 18:55:43.765] [amf_sbi] [debug] Send NF Update to NRF
[2026-09-27 18:55:43.765] [amf_sbi] [info] Send HTTP message to http://oai-nrf:80/nnrf-nfm/v1/nf-instances/4042849f-78a0-49bf-9f1a-180c59d6e83a
[2026-09-27 18:55:43.765] [amf_sbi] [info] HTTP message Body: [{"op":"replace","path":"/nfStatus","value":"REGISTERED"}]
[2026-09-27 18:55:43.765] [amf_sbi] [debug] Send a simple HTTP request
[2026-09-27 18:55:43.768] [amf_sbi] [info] Get response with HTTP code (204)
[2026-09-27 18:55:43.768] [amf_sbi] [info] Could not get JSON content from the response
[2026-09-27 18:55:43.768] [amf_app] [debug] Received SBI_UPDATE_NF_INSTANCE_RESPONSE
[2026-09-27 18:55:43.768] [amf_app] [debug] Handle NF Update response
[2026-09-27 18:55:43.768] [amf_app] [debug] Set a timer to the next Heart-beat (10)
[2026-09-27 18:55:43.914] [sctp] [info] [Assoc_id 36, Socket 5] Received a message (length 38) from port 39521, on stream 1, PPID 60
[2026-09-27 18:55:43.914] [ngap] [debug] Handling SCTP payload from SCTP Server on assoc_id (36), stream_id (1), instreams (2), outstreams (2)
[2026-09-27 18:55:43.914] [ngap] [debug] Decoded NGAP message, procedure code 44, present 1
InitiatingMessage ::= {
    procedureCode: 44
    criticality: 1 (ignore)
    value: UERadioCapabilityInfoIndication ::= {
        protocolIEs: ProtocolIE-Container ::= {
            UERadioCapabilityInfoIndicationIEs ::= {
                id: 10
                criticality: 0 (reject)
                value: 2
            }
            UERadioCapabilityInfoIndicationIEs ::= {
                id: 85
                criticality: 0 (reject)
                value: 1
            }
            UERadioCapabilityInfoIndicationIEs ::= {
                id: 117
                criticality: 1 (ignore)
                value: 00 60 80 A0 00 00 00 00 00 00 00 00 00 00
            }
        }
    }
}
[2026-09-27 18:55:43.914] [ngap] [debug] Sending ITTI UE Radio Capability Indication to TASK_AMF_N2
[2026-09-27 18:55:43.914] [amf_n2] [info] Received UE Radio Capability Indication message, handling
[2026-09-27 18:55:43.914] [ngap] [debug] Free NGAP Message PDU
[2026-09-27 18:55:43.914] [sctp] [info] [Assoc_id 36, Socket 5] Received a message (length 19) from port 39521, on stream 1, PPID 60
[2026-09-27 18:55:43.914] [ngap] [debug] Handling SCTP payload from SCTP Server on assoc_id (36), stream_id (1), instreams (2), outstreams (2)
[2026-09-27 18:55:43.914] [ngap] [debug] Decoded NGAP message, procedure code 14, present 2
SuccessfulOutcome ::= {
    procedureCode: 14
    criticality: 0 (reject)
    value: InitialContextSetupResponse ::= {
        protocolIEs: ProtocolIE-Container ::= {
            InitialContextSetupResponseIEs ::= {
                id: 10
                criticality: 1 (ignore)
                value: 2
            }
            InitialContextSetupResponseIEs ::= {
                id: 85
                criticality: 1 (ignore)
                value: 1
            }
        }
    }
}
[2026-09-27 18:55:43.914] [ngap] [debug] Handling Initial Context Setup Response
[2026-09-27 18:55:43.914] [ngap] [debug] Decode PduSessionResourceSetupResponseList IE error or this IE is not available
[2026-09-27 18:55:43.914] [ngap] [debug] Free NGAP Message PDU
[2026-09-27 18:55:43.999] [sctp] [info] [Assoc_id 36, Socket 5] Received a message (length 53) from port 39521, on stream 1, PPID 60
[2026-09-27 18:55:43.999] [ngap] [debug] Handling SCTP payload from SCTP Server on assoc_id (36), stream_id (1), instreams (2), outstreams (2)
[2026-09-27 18:55:43.999] [ngap] [debug] Decoded NGAP message, procedure code 46, present 1
InitiatingMessage ::= {
    procedureCode: 46
    criticality: 1 (ignore)
    value: UplinkNASTransport ::= {
        protocolIEs: ProtocolIE-Container ::= {
            UplinkNASTransport-IEs ::= {
                id: 10
                criticality: 0 (reject)
                value: 2
            }
            UplinkNASTransport-IEs ::= {
                id: 85
                criticality: 0 (reject)
                value: 1
            }
            UplinkNASTransport-IEs ::= {
                id: 38
                criticality: 0 (reject)
                value: 7E 02 B3 62 98 42 01 7E 00 43
            }
            UplinkNASTransport-IEs ::= {
                id: 121
                criticality: 1 (ignore)
                value: UserLocationInformationNR ::= {
                    nR-CGI: NR-CGI ::= {
                        pLMNIdentity: 00 F1 10
                        nRCellIdentity: 00 00 E0 14 E0 (4 bits unused)
                    }
                    tAI: TAI ::= {
                        pLMNIdentity: 00 F1 10
                        tAC: 00 00 07
                    }
                }
            }
        }
    }
}
[2026-09-27 18:55:43.999] [ngap] [debug] Sending ITTI Uplink NAS Transport message to TASK_AMF_N2
InitiatingMessage ::= {
    procedureCode: 46
    criticality: 1 (ignore)
    value: UplinkNASTransport ::= {
        protocolIEs: ProtocolIE-Container ::= {
            UplinkNASTransport-IEs ::= {
                id: 10
                criticality: 0 (reject)
                value: 2
            }
            UplinkNASTransport-IEs ::= {
                id: 85
                criticality: 0 (reject)
                value: 1
            }
            UplinkNASTransport-IEs ::= {
                id: 38
                criticality: 0 (reject)
                value: 7E 02 B3 62 98 42 01 7E 00 43
            }
            UplinkNASTransport-IEs ::= {
                id: 121
                criticality: 1 (ignore)
                value: UserLocationInformationNR ::= {
                    nR-CGI: NR-CGI ::= {
                        pLMNIdentity: 00 F1 10
                        nRCellIdentity: 00 00 E0 14 E0 (4 bits unused)
                    }
                    tAI: TAI ::= {
                        pLMNIdentity: 00 F1 10
                        tAC: 00 00 07
                    }
                }
            }
        }
    }
}
[2026-09-27 18:55:43.999] [ngap] [debug] Received TAC 0x7
[2026-09-27 18:55:44.000] [amf_n2] [info] Received Uplink NAS Transport message, handling
[2026-09-27 18:55:44.000] [amf_n2] [debug] Handle Uplink NAS Transport...
[2026-09-27 18:55:44.000] [amf_n1] [info] Received UL_NAS_DATA_IND
[2026-09-27 18:55:44.000] [ngap] [debug] Free NGAP Message PDU
[2026-09-27 18:55:44.000] [amf_n1] [debug] Serving network name 5G:mnc001.mcc001.3gppnetwork.org
[2026-09-27 18:55:44.000] [amf_n1] [debug] Existing nas_context with amf_ue_ngap_id 2
[2026-09-27 18:55:44.000] [common] [debug] [amf_n1]Received Uplink NAS Message
7e 02 b3 62 98 42 01 7e 00 43 
[2026-09-27 18:55:44.000] [amf_n1] [debug] Received integrity protected and ciphered NAS message
[2026-09-27 18:55:44.000] [amf_n1] [debug] Received integrity protected with new security context NAS message
[2026-09-27 18:55:44.000] [amf_n1] [debug] Received integrity protected and ciphered with new security context NAS message
[2026-09-27 18:55:44.000] [common] [debug] [amf_n1]Parameters for NIA: Knas_int
a1 72 60 92 b3 87 9d c1 97 74 d7 a7 79 1d d6 f6 
[2026-09-27 18:55:44.000] [amf_n1] [debug] Uplink count in uplink: 1
[2026-09-27 18:55:44.000] [amf_n1] [debug] Parameters for NIA, count: 0x0
[2026-09-27 18:55:44.000] [amf_n1] [debug] Parameters for NIA, bearer: 0x1
[2026-09-27 18:55:44.000] [amf_n1] [debug] Parameters for NIA, direction: 0x0
[2026-09-27 18:55:44.000] [common] [debug] [amf_n1]Parameters for NIA, message: 
01 7e 00 43 
[2026-09-27 18:55:44.000] [amf_n1] [debug] Integrity with algorithms: 128-5G-IA1
[2026-09-27 18:55:44.000] [sctp] [info] [Assoc_id 36, Socket 5] Received a message (length 80) from port 39521, on stream 1, PPID 60
[2026-09-27 18:55:44.000] [ngap] [debug] Handling SCTP payload from SCTP Server on assoc_id (36), stream_id (1), instreams (2), outstreams (2)
[2026-09-27 18:55:44.000] [common] [debug] [amf_n1]Result for NIA1, mac: 
b3 62 98 42 
[2026-09-27 18:55:44.000] [amf_n1] [debug] Result for NIA1, mac32: 0xb3629842
[2026-09-27 18:55:44.000] [amf_n1] [debug] Received mac32 (0xb3629842) from the message
[2026-09-27 18:55:44.000] [amf_n1] [debug] Integrity matched
[2026-09-27 18:55:44.000] [amf_n1] [debug] nsc.ul_count.overflow 0
[2026-09-27 18:55:44.000] [amf_n1] [debug] Cipher protected with EA0_5G
[2026-09-27 18:55:44.000] [ngap] [debug] Decoded NGAP message, procedure code 46, present 1
InitiatingMessage ::= {
    procedureCode: 46
    criticality: 1 (ignore)
    value: UplinkNASTransport ::= {
        protocolIEs: ProtocolIE-Container ::= {
            UplinkNASTransport-IEs ::= {
                id: 10
                criticality: 0 (reject)
                value: 2
            }
            UplinkNASTransport-IEs ::= {
                id: 85
                criticality: 0 (reject)
                value: 1
            }
            UplinkNASTransport-IEs ::= {
                id: 38
                criticality: 0 (reject)
                value: 
                    7E 02 46 25 17 96 02 7E 00 67 01 00 07 2E 01 01 
                    C1 FF FF 91 12 01 81 22 01 01 25 09 08 6E 69 73 
                    74 2D 64 6E 6E
            }
            UplinkNASTransport-IEs ::= {
                id: 121
                criticality: 1 (ignore)
                value: UserLocationInformationNR ::= {
                    nR-CGI: NR-CGI ::= {
                        pLMNIdentity: 00 F1 10
                        nRCellIdentity: 00 00 E0 14 E0 (4 bits unused)
                    }
                    tAI: TAI ::= {
                        pLMNIdentity: 00 F1 10
                        tAC: 00 00 07
                    }
                }
            }
        }
    }
}
[2026-09-27 18:55:44.000] [ngap] [debug] Sending ITTI Uplink NAS Transport message to TASK_AMF_N2
InitiatingMessage ::= {
    procedureCode: 46
    criticality: 1 (ignore)
    value: UplinkNASTransport ::= {
        protocolIEs: ProtocolIE-Container ::= {
            UplinkNASTransport-IEs ::= {
                id: 10
                criticality: 0 (reject)
                value: 2
            }
            UplinkNASTransport-IEs ::= {
                id: 85
                criticality: 0 (reject)
                value: 1
            }
            UplinkNASTransport-IEs ::= {
                id: 38
                criticality: 0 (reject)
                value: 
                    7E 02 46 25 17 96 02 7E 00 67 01 00 07 2E 01 01 
                    C1 FF FF 91 12 01 81 22 01 01 25 09 08 6E 69 73 
                    74 2D 64 6E 6E
            }
            UplinkNASTransport-IEs ::= {
                id: 121
                criticality: 1 (ignore)
                value: UserLocationInformationNR ::= {
                    nR-CGI: NR-CGI ::= {
                        pLMNIdentity: 00 F1 10
                        nRCellIdentity: 00 00 E0 14 E0 (4 bits unused)
                    }
                    tAI: TAI ::= {
                        pLMNIdentity: 00 F1 10
                        tAC: 00 00 07
                    }
                }
            }
        }
    }
}
[2026-09-27 18:55:44.000] [ngap] [debug] Received TAC 0x7
[2026-09-27 18:55:44.000] [common] [debug] [amf_n1]Decoded Plain Message
7e 00 43 
[2026-09-27 18:55:44.000] [amf_n1] [debug] Received Uplink NAS message...
[2026-09-27 18:55:44.000] [amf_n1] [debug] Received Registration Complete message, handling...
[2026-09-27 18:55:44.000] [amf_n1] [debug] Received Registration Complete message, processing
[2026-09-27 18:55:44.000] [nas] [debug] Decoding RegistrationComplete message
[2026-09-27 18:55:44.000] [nas] [debug] Decoding NasMmPlainHeader
[2026-09-27 18:55:44.000] [nas] [debug] Decoded NasMmPlainHeader len (3 octets)
[2026-09-27 18:55:44.000] [nas] [debug] Decoded_size (3)
[2026-09-27 18:55:44.000] [nas] [debug] First option IEI (0x0)
[2026-09-27 18:55:44.000] [nas] [debug] Decoded RegistrationComplete message (len 3)
[2026-09-27 18:55:44.000] [amf_n1] [debug] Do not sending Configuration Update Command in this version!
[2026-09-27 18:55:44.000] [amf_n2] [info] Received Uplink NAS Transport message, handling
[2026-09-27 18:55:44.000] [amf_n2] [debug] Handle Uplink NAS Transport...
[2026-09-27 18:55:44.000] [ngap] [debug] Free NGAP Message PDU
[2026-09-27 18:55:44.000] [amf_n1] [info] Received UL_NAS_DATA_IND
[2026-09-27 18:55:44.000] [amf_n1] [debug] Serving network name 5G:mnc001.mcc001.3gppnetwork.org
[2026-09-27 18:55:44.000] [amf_n1] [debug] Existing nas_context with amf_ue_ngap_id 2
[2026-09-27 18:55:44.000] [common] [debug] [amf_n1]Received Uplink NAS Message
7e 02 46 25 17 96 02 7e 00 67 01 00 07 2e 01 01 c1 ff ff 91 12 01 81 22 01 01 25 09 08 6e 69 73 74 2d 64 6e 6e 
[2026-09-27 18:55:44.000] [amf_n1] [debug] Received integrity protected and ciphered NAS message
[2026-09-27 18:55:44.000] [amf_n1] [debug] Received integrity protected with new security context NAS message
[2026-09-27 18:55:44.000] [amf_n1] [debug] Received integrity protected and ciphered with new security context NAS message
[2026-09-27 18:55:44.000] [common] [debug] [amf_n1]Parameters for NIA: Knas_int
a1 72 60 92 b3 87 9d c1 97 74 d7 a7 79 1d d6 f6 
[2026-09-27 18:55:44.000] [amf_n1] [debug] Uplink count in uplink: 2
[2026-09-27 18:55:44.000] [amf_n1] [debug] Parameters for NIA, count: 0x1
[2026-09-27 18:55:44.000] [amf_n1] [debug] Parameters for NIA, bearer: 0x1
[2026-09-27 18:55:44.000] [amf_n1] [debug] Parameters for NIA, direction: 0x0
[2026-09-27 18:55:44.000] [common] [debug] [amf_n1]Parameters for NIA, message: 
02 7e 00 67 01 00 07 2e 01 01 c1 ff ff 91 12 01 81 22 01 01 25 09 08 6e 69 73 74 2d 64 6e 6e 
[2026-09-27 18:55:44.000] [amf_n1] [debug] Integrity with algorithms: 128-5G-IA1
[2026-09-27 18:55:44.000] [common] [debug] [amf_n1]Result for NIA1, mac: 
46 25 17 96 
[2026-09-27 18:55:44.000] [amf_n1] [debug] Result for NIA1, mac32: 0x46251796
[2026-09-27 18:55:44.000] [amf_n1] [debug] Received mac32 (0x46251796) from the message
[2026-09-27 18:55:44.000] [amf_n1] [debug] Integrity matched
[2026-09-27 18:55:44.000] [amf_n1] [debug] nsc.ul_count.overflow 0
[2026-09-27 18:55:44.000] [amf_n1] [debug] Cipher protected with EA0_5G
[2026-09-27 18:55:44.000] [common] [debug] [amf_n1]Decoded Plain Message
7e 00 67 01 00 07 2e 01 01 c1 ff ff 91 12 01 81 22 01 01 25 09 08 6e 69 73 74 2d 64 6e 6e 
[2026-09-27 18:55:44.000] [amf_n1] [debug] Received Uplink NAS message...
[2026-09-27 18:55:44.000] [amf_n1] [debug] Received UL NAS Transport message, handling...
[2026-09-27 18:55:44.000] [amf_n1] [debug] Handling UL NAS Transport
[2026-09-27 18:55:44.000] [nas] [debug] Decoding UlNasTransport message
[2026-09-27 18:55:44.000] [nas] [debug] Decoding NasMmPlainHeader
[2026-09-27 18:55:44.000] [nas] [debug] Decoded NasMmPlainHeader len (3 octets)
[2026-09-27 18:55:44.000] [nas] [debug] Decoding Payload Container
[2026-09-27 18:55:44.000] [nas] [debug] Decoded_size (13)
[2026-09-27 18:55:44.000] [nas] [debug] First option IEI (0x12)
[2026-09-27 18:55:44.000] [nas] [debug] Decoding IEI 0x12
[2026-09-27 18:55:44.000] [nas] [debug] Decoding PDU Session Identity 2
[2026-09-27 18:55:44.000] [nas] [debug] Decoded value 0x1
[2026-09-27 18:55:44.000] [nas] [debug] Decoded PDU Session Identity 2, len (2)
[2026-09-27 18:55:44.000] [nas] [debug] Next IEI (0x81)
[2026-09-27 18:55:44.000] [nas] [debug] Decoding IEI 0x8
[2026-09-27 18:55:44.000] [nas] [debug] Next IEI (0x22)
[2026-09-27 18:55:44.000] [nas] [debug] Decoding IEI (0x22)
[2026-09-27 18:55:44.000] [nas] [debug] Decoding S-NSSAI
[2026-09-27 18:55:44.000] [nas] [debug] Decoded S-NSSAI SST 0x1
[2026-09-27 18:55:44.000] [nas] [debug] Decoded S-NSSAI, len (3)
[2026-09-27 18:55:44.000] [nas] [debug] Next IEI (0x25)
[2026-09-27 18:55:44.000] [nas] [debug] Decoding IEI (0x25)
[2026-09-27 18:55:44.000] [nas] [debug] Decoding DNN
[2026-09-27 18:55:44.000] [nas] [debug] Decoded value 0x8
[2026-09-27 18:55:44.000] [nas] [debug] Decoded value 0x6e
[2026-09-27 18:55:44.000] [nas] [debug] Decoded value 0x69
[2026-09-27 18:55:44.000] [nas] [debug] Decoded value 0x73
[2026-09-27 18:55:44.000] [nas] [debug] Decoded value 0x74
[2026-09-27 18:55:44.000] [nas] [debug] Decoded value 0x2d
[2026-09-27 18:55:44.000] [nas] [debug] Decoded value 0x64
[2026-09-27 18:55:44.000] [nas] [debug] Decoded value 0x6e
[2026-09-27 18:55:44.000] [nas] [debug] Decoded value 0x6e
[2026-09-27 18:55:44.000] [nas] [debug] Decoded DNN, len (11)
[2026-09-27 18:55:44.000] [nas] [debug] Next IEI (0x0)
[2026-09-27 18:55:44.000] [nas] [debug] Decoded UlNasTransport message len (30)
[2026-09-27 18:55:44.000] [amf_n1] [debug] S_NSSAI for this PDU Session SST 0x1
[2026-09-27 18:55:44.000] [common] [debug] [amf_n1]Decoded DNN Bit String
08 6e 69 73 74 2d 64 6e 6e 
[2026-09-27 18:55:44.001] [amf_sbi] [info] Running ITTI_SMF_PDU_SESSION_CREATE_SM_CTX
[2026-09-27 18:55:44.001] [amf_sbi] [debug] Handle ITTI SMF_PDU_SESSION_CREATE_SM_CTX
[2026-09-27 18:55:44.001] [amf_sbi] [info] Find ue_context in amf_app using UE Context Key: app_ue_ranid_1:amfid_2
[2026-09-27 18:55:44.001] [amf_app] [warning] No PDU Session Context with PDU Session ID 1
[2026-09-27 18:55:44.001] [amf_sbi] [debug] Create a PDU Session Context
[2026-09-27 18:55:44.001] [amf_sbi] [debug] PDU Session Context, NSSAI SST (0x1) SD FFFFFF
[2026-09-27 18:55:44.001] [common] [debug] [amf_sbi]DNN Bit String
08 6e 69 73 74 2d 64 6e 6e 
[2026-09-27 18:55:44.001] [amf_sbi] [debug] Requested DNN: nist-dnn
[2026-09-27 18:55:44.001] [amf_sbi] [debug] NRF NF Discover URI: http://oai-nrf:80/nnrf-disc/v1/nf-instances
[2026-09-27 18:55:44.001] [amf_sbi] [debug] Send NFDiscovery to NRF to discover the available SMFs
[2026-09-27 18:55:44.001] [amf_sbi] [info] Send HTTP message to http://oai-nrf:80/nnrf-disc/v1/nf-instances?target-nf-type=SMF&requester-nf-type=AMF
[2026-09-27 18:55:44.001] [amf_sbi] [info] HTTP message Body: 
[2026-09-27 18:55:44.001] [amf_sbi] [debug] Send a simple HTTP request
[2026-09-27 18:55:44.007] [amf_sbi] [info] Get response with HTTP code (200)
[2026-09-27 18:55:44.007] [amf_sbi] [debug] S-NSSAI [SST- 1, SD -FFFFFF] is matched for SMF profile
[2026-09-27 18:55:44.007] [amf_sbi] [debug] NFDiscovery, SMF Info: Addr 10.244.0.151, Port 80, API Version v1
[2026-09-27 18:55:44.007] [amf_sbi] [debug] Decoded PTI for PDUSessionEstablishmentRequest(0x1)
[2026-09-27 18:55:44.007] [amf_sbi] [debug] Handle PDU Session Establishment Request (SUPI imsi-[REDACTED], PDU Session ID 1)
[2026-09-27 18:55:44.007] [amf_sbi] [debug] SMF's URI: 10.244.0.151:80/nsmf-pdusession/v1/sm-contexts
[2026-09-27 18:55:44.007] [amf_sbi] [debug] Message body {"anType":"3GPP_ACCESS","dnn":"nist-dnn","epsInterworkingInd":"NONE","gpsi":"msisdn-10000000000","guami":{"amfId":"010000","plmnId":{"mcc":"001","mnc":"01"}},"n1SmMsg":{"contentId":"n1SmMsg"},"pduSessionId":1,"pei":"imeisv-8670000000000001","ratType":"NR","requestType":"INITIAL_REQUEST","sNssai":{"sd":"FFFFFF","sst":1},"selMode":"VERIFIED","servingNetwork":{"mcc":"001","mnc":"01"},"servingNfId":"4042849f-78a0-49bf-9f1a-180c59d6e83a","smContextStatusUri":"http://10.244.0.150:80/namf-status-notify/v1/pdu-session-release/callback/imsi-[REDACTED]/1","supi":"imsi-[REDACTED]","ueLocation":{"nrLocation":{"ncgi":{"nrCellId":"0000e014e","plmnId":{"mcc":"001","mnc":"01"}},"tai":{"plmnId":{"mcc":"001","mnc":"01"},"tac":"7"}}}}
[2026-09-27 18:55:44.007] [amf_sbi] [debug] Buffer: 2e0101c1ffff91
[2026-09-27 18:55:44.007] [common] [debug] Input string (14 bytes): 2e0101c1ffff91 
[2026-09-27 18:55:44.007] [common] [debug] Data (formatted):
 2e  01  01  c1  ff  ff  91 
[2026-09-27 18:55:44.007] [amf_sbi] [debug] Send a simple HTTP request
[2026-09-27 18:55:44.013] [common] [debug] Parsing the message with the Simple Parser
[2026-09-27 18:55:44.013] [amf_sbi] [info] JSON part 
[2026-09-27 18:55:44.013] [amf_sbi] [info] Location of the created SMF context: http://10.244.0.151:80/nsmf-pdusession/v1/sm-contexts/2
[2026-09-27 18:55:44.013] [amf_sbi] [warning] Could not get JSON content from the response
[2026-09-27 18:55:44.031] [amf_server] [debug] Received a N1N2MessageTrasfer request with ue_ctx_id imsi-[REDACTED]
[2026-09-27 18:55:44.031] [common] [debug] Parsing the message with the Simple Parser
[2026-09-27 18:55:44.031] [common] [debug] Boundary: ----Boundary
[2026-09-27 18:55:44.031] [common] [debug] Content Type: application/json
[2026-09-27 18:55:44.031] [common] [debug] Content Id: root
[2026-09-27 18:55:44.031] [common] [debug] Body: {"n1MessageContainer":{"n1MessageClass":"SM","n1MessageContent":{"contentId":"n1SmMsg"}},"n1n2FailureTxfNotifURI":"http://10.244.0.151:80/nsmf-pdusession/v1/callback/N1N2MsgTxfrFailureNotification/imsi-[REDACTED]","n2InfoContainer":{"n2InformationClass":"SM","smInfo":{"n2InfoContent":{"ngapData":{"contentId":"n2msg"},"ngapIeType":"PDU_RES_SETUP_REQ"},"pduSessionId":1,"sNssai":{"sd":"ffffff","sst":1}}},"pduSessionId":1}
[2026-09-27 18:55:44.031] [common] [debug] Content Type: application/vnd.3gpp.5gnas
[2026-09-27 18:55:44.031] [common] [debug] Content Id: n1SmMsg
[2026-09-27 18:55:44.031] [common] [debug] Body: .�
[2026-09-27 18:55:44.031] [common] [debug] Content Type: application/vnd.3gpp.ngap
[2026-09-27 18:55:44.031] [common] [debug] Content Id: n2msg
[2026-09-27 18:55:44.031] [common] [debug] Body: 
[2026-09-27 18:55:44.031] [amf_server] [debug] Number of MIME parts 3
[2026-09-27 18:55:44.031] [amf_server] [debug] MIME part: root (size 427 bytes)
[2026-09-27 18:55:44.031] [amf_server] [debug] MIME part: n1SmMsg (size 88 bytes)
[2026-09-27 18:55:44.031] [amf_server] [debug] MIME part: n2msg (size 47 bytes)
[2026-09-27 18:55:44.031] [amf_server] [debug] Receive N1N2MessageTransfer Request, handling...
[2026-09-27 18:55:44.031] [amf_server] [debug] SUPI imsi-[REDACTED]
[2026-09-27 18:55:44.032] [amf_server] [debug] N2InfoContainer is present, handling...
[2026-09-27 18:55:44.032] [amf_server] [debug] N2 Information Class: SM
[2026-09-27 18:55:44.032] [amf_server] [debug] n2_content_id: n2msg
[2026-09-27 18:55:44.032] [amf_server] [debug] NGAP IE Type: PDU_RES_SETUP_REQ
[2026-09-27 18:55:44.032] [amf_server] [debug] Key for PDU Session Context: SUPI (imsi-[REDACTED])
[2026-09-27 18:55:44.032] [common] [debug] Data input
00 00 04 00 82 00 0a 0c 3e 80 00 00 30 3e 80 00 00 00 8b 00 0a 01 f0 ac 1e 17 0a 00 00 00 02 00 86 00 01 00 00 88 00 07 00 01 00 00 09 00 00 
[2026-09-27 18:55:44.032] [amf_app] [debug] Msg hex 0000040082000a0c3e800000303e800000008b000a01f0ac1e170a0000000200860001000088000700010000090000
[2026-09-27 18:55:44.032] [amf_server] [debug] N1MessageContainer is present, handling...
[2026-09-27 18:55:44.032] [amf_server] [debug] Key for PDU Session Context: SUPI (imsi-[REDACTED])
[2026-09-27 18:55:44.032] [amf_server] [debug] N1 Content Id: n1SmMsg
[2026-09-27 18:55:44.032] [common] [debug] Data input
2e 01 01 c2 11 00 09 01 00 06 31 21 01 01 00 01 06 06 03 e8 06 03 e8 29 05 01 0a 01 00 02 22 01 01 81 79 00 06 01 20 41 01 01 09 7b 00 0d 80 00 0d 04 ac 15 03 64 00 10 02 05 dc 25 1b 08 6e 69 73 74 2d 64 6e 6e 05 6d 6e 63 30 31 06 6d 63 63 30 30 31 04 67 70 72 73 
[2026-09-27 18:55:44.032] [amf_app] [debug] Msg hex 2e0101c2110009010006312101010001060603e80603e82905010a010002220101817900060120410101097b000d80000d04ac15036400100205dc251b086e6973742d646e6e056d6e633031066d63633030310467707273
[2026-09-27 18:55:44.032] [common] [debug] [amf_server]Received N1 SM
2e 01 01 c2 11 00 09 01 00 06 31 21 01 01 00 01 06 06 03 e8 06 03 e8 29 05 01 0a 01 00 02 22 01 01 81 79 00 06 01 20 41 01 01 09 7b 00 0d 80 00 0d 04 ac 15 03 64 00 10 02 05 dc 25 1b 08 6e 69 73 74 2d 64 6e 6e 05 6d 6e 63 30 31 06 6d 63 63 30 30 31 04 67 70 72 73 
[2026-09-27 18:55:44.032] [amf_app] [debug] Received N1N2_MESSAGE_TRANSFER_REQ
[2026-09-27 18:55:44.032] [amf_app] [info] Handle ITTI N1N2 Message Transfer Request
[2026-09-27 18:55:44.032] [nas_mm] [debug] Size of DL NAS Transport message 96
[2026-09-27 18:55:44.032] [nas] [debug] Encoding DlNasTransport message
[2026-09-27 18:55:44.032] [nas] [debug] Encoding NasMmPlainHeader
[2026-09-27 18:55:44.032] [nas] [debug] Encoded NasMmPlainHeader (len 3 octets)
[2026-09-27 18:55:44.032] [nas] [debug] Encoded Type1NasIeFormatTv len 0
[2026-09-27 18:55:44.032] [nas] [debug] Encoding Payload Container
[2026-09-27 18:55:44.032] [nas] [debug] Encoded Payload Container, len (90)
[2026-09-27 18:55:44.032] [nas] [debug] Encoding PDU Session Identity 2
[2026-09-27 18:55:44.032] [nas] [debug] Encoded PDU Session Identity 2, len (2)
[2026-09-27 18:55:44.032] [nas] [debug] IE Additional Information is not available
[2026-09-27 18:55:44.032] [nas] [debug] IE 5GMM Cause is not available
[2026-09-27 18:55:44.032] [nas] [debug] IE GPRS Timer 3 is not available
[2026-09-27 18:55:44.032] [nas] [debug] Encoded DlNasTransport message len (96)
[2026-09-27 18:55:44.032] [common] [debug] [amf_app]N1N2 message transfer
7e 00 68 01 00 58 2e 01 01 c2 11 00 09 01 00 06 31 21 01 01 00 01 06 06 03 e8 06 03 e8 29 05 01 0a 01 00 02 22 01 01 81 79 00 06 01 20 41 01 01 09 7b 00 0d 80 00 0d 04 ac 15 03 64 00 10 02 05 dc 25 1b 08 6e 69 73 74 2d 64 6e 6e 05 6d 6e 63 30 31 06 6d 63 63 30 30 31 04 67 70 72 73 12 01 
[2026-09-27 18:55:44.032] [amf_n1] [info] Received DOWNLINK_NAS_TRANSFER
[2026-09-27 18:55:44.032] [amf_n1] [debug] Encoding nas_message_protected...
[2026-09-27 18:55:44.032] [amf_n1] [debug] Cipher protected with EA0_5G
[2026-09-27 18:55:44.032] [common] [debug] [amf_n1]Parameters for NIA: Knas_int
a1 72 60 92 b3 87 9d c1 97 74 d7 a7 79 1d d6 f6 
[2026-09-27 18:55:44.032] [amf_n1] [debug] Parameters for NIA, count: 0x2
[2026-09-27 18:55:44.032] [amf_n1] [debug] Parameters for NIA, bearer: 0x1
[2026-09-27 18:55:44.032] [amf_n1] [debug] Parameters for NIA, direction: 0x1
[2026-09-27 18:55:44.032] [common] [debug] [amf_n1]Parameters for NIA, message: 
02 7e 00 68 01 00 58 2e 01 01 c2 11 00 09 01 00 06 31 21 01 01 00 01 06 06 03 e8 06 03 e8 29 05 01 0a 01 00 02 22 01 01 81 79 00 06 01 20 41 01 01 09 7b 00 0d 80 00 0d 04 ac 15 03 64 00 10 02 05 dc 25 1b 08 6e 69 73 74 2d 64 6e 6e 05 6d 6e 63 30 31 06 6d 63 63 30 30 31 04 67 70 72 73 12 01 
[2026-09-27 18:55:44.032] [amf_n1] [debug] Integrity with algorithms: 128-5G-IA1
[2026-09-27 18:55:44.032] [common] [debug] [amf_n1]Result for NIA1, mac: 
8f 96 dc 11 
[2026-09-27 18:55:44.032] [amf_n1] [debug] Result for NIA1, mac32: 0x8f96dc11
[2026-09-27 18:55:44.032] [amf_n2] [info] Received PDU Session Resource Setup Request message, handling
[2026-09-27 18:55:44.032] [amf_n2] [debug] Handle PDU Session Resource Setup Request ...
[2026-09-27 18:55:44.032] [amf_n2] [debug] SUPI (imsi-[REDACTED])
[2026-09-27 18:55:44.032] [amf_n2] [debug] S_NSSAI (SST, SD) 1, FFFFFF
InitiatingMessage ::= {
    procedureCode: 29
    criticality: 0 (reject)
    value: PDUSessionResourceSetupRequest ::= {
        protocolIEs: ProtocolIE-Container ::= {
            PDUSessionResourceSetupRequestIEs ::= {
                id: 10
                criticality: 0 (reject)
                value: 2
            }
            PDUSessionResourceSetupRequestIEs ::= {
                id: 85
                criticality: 0 (reject)
                value: 1
            }
            PDUSessionResourceSetupRequestIEs ::= {
                id: 74
                criticality: 0 (reject)
                value: PDUSessionResourceSetupListSUReq ::= {
                    PDUSessionResourceSetupItemSUReq ::= {
                        pDUSessionID: 1
                        pDUSessionNAS-PDU: 
                            7E 02 8F 96 DC 11 02 7E 00 68 01 00 58 2E 01 01 
                            C2 11 00 09 01 00 06 31 21 01 01 00 01 06 06 03 
                            E8 06 03 E8 29 05 01 0A 01 00 02 22 01 01 81 79 
                            00 06 01 20 41 01 01 09 7B 00 0D 80 00 0D 04 AC 
                            15 03 64 00 10 02 05 DC 25 1B 08 6E 69 73 74 2D 
                            64 6E 6E 05 6D 6E 63 30 31 06 6D 63 63 30 30 31 
                            04 67 70 72 73 12 01
                        s-NSSAI: S-NSSAI ::= {
                            sST: 01
                        }
                        pDUSessionResourceSetupRequestTransfer: 
                            00 00 04 00 82 00 0A 0C 3E 80 00 00 30 3E 80 00 
                            00 00 8B 00 0A 01 F0 AC 1E 17 0A 00 00 00 02 00 
                            86 00 01 00 00 88 00 07 00 01 00 00 09 00 00
                    }
                }
            }
            PDUSessionResourceSetupRequestIEs ::= {
                id: 110
                criticality: 1 (ignore)
                value: UEAggregateMaximumBitRate ::= {
                    uEAggregateMaximumBitRateDL: 1000000000
                    uEAggregateMaximumBitRateUL: 1000000000
                }
            }
        }
    }
}
[2026-09-27 18:55:44.032] [ngap] [debug] Encoded message size ( 196 )
[2026-09-27 18:55:44.032] [common] [debug] [amf_n2]N2 SM buffer data:
00 1d 00 80 bf 00 00 04 00 0a 00 02 00 02 00 55 00 02 00 01 00 4a 00 80 9d 00 40 01 67 7e 02 8f 96 dc 11 02 7e 00 68 01 00 58 2e 01 01 c2 11 00 09 01 00 06 31 21 01 01 00 01 06 06 03 e8 06 03 e8 29 05 01 0a 01 00 02 22 01 01 81 79 00 06 01 20 41 01 01 09 7b 00 0d 80 00 0d 04 ac 15 03 64 00 10 02 05 dc 25 1b 08 6e 69 73 74 2d 64 6e 6e 05 6d 6e 63 30 31 06 6d 63 63 30 30 31 04 67 70 72 73 12 01 00 20 2f 00 00 04 00 82 00 0a 0c 3e 80 00 00 30 3e 80 00 00 00 8b 00 0a 01 f0 ac 1e 17 0a 00 00 00 02 00 86 00 01 00 00 88 00 07 00 01 00 00 09 00 00 00 6e 40 0a 0c 3b 9a ca 00 30 3b 9a ca 00 
[2026-09-27 18:55:44.032] [amf_n2] [debug]  (196 bytes) 

[2026-09-27 18:55:44.032] [sctp] [debug] [Socket 5, Assoc ID 36] Sending buffer 0x7e8dc4006d20 of 196 bytes on stream 1 with PPID 60
[2026-09-27 18:55:44.033] [sctp] [debug] Successfully sent 196 bytes on stream 1
[2026-09-27 18:55:44.033] [ngap] [debug] Free NGAP Message PDU
[2026-09-27 18:55:45.263] [sctp] [info] [Assoc_id 36, Socket 5] Received a message (length 40) from port 39521, on stream 1, PPID 60
[2026-09-27 18:55:45.263] [ngap] [debug] Handling SCTP payload from SCTP Server on assoc_id (36), stream_id (1), instreams (2), outstreams (2)
[2026-09-27 18:55:45.263] [ngap] [debug] Decoded NGAP message, procedure code 29, present 2
SuccessfulOutcome ::= {
    procedureCode: 29
    criticality: 0 (reject)
    value: PDUSessionResourceSetupResponse ::= {
        protocolIEs: ProtocolIE-Container ::= {
            PDUSessionResourceSetupResponseIEs ::= {
                id: 10
                criticality: 1 (ignore)
                value: 2
            }
            PDUSessionResourceSetupResponseIEs ::= {
                id: 85
                criticality: 1 (ignore)
                value: 1
            }
            PDUSessionResourceSetupResponseIEs ::= {
                id: 75
                criticality: 1 (ignore)
                value: PDUSessionResourceSetupListSURes ::= {
                    PDUSessionResourceSetupItemSURes ::= {
                        pDUSessionID: 1
                        pDUSessionResourceSetupResponseTransfer: 00 03 E0 AC 1E 17 14 5B C1 A8 5B 00 01
                    }
                }
            }
        }
    }
}
[2026-09-27 18:55:45.263] [ngap] [debug] Handle PDU Session Resource Setup Response
[2026-09-27 18:55:45.263] [ngap] [debug] Free NGAP Message PDU
[2026-09-27 18:55:45.263] [amf_sbi] [info] Receive Nsmf_PDUSessionUpdateSMContext, handling ...
[2026-09-27 18:55:45.263] [amf_sbi] [debug] Send PDU Session Update SM Context Request to SMF (SUPI imsi-[REDACTED], PDU Session ID 1)
[2026-09-27 18:55:45.263] [amf_sbi] [debug] smf_info, context location http://10.244.0.151:80/nsmf-pdusession/v1/sm-contexts/2
[2026-09-27 18:55:45.263] [amf_sbi] [debug] SMF URI: http://10.244.0.151:80/nsmf-pdusession/v1/sm-contexts/2/modify
[2026-09-27 18:55:45.263] [amf_sbi] [debug] Buffer: 0003e0ac1e17145bc1a85b0001
[2026-09-27 18:55:45.263] [common] [debug] Input string (26 bytes): 0003e0ac1e17145bc1a85b0001 
[2026-09-27 18:55:45.263] [common] [debug] Data (formatted):
 00  03  e0  ac  1e  17  14  5b  c1  a8  5b  00  01 
[2026-09-27 18:55:45.263] [amf_sbi] [debug] Send a simple HTTP request
[2026-09-27 18:55:45.283] [common] [debug] Parsing the message with the Simple Parser
[2026-09-27 18:55:45.283] [amf_sbi] [info] JSON part 
[2026-09-27 18:55:45.283] [amf_sbi] [warning] Could not get JSON content from the response
[2026-09-27 18:55:53.768] [amf_app] [debug] Send ITTI msg to SBI task to trigger NRF Heartbeat
[2026-09-27 18:55:53.768] [amf_sbi] [info] Receive Update NF Instance Request, handling ...
[2026-09-27 18:55:53.768] [amf_sbi] [debug] Send NF Update to NRF
[2026-09-27 18:55:53.768] [amf_sbi] [info] Send HTTP message to http://oai-nrf:80/nnrf-nfm/v1/nf-instances/4042849f-78a0-49bf-9f1a-180c59d6e83a
[2026-09-27 18:55:53.768] [amf_sbi] [info] HTTP message Body: [{"op":"replace","path":"/nfStatus","value":"REGISTERED"}]
[2026-09-27 18:55:53.768] [amf_sbi] [debug] Send a simple HTTP request
[2026-09-27 18:55:53.771] [amf_sbi] [info] Get response with HTTP code (204)
[2026-09-27 18:55:53.772] [amf_sbi] [info] Could not get JSON content from the response
[2026-09-27 18:55:53.772] [amf_app] [debug] Received SBI_UPDATE_NF_INSTANCE_RESPONSE
[2026-09-27 18:55:53.772] [amf_app] [debug] Handle NF Update response
[2026-09-27 18:55:53.772] [amf_app] [debug] Set a timer to the next Heart-beat (10)
[2026-09-27 18:56:03.402] [amf_app] [info] 
   |------------------------------------------------------------------------------------------------------------------------------------------------------------|
   |----------------------------------------------------------------------gNBs' Information---------------------------------------------------------------------|
   |  Index |               Status               |              Global Id             |              gNB Name              |                PLMN                |
   |    1   |              Connected             |               0x0E00               |               gNB-OAI              |               001,01               |
   |------------------------------------------------------------------------------------------------------------------------------------------------------------|

   |-----------------------------------------------------------------------------------------------------------------------------------------------------------|
   |---------------------------------------------------------------------UEs' Information----------------------------------------------------------------------|
   |  Index |     5GMM State     |        IMSI        |        GUTI        |   RAN UE NGAP ID   |   AMF UE NGAP ID   |        PLMN        |       Cell Id      |
   |    1   |   5GMM-REGISTERED  |   [REDACTED]  |00101010000463671478|        0x01        |        0x02        |       001,01       |      0000e014e     |
   |-----------------------------------------------------------------------------------------------------------------------------------------------------------|

[2026-09-27 18:56:03.772] [amf_app] [debug] Send ITTI msg to SBI task to trigger NRF Heartbeat
[2026-09-27 18:56:03.772] [amf_sbi] [info] Receive Update NF Instance Request, handling ...
[2026-09-27 18:56:03.772] [amf_sbi] [debug] Send NF Update to NRF
[2026-09-27 18:56:03.772] [amf_sbi] [info] Send HTTP message to http://oai-nrf:80/nnrf-nfm/v1/nf-instances/4042849f-78a0-49bf-9f1a-180c59d6e83a
[2026-09-27 18:56:03.772] [amf_sbi] [info] HTTP message Body: [{"op":"replace","path":"/nfStatus","value":"REGISTERED"}]
[2026-09-27 18:56:03.772] [amf_sbi] [debug] Send a simple HTTP request
[2026-09-27 18:56:03.775] [amf_sbi] [info] Get response with HTTP code (204)
[2026-09-27 18:56:03.775] [amf_sbi] [info] Could not get JSON content from the response
[2026-09-27 18:56:03.775] [amf_app] [debug] Received SBI_UPDATE_NF_INSTANCE_RESPONSE
[2026-09-27 18:56:03.775] [amf_app] [debug] Handle NF Update response
[2026-09-27 18:56:03.775] [amf_app] [debug] Set a timer to the next Heart-beat (10)
[2026-09-27 18:56:13.776] [amf_app] [debug] Send ITTI msg to SBI task to trigger NRF Heartbeat
[2026-09-27 18:56:13.776] [amf_sbi] [info] Receive Update NF Instance Request, handling ...
[2026-09-27 18:56:13.776] [amf_sbi] [debug] Send NF Update to NRF
[2026-09-27 18:56:13.776] [amf_sbi] [info] Send HTTP message to http://oai-nrf:80/nnrf-nfm/v1/nf-instances/4042849f-78a0-49bf-9f1a-180c59d6e83a
[2026-09-27 18:56:13.776] [amf_sbi] [info] HTTP message Body: [{"op":"replace","path":"/nfStatus","value":"REGISTERED"}]
[2026-09-27 18:56:13.776] [amf_sbi] [debug] Send a simple HTTP request
[2026-09-27 18:56:13.779] [amf_sbi] [info] Get response with HTTP code (204)
[2026-09-27 18:56:13.779] [amf_sbi] [info] Could not get JSON content from the response
[2026-09-27 18:56:13.779] [amf_app] [debug] Received SBI_UPDATE_NF_INSTANCE_RESPONSE
[2026-09-27 18:56:13.779] [amf_app] [debug] Handle NF Update response
[2026-09-27 18:56:13.779] [amf_app] [debug] Set a timer to the next Heart-beat (10)
[2026-09-27 18:56:23.402] [amf_app] [info] 
   |------------------------------------------------------------------------------------------------------------------------------------------------------------|
   |----------------------------------------------------------------------gNBs' Information---------------------------------------------------------------------|
   |  Index |               Status               |              Global Id             |              gNB Name              |                PLMN                |
   |    1   |              Connected             |               0x0E00               |               gNB-OAI              |               001,01               |
   |------------------------------------------------------------------------------------------------------------------------------------------------------------|

   |-----------------------------------------------------------------------------------------------------------------------------------------------------------|
   |---------------------------------------------------------------------UEs' Information----------------------------------------------------------------------|
   |  Index |     5GMM State     |        IMSI        |        GUTI        |   RAN UE NGAP ID   |   AMF UE NGAP ID   |        PLMN        |       Cell Id      |
   |    1   |   5GMM-REGISTERED  |   [REDACTED]  |00101010000463671478|        0x01        |        0x02        |       001,01       |      0000e014e     |
   |-----------------------------------------------------------------------------------------------------------------------------------------------------------|

[2026-09-27 18:56:23.779] [amf_app] [debug] Send ITTI msg to SBI task to trigger NRF Heartbeat
[2026-09-27 18:56:23.779] [amf_sbi] [info] Receive Update NF Instance Request, handling ...
[2026-09-27 18:56:23.779] [amf_sbi] [debug] Send NF Update to NRF
[2026-09-27 18:56:23.779] [amf_sbi] [info] Send HTTP message to http://oai-nrf:80/nnrf-nfm/v1/nf-instances/4042849f-78a0-49bf-9f1a-180c59d6e83a
[2026-09-27 18:56:23.779] [amf_sbi] [info] HTTP message Body: [{"op":"replace","path":"/nfStatus","value":"REGISTERED"}]
[2026-09-27 18:56:23.779] [amf_sbi] [debug] Send a simple HTTP request
[2026-09-27 18:56:23.782] [amf_sbi] [info] Get response with HTTP code (204)
[2026-09-27 18:56:23.782] [amf_sbi] [info] Could not get JSON content from the response
[2026-09-27 18:56:23.782] [amf_app] [debug] Received SBI_UPDATE_NF_INSTANCE_RESPONSE
[2026-09-27 18:56:23.782] [amf_app] [debug] Handle NF Update response
[2026-09-27 18:56:23.782] [amf_app] [debug] Set a timer to the next Heart-beat (10)
[2026-09-27 18:56:33.783] [amf_app] [debug] Send ITTI msg to SBI task to trigger NRF Heartbeat
[2026-09-27 18:56:33.783] [amf_sbi] [info] Receive Update NF Instance Request, handling ...
[2026-09-27 18:56:33.783] [amf_sbi] [debug] Send NF Update to NRF
[2026-09-27 18:56:33.783] [amf_sbi] [info] Send HTTP message to http://oai-nrf:80/nnrf-nfm/v1/nf-instances/4042849f-78a0-49bf-9f1a-180c59d6e83a
[2026-09-27 18:56:33.783] [amf_sbi] [info] HTTP message Body: [{"op":"replace","path":"/nfStatus","value":"REGISTERED"}]
[2026-09-27 18:56:33.783] [amf_sbi] [debug] Send a simple HTTP request
[2026-09-27 18:56:33.785] [amf_sbi] [info] Get response with HTTP code (204)
[2026-09-27 18:56:33.786] [amf_sbi] [info] Could not get JSON content from the response
[2026-09-27 18:56:33.786] [amf_app] [debug] Received SBI_UPDATE_NF_INSTANCE_RESPONSE
[2026-09-27 18:56:33.786] [amf_app] [debug] Handle NF Update response
[2026-09-27 18:56:33.786] [amf_app] [debug] Set a timer to the next Heart-beat (10)
[2026-09-27 18:56:43.402] [amf_app] [info] 
   |------------------------------------------------------------------------------------------------------------------------------------------------------------|
   |----------------------------------------------------------------------gNBs' Information---------------------------------------------------------------------|
   |  Index |               Status               |              Global Id             |              gNB Name              |                PLMN                |
   |    1   |              Connected             |               0x0E00               |               gNB-OAI              |               001,01               |
   |------------------------------------------------------------------------------------------------------------------------------------------------------------|

   |-----------------------------------------------------------------------------------------------------------------------------------------------------------|
   |---------------------------------------------------------------------UEs' Information----------------------------------------------------------------------|
   |  Index |     5GMM State     |        IMSI        |        GUTI        |   RAN UE NGAP ID   |   AMF UE NGAP ID   |        PLMN        |       Cell Id      |
   |    1   |   5GMM-REGISTERED  |   [REDACTED]  |00101010000463671478|        0x01        |        0x02        |       001,01       |      0000e014e     |
   |-----------------------------------------------------------------------------------------------------------------------------------------------------------|

[2026-09-27 18:56:43.786] [amf_app] [debug] Send ITTI msg to SBI task to trigger NRF Heartbeat
[2026-09-27 18:56:43.786] [amf_sbi] [info] Receive Update NF Instance Request, handling ...
[2026-09-27 18:56:43.786] [amf_sbi] [debug] Send NF Update to NRF
[2026-09-27 18:56:43.786] [amf_sbi] [info] Send HTTP message to http://oai-nrf:80/nnrf-nfm/v1/nf-instances/4042849f-78a0-49bf-9f1a-180c59d6e83a
[2026-09-27 18:56:43.786] [amf_sbi] [info] HTTP message Body: [{"op":"replace","path":"/nfStatus","value":"REGISTERED"}]
[2026-09-27 18:56:43.786] [amf_sbi] [debug] Send a simple HTTP request
[2026-09-27 18:56:43.789] [amf_sbi] [info] Get response with HTTP code (204)
[2026-09-27 18:56:43.789] [amf_sbi] [info] Could not get JSON content from the response
[2026-09-27 18:56:43.789] [amf_app] [debug] Received SBI_UPDATE_NF_INSTANCE_RESPONSE
[2026-09-27 18:56:43.789] [amf_app] [debug] Handle NF Update response
[2026-09-27 18:56:43.789] [amf_app] [debug] Set a timer to the next Heart-beat (10)
[2026-09-27 18:56:53.789] [amf_app] [debug] Send ITTI msg to SBI task to trigger NRF Heartbeat
[2026-09-27 18:56:53.789] [amf_sbi] [info] Receive Update NF Instance Request, handling ...
[2026-09-27 18:56:53.789] [amf_sbi] [debug] Send NF Update to NRF
[2026-09-27 18:56:53.789] [amf_sbi] [info] Send HTTP message to http://oai-nrf:80/nnrf-nfm/v1/nf-instances/4042849f-78a0-49bf-9f1a-180c59d6e83a
[2026-09-27 18:56:53.789] [amf_sbi] [info] HTTP message Body: [{"op":"replace","path":"/nfStatus","value":"REGISTERED"}]
[2026-09-27 18:56:53.789] [amf_sbi] [debug] Send a simple HTTP request
[2026-09-27 18:56:53.794] [amf_sbi] [info] Get response with HTTP code (204)
[2026-09-27 18:56:53.794] [amf_sbi] [info] Could not get JSON content from the response
[2026-09-27 18:56:53.794] [amf_app] [debug] Received SBI_UPDATE_NF_INSTANCE_RESPONSE
[2026-09-27 18:56:53.794] [amf_app] [debug] Handle NF Update response
[2026-09-27 18:56:53.794] [amf_app] [debug] Set a timer to the next Heart-beat (10)
[2026-09-27 18:57:03.402] [amf_app] [info] 
   |------------------------------------------------------------------------------------------------------------------------------------------------------------|
   |----------------------------------------------------------------------gNBs' Information---------------------------------------------------------------------|
   |  Index |               Status               |              Global Id             |              gNB Name              |                PLMN                |
   |    1   |              Connected             |               0x0E00               |               gNB-OAI              |               001,01               |
   |------------------------------------------------------------------------------------------------------------------------------------------------------------|

   |-----------------------------------------------------------------------------------------------------------------------------------------------------------|
   |---------------------------------------------------------------------UEs' Information----------------------------------------------------------------------|
   |  Index |     5GMM State     |        IMSI        |        GUTI        |   RAN UE NGAP ID   |   AMF UE NGAP ID   |        PLMN        |       Cell Id      |
   |    1   |   5GMM-REGISTERED  |   [REDACTED]  |00101010000463671478|        0x01        |        0x02        |       001,01       |      0000e014e     |
   |-----------------------------------------------------------------------------------------------------------------------------------------------------------|

[2026-09-27 18:57:03.794] [amf_app] [debug] Send ITTI msg to SBI task to trigger NRF Heartbeat
[2026-09-27 18:57:03.794] [amf_sbi] [info] Receive Update NF Instance Request, handling ...
[2026-09-27 18:57:03.794] [amf_sbi] [debug] Send NF Update to NRF
[2026-09-27 18:57:03.794] [amf_sbi] [info] Send HTTP message to http://oai-nrf:80/nnrf-nfm/v1/nf-instances/4042849f-78a0-49bf-9f1a-180c59d6e83a
[2026-09-27 18:57:03.794] [amf_sbi] [info] HTTP message Body: [{"op":"replace","path":"/nfStatus","value":"REGISTERED"}]
[2026-09-27 18:57:03.794] [amf_sbi] [debug] Send a simple HTTP request
[2026-09-27 18:57:03.797] [amf_sbi] [info] Get response with HTTP code (204)
[2026-09-27 18:57:03.797] [amf_sbi] [info] Could not get JSON content from the response
[2026-09-27 18:57:03.797] [amf_app] [debug] Received SBI_UPDATE_NF_INSTANCE_RESPONSE
[2026-09-27 18:57:03.797] [amf_app] [debug] Handle NF Update response
[2026-09-27 18:57:03.797] [amf_app] [debug] Set a timer to the next Heart-beat (10)
[2026-09-27 18:57:13.797] [amf_app] [debug] Send ITTI msg to SBI task to trigger NRF Heartbeat
[2026-09-27 18:57:13.797] [amf_sbi] [info] Receive Update NF Instance Request, handling ...
[2026-09-27 18:57:13.797] [amf_sbi] [debug] Send NF Update to NRF
[2026-09-27 18:57:13.797] [amf_sbi] [info] Send HTTP message to http://oai-nrf:80/nnrf-nfm/v1/nf-instances/4042849f-78a0-49bf-9f1a-180c59d6e83a
[2026-09-27 18:57:13.797] [amf_sbi] [info] HTTP message Body: [{"op":"replace","path":"/nfStatus","value":"REGISTERED"}]
[2026-09-27 18:57:13.797] [amf_sbi] [debug] Send a simple HTTP request
[2026-09-27 18:57:13.800] [amf_sbi] [info] Get response with HTTP code (204)
[2026-09-27 18:57:13.800] [amf_sbi] [info] Could not get JSON content from the response
[2026-09-27 18:57:13.800] [amf_app] [debug] Received SBI_UPDATE_NF_INSTANCE_RESPONSE
[2026-09-27 18:57:13.800] [amf_app] [debug] Handle NF Update response
[2026-09-27 18:57:13.800] [amf_app] [debug] Set a timer to the next Heart-beat (10)
[2026-09-27 18:57:23.402] [amf_app] [info] 
   |------------------------------------------------------------------------------------------------------------------------------------------------------------|
   |----------------------------------------------------------------------gNBs' Information---------------------------------------------------------------------|
   |  Index |               Status               |              Global Id             |              gNB Name              |                PLMN                |
   |    1   |              Connected             |               0x0E00               |               gNB-OAI              |               001,01               |
   |------------------------------------------------------------------------------------------------------------------------------------------------------------|

   |-----------------------------------------------------------------------------------------------------------------------------------------------------------|
   |---------------------------------------------------------------------UEs' Information----------------------------------------------------------------------|
   |  Index |     5GMM State     |        IMSI        |        GUTI        |   RAN UE NGAP ID   |   AMF UE NGAP ID   |        PLMN        |       Cell Id      |
   |    1   |   5GMM-REGISTERED  |   [REDACTED]  |00101010000463671478|        0x01        |        0x02        |       001,01       |      0000e014e     |
   |-----------------------------------------------------------------------------------------------------------------------------------------------------------|

[2026-09-27 18:57:23.801] [amf_app] [debug] Send ITTI msg to SBI task to trigger NRF Heartbeat
[2026-09-27 18:57:23.801] [amf_sbi] [info] Receive Update NF Instance Request, handling ...
[2026-09-27 18:57:23.801] [amf_sbi] [debug] Send NF Update to NRF
[2026-09-27 18:57:23.801] [amf_sbi] [info] Send HTTP message to http://oai-nrf:80/nnrf-nfm/v1/nf-instances/4042849f-78a0-49bf-9f1a-180c59d6e83a
[2026-09-27 18:57:23.801] [amf_sbi] [info] HTTP message Body: [{"op":"replace","path":"/nfStatus","value":"REGISTERED"}]
[2026-09-27 18:57:23.801] [amf_sbi] [debug] Send a simple HTTP request
[2026-09-27 18:57:23.803] [amf_sbi] [info] Get response with HTTP code (204)
[2026-09-27 18:57:23.803] [amf_sbi] [info] Could not get JSON content from the response
[2026-09-27 18:57:23.803] [amf_app] [debug] Received SBI_UPDATE_NF_INSTANCE_RESPONSE
[2026-09-27 18:57:23.803] [amf_app] [debug] Handle NF Update response
[2026-09-27 18:57:23.803] [amf_app] [debug] Set a timer to the next Heart-beat (10)
[2026-09-27 18:57:33.803] [amf_app] [debug] Send ITTI msg to SBI task to trigger NRF Heartbeat
[2026-09-27 18:57:33.804] [amf_sbi] [info] Receive Update NF Instance Request, handling ...
[2026-09-27 18:57:33.804] [amf_sbi] [debug] Send NF Update to NRF
[2026-09-27 18:57:33.804] [amf_sbi] [info] Send HTTP message to http://oai-nrf:80/nnrf-nfm/v1/nf-instances/4042849f-78a0-49bf-9f1a-180c59d6e83a
[2026-09-27 18:57:33.804] [amf_sbi] [info] HTTP message Body: [{"op":"replace","path":"/nfStatus","value":"REGISTERED"}]
[2026-09-27 18:57:33.804] [amf_sbi] [debug] Send a simple HTTP request
[2026-09-27 18:57:33.807] [amf_sbi] [info] Get response with HTTP code (204)
[2026-09-27 18:57:33.807] [amf_sbi] [info] Could not get JSON content from the response
[2026-09-27 18:57:33.807] [amf_app] [debug] Received SBI_UPDATE_NF_INSTANCE_RESPONSE
[2026-09-27 18:57:33.807] [amf_app] [debug] Handle NF Update response
[2026-09-27 18:57:33.807] [amf_app] [debug] Set a timer to the next Heart-beat (10)
[2026-09-27 18:57:43.402] [amf_app] [info] 
   |------------------------------------------------------------------------------------------------------------------------------------------------------------|
   |----------------------------------------------------------------------gNBs' Information---------------------------------------------------------------------|
   |  Index |               Status               |              Global Id             |              gNB Name              |                PLMN                |
   |    1   |              Connected             |               0x0E00               |               gNB-OAI              |               001,01               |
   |------------------------------------------------------------------------------------------------------------------------------------------------------------|

   |-----------------------------------------------------------------------------------------------------------------------------------------------------------|
   |---------------------------------------------------------------------UEs' Information----------------------------------------------------------------------|
   |  Index |     5GMM State     |        IMSI        |        GUTI        |   RAN UE NGAP ID   |   AMF UE NGAP ID   |        PLMN        |       Cell Id      |
   |    1   |   5GMM-REGISTERED  |   [REDACTED]  |00101010000463671478|        0x01        |        0x02        |       001,01       |      0000e014e     |
   |-----------------------------------------------------------------------------------------------------------------------------------------------------------|

[2026-09-27 18:57:43.807] [amf_app] [debug] Send ITTI msg to SBI task to trigger NRF Heartbeat
[2026-09-27 18:57:43.807] [amf_sbi] [info] Receive Update NF Instance Request, handling ...
[2026-09-27 18:57:43.807] [amf_sbi] [debug] Send NF Update to NRF
[2026-09-27 18:57:43.807] [amf_sbi] [info] Send HTTP message to http://oai-nrf:80/nnrf-nfm/v1/nf-instances/4042849f-78a0-49bf-9f1a-180c59d6e83a
[2026-09-27 18:57:43.807] [amf_sbi] [info] HTTP message Body: [{"op":"replace","path":"/nfStatus","value":"REGISTERED"}]
[2026-09-27 18:57:43.807] [amf_sbi] [debug] Send a simple HTTP request
[2026-09-27 18:57:43.810] [amf_sbi] [info] Get response with HTTP code (204)
[2026-09-27 18:57:43.810] [amf_sbi] [info] Could not get JSON content from the response
[2026-09-27 18:57:43.810] [amf_app] [debug] Received SBI_UPDATE_NF_INSTANCE_RESPONSE
[2026-09-27 18:57:43.810] [amf_app] [debug] Handle NF Update response
[2026-09-27 18:57:43.810] [amf_app] [debug] Set a timer to the next Heart-beat (10)
[2026-09-27 18:57:49.776] [sctp] [info] [Assoc_id 36, Socket 5] Received a message (length 67) from port 39521, on stream 1, PPID 60
[2026-09-27 18:57:49.776] [ngap] [debug] Handling SCTP payload from SCTP Server on assoc_id (36), stream_id (1), instreams (2), outstreams (2)
[2026-09-27 18:57:49.777] [ngap] [debug] Decoded NGAP message, procedure code 46, present 1
InitiatingMessage ::= {
    procedureCode: 46
    criticality: 1 (ignore)
    value: UplinkNASTransport ::= {
        protocolIEs: ProtocolIE-Container ::= {
            UplinkNASTransport-IEs ::= {
                id: 10
                criticality: 0 (reject)
                value: 2
            }
            UplinkNASTransport-IEs ::= {
                id: 85
                criticality: 0 (reject)
                value: 1
            }
            UplinkNASTransport-IEs ::= {
                id: 38
                criticality: 0 (reject)
                value: 
                    7E 02 45 61 FE 0A 03 7E 04 45 10 00 0B F2 00 F1 
                    10 01 00 00 1B A3 10 B6
            }
            UplinkNASTransport-IEs ::= {
                id: 121
                criticality: 1 (ignore)
                value: UserLocationInformationNR ::= {
                    nR-CGI: NR-CGI ::= {
                        pLMNIdentity: 00 F1 10
                        nRCellIdentity: 00 00 E0 14 E0 (4 bits unused)
                    }
                    tAI: TAI ::= {
                        pLMNIdentity: 00 F1 10
                        tAC: 00 00 07
                    }
                }
            }
        }
    }
}
[2026-09-27 18:57:49.777] [ngap] [debug] Sending ITTI Uplink NAS Transport message to TASK_AMF_N2
InitiatingMessage ::= {
    procedureCode: 46
    criticality: 1 (ignore)
    value: UplinkNASTransport ::= {
        protocolIEs: ProtocolIE-Container ::= {
            UplinkNASTransport-IEs ::= {
                id: 10
                criticality: 0 (reject)
                value: 2
            }
            UplinkNASTransport-IEs ::= {
                id: 85
                criticality: 0 (reject)
                value: 1
            }
            UplinkNASTransport-IEs ::= {
                id: 38
                criticality: 0 (reject)
                value: 
                    7E 02 45 61 FE 0A 03 7E 04 45 10 00 0B F2 00 F1 
                    10 01 00 00 1B A3 10 B6
            }
            UplinkNASTransport-IEs ::= {
                id: 121
                criticality: 1 (ignore)
                value: UserLocationInformationNR ::= {
                    nR-CGI: NR-CGI ::= {
                        pLMNIdentity: 00 F1 10
                        nRCellIdentity: 00 00 E0 14 E0 (4 bits unused)
                    }
                    tAI: TAI ::= {
                        pLMNIdentity: 00 F1 10
                        tAC: 00 00 07
                    }
                }
            }
        }
    }
}
[2026-09-27 18:57:49.777] [ngap] [debug] Received TAC 0x7
[2026-09-27 18:57:49.777] [amf_n2] [info] Received Uplink NAS Transport message, handling
[2026-09-27 18:57:49.777] [amf_n2] [debug] Handle Uplink NAS Transport...
[2026-09-27 18:57:49.777] [ngap] [debug] Free NGAP Message PDU
[2026-09-27 18:57:49.777] [amf_n1] [info] Received UL_NAS_DATA_IND
[2026-09-27 18:57:49.777] [amf_n1] [debug] Serving network name 5G:mnc001.mcc001.3gppnetwork.org
[2026-09-27 18:57:49.777] [amf_n1] [debug] Existing nas_context with amf_ue_ngap_id 2
[2026-09-27 18:57:49.777] [common] [debug] [amf_n1]Received Uplink NAS Message
7e 02 45 61 fe 0a 03 7e 04 45 10 00 0b f2 00 f1 10 01 00 00 1b a3 10 b6 
[2026-09-27 18:57:49.777] [amf_n1] [debug] Received integrity protected and ciphered NAS message
[2026-09-27 18:57:49.777] [amf_n1] [debug] Received integrity protected with new security context NAS message
[2026-09-27 18:57:49.777] [amf_n1] [debug] Received integrity protected and ciphered with new security context NAS message
[2026-09-27 18:57:49.777] [common] [debug] [amf_n1]Parameters for NIA: Knas_int
a1 72 60 92 b3 87 9d c1 97 74 d7 a7 79 1d d6 f6 
[2026-09-27 18:57:49.777] [amf_n1] [debug] Uplink count in uplink: 3
[2026-09-27 18:57:49.777] [amf_n1] [debug] Parameters for NIA, count: 0x2
[2026-09-27 18:57:49.777] [amf_n1] [debug] Parameters for NIA, bearer: 0x1
[2026-09-27 18:57:49.777] [amf_n1] [debug] Parameters for NIA, direction: 0x0
[2026-09-27 18:57:49.777] [common] [debug] [amf_n1]Parameters for NIA, message: 
03 7e 04 45 10 00 0b f2 00 f1 10 01 00 00 1b a3 10 b6 
[2026-09-27 18:57:49.777] [amf_n1] [debug] Integrity with algorithms: 128-5G-IA1
[2026-09-27 18:57:49.777] [common] [debug] [amf_n1]Result for NIA1, mac: 
45 61 fe 0a 
[2026-09-27 18:57:49.777] [amf_n1] [debug] Result for NIA1, mac32: 0x4561fe0a
[2026-09-27 18:57:49.777] [amf_n1] [debug] Received mac32 (0x4561fe0a) from the message
[2026-09-27 18:57:49.777] [amf_n1] [debug] Integrity matched
[2026-09-27 18:57:49.777] [amf_n1] [debug] nsc.ul_count.overflow 0
[2026-09-27 18:57:49.777] [amf_n1] [debug] Cipher protected with EA0_5G
[2026-09-27 18:57:49.777] [common] [debug] [amf_n1]Decoded Plain Message
7e 04 45 10 00 0b f2 00 f1 10 01 00 00 1b a3 10 b6 
[2026-09-27 18:57:49.777] [amf_n1] [debug] Received Uplink NAS message...
[2026-09-27 18:57:49.777] [amf_n1] [debug] Received De-registration Request message, handling...
[2026-09-27 18:57:49.777] [amf_n1] [debug] Handling UE-initiated De-registration Request
[2026-09-27 18:57:49.777] [nas] [debug] Decoding DeregistrationRequest message
[2026-09-27 18:57:49.777] [nas] [debug] Decoding NasMmPlainHeader
[2026-09-27 18:57:49.777] [nas] [debug] Decoded NasMmPlainHeader len (3 octets)
[2026-09-27 18:57:49.777] [nas] [debug] Decoding 5GSMobilityIdentity
[2026-09-27 18:57:49.777] [nas] [debug] Decoded 5GSMobilityIdentity IE length 11
[2026-09-27 18:57:49.777] [nas] [debug] Decoding 5GSMobilityIdentity 5G-GUTI
[2026-09-27 18:57:49.777] [nas] [debug] MCC 001, MNC 01
[2026-09-27 18:57:49.777] [nas] [debug] MCC 001, MNC 01
[2026-09-27 18:57:49.777] [nas] [debug] TMSI 0x1ba310b6
[2026-09-27 18:57:49.777] [nas] [debug] Decoding 5GSMobilityIdentity 5G-GUTI
[2026-09-27 18:57:49.777] [nas] [debug] Decoded 5GS Mobile Identity, len (13)
[2026-09-27 18:57:49.777] [nas] [debug] Decoded DeregistrationRequest message (len 17)
[2026-09-27 18:57:49.777] [amf_n1] [debug] 5G Mobile Identity Type 2
[2026-09-27 18:57:49.777] [nas] [debug] 5G GUTI 00101010000463671478
[2026-09-27 18:57:49.777] [amf_n1] [debug] 5G Mobile Identity, GUTI 00101010000463671478
[2026-09-27 18:57:49.777] [amf_n1] [debug] Key for UE context search: app_ue_ranid_1:amfid_2
[2026-09-27 18:57:49.777] [amf_n1] [debug] Promise ID generated 8
[2026-09-27 18:57:49.777] [amf_sbi] [info] Receive Nsmf_PDUSessionReleaseSMContext, handling ...
[2026-09-27 18:57:49.777] [amf_sbi] [debug] smf_info, context location http://10.244.0.151:80/nsmf-pdusession/v1/sm-contexts/2
[2026-09-27 18:57:49.777] [amf_sbi] [debug] SMF's URI: http://10.244.0.151:80/nsmf-pdusession/v1/sm-contexts/2/release
[2026-09-27 18:57:49.777] [amf_sbi] [info] Send HTTP message to http://10.244.0.151:80/nsmf-pdusession/v1/sm-contexts/2/release
[2026-09-27 18:57:49.777] [amf_sbi] [info] HTTP message Body: {"cause":"REL_DUE_TO_REACTIVATION"}
[2026-09-27 18:57:49.777] [amf_sbi] [debug] Send a simple HTTP request
[2026-09-27 18:57:49.779] [amf_sbi] [info] Get response with HTTP code (204)
[2026-09-27 18:57:49.780] [amf_sbi] [info] Could not get JSON content from the response
[2026-09-27 18:57:49.780] [amf_app] [debug] Trigger process response: Set promise with ID 8 to ready
[2026-09-27 18:57:49.780] [amf_server] [debug] Got result for promise ID 8
[2026-09-27 18:57:49.780] [amf_app] [debug] PDU Session ID 1 removed
[2026-09-27 18:57:49.780] [amf_n1] [debug] De-registration Type 0x0
[2026-09-27 18:57:49.780] [nas_mm] [debug] Size of Deregistration Accept message 3
[2026-09-27 18:57:49.780] [nas] [debug] Encoding De-registration Accept message
[2026-09-27 18:57:49.780] [nas] [debug] Encoding NasMmPlainHeader
[2026-09-27 18:57:49.780] [nas] [debug] Encoded NasMmPlainHeader (len 3 octets)
[2026-09-27 18:57:49.780] [nas] [debug] Encoded De-registration Accept message len (3)
[2026-09-27 18:57:49.780] [common] [debug] [amf_n1]De-registration Accept message buffer
7e 00 46 
[2026-09-27 18:57:49.780] [amf_n2] [info] Received Downlink NAS Transport message, handling
[2026-09-27 18:57:49.780] [amf_n2] [debug] Handle DL NAS Transport ...
InitiatingMessage ::= {
    procedureCode: 4
    criticality: 1 (ignore)
    value: DownlinkNASTransport ::= {
        protocolIEs: ProtocolIE-Container ::= {
            DownlinkNASTransport-IEs ::= {
                id: 10
                criticality: 0 (reject)
                value: 2
            }
            DownlinkNASTransport-IEs ::= {
                id: 85
                criticality: 0 (reject)
                value: 1
            }
            DownlinkNASTransport-IEs ::= {
                id: 38
                criticality: 0 (reject)
                value: 7E 00 46
            }
        }
    }
}
[2026-09-27 18:57:49.780] [ngap] [debug] Encoded size (27)
[2026-09-27 18:57:49.780] [sctp] [debug] [Socket 5, Assoc ID 36] Sending buffer 0x7e8db8003b10 of 27 bytes on stream 1 with PPID 60
[2026-09-27 18:57:49.780] [sctp] [debug] Successfully sent 27 bytes on stream 1
[2026-09-27 18:57:49.780] [ngap] [debug] Free NGAP Message PDU
[2026-09-27 18:57:49.980] [amf_app] [debug] The UE's state (IMSI [REDACTED], State 5GMM-DEREGISTERED) has been successfully updated!
[2026-09-27 18:57:49.980] [amf_n1] [debug] Set 5GMM state to 5GMM-DEREGISTERED
[2026-09-27 18:57:49.980] [amf_app] [info] 
   |------------------------------------------------------------------------------------------------------------------------------------------------------------|
   |----------------------------------------------------------------------gNBs' Information---------------------------------------------------------------------|
   |  Index |               Status               |              Global Id             |              gNB Name              |                PLMN                |
   |    1   |              Connected             |               0x0E00               |               gNB-OAI              |               001,01               |
   |------------------------------------------------------------------------------------------------------------------------------------------------------------|

   |-----------------------------------------------------------------------------------------------------------------------------------------------------------|
   |---------------------------------------------------------------------UEs' Information----------------------------------------------------------------------|
   |  Index |     5GMM State     |        IMSI        |        GUTI        |   RAN UE NGAP ID   |   AMF UE NGAP ID   |        PLMN        |       Cell Id      |
   |    1   |  5GMM-DEREGISTERED |   [REDACTED]  |00101010000463671478|        0x01        |        0x02        |       001,01       |      0000e014e     |
   |-----------------------------------------------------------------------------------------------------------------------------------------------------------|

[2026-09-27 18:57:49.980] [amf_n1] [debug] Signal the UE Registration State Event notification for SUPI imsi-[REDACTED]
[2026-09-27 18:57:49.980] [amf_n1] [debug] Send request to SBI to trigger UE Registration State Report (SUPI imsi-[REDACTED] )
[2026-09-27 18:57:49.980] [amf_n1] [debug] Signal the UE Loss of Connectivity Event notification for SUPI imsi-[REDACTED]
[2026-09-27 18:57:49.980] [amf_n1] [debug] Send request to SBI to trigger UE Loss of Connectivity (SUPI imsi-[REDACTED] )
[2026-09-27 18:57:49.980] [amf_app] [debug] The UE's state (IMSI [REDACTED], State 5GMM-DEREGISTERED) has been successfully updated!
[2026-09-27 18:57:49.980] [amf_n1] [debug] Deleted nas_context associated with amf_ue_ngap_id 2
[2026-09-27 18:57:49.980] [amf_n1] [debug] Deleted nas_context associated SUPI imsi-[REDACTED] 
[2026-09-27 18:57:49.980] [nas] [debug] 5G GUTI 00101010000463671478
[2026-09-27 18:57:49.980] [nas] [debug] 5G GUTI 00101010000463671478
[2026-09-27 18:57:49.980] [amf_n1] [debug] Deleted nas_context associated GUTI 00101010000463671478 
[2026-09-27 18:57:49.980] [amf_n1] [debug] Sending ITTI UE Context Release Command to TASK_AMF_N2
[2026-09-27 18:57:49.980] [amf_n1] [debug] Signal the UE Connectivity Status Event notification for SUPI imsi-[REDACTED]
[2026-09-27 18:57:49.980] [amf_n1] [debug] Send request to SBI to trigger UE Connectivity State Report (SUPI imsi-[REDACTED] )
[2026-09-27 18:57:49.980] [amf_n2] [info] Received UE Context Release Command message, handling
[2026-09-27 18:57:49.980] [amf_n2] [debug] Handling UE Context Release Command ...
InitiatingMessage ::= {
    procedureCode: 41
    criticality: 0 (reject)
    value: UEContextReleaseCommand ::= {
        protocolIEs: ProtocolIE-Container ::= {
            UEContextReleaseCommand-IEs ::= {
                id: 114
                criticality: 0 (reject)
                value: UE-NGAP-ID-pair ::= {
                    aMF-UE-NGAP-ID: 2
                    rAN-UE-NGAP-ID: 1
                }
            }
            UEContextReleaseCommand-IEs ::= {
                id: 15
                criticality: 1 (ignore)
                value: 2 (deregister)
            }
        }
    }
}
[2026-09-27 18:57:49.980] [ngap] [debug] Encoded size (20)
[2026-09-27 18:57:49.980] [sctp] [debug] [Socket 5, Assoc ID 36] Sending buffer 0x7e8db8003b10 of 20 bytes on stream 1 with PPID 60
[2026-09-27 18:57:49.980] [sctp] [debug] Successfully sent 20 bytes on stream 1
[2026-09-27 18:57:49.980] [amf_n1] [warning] No NAS context with amf_ue_ngap_id 2
[2026-09-27 18:57:49.980] [amf_n2] [warning] Could not notify RAN caused CommunicationFailure.No existing nas_context with amf_ue_ngap_id(2)
[2026-09-27 18:57:49.980] [ngap] [debug] Free NGAP Message PDU
[2026-09-27 18:57:50.629] [sctp] [info] [Assoc_id 36, Socket 5] Received a message (length 26) from port 39521, on stream 1, PPID 60
[2026-09-27 18:57:50.629] [ngap] [debug] Handling SCTP payload from SCTP Server on assoc_id (36), stream_id (1), instreams (2), outstreams (2)
[2026-09-27 18:57:50.629] [ngap] [debug] Decoded NGAP message, procedure code 41, present 2
SuccessfulOutcome ::= {
    procedureCode: 41
    criticality: 0 (reject)
    value: UEContextReleaseComplete ::= {
        protocolIEs: ProtocolIE-Container ::= {
            UEContextReleaseComplete-IEs ::= {
                id: 10
                criticality: 1 (ignore)
                value: 2
            }
            UEContextReleaseComplete-IEs ::= {
                id: 85
                criticality: 1 (ignore)
                value: 1
            }
            UEContextReleaseComplete-IEs ::= {
                id: 60
                criticality: 0 (reject)
                value: PDUSessionResourceListCxtRelCpl ::= {
                    PDUSessionResourceItemCxtRelCpl ::= {
                        pDUSessionID: 1
                    }
                }
            }
        }
    }
}
[2026-09-27 18:57:50.629] [ngap] [debug] Sending ITTI UE Context Release Complete to TASK_AMF_N2
[2026-09-27 18:57:50.629] [amf_n2] [info] Received UE Context Release Complete message, handling
[2026-09-27 18:57:50.629] [amf_n2] [debug] Handle UE Context Release Complete ...
[2026-09-27 18:57:50.629] [amf_n2] [debug] UE Context Release Complete ran_ue_ngap_id (1) amf_ue_ngap_id (2)
[2026-09-27 18:57:50.629] [amf_n2] [debug] Release cause 0 No UE NGAP context with gnb_assoc_id 36, Release gnb_assoc_id 0
[2026-09-27 18:57:50.629] [amf_n2] [debug] Continue with UE Context Release Complete procedure
[2026-09-27 18:57:50.629] [amf_n1] [warning] No NAS context with amf_ue_ngap_id 2
[2026-09-27 18:57:50.629] [amf_n2] [warning] No existed nas_context with amf_ue_ngap_id (2)
[2026-09-27 18:57:50.629] [ngap] [debug] Free NGAP Message PDU
[2026-09-27 18:57:53.811] [amf_app] [debug] Send ITTI msg to SBI task to trigger NRF Heartbeat
[2026-09-27 18:57:53.811] [amf_sbi] [info] Receive Update NF Instance Request, handling ...
[2026-09-27 18:57:53.811] [amf_sbi] [debug] Send NF Update to NRF
[2026-09-27 18:57:53.811] [amf_sbi] [info] Send HTTP message to http://oai-nrf:80/nnrf-nfm/v1/nf-instances/4042849f-78a0-49bf-9f1a-180c59d6e83a
[2026-09-27 18:57:53.811] [amf_sbi] [info] HTTP message Body: [{"op":"replace","path":"/nfStatus","value":"REGISTERED"}]
[2026-09-27 18:57:53.811] [amf_sbi] [debug] Send a simple HTTP request
[2026-09-27 18:57:53.814] [amf_sbi] [info] Get response with HTTP code (204)
[2026-09-27 18:57:53.814] [amf_sbi] [info] Could not get JSON content from the response
[2026-09-27 18:57:53.814] [amf_app] [debug] Received SBI_UPDATE_NF_INSTANCE_RESPONSE
[2026-09-27 18:57:53.814] [amf_app] [debug] Handle NF Update response
[2026-09-27 18:57:53.814] [amf_app] [debug] Set a timer to the next Heart-beat (10)
[2026-09-27 18:58:03.402] [amf_app] [info] 
   |------------------------------------------------------------------------------------------------------------------------------------------------------------|
   |----------------------------------------------------------------------gNBs' Information---------------------------------------------------------------------|
   |  Index |               Status               |              Global Id             |              gNB Name              |                PLMN                |
   |    1   |              Connected             |               0x0E00               |               gNB-OAI              |               001,01               |
   |------------------------------------------------------------------------------------------------------------------------------------------------------------|

   |-----------------------------------------------------------------------------------------------------------------------------------------------------------|
   |---------------------------------------------------------------------UEs' Information----------------------------------------------------------------------|
   |  Index |     5GMM State     |        IMSI        |        GUTI        |   RAN UE NGAP ID   |   AMF UE NGAP ID   |        PLMN        |       Cell Id      |
   |    1   |  5GMM-DEREGISTERED |   [REDACTED]  |00101010000463671478|        0x01        |        0x02        |       001,01       |      0000e014e     |
   |-----------------------------------------------------------------------------------------------------------------------------------------------------------|

[2026-09-27 18:58:03.815] [amf_app] [debug] Send ITTI msg to SBI task to trigger NRF Heartbeat
[2026-09-27 18:58:03.815] [amf_sbi] [info] Receive Update NF Instance Request, handling ...
[2026-09-27 18:58:03.815] [amf_sbi] [debug] Send NF Update to NRF
[2026-09-27 18:58:03.815] [amf_sbi] [info] Send HTTP message to http://oai-nrf:80/nnrf-nfm/v1/nf-instances/4042849f-78a0-49bf-9f1a-180c59d6e83a
[2026-09-27 18:58:03.815] [amf_sbi] [info] HTTP message Body: [{"op":"replace","path":"/nfStatus","value":"REGISTERED"}]
[2026-09-27 18:58:03.815] [amf_sbi] [debug] Send a simple HTTP request
[2026-09-27 18:58:03.818] [amf_sbi] [info] Get response with HTTP code (204)
[2026-09-27 18:58:03.818] [amf_sbi] [info] Could not get JSON content from the response
[2026-09-27 18:58:03.818] [amf_app] [debug] Received SBI_UPDATE_NF_INSTANCE_RESPONSE
[2026-09-27 18:58:03.818] [amf_app] [debug] Handle NF Update response
[2026-09-27 18:58:03.818] [amf_app] [debug] Set a timer to the next Heart-beat (10)
[2026-09-27 18:58:08.624] [sctp] [info] [Assoc_id 36, Socket 5] Received a message (length 76) from port 39521, on stream 1, PPID 60
[2026-09-27 18:58:08.624] [ngap] [debug] Handling SCTP payload from SCTP Server on assoc_id (36), stream_id (1), instreams (2), outstreams (2)
[2026-09-27 18:58:08.624] [ngap] [debug] Decoded NGAP message, procedure code 15, present 1
InitiatingMessage ::= {
    procedureCode: 15
    criticality: 1 (ignore)
    value: InitialUEMessage ::= {
        protocolIEs: ProtocolIE-Container ::= {
            InitialUEMessage-IEs ::= {
                id: 85
                criticality: 0 (reject)
                value: 1
            }
            InitialUEMessage-IEs ::= {
                id: 38
                criticality: 0 (reject)
                value: 
                    7E 00 41 79 00 0D 01 00 F1 10 00 00 00 00 10 32 
                    54 76 08 2E 08 E0 60 00 00 00 00 00 00
            }
            InitialUEMessage-IEs ::= {
                id: 121
                criticality: 0 (reject)
                value: UserLocationInformationNR ::= {
                    nR-CGI: NR-CGI ::= {
                        pLMNIdentity: 00 F1 10
                        nRCellIdentity: 00 00 E0 14 E0 (4 bits unused)
                    }
                    tAI: TAI ::= {
                        pLMNIdentity: 00 F1 10
                        tAC: 00 00 07
                    }
                }
            }
            InitialUEMessage-IEs ::= {
                id: 90
                criticality: 1 (ignore)
                value: 3 (mo-Signalling)
            }
            InitialUEMessage-IEs ::= {
                id: 112
                criticality: 1 (ignore)
                value: 0 (requested)
            }
        }
    }
}
[2026-09-27 18:58:08.624] [ngap] [debug] [gNB Assoc ID 36] Sending ITTI Initial UE Message to TASK_AMF_N2
InitiatingMessage ::= {
    procedureCode: 15
    criticality: 1 (ignore)
    value: InitialUEMessage ::= {
        protocolIEs: ProtocolIE-Container ::= {
            InitialUEMessage-IEs ::= {
                id: 85
                criticality: 0 (reject)
                value: 1
            }
            InitialUEMessage-IEs ::= {
                id: 38
                criticality: 0 (reject)
                value: 
                    7E 00 41 79 00 0D 01 00 F1 10 00 00 00 00 10 32 
                    54 76 08 2E 08 E0 60 00 00 00 00 00 00
            }
            InitialUEMessage-IEs ::= {
                id: 121
                criticality: 0 (reject)
                value: UserLocationInformationNR ::= {
                    nR-CGI: NR-CGI ::= {
                        pLMNIdentity: 00 F1 10
                        nRCellIdentity: 00 00 E0 14 E0 (4 bits unused)
                    }
                    tAI: TAI ::= {
                        pLMNIdentity: 00 F1 10
                        tAC: 00 00 07
                    }
                }
            }
            InitialUEMessage-IEs ::= {
                id: 90
                criticality: 1 (ignore)
                value: 3 (mo-Signalling)
            }
            InitialUEMessage-IEs ::= {
                id: 112
                criticality: 1 (ignore)
                value: 0 (requested)
            }
        }
    }
}
[2026-09-27 18:58:08.624] [ngap] [debug] Received RanUeNgapId 1 
[2026-09-27 18:58:08.624] [ngap] [debug] Received TAC 0x7
[2026-09-27 18:58:08.624] [amf_n2] [info] Received Initial UE Message, handling
[2026-09-27 18:58:08.625] [amf_n2] [debug] Handle Initial UE Message...
[2026-09-27 18:58:08.625] [amf_n2] [debug] User Location Info NR (MCC 001, MNC 01, TAC 7) is included in the supported TA List
[2026-09-27 18:58:08.625] [amf_n2] [debug] 5g_s_tmsi not present
[2026-09-27 18:58:08.625] [amf_n2] [debug] Store InitialUEMessage for Reroute NAS (if necessary)
InitiatingMessage ::= {
    procedureCode: 15
    criticality: 1 (ignore)
    value: InitialUEMessage ::= {
        protocolIEs: ProtocolIE-Container ::= {
            InitialUEMessage-IEs ::= {
                id: 85
                criticality: 0 (reject)
                value: 1
            }
            InitialUEMessage-IEs ::= {
                id: 38
                criticality: 0 (reject)
                value: 
                    7E 00 41 79 00 0D 01 00 F1 10 00 00 00 00 10 32 
                    54 76 08 2E 08 E0 60 00 00 00 00 00 00
            }
            InitialUEMessage-IEs ::= {
                id: 121
                criticality: 0 (reject)
                value: UserLocationInformationNR ::= {
                    nR-CGI: NR-CGI ::= {
                        pLMNIdentity: 00 F1 10
                        nRCellIdentity: 00 00 E0 14 E0 (4 bits unused)
                    }
                    tAI: TAI ::= {
                        pLMNIdentity: 00 F1 10
                        tAC: 00 00 07
                    }
                }
            }
            InitialUEMessage-IEs ::= {
                id: 90
                criticality: 1 (ignore)
                value: 3 (mo-Signalling)
            }
            InitialUEMessage-IEs ::= {
                id: 112
                criticality: 1 (ignore)
                value: 0 (requested)
            }
        }
    }
}
[2026-09-27 18:58:08.625] [ngap] [debug] Encoded size (0)
[2026-09-27 18:58:08.625] [ngap] [debug] Free NGAP Message PDU
[2026-09-27 18:58:08.625] [amf_app] [debug] Received NAS_SIG_ESTAB_REQ
[2026-09-27 18:58:08.625] [amf_app] [warning] No existing UE context associated with key app_ue_ranid_1:amfid_3
[2026-09-27 18:58:08.625] [amf_app] [debug] No existing UE Context, Create a new one with ran_amf_id app_ue_ranid_1:amfid_3
[2026-09-27 18:58:08.625] [amf_n1] [info] Received UL_NAS_DATA_IND
[2026-09-27 18:58:08.625] [amf_n1] [debug] Serving network name 5G:mnc001.mcc001.3gppnetwork.org
[2026-09-27 18:58:08.625] [amf_n1] [warning] No NAS context with amf_ue_ngap_id 3
[2026-09-27 18:58:08.625] [amf_n1] [warning] No existing nas_context with amf_ue_ngap_id 3
[2026-09-27 18:58:08.625] [common] [debug] [amf_n1]Received Uplink NAS Message
7e 00 41 79 00 0d 01 00 f1 10 00 00 00 00 10 32 54 76 08 2e 08 e0 60 00 00 00 00 00 00 
[2026-09-27 18:58:08.625] [amf_n1] [debug] Received plain NAS message
[2026-09-27 18:58:08.625] [common] [debug] [amf_n1]Decoded Plain Message
7e 00 41 79 00 0d 01 00 f1 10 00 00 00 00 10 32 54 76 08 2e 08 e0 60 00 00 00 00 00 00 
[2026-09-27 18:58:08.625] [amf_n1] [debug] Received NAS Signalling Establishment request...
[2026-09-27 18:58:08.625] [amf_n1] [debug] No existing nas_context with amf_ue_ngap_id 3 --> Create a new one
[2026-09-27 18:58:08.625] [amf_n1] [debug] NAS message type 0x41
[2026-09-27 18:58:08.625] [amf_n1] [debug] Received Registration Request message, handling...
[2026-09-27 18:58:08.625] [nas] [debug] Decoding RegistrationRequest message
[2026-09-27 18:58:08.625] [nas] [debug] Decoding NasMmPlainHeader
[2026-09-27 18:58:08.625] [nas] [debug] Decoded NasMmPlainHeader len (3 octets)
[2026-09-27 18:58:08.625] [nas] [debug] Decoding 5GSMobilityIdentity
[2026-09-27 18:58:08.625] [nas] [debug] Decoded 5GSMobilityIdentity IE length 13
[2026-09-27 18:58:08.625] [nas] [debug] Decoding 5GSMobilityIdentity SUCI
[2026-09-27 18:58:08.625] [nas] [debug] MCC 001, MNC 01
[2026-09-27 18:58:08.625] [nas] [debug] MCC 001, MNC 01
[2026-09-27 18:58:08.625] [nas] [debug] Decoded Routing Indicator 0000
[2026-09-27 18:58:08.625] [nas] [debug] Decoded MSIN 0123456780
[2026-09-27 18:58:08.625] [nas] [debug] Decoded 5GSMobilityIdentity SUCI SUPI format IMSI (len 13)
[2026-09-27 18:58:08.625] [nas] [debug] Decoded SUCI (15 octets)
[2026-09-27 18:58:08.625] [nas] [debug] Decoded 5GS Mobile Identity, len (15)
[2026-09-27 18:58:08.625] [nas] [debug] First option IEI 0x2e
[2026-09-27 18:58:08.625] [nas] [debug] IEI 0x2e
[2026-09-27 18:58:08.625] [nas] [debug] Decoding IEI 0x2e
[2026-09-27 18:58:08.625] [nas] [debug] Decoding UE Security Capability
[2026-09-27 18:58:08.625] [nas] [debug] Decoded UE Security Capability, len (10)
[2026-09-27 18:58:08.625] [nas] [debug] 5G EA 0xe0, 5G IA 0x60
[2026-09-27 18:58:08.625] [nas] [debug] EEA 0x0
[2026-09-27 18:58:08.625] [nas] [debug] EIA 0x0
[2026-09-27 18:58:08.625] [nas] [debug] Next IEI 0x0
[2026-09-27 18:58:08.625] [nas] [debug] Decoded RegistrationRequest message (len 29)
[2026-09-27 18:58:08.625] [amf_n1] [debug] Received IMSI [REDACTED]
[2026-09-27 18:58:08.625] [amf_n1] [debug] Signal the UE Reachability Status Event notification for SUPI imsi-[REDACTED]
[2026-09-27 18:58:08.625] [amf_n1] [debug] Send request to SBI to trigger UE Reachability Report (SUPI imsi-[REDACTED] )
[2026-09-27 18:58:08.625] [amf_n1] [info] Associating SUPI (imsi-[REDACTED]) with NAS context
[2026-09-27 18:58:08.625] [amf_app] [debug] The UE's Info (IMSI [REDACTED]) has been successfully updated!
[2026-09-27 18:58:08.625] [amf_n1] [debug] Set 5GMM state to COMM-PROC-INIT
[2026-09-27 18:58:08.625] [amf_n1] [debug] Existing nas_context --> Update
[2026-09-27 18:58:08.625] [amf_app] [debug] The UE's Info (IMSI [REDACTED]) has been successfully updated!
[2026-09-27 18:58:08.625] [amf_app] [info] 
   |------------------------------------------------------------------------------------------------------------------------------------------------------------|
   |----------------------------------------------------------------------gNBs' Information---------------------------------------------------------------------|
   |  Index |               Status               |              Global Id             |              gNB Name              |                PLMN                |
   |    1   |              Connected             |               0x0E00               |               gNB-OAI              |               001,01               |
   |------------------------------------------------------------------------------------------------------------------------------------------------------------|

   |-----------------------------------------------------------------------------------------------------------------------------------------------------------|
   |---------------------------------------------------------------------UEs' Information----------------------------------------------------------------------|
   |  Index |     5GMM State     |        IMSI        |        GUTI        |   RAN UE NGAP ID   |   AMF UE NGAP ID   |        PLMN        |       Cell Id      |
   |    1   |   5GMM-REGISTERED  |   [REDACTED]  |                    |        0x01        |        0x03        |       001,01       |      0000e014e     |
   |-----------------------------------------------------------------------------------------------------------------------------------------------------------|

[2026-09-27 18:58:08.625] [amf_n1] [debug] Send request to SBI to trigger UE Registration State Report (SUPI imsi-[REDACTED] )
[2026-09-27 18:58:08.625] [amf_n1] [debug] NAS key set identifier: 0x7
[2026-09-27 18:58:08.625] [amf_n1] [warning] No Optional IE 5GMMCapability available
[2026-09-27 18:58:08.625] [amf_n1] [debug] No Optional IE RequestedNssai available
[2026-09-27 18:58:08.625] [amf_n1] [debug] No Optional NAS Container inside Registration Request message
[2026-09-27 18:58:08.625] [amf_n1] [debug] Update UC context, SUPI imsi-[REDACTED]
[2026-09-27 18:58:08.625] [amf_n1] [debug] Start to run Registration Procedure
[2026-09-27 18:58:08.625] [amf_n1] [debug] SUCI SUPI format IMSI is available
[2026-09-27 18:58:08.625] [amf_n1] [debug] Authentication vector in nas_context is not available
[2026-09-27 18:58:08.625] [amf_n1] [debug] Start to generate Authentication Vectors
[2026-09-27 18:58:08.625] [amf_n1] [debug] Get Authentication Vectors from AUSF
[2026-09-27 18:58:08.625] [amf_n1] [debug] Promise ID generated 9
[2026-09-27 18:58:08.625] [amf_sbi] [info] Receive UE Authentication Request message, handling ...
[2026-09-27 18:58:08.625] [amf_sbi] [debug] Send UE Authentication Request to AUSF 
[2026-09-27 18:58:08.625] [amf_sbi] [info] Send HTTP message to http://oai-ausf:80/nausf-auth/v1/ue-authentications
[2026-09-27 18:58:08.625] [amf_sbi] [info] HTTP message Body: {"servingNetworkName":"5G:mnc001.mcc001.3gppnetwork.org","supiOrSuci":"imsi-[REDACTED]"}
[2026-09-27 18:58:08.625] [amf_sbi] [debug] Send a simple HTTP request
[2026-09-27 18:58:08.645] [amf_sbi] [info] Get response with HTTP code (201)
[2026-09-27 18:58:08.645] [amf_app] [debug] Trigger process response: Set promise with ID 9 to ready
[2026-09-27 18:58:08.645] [amf_n1] [debug] Got result for promise ID 9
[2026-09-27 18:58:08.645] [amf_n1] [debug] Got UE Authentication from AUSF: {"5gAuthData":{"autn":"aeb95efcbff980009318ac530f1e48e1","hxresStar":"29126ba0a7aaa12bae2315457f8ef60d","rand":"9e5c77af7842aace7ac46d595e780fe4"},"_links":{"5g-aka":{"href":"http://10.244.0.149:80/nausf-auth/v1/ue-authentications/aeb95efcbff980009318ac530f1e48e1/5g-aka-confirmation"}},"authType":"5G_AKA"}
[2026-09-27 18:58:08.645] [amf_app] [debug] Data 9e5c77af7842aace7ac46d595e780fe4 (32 bytes)
[2026-09-27 18:58:08.645] [amf_app] [debug] Data (formatted):
9e 5c 77 af 78 42 aa ce 7a c4 6d 59 5e 78 f e4 
[2026-09-27 18:58:08.645] [common] [debug] [amf_n1]5G AV: RAND
9e 5c 77 af 78 42 aa ce 7a c4 6d 59 5e 78 0f e4 
[2026-09-27 18:58:08.646] [amf_app] [debug] Data aeb95efcbff980009318ac530f1e48e1 (32 bytes)
[2026-09-27 18:58:08.646] [amf_app] [debug] Data (formatted):
ae b9 5e fc bf f9 80 0 93 18 ac 53 f 1e 48 e1 
[2026-09-27 18:58:08.646] [common] [debug] [amf_n1]5G AV: AUTN
ae b9 5e fc bf f9 80 00 93 18 ac 53 0f 1e 48 e1 
[2026-09-27 18:58:08.646] [amf_app] [debug] Data 29126ba0a7aaa12bae2315457f8ef60d (32 bytes)
[2026-09-27 18:58:08.646] [amf_app] [debug] Data (formatted):
29 12 6b a0 a7 aa a1 2b ae 23 15 45 7f 8e f6 d 
[2026-09-27 18:58:08.646] [common] [debug] [amf_n1]5G AV: hxres*
29 12 6b a0 a7 aa a1 2b ae 23 15 45 7f 8e f6 0d 
[2026-09-27 18:58:08.646] [amf_n1] [info] Links is: http://10.244.0.149:80/nausf-auth/v1/ue-authentications/aeb95efcbff980009318ac530f1e48e1/5g-aka-confirmation
[2026-09-27 18:58:08.646] [amf_n1] [debug] Received Security Vectors, try to setup security with the UE
[2026-09-27 18:58:08.646] [amf_n1] [debug] Starting Authentication procedure
[2026-09-27 18:58:08.646] [amf_n1] [debug] Sending Authentication Request with RAND
[2026-09-27 18:58:08.646] [common] [debug] [amf_n1]RAND
9e 5c 77 af 78 42 aa ce 7a c4 6d 59 5e 78 0f e4 
[2026-09-27 18:58:08.646] [nas_mm] [debug] Size of Authentication Request message 42
[2026-09-27 18:58:08.646] [nas] [debug] Encoding AuthenticationRequest message
[2026-09-27 18:58:08.646] [nas] [debug] Encoding NasMmPlainHeader
[2026-09-27 18:58:08.646] [nas] [debug] Encoded NasMmPlainHeader (len 3 octets)
[2026-09-27 18:58:08.646] [nas] [debug] Encoding Abba
[2026-09-27 18:58:08.646] [nas] [debug] Encoded Abba, len (3)
[2026-09-27 18:58:08.646] [nas] [debug] Encoding Authentication Parameter RAND
[2026-09-27 18:58:08.646] [nas] [debug] Encoded Authentication Parameter RAND, len (17)
[2026-09-27 18:58:08.646] [nas] [debug] Encoding Authentication Parameter AUTN
[2026-09-27 18:58:08.646] [nas] [debug] Encoded AuthenticationParameterAutn len (18)
[2026-09-27 18:58:08.646] [nas] [debug] IE EAP Message is not available
[2026-09-27 18:58:08.646] [nas] [debug] Encoded AuthenticationRequest message (len 42)
[2026-09-27 18:58:08.646] [common] [debug] [amf_n1]Authentication-Request message buffer
7e 00 56 04 02 00 00 21 9e 5c 77 af 78 42 aa ce 7a c4 6d 59 5e 78 0f e4 20 10 ae b9 5e fc bf f9 80 00 93 18 ac 53 0f 1e 48 e1 
[2026-09-27 18:58:08.646] [amf_n1] [debug] amf_ue_ngap_id 3
[2026-09-27 18:58:08.646] [amf_n2] [info] Received Downlink NAS Transport message, handling
[2026-09-27 18:58:08.646] [amf_n2] [debug] Handle DL NAS Transport ...
InitiatingMessage ::= {
    procedureCode: 4
    criticality: 1 (ignore)
    value: DownlinkNASTransport ::= {
        protocolIEs: ProtocolIE-Container ::= {
            DownlinkNASTransport-IEs ::= {
                id: 10
                criticality: 0 (reject)
                value: 3
            }
            DownlinkNASTransport-IEs ::= {
                id: 85
                criticality: 0 (reject)
                value: 1
            }
            DownlinkNASTransport-IEs ::= {
                id: 38
                criticality: 0 (reject)
                value: 
                    7E 00 56 04 02 00 00 21 9E 5C 77 AF 78 42 AA CE 
                    7A C4 6D 59 5E 78 0F E4 20 10 AE B9 5E FC BF F9 
                    80 00 93 18 AC 53 0F 1E 48 E1
            }
        }
    }
}
[2026-09-27 18:58:08.646] [ngap] [debug] Encoded size (66)
[2026-09-27 18:58:08.646] [sctp] [debug] [Socket 5, Assoc ID 36] Sending buffer 0x7e8db8006860 of 66 bytes on stream 1 with PPID 60
[2026-09-27 18:58:08.646] [sctp] [debug] Successfully sent 66 bytes on stream 1
[2026-09-27 18:58:08.646] [ngap] [debug] Free NGAP Message PDU
[2026-09-27 18:58:08.723] [sctp] [info] [Assoc_id 36, Socket 5] Received a message (length 64) from port 39521, on stream 1, PPID 60
[2026-09-27 18:58:08.723] [ngap] [debug] Handling SCTP payload from SCTP Server on assoc_id (36), stream_id (1), instreams (2), outstreams (2)
[2026-09-27 18:58:08.723] [ngap] [debug] Decoded NGAP message, procedure code 46, present 1
InitiatingMessage ::= {
    procedureCode: 46
    criticality: 1 (ignore)
    value: UplinkNASTransport ::= {
        protocolIEs: ProtocolIE-Container ::= {
            UplinkNASTransport-IEs ::= {
                id: 10
                criticality: 0 (reject)
                value: 3
            }
            UplinkNASTransport-IEs ::= {
                id: 85
                criticality: 0 (reject)
                value: 1
            }
            UplinkNASTransport-IEs ::= {
                id: 38
                criticality: 0 (reject)
                value: 
                    7E 00 57 2D 10 FE C1 A3 E2 27 27 B6 E7 D7 4F 4C 
                    0D 25 85 63 E1
            }
            UplinkNASTransport-IEs ::= {
                id: 121
                criticality: 1 (ignore)
                value: UserLocationInformationNR ::= {
                    nR-CGI: NR-CGI ::= {
                        pLMNIdentity: 00 F1 10
                        nRCellIdentity: 00 00 E0 14 E0 (4 bits unused)
                    }
                    tAI: TAI ::= {
                        pLMNIdentity: 00 F1 10
                        tAC: 00 00 07
                    }
                }
            }
        }
    }
}
[2026-09-27 18:58:08.723] [ngap] [debug] Sending ITTI Uplink NAS Transport message to TASK_AMF_N2
InitiatingMessage ::= {
    procedureCode: 46
    criticality: 1 (ignore)
    value: UplinkNASTransport ::= {
        protocolIEs: ProtocolIE-Container ::= {
            UplinkNASTransport-IEs ::= {
                id: 10
                criticality: 0 (reject)
                value: 3
            }
            UplinkNASTransport-IEs ::= {
                id: 85
                criticality: 0 (reject)
                value: 1
            }
            UplinkNASTransport-IEs ::= {
                id: 38
                criticality: 0 (reject)
                value: 
                    7E 00 57 2D 10 FE C1 A3 E2 27 27 B6 E7 D7 4F 4C 
                    0D 25 85 63 E1
            }
            UplinkNASTransport-IEs ::= {
                id: 121
                criticality: 1 (ignore)
                value: UserLocationInformationNR ::= {
                    nR-CGI: NR-CGI ::= {
                        pLMNIdentity: 00 F1 10
                        nRCellIdentity: 00 00 E0 14 E0 (4 bits unused)
                    }
                    tAI: TAI ::= {
                        pLMNIdentity: 00 F1 10
                        tAC: 00 00 07
                    }
                }
            }
        }
    }
}
[2026-09-27 18:58:08.723] [ngap] [debug] Received TAC 0x7
[2026-09-27 18:58:08.723] [amf_n2] [info] Received Uplink NAS Transport message, handling
[2026-09-27 18:58:08.723] [amf_n2] [debug] Handle Uplink NAS Transport...
[2026-09-27 18:58:08.723] [ngap] [debug] Free NGAP Message PDU
[2026-09-27 18:58:08.724] [amf_n1] [info] Received UL_NAS_DATA_IND
[2026-09-27 18:58:08.724] [amf_n1] [debug] Serving network name 5G:mnc001.mcc001.3gppnetwork.org
[2026-09-27 18:58:08.724] [amf_n1] [debug] Existing nas_context with amf_ue_ngap_id 3
[2026-09-27 18:58:08.724] [common] [debug] [amf_n1]Received Uplink NAS Message
7e 00 57 2d 10 fe c1 a3 e2 27 27 b6 e7 d7 4f 4c 0d 25 85 63 e1 
[2026-09-27 18:58:08.724] [amf_n1] [debug] Received plain NAS message
[2026-09-27 18:58:08.724] [common] [debug] [amf_n1]Decoded Plain Message
7e 00 57 2d 10 fe c1 a3 e2 27 27 b6 e7 d7 4f 4c 0d 25 85 63 e1 
[2026-09-27 18:58:08.724] [amf_n1] [debug] Received Uplink NAS message...
[2026-09-27 18:58:08.724] [amf_n1] [debug] Received Authentication Response message, handling...
[2026-09-27 18:58:08.724] [amf_n1] [info] Found nas_context (0x7e8dac000ef0) with amf_ue_ngap_id (3)
[2026-09-27 18:58:08.724] [nas] [debug] Decoding AuthenticationResponse message
[2026-09-27 18:58:08.724] [nas] [debug] Encoding NasMmPlainHeader
[2026-09-27 18:58:08.724] [nas] [debug] Encoded NasMmPlainHeader (len 3 octets)
[2026-09-27 18:58:08.724] [nas] [debug] First option IEI (0x2d)
[2026-09-27 18:58:08.724] [nas] [debug] Decoding IEI 0x2d
[2026-09-27 18:58:08.724] [nas] [debug] Decoding Authentication Response Parameter
[2026-09-27 18:58:08.724] [nas] [debug] Decoded value 0xfe
[2026-09-27 18:58:08.724] [nas] [debug] Decoded value 0xc1
[2026-09-27 18:58:08.724] [nas] [debug] Decoded value 0xa3
[2026-09-27 18:58:08.724] [nas] [debug] Decoded value 0xe2
[2026-09-27 18:58:08.724] [nas] [debug] Decoded value 0x27
[2026-09-27 18:58:08.724] [nas] [debug] Decoded value 0x27
[2026-09-27 18:58:08.724] [nas] [debug] Decoded value 0xb6
[2026-09-27 18:58:08.724] [nas] [debug] Decoded value 0xe7
[2026-09-27 18:58:08.724] [nas] [debug] Decoded value 0xd7
[2026-09-27 18:58:08.724] [nas] [debug] Decoded value 0x4f
[2026-09-27 18:58:08.724] [nas] [debug] Decoded value 0x4c
[2026-09-27 18:58:08.724] [nas] [debug] Decoded value 0xd
[2026-09-27 18:58:08.724] [nas] [debug] Decoded value 0x25
[2026-09-27 18:58:08.724] [nas] [debug] Decoded value 0x85
[2026-09-27 18:58:08.724] [nas] [debug] Decoded value 0x63
[2026-09-27 18:58:08.724] [nas] [debug] Decoded value 0xe1
[2026-09-27 18:58:08.724] [nas] [debug] Decoded Authentication Response Parameter, len (18)
[2026-09-27 18:58:08.724] [nas] [debug] Next IEI (0x0)
[2026-09-27 18:58:08.724] [nas] [debug] Decoded AuthenticationResponse message len (21)
[2026-09-27 18:58:08.724] [amf_n1] [debug] 5G AKA Confirmation from AUSF
[2026-09-27 18:58:08.724] [common] [debug] [amf_n1]resStar
fe c1 a3 e2 27 27 b6 e7 d7 4f 4c 0d 25 85 63 e1 
[2026-09-27 18:58:08.724] [amf_n1] [info] resStar_s (FEC1A3E22727B6E7D74F4C0D258563E1)
[2026-09-27 18:58:08.724] [amf_n1] [debug] Promise ID generated 10
[2026-09-27 18:58:08.724] [amf_sbi] [info] Receive UE Authentication Confirmation message, handling ...
[2026-09-27 18:58:08.724] [amf_sbi] [debug] Send UE Authentication Confirmation to AUSF 
[2026-09-27 18:58:08.724] [amf_sbi] [info] Send HTTP message to http://10.244.0.149:80/nausf-auth/v1/ue-authentications/aeb95efcbff980009318ac530f1e48e1/5g-aka-confirmation
[2026-09-27 18:58:08.724] [amf_sbi] [info] HTTP message Body: {"resStar":"FEC1A3E22727B6E7D74F4C0D258563E1"}
[2026-09-27 18:58:08.724] [amf_sbi] [debug] Send a simple HTTP request
[2026-09-27 18:58:08.746] [amf_sbi] [info] Get response with HTTP code (200)
[2026-09-27 18:58:08.746] [amf_app] [debug] Trigger process response: Set promise with ID 10 to ready
[2026-09-27 18:58:08.746] [amf_n1] [debug] Got result for promise ID 10
[2026-09-27 18:58:08.746] [amf_n1] [debug] Got ConfirmationDataResponse from AUSF: {"authResult":"AUTHENTICATION_SUCCESS","kseaf":"c30a976a9a5d96efb2c83302c15e59b605af9d29ba9cc2c9121435db6db1bd36","supi":"imsi-[REDACTED]"}
[2026-09-27 18:58:08.747] [amf_app] [debug] Data c30a976a9a5d96efb2c83302c15e59b605af9d29ba9cc2c9121435db6db1bd36 (64 bytes)
[2026-09-27 18:58:08.747] [amf_app] [debug] Data (formatted):
c3 a 97 6a 9a 5d 96 ef b2 c8 33 2 c1 5e 59 b6 5 af 9d 29 ba 9c c2 c9 12 14 35 db 6d b1 bd 36 
[2026-09-27 18:58:08.747] [common] [debug] [amf_n1]5G AV: kseaf
c3 0a 97 6a 9a 5d 96 ef b2 c8 33 02 c1 5e 59 b6 05 af 9d 29 ba 9c c2 c9 12 14 35 db 6d b1 bd 36 
[2026-09-27 18:58:08.747] [amf_n1] [debug] Deriving Kamf
[2026-09-27 18:58:08.747] [amf_n1] [debug] derive_kamf ...
[2026-09-27 18:58:08.747] [common] [debug] [amf_n1]Kamf
6f 38 74 e1 2f 72 34 4f 00 aa 7a 4a c5 bc b1 0f a1 de 1b 96 a7 a4 6b 5d ab 2f 67 a8 62 53 ea cb 
[2026-09-27 18:58:08.747] [amf_n1] [debug] Authentication successful by network!
[2026-09-27 18:58:08.747] [amf_n1] [debug] Start Security Mode Control procedure
[2026-09-27 18:58:08.747] [amf_n1] [debug] Using IntegrityProtectedWithNewSecurityContext for SecurityModeControl message
[2026-09-27 18:58:08.747] [amf_n1] [debug] Selected AMF NEA: 0x0
[2026-09-27 18:58:08.747] [amf_n1] [debug] Selected AMF NIA: 0x1
[2026-09-27 18:58:08.747] [amf_n1] [debug] derive_knas ...
[2026-09-27 18:58:08.747] [amf_n1] [debug] derive_knas ...
[2026-09-27 18:58:08.747] [amf_n1] [debug] Encoded ngKSI 0x4
[2026-09-27 18:58:08.747] [nas_mm] [debug] Size of Security Mode Command message 14
[2026-09-27 18:58:08.747] [nas] [debug] Encoding SecurityModeCommand message
[2026-09-27 18:58:08.747] [nas] [debug] Encoding NasMmPlainHeader
[2026-09-27 18:58:08.747] [nas] [debug] Encoded NasMmPlainHeader (len 3 octets)
[2026-09-27 18:58:08.747] [nas] [debug] Encoding NAS Security Algorithms
[2026-09-27 18:58:08.747] [nas] [debug] Encoded NAS Security Algorithms, len (1)
[2026-09-27 18:58:08.747] [nas] [debug] Encoding UE Security Capability
[2026-09-27 18:58:08.747] [nas] [debug] Encoded UE Security Capability, len (5)
[2026-09-27 18:58:08.747] [nas] [debug] Encoded Type1NasIeFormatTv, len (1)
[2026-09-27 18:58:08.747] [nas] [debug] IE EPS NAS Security Algorithms is not available
[2026-09-27 18:58:08.747] [nas] [debug] Encoding Additional 5G Security Information
[2026-09-27 18:58:08.747] [nas] [debug] Encoded Additional 5G Security Information, len (3)
[2026-09-27 18:58:08.747] [nas] [debug] IE EAP Message is not available
[2026-09-27 18:58:08.747] [nas] [debug] IE Abba is not available
[2026-09-27 18:58:08.747] [nas] [debug] IE S1 UE Security Capability is not available
[2026-09-27 18:58:08.747] [nas] [debug] Encoded SecurityModeCommand message len (14)
[2026-09-27 18:58:08.747] [common] [debug] [amf_n1]Security-Mode-Command message buffer
7e 00 5d 01 04 04 e0 60 00 00 e1 36 01 02 
[2026-09-27 18:58:08.747] [amf_n1] [debug] Security Context status (is new:  true)
[2026-09-27 18:58:08.747] [amf_n1] [debug] Encoding nas_message_protected...
[2026-09-27 18:58:08.747] [common] [debug] [amf_n1]Parameters for NIA: Knas_int
2e 0c 1f 1a dc 6d d2 3b 2b ba ca 61 80 cc 79 91 
[2026-09-27 18:58:08.747] [amf_n1] [debug] Parameters for NIA, count: 0x0
[2026-09-27 18:58:08.747] [amf_n1] [debug] Parameters for NIA, bearer: 0x1
[2026-09-27 18:58:08.747] [amf_n1] [debug] Parameters for NIA, direction: 0x1
[2026-09-27 18:58:08.747] [common] [debug] [amf_n1]Parameters for NIA, message: 
00 7e 00 5d 01 04 04 e0 60 00 00 e1 36 01 02 
[2026-09-27 18:58:08.747] [amf_n1] [debug] Integrity with algorithms: 128-5G-IA1
[2026-09-27 18:58:08.747] [common] [debug] [amf_n1]Result for NIA1, mac: 
b8 37 e6 f3 
[2026-09-27 18:58:08.747] [amf_n1] [debug] Result for NIA1, mac32: 0xb837e6f3
[2026-09-27 18:58:08.747] [amf_n1] [debug] mac32: 0xb837e6f3
[2026-09-27 18:58:08.747] [common] [debug] [amf_n1]Encrypted Security-Mode-Command message buffer
7e 03 b8 37 e6 f3 00 7e 00 5d 01 04 04 e0 60 00 00 e1 36 01 02 
[2026-09-27 18:58:08.747] [amf_n2] [info] Received Downlink NAS Transport message, handling
[2026-09-27 18:58:08.747] [amf_n2] [debug] Handle DL NAS Transport ...
InitiatingMessage ::= {
    procedureCode: 4
    criticality: 1 (ignore)
    value: DownlinkNASTransport ::= {
        protocolIEs: ProtocolIE-Container ::= {
            DownlinkNASTransport-IEs ::= {
                id: 10
                criticality: 0 (reject)
                value: 3
            }
            DownlinkNASTransport-IEs ::= {
                id: 85
                criticality: 0 (reject)
                value: 1
            }
            DownlinkNASTransport-IEs ::= {
                id: 38
                criticality: 0 (reject)
                value: 
                    7E 03 B8 37 E6 F3 00 7E 00 5D 01 04 04 E0 60 00 
                    00 E1 36 01 02
            }
        }
    }
}
[2026-09-27 18:58:08.747] [ngap] [debug] Encoded size (45)
[2026-09-27 18:58:08.747] [sctp] [debug] [Socket 5, Assoc ID 36] Sending buffer 0x7e8dac005c10 of 45 bytes on stream 1 with PPID 60
[2026-09-27 18:58:08.747] [sctp] [debug] Successfully sent 45 bytes on stream 1
[2026-09-27 18:58:08.747] [ngap] [debug] Free NGAP Message PDU
[2026-09-27 18:58:08.836] [sctp] [info] [Assoc_id 36, Socket 5] Received a message (length 100) from port 39521, on stream 1, PPID 60
[2026-09-27 18:58:08.836] [ngap] [debug] Handling SCTP payload from SCTP Server on assoc_id (36), stream_id (1), instreams (2), outstreams (2)
[2026-09-27 18:58:08.836] [ngap] [debug] Decoded NGAP message, procedure code 46, present 1
InitiatingMessage ::= {
    procedureCode: 46
    criticality: 1 (ignore)
    value: UplinkNASTransport ::= {
        protocolIEs: ProtocolIE-Container ::= {
            UplinkNASTransport-IEs ::= {
                id: 10
                criticality: 0 (reject)
                value: 3
            }
            UplinkNASTransport-IEs ::= {
                id: 85
                criticality: 0 (reject)
                value: 1
            }
            UplinkNASTransport-IEs ::= {
                id: 38
                criticality: 0 (reject)
                value: 
                    7E 04 F5 EE 8A C2 00 7E 00 5E 77 00 09 65 57 54 
                    76 98 10 32 14 F3 71 00 20 7E 00 41 49 00 0D 01 
                    00 F1 10 00 00 00 00 10 32 54 76 08 10 01 06 2E 
                    08 E0 60 00 00 00 00 00 00
            }
            UplinkNASTransport-IEs ::= {
                id: 121
                criticality: 1 (ignore)
                value: UserLocationInformationNR ::= {
                    nR-CGI: NR-CGI ::= {
                        pLMNIdentity: 00 F1 10
                        nRCellIdentity: 00 00 E0 14 E0 (4 bits unused)
                    }
                    tAI: TAI ::= {
                        pLMNIdentity: 00 F1 10
                        tAC: 00 00 07
                    }
                }
            }
        }
    }
}
[2026-09-27 18:58:08.836] [ngap] [debug] Sending ITTI Uplink NAS Transport message to TASK_AMF_N2
InitiatingMessage ::= {
    procedureCode: 46
    criticality: 1 (ignore)
    value: UplinkNASTransport ::= {
        protocolIEs: ProtocolIE-Container ::= {
            UplinkNASTransport-IEs ::= {
                id: 10
                criticality: 0 (reject)
                value: 3
            }
            UplinkNASTransport-IEs ::= {
                id: 85
                criticality: 0 (reject)
                value: 1
            }
            UplinkNASTransport-IEs ::= {
                id: 38
                criticality: 0 (reject)
                value: 
                    7E 04 F5 EE 8A C2 00 7E 00 5E 77 00 09 65 57 54 
                    76 98 10 32 14 F3 71 00 20 7E 00 41 49 00 0D 01 
                    00 F1 10 00 00 00 00 10 32 54 76 08 10 01 06 2E 
                    08 E0 60 00 00 00 00 00 00
            }
            UplinkNASTransport-IEs ::= {
                id: 121
                criticality: 1 (ignore)
                value: UserLocationInformationNR ::= {
                    nR-CGI: NR-CGI ::= {
                        pLMNIdentity: 00 F1 10
                        nRCellIdentity: 00 00 E0 14 E0 (4 bits unused)
                    }
                    tAI: TAI ::= {
                        pLMNIdentity: 00 F1 10
                        tAC: 00 00 07
                    }
                }
            }
        }
    }
}
[2026-09-27 18:58:08.836] [ngap] [debug] Received TAC 0x7
[2026-09-27 18:58:08.836] [amf_n2] [info] Received Uplink NAS Transport message, handling
[2026-09-27 18:58:08.836] [amf_n2] [debug] Handle Uplink NAS Transport...
[2026-09-27 18:58:08.836] [ngap] [debug] Free NGAP Message PDU
[2026-09-27 18:58:08.836] [amf_n1] [info] Received UL_NAS_DATA_IND
[2026-09-27 18:58:08.836] [amf_n1] [debug] Serving network name 5G:mnc001.mcc001.3gppnetwork.org
[2026-09-27 18:58:08.836] [amf_n1] [debug] Existing nas_context with amf_ue_ngap_id 3
[2026-09-27 18:58:08.836] [common] [debug] [amf_n1]Received Uplink NAS Message
7e 04 f5 ee 8a c2 00 7e 00 5e 77 00 09 65 57 54 76 98 10 32 14 f3 71 00 20 7e 00 41 49 00 0d 01 00 f1 10 00 00 00 00 10 32 54 76 08 10 01 06 2e 08 e0 60 00 00 00 00 00 00 
[2026-09-27 18:58:08.836] [amf_n1] [debug] Received integrity protected and ciphered with new security context NAS message
[2026-09-27 18:58:08.836] [common] [debug] [amf_n1]Parameters for NIA: Knas_int
2e 0c 1f 1a dc 6d d2 3b 2b ba ca 61 80 cc 79 91 
[2026-09-27 18:58:08.837] [amf_n1] [debug] Uplink count in uplink: 0
[2026-09-27 18:58:08.837] [amf_n1] [debug] Parameters for NIA, count: 0x0
[2026-09-27 18:58:08.837] [amf_n1] [debug] Parameters for NIA, bearer: 0x1
[2026-09-27 18:58:08.837] [amf_n1] [debug] Parameters for NIA, direction: 0x0
[2026-09-27 18:58:08.837] [common] [debug] [amf_n1]Parameters for NIA, message: 
00 7e 00 5e 77 00 09 65 57 54 76 98 10 32 14 f3 71 00 20 7e 00 41 49 00 0d 01 00 f1 10 00 00 00 00 10 32 54 76 08 10 01 06 2e 08 e0 60 00 00 00 00 00 00 
[2026-09-27 18:58:08.837] [amf_n1] [debug] Integrity with algorithms: 128-5G-IA1
[2026-09-27 18:58:08.837] [common] [debug] [amf_n1]Result for NIA1, mac: 
f5 ee 8a c2 
[2026-09-27 18:58:08.837] [amf_n1] [debug] Result for NIA1, mac32: 0xf5ee8ac2
[2026-09-27 18:58:08.837] [amf_n1] [debug] Received mac32 (0xf5ee8ac2) from the message
[2026-09-27 18:58:08.837] [amf_n1] [debug] Integrity matched
[2026-09-27 18:58:08.837] [amf_n1] [debug] nsc.ul_count.overflow 0
[2026-09-27 18:58:08.837] [amf_n1] [debug] Cipher protected with EA0_5G
[2026-09-27 18:58:08.837] [common] [debug] [amf_n1]Decoded Plain Message
7e 00 5e 77 00 09 65 57 54 76 98 10 32 14 f3 71 00 20 7e 00 41 49 00 0d 01 00 f1 10 00 00 00 00 10 32 54 76 08 10 01 06 2e 08 e0 60 00 00 00 00 00 00 
[2026-09-27 18:58:08.837] [amf_n1] [debug] Received Uplink NAS message...
[2026-09-27 18:58:08.837] [amf_n1] [debug] Received Security Mode Complete message, handling...
[2026-09-27 18:58:08.837] [amf_n1] [debug] Handling Security Mode Complete ...
[2026-09-27 18:58:08.837] [nas] [debug] Decoding SecurityModeComplete message
[2026-09-27 18:58:08.837] [nas] [debug] Decoding NasMmPlainHeader
[2026-09-27 18:58:08.837] [nas] [debug] Decoded NasMmPlainHeader len (3 octets)
[2026-09-27 18:58:08.837] [nas] [debug] Decoded_size (3)
[2026-09-27 18:58:08.837] [nas] [debug] Decoding IEI (0x77)
[2026-09-27 18:58:08.837] [nas] [debug] Decoding 5GSMobilityIdentity
[2026-09-27 18:58:08.837] [nas] [debug] Decoded 5GSMobilityIdentity IE length 9
[2026-09-27 18:58:08.837] [nas] [debug] Decoding 5GSMobilityIdentity IMEISV
[2026-09-27 18:58:08.837] [nas] [debug] Decoded 5GSMobilityIdentity IMEISV: 6754567890123413
[2026-09-27 18:58:08.837] [nas] [debug] Decoded 5GSMobilityIdentity IMEISV len (9)
[2026-09-27 18:58:08.837] [nas] [debug] Decoded 5GS Mobile Identity, len (12)
[2026-09-27 18:58:08.837] [nas] [debug] Decoding IEI (0x71)
[2026-09-27 18:58:08.837] [nas] [debug] Decoding NAS Message Container
[2026-09-27 18:58:08.837] [nas] [debug] Decoded NasMessageContainer value 0x7e
[2026-09-27 18:58:08.837] [nas] [debug] Decoded NasMessageContainer value 0x0
[2026-09-27 18:58:08.837] [nas] [debug] Decoded NasMessageContainer value 0x41
[2026-09-27 18:58:08.837] [nas] [debug] Decoded NasMessageContainer value 0x49
[2026-09-27 18:58:08.837] [nas] [debug] Decoded NasMessageContainer value 0x0
[2026-09-27 18:58:08.837] [nas] [debug] Decoded NasMessageContainer value 0xd
[2026-09-27 18:58:08.837] [nas] [debug] Decoded NasMessageContainer value 0x1
[2026-09-27 18:58:08.837] [nas] [debug] Decoded NasMessageContainer value 0x0
[2026-09-27 18:58:08.837] [nas] [debug] Decoded NasMessageContainer value 0xf1
[2026-09-27 18:58:08.837] [nas] [debug] Decoded NasMessageContainer value 0x10
[2026-09-27 18:58:08.837] [nas] [debug] Decoded NasMessageContainer value 0x0
[2026-09-27 18:58:08.837] [nas] [debug] Decoded NasMessageContainer value 0x0
[2026-09-27 18:58:08.837] [nas] [debug] Decoded NasMessageContainer value 0x0
[2026-09-27 18:58:08.837] [nas] [debug] Decoded NasMessageContainer value 0x0
[2026-09-27 18:58:08.837] [nas] [debug] Decoded NasMessageContainer value 0x10
[2026-09-27 18:58:08.837] [nas] [debug] Decoded NasMessageContainer value 0x32
[2026-09-27 18:58:08.837] [nas] [debug] Decoded NasMessageContainer value 0x54
[2026-09-27 18:58:08.837] [nas] [debug] Decoded NasMessageContainer value 0x76
[2026-09-27 18:58:08.837] [nas] [debug] Decoded NasMessageContainer value 0x8
[2026-09-27 18:58:08.837] [nas] [debug] Decoded NasMessageContainer value 0x10
[2026-09-27 18:58:08.837] [nas] [debug] Decoded NasMessageContainer value 0x1
[2026-09-27 18:58:08.837] [nas] [debug] Decoded NasMessageContainer value 0x6
[2026-09-27 18:58:08.837] [nas] [debug] Decoded NasMessageContainer value 0x2e
[2026-09-27 18:58:08.837] [nas] [debug] Decoded NasMessageContainer value 0x8
[2026-09-27 18:58:08.837] [nas] [debug] Decoded NasMessageContainer value 0xe0
[2026-09-27 18:58:08.837] [nas] [debug] Decoded NasMessageContainer value 0x60
[2026-09-27 18:58:08.837] [nas] [debug] Decoded NasMessageContainer value 0x0
[2026-09-27 18:58:08.837] [nas] [debug] Decoded NasMessageContainer value 0x0
[2026-09-27 18:58:08.837] [nas] [debug] Decoded NasMessageContainer value 0x0
[2026-09-27 18:58:08.837] [nas] [debug] Decoded NasMessageContainer value 0x0
[2026-09-27 18:58:08.837] [nas] [debug] Decoded NasMessageContainer value 0x0
[2026-09-27 18:58:08.837] [nas] [debug] Decoded NasMessageContainer value 0x0
[2026-09-27 18:58:08.837] [nas] [debug] Decoded NAS Message Container, len (35)
[2026-09-27 18:58:08.837] [nas] [debug] Decoded SecurityModeComplete message len (50)
[2026-09-27 18:58:08.837] [common] [debug] [amf_n1]Security Mode Complete message buffer
7e 00 5e 77 00 09 65 57 54 76 98 10 32 14 f3 71 00 20 7e 00 41 49 00 0d 01 00 f1 10 00 00 00 00 10 32 54 76 08 10 01 06 2e 08 e0 60 00 00 00 00 00 00 
[2026-09-27 18:58:08.837] [nas_mm] [debug] Stored IMEISV in the NAS Context: 6754567890123413
[2026-09-27 18:58:08.837] [common] [debug] [amf_n1]NAS Message Container
7e 00 41 49 00 0d 01 00 f1 10 00 00 00 00 10 32 54 76 08 10 01 06 2e 08 e0 60 00 00 00 00 00 00 
[2026-09-27 18:58:08.837] [amf_n1] [debug] NAS Message Container, Message Type 0x41
[2026-09-27 18:58:08.837] [amf_n1] [debug] Registration Request in NAS Message Container
[2026-09-27 18:58:08.837] [nas] [debug] Decoding RegistrationRequest message
[2026-09-27 18:58:08.837] [nas] [debug] Decoding NasMmPlainHeader
[2026-09-27 18:58:08.837] [nas] [debug] Decoded NasMmPlainHeader len (3 octets)
[2026-09-27 18:58:08.837] [nas] [debug] Decoding 5GSMobilityIdentity
[2026-09-27 18:58:08.837] [nas] [debug] Decoded 5GSMobilityIdentity IE length 13
[2026-09-27 18:58:08.837] [nas] [debug] Decoding 5GSMobilityIdentity SUCI
[2026-09-27 18:58:08.837] [nas] [debug] MCC 001, MNC 01
[2026-09-27 18:58:08.837] [nas] [debug] MCC 001, MNC 01
[2026-09-27 18:58:08.837] [nas] [debug] Decoded Routing Indicator 0000
[2026-09-27 18:58:08.837] [nas] [debug] Decoded MSIN 0123456780
[2026-09-27 18:58:08.837] [nas] [debug] Decoded 5GSMobilityIdentity SUCI SUPI format IMSI (len 13)
[2026-09-27 18:58:08.837] [nas] [debug] Decoded SUCI (15 octets)
[2026-09-27 18:58:08.837] [nas] [debug] Decoded 5GS Mobile Identity, len (15)
[2026-09-27 18:58:08.837] [nas] [debug] First option IEI 0x10
[2026-09-27 18:58:08.837] [nas] [debug] IEI 0x10
[2026-09-27 18:58:08.837] [nas] [debug] Decoding IEI 0x10
[2026-09-27 18:58:08.837] [nas] [debug] Decoding 5GMM Capability
[2026-09-27 18:58:08.837] [nas] [debug] Decoded 5GMM Capability, Octet3 value (0x6)
[2026-09-27 18:58:08.837] [nas] [debug] Decoded 5GMM Capability, len (3)
[2026-09-27 18:58:08.837] [nas] [debug] Next IEI 0x2e
[2026-09-27 18:58:08.837] [nas] [debug] IEI 0x2e
[2026-09-27 18:58:08.837] [nas] [debug] Decoding IEI 0x2e
[2026-09-27 18:58:08.837] [nas] [debug] Decoding UE Security Capability
[2026-09-27 18:58:08.837] [nas] [debug] Decoded UE Security Capability, len (10)
[2026-09-27 18:58:08.837] [nas] [debug] 5G EA 0xe0, 5G IA 0x60
[2026-09-27 18:58:08.837] [nas] [debug] EEA 0x0
[2026-09-27 18:58:08.837] [nas] [debug] EIA 0x0
[2026-09-27 18:58:08.837] [nas] [debug] Next IEI 0x0
[2026-09-27 18:58:08.837] [nas] [debug] Decoded RegistrationRequest message (len 32)
[2026-09-27 18:58:08.837] [amf_n1] [debug] Optional IE RequestedNssai is not present
[2026-09-27 18:58:08.837] [amf_n1] [debug] Optional IE UplinkDataStatus is not present
[2026-09-27 18:58:08.837] [amf_n1] [debug] Optional IE PDUSessionStatus is not present
[2026-09-27 18:58:08.837] [amf_n1] [debug] Verifying whether this AMF can handle the request...
[2026-09-27 18:58:08.837] [amf_n1] [debug] Get the Slice Selection Subscription Data from UDM
[2026-09-27 18:58:08.837] [amf_n1] [debug] Promise ID generated 11
[2026-09-27 18:58:08.837] [amf_sbi] [info] Receive Slice Selection Subscription Data Retrieval Request, handling ...
[2026-09-27 18:58:08.837] [amf_sbi] [debug] Send Slice Selection Subscription Data Retrieval to UDM 
[2026-09-27 18:58:08.837] [amf_sbi] [info] Send HTTP message to http://oai-udm:80/nudm-sdm/v1/imsi-[REDACTED]/nssai?plmn-id={"mcc":"001","mnc":"01"}
[2026-09-27 18:58:08.837] [amf_sbi] [info] HTTP message Body: 
[2026-09-27 18:58:08.837] [amf_sbi] [debug] Send a simple HTTP request
[2026-09-27 18:58:08.845] [amf_sbi] [info] Get response with HTTP code (200)
[2026-09-27 18:58:08.845] [amf_app] [debug] Trigger process response: Set promise with ID 11 to ready
[2026-09-27 18:58:08.845] [amf_n1] [debug] Got NSSAI from UDM: {"defaultSingleNssais":[{"sd":"ffffff","sst":1}]}
[2026-09-27 18:58:08.845] [amf_n1] [debug] Verifying whether this AMF can handle Requested/Subscribed S-NSSAIs
[2026-09-27 18:58:08.845] [amf_n1] [debug] PLMN info: {"mcc":"001","mnc":"01","slice_list":[{"sd":"FFFFFF","sst":1}],"tac":7}
[2026-09-27 18:58:08.845] [amf_n1] [debug] Find the common NSSAIs between Requested NSSAIs and Subscribed NSSAIs
[2026-09-27 18:58:08.845] [amf_n1] [debug] Found S-NSSAI (SST 1, SD ffffff)
[2026-09-27 18:58:08.845] [amf_n1] [debug] Current AMF can handle the Requested/Subscribed NSSAIs, no need to perform AMF Re-allocation procedure
[2026-09-27 18:58:08.845] [amf_app] [debug] AMF registers for 3GPP access with UDM
[2026-09-27 18:58:08.845] [amf_app] [debug] Discovering PCF for the UE
[2026-09-27 18:58:08.845] [amf_app] [debug] Perform AM Policy Association with PCF for the UE
[2026-09-27 18:58:08.845] [amf_sbi] [info] Receive AMF Registration for 3GPP Access message, handling ...
[2026-09-27 18:58:08.845] [amf_sbi] [debug] Send AMF Registration for 3GPP Access towards UDM
[2026-09-27 18:58:08.845] [amf_sbi] [info] Send HTTP message to http://oai-udm:80/nudm-uecm/v1/imsi-[REDACTED]/registrations/amf-3gpp-access
[2026-09-27 18:58:08.845] [amf_sbi] [info] HTTP message Body: {"amfInstanceId":"4042849f-78a0-49bf-9f1a-180c59d6e83a","deregCallbackUri":"10.244.0.150:80/namf-callback/v1v1/imsi-[REDACTED]/deregistration-notification","guami":{"amfId":"010000","plmnId":{"mcc":"001","mnc":"01"}},"initialRegistrationInd":true,"ratType":"NR"}
[2026-09-27 18:58:08.845] [amf_sbi] [debug] Send a simple HTTP request
[2026-09-27 18:58:08.845] [amf_n2] [debug] Getting common S-NSSAIs between gNB and AMF
[2026-09-27 18:58:08.845] [amf_n2] [debug] Getting common S-NSSAIs between gNB and AMF
[2026-09-27 18:58:08.845] [amf_n2] [debug] Common S-NSSAI (SST 0x1, SD FFFFFF)
[2026-09-27 18:58:08.845] [amf_n2] [debug] Common S-NSSAI (SST 1, SD 16777215)
[2026-09-27 18:58:08.845] [amf_n1] [debug] Allowed S-NSSAI (SST 0x1, SD 0xffffff)
[2026-09-27 18:58:08.845] [amf_app] [debug] Random number generated: 3166331067
[2026-09-27 18:58:08.845] [amf_n1] [debug] Allocated GUTI 001010100003166331067 (TMSI 3166331067)
[2026-09-27 18:58:08.845] [nas_mm] [debug] Size of Registration Accept message 49
[2026-09-27 18:58:08.845] [nas] [debug] Encoding RegistrationAccept message
[2026-09-27 18:58:08.845] [nas] [debug] Encoding NasMmPlainHeader
[2026-09-27 18:58:08.845] [nas] [debug] Encoded NasMmPlainHeader (len 3 octets)
[2026-09-27 18:58:08.845] [nas] [debug] Encoding 5GS Registration Result
[2026-09-27 18:58:08.845] [nas] [debug] Encoded 5GS Registration Result, len (2)
[2026-09-27 18:58:08.845] [nas] [debug] Encoding 5GS Mobile Identity
[2026-09-27 18:58:08.845] [nas] [debug] Encoding 5G-GUTI IEI 0x77
[2026-09-27 18:58:08.845] [nas] [debug] MNC digit 1: 0
[2026-09-27 18:58:08.845] [nas] [debug] Encoding MNC 2 digits
[2026-09-27 18:58:08.845] [nas] [debug] MCC 001, MNC 01
[2026-09-27 18:58:08.845] [nas] [debug] Encoded 5G-GUTI IE (len 14 octets)
[2026-09-27 18:58:08.845] [nas] [debug] Encoding 5GS Tracking Area Identity List
[2026-09-27 18:58:08.845] [nas] [debug] MNC digit 1: 0
[2026-09-27 18:58:08.845] [nas] [debug] Encoding MNC 2 digits
[2026-09-27 18:58:08.845] [nas] [debug] MCC 001, MNC 01
[2026-09-27 18:58:08.845] [nas] [debug] Encoded 5GS Tracking Area Identity List, len (9)
[2026-09-27 18:58:08.845] [nas] [debug] IE PLMN List is not available
[2026-09-27 18:58:08.845] [nas] [debug] Encoding NSSAI
[2026-09-27 18:58:08.845] [nas] [debug] Encoded Nssai len (4)
[2026-09-27 18:58:08.845] [nas] [debug] IE Rejected NSSAI is not available
[2026-09-27 18:58:08.845] [nas] [debug] Encoding NSSAI
[2026-09-27 18:58:08.845] [nas] [debug] Encoded Nssai len (4)
[2026-09-27 18:58:08.845] [nas] [debug] Encoding 5GS Network Feature Support
[2026-09-27 18:58:08.845] [nas] [debug] Encoded 5GS Network Feature Support, len (4)
[2026-09-27 18:58:08.845] [nas] [debug] IE PDU Session Status is not available
[2026-09-27 18:58:08.845] [nas] [debug] IE PDU Session Reactivation Result is not available
[2026-09-27 18:58:08.845] [nas] [debug] IE PDU Session Reactivation Result Error Cause is not available
[2026-09-27 18:58:08.845] [nas] [debug] Encoding LADN Information
[2026-09-27 18:58:08.845] [nas] [debug] Encoded LADN Information, len (0)
[2026-09-27 18:58:08.845] [nas] [debug] IE MICO Indication is not available
[2026-09-27 18:58:08.845] [nas] [debug] IE Network Slicing Indication is not available
[2026-09-27 18:58:08.845] [nas] [debug] IE Service Area List is not available
[2026-09-27 18:58:08.845] [nas] [debug] Encoding GPRS Timer 3
[2026-09-27 18:58:08.845] [nas] [debug] Encoded GPRS Timer 3, len (3)
[2026-09-27 18:58:08.845] [nas] [debug] IE GPRS Timer 2 is not available
[2026-09-27 18:58:08.845] [nas] [debug] Encoding GPRS Timer 2
[2026-09-27 18:58:08.845] [nas] [debug] Encoded GPRS Timer 2, len (3)
[2026-09-27 18:58:08.845] [nas] [debug] IE SOR Transparent Container is not available
[2026-09-27 18:58:08.845] [nas] [debug] IE EAP Message is not available
[2026-09-27 18:58:08.845] [nas] [debug] IE NSSAI Inclusion Mode is not available
[2026-09-27 18:58:08.845] [nas] [debug] IE 5GS DRX Parameters is not available
[2026-09-27 18:58:08.845] [nas] [debug] IE Non-3GPP NW Provided Policies is not available
[2026-09-27 18:58:08.845] [nas] [debug] IE EPS Bearer Context Status is not available
[2026-09-27 18:58:08.845] [nas] [debug] IE Extended DRX Parameters is not available
[2026-09-27 18:58:08.845] [nas] [debug] IE GPRS Timer 3 is not available
[2026-09-27 18:58:08.845] [nas] [debug] IE GPRS Timer 3 is not available
[2026-09-27 18:58:08.845] [nas] [debug] IE GPRS Timer 3 is not available
[2026-09-27 18:58:08.845] [nas] [debug] IE UE Radio Capability ID is not available
[2026-09-27 18:58:08.845] [nas] [debug] IE NSSAI is not available
[2026-09-27 18:58:08.845] [nas] [debug] Encoded RegistrationAccept message len (46)
[2026-09-27 18:58:08.845] [common] [debug] [amf_n1]Registration-Accept message buffer
7e 00 42 01 01 77 00 0b f2 00 f1 10 01 00 00 bc ba 60 bb 54 07 00 00 f1 10 00 00 07 15 02 01 01 31 02 01 01 21 02 01 00 5e 01 b6 16 01 0c 
[2026-09-27 18:58:08.845] [amf_n1] [debug] Encoding nas_message_protected...
[2026-09-27 18:58:08.845] [amf_n1] [debug] Cipher protected with EA0_5G
[2026-09-27 18:58:08.845] [common] [debug] [amf_n1]Parameters for NIA: Knas_int
2e 0c 1f 1a dc 6d d2 3b 2b ba ca 61 80 cc 79 91 
[2026-09-27 18:58:08.845] [amf_n1] [debug] Parameters for NIA, count: 0x1
[2026-09-27 18:58:08.846] [amf_n1] [debug] Parameters for NIA, bearer: 0x1
[2026-09-27 18:58:08.846] [amf_n1] [debug] Parameters for NIA, direction: 0x1
[2026-09-27 18:58:08.846] [common] [debug] [amf_n1]Parameters for NIA, message: 
01 7e 00 42 01 01 77 00 0b f2 00 f1 10 01 00 00 bc ba 60 bb 54 07 00 00 f1 10 00 00 07 15 02 01 01 31 02 01 01 21 02 01 00 5e 01 b6 16 01 0c 
[2026-09-27 18:58:08.846] [amf_n1] [debug] Integrity with algorithms: 128-5G-IA1
[2026-09-27 18:58:08.846] [common] [debug] [amf_n1]Result for NIA1, mac: 
78 74 b2 1a 
[2026-09-27 18:58:08.846] [amf_n1] [debug] Result for NIA1, mac32: 0x7874b21a
[2026-09-27 18:58:08.846] [amf_n1] [debug] Derive Kgnb ...
[2026-09-27 18:58:08.846] [common] [debug] [amf_n1]Kamf
6f 38 74 e1 2f 72 34 4f 00 aa 7a 4a c5 bc b1 0f a1 de 1b 96 a7 a4 6b 5d ab 2f 67 a8 62 53 ea cb 
[2026-09-27 18:58:08.846] [amf_n1] [info] UE (IMSI [REDACTED], GUTI 001010100003166331067, current RAN ID 1, current AMF ID 3) has been registered to the network
[2026-09-27 18:58:08.846] [amf_app] [debug] The UE's state (IMSI [REDACTED], State 5GMM-REGISTERED) has been successfully updated!
[2026-09-27 18:58:08.846] [amf_n1] [debug] Set 5GMM state to 5GMM-REGISTERED
[2026-09-27 18:58:08.846] [amf_n2] [info] Received Initial Context Setup Request message, handling
[2026-09-27 18:58:08.846] [amf_n2] [debug] Handle Initial Context Setup Request ...
[2026-09-27 18:58:08.846] [amf_app] [info] 
   |------------------------------------------------------------------------------------------------------------------------------------------------------------|
   |----------------------------------------------------------------------gNBs' Information---------------------------------------------------------------------|
   |  Index |               Status               |              Global Id             |              gNB Name              |                PLMN                |
   |    1   |              Connected             |               0x0E00               |               gNB-OAI              |               001,01               |
   |------------------------------------------------------------------------------------------------------------------------------------------------------------|

   |-----------------------------------------------------------------------------------------------------------------------------------------------------------|
   |---------------------------------------------------------------------UEs' Information----------------------------------------------------------------------|
   |  Index |     5GMM State     |        IMSI        |        GUTI        |   RAN UE NGAP ID   |   AMF UE NGAP ID   |        PLMN        |       Cell Id      |
   |    1   |   5GMM-REGISTERED  |   [REDACTED]  |00101010000316633106|        0x01        |        0x03        |       001,01       |      0000e014e     |
   |-----------------------------------------------------------------------------------------------------------------------------------------------------------|

[2026-09-27 18:58:08.846] [nas_mm] [debug] Set IMEISV InitialContextSetupRequestMsg: 6754567890123413
InitiatingMessage ::= {
    procedureCode: 14
    criticality: 0 (reject)
    value: InitialContextSetupRequest ::= {
        protocolIEs: [2026-09-27 18:58:08.846] [amf_n1] [debug] Signal the UE Location Report Event notification for SUPI imsi-[REDACTED]
ProtocolIE-Container ::= {
            InitialContextSetupRequestIEs ::= {
                id: 10
                criticality: 0 (reject)
                value: 3
            }
            InitialContextSetupRequestIEs ::= {
                id: 85
                criticality: 0 (reject)
                value: 1
            }
            InitialContextSetupRequestIEs ::= {
                id: 28
                criticality: 0 (reject)
                value: GUAMI ::= {
                    pLMNIdentity: [2026-09-27 18:58:08.846] [amf_n1] [debug] Send request to SBI to trigger UE Location Report (SUPI imsi-[REDACTED] )
00 F1 10
                    aMFRegionID: 01
                    aMFSetID: 00 00 (6 bits unused)
                    aMFPointer: 00 (2 bits unused)
                }
            }
            InitialContextSetupRequestIEs ::= {
                id: 0
                criticality: 0 (reject)
                value: AllowedNSSAI ::= {
                    AllowedNSSAI-Item ::= {
                        s-NSSAI: S-NSSAI ::= {
                            sST: 01
                        }
                    }
                }
            }
            InitialContextSetupRequestIEs ::= {
                id: 119
                criticality: 0 (reject)
[2026-09-27 18:58:08.846] [amf_n1] [debug] Signal the UE Registration State Event notification for SUPI imsi-[REDACTED]
                value: UESecurityCapabilities ::= {
                    nRencryptionAlgorithms: C0 00
                    nRintegrityProtectionAlgorithms: C0 00
                    eUTRAencryptionAlgorithms: 00 00
                    eUTRAintegrityProtectionAlgorithms[2026-09-27 18:58:08.846] [amf_n1] [debug] Send request to SBI to trigger UE Registration State Report (SUPI imsi-[REDACTED] )
: [2026-09-27 18:58:08.846] [amf_n1] [debug] Signal the UE Connectivity Status Event notification for SUPI imsi-[REDACTED]
00 00
                }
            }
            InitialContextSetupRequestIEs ::= {
                id: 94
                criticality: 0 (reject)
                value: 
                        0B 26 2D 9B 53 1E F1 E3 58 91 31 27 35 11 B0 69 
                        AF 37 D4 87 DA 7B 6F 4D 3A A0 8B 39 9D 2C CE F1
            }
            InitialContextSetupRequestIEs ::= {
                id: 36
                criticality: 1 (ignore)[2026-09-27 18:58:08.846] [amf_n1] [debug] Send request to SBI to trigger UE Connectivity State Report (SUPI imsi-[REDACTED] )

                value: MobilityRestrictionList ::= {
                    servingPLMN: 00 F1 10
                }
            }
            InitialContextSetupRequestIEs ::= {
                id: 34
                criticality: 1 (ignore)
                value: 76 45 65 87 09 FF FF 31
            }
            InitialContextSetupRequestIEs ::= {
                id: 38
                criticality: 1 (ignore)
                value: 
                    7E 02 78 74 B2 1A 01 7E 00 42 01 01 77 00 0B F2 
                    00 F1 10 01 00 00 BC BA 60 BB 54 07 00 00 F1 10 
                    00 00 07 15 02 01 01 31 02 01 01 21 02 01 00 5E 
                    01 B6 16 01 0C
            }
        }
    }
}
[2026-09-27 18:58:08.846] [ngap] [debug] Encoded size (164)
[2026-09-27 18:58:08.846] [sctp] [debug] [Socket 5, Assoc ID 36] Sending buffer 0x7e8dc40078c0 of 164 bytes on stream 1 with PPID 60
[2026-09-27 18:58:08.846] [sctp] [debug] Successfully sent 164 bytes on stream 1
[2026-09-27 18:58:08.846] [ngap] [debug] Free NGAP Message PDU
[2026-09-27 18:58:08.852] [amf_sbi] [info] Get response with HTTP code: 404
[2026-09-27 18:58:08.852] [amf_sbi] [debug] Get response with body
, {"amfInstanceId":"4042849f-78a0-49bf-9f1a-180c59d6e83a","deregCallbackUri":"10.244.0.150:80/namf-callback/v1v1/imsi-[REDACTED]/deregistration-notification","guami":{"amfId":"010000","plmnId":{"mcc":"001","mnc":"01"}},"initialRegistrationInd":true,"ratType":"NR"} 
[2026-09-27 18:58:08.852] [amf_sbi] [info] Receive AM Policy Association message, handling ...
[2026-09-27 18:58:08.852] [amf_sbi] [debug] Send AM Policy Association to PCF
[2026-09-27 18:58:08.852] [amf_sbi] [info] Send HTTP message to /npcf-am-policy-control/v1/policies
[2026-09-27 18:58:08.852] [amf_sbi] [info] HTTP message Body: {"notificationUri":"10.244.0.150:80/namf-callback/v1v1/imsi-[REDACTED]/PolicyUpdateNotification","supi":"imsi-[REDACTED]","suppFeat":""}
[2026-09-27 18:58:08.852] [amf_sbi] [debug] Send a simple HTTP request
[2026-09-27 18:58:08.852] [amf_sbi] [warning] Cannot get response when calling /npcf-am-policy-control/v1/policies
[2026-09-27 18:58:08.852] [amf_sbi] [info] Get response with HTTP code: 0
[2026-09-27 18:58:08.852] [amf_sbi] [debug] Get response with body
,  
[2026-09-27 18:58:09.013] [sctp] [info] [Assoc_id 36, Socket 5] Received a message (length 38) from port 39521, on stream 1, PPID 60
[2026-09-27 18:58:09.013] [ngap] [debug] Handling SCTP payload from SCTP Server on assoc_id (36), stream_id (1), instreams (2), outstreams (2)
[2026-09-27 18:58:09.013] [ngap] [debug] Decoded NGAP message, procedure code 44, present 1
InitiatingMessage ::= {
    procedureCode: 44
    criticality: 1 (ignore)
    value: UERadioCapabilityInfoIndication ::= {
        protocolIEs: ProtocolIE-Container ::= {
            UERadioCapabilityInfoIndicationIEs ::= {
                id: 10
                criticality: 0 (reject)
                value: 3
            }
            UERadioCapabilityInfoIndicationIEs ::= {
                id: 85
                criticality: 0 (reject)
                value: 1
            }
            UERadioCapabilityInfoIndicationIEs ::= {
                id: 117
                criticality: 1 (ignore)
                value: 00 60 80 A0 00 00 00 00 00 00 00 00 00 00
            }
        }
    }
}
[2026-09-27 18:58:09.014] [ngap] [debug] Sending ITTI UE Radio Capability Indication to TASK_AMF_N2
[2026-09-27 18:58:09.014] [sctp] [info] [Assoc_id 36, Socket 5] Received a message (length 19) from port 39521, on stream 1, PPID 60
[2026-09-27 18:58:09.014] [ngap] [debug] Handling SCTP payload from SCTP Server on assoc_id (36), stream_id (1), instreams (2), outstreams (2)
[2026-09-27 18:58:09.014] [ngap] [debug] Decoded NGAP message, procedure code 14, present 2
SuccessfulOutcome ::= {
    procedureCode: 14
    criticality: 0 (reject)
    value: InitialContextSetupResponse ::= {
        protocolIEs: ProtocolIE-Container ::= {
            InitialContextSetupResponseIEs ::= {
                id: 10
                criticality: 1 (ignore)
                value: 3
            }
            InitialContextSetupResponseIEs ::= {
                id: 85
                criticality: 1 (ignore)
                value: 1
            }
        }
    }
}
[2026-09-27 18:58:09.014] [ngap] [debug] Handling Initial Context Setup Response
[2026-09-27 18:58:09.014] [ngap] [debug] Decode PduSessionResourceSetupResponseList IE error or this IE is not available
[2026-09-27 18:58:09.014] [ngap] [debug] Free NGAP Message PDU
[2026-09-27 18:58:09.014] [amf_n2] [info] Received UE Radio Capability Indication message, handling
[2026-09-27 18:58:09.014] [ngap] [debug] Free NGAP Message PDU
[2026-09-27 18:58:09.075] [sctp] [info] [Assoc_id 36, Socket 5] Received a message (length 53) from port 39521, on stream 1, PPID 60
[2026-09-27 18:58:09.075] [ngap] [debug] Handling SCTP payload from SCTP Server on assoc_id (36), stream_id (1), instreams (2), outstreams (2)
[2026-09-27 18:58:09.075] [ngap] [debug] Decoded NGAP message, procedure code 46, present 1
InitiatingMessage ::= {
    procedureCode: 46
    criticality: 1 (ignore)
    value: UplinkNASTransport ::= {
        protocolIEs: ProtocolIE-Container ::= {
            UplinkNASTransport-IEs ::= {
                id: 10
                criticality: 0 (reject)
                value: 3
            }
            UplinkNASTransport-IEs ::= {
                id: 85
                criticality: 0 (reject)
                value: 1
            }
            UplinkNASTransport-IEs ::= {
                id: 38
                criticality: 0 (reject)
                value: 7E 02 00 BF FA 1E 01 7E 00 43
            }
            UplinkNASTransport-IEs ::= {
                id: 121
                criticality: 1 (ignore)
                value: UserLocationInformationNR ::= {
                    nR-CGI: NR-CGI ::= {
                        pLMNIdentity: 00 F1 10
                        nRCellIdentity: 00 00 E0 14 E0 (4 bits unused)
                    }
                    tAI: TAI ::= {
                        pLMNIdentity: 00 F1 10
                        tAC: 00 00 07
                    }
                }
            }
        }
    }
}
[2026-09-27 18:58:09.075] [ngap] [debug] Sending ITTI Uplink NAS Transport message to TASK_AMF_N2
InitiatingMessage ::= {
    procedureCode: 46
    criticality: 1 (ignore)
    value: UplinkNASTransport ::= {
        protocolIEs: ProtocolIE-Container ::= {
            UplinkNASTransport-IEs ::= {
                id: 10
                criticality: 0 (reject)
                value: 3
            }
            UplinkNASTransport-IEs ::= {
                id: 85
                criticality: 0 (reject)
                value: 1
            }
            UplinkNASTransport-IEs ::= {
                id: 38
                criticality: 0 (reject)
                value: 7E 02 00 BF FA 1E 01 7E 00 43
            }
            UplinkNASTransport-IEs ::= {
                id: 121
                criticality: 1 (ignore)
                value: UserLocationInformationNR ::= {
                    nR-CGI: NR-CGI ::= {
                        pLMNIdentity: 00 F1 10
                        nRCellIdentity: 00 00 E0 14 E0 (4 bits unused)
                    }
                    tAI: TAI ::= {
                        pLMNIdentity: 00 F1 10
                        tAC: 00 00 07
                    }
                }
            }
        }
    }
}
[2026-09-27 18:58:09.075] [ngap] [debug] Received TAC 0x7
[2026-09-27 18:58:09.075] [amf_n2] [info] Received Uplink NAS Transport message, handling
[2026-09-27 18:58:09.075] [amf_n2] [debug] Handle Uplink NAS Transport...
[2026-09-27 18:58:09.075] [ngap] [debug] Free NGAP Message PDU
[2026-09-27 18:58:09.075] [amf_n1] [info] Received UL_NAS_DATA_IND
[2026-09-27 18:58:09.075] [amf_n1] [debug] Serving network name 5G:mnc001.mcc001.3gppnetwork.org
[2026-09-27 18:58:09.075] [amf_n1] [debug] Existing nas_context with amf_ue_ngap_id 3
[2026-09-27 18:58:09.075] [common] [debug] [amf_n1]Received Uplink NAS Message
7e 02 00 bf fa 1e 01 7e 00 43 
[2026-09-27 18:58:09.075] [amf_n1] [debug] Received integrity protected and ciphered NAS message
[2026-09-27 18:58:09.075] [amf_n1] [debug] Received integrity protected with new security context NAS message
[2026-09-27 18:58:09.075] [amf_n1] [debug] Received integrity protected and ciphered with new security context NAS message
[2026-09-27 18:58:09.075] [common] [debug] [amf_n1]Parameters for NIA: Knas_int
2e 0c 1f 1a dc 6d d2 3b 2b ba ca 61 80 cc 79 91 
[2026-09-27 18:58:09.075] [amf_n1] [debug] Uplink count in uplink: 1
[2026-09-27 18:58:09.075] [amf_n1] [debug] Parameters for NIA, count: 0x0
[2026-09-27 18:58:09.075] [amf_n1] [debug] Parameters for NIA, bearer: 0x1
[2026-09-27 18:58:09.075] [amf_n1] [debug] Parameters for NIA, direction: 0x0
[2026-09-27 18:58:09.075] [common] [debug] [amf_n1]Parameters for NIA, message: 
01 7e 00 43 
[2026-09-27 18:58:09.075] [amf_n1] [debug] Integrity with algorithms: 128-5G-IA1
[2026-09-27 18:58:09.075] [common] [debug] [amf_n1]Result for NIA1, mac: 
00 bf fa 1e 
[2026-09-27 18:58:09.075] [amf_n1] [debug] Result for NIA1, mac32: 0xbffa1e
[2026-09-27 18:58:09.075] [amf_n1] [debug] Received mac32 (0xbffa1e) from the message
[2026-09-27 18:58:09.075] [amf_n1] [debug] Integrity matched
[2026-09-27 18:58:09.075] [amf_n1] [debug] nsc.ul_count.overflow 0
[2026-09-27 18:58:09.075] [amf_n1] [debug] Cipher protected with EA0_5G
[2026-09-27 18:58:09.075] [common] [debug] [amf_n1]Decoded Plain Message
7e 00 43 
[2026-09-27 18:58:09.075] [amf_n1] [debug] Received Uplink NAS message...
[2026-09-27 18:58:09.075] [amf_n1] [debug] Received Registration Complete message, handling...
[2026-09-27 18:58:09.075] [amf_n1] [debug] Received Registration Complete message, processing
[2026-09-27 18:58:09.075] [nas] [debug] Decoding RegistrationComplete message
[2026-09-27 18:58:09.075] [nas] [debug] Decoding NasMmPlainHeader
[2026-09-27 18:58:09.076] [nas] [debug] Decoded NasMmPlainHeader len (3 octets)
[2026-09-27 18:58:09.076] [nas] [debug] Decoded_size (3)
[2026-09-27 18:58:09.076] [nas] [debug] First option IEI (0x0)
[2026-09-27 18:58:09.076] [nas] [debug] Decoded RegistrationComplete message (len 3)
[2026-09-27 18:58:09.076] [amf_n1] [debug] Do not sending Configuration Update Command in this version!
[2026-09-27 18:58:09.076] [sctp] [info] [Assoc_id 36, Socket 5] Received a message (length 80) from port 39521, on stream 1, PPID 60
[2026-09-27 18:58:09.076] [ngap] [debug] Handling SCTP payload from SCTP Server on assoc_id (36), stream_id (1), instreams (2), outstreams (2)
[2026-09-27 18:58:09.076] [ngap] [debug] Decoded NGAP message, procedure code 46, present 1
InitiatingMessage ::= {
    procedureCode: 46
    criticality: 1 (ignore)
    value: UplinkNASTransport ::= {
        protocolIEs: ProtocolIE-Container ::= {
            UplinkNASTransport-IEs ::= {
                id: 10
                criticality: 0 (reject)
                value: 3
            }
            UplinkNASTransport-IEs ::= {
                id: 85
                criticality: 0 (reject)
                value: 1
            }
            UplinkNASTransport-IEs ::= {
                id: 38
                criticality: 0 (reject)
                value: 
                    7E 02 AF 81 74 5B 02 7E 00 67 01 00 07 2E 01 01 
                    C1 FF FF 91 12 01 81 22 01 01 25 09 08 6E 69 73 
                    74 2D 64 6E 6E
            }
            UplinkNASTransport-IEs ::= {
                id: 121
                criticality: 1 (ignore)
                value: UserLocationInformationNR ::= {
                    nR-CGI: NR-CGI ::= {
                        pLMNIdentity: 00 F1 10
                        nRCellIdentity: 00 00 E0 14 E0 (4 bits unused)
                    }
                    tAI: TAI ::= {
                        pLMNIdentity: 00 F1 10
                        tAC: 00 00 07
                    }
                }
            }
        }
    }
}
[2026-09-27 18:58:09.076] [ngap] [debug] Sending ITTI Uplink NAS Transport message to TASK_AMF_N2
InitiatingMessage ::= {
    procedureCode: 46
    criticality: 1 (ignore)
    value: UplinkNASTransport ::= {
        protocolIEs: ProtocolIE-Container ::= {
            UplinkNASTransport-IEs ::= {
                id: 10
                criticality: 0 (reject)
                value: 3
            }
            UplinkNASTransport-IEs ::= {
                id: 85
                criticality: 0 (reject)
                value: 1
            }
            UplinkNASTransport-IEs ::= {
                id: 38
                criticality: 0 (reject)
                value: 
                    7E 02 AF 81 74 5B 02 7E 00 67 01 00 07 2E 01 01 
                    C1 FF FF 91 12 01 81 22 01 01 25 09 08 6E 69 73 
                    74 2D 64 6E 6E
            }
            UplinkNASTransport-IEs ::= {
                id: 121
                criticality: 1 (ignore)
                value: UserLocationInformationNR ::= {
                    nR-CGI: NR-CGI ::= {
                        pLMNIdentity: 00 F1 10
                        nRCellIdentity: 00 00 E0 14 E0 (4 bits unused)
                    }
                    tAI: TAI ::= {
                        pLMNIdentity: 00 F1 10
                        tAC: 00 00 07
                    }
                }
            }
        }
    }
}
[2026-09-27 18:58:09.076] [ngap] [debug] Received TAC 0x7
[2026-09-27 18:58:09.076] [amf_n2] [info] Received Uplink NAS Transport message, handling
[2026-09-27 18:58:09.076] [amf_n2] [debug] Handle Uplink NAS Transport...
[2026-09-27 18:58:09.076] [ngap] [debug] Free NGAP Message PDU
[2026-09-27 18:58:09.076] [amf_n1] [info] Received UL_NAS_DATA_IND
[2026-09-27 18:58:09.076] [amf_n1] [debug] Serving network name 5G:mnc001.mcc001.3gppnetwork.org
[2026-09-27 18:58:09.076] [amf_n1] [debug] Existing nas_context with amf_ue_ngap_id 3
[2026-09-27 18:58:09.076] [common] [debug] [amf_n1]Received Uplink NAS Message
7e 02 af 81 74 5b 02 7e 00 67 01 00 07 2e 01 01 c1 ff ff 91 12 01 81 22 01 01 25 09 08 6e 69 73 74 2d 64 6e 6e 
[2026-09-27 18:58:09.076] [amf_n1] [debug] Received integrity protected and ciphered NAS message
[2026-09-27 18:58:09.076] [amf_n1] [debug] Received integrity protected with new security context NAS message
[2026-09-27 18:58:09.076] [amf_n1] [debug] Received integrity protected and ciphered with new security context NAS message
[2026-09-27 18:58:09.076] [common] [debug] [amf_n1]Parameters for NIA: Knas_int
2e 0c 1f 1a dc 6d d2 3b 2b ba ca 61 80 cc 79 91 
[2026-09-27 18:58:09.076] [amf_n1] [debug] Uplink count in uplink: 2
[2026-09-27 18:58:09.076] [amf_n1] [debug] Parameters for NIA, count: 0x1
[2026-09-27 18:58:09.076] [amf_n1] [debug] Parameters for NIA, bearer: 0x1
[2026-09-27 18:58:09.076] [amf_n1] [debug] Parameters for NIA, direction: 0x0
[2026-09-27 18:58:09.076] [common] [debug] [amf_n1]Parameters for NIA, message: 
02 7e 00 67 01 00 07 2e 01 01 c1 ff ff 91 12 01 81 22 01 01 25 09 08 6e 69 73 74 2d 64 6e 6e 
[2026-09-27 18:58:09.076] [amf_n1] [debug] Integrity with algorithms: 128-5G-IA1
[2026-09-27 18:58:09.076] [common] [debug] [amf_n1]Result for NIA1, mac: 
af 81 74 5b 
[2026-09-27 18:58:09.076] [amf_n1] [debug] Result for NIA1, mac32: 0xaf81745b
[2026-09-27 18:58:09.076] [amf_n1] [debug] Received mac32 (0xaf81745b) from the message
[2026-09-27 18:58:09.076] [amf_n1] [debug] Integrity matched
[2026-09-27 18:58:09.076] [amf_n1] [debug] nsc.ul_count.overflow 0
[2026-09-27 18:58:09.077] [amf_n1] [debug] Cipher protected with EA0_5G
[2026-09-27 18:58:09.077] [common] [debug] [amf_n1]Decoded Plain Message
7e 00 67 01 00 07 2e 01 01 c1 ff ff 91 12 01 81 22 01 01 25 09 08 6e 69 73 74 2d 64 6e 6e 
[2026-09-27 18:58:09.077] [amf_n1] [debug] Received Uplink NAS message...
[2026-09-27 18:58:09.077] [amf_n1] [debug] Received UL NAS Transport message, handling...
[2026-09-27 18:58:09.077] [amf_n1] [debug] Handling UL NAS Transport
[2026-09-27 18:58:09.077] [nas] [debug] Decoding UlNasTransport message
[2026-09-27 18:58:09.077] [nas] [debug] Decoding NasMmPlainHeader
[2026-09-27 18:58:09.077] [nas] [debug] Decoded NasMmPlainHeader len (3 octets)
[2026-09-27 18:58:09.077] [nas] [debug] Decoding Payload Container
[2026-09-27 18:58:09.077] [nas] [debug] Decoded_size (13)
[2026-09-27 18:58:09.077] [nas] [debug] First option IEI (0x12)
[2026-09-27 18:58:09.077] [nas] [debug] Decoding IEI 0x12
[2026-09-27 18:58:09.077] [nas] [debug] Decoding PDU Session Identity 2
[2026-09-27 18:58:09.077] [nas] [debug] Decoded value 0x1
[2026-09-27 18:58:09.077] [nas] [debug] Decoded PDU Session Identity 2, len (2)
[2026-09-27 18:58:09.077] [nas] [debug] Next IEI (0x81)
[2026-09-27 18:58:09.077] [nas] [debug] Decoding IEI 0x8
[2026-09-27 18:58:09.077] [nas] [debug] Next IEI (0x22)
[2026-09-27 18:58:09.077] [nas] [debug] Decoding IEI (0x22)
[2026-09-27 18:58:09.077] [nas] [debug] Decoding S-NSSAI
[2026-09-27 18:58:09.077] [nas] [debug] Decoded S-NSSAI SST 0x1
[2026-09-27 18:58:09.077] [nas] [debug] Decoded S-NSSAI, len (3)
[2026-09-27 18:58:09.077] [nas] [debug] Next IEI (0x25)
[2026-09-27 18:58:09.077] [nas] [debug] Decoding IEI (0x25)
[2026-09-27 18:58:09.077] [nas] [debug] Decoding DNN
[2026-09-27 18:58:09.077] [nas] [debug] Decoded value 0x8
[2026-09-27 18:58:09.077] [nas] [debug] Decoded value 0x6e
[2026-09-27 18:58:09.077] [nas] [debug] Decoded value 0x69
[2026-09-27 18:58:09.077] [nas] [debug] Decoded value 0x73
[2026-09-27 18:58:09.077] [nas] [debug] Decoded value 0x74
[2026-09-27 18:58:09.077] [nas] [debug] Decoded value 0x2d
[2026-09-27 18:58:09.077] [nas] [debug] Decoded value 0x64
[2026-09-27 18:58:09.077] [nas] [debug] Decoded value 0x6e
[2026-09-27 18:58:09.077] [nas] [debug] Decoded value 0x6e
[2026-09-27 18:58:09.077] [nas] [debug] Decoded DNN, len (11)
[2026-09-27 18:58:09.077] [nas] [debug] Next IEI (0x0)
[2026-09-27 18:58:09.077] [nas] [debug] Decoded UlNasTransport message len (30)
[2026-09-27 18:58:09.077] [amf_n1] [debug] S_NSSAI for this PDU Session SST 0x1
[2026-09-27 18:58:09.077] [common] [debug] [amf_n1]Decoded DNN Bit String
08 6e 69 73 74 2d 64 6e 6e 
[2026-09-27 18:58:09.077] [amf_sbi] [info] Running ITTI_SMF_PDU_SESSION_CREATE_SM_CTX
[2026-09-27 18:58:09.077] [amf_sbi] [debug] Handle ITTI SMF_PDU_SESSION_CREATE_SM_CTX
[2026-09-27 18:58:09.077] [amf_sbi] [info] Find ue_context in amf_app using UE Context Key: app_ue_ranid_1:amfid_3
[2026-09-27 18:58:09.077] [amf_app] [warning] No PDU Session Context with PDU Session ID 1
[2026-09-27 18:58:09.077] [amf_sbi] [debug] Create a PDU Session Context
[2026-09-27 18:58:09.077] [amf_sbi] [debug] PDU Session Context, NSSAI SST (0x1) SD FFFFFF
[2026-09-27 18:58:09.077] [common] [debug] [amf_sbi]DNN Bit String
08 6e 69 73 74 2d 64 6e 6e 
[2026-09-27 18:58:09.077] [amf_sbi] [debug] Requested DNN: nist-dnn
[2026-09-27 18:58:09.077] [amf_sbi] [debug] NRF NF Discover URI: http://oai-nrf:80/nnrf-disc/v1/nf-instances
[2026-09-27 18:58:09.077] [amf_sbi] [debug] Send NFDiscovery to NRF to discover the available SMFs
[2026-09-27 18:58:09.077] [amf_sbi] [info] Send HTTP message to http://oai-nrf:80/nnrf-disc/v1/nf-instances?target-nf-type=SMF&requester-nf-type=AMF
[2026-09-27 18:58:09.077] [amf_sbi] [info] HTTP message Body: 
[2026-09-27 18:58:09.077] [amf_sbi] [debug] Send a simple HTTP request
[2026-09-27 18:58:09.081] [amf_sbi] [info] Get response with HTTP code (200)
[2026-09-27 18:58:09.081] [amf_sbi] [debug] S-NSSAI [SST- 1, SD -FFFFFF] is matched for SMF profile
[2026-09-27 18:58:09.081] [amf_sbi] [debug] NFDiscovery, SMF Info: Addr 10.244.0.151, Port 80, API Version v1
[2026-09-27 18:58:09.081] [amf_sbi] [debug] Decoded PTI for PDUSessionEstablishmentRequest(0x1)
[2026-09-27 18:58:09.082] [amf_sbi] [debug] Handle PDU Session Establishment Request (SUPI imsi-[REDACTED], PDU Session ID 1)
[2026-09-27 18:58:09.082] [amf_sbi] [debug] SMF's URI: 10.244.0.151:80/nsmf-pdusession/v1/sm-contexts
[2026-09-27 18:58:09.082] [amf_sbi] [debug] Message body {"anType":"3GPP_ACCESS","dnn":"nist-dnn","epsInterworkingInd":"NONE","gpsi":"msisdn-10000000000","guami":{"amfId":"010000","plmnId":{"mcc":"001","mnc":"01"}},"n1SmMsg":{"contentId":"n1SmMsg"},"pduSessionId":1,"pei":"imeisv-8670000000000001","ratType":"NR","requestType":"INITIAL_REQUEST","sNssai":{"sd":"FFFFFF","sst":1},"selMode":"VERIFIED","servingNetwork":{"mcc":"001","mnc":"01"},"servingNfId":"4042849f-78a0-49bf-9f1a-180c59d6e83a","smContextStatusUri":"http://10.244.0.150:80/namf-status-notify/v1/pdu-session-release/callback/imsi-[REDACTED]/1","supi":"imsi-[REDACTED]","ueLocation":{"nrLocation":{"ncgi":{"nrCellId":"0000e014e","plmnId":{"mcc":"001","mnc":"01"}},"tai":{"plmnId":{"mcc":"001","mnc":"01"},"tac":"7"}}}}
[2026-09-27 18:58:09.082] [amf_sbi] [debug] Buffer: 2e0101c1ffff91
[2026-09-27 18:58:09.082] [common] [debug] Input string (14 bytes): 2e0101c1ffff91 
[2026-09-27 18:58:09.082] [common] [debug] Data (formatted):
 2e  01  01  c1  ff  ff  91 
[2026-09-27 18:58:09.082] [amf_sbi] [debug] Send a simple HTTP request
[2026-09-27 18:58:09.085] [common] [debug] Parsing the message with the Simple Parser
[2026-09-27 18:58:09.085] [amf_sbi] [info] JSON part 
[2026-09-27 18:58:09.085] [amf_sbi] [info] Location of the created SMF context: http://10.244.0.151:80/nsmf-pdusession/v1/sm-contexts/3
[2026-09-27 18:58:09.085] [amf_sbi] [warning] Could not get JSON content from the response
[2026-09-27 18:58:09.098] [amf_server] [debug] Received a N1N2MessageTrasfer request with ue_ctx_id imsi-[REDACTED]
[2026-09-27 18:58:09.098] [common] [debug] Parsing the message with the Simple Parser
[2026-09-27 18:58:09.098] [common] [debug] Boundary: ----Boundary
[2026-09-27 18:58:09.098] [common] [debug] Content Type: application/json
[2026-09-27 18:58:09.098] [common] [debug] Content Id: root
[2026-09-27 18:58:09.098] [common] [debug] Body: {"n1MessageContainer":{"n1MessageClass":"SM","n1MessageContent":{"contentId":"n1SmMsg"}},"n1n2FailureTxfNotifURI":"http://10.244.0.151:80/nsmf-pdusession/v1/callback/N1N2MsgTxfrFailureNotification/imsi-[REDACTED]","n2InfoContainer":{"n2InformationClass":"SM","smInfo":{"n2InfoContent":{"ngapData":{"contentId":"n2msg"},"ngapIeType":"PDU_RES_SETUP_REQ"},"pduSessionId":1,"sNssai":{"sd":"ffffff","sst":1}}},"pduSessionId":1}
[2026-09-27 18:58:09.098] [common] [debug] Content Type: application/vnd.3gpp.5gnas
[2026-09-27 18:58:09.098] [common] [debug] Content Id: n1SmMsg
[2026-09-27 18:58:09.098] [common] [debug] Body: .�
[2026-09-27 18:58:09.098] [common] [debug] Content Type: application/vnd.3gpp.ngap
[2026-09-27 18:58:09.098] [common] [debug] Content Id: n2msg
[2026-09-27 18:58:09.098] [common] [debug] Body: 
[2026-09-27 18:58:09.098] [amf_server] [debug] Number of MIME parts 3
[2026-09-27 18:58:09.098] [amf_server] [debug] MIME part: root (size 427 bytes)
[2026-09-27 18:58:09.098] [amf_server] [debug] MIME part: n1SmMsg (size 88 bytes)
[2026-09-27 18:58:09.098] [amf_server] [debug] MIME part: n2msg (size 47 bytes)
[2026-09-27 18:58:09.098] [amf_server] [debug] Receive N1N2MessageTransfer Request, handling...
[2026-09-27 18:58:09.098] [amf_server] [debug] SUPI imsi-[REDACTED]
[2026-09-27 18:58:09.098] [amf_server] [debug] N2InfoContainer is present, handling...
[2026-09-27 18:58:09.098] [amf_server] [debug] N2 Information Class: SM
[2026-09-27 18:58:09.098] [amf_server] [debug] n2_content_id: n2msg
[2026-09-27 18:58:09.098] [amf_server] [debug] NGAP IE Type: PDU_RES_SETUP_REQ
[2026-09-27 18:58:09.098] [amf_server] [debug] Key for PDU Session Context: SUPI (imsi-[REDACTED])
[2026-09-27 18:58:09.098] [common] [debug] Data input
00 00 04 00 82 00 0a 0c 3e 80 00 00 30 3e 80 00 00 00 8b 00 0a 01 f0 ac 1e 17 0a 00 00 00 03 00 86 00 01 00 00 88 00 07 00 01 00 00 09 00 00 
[2026-09-27 18:58:09.098] [amf_app] [debug] Msg hex 0000040082000a0c3e800000303e800000008b000a01f0ac1e170a0000000300860001000088000700010000090000
[2026-09-27 18:58:09.098] [amf_server] [debug] N1MessageContainer is present, handling...
[2026-09-27 18:58:09.098] [amf_server] [debug] Key for PDU Session Context: SUPI (imsi-[REDACTED])
[2026-09-27 18:58:09.098] [amf_server] [debug] N1 Content Id: n1SmMsg
[2026-09-27 18:58:09.098] [common] [debug] Data input
2e 01 01 c2 11 00 09 01 00 06 31 21 01 01 00 01 06 06 03 e8 06 03 e8 29 05 01 0a 01 00 02 22 01 01 81 79 00 06 01 20 41 01 01 09 7b 00 0d 80 00 0d 04 ac 15 03 64 00 10 02 05 dc 25 1b 08 6e 69 73 74 2d 64 6e 6e 05 6d 6e 63 30 31 06 6d 63 63 30 30 31 04 67 70 72 73 
[2026-09-27 18:58:09.098] [amf_app] [debug] Msg hex 2e0101c2110009010006312101010001060603e80603e82905010a010002220101817900060120410101097b000d80000d04ac15036400100205dc251b086e6973742d646e6e056d6e633031066d63633030310467707273
[2026-09-27 18:58:09.098] [common] [debug] [amf_server]Received N1 SM
2e 01 01 c2 11 00 09 01 00 06 31 21 01 01 00 01 06 06 03 e8 06 03 e8 29 05 01 0a 01 00 02 22 01 01 81 79 00 06 01 20 41 01 01 09 7b 00 0d 80 00 0d 04 ac 15 03 64 00 10 02 05 dc 25 1b 08 6e 69 73 74 2d 64 6e 6e 05 6d 6e 63 30 31 06 6d 63 63 30 30 31 04 67 70 72 73 
[2026-09-27 18:58:09.098] [amf_app] [debug] Received N1N2_MESSAGE_TRANSFER_REQ
[2026-09-27 18:58:09.098] [amf_app] [info] Handle ITTI N1N2 Message Transfer Request
[2026-09-27 18:58:09.098] [nas_mm] [debug] Size of DL NAS Transport message 96
[2026-09-27 18:58:09.098] [nas] [debug] Encoding DlNasTransport message
[2026-09-27 18:58:09.098] [nas] [debug] Encoding NasMmPlainHeader
[2026-09-27 18:58:09.098] [nas] [debug] Encoded NasMmPlainHeader (len 3 octets)
[2026-09-27 18:58:09.098] [nas] [debug] Encoded Type1NasIeFormatTv len 0
[2026-09-27 18:58:09.098] [nas] [debug] Encoding Payload Container
[2026-09-27 18:58:09.098] [nas] [debug] Encoded Payload Container, len (90)
[2026-09-27 18:58:09.098] [nas] [debug] Encoding PDU Session Identity 2
[2026-09-27 18:58:09.099] [nas] [debug] Encoded PDU Session Identity 2, len (2)
[2026-09-27 18:58:09.099] [nas] [debug] IE Additional Information is not available
[2026-09-27 18:58:09.099] [nas] [debug] IE 5GMM Cause is not available
[2026-09-27 18:58:09.099] [nas] [debug] IE GPRS Timer 3 is not available
[2026-09-27 18:58:09.099] [nas] [debug] Encoded DlNasTransport message len (96)
[2026-09-27 18:58:09.099] [common] [debug] [amf_app]N1N2 message transfer
7e 00 68 01 00 58 2e 01 01 c2 11 00 09 01 00 06 31 21 01 01 00 01 06 06 03 e8 06 03 e8 29 05 01 0a 01 00 02 22 01 01 81 79 00 06 01 20 41 01 01 09 7b 00 0d 80 00 0d 04 ac 15 03 64 00 10 02 05 dc 25 1b 08 6e 69 73 74 2d 64 6e 6e 05 6d 6e 63 30 31 06 6d 63 63 30 30 31 04 67 70 72 73 12 01 
[2026-09-27 18:58:09.099] [amf_n1] [info] Received DOWNLINK_NAS_TRANSFER
[2026-09-27 18:58:09.099] [amf_n1] [debug] Encoding nas_message_protected...
[2026-09-27 18:58:09.099] [amf_n1] [debug] Cipher protected with EA0_5G
[2026-09-27 18:58:09.099] [common] [debug] [amf_n1]Parameters for NIA: Knas_int
2e 0c 1f 1a dc 6d d2 3b 2b ba ca 61 80 cc 79 91 
[2026-09-27 18:58:09.099] [amf_n1] [debug] Parameters for NIA, count: 0x2
[2026-09-27 18:58:09.099] [amf_n1] [debug] Parameters for NIA, bearer: 0x1
[2026-09-27 18:58:09.099] [amf_n1] [debug] Parameters for NIA, direction: 0x1
[2026-09-27 18:58:09.099] [common] [debug] [amf_n1]Parameters for NIA, message: 
02 7e 00 68 01 00 58 2e 01 01 c2 11 00 09 01 00 06 31 21 01 01 00 01 06 06 03 e8 06 03 e8 29 05 01 0a 01 00 02 22 01 01 81 79 00 06 01 20 41 01 01 09 7b 00 0d 80 00 0d 04 ac 15 03 64 00 10 02 05 dc 25 1b 08 6e 69 73 74 2d 64 6e 6e 05 6d 6e 63 30 31 06 6d 63 63 30 30 31 04 67 70 72 73 12 01 
[2026-09-27 18:58:09.099] [amf_n1] [debug] Integrity with algorithms: 128-5G-IA1
[2026-09-27 18:58:09.099] [common] [debug] [amf_n1]Result for NIA1, mac: 
14 aa 2d 9b 
[2026-09-27 18:58:09.099] [amf_n1] [debug] Result for NIA1, mac32: 0x14aa2d9b
[2026-09-27 18:58:09.099] [amf_n2] [info] Received PDU Session Resource Setup Request message, handling
[2026-09-27 18:58:09.099] [amf_n2] [debug] Handle PDU Session Resource Setup Request ...
[2026-09-27 18:58:09.099] [amf_n2] [debug] SUPI (imsi-[REDACTED])
[2026-09-27 18:58:09.099] [amf_n2] [debug] S_NSSAI (SST, SD) 1, FFFFFF
InitiatingMessage ::= {
    procedureCode: 29
    criticality: 0 (reject)
    value: PDUSessionResourceSetupRequest ::= {
        protocolIEs: ProtocolIE-Container ::= {
            PDUSessionResourceSetupRequestIEs ::= {
                id: 10
                criticality: 0 (reject)
                value: 3
            }
            PDUSessionResourceSetupRequestIEs ::= {
                id: 85
                criticality: 0 (reject)
                value: 1
            }
            PDUSessionResourceSetupRequestIEs ::= {
                id: 74
                criticality: 0 (reject)
                value: PDUSessionResourceSetupListSUReq ::= {
                    PDUSessionResourceSetupItemSUReq ::= {
                        pDUSessionID: 1
                        pDUSessionNAS-PDU: 
                            7E 02 14 AA 2D 9B 02 7E 00 68 01 00 58 2E 01 01 
                            C2 11 00 09 01 00 06 31 21 01 01 00 01 06 06 03 
                            E8 06 03 E8 29 05 01 0A 01 00 02 22 01 01 81 79 
                            00 06 01 20 41 01 01 09 7B 00 0D 80 00 0D 04 AC 
                            15 03 64 00 10 02 05 DC 25 1B 08 6E 69 73 74 2D 
                            64 6E 6E 05 6D 6E 63 30 31 06 6D 63 63 30 30 31 
                            04 67 70 72 73 12 01
                        s-NSSAI: S-NSSAI ::= {
                            sST: 01
                        }
                        pDUSessionResourceSetupRequestTransfer: 
                            00 00 04 00 82 00 0A 0C 3E 80 00 00 30 3E 80 00 
                            00 00 8B 00 0A 01 F0 AC 1E 17 0A 00 00 00 03 00 
                            86 00 01 00 00 88 00 07 00 01 00 00 09 00 00
                    }
                }
            }
            PDUSessionResourceSetupRequestIEs ::= {
                id: 110
                criticality: 1 (ignore)
                value: UEAggregateMaximumBitRate ::= {
                    uEAggregateMaximumBitRateDL: 1000000000
                    uEAggregateMaximumBitRateUL: 1000000000
                }
            }
        }
    }
}
[2026-09-27 18:58:09.099] [ngap] [debug] Encoded message size ( 196 )
[2026-09-27 18:58:09.099] [common] [debug] [amf_n2]N2 SM buffer data:
00 1d 00 80 bf 00 00 04 00 0a 00 02 00 03 00 55 00 02 00 01 00 4a 00 80 9d 00 40 01 67 7e 02 14 aa 2d 9b 02 7e 00 68 01 00 58 2e 01 01 c2 11 00 09 01 00 06 31 21 01 01 00 01 06 06 03 e8 06 03 e8 29 05 01 0a 01 00 02 22 01 01 81 79 00 06 01 20 41 01 01 09 7b 00 0d 80 00 0d 04 ac 15 03 64 00 10 02 05 dc 25 1b 08 6e 69 73 74 2d 64 6e 6e 05 6d 6e 63 30 31 06 6d 63 63 30 30 31 04 67 70 72 73 12 01 00 20 2f 00 00 04 00 82 00 0a 0c 3e 80 00 00 30 3e 80 00 00 00 8b 00 0a 01 f0 ac 1e 17 0a 00 00 00 03 00 86 00 01 00 00 88 00 07 00 01 00 00 09 00 00 00 6e 40 0a 0c 3b 9a ca 00 30 3b 9a ca 00 
[2026-09-27 18:58:09.100] [amf_n2] [debug]  (196 bytes) 

[2026-09-27 18:58:09.100] [sctp] [debug] [Socket 5, Assoc ID 36] Sending buffer 0x7e8dc40078c0 of 196 bytes on stream 1 with PPID 60
[2026-09-27 18:58:09.100] [sctp] [debug] Successfully sent 196 bytes on stream 1
[2026-09-27 18:58:09.100] [ngap] [debug] Free NGAP Message PDU
[2026-09-27 18:58:10.327] [sctp] [info] [Assoc_id 36, Socket 5] Received a message (length 40) from port 39521, on stream 1, PPID 60
[2026-09-27 18:58:10.327] [ngap] [debug] Handling SCTP payload from SCTP Server on assoc_id (36), stream_id (1), instreams (2), outstreams (2)
[2026-09-27 18:58:10.327] [ngap] [debug] Decoded NGAP message, procedure code 29, present 2
SuccessfulOutcome ::= {
    procedureCode: 29
    criticality: 0 (reject)
    value: PDUSessionResourceSetupResponse ::= {
        protocolIEs: ProtocolIE-Container ::= {
            PDUSessionResourceSetupResponseIEs ::= {
                id: 10
                criticality: 1 (ignore)
                value: 3
            }
            PDUSessionResourceSetupResponseIEs ::= {
                id: 85
                criticality: 1 (ignore)
                value: 1
            }
            PDUSessionResourceSetupResponseIEs ::= {
                id: 75
                criticality: 1 (ignore)
                value: PDUSessionResourceSetupListSURes ::= {
                    PDUSessionResourceSetupItemSURes ::= {
                        pDUSessionID: 1
                        pDUSessionResourceSetupResponseTransfer: 00 03 E0 AC 1E 17 14 65 22 52 0D 00 01
                    }
                }
            }
        }
    }
}
[2026-09-27 18:58:10.327] [ngap] [debug] Handle PDU Session Resource Setup Response
[2026-09-27 18:58:10.327] [ngap] [debug] Free NGAP Message PDU
[2026-09-27 18:58:10.327] [amf_sbi] [info] Receive Nsmf_PDUSessionUpdateSMContext, handling ...
[2026-09-27 18:58:10.327] [amf_sbi] [debug] Send PDU Session Update SM Context Request to SMF (SUPI imsi-[REDACTED], PDU Session ID 1)
[2026-09-27 18:58:10.327] [amf_sbi] [debug] smf_info, context location http://10.244.0.151:80/nsmf-pdusession/v1/sm-contexts/3
[2026-09-27 18:58:10.327] [amf_sbi] [debug] SMF URI: http://10.244.0.151:80/nsmf-pdusession/v1/sm-contexts/3/modify
[2026-09-27 18:58:10.327] [amf_sbi] [debug] Buffer: 0003e0ac1e17146522520d0001
[2026-09-27 18:58:10.327] [common] [debug] Input string (26 bytes): 0003e0ac1e17146522520d0001 
[2026-09-27 18:58:10.327] [common] [debug] Data (formatted):
 00  03  e0  ac  1e  17  14  65  22  52  0d  00  01 
[2026-09-27 18:58:10.327] [amf_sbi] [debug] Send a simple HTTP request
[2026-09-27 18:58:10.350] [common] [debug] Parsing the message with the Simple Parser
[2026-09-27 18:58:10.350] [amf_sbi] [info] JSON part 
[2026-09-27 18:58:10.350] [amf_sbi] [warning] Could not get JSON content from the response
[2026-09-27 18:58:13.818] [amf_app] [debug] Send ITTI msg to SBI task to trigger NRF Heartbeat
[2026-09-27 18:58:13.818] [amf_sbi] [info] Receive Update NF Instance Request, handling ...
[2026-09-27 18:58:13.818] [amf_sbi] [debug] Send NF Update to NRF
[2026-09-27 18:58:13.818] [amf_sbi] [info] Send HTTP message to http://oai-nrf:80/nnrf-nfm/v1/nf-instances/4042849f-78a0-49bf-9f1a-180c59d6e83a
[2026-09-27 18:58:13.818] [amf_sbi] [info] HTTP message Body: [{"op":"replace","path":"/nfStatus","value":"REGISTERED"}]
[2026-09-27 18:58:13.818] [amf_sbi] [debug] Send a simple HTTP request
[2026-09-27 18:58:13.821] [amf_sbi] [info] Get response with HTTP code (204)
[2026-09-27 18:58:13.821] [amf_sbi] [info] Could not get JSON content from the response
[2026-09-27 18:58:13.821] [amf_app] [debug] Received SBI_UPDATE_NF_INSTANCE_RESPONSE
[2026-09-27 18:58:13.821] [amf_app] [debug] Handle NF Update response
[2026-09-27 18:58:13.821] [amf_app] [debug] Set a timer to the next Heart-beat (10)
[2026-09-27 18:58:23.402] [amf_app] [info] 
   |------------------------------------------------------------------------------------------------------------------------------------------------------------|
   |----------------------------------------------------------------------gNBs' Information---------------------------------------------------------------------|
   |  Index |               Status               |              Global Id             |              gNB Name              |                PLMN                |
   |    1   |              Connected             |               0x0E00               |               gNB-OAI              |               001,01               |
   |------------------------------------------------------------------------------------------------------------------------------------------------------------|

   |-----------------------------------------------------------------------------------------------------------------------------------------------------------|
   |---------------------------------------------------------------------UEs' Information----------------------------------------------------------------------|
   |  Index |     5GMM State     |        IMSI        |        GUTI        |   RAN UE NGAP ID   |   AMF UE NGAP ID   |        PLMN        |       Cell Id      |
   |    1   |   5GMM-REGISTERED  |   [REDACTED]  |00101010000316633106|        0x01        |        0x03        |       001,01       |      0000e014e     |
   |-----------------------------------------------------------------------------------------------------------------------------------------------------------|

[2026-09-27 18:58:23.821] [amf_app] [debug] Send ITTI msg to SBI task to trigger NRF Heartbeat
[2026-09-27 18:58:23.821] [amf_sbi] [info] Receive Update NF Instance Request, handling ...
[2026-09-27 18:58:23.821] [amf_sbi] [debug] Send NF Update to NRF
[2026-09-27 18:58:23.821] [amf_sbi] [info] Send HTTP message to http://oai-nrf:80/nnrf-nfm/v1/nf-instances/4042849f-78a0-49bf-9f1a-180c59d6e83a
[2026-09-27 18:58:23.821] [amf_sbi] [info] HTTP message Body: [{"op":"replace","path":"/nfStatus","value":"REGISTERED"}]
[2026-09-27 18:58:23.821] [amf_sbi] [debug] Send a simple HTTP request
[2026-09-27 18:58:23.824] [amf_sbi] [info] Get response with HTTP code (204)
[2026-09-27 18:58:23.824] [amf_sbi] [info] Could not get JSON content from the response
[2026-09-27 18:58:23.824] [amf_app] [debug] Received SBI_UPDATE_NF_INSTANCE_RESPONSE
[2026-09-27 18:58:23.824] [amf_app] [debug] Handle NF Update response
[2026-09-27 18:58:23.824] [amf_app] [debug] Set a timer to the next Heart-beat (10)
