CMDLINE: "/opt/oai/bin/nr-softmodem" "-O" "/config/gnb.conf" "--rfsim" "--rfsimulator.[0].serveraddr" "server" "--rfsimulator.[0].options" "chanmod" "--gNBs.[0].min_rxtxtime" "6" 
[UTIL]   running in SA mode (no --phy-test, --do-ra, --nsa option present)
[0m[OPT]    OPT disabled
[0m[HW]     Version: Branch:  Abrev. Hash:  Date: 
[0m[GNB_APP] Initialized RAN Context: RC.nb_nr_inst = 1, RC.nb_nr_macrlc_inst = 1, RC.nb_nr_L1_inst = 1, RC.nb_RU = 1, RC.nb_nr_CC[0] = 1
[0m[NR_PHY] Initializing gNB RAN context: RC.nb_nr_L1_inst = 1 
[0m[NR_PHY] Registered with MAC interface module (0x5c1c6e733010)
[0m[NR_PHY] Initializing NR L1: RC.nb_nr_L1_inst = 1
[0m[NR_PHY] thread cores for L1_RX -1 L1_TX -1
[0m[NR_PHY] TX_AMP = 519 (-36 dBFS)
[0m[PHY]    No prs_config configuration found..!!
[0m[GNB_APP] pdsch_AntennaPorts N1 1 N2 1 XP 1 pusch_AntennaPorts 1
[0m[GNB_APP] minTXRXTIME 6
[0m[GNB_APP] CSI-RS 0, SRS periodic, report type 0 (ssb_rsrp), 256 QAM may be on, delta_MCS off, maxMIMO_Layers -1, HARQ feedback enabled, num DLHARQ:16, num ULHARQ:16
[0m[GNB_APP] No RedCap configuration found
[0m[GNB_APP] No PTRS configuration found
[0m[GNB_APP] sr_ProhibitTimer 0, sr_TransMax 64, sr_ProhibitTimer_v1700 0, t300 400, t301 400, t310 2000, n310 10, t311 3000, n311 1, t319 400
[0m[NR_MAC] Candidates per PDCCH aggregation level on UESS: L1: 0, L2: 2, L4: 0, L8: 0, L16: 0
[0m[RRC]    Read in ServingCellConfigCommon (PhysCellId 0, ABSFREQSSB 641280, DLBand 78, ABSFREQPOINTA 640008, DLBW 106,RACH_TargetReceivedPower -96
[0m[NR_MAC] Computing frequency (nrarfcn 641280 => 3619200 KHz, NR band 78
[0m[RRC]    absoluteFrequencySSB 641280 corresponds to 3619200000 Hz
[0m[NR_MAC] Computing frequency (nrarfcn 640008 => 3600120 KHz, NR band 78
[0m[NR_MAC] PUSCH Target 150 RSSI thresh 0 Failure 10, PUCCH Target 200 RSSI thresh 0 Failure 10
[0m[UTIL]   threadCreate() for MAC_STATS: creating thread with affinity ffffffff, priority 2
[0m[NR_PHY] Copying 0 blacklisted PRB to L1 context
[0m[NR_MAC] Computing frequency (nrarfcn 640008 => 3600120 KHz, NR band 78
[0m[NR_MAC] Computing frequency (nrarfcn 640008 => 3600120 KHz, NR band 78
[0m[NR_MAC] Set TX antenna number to 1, Set RX antenna number to 1 (num ssb 1: 80000000,0)
[0m[NR_MAC] TDD period index = 6, based on the sum of dl_UL_TransmissionPeriodicity from Pattern1 (5.000000 ms) and Pattern2 (0.000000 ms): Total = 5.000000 ms
[0m[NR_MAC] Set TDD configuration period to: 8 DL slots, 3 UL slots, 10 slots per period (NR_TDD_UL_DL_Pattern is 7 DL slots, 2 UL slots, 6 DL symbols, 4 UL symbols)
[0m[NR_MAC] Configured 1 TDD patterns (total slots: pattern1 = 10, pattern2 = 0)
[0m[NR_PHY] Set TDD Period Configuration: 2 periods per frame, 20 slots to be configured (8 DL, 3 UL)
[0m[NR_PHY] TDD period configuration: slot 0 is DOWNLINK
[0m[NR_PHY] TDD period configuration: slot 1 is DOWNLINK
[0m[NR_PHY] TDD period configuration: slot 2 is DOWNLINK
[0m[NR_PHY] TDD period configuration: slot 3 is DOWNLINK
[0m[NR_PHY] TDD period configuration: slot 4 is DOWNLINK
[0m[NR_PHY] TDD period configuration: slot 5 is DOWNLINK
[0m[NR_PHY] TDD period configuration: slot 6 is DOWNLINK
[0m[NR_PHY] TDD period configuration: slot 7 is FLEXIBLE: DDDDDDFFFFUUUU
[0m[NR_PHY] TDD period configuration: slot 8 is UPLINK
[0m[NR_PHY] TDD period configuration: slot 9 is UPLINK
[0m[NR_MAC] Command line parameters for OAI UE: -C 3619200000 -r 106 --numerology 1 --band 78 --ssb 516 
[0m[PHY]    DL frequency 3619200000 Hz, UL frequency 3619200000 Hz: uldl offset 0 Hz
[0m[PHY]    Initializing frame parms for mu 1, N_RB 106, Ncp 0
[0m[PHY]    Init: N_RB_DL 106, first_carrier_offset 1412, nb_prefix_samples 144,nb_prefix_samples0 176, ofdm_symbol_size 2048
[0m[NR_MAC] TDD period index = 6, based on the sum of dl_UL_TransmissionPeriodicity from Pattern1 (5.000000 ms) and Pattern2 (0.000000 ms): Total = 5.000000 ms
[0m[NR_MAC] TDA index 0: start 0 length 13 k2 6
[0m[NR_MAC] TDA index 1: start 0 length 12 k2 6
[0m[NR_MAC] TDA index 2: start 10 length 3 k2 6
[0m[NR_RRC] SIB1 freq: offsetToPointA 86
[0m[GNB_APP] F1AP: gNB idx 0 gNB_DU_id 3584, gNB_DU_name gNB-OAI, TAC 7 MCC/MNC/length 1/1/2 cellID 12345678
[0m[GNB_APP] ngran_DU: Configuring Cell 0 for TDD
[0m[GNB_APP] Configured DU: cell ID 12345678, PCI 0
[0m[GNB_APP] gNB 0: neighbour_list has 0 serving cell(s)
[0m[GNB_APP] SDAP layer is enabled
[0m[GNB_APP] gNB 0 SIB2 config: q_Hyst=0 dB, cellReselPrio=0, q_RxLevMin=-56 dBm, t_ReselectionNR=1 s
[0m[GNB_APP] Parsed IPv4 address for NG AMF: 172.30.22.20
[0m[UTIL]   threadCreate() for TASK_SCTP: creating thread with affinity ffffffff, priority 50
[0m[X2AP]   X2AP is disabled.
[0m[UTIL]   threadCreate() for TASK_NGAP: creating thread with affinity ffffffff, priority 50
[0m[34m[NGAP]   Starting NGAP layer
[0m[UTIL]   threadCreate() for TASK_RRC_GNB: creating thread with affinity ffffffff, priority 50
[0m[NGAP]   Registered new gNB[0] and macro gNB id 3584
[0m[NGAP]   [gNB 0] check the amf registration state
[0m[NR_RRC] Entering main loop of NR_RRC message task
[0m[GTPU]   Configuring GTPu
[0m[GTPU]   SA mode 
[0m[GTPU]   Configuring GTPu address : 172.30.23.20, port : 2152
[0m[GTPU]   Initializing UDP for local address 172.30.23.20 with port 2152
[0m[GTPU]   Created gtpu instance id: 81
[0m[UTIL]   threadCreate() for GTPrx_81: creating thread with affinity ffffffff, priority 50
[0m[32m[NGAP]   Send NGSetupRequest to AMF
[0m[NGAP]   3584 -> 0000e000
[0m[34m[NGAP]   Served GUAMIs for AMF amf (assoc_id=35):
[0m[34m[NGAP]    GUAMI:
[0m[34m[NGAP]      PLMN: MCC=001, MNC=01
[0m[34m[NGAP]      AMF Region ID: 1
[0m[34m[NGAP]      AMF Set ID: 0
[0m[34m[NGAP]      AMF Pointer: 0
[0m[NGAP]   Supported PLMN 0: MCC=001 MNC=01
[0m[NGAP]   Supported slice (PLMN 0): SST=0x01 SD=000
[0m[93m[ITTI]   tried to remove a non existing timer
[0m[NGAP]   reconnected to AMF
[0m[32m[NGAP]   Received NGSetupResponse from AMF
[0m[UTIL]   threadCreate() for TASK_GNB_APP: creating thread with affinity ffffffff, priority 50
[0m[NR_RRC] Accepting new CU-UP ID 3584 name gNB-OAI (assoc_id -1)
[0m[UTIL]   threadCreate() for TASK_GTPV1_U: creating thread with affinity ffffffff, priority 50
[0m[GNB_APP] [gNB 0] Received NGAP_REGISTER_GNB_CNF: associated AMF 1
[0m[NR_RRC] Received F1 Setup Request from gNB_DU 3584 (gNB-OAI) on assoc_id -1
[0m[NR_RRC] Accepting DU 3584 (gNB-OAI) (RRC version 17.3.0)
[0m[NR_RRC] Added cell 12345678 to DU cells array (total cells = 1)
[0m[NR_RRC] DU 3584: Added cell 12345678
[0m[NR_RRC] DU 3584 (gNB-OAI): sending F1 Setup Response
[0m[MAC]    received F1 Setup Response from CU (null)
[0m[MAC]    CU uses RRC version 17.3.0
[0m[MAC]    Clearing the DU's UE states before, if any.
[0m[NR_RRC] cell PLMN 001.01 Cell ID 12345678 is in service
[0m[MAC]    received gNB-DU configuration update acknowledge
[0m[UTIL]   threadCreate() for time source iq samples: creating thread with affinity ffffffff, priority 2
[0m[UTIL]   time manager configuration: [time source: iq_samples] [mode: standalone] [server IP: 127.0.0.1} [server port: 7374] (server IP/port not used)
[0m[PHY]    RU clock source set as internal
[0m[PHY]    number of L1 instances 1, number of RU 1, number of CPU cores 18
[0m[PHY]    Initialized RU proc 0 (,synch_to_ext_device),
[0m[PHY]    RU thread-pool core string -1,-1 (size 2)
[0m[UTIL]   threadCreate() for Tpool0_-1: creating thread with affinity ffffffff, priority 97
[0m[UTIL]   threadCreate() for Tpool1_-1: creating thread with affinity ffffffff, priority 97
[0m[UTIL]   threadCreate() for ru_thread: creating thread with affinity ffffffff, priority 97
[0m[PHY]    Starting RU 0 (,synch_to_ext_device) on cpu 4
[0m[PHY]    Initializing frame parms for mu 1, N_RB 106, Ncp 0
[0m[PHY]    Init: N_RB_DL 106, first_carrier_offset 1412, nb_prefix_samples 144,nb_prefix_samples0 176, ofdm_symbol_size 2048
[0m[PHY]    fp->scs=30000
[0m[PHY]    fp->ofdm_symbol_size=2048
[0m[PHY]    fp->nb_prefix_samples0=176
[0m[PHY]    fp->nb_prefix_samples=144
[0m[PHY]    fp->slots_per_subframe=2
[0m[PHY]    fp->samples_per_subframe_wCP=57344
[0m[PHY]    fp->samples_per_frame_wCP=573440
[0m[PHY]    fp->samples_per_subframe=61440
[0m[PHY]    fp->samples_per_frame=614400
[0m[PHY]    fp->dl_CarrierFreq=3619200000
[0m[PHY]    fp->ul_CarrierFreq=3619200000
[0m[PHY]    fp->Nid_cell=0
[0m[PHY]    fp->first_carrier_offset=1412
[0m[PHY]    fp->ssb_start_subcarrier=0
[0m[PHY]    fp->Ncp=0
[0m[PHY]    fp->N_RB_DL=106
[0m[PHY]    fp->numerology_index=1
[0m[PHY]    fp->ofdm_offset_divisor=8
[0m[PHY]    fp->threequarter_fs=0
[0m[PHY]    fp->sl_CarrierFreq=0
[0m[PHY]    fp->N_RB_SL=0
[0m[NR_PHY] nb_tx_streams 1, nb_rx_streams 1
[0m[PHY]    Setting RF config for N_RB 106, NB_RX 1, NB_TX 1
[0m[PHY]    tune_offset 0 Hz, sample_rate 61440000 Hz
[0m[PHY]    Channel 0: setting tx_gain offset 12, tx_freq 3619200000 Hz
[0m[PHY]    Channel 0: setting rx_gain offset 102, rx_freq 3619200000 Hz
[0m[OCM]    Channel Model (inside of new_channel_desc_scm)=23

[0m[OCM]    [CHANNEL] Getting new channel descriptor, nb_tx 1, nb_rx 1, nb_taps 1, channel_length 1
[0m[OCM]    Model rfsimu_channel_enB0 type AWGN allocated from config file, list modellist_rfsimu_1
[0m[OCM]    Channel Model (inside of new_channel_desc_scm)=23

[0m[OCM]    [CHANNEL] Getting new channel descriptor, nb_tx 1, nb_rx 1, nb_taps 1, channel_length 1
[0m[OCM]    Model rfsimu_channel_enB1 type AWGN allocated from config file, list modellist_rfsimu_1
[0m[OCM]    Channel Model (inside of new_channel_desc_scm)=23

[0m[OCM]    [CHANNEL] Getting new channel descriptor, nb_tx 1, nb_rx 1, nb_taps 1, channel_length 1
[0m[OCM]    Model rfsimu_channel_ue0 type AWGN allocated from config file, list modellist_rfsimu_1
[0m[OCM]    Channel Model (inside of new_channel_desc_scm)=23

[0m[OCM]    [CHANNEL] Getting new channel descriptor, nb_tx 1, nb_rx 1, nb_taps 1, channel_length 1
[0m[OCM]    Model rfsimu_channel_du1 type AWGN allocated from config file, list modellist_rfsimu_1
[0m[OCM]    Channel Model (inside of new_channel_desc_scm)=23

[0m[OCM]    [CHANNEL] Getting new channel descriptor, nb_tx 1, nb_rx 1, nb_taps 1, channel_length 1
[0m[OCM]    Model rfsimu_channel_du2 type AWGN allocated from config file, list modellist_rfsimu_1
[0m[OCM]    Channel Model (inside of new_channel_desc_scm)=23

[0m[OCM]    [CHANNEL] Getting new channel descriptor, nb_tx 1, nb_rx 1, nb_taps 1, channel_length 1
[0m[OCM]    Model rfsimu_channel_du3 type AWGN allocated from config file, list modellist_rfsimu_1
[0m[HW]     Running as server waiting opposite rfsimulators to connect
[0m[HW]     [RAU] has loaded RFSIMULATOR device.
[0m[PHY]    RU 0 Setting N_TA_offset to 800 samples (UL Freq 3600120, N_RB 106, mu 1)
[0m[PHY]    Signaling main thread that RU 0 is ready, sl_ahead 6
[0m[PHY]    L1 configured without analog beamforming
[0m[PHY]    Attaching RU 0 antenna 0 to gNB antenna 0
[0m[UTIL]   threadCreate() for Tpool0_-1: creating thread with affinity ffffffff, priority 97
[0m[UTIL]   threadCreate() for Tpool1_-1: creating thread with affinity ffffffff, priority 97
[0m[UTIL]   threadCreate() for Tpool2_-1: creating thread with affinity ffffffff, priority 97
[0m[UTIL]   threadCreate() for Tpool3_-1: creating thread with affinity ffffffff, priority 97
[0m[UTIL]   threadCreate() for Tpool4_-1: creating thread with affinity ffffffff, priority 97
[0m[UTIL]   threadCreate() for Tpool5_-1: creating thread with affinity ffffffff, priority 97
[0m[UTIL]   threadCreate() for Tpool6_-1: creating thread with affinity ffffffff, priority 97
[0m[UTIL]   threadCreate() for Tpool7_-1: creating thread with affinity ffffffff, priority 97
[0m[UTIL]   threadCreate() for L1_rx_thread: creating thread with affinity ffffffff, priority 97
[0m[UTIL]   threadCreate() for L1_tx_thread: creating thread with affinity ffffffff, priority 97
[0m[UTIL]   threadCreate() for L1_stats: creating thread with affinity ffffffff, priority 1
[0m[PHY]    got sync (ru_thread)
[0m[PHY]    got sync (L1_stats_thread)
[0m[CONFIG] function config_libconfig_init returned 0
After RCconfig_NR_E2agent /opt/oai/sm/ 172.30.27.10 
[E2 NODE]: mcc = 1 mnc = 1 mnc_digit = 2 nb_id = 3584 
[E2 NODE]: Args 172.30.27.10 /opt/oai/sm/ 
[E2 AGENT]: nearRT-RIC IP Address = 172.30.27.10, PORT = 36421, RAN type = ngran_gNB, nb_id = 3584
[E2 AGENT]: Initializing ... 
[E2 AGENT]: Opening plugin from path = /opt/oai/sm/librlc_sm.so 
[E2 AGENT]: Opening plugin from path = /opt/oai/sm/libmac_sm.so 
[E2 AGENT]: Opening plugin from path = /opt/oai/sm/librc_sm.so 
[E2 AGENT]: Opening plugin from path = /opt/oai/sm/libpdcp_sm.so 
[E2 AGENT]: Opening plugin from path = /opt/oai/sm/libslice_sm.so 
[E2 AGENT]: Opening plugin from path = /opt/oai/sm/libkpm_sm.so 
[E2 AGENT]: Opening plugin from path = /opt/oai/sm/libtc_sm.so 
[E2 AGENT]: Opening plugin from path = /opt/oai/sm/libgtp_sm.so 
[E2-AGENT]: E2 SETUP-REQUEST tx 
[E2-AGENT]: E2 SETUP RESPONSE rx
[E2-AGENT]: Transaction ID E2 SETUP-REQUEST 0 E2 SETUP-RESPONSE 0 
AWGN: ricean_factor 0.000000
AWGN: ricean_factor 0.000000
AWGN: ricean_factor 0.000000
AWGN: ricean_factor 0.000000
AWGN: ricean_factor 0.000000
AWGN: ricean_factor 0.000000
Initializing random number generator, seed 12923448958008645347
TYPE <CTRL-C> TO TERMINATE
[PHY]    RU 0 rf device ready
[0m[PHY]    RU 0 RF started cpu_meas_enabled 0
[0m[HW]     No connected device, generating void samples...
[0m[32m[PHY]    Command line parameters for OAI UE: -C 3619200000 -r 106 --numerology 1 --ssb 516 
[0m[NR_MAC] Frame.Slot 128.0

[0m[NR_MAC] Frame.Slot 256.0

[0m[NR_MAC] Frame.Slot 384.0

[0m[NR_MAC] Frame.Slot 512.0

[0m[NR_MAC] Frame.Slot 640.0

[0m[NR_MAC] Frame.Slot 768.0

[0m[HW]     Random channel rfsimu_channel_ue0 in rfsimulator activated
[0m[HW]     Client connects from ::ffff:10.244.0.155:16068
[0m[32m[HW]     RFsim: Number of antennas changed from 0 to 1
[0m[32m[NR_PHY] [RAPROC] 857.19 Initiating RA procedure with preamble 38, energy 19.7 dB (I0 0, thres 120), delay 0 start symbol 0 freq index 0
[0m[32m[NR_PHY] [RAPROC] 857.19 Initiating RA procedure with preamble 37, energy 20.3 dB (I0 23, thres 120), delay 27 start symbol 4 freq index 0
[0m[32m[NR_PHY] [RAPROC] 857.19 Initiating RA procedure with preamble 49, energy 17.4 dB (I0 44, thres 120), delay 20 start symbol 8 freq index 0
[0m[32m[NR_MAC] 857.19 UE RA-RNTI 010b TC-RNTI 0d2f: initiating RA procedure
[0m[NR_MAC] UE 0d2f: Sync beam index 0
[0m[32m[NR_MAC] 857.19 UE RA-RNTI 010f TC-RNTI a115: initiating RA procedure
[0m[NR_MAC] UE a115: Sync beam index 0
[0m[32m[NR_MAC] 857.19 UE RA-RNTI 0113 TC-RNTI 8368: initiating RA procedure
[0m[NR_MAC] UE 8368: Sync beam index 0
[0m[NR_MAC] UE 0d2f: Msg3 scheduled at 858.19 (858.10 TDA 0) start 0 RBs 8
[0m[32m[NR_MAC] UE 0d2f: 858.10 Generating RA-Msg2 DCI, RA RNTI 0x10b, state 1, preamble_index(RAPID) 38, timing_offset = 0 (estimated distance 0.0 [m])
[0m[NR_MAC] UE a115: Msg3 scheduled at 858.19 (858.10 TDA 0) start 8 RBs 8
[0m[32m[NR_MAC] UE a115: 858.10 Generating RA-Msg2 DCI, RA RNTI 0x10f, state 1, preamble_index(RAPID) 37, timing_offset = 27 (estimated distance 1054.7 [m])
[0m[93m[NR_MAC] UE 8368: 858.10 cannot find free CCE for Msg2!
[0m[93m[NR_MAC] exceeded RA window: preamble at 857.19 now 859.0 (diff 21), ra_ResponseWindow 5/20 slots
[0m[1;31m[NR_MAC] sfn: 859.0 UE RA-RNTI 0113 TC-RNTI 8368: exceeded RA window, cannot schedule Msg2
[0m[NR_MAC] Remove NR rnti 0x8368
[0m[NR_MAC]  85912: RA RNTI 0d2f CC_id 0 Scheduling retransmission of Msg3 in (859,18)
[0m[NR_MAC]  85912: RA RNTI a115 CC_id 0 Scheduling retransmission of Msg3 in (859,18)
[0m[32m[NR_PHY] [RAPROC] 859.19 Initiating RA procedure with preamble 16, energy 19.7 dB (I0 59, thres 120), delay 1 start symbol 0 freq index 0
[0m[32m[NR_MAC] 859.19 UE RA-RNTI 010b TC-RNTI 2a74: initiating RA procedure
[0m[NR_MAC] UE 2a74: Sync beam index 0
[0m[NR_MAC] UE 2a74: Msg3 scheduled at 860.19 (860.10 TDA 0) start 0 RBs 8
[0m[32m[NR_MAC] UE 2a74: 860.10 Generating RA-Msg2 DCI, RA RNTI 0x10b, state 1, preamble_index(RAPID) 16, timing_offset = 1 (estimated distance 39.1 [m])
[0m[NR_MAC]  86012: RA RNTI 0d2f CC_id 0 Scheduling retransmission of Msg3 in (860,18)
[0m[NR_MAC]  86012: RA RNTI a115 CC_id 0 Scheduling retransmission of Msg3 in (860,18)
[0m[NR_MAC]  86112: RA RNTI 0d2f CC_id 0 Scheduling retransmission of Msg3 in (861,18)
[0m[NR_MAC]  86112: RA RNTI a115 CC_id 0 Scheduling retransmission of Msg3 in (861,18)
[0m[NR_MAC]  86112: RA RNTI 2a74 CC_id 0 Scheduling retransmission of Msg3 in (861,18)
[0m[1;31m[NR_MAC] UE 2a74 cannot find free CCE!
[0m[NR_MAC]  86113: RA RNTI 2a74 CC_id 0 Scheduling retransmission of Msg3 in (861,19)
[0m[93m[NR_MAC] UE 0d2f RA failed at state WAIT_Msg3 (Reached msg3 max harq rounds)
[0m[NR_MAC] Remove NR rnti 0x0d2f
[0m[93m[NR_MAC] UE a115 RA failed at state WAIT_Msg3 (Reached msg3 max harq rounds)
[0m[NR_MAC] Remove NR rnti 0xa115
[0m[NR_MAC]  86212: RA RNTI 2a74 CC_id 0 Scheduling retransmission of Msg3 in (862,18)
[0m[NR_MAC]  86312: RA RNTI 2a74 CC_id 0 Scheduling retransmission of Msg3 in (863,18)
[0m[93m[NR_MAC] UE 2a74 RA failed at state WAIT_Msg3 (Reached msg3 max harq rounds)
[0m[NR_MAC] Remove NR rnti 0x2a74
[0m[NR_MAC] Frame.Slot 896.0

[0m[32m[NR_PHY] [RAPROC] 981.19 Initiating RA procedure with preamble 17, energy 43.0 dB (I0 188, thres 120), delay 0 start symbol 4 freq index 0
[0m[32m[NR_MAC] 981.19 UE RA-RNTI 010f TC-RNTI 2362: initiating RA procedure
[0m[NR_MAC] UE 2362: Sync beam index 0
[0m[NR_MAC] UE 2362: Msg3 scheduled at 982.19 (982.10 TDA 0) start 0 RBs 8
[0m[32m[NR_MAC] UE 2362: 982.10 Generating RA-Msg2 DCI, RA RNTI 0x10f, state 1, preamble_index(RAPID) 17, timing_offset = 0 (estimated distance 0.0 [m])
[0m[32m[NR_MAC]  982.19 PUSCH with TC_RNTI 0x2362 received correctly
[0m[MAC]    [RAPROC] Received SDU for CCCH length 6 for UE 2362
[0m[RLC]    Activated srb0 for UE 9058
[0m[NR_RRC] SRS configured with 1 ports
[0m[RLC]    Added srb 1 to UE 9058
[0m[NR_MAC] Activating scheduling Msg4 for TC_RNTI 0x2362 (state WAIT_Msg3)
[0m[NR_RRC] Decoding CCCH: RNTI 2362, payload_size 6
[0m[32m[NR_RRC] [--] (cellID 0, UE ID 1 RNTI 2362) Create UE context: CU UE ID 1 DU UE ID 9058 (rnti: 2362, random ue id 3e07e8ab86000000)
[0m[NR_RRC] Adding new PCell (cell 12345678, assoc_id -1)
[0m[RRC]    activate SRB 1 of UE 1
[0m[32m[NR_RRC] [DL] (cellID bc614e, UE ID 1 RNTI 2362) Send RRC Setup
[0m[NR_MAC] UE 2362 Generate Msg4: feedback at  983.17, payload 157 bytes, next state nrRA_WAIT_Msg4_MsgB_ACK
[0m[32m[NR_MAC]  983.17 UE 2362: Received Ack of Msg4. CBRA procedure succeeded (UE Connected)
[0m[NR_MAC] Adding new UE context with RNTI 0x2362
[0m[32m[NR_RRC] [UL] (cellID bc614e, UE ID 1 RNTI 2362) Received RRCSetupComplete (RRC_CONNECTED reached)
[0m[NGAP]   Selected PLMN in the NG Initial UE Message: MCC=001 MNC=01
[0m[NGAP]   UE 1: Selected AMF 'amf' (assoc_id 35) through selected PLMN MCC=001 MNC=01
[0m[NGAP]   Create UE context (ID 1) for AMF 'amf' (assoc_id 35)
[0m[32m[NR_RRC] [DL] (cellID bc614e, UE ID 1 RNTI 2362) Send DL Information Transfer [42 bytes]
[0m[32m[NR_RRC] [UL] (cellID bc614e, UE ID 1 RNTI 2362) Received RRC UL Information Transfer [24 bytes]
[0m[32m[NR_RRC] [DL] (cellID bc614e, UE ID 1 RNTI 2362) Send DL Information Transfer [21 bytes]
[0m[32m[NR_RRC] [UL] (cellID bc614e, UE ID 1 RNTI 2362) Received RRC UL Information Transfer [60 bytes]
[0m[34m[NGAP]   NGAP_FIND_PROTOCOLIE_BY_ID ie is NULL (searching for ie: 110)
[0m[34m[NGAP]   NGAP_FIND_PROTOCOLIE_BY_ID ie is NULL (searching for ie: 71)
[0m[34m[NGAP]   AllowedNSSAI.list.count 1
[0m[NGAP]   Initial Context Setup UE RAN ID 1 UE AMF ID 1: 0 PDU session(s)
[0m[32m[NR_RRC] [--] (cellID bc614e, UE ID 1 RNTI 2362) Selected security algorithms: ciphering 0, integrity 2
[0m[NR_RRC] [UE 2362] Saved security key A6
[0m[NR_RRC] UE 1 Logical Channel DL-DCCH, Generate SecurityModeCommand (bytes 3)
[0m[32m[NR_RRC] [UL] (cellID bc614e, UE ID 1 RNTI 2362) Received Security Mode Complete
[0m[NR_RRC] UE 1: Logical Channel DL-DCCH, Generate NR UECapabilityEnquiry (bytes 8, xid 1)
[0m[32m[NR_RRC] [UL] (cellID bc614e, UE ID 1 RNTI 2362) Received UE capabilities
[0m[NR_RRC] Send message to ngap: NGAP_UE_CAPABILITIES_IND
[0m[32m[NR_RRC] [DL] (cellID bc614e, UE ID 1 RNTI 2362) Send DL Information Transfer [53 bytes]
[0m[NR_RRC] Send message to sctp: NGAP_InitialContextSetupResponse
[0m[32m[NR_RRC] [UL] (cellID bc614e, UE ID 1 RNTI 2362) Received RRC UL Information Transfer [13 bytes]
[0m[32m[NR_RRC] [UL] (cellID bc614e, UE ID 1 RNTI 2362) Received RRC UL Information Transfer [40 bytes]
[0m[NGAP]   PDUSESSIONSetup initiating message
[0m[NR_RRC] UE 1: received PDU Session Resource Setup Request
[0m[NR_RRC] UE 1: added QoS flow with QFI=1, total number of QoS flows = 1
[0m[NR_RRC] Added PDU Session 1, (total nb of sessions = 1)
[0m[NR_RRC] UE 1: created new DRB 1 for QFI 1 (5QI 9)
[0m[NR_RRC] UE 1: assigned DRB 1 to QFI 1 (5QI 9) in PDU session 1
[0m[NR_RRC] PDU Session to Setup: PDU Session ID=1, incoming TEID=0x00000001, Addr=172.30.23.10
[0m[32m[NR_RRC] [--] (cellID bc614e, UE ID 1 RNTI 2362) selecting CU-UP ID 3584 based on exact NSSAI match (1:0xffffff)
[0m[RRC]    UE 1 associating to CU-UP assoc_id -1 out of 1 CU-UPs
[0m[E1AP]   UE 1: set up PDU session ID 1 (1 bearers)
[0m[SDAP]   Default DRB for the created SDAP entity: DRB 1 
[0m[PDCP]   Added DRB 1 to UE ID 1
[0m[GTPU]   N3 GTP-U tunnel: PDUSession=1/UL TEID=0x00000001
[0m[GTPU]   [81] UE ID 1: Create tunnel TEID incoming 0xac41fe09 outgoing 0x1 to remote IPv4 172.30.23.10, IPv6 ::, port 2152
[0m[RRC]    activate SRB 2 of UE 1
[0m[RLC]    Added srb 2 to UE 9058
[0m[RLC]    Added drb 1 to UE 9058
[0m[RLC]    Added DRB to UE 9058
[0m[NR_RRC] SRS configured with 1 ports
[0m[RRC]    UE 1 trigger UE context setup request with 1 DRBs
[0m[E1AP]   UE 1: updating PDU session ID 1 (0 setup, 1 modify bearers)
[0m[PDCP]   DRB 1 re-established
[0m[NR_RRC] PDU Session New: status to ESTABLISH for PDU Session 1 
[0m[32m[NR_RRC] [DL] (cellID bc614e, UE ID 1 RNTI 2362) Generate RRCReconfiguration (bytes 319, xid 3)
[0m[NR_RRC] Received E1AP Bearer Context Modification Response for UE CU-CP ID 1
[0m[RRC]    UE 1: PDU session ID 1 modified 1 bearers, setup 0 bearers
[0m[93m[NR_MAC] Received ACK for RRCReconfiguration, but nothing to apply!
[0m[NR_MAC] Frame.Slot 0.0
UE RNTI 2362 CU-UE-ID 1 in-sync PH 61 dB PCMAX 20 dBm, average RSRP -43 (4 meas)
UE 2362: UL-RI 1, TPMI 0
UE 2362: dlsch_rounds 18/0/0/0, dlsch_errors 0, pucch0_DTX 0 (SNR 21.7+1.7 dB), BLER 0.07290 MCS (0) 0 CCE fail 0, goodput 0.02 Mbps
UE 2362: ulsch_rounds 45/0/0/0, ulsch_errors 0, ulsch_DTX 0, BLER 0.07290 MCS (0) 0 (Qm 2 deltaMCS 0 dB) NPRB 5 SNR 16.7 (+1.7) dB CCE fail 0, goodput 0.01 Mbps
UE 2362: LCID 1: TX           1518 RX            269 bytes
UE 2362: LCID 2: TX              0 RX              0 bytes
UE 2362: LCID 4: TX              0 RX              0 bytes

[0m[1;31m[RLC]    max RETX reached on SRB 1
[0m[93m[RLC]    UE 2362: RLF detected, but no callable RLF handler registered
[0m[32m[NR_RRC] [UL] (cellID bc614e, UE ID 1 RNTI 2362) Received RRCReconfigurationComplete
[0m[NR_RRC] PDU Session Setup: ID=1, outgoing TEID=0xac41fe09, Addr=172.30.23.20
[0m[NR_RRC] NGAP_PDUSESSION_SETUP_RESP: sending the message
[0m[34m[NGAP]   Encoded PDU Session Transfer (1): TEID=0xac41fe09, Addr=172.30.23.20
[0m[NR_MAC] DU received confirmation of successful RRC Reconfiguration
[0m[NR_MAC] Frame.Slot 128.0
UE RNTI 2362 CU-UE-ID 1 in-sync PH 48 dB PCMAX 20 dBm, average RSRP -43 (16 meas)
UE 2362: UL-RI 1, TPMI 0
UE 2362: dlsch_rounds 33/0/0/0, dlsch_errors 0, pucch0_DTX 0 (SNR 21.1+1.1 dB), BLER 0.04305 MCS (0) 0 CCE fail 6, goodput 0.01 Mbps
UE 2362: ulsch_rounds 91/0/0/0, ulsch_errors 0, ulsch_DTX 0, BLER 0.01853 MCS (0) 0 (Qm 2 deltaMCS 0 dB) NPRB 5 SNR 16.7 (+1.7) dB CCE fail 0, goodput 0.00 Mbps
UE 2362: LCID 1: TX           3507 RX            286 bytes
UE 2362: LCID 2: TX              0 RX              0 bytes
UE 2362: LCID 4: TX              3 RX             60 bytes

[0m[NR_MAC] Frame.Slot 256.0
UE RNTI 2362 CU-UE-ID 1 in-sync PH 48 dB PCMAX 20 dBm, average RSRP -43 (16 meas)
UE 2362: UL-RI 1, TPMI 0
UE 2362: dlsch_rounds 35/0/0/0, dlsch_errors 0, pucch0_DTX 0 (SNR 21.1+1.1 dB), BLER 0.03487 MCS (0) 0 CCE fail 6, goodput 0.00 Mbps
UE 2362: ulsch_rounds 109/0/0/0, ulsch_errors 0, ulsch_DTX 0, BLER 0.00523 MCS (0) 0 (Qm 2 deltaMCS 0 dB) NPRB 5 SNR 17.1 (+2.1) dB CCE fail 0, goodput 0.00 Mbps
UE 2362: LCID 1: TX           3507 RX            286 bytes
UE 2362: LCID 2: TX              0 RX              0 bytes
UE 2362: LCID 4: TX              6 RX            115 bytes

[0m[NR_MAC] Frame.Slot 384.0
UE RNTI 2362 CU-UE-ID 1 in-sync PH 48 dB PCMAX 20 dBm, average RSRP -43 (16 meas)
UE 2362: UL-RI 1, TPMI 0
UE 2362: dlsch_rounds 37/0/0/0, dlsch_errors 0, pucch0_DTX 0 (SNR 21.3+1.3 dB), BLER 0.02824 MCS (0) 0 CCE fail 6, goodput 0.00 Mbps
UE 2362: ulsch_rounds 122/0/0/0, ulsch_errors 0, ulsch_DTX 0, BLER 0.00133 MCS (0) 0 (Qm 2 deltaMCS 0 dB) NPRB 5 SNR 16.2 (+1.2) dB CCE fail 0, goodput 0.00 Mbps
UE 2362: LCID 1: TX           3507 RX            286 bytes
UE 2362: LCID 2: TX              0 RX              0 bytes
UE 2362: LCID 4: TX              6 RX            115 bytes

[0m[NR_MAC] Frame.Slot 512.0
UE RNTI 2362 CU-UE-ID 1 in-sync PH 48 dB PCMAX 20 dBm, average RSRP -43 (16 meas)
UE 2362: UL-RI 1, TPMI 0
UE 2362: dlsch_rounds 38/0/0/0, dlsch_errors 0, pucch0_DTX 0 (SNR 21.3+1.3 dB), BLER 0.02542 MCS (0) 0 CCE fail 6, goodput 0.00 Mbps
UE 2362: ulsch_rounds 135/0/0/0, ulsch_errors 0, ulsch_DTX 0, BLER 0.00034 MCS (0) 0 (Qm 2 deltaMCS 0 dB) NPRB 5 SNR 16.4 (+1.4) dB CCE fail 0, goodput 0.00 Mbps
UE 2362: LCID 1: TX           3507 RX            286 bytes
UE 2362: LCID 2: TX              0 RX              0 bytes
UE 2362: LCID 4: TX              6 RX            115 bytes

[0m[NR_MAC] Frame.Slot 640.0
UE RNTI 2362 CU-UE-ID 1 in-sync PH 48 dB PCMAX 20 dBm, average RSRP -43 (16 meas)
UE 2362: UL-RI 1, TPMI 0
UE 2362: dlsch_rounds 40/0/0/0, dlsch_errors 0, pucch0_DTX 0 (SNR 21.4+1.4 dB), BLER 0.02059 MCS (0) 0 CCE fail 6, goodput 0.00 Mbps
UE 2362: ulsch_rounds 153/0/0/0, ulsch_errors 0, ulsch_DTX 0, BLER 0.00010 MCS (0) 0 (Qm 2 deltaMCS 0 dB) NPRB 5 SNR 16.8 (+1.8) dB CCE fail 0, goodput 0.00 Mbps
UE 2362: LCID 1: TX           3507 RX            286 bytes
UE 2362: LCID 2: TX              0 RX              0 bytes
UE 2362: LCID 4: TX              9 RX            170 bytes

[0m[NR_MAC] Frame.Slot 768.0
UE RNTI 2362 CU-UE-ID 1 in-sync PH 48 dB PCMAX 20 dBm, average RSRP -43 (16 meas)
UE 2362: UL-RI 1, TPMI 0
UE 2362: dlsch_rounds 42/0/0/0, dlsch_errors 0, pucch0_DTX 0 (SNR 21.6+1.6 dB), BLER 0.01668 MCS (0) 0 CCE fail 6, goodput 0.00 Mbps
UE 2362: ulsch_rounds 166/0/0/0, ulsch_errors 0, ulsch_DTX 0, BLER 0.00002 MCS (0) 0 (Qm 2 deltaMCS 0 dB) NPRB 5 SNR 17.0 (+2.0) dB CCE fail 0, goodput 0.00 Mbps
UE 2362: LCID 1: TX           3507 RX            286 bytes
UE 2362: LCID 2: TX              0 RX              0 bytes
UE 2362: LCID 4: TX              9 RX            170 bytes

[0m[NR_MAC] Frame.Slot 896.0
UE RNTI 2362 CU-UE-ID 1 in-sync PH 48 dB PCMAX 20 dBm, average RSRP -43 (16 meas)
UE 2362: UL-RI 1, TPMI 0
UE 2362: dlsch_rounds 43/0/0/0, dlsch_errors 0, pucch0_DTX 0 (SNR 21.6+1.6 dB), BLER 0.01501 MCS (0) 0 CCE fail 6, goodput 0.00 Mbps
UE 2362: ulsch_rounds 179/0/0/0, ulsch_errors 0, ulsch_DTX 0, BLER 0.00001 MCS (0) 0 (Qm 2 deltaMCS 0 dB) NPRB 5 SNR 16.1 (+1.1) dB CCE fail 0, goodput 0.00 Mbps
UE 2362: LCID 1: TX           3507 RX            286 bytes
UE 2362: LCID 2: TX              0 RX              0 bytes
UE 2362: LCID 4: TX              9 RX            170 bytes

[0m[NR_MAC] Frame.Slot 0.0
UE RNTI 2362 CU-UE-ID 1 in-sync PH 48 dB PCMAX 20 dBm, average RSRP -43 (16 meas)
UE 2362: UL-RI 1, TPMI 0
UE 2362: dlsch_rounds 44/0/0/0, dlsch_errors 0, pucch0_DTX 0 (SNR 21.7+1.7 dB), BLER 0.01351 MCS (0) 0 CCE fail 6, goodput 0.00 Mbps
UE 2362: ulsch_rounds 191/0/0/0, ulsch_errors 0, ulsch_DTX 0, BLER 0.00000 MCS (0) 0 (Qm 2 deltaMCS 0 dB) NPRB 5 SNR 16.2 (+1.2) dB CCE fail 0, goodput 0.00 Mbps
UE 2362: LCID 1: TX           3507 RX            286 bytes
UE 2362: LCID 2: TX              0 RX              0 bytes
UE 2362: LCID 4: TX              9 RX            170 bytes

[0m[NR_MAC] Frame.Slot 128.0
UE RNTI 2362 CU-UE-ID 1 in-sync PH 48 dB PCMAX 20 dBm, average RSRP -43 (16 meas)
UE 2362: UL-RI 1, TPMI 0
UE 2362: dlsch_rounds 46/0/0/0, dlsch_errors 0, pucch0_DTX 0 (SNR 21.7+1.7 dB), BLER 0.01094 MCS (0) 0 CCE fail 6, goodput 0.00 Mbps
UE 2362: ulsch_rounds 210/0/0/0, ulsch_errors 0, ulsch_DTX 0, BLER 0.00000 MCS (0) 0 (Qm 2 deltaMCS 0 dB) NPRB 5 SNR 16.8 (+1.8) dB CCE fail 0, goodput 0.00 Mbps
UE 2362: LCID 1: TX           3507 RX            286 bytes
UE 2362: LCID 2: TX              0 RX              0 bytes
UE 2362: LCID 4: TX             12 RX            225 bytes

[0m[NR_MAC] Frame.Slot 256.0
UE RNTI 2362 CU-UE-ID 1 in-sync PH 48 dB PCMAX 20 dBm, average RSRP -43 (16 meas)
UE 2362: UL-RI 1, TPMI 0
UE 2362: dlsch_rounds 48/0/0/0, dlsch_errors 0, pucch0_DTX 0 (SNR 21.8+1.8 dB), BLER 0.00886 MCS (0) 0 CCE fail 6, goodput 0.00 Mbps
UE 2362: ulsch_rounds 223/0/0/0, ulsch_errors 0, ulsch_DTX 0, BLER 0.00000 MCS (0) 0 (Qm 2 deltaMCS 0 dB) NPRB 5 SNR 16.9 (+1.9) dB CCE fail 0, goodput 0.00 Mbps
UE 2362: LCID 1: TX           3507 RX            286 bytes
UE 2362: LCID 2: TX              0 RX              0 bytes
UE 2362: LCID 4: TX             12 RX            225 bytes

[0m[NR_MAC] Frame.Slot 384.0
UE RNTI 2362 CU-UE-ID 1 in-sync PH 48 dB PCMAX 20 dBm, average RSRP -43 (16 meas)
UE 2362: UL-RI 1, TPMI 0
UE 2362: dlsch_rounds 49/0/0/0, dlsch_errors 0, pucch0_DTX 0 (SNR 21.8+1.8 dB), BLER 0.00798 MCS (0) 0 CCE fail 6, goodput 0.00 Mbps
UE 2362: ulsch_rounds 235/0/0/0, ulsch_errors 0, ulsch_DTX 0, BLER 0.00000 MCS (0) 0 (Qm 2 deltaMCS 0 dB) NPRB 5 SNR 16.9 (+1.9) dB CCE fail 0, goodput 0.00 Mbps
UE 2362: LCID 1: TX           3507 RX            286 bytes
UE 2362: LCID 2: TX              0 RX              0 bytes
UE 2362: LCID 4: TX             12 RX            225 bytes

[0m[NR_MAC] Frame.Slot 512.0
UE RNTI 2362 CU-UE-ID 1 in-sync PH 48 dB PCMAX 20 dBm, average RSRP -43 (16 meas)
UE 2362: UL-RI 1, TPMI 0
UE 2362: dlsch_rounds 50/0/0/0, dlsch_errors 0, pucch0_DTX 0 (SNR 21.8+1.8 dB), BLER 0.00718 MCS (0) 0 CCE fail 6, goodput 0.00 Mbps
UE 2362: ulsch_rounds 248/0/0/0, ulsch_errors 0, ulsch_DTX 0, BLER 0.00000 MCS (0) 0 (Qm 2 deltaMCS 0 dB) NPRB 5 SNR 17.1 (+2.1) dB CCE fail 0, goodput 0.00 Mbps
UE 2362: LCID 1: TX           3507 RX            286 bytes
UE 2362: LCID 2: TX              0 RX              0 bytes
UE 2362: LCID 4: TX             12 RX            225 bytes

[0m[NR_MAC] Frame.Slot 640.0
UE RNTI 2362 CU-UE-ID 1 in-sync PH 48 dB PCMAX 20 dBm, average RSRP -43 (16 meas)
UE 2362: UL-RI 1, TPMI 0
UE 2362: dlsch_rounds 52/0/0/0, dlsch_errors 0, pucch0_DTX 0 (SNR 21.9+1.9 dB), BLER 0.00581 MCS (0) 0 CCE fail 6, goodput 0.00 Mbps
UE 2362: ulsch_rounds 261/0/0/0, ulsch_errors 0, ulsch_DTX 0, BLER 0.00000 MCS (0) 0 (Qm 2 deltaMCS 0 dB) NPRB 5 SNR 16.2 (+1.2) dB CCE fail 0, goodput 0.00 Mbps
UE 2362: LCID 1: TX           3507 RX            286 bytes
UE 2362: LCID 2: TX              0 RX              0 bytes
UE 2362: LCID 4: TX             12 RX            225 bytes

[0m[NR_MAC] Frame.Slot 768.0
UE RNTI 2362 CU-UE-ID 1 in-sync PH 48 dB PCMAX 20 dBm, average RSRP -43 (16 meas)
UE 2362: UL-RI 1, TPMI 0
UE 2362: dlsch_rounds 53/0/0/0, dlsch_errors 0, pucch0_DTX 0 (SNR 21.9+1.9 dB), BLER 0.00523 MCS (0) 0 CCE fail 6, goodput 0.00 Mbps
UE 2362: ulsch_rounds 274/0/0/0, ulsch_errors 0, ulsch_DTX 0, BLER 0.00000 MCS (0) 0 (Qm 2 deltaMCS 0 dB) NPRB 5 SNR 16.4 (+1.4) dB CCE fail 0, goodput 0.00 Mbps
UE 2362: LCID 1: TX           3507 RX            286 bytes
UE 2362: LCID 2: TX              0 RX              0 bytes
UE 2362: LCID 4: TX             12 RX            225 bytes

[0m[NR_MAC] Frame.Slot 896.0
UE RNTI 2362 CU-UE-ID 1 in-sync PH 48 dB PCMAX 20 dBm, average RSRP -43 (16 meas)
UE 2362: UL-RI 1, TPMI 0
UE 2362: dlsch_rounds 54/0/0/0, dlsch_errors 0, pucch0_DTX 0 (SNR 22.0+2.0 dB), BLER 0.00471 MCS (0) 0 CCE fail 6, goodput 0.00 Mbps
UE 2362: ulsch_rounds 287/0/0/0, ulsch_errors 0, ulsch_DTX 0, BLER 0.00000 MCS (0) 0 (Qm 2 deltaMCS 0 dB) NPRB 5 SNR 16.5 (+1.5) dB CCE fail 0, goodput 0.00 Mbps
UE 2362: LCID 1: TX           3507 RX            286 bytes
UE 2362: LCID 2: TX              0 RX              0 bytes
UE 2362: LCID 4: TX             12 RX            225 bytes

[0m[NR_MAC] Frame.Slot 0.0
UE RNTI 2362 CU-UE-ID 1 in-sync PH 48 dB PCMAX 20 dBm, average RSRP -43 (16 meas)
UE 2362: UL-RI 1, TPMI 0
UE 2362: dlsch_rounds 55/0/0/0, dlsch_errors 0, pucch0_DTX 0 (SNR 22.0+2.0 dB), BLER 0.00424 MCS (0) 0 CCE fail 6, goodput 0.00 Mbps
UE 2362: ulsch_rounds 299/0/0/0, ulsch_errors 0, ulsch_DTX 0, BLER 0.00000 MCS (0) 0 (Qm 2 deltaMCS 0 dB) NPRB 5 SNR 16.5 (+1.5) dB CCE fail 0, goodput 0.00 Mbps
UE 2362: LCID 1: TX           3507 RX            286 bytes
UE 2362: LCID 2: TX              0 RX              0 bytes
UE 2362: LCID 4: TX             12 RX            225 bytes

[0m[NR_MAC] Frame.Slot 128.0
UE RNTI 2362 CU-UE-ID 1 in-sync PH 48 dB PCMAX 20 dBm, average RSRP -43 (16 meas)
UE 2362: UL-RI 1, TPMI 0
UE 2362: dlsch_rounds 57/0/0/0, dlsch_errors 0, pucch0_DTX 0 (SNR 22.0+2.0 dB), BLER 0.00343 MCS (0) 0 CCE fail 6, goodput 0.00 Mbps
UE 2362: ulsch_rounds 312/0/0/0, ulsch_errors 0, ulsch_DTX 0, BLER 0.00000 MCS (0) 0 (Qm 2 deltaMCS 0 dB) NPRB 5 SNR 16.7 (+1.7) dB CCE fail 0, goodput 0.00 Mbps
UE 2362: LCID 1: TX           3507 RX            286 bytes
UE 2362: LCID 2: TX              0 RX              0 bytes
UE 2362: LCID 4: TX             12 RX            225 bytes

[0m[NR_MAC] Frame.Slot 256.0
UE RNTI 2362 CU-UE-ID 1 in-sync PH 48 dB PCMAX 20 dBm, average RSRP -43 (16 meas)
UE 2362: UL-RI 1, TPMI 0
UE 2362: dlsch_rounds 58/0/0/0, dlsch_errors 0, pucch0_DTX 0 (SNR 22.0+2.0 dB), BLER 0.00309 MCS (0) 0 CCE fail 6, goodput 0.00 Mbps
UE 2362: ulsch_rounds 325/0/0/0, ulsch_errors 0, ulsch_DTX 0, BLER 0.00000 MCS (0) 0 (Qm 2 deltaMCS 0 dB) NPRB 5 SNR 16.8 (+1.8) dB CCE fail 0, goodput 0.00 Mbps
UE 2362: LCID 1: TX           3507 RX            286 bytes
UE 2362: LCID 2: TX              0 RX              0 bytes
UE 2362: LCID 4: TX             12 RX            225 bytes

[0m[NR_MAC] Frame.Slot 384.0
UE RNTI 2362 CU-UE-ID 1 in-sync PH 48 dB PCMAX 20 dBm, average RSRP -43 (16 meas)
UE 2362: UL-RI 1, TPMI 0
UE 2362: dlsch_rounds 60/0/0/0, dlsch_errors 0, pucch0_DTX 0 (SNR 21.1+1.1 dB), BLER 0.00250 MCS (0) 0 CCE fail 6, goodput 0.00 Mbps
UE 2362: ulsch_rounds 343/0/0/0, ulsch_errors 0, ulsch_DTX 0, BLER 0.00000 MCS (0) 0 (Qm 2 deltaMCS 0 dB) NPRB 5 SNR 16.3 (+1.3) dB CCE fail 0, goodput 0.00 Mbps
UE 2362: LCID 1: TX           3507 RX            286 bytes
UE 2362: LCID 2: TX              0 RX              0 bytes
UE 2362: LCID 4: TX             15 RX            280 bytes

[0m[NR_MAC] Frame.Slot 512.0
UE RNTI 2362 CU-UE-ID 1 in-sync PH 48 dB PCMAX 20 dBm, average RSRP -43 (16 meas)
UE 2362: UL-RI 1, TPMI 0
UE 2362: dlsch_rounds 62/0/0/0, dlsch_errors 0, pucch0_DTX 0 (SNR 21.2+1.2 dB), BLER 0.00203 MCS (0) 0 CCE fail 6, goodput 0.00 Mbps
UE 2362: ulsch_rounds 356/0/0/0, ulsch_errors 0, ulsch_DTX 0, BLER 0.00000 MCS (0) 0 (Qm 2 deltaMCS 0 dB) NPRB 5 SNR 16.4 (+1.4) dB CCE fail 0, goodput 0.00 Mbps
UE 2362: LCID 1: TX           3507 RX            286 bytes
UE 2362: LCID 2: TX              0 RX              0 bytes
UE 2362: LCID 4: TX             15 RX            280 bytes

[0m[E2 AGENT]: RIC_SUBSCRIPTION_REQUEST rx RAN_FUNC_ID 2 RIC_REQ_ID 1021
[E2-AGENT]: RIC_SUBSCRIPTION_REQUEST rx
[E2 AGENT]: RIC_SUBSCRIPTION_REQUEST rx RAN_FUNC_ID 2 RIC_REQ_ID 1022
[E2-AGENT]: RIC_SUBSCRIPTION_REQUEST rx
[E2 AGENT][E2SM-KPM] Condition NSSAI (1, ffffff).
[E2 AGENT][E2SM-KPM] No UE matches the condition criteria.
[E2 AGENT][E2SM-KPM] Condition NSSAI (1, ffffff).
[E2 AGENT][E2SM-KPM] No UE matches the condition criteria.
[E2 AGENT][E2SM-KPM] Condition NSSAI (1, ffffff).
[E2 AGENT][E2SM-KPM] No UE matches the condition criteria.
[E2 AGENT][E2SM-KPM] Condition NSSAI (1, ffffff).
[E2 AGENT][E2SM-KPM] Condition NSSAI (1, ffffff).
[E2 AGENT][E2SM-KPM] Condition NSSAI (1, ffffff).
[E2 AGENT][E2SM-KPM] Condition NSSAI (1, ffffff).
[E2 AGENT][E2SM-KPM] Condition NSSAI (1, ffffff).
[E2 AGENT][E2SM-KPM] Condition NSSAI (1, ffffff).
[E2 AGENT][E2SM-KPM] Condition NSSAI (1, ffffff).
[E2 AGENT][E2SM-KPM] Condition NSSAI (1, ffffff).
[E2 AGENT][E2SM-KPM] Condition NSSAI (1, ffffff).
[E2 AGENT][E2SM-KPM] Condition NSSAI (1, ffffff).
[E2 AGENT][E2SM-KPM] Condition NSSAI (1, ffffff).
[E2 AGENT][E2SM-KPM] Condition NSSAI (1, ffffff).
[E2 AGENT][E2SM-KPM] Condition NSSAI (1, ffffff).
[E2 AGENT][E2SM-KPM] Condition NSSAI (1, ffffff).
[E2 AGENT][E2SM-KPM] Condition NSSAI (1, ffffff).
[E2 AGENT][E2SM-KPM] Condition NSSAI (1, ffffff).
[E2 AGENT][E2SM-KPM] Condition NSSAI (1, ffffff).
[E2 AGENT][E2SM-KPM] Condition NSSAI (1, ffffff).
[E2 AGENT][E2SM-KPM] Condition NSSAI (1, ffffff).
[E2 AGENT][E2SM-KPM] Condition NSSAI (1, ffffff).
[E2 AGENT][E2SM-KPM] Condition NSSAI (1, ffffff).
[E2 AGENT][E2SM-KPM] Condition NSSAI (1, ffffff).
[E2 AGENT][E2SM-KPM] Condition NSSAI (1, ffffff).
[E2 AGENT][E2SM-KPM] Condition NSSAI (1, ffffff).
[E2 AGENT][E2SM-KPM] Condition NSSAI (1, ffffff).
[E2 AGENT][E2SM-KPM] Condition NSSAI (1, ffffff).
[E2 AGENT][E2SM-KPM] Condition NSSAI (1, ffffff).
[E2 AGENT][E2SM-KPM] Condition NSSAI (1, ffffff).
[E2 AGENT][E2SM-KPM] Condition NSSAI (1, ffffff).
[E2 AGENT][E2SM-KPM] Condition NSSAI (1, ffffff).
[E2 AGENT][E2SM-KPM] Condition NSSAI (1, ffffff).
[E2 AGENT][E2SM-KPM] Condition NSSAI (1, ffffff).
[E2 AGENT][E2SM-KPM] Condition NSSAI (1, ffffff).
[E2 AGENT][E2SM-KPM] Condition NSSAI (1, ffffff).
[E2 AGENT][E2SM-KPM] Condition NSSAI (1, ffffff).
[E2 AGENT][E2SM-KPM] Condition NSSAI (1, ffffff).
[E2 AGENT][E2SM-KPM] Condition NSSAI (1, ffffff).
[E2 AGENT][E2SM-KPM] Condition NSSAI (1, ffffff).
[E2 AGENT][E2SM-KPM] Condition NSSAI (1, ffffff).
[E2 AGENT][E2SM-KPM] Condition NSSAI (1, ffffff).
[E2 AGENT][E2SM-KPM] Condition NSSAI (1, ffffff).
[E2 AGENT][E2SM-KPM] Condition NSSAI (1, ffffff).
[E2 AGENT][E2SM-KPM] Condition NSSAI (1, ffffff).
[E2 AGENT][E2SM-KPM] Condition NSSAI (1, ffffff).
[E2 AGENT][E2SM-KPM] Condition NSSAI (1, ffffff).
[E2 AGENT][E2SM-KPM] Condition NSSAI (1, ffffff).
[E2 AGENT][E2SM-KPM] Condition NSSAI (1, ffffff).
[E2 AGENT][E2SM-KPM] Condition NSSAI (1, ffffff).
[E2 AGENT][E2SM-KPM] Condition NSSAI (1, ffffff).
[E2 AGENT][E2SM-KPM] Condition NSSAI (1, ffffff).
[E2 AGENT][E2SM-KPM] Condition NSSAI (1, ffffff).
[E2 AGENT][E2SM-KPM] Condition NSSAI (1, ffffff).
[E2 AGENT][E2SM-KPM] Condition NSSAI (1, ffffff).
[E2 AGENT][E2SM-KPM] Condition NSSAI (1, ffffff).
[E2 AGENT][E2SM-KPM] Condition NSSAI (1, ffffff).
[E2 AGENT][E2SM-KPM] Condition NSSAI (1, ffffff).
[E2 AGENT][E2SM-KPM] Condition NSSAI (1, ffffff).
[E2 AGENT][E2SM-KPM] Condition NSSAI (1, ffffff).
[E2 AGENT][E2SM-KPM] Condition NSSAI (1, ffffff).
[E2 AGENT][E2SM-KPM] Condition NSSAI (1, ffffff).
[E2 AGENT][E2SM-KPM] Condition NSSAI (1, ffffff).
[E2 AGENT][E2SM-KPM] Condition NSSAI (1, ffffff).
[E2 AGENT][E2SM-KPM] Condition NSSAI (1, ffffff).
[E2 AGENT][E2SM-KPM] Condition NSSAI (1, ffffff).
[E2 AGENT][E2SM-KPM] Condition NSSAI (1, ffffff).
[E2 AGENT][E2SM-KPM] Condition NSSAI (1, ffffff).
[E2 AGENT][E2SM-KPM] Condition NSSAI (1, ffffff).
[E2 AGENT][E2SM-KPM] Condition NSSAI (1, ffffff).
[E2 AGENT][E2SM-KPM] Condition NSSAI (1, ffffff).
[E2 AGENT][E2SM-KPM] Condition NSSAI (1, ffffff).
[E2 AGENT][E2SM-KPM] Condition NSSAI (1, ffffff).[NR_MAC] Frame.Slot 640.0
UE RNTI 2362 CU-UE-ID 1 in-sync PH 48 dB PCMAX 20 dBm, average RSRP -43 (16 meas)
UE 2362: UL-RI 1, TPMI 0
UE 2362: dlsch_rounds 63/0/0/0, dlsch_errors 0, pucch0_DTX 0 (SNR 21.3+1.3 dB), BLER 0.00182 MCS (0) 0 CCE fail 6, goodput 0.00 Mbps
UE 2362: ulsch_rounds 369/0/0/0, ulsch_errors 0, ulsch_DTX 0, BLER 0.00000 MCS (0) 0 (Qm 2 deltaMCS 0 dB) NPRB 5 SNR 16.6 (+1.6) dB CCE fail 0, goodput 0.00 Mbps
UE 2362: LCID 1: TX           3507 RX            286 bytes
UE 2362: LCID 2: TX              0 RX              0 bytes
UE 2362: LCID 4: TX             15 RX            280 bytes

[0m[NR_MAC] Frame.Slot 768.0
UE RNTI 2362 CU-UE-ID 1 in-sync PH 48 dB PCMAX 20 dBm, average RSRP -43 (16 meas)
UE 2362: UL-RI 1, TPMI 0
UE 2362: dlsch_rounds 64/0/0/0, dlsch_errors 0, pucch0_DTX 0 (SNR 21.3+1.3 dB), BLER 0.00164 MCS (0) 0 CCE fail 6, goodput 0.00 Mbps
UE 2362: ulsch_rounds 381/0/0/0, ulsch_errors 0, ulsch_DTX 0, BLER 0.00000 MCS (0) 0 (Qm 2 deltaMCS 0 dB) NPRB 5 SNR 16.6 (+1.6) dB CCE fail 0, goodput 0.00 Mbps
UE 2362: LCID 1: TX           3507 RX            286 bytes
UE 2362: LCID 2: TX              0 RX              0 bytes
UE 2362: LCID 4: TX             15 RX            280 bytes

[0m[NR_MAC] Frame.Slot 896.0
UE RNTI 2362 CU-UE-ID 1 in-sync PH 48 dB PCMAX 20 dBm, average RSRP -43 (16 meas)
UE 2362: UL-RI 1, TPMI 0
UE 2362: dlsch_rounds 65/0/0/0, dlsch_errors 0, pucch0_DTX 0 (SNR 21.4+1.4 dB), BLER 0.00148 MCS (0) 0 CCE fail 6, goodput 0.00 Mbps
UE 2362: ulsch_rounds 394/0/0/0, ulsch_errors 0, ulsch_DTX 0, BLER 0.00000 MCS (0) 0 (Qm 2 deltaMCS 0 dB) NPRB 5 SNR 16.7 (+1.7) dB CCE fail 0, goodput 0.00 Mbps
UE 2362: LCID 1: TX           3507 RX            286 bytes
UE 2362: LCID 2: TX              0 RX              0 bytes
UE 2362: LCID 4: TX             15 RX            280 bytes

[0m[NR_MAC] Frame.Slot 0.0
UE RNTI 2362 CU-UE-ID 1 in-sync PH 48 dB PCMAX 20 dBm, average RSRP -43 (16 meas)
UE 2362: UL-RI 1, TPMI 0
UE 2362: dlsch_rounds 67/0/0/0, dlsch_errors 0, pucch0_DTX 0 (SNR 21.5+1.5 dB), BLER 0.00120 MCS (0) 0 CCE fail 6, goodput 0.00 Mbps
UE 2362: ulsch_rounds 407/0/0/0, ulsch_errors 0, ulsch_DTX 0, BLER 0.00000 MCS (0) 0 (Qm 2 deltaMCS 0 dB) NPRB 5 SNR 16.9 (+1.9) dB CCE fail 0, goodput 0.00 Mbps
UE 2362: LCID 1: TX           3507 RX            286 bytes
UE 2362: LCID 2: TX              0 RX              0 bytes
UE 2362: LCID 4: TX             15 RX            280 bytes

[0m[NR_MAC] Frame.Slot 128.0
UE RNTI 2362 CU-UE-ID 1 in-sync PH 48 dB PCMAX 20 dBm, average RSRP -43 (16 meas)
UE 2362: UL-RI 1, TPMI 0
UE 2362: dlsch_rounds 68/0/0/0, dlsch_errors 0, pucch0_DTX 0 (SNR 21.5+1.5 dB), BLER 0.00108 MCS (0) 0 CCE fail 6, goodput 0.00 Mbps
UE 2362: ulsch_rounds 420/0/0/0, ulsch_errors 0, ulsch_DTX 0, BLER 0.00000 MCS (0) 0 (Qm 2 deltaMCS 0 dB) NPRB 5 SNR 17.0 (+2.0) dB CCE fail 0, goodput 0.00 Mbps
UE 2362: LCID 1: TX           3507 RX            286 bytes
UE 2362: LCID 2: TX              0 RX              0 bytes
UE 2362: LCID 4: TX             15 RX            280 bytes

[0m[NR_MAC] Frame.Slot 256.0
UE RNTI 2362 CU-UE-ID 1 in-sync PH 48 dB PCMAX 20 dBm, average RSRP -43 (16 meas)
UE 2362: UL-RI 1, TPMI 0
UE 2362: dlsch_rounds 69/0/0/0, dlsch_errors 0, pucch0_DTX 0 (SNR 21.5+1.5 dB), BLER 0.00097 MCS (0) 0 CCE fail 6, goodput 0.00 Mbps
UE 2362: ulsch_rounds 433/0/0/0, ulsch_errors 0, ulsch_DTX 0, BLER 0.00000 MCS (0) 0 (Qm 2 deltaMCS 0 dB) NPRB 5 SNR 16.1 (+1.1) dB CCE fail 0, goodput 0.00 Mbps
UE 2362: LCID 1: TX           3507 RX            286 bytes
UE 2362: LCID 2: TX              0 RX              0 bytes
UE 2362: LCID 4: TX             15 RX            280 bytes

[0m[NR_MAC] Frame.Slot 384.0
UE RNTI 2362 CU-UE-ID 1 in-sync PH 48 dB PCMAX 20 dBm, average RSRP -43 (16 meas)
UE 2362: UL-RI 1, TPMI 0
UE 2362: dlsch_rounds 70/0/0/0, dlsch_errors 0, pucch0_DTX 0 (SNR 21.6+1.6 dB), BLER 0.00087 MCS (0) 0 CCE fail 6, goodput 0.00 Mbps
UE 2362: ulsch_rounds 445/0/0/0, ulsch_errors 0, ulsch_DTX 0, BLER 0.00000 MCS (0) 0 (Qm 2 deltaMCS 0 dB) NPRB 5 SNR 16.1 (+1.1) dB CCE fail 0, goodput 0.00 Mbps
UE 2362: LCID 1: TX           3507 RX            286 bytes
UE 2362: LCID 2: TX              0 RX              0 bytes
UE 2362: LCID 4: TX             15 RX            280 bytes

[0m[NR_MAC] Frame.Slot 512.0
UE RNTI 2362 CU-UE-ID 1 in-sync PH 48 dB PCMAX 20 dBm, average RSRP -43 (16 meas)
UE 2362: UL-RI 1, TPMI 0
UE 2362: dlsch_rounds 72/0/0/0, dlsch_errors 0, pucch0_DTX 0 (SNR 21.7+1.7 dB), BLER 0.00071 MCS (0) 0 CCE fail 6, goodput 0.00 Mbps
UE 2362: ulsch_rounds 458/0/0/0, ulsch_errors 0, ulsch_DTX 0, BLER 0.00000 MCS (0) 0 (Qm 2 deltaMCS 0 dB) NPRB 5 SNR 16.3 (+1.3) dB CCE fail 0, goodput 0.00 Mbps
UE 2362: LCID 1: TX           3507 RX            286 bytes
UE 2362: LCID 2: TX              0 RX              0 bytes
UE 2362: LCID 4: TX             15 RX            280 bytes

[0m[NR_MAC] Frame.Slot 640.0
UE RNTI 2362 CU-UE-ID 1 in-sync PH 48 dB PCMAX 20 dBm, average RSRP -43 (16 meas)
UE 2362: UL-RI 1, TPMI 0
UE 2362: dlsch_rounds 73/0/0/0, dlsch_errors 0, pucch0_DTX 0 (SNR 21.7+1.7 dB), BLER 0.00064 MCS (0) 0 CCE fail 6, goodput 0.00 Mbps
UE 2362: ulsch_rounds 471/0/0/0, ulsch_errors 0, ulsch_DTX 0, BLER 0.00000 MCS (0) 0 (Qm 2 deltaMCS 0 dB) NPRB 5 SNR 16.4 (+1.4) dB CCE fail 0, goodput 0.00 Mbps
UE 2362: LCID 1: TX           3507 RX            286 bytes
UE 2362: LCID 2: TX              0 RX              0 bytes
UE 2362: LCID 4: TX             15 RX            280 bytes

[0m[NR_MAC] Frame.Slot 768.0
UE RNTI 2362 CU-UE-ID 1 in-sync PH 48 dB PCMAX 20 dBm, average RSRP -43 (16 meas)
UE 2362: UL-RI 1, TPMI 0
UE 2362: dlsch_rounds 74/0/0/0, dlsch_errors 0, pucch0_DTX 0 (SNR 21.8+1.8 dB), BLER 0.00057 MCS (0) 0 CCE fail 6, goodput 0.00 Mbps
UE 2362: ulsch_rounds 484/0/0/0, ulsch_errors 0, ulsch_DTX 0, BLER 0.00000 MCS (0) 0 (Qm 2 deltaMCS 0 dB) NPRB 5 SNR 16.6 (+1.6) dB CCE fail 0, goodput 0.00 Mbps
UE 2362: LCID 1: TX           3507 RX            286 bytes
UE 2362: LCID 2: TX              0 RX              0 bytes
UE 2362: LCID 4: TX             15 RX            280 bytes

[0m[NR_MAC] Frame.Slot 896.0
UE RNTI 2362 CU-UE-ID 1 in-sync PH 48 dB PCMAX 20 dBm, average RSRP -43 (16 meas)
UE 2362: UL-RI 1, TPMI 0
UE 2362: dlsch_rounds 76/0/0/0, dlsch_errors 0, pucch0_DTX 0 (SNR 21.8+1.8 dB), BLER 0.00046 MCS (0) 0 CCE fail 6, goodput 0.00 Mbps
UE 2362: ulsch_rounds 497/0/0/0, ulsch_errors 0, ulsch_DTX 0, BLER 0.00000 MCS (0) 0 (Qm 2 deltaMCS 0 dB) NPRB 5 SNR 16.7 (+1.7) dB CCE fail 0, goodput 0.00 Mbps
UE 2362: LCID 1: TX           3507 RX            286 bytes
UE 2362: LCID 2: TX              0 RX              0 bytes
UE 2362: LCID 4: TX             15 RX            280 bytes

[0m[NR_MAC] Frame.Slot 0.0
UE RNTI 2362 CU-UE-ID 1 in-sync PH 48 dB PCMAX 20 dBm, average RSRP -43 (16 meas)
UE 2362: UL-RI 1, TPMI 0
UE 2362: dlsch_rounds 77/0/0/0, dlsch_errors 0, pucch0_DTX 0 (SNR 21.9+1.9 dB), BLER 0.00042 MCS (0) 0 CCE fail 6, goodput 0.00 Mbps
UE 2362: ulsch_rounds 509/0/0/0, ulsch_errors 0, ulsch_DTX 0, BLER 0.00000 MCS (0) 0 (Qm 2 deltaMCS 0 dB) NPRB 5 SNR 16.7 (+1.7) dB CCE fail 0, goodput 0.00 Mbps
UE 2362: LCID 1: TX           3507 RX            286 bytes
UE 2362: LCID 2: TX              0 RX              0 bytes
UE 2362: LCID 4: TX             15 RX            280 bytes

[0m[NR_MAC] Frame.Slot 128.0
UE RNTI 2362 CU-UE-ID 1 in-sync PH 48 dB PCMAX 20 dBm, average RSRP -43 (16 meas)
UE 2362: UL-RI 1, TPMI 0
UE 2362: dlsch_rounds 78/0/0/0, dlsch_errors 0, pucch0_DTX 0 (SNR 21.9+1.9 dB), BLER 0.00038 MCS (0) 0 CCE fail 6, goodput 0.00 Mbps
UE 2362: ulsch_rounds 522/0/0/0, ulsch_errors 0, ulsch_DTX 0, BLER 0.00000 MCS (0) 0 (Qm 2 deltaMCS 0 dB) NPRB 5 SNR 16.9 (+1.9) dB CCE fail 0, goodput 0.00 Mbps
UE 2362: LCID 1: TX           3507 RX            286 bytes
UE 2362: LCID 2: TX              0 RX              0 bytes
UE 2362: LCID 4: TX             15 RX            280 bytes

[0m[NR_MAC] Frame.Slot 256.0
UE RNTI 2362 CU-UE-ID 1 in-sync PH 48 dB PCMAX 20 dBm, average RSRP -43 (16 meas)
UE 2362: UL-RI 1, TPMI 0
UE 2362: dlsch_rounds 79/0/0/0, dlsch_errors 0, pucch0_DTX 0 (SNR 21.9+1.9 dB), BLER 0.00034 MCS (0) 0 CCE fail 6, goodput 0.00 Mbps
UE 2362: ulsch_rounds 535/0/0/0, ulsch_errors 0, ulsch_DTX 0, BLER 0.00000 MCS (0) 0 (Qm 2 deltaMCS 0 dB) NPRB 5 SNR 17.0 (+2.0) dB CCE fail 0, goodput 0.00 Mbps
UE 2362: LCID 1: TX           3507 RX            286 bytes
UE 2362: LCID 2: TX              0 RX              0 bytes
UE 2362: LCID 4: TX             15 RX            280 bytes

[0m[NR_MAC] Frame.Slot 384.0
UE RNTI 2362 CU-UE-ID 1 in-sync PH 48 dB PCMAX 20 dBm, average RSRP -43 (16 meas)
UE 2362: UL-RI 1, TPMI 0
UE 2362: dlsch_rounds 81/0/0/0, dlsch_errors 0, pucch0_DTX 0 (SNR 21.9+1.9 dB), BLER 0.00027 MCS (0) 0 CCE fail 6, goodput 0.00 Mbps
UE 2362: ulsch_rounds 548/0/0/0, ulsch_errors 0, ulsch_DTX 0, BLER 0.00000 MCS (0) 0 (Qm 2 deltaMCS 0 dB) NPRB 5 SNR 16.1 (+1.1) dB CCE fail 0, goodput 0.00 Mbps
UE 2362: LCID 1: TX           3507 RX            286 bytes
UE 2362: LCID 2: TX              0 RX              0 bytes
UE 2362: LCID 4: TX             15 RX            280 bytes

[0m[NR_MAC] Frame.Slot 512.0
UE RNTI 2362 CU-UE-ID 1 in-sync PH 48 dB PCMAX 20 dBm, average RSRP -43 (16 meas)
UE 2362: UL-RI 1, TPMI 0
UE 2362: dlsch_rounds 82/0/0/0, dlsch_errors 0, pucch0_DTX 0 (SNR 21.9+1.9 dB), BLER 0.00025 MCS (0) 0 CCE fail 6, goodput 0.00 Mbps
UE 2362: ulsch_rounds 561/0/0/0, ulsch_errors 0, ulsch_DTX 0, BLER 0.00000 MCS (0) 0 (Qm 2 deltaMCS 0 dB) NPRB 5 SNR 16.2 (+1.2) dB CCE fail 0, goodput 0.00 Mbps
UE 2362: LCID 1: TX           3507 RX            286 bytes
UE 2362: LCID 2: TX              0 RX              0 bytes
UE 2362: LCID 4: TX             15 RX            280 bytes

[0m[NR_MAC] Frame.Slot 640.0
UE RNTI 2362 CU-UE-ID 1 in-sync PH 48 dB PCMAX 20 dBm, average RSRP -43 (16 meas)
UE 2362: UL-RI 1, TPMI 0
UE 2362: dlsch_rounds 83/0/0/0, dlsch_errors 0, pucch0_DTX 0 (SNR 22.0+2.0 dB), BLER 0.00022 MCS (0) 0 CCE fail 6, goodput 0.00 Mbps
UE 2362: ulsch_rounds 573/0/0/0, ulsch_errors 0, ulsch_DTX 0, BLER 0.00000 MCS (0) 0 (Qm 2 deltaMCS 0 dB) NPRB 5 SNR 16.3 (+1.3) dB CCE fail 0, goodput 0.00 Mbps
UE 2362: LCID 1: TX           3507 RX            286 bytes
UE 2362: LCID 2: TX              0 RX              0 bytes
UE 2362: LCID 4: TX             15 RX            280 bytes

[0m[NR_MAC] Frame.Slot 768.0
UE RNTI 2362 CU-UE-ID 1 in-sync PH 48 dB PCMAX 20 dBm, average RSRP -43 (16 meas)
UE 2362: UL-RI 1, TPMI 0
UE 2362: dlsch_rounds 85/0/0/0, dlsch_errors 0, pucch0_DTX 0 (SNR 22.0+2.0 dB), BLER 0.00018 MCS (0) 0 CCE fail 6, goodput 0.00 Mbps
UE 2362: ulsch_rounds 586/0/0/0, ulsch_errors 0, ulsch_DTX 0, BLER 0.00000 MCS (0) 0 (Qm 2 deltaMCS 0 dB) NPRB 5 SNR 16.4 (+1.4) dB CCE fail 0, goodput 0.00 Mbps
UE 2362: LCID 1: TX           3507 RX            286 bytes
UE 2362: LCID 2: TX              0 RX              0 bytes
UE 2362: LCID 4: TX             15 RX            280 bytes

[0m[NR_MAC] Frame.Slot 896.0
UE RNTI 2362 CU-UE-ID 1 in-sync PH 48 dB PCMAX 20 dBm, average RSRP -43 (16 meas)
UE 2362: UL-RI 1, TPMI 0
UE 2362: dlsch_rounds 86/0/0/0, dlsch_errors 0, pucch0_DTX 0 (SNR 21.1+1.1 dB), BLER 0.00016 MCS (0) 0 CCE fail 6, goodput 0.00 Mbps
UE 2362: ulsch_rounds 599/0/0/0, ulsch_errors 0, ulsch_DTX 0, BLER 0.00000 MCS (0) 0 (Qm 2 deltaMCS 0 dB) NPRB 5 SNR 16.5 (+1.5) dB CCE fail 0, goodput 0.00 Mbps
UE 2362: LCID 1: TX           3507 RX            286 bytes
UE 2362: LCID 2: TX              0 RX              0 bytes
UE 2362: LCID 4: TX             15 RX            280 bytes

[0m[NR_MAC] Frame.Slot 0.0
UE RNTI 2362 CU-UE-ID 1 in-sync PH 48 dB PCMAX 20 dBm, average RSRP -43 (16 meas)
UE 2362: UL-RI 1, TPMI 0
UE 2362: dlsch_rounds 88/0/0/0, dlsch_errors 0, pucch0_DTX 0 (SNR 21.2+1.2 dB), BLER 0.00015 MCS (0) 0 CCE fail 6, goodput 0.00 Mbps
UE 2362: ulsch_rounds 616/0/0/0, ulsch_errors 0, ulsch_DTX 0, BLER 0.00000 MCS (0) 0 (Qm 2 deltaMCS 0 dB) NPRB 5 SNR 17.0 (+2.0) dB CCE fail 0, goodput 0.00 Mbps
UE 2362: LCID 1: TX           3507 RX            286 bytes
UE 2362: LCID 2: TX              0 RX              0 bytes
UE 2362: LCID 4: TX             18 RX            335 bytes

[0m[NR_MAC] Frame.Slot 128.0
UE RNTI 2362 CU-UE-ID 1 in-sync PH 48 dB PCMAX 20 dBm, average RSRP -43 (16 meas)
UE 2362: UL-RI 1, TPMI 0
UE 2362: dlsch_rounds 89/0/0/0, dlsch_errors 0, pucch0_DTX 0 (SNR 21.3+1.3 dB), BLER 0.00013 MCS (0) 0 CCE fail 6, goodput 0.00 Mbps
UE 2362: ulsch_rounds 629/0/0/0, ulsch_errors 0, ulsch_DTX 0, BLER 0.00000 MCS (0) 0 (Qm 2 deltaMCS 0 dB) NPRB 5 SNR 16.1 (+1.1) dB CCE fail 0, goodput 0.00 Mbps
UE 2362: LCID 1: TX           3507 RX            286 bytes
UE 2362: LCID 2: TX              0 RX              0 bytes
UE 2362: LCID 4: TX             18 RX            335 bytes

[0m[NR_MAC] Frame.Slot 256.0
UE RNTI 2362 CU-UE-ID 1 in-sync PH 48 dB PCMAX 20 dBm, average RSRP -43 (16 meas)
UE 2362: UL-RI 1, TPMI 0
UE 2362: dlsch_rounds 91/0/0/0, dlsch_errors 0, pucch0_DTX 0 (SNR 21.3+1.3 dB), BLER 0.00011 MCS (0) 0 CCE fail 6, goodput 0.00 Mbps
UE 2362: ulsch_rounds 641/0/0/0, ulsch_errors 0, ulsch_DTX 0, BLER 0.00000 MCS (0) 0 (Qm 2 deltaMCS 0 dB) NPRB 5 SNR 16.1 (+1.1) dB CCE fail 0, goodput 0.00 Mbps
UE 2362: LCID 1: TX           3507 RX            286 bytes
UE 2362: LCID 2: TX              0 RX              0 bytes
UE 2362: LCID 4: TX             18 RX            335 bytes

[0m[NR_MAC] Frame.Slot 384.0
UE RNTI 2362 CU-UE-ID 1 in-sync PH 48 dB PCMAX 20 dBm, average RSRP -43 (16 meas)
UE 2362: UL-RI 1, TPMI 0
UE 2362: dlsch_rounds 92/0/0/0, dlsch_errors 0, pucch0_DTX 0 (SNR 21.4+1.4 dB), BLER 0.00010 MCS (0) 0 CCE fail 6, goodput 0.00 Mbps
UE 2362: ulsch_rounds 654/0/0/0, ulsch_errors 0, ulsch_DTX 0, BLER 0.00000 MCS (0) 0 (Qm 2 deltaMCS 0 dB) NPRB 5 SNR 16.3 (+1.3) dB CCE fail 0, goodput 0.00 Mbps
UE 2362: LCID 1: TX           3507 RX            286 bytes
UE 2362: LCID 2: TX              0 RX              0 bytes
UE 2362: LCID 4: TX             18 RX            335 bytes

[0m[NR_MAC] Frame.Slot 512.0
UE RNTI 2362 CU-UE-ID 1 in-sync PH 48 dB PCMAX 20 dBm, average RSRP -43 (16 meas)
UE 2362: UL-RI 1, TPMI 0
UE 2362: dlsch_rounds 93/0/0/0, dlsch_errors 0, pucch0_DTX 0 (SNR 21.4+1.4 dB), BLER 0.00009 MCS (0) 0 CCE fail 6, goodput 0.00 Mbps
UE 2362: ulsch_rounds 667/0/0/0, ulsch_errors 0, ulsch_DTX 0, BLER 0.00000 MCS (0) 0 (Qm 2 deltaMCS 0 dB) NPRB 5 SNR 16.4 (+1.4) dB CCE fail 0, goodput 0.00 Mbps
UE 2362: LCID 1: TX           3507 RX            286 bytes
UE 2362: LCID 2: TX              0 RX              0 bytes
UE 2362: LCID 4: TX             18 RX            335 bytes

[0m[NR_MAC] Frame.Slot 640.0
UE RNTI 2362 CU-UE-ID 1 in-sync PH 48 dB PCMAX 20 dBm, average RSRP -43 (16 meas)
UE 2362: UL-RI 1, TPMI 0
UE 2362: dlsch_rounds 95/0/0/0, dlsch_errors 0, pucch0_DTX 0 (SNR 21.5+1.5 dB), BLER 0.00007 MCS (0) 0 CCE fail 6, goodput 0.00 Mbps
UE 2362: ulsch_rounds 680/0/0/0, ulsch_errors 0, ulsch_DTX 0, BLER 0.00000 MCS (0) 0 (Qm 2 deltaMCS 0 dB) NPRB 5 SNR 16.6 (+1.6) dB CCE fail 0, goodput 0.00 Mbps
UE 2362: LCID 1: TX           3507 RX            286 bytes
UE 2362: LCID 2: TX              0 RX              0 bytes
UE 2362: LCID 4: TX             18 RX            335 bytes

[0m
[E2 AGENT][E2SM-KPM] Condition NSSAI (1, ffffff).
[E2 AGENT][E2SM-KPM] Condition NSSAI (1, ffffff).
[E2 AGENT][E2SM-KPM] Condition NSSAI (1, ffffff).
[E2 AGENT][E2SM-KPM] Condition NSSAI (1, ffffff).
[E2 AGENT][E2SM-KPM] Condition NSSAI (1, ffffff).
[E2 AGENT][E2SM-KPM] Condition NSSAI (1, ffffff).
[E2 AGENT][E2SM-KPM] Condition NSSAI (1, ffffff).
[E2 AGENT][E2SM-KPM] Condition NSSAI (1, ffffff).
[E2 AGENT][E2SM-KPM] Condition NSSAI (1, ffffff).
[E2 AGENT][E2SM-KPM] Condition NSSAI (1, ffffff).
[E2 AGENT][E2SM-KPM] Condition NSSAI (1, ffffff).
[E2 AGENT][E2SM-KPM] Condition NSSAI (1, ffffff).
[E2 AGENT][E2SM-KPM] Condition NSSAI (1, ffffff).
[E2 AGENT][E2SM-KPM] Condition NSSAI (1, ffffff).
[E2 AGENT][E2SM-KPM] Condition NSSAI (1, ffffff).
[E2 AGENT][E2SM-KPM] Condition NSSAI (1, ffffff).
[E2 AGENT][E2SM-KPM] Condition NSSAI (1, ffffff).
[E2 AGENT][E2SM-KPM] Condition NSSAI (1, ffffff).
[E2 AGENT][E2SM-KPM] Condition NSSAI (1, ffffff).
[E2 AGENT][E2SM-KPM] Condition NSSAI (1, ffffff).
[E2 AGENT][E2SM-KPM] Condition NSSAI (1, ffffff).
[E2 AGENT][E2SM-KPM] Condition NSSAI (1, ffffff).
[E2 AGENT][E2SM-KPM] Condition NSSAI (1, ffffff).
[E2 AGENT][E2SM-KPM] Condition NSSAI (1, ffffff).
[E2 AGENT][E2SM-KPM] Condition NSSAI (1, ffffff).
[E2 AGENT][E2SM-KPM] Condition NSSAI (1, ffffff).
[E2 AGENT][E2SM-KPM] Condition NSSAI (1, ffffff).
[E2 AGENT][E2SM-KPM] Condition NSSAI (1, ffffff).
[E2 AGENT][E2SM-KPM] Condition NSSAI (1, ffffff).
[E2 AGENT][E2SM-KPM] Condition NSSAI (1, ffffff).
[E2 AGENT][E2SM-KPM] Condition NSSAI (1, ffffff).
[E2 AGENT][E2SM-KPM] Condition NSSAI (1, ffffff).
[E2 AGENT][E2SM-KPM] Condition NSSAI (1, ffffff).
[E2 AGENT][E2SM-KPM] Condition NSSAI (1, ffffff).
[E2 AGENT][E2SM-KPM] Condition NSSAI (1, ffffff).
[E2 AGENT][E2SM-KPM] Condition NSSAI (1, ffffff).
[E2 AGENT][E2SM-KPM] Condition NSSAI (1, ffffff).
[E2 AGENT][E2SM-KPM] Condition NSSAI (1, ffffff).
[E2 AGENT][E2SM-KPM] Condition NSSAI (1, ffffff).
[E2 AGENT][E2SM-KPM] Condition NSSAI (1, ffffff).
[E2 AGENT][E2SM-KPM] Condition NSSAI (1, ffffff).
[E2 AGENT][E2SM-KPM] Condition NSSAI (1, ffffff).
[E2 AGENT][E2SM-KPM] Condition NSSAI (1, ffffff).
[E2 AGENT][E2SM-KPM] Condition NSSAI (1, ffffff).
[E2 AGENT][E2SM-KPM] Condition NSSAI (1, ffffff).
[E2 AGENT][E2SM-KPM] Condition NSSAI (1, ffffff).
[E2 AGENT][E2SM-KPM] Condition NSSAI (1, ffffff).
[E2 AGENT][E2SM-KPM] Condition NSSAI (1, ffffff).
[E2 AGENT][E2SM-KPM] Condition NSSAI (1, ffffff).
[E2 AGENT][E2SM-KPM] Condition NSSAI (1, ffffff).
[E2 AGENT][E2SM-KPM] Condition NSSAI (1, ffffff).
[E2 AGENT][E2SM-KPM] Condition NSSAI (1, ffffff).
[E2 AGENT][E2SM-KPM] Condition NSSAI (1, ffffff).
[E2 AGENT][E2SM-KPM] Condition NSSAI (1, ffffff).
[E2 AGENT][E2SM-KPM] Condition NSSAI (1, ffffff).
[E2 AGENT][E2SM-KPM] Condition NSSAI (1, ffffff).
[E2 AGENT][E2SM-KPM] Condition NSSAI (1, ffffff).
[E2 AGENT][E2SM-KPM] Condition NSSAI (1, ffffff).
[E2 AGENT][E2SM-KPM] Condition NSSAI (1, ffffff).
[E2 AGENT][E2SM-KPM] Condition NSSAI (1, ffffff).
[E2 AGENT][E2SM-KPM] Condition NSSAI (1, ffffff).
[E2 AGENT][E2SM-KPM] Condition NSSAI (1, ffffff).
[E2 AGENT][E2SM-KPM] Condition NSSAI (1, ffffff).
[E2 AGENT][E2SM-KPM] Condition NSSAI (1, ffffff).
[E2 AGENT][E2SM-KPM] Condition NSSAI (1, ffffff).
[E2 AGENT][E2SM-KPM] Condition NSSAI (1, ffffff).
[E2 AGENT][E2SM-KPM] Condition NSSAI (1, ffffff).
[E2 AGENT][E2SM-KPM] Condition NSSAI (1, ffffff).
[E2 AGENT][E2SM-KPM] Condition NSSAI (1, ffffff).
[E2 AGENT][E2SM-KPM] Condition NSSAI (1, ffffff).
[E2 AGENT][E2SM-KPM] Condition NSSAI (1, ffffff).
[E2 AGENT][E2SM-KPM] Condition NSSAI (1, ffffff).
[E2 AGENT][E2SM-KPM] Condition NSSAI (1, ffffff).
[E2 AGENT][E2SM-KPM] Condition NSSAI (1, ffffff).
[E2 AGENT][E2SM-KPM] Condition NSSAI (1, ffffff).
[E2 AGENT][E2SM-KPM] Condition NSSAI (1, ffffff).
[E2 AGENT][E2SM-KPM] Condition NSSAI (1, ffffff).
[E2 AGENT][E2SM-KPM] Condition NSSAI (1, ffffff).
[E2 AGENT][E2SM-KPM] Condition NSSAI (1, ffffff).
[E2 AGENT][E2SM-KPM] Condition NSSAI (1, ffffff).
[E2 AGENT][E2SM-KPM] Condition NSSAI (1, ffffff).
[E2 AGENT][E2SM-KPM] Condition NSSAI (1, ffff[NR_MAC] Frame.Slot 768.0
UE RNTI 2362 CU-UE-ID 1 in-sync PH 48 dB PCMAX 20 dBm, average RSRP -43 (16 meas)
UE 2362: UL-RI 1, TPMI 0
UE 2362: dlsch_rounds 96/0/0/0, dlsch_errors 0, pucch0_DTX 0 (SNR 21.5+1.5 dB), BLER 0.00006 MCS (0) 0 CCE fail 6, goodput 0.00 Mbps
UE 2362: ulsch_rounds 693/0/0/0, ulsch_errors 0, ulsch_DTX 0, BLER 0.00000 MCS (0) 0 (Qm 2 deltaMCS 0 dB) NPRB 5 SNR 16.7 (+1.7) dB CCE fail 0, goodput 0.00 Mbps
UE 2362: LCID 1: TX           3507 RX            286 bytes
UE 2362: LCID 2: TX              0 RX              0 bytes
UE 2362: LCID 4: TX             18 RX            335 bytes

[0m[NR_MAC] Frame.Slot 896.0
UE RNTI 2362 CU-UE-ID 1 in-sync PH 48 dB PCMAX 20 dBm, average RSRP -43 (16 meas)
UE 2362: UL-RI 1, TPMI 0
UE 2362: dlsch_rounds 97/0/0/0, dlsch_errors 0, pucch0_DTX 0 (SNR 21.5+1.5 dB), BLER 0.00006 MCS (0) 0 CCE fail 6, goodput 0.00 Mbps
UE 2362: ulsch_rounds 705/0/0/0, ulsch_errors 0, ulsch_DTX 0, BLER 0.00000 MCS (0) 0 (Qm 2 deltaMCS 0 dB) NPRB 5 SNR 16.7 (+1.7) dB CCE fail 0, goodput 0.00 Mbps
UE 2362: LCID 1: TX           3507 RX            286 bytes
UE 2362: LCID 2: TX              0 RX              0 bytes
UE 2362: LCID 4: TX             18 RX            335 bytes

[0m[NR_MAC] Frame.Slot 0.0
UE RNTI 2362 CU-UE-ID 1 in-sync PH 48 dB PCMAX 20 dBm, average RSRP -43 (16 meas)
UE 2362: UL-RI 1, TPMI 0
UE 2362: dlsch_rounds 98/0/0/0, dlsch_errors 0, pucch0_DTX 0 (SNR 21.6+1.6 dB), BLER 0.00005 MCS (0) 0 CCE fail 6, goodput 0.00 Mbps
UE 2362: ulsch_rounds 718/0/0/0, ulsch_errors 0, ulsch_DTX 0, BLER 0.00000 MCS (0) 0 (Qm 2 deltaMCS 0 dB) NPRB 5 SNR 16.9 (+1.9) dB CCE fail 0, goodput 0.00 Mbps
UE 2362: LCID 1: TX           3507 RX            286 bytes
UE 2362: LCID 2: TX              0 RX              0 bytes
UE 2362: LCID 4: TX             18 RX            335 bytes

[0m[NR_MAC] Frame.Slot 128.0
UE RNTI 2362 CU-UE-ID 1 in-sync PH 48 dB PCMAX 20 dBm, average RSRP -43 (16 meas)
UE 2362: UL-RI 1, TPMI 0
UE 2362: dlsch_rounds 100/0/0/0, dlsch_errors 0, pucch0_DTX 0 (SNR 21.6+1.6 dB), BLER 0.00004 MCS (0) 0 CCE fail 6, goodput 0.00 Mbps
UE 2362: ulsch_rounds 731/0/0/0, ulsch_errors 0, ulsch_DTX 0, BLER 0.00000 MCS (0) 0 (Qm 2 deltaMCS 0 dB) NPRB 5 SNR 17.0 (+2.0) dB CCE fail 0, goodput 0.00 Mbps
UE 2362: LCID 1: TX           3507 RX            286 bytes
UE 2362: LCID 2: TX              0 RX              0 bytes
UE 2362: LCID 4: TX             18 RX            335 bytes

[0m[NR_MAC] Frame.Slot 256.0
UE RNTI 2362 CU-UE-ID 1 in-sync PH 48 dB PCMAX 20 dBm, average RSRP -43 (16 meas)
UE 2362: UL-RI 1, TPMI 0
UE 2362: dlsch_rounds 101/0/0/0, dlsch_errors 0, pucch0_DTX 0 (SNR 21.7+1.7 dB), BLER 0.00004 MCS (0) 0 CCE fail 6, goodput 0.00 Mbps
UE 2362: ulsch_rounds 744/0/0/0, ulsch_errors 0, ulsch_DTX 0, BLER 0.00000 MCS (0) 0 (Qm 2 deltaMCS 0 dB) NPRB 5 SNR 16.1 (+1.1) dB CCE fail 0, goodput 0.00 Mbps
UE 2362: LCID 1: TX           3507 RX            286 bytes
UE 2362: LCID 2: TX              0 RX              0 bytes
UE 2362: LCID 4: TX             18 RX            335 bytes

[0m[NR_MAC] Frame.Slot 384.0
UE RNTI 2362 CU-UE-ID 1 in-sync PH 48 dB PCMAX 20 dBm, average RSRP -43 (16 meas)
UE 2362: UL-RI 1, TPMI 0
UE 2362: dlsch_rounds 102/0/0/0, dlsch_errors 0, pucch0_DTX 0 (SNR 21.7+1.7 dB), BLER 0.00003 MCS (0) 0 CCE fail 6, goodput 0.00 Mbps
UE 2362: ulsch_rounds 757/0/0/0, ulsch_errors 0, ulsch_DTX 0, BLER 0.00000 MCS (0) 0 (Qm 2 deltaMCS 0 dB) NPRB 5 SNR 16.3 (+1.3) dB CCE fail 0, goodput 0.00 Mbps
UE 2362: LCID 1: TX           3507 RX            286 bytes
UE 2362: LCID 2: TX              0 RX              0 bytes
UE 2362: LCID 4: TX             18 RX            335 bytes

[0m[NR_MAC] Frame.Slot 512.0
UE RNTI 2362 CU-UE-ID 1 in-sync PH 48 dB PCMAX 20 dBm, average RSRP -43 (16 meas)
UE 2362: UL-RI 1, TPMI 0
UE 2362: dlsch_rounds 103/0/0/0, dlsch_errors 0, pucch0_DTX 0 (SNR 21.7+1.7 dB), BLER 0.00003 MCS (0) 0 CCE fail 6, goodput 0.00 Mbps
UE 2362: ulsch_rounds 769/0/0/0, ulsch_errors 0, ulsch_DTX 0, BLER 0.00000 MCS (0) 0 (Qm 2 deltaMCS 0 dB) NPRB 5 SNR 16.3 (+1.3) dB CCE fail 0, goodput 0.00 Mbps
UE 2362: LCID 1: TX           3507 RX            286 bytes
UE 2362: LCID 2: TX              0 RX              0 bytes
UE 2362: LCID 4: TX             18 RX            335 bytes

[0m[NR_MAC] Frame.Slot 640.0
UE RNTI 2362 CU-UE-ID 1 in-sync PH 48 dB PCMAX 20 dBm, average RSRP -43 (16 meas)
UE 2362: UL-RI 1, TPMI 0
UE 2362: dlsch_rounds 105/0/0/0, dlsch_errors 0, pucch0_DTX 0 (SNR 21.8+1.8 dB), BLER 0.00002 MCS (0) 0 CCE fail 6, goodput 0.00 Mbps
UE 2362: ulsch_rounds 782/0/0/0, ulsch_errors 0, ulsch_DTX 0, BLER 0.00000 MCS (0) 0 (Qm 2 deltaMCS 0 dB) NPRB 5 SNR 16.4 (+1.4) dB CCE fail 0, goodput 0.00 Mbps
UE 2362: LCID 1: TX           3507 RX            286 bytes
UE 2362: LCID 2: TX              0 RX              0 bytes
UE 2362: LCID 4: TX             18 RX            335 bytes

[0m[NR_MAC] Frame.Slot 768.0
UE RNTI 2362 CU-UE-ID 1 in-sync PH 48 dB PCMAX 20 dBm, average RSRP -43 (16 meas)
UE 2362: UL-RI 1, TPMI 0
UE 2362: dlsch_rounds 106/0/0/0, dlsch_errors 0, pucch0_DTX 0 (SNR 21.8+1.8 dB), BLER 0.00002 MCS (0) 0 CCE fail 6, goodput 0.00 Mbps
UE 2362: ulsch_rounds 795/0/0/0, ulsch_errors 0, ulsch_DTX 0, BLER 0.00000 MCS (0) 0 (Qm 2 deltaMCS 0 dB) NPRB 5 SNR 16.6 (+1.6) dB CCE fail 0, goodput 0.00 Mbps
UE 2362: LCID 1: TX           3507 RX            286 bytes
UE 2362: LCID 2: TX              0 RX              0 bytes
UE 2362: LCID 4: TX             18 RX            335 bytes

[0m[NR_MAC] Frame.Slot 896.0
UE RNTI 2362 CU-UE-ID 1 in-sync PH 48 dB PCMAX 20 dBm, average RSRP -43 (16 meas)
UE 2362: UL-RI 1, TPMI 0
UE 2362: dlsch_rounds 107/0/0/0, dlsch_errors 0, pucch0_DTX 0 (SNR 21.9+1.9 dB), BLER 0.00002 MCS (0) 0 CCE fail 6, goodput 0.00 Mbps
UE 2362: ulsch_rounds 808/0/0/0, ulsch_errors 0, ulsch_DTX 0, BLER 0.00000 MCS (0) 0 (Qm 2 deltaMCS 0 dB) NPRB 5 SNR 16.7 (+1.7) dB CCE fail 0, goodput 0.00 Mbps
UE 2362: LCID 1: TX           3507 RX            286 bytes
UE 2362: LCID 2: TX              0 RX              0 bytes
UE 2362: LCID 4: TX             18 RX            335 bytes

[0m[NR_MAC] Frame.Slot 0.0
UE RNTI 2362 CU-UE-ID 1 in-sync PH 48 dB PCMAX 20 dBm, average RSRP -43 (16 meas)
UE 2362: UL-RI 1, TPMI 0
UE 2362: dlsch_rounds 109/0/0/0, dlsch_errors 0, pucch0_DTX 0 (SNR 22.0+2.0 dB), BLER 0.00002 MCS (0) 0 CCE fail 6, goodput 0.00 Mbps
UE 2362: ulsch_rounds 821/0/0/0, ulsch_errors 0, ulsch_DTX 0, BLER 0.00000 MCS (0) 0 (Qm 2 deltaMCS 0 dB) NPRB 5 SNR 16.8 (+1.8) dB CCE fail 0, goodput 0.00 Mbps
UE 2362: LCID 1: TX           3507 RX            286 bytes
UE 2362: LCID 2: TX              0 RX              0 bytes
UE 2362: LCID 4: TX             18 RX            335 bytes

[0m[NR_MAC] Frame.Slot 128.0
UE RNTI 2362 CU-UE-ID 1 in-sync PH 48 dB PCMAX 20 dBm, average RSRP -43 (16 meas)
UE 2362: UL-RI 1, TPMI 0
UE 2362: dlsch_rounds 110/0/0/0, dlsch_errors 0, pucch0_DTX 0 (SNR 22.0+2.0 dB), BLER 0.00001 MCS (0) 0 CCE fail 6, goodput 0.00 Mbps
UE 2362: ulsch_rounds 833/0/0/0, ulsch_errors 0, ulsch_DTX 0, BLER 0.00000 MCS (0) 0 (Qm 2 deltaMCS 0 dB) NPRB 5 SNR 16.9 (+1.9) dB CCE fail 0, goodput 0.00 Mbps
UE 2362: LCID 1: TX           3507 RX            286 bytes
UE 2362: LCID 2: TX              0 RX              0 bytes
UE 2362: LCID 4: TX             18 RX            335 bytes

[0m[NR_MAC] Frame.Slot 256.0
UE RNTI 2362 CU-UE-ID 1 in-sync PH 48 dB PCMAX 20 dBm, average RSRP -43 (16 meas)
UE 2362: UL-RI 1, TPMI 0
UE 2362: dlsch_rounds 111/0/0/0, dlsch_errors 0, pucch0_DTX 0 (SNR 21.0+1.0 dB), BLER 0.00001 MCS (0) 0 CCE fail 6, goodput 0.00 Mbps
UE 2362: ulsch_rounds 846/0/0/0, ulsch_errors 0, ulsch_DTX 0, BLER 0.00000 MCS (0) 0 (Qm 2 deltaMCS 0 dB) NPRB 5 SNR 17.0 (+2.0) dB CCE fail 0, goodput 0.00 Mbps
UE 2362: LCID 1: TX           3507 RX            286 bytes
UE 2362: LCID 2: TX              0 RX              0 bytes
UE 2362: LCID 4: TX             18 RX            335 bytes

[0m[NR_MAC] Frame.Slot 384.0
UE RNTI 2362 CU-UE-ID 1 in-sync PH 48 dB PCMAX 20 dBm, average RSRP -43 (16 meas)
UE 2362: UL-RI 1, TPMI 0
UE 2362: dlsch_rounds 112/0/0/0, dlsch_errors 0, pucch0_DTX 0 (SNR 21.1+1.1 dB), BLER 0.00001 MCS (0) 0 CCE fail 6, goodput 0.00 Mbps
UE 2362: ulsch_rounds 859/0/0/0, ulsch_errors 0, ulsch_DTX 0, BLER 0.00000 MCS (0) 0 (Qm 2 deltaMCS 0 dB) NPRB 5 SNR 16.1 (+1.1) dB CCE fail 0, goodput 0.00 Mbps
UE 2362: LCID 1: TX           3507 RX            286 bytes
UE 2362: LCID 2: TX              0 RX              0 bytes
UE 2362: LCID 4: TX             18 RX            335 bytes

[0m[NR_MAC] Frame.Slot 512.0
UE RNTI 2362 CU-UE-ID 1 in-sync PH 48 dB PCMAX 20 dBm, average RSRP -43 (16 meas)
UE 2362: UL-RI 1, TPMI 0
UE 2362: dlsch_rounds 114/0/0/0, dlsch_errors 0, pucch0_DTX 0 (SNR 21.2+1.2 dB), BLER 0.00001 MCS (0) 0 CCE fail 6, goodput 0.00 Mbps
UE 2362: ulsch_rounds 872/0/0/0, ulsch_errors 0, ulsch_DTX 0, BLER 0.00000 MCS (0) 0 (Qm 2 deltaMCS 0 dB) NPRB 5 SNR 16.3 (+1.3) dB CCE fail 0, goodput 0.00 Mbps
UE 2362: LCID 1: TX           3507 RX            286 bytes
UE 2362: LCID 2: TX              0 RX              0 bytes
UE 2362: LCID 4: TX             18 RX            335 bytes

[0m[NR_MAC] Frame.Slot 640.0
UE RNTI 2362 CU-UE-ID 1 in-sync PH 48 dB PCMAX 20 dBm, average RSRP -43 (16 meas)
UE 2362: UL-RI 1, TPMI 0
UE 2362: dlsch_rounds 115/0/0/0, dlsch_errors 0, pucch0_DTX 0 (SNR 21.2+1.2 dB), BLER 0.00001 MCS (0) 0 CCE fail 6, goodput 0.00 Mbps
UE 2362: ulsch_rounds 885/0/0/0, ulsch_errors 0, ulsch_DTX 0, BLER 0.00000 MCS (0) 0 (Qm 2 deltaMCS 0 dB) NPRB 5 SNR 16.4 (+1.4) dB CCE fail 0, goodput 0.00 Mbps
UE 2362: LCID 1: TX           3507 RX            286 bytes
UE 2362: LCID 2: TX              0 RX              0 bytes
UE 2362: LCID 4: TX             18 RX            335 bytes

[0m[NR_MAC] Frame.Slot 768.0
UE RNTI 2362 CU-UE-ID 1 in-sync PH 48 dB PCMAX 20 dBm, average RSRP -43 (16 meas)
UE 2362: UL-RI 1, TPMI 0
UE 2362: dlsch_rounds 116/0/0/0, dlsch_errors 0, pucch0_DTX 0 (SNR 21.3+1.3 dB), BLER 0.00001 MCS (0) 0 CCE fail 6, goodput 0.00 Mbps
UE 2362: ulsch_rounds 897/0/0/0, ulsch_errors 0, ulsch_DTX 0, BLER 0.00000 MCS (0) 0 (Qm 2 deltaMCS 0 dB) NPRB 5 SNR 16.4 (+1.4) dB CCE fail 0, goodput 0.00 Mbps
UE 2362: LCID 1: TX           3507 RX            286 bytes
UE 2362: LCID 2: TX              0 RX              0 bytes
UE 2362: LCID 4: TX             18 RX            335 bytes

[0m[NR_MAC] Frame.Slot 896.0
UE RNTI 2362 CU-UE-ID 1 in-sync PH 48 dB PCMAX 20 dBm, average RSRP -43 (16 meas)
UE 2362: UL-RI 1, TPMI 0
UE 2362: dlsch_rounds 118/0/0/0, dlsch_errors 0, pucch0_DTX 0 (SNR 21.4+1.4 dB), BLER 0.00001 MCS (0) 0 CCE fail 6, goodput 0.00 Mbps
UE 2362: ulsch_rounds 910/0/0/0, ulsch_errors 0, ulsch_DTX 0, BLER 0.00000 MCS (0) 0 (Qm 2 deltaMCS 0 dB) NPRB 5 SNR 16.6 (+1.6) dB CCE fail 0, goodput 0.00 Mbps
UE 2362: LCID 1: TX           3507 RX            286 bytes
UE 2362: LCID 2: TX              0 RX              0 bytes
UE 2362: LCID 4: TX             18 RX            335 bytes

[0m[NR_MAC] Frame.Slot 0.0
UE RNTI 2362 CU-UE-ID 1 in-sync PH 48 dB PCMAX 20 dBm, average RSRP -43 (16 meas)
UE 2362: UL-RI 1, TPMI 0
UE 2362: dlsch_rounds 119/0/0/0, dlsch_errors 0, pucch0_DTX 0 (SNR 21.4+1.4 dB), BLER 0.00001 MCS (0) 0 CCE fail 6, goodput 0.00 Mbps
UE 2362: ulsch_rounds 923/0/0/0, ulsch_errors 0, ulsch_DTX 0, BLER 0.00000 MCS (0) 0 (Qm 2 deltaMCS 0 dB) NPRB 5 SNR 16.7 (+1.7) dB CCE fail 0, goodput 0.00 Mbps
UE 2362: LCID 1: TX           3507 RX            286 bytes
UE 2362: LCID 2: TX              0 RX              0 bytes
UE 2362: LCID 4: TX             18 RX            335 bytes

[0m[NR_MAC] Frame.Slot 128.0
UE RNTI 2362 CU-UE-ID 1 in-sync PH 48 dB PCMAX 20 dBm, average RSRP -43 (16 meas)
UE 2362: UL-RI 1, TPMI 0
UE 2362: dlsch_rounds 120/0/0/0, dlsch_errors 0, pucch0_DTX 0 (SNR 21.4+1.4 dB), BLER 0.00000 MCS (0) 0 CCE fail 6, goodput 0.00 Mbps
UE 2362: ulsch_rounds 936/0/0/0, ulsch_errors 0, ulsch_DTX 0, BLER 0.00000 MCS (0) 0 (Qm 2 deltaMCS 0 dB) NPRB 5 SNR 16.8 (+1.8) dB CCE fail 0, goodput 0.00 Mbps
UE 2362: LCID 1: TX           3507 RX            286 bytes
UE 2362: LCID 2: TX              0 RX              0 bytes
UE 2362: LCID 4: TX             18 RX            335 bytes

[0m[NR_MAC] Frame.Slot 256.0
UE RNTI 2362 CU-UE-ID 1 in-sync PH 48 dB PCMAX 20 dBm, average RSRP -43 (16 meas)
UE 2362: UL-RI 1, TPMI 0
UE 2362: dlsch_rounds 121/0/0/0, dlsch_errors 0, pucch0_DTX 0 (SNR 21.4+1.4 dB), BLER 0.00000 MCS (0) 0 CCE fail 6, goodput 0.00 Mbps
UE 2362: ulsch_rounds 949/0/0/0, ulsch_errors 0, ulsch_DTX 0, BLER 0.00000 MCS (0) 0 (Qm 2 deltaMCS 0 dB) NPRB 5 SNR 16.9 (+1.9) dB CCE fail 0, goodput 0.00 Mbps
UE 2362: LCID 1: TX           3507 RX            286 bytes
UE 2362: LCID 2: TX              0 RX              0 bytes
UE 2362: LCID 4: TX             18 RX            335 bytes

[0m[NR_MAC] Frame.Slot 384.0
UE RNTI 2362 CU-UE-ID 1 in-sync PH 48 dB PCMAX 20 dBm, average RSRP -43 (16 meas)
UE 2362: UL-RI 1, TPMI 0
UE 2362: dlsch_rounds 123/0/0/0, dlsch_errors 0, pucch0_DTX 0 (SNR 21.5+1.5 dB), BLER 0.00000 MCS (0) 0 CCE fail 6, goodput 0.00 Mbps
UE 2362: ulsch_rounds 961/0/0/0, ulsch_errors 0, ulsch_DTX 0, BLER 0.00000 MCS (0) 0 (Qm 2 deltaMCS 0 dB) NPRB 5 SNR 17.0 (+2.0) dB CCE fail 0, goodput 0.00 Mbps
UE 2362: LCID 1: TX           3507 RX            286 bytes
UE 2362: LCID 2: TX              0 RX              0 bytes
UE 2362: LCID 4: TX             18 RX            335 bytes

[0m[NR_MAC] Frame.Slot 512.0
UE RNTI 2362 CU-UE-ID 1 in-sync PH 48 dB PCMAX 20 dBm, average RSRP -43 (16 meas)
UE 2362: UL-RI 1, TPMI 0
UE 2362: dlsch_rounds 124/0/0/0, dlsch_errors 0, pucch0_DTX 0 (SNR 21.6+1.6 dB), BLER 0.00000 MCS (0) 0 CCE fail 6, goodput 0.00 Mbps
UE 2362: ulsch_rounds 974/0/0/0, ulsch_errors 0, ulsch_DTX 0, BLER 0.00000 MCS (0) 0 (Qm 2 deltaMCS 0 dB) NPRB 5 SNR 16.1 (+1.1) dB CCE fail 0, goodput 0.00 Mbps
UE 2362: LCID 1: TX           3507 RX            286 bytes
UE 2362: LCID 2: TX              0 RX              0 bytes
UE 2362: LCID 4: TX             18 RX            335 bytes

[0m[NR_MAC] Frame.Slot 640.0
UE RNTI 2362 CU-UE-ID 1 in-sync PH 48 dB PCMAX 20 dBm, average RSRP -43 (16 meas)
UE 2362: UL-RI 1, TPMI 0
UE 2362: dlsch_rounds 125/0/0/0, dlsch_errors 0, pucch0_DTX 0 (SNR 21.6+1.6 dB), BLER 0.00000 MCS (0) 0 CCE fail 6, goodput 0.00 Mbps
UE 2362: ulsch_rounds 987/0/0/0, ulsch_errors 0, ulsch_DTX 0, BLER 0.00000 MCS (0) 0 (Qm 2 deltaMCS 0 dB) NPRB 5 SNR 16.3 (+1.3) dB CCE fail 0, goodput 0.00 Mbps
UE 2362: LCID 1: TX           3507 RX            286 bytes
UE 2362: LCID 2: TX              0 RX              0 bytes
UE 2362: LCID 4: TX             18 RX            335 bytes

[0m[NR_MAC] Frame.Slot 768.0
UE RNTI 2362 CU-UE-ID 1 in-sync PH 48 dB PCMAX 20 dBm, average RSRP -43 (16 meas)
UE 2362: UL-RI 1, TPMI 0
UE 2362: dlsch_rounds 127/0/0/0, dlsch_errors 0, pucch0_DTX 0 (SNR 21.7+1.7 dB), BLER 0.00000 MCS (0) 0 CCE fail 6, goodput 0.00 Mbps
UE 2362: ulsch_rounds 1000/0/0/0, ulsch_errors 0, ulsch_DTX 0, BLER 0.00000 MCS (0) 0 (Qm 2 deltaMCS 0 dB) NPRB 5 SNR 16.4 (+1.4) dB CCE fail 0, goodput 0.00 Mbps
UE 2362: LCID 1: TX           3507 RX            286 bytes
UE 2362: LCID 2: TX              0 RX              0 bytes
UE 2362: LCID 4: TX             18 RX            335 bytes

[0mff).
[E2 AGENT][E2SM-KPM] Condition NSSAI (1, ffffff).
[E2 AGENT][E2SM-KPM] Condition NSSAI (1, ffffff).
[E2 AGENT][E2SM-KPM] Condition NSSAI (1, ffffff).
[E2 AGENT][E2SM-KPM] Condition NSSAI (1, ffffff).
[E2 AGENT][E2SM-KPM] Condition NSSAI (1, ffffff).
[E2 AGENT][E2SM-KPM] Condition NSSAI (1, ffffff).
[E2 AGENT][E2SM-KPM] Condition NSSAI (1, ffffff).
[E2 AGENT][E2SM-KPM] Condition NSSAI (1, ffffff).
[E2 AGENT][E2SM-KPM] Condition NSSAI (1, ffffff).
[E2 AGENT][E2SM-KPM] Condition NSSAI (1, ffffff).
[E2 AGENT][E2SM-KPM] Condition NSSAI (1, ffffff).
[E2 AGENT][E2SM-KPM] Condition NSSAI (1, ffffff).
[E2 AGENT][E2SM-KPM] Condition NSSAI (1, ffffff).
[E2 AGENT][E2SM-KPM] Condition NSSAI (1, ffffff).
[E2 AGENT][E2SM-KPM] Condition NSSAI (1, ffffff).
[E2 AGENT][E2SM-KPM] Condition NSSAI (1, ffffff).
[E2 AGENT][E2SM-KPM] Condition NSSAI (1, ffffff).
[E2 AGENT][E2SM-KPM] Condition NSSAI (1, ffffff).
[E2 AGENT][E2SM-KPM] Condition NSSAI (1, ffffff).
[E2 AGENT][E2SM-KPM] Condition NSSAI (1, ffffff).
[E2 AGENT][E2SM-KPM] Condition NSSAI (1, ffffff).
[E2 AGENT][E2SM-KPM] Condition NSSAI (1, ffffff).
[E2 AGENT][E2SM-KPM] Condition NSSAI (1, ffffff).
[E2 AGENT][E2SM-KPM] Condition NSSAI (1, ffffff).
[E2 AGENT][E2SM-KPM] Condition NSSAI (1, ffffff).
[E2 AGENT][E2SM-KPM] Condition NSSAI (1, ffffff).
[E2 AGENT][E2SM-KPM] Condition NSSAI (1, ffffff).
[E2 AGENT][E2SM-KPM] Condition NSSAI (1, ffffff).
[E2 AGENT][E2SM-KPM] Condition NSSAI (1, ffffff).
[E2 AGENT][E2SM-KPM] Condition NSSAI (1, ffffff).
[E2 AGENT][E2SM-KPM] Condition NSSAI (1, ffffff).
[E2 AGENT][E2SM-KPM] Condition NSSAI (1, ffffff).
[E2 AGENT][E2SM-KPM] Condition NSSAI (1, ffffff).
[E2 AGENT][E2SM-KPM] Condition NSSAI (1, ffffff).
[E2 AGENT][E2SM-KPM] Condition NSSAI (1, ffffff).
[E2 AGENT][E2SM-KPM] Condition NSSAI (1, ffffff).
[E2 AGENT][E2SM-KPM] Condition NSSAI (1, ffffff).
[E2 AGENT][E2SM-KPM] Condition NSSAI (1, ffffff).
[E2 AGENT][E2SM-KPM] Condition NSSAI (1, ffffff).
[E2 AGENT][E2SM-KPM] Condition NSSAI (1, ffffff).
[E2 AGENT][E2SM-KPM] Condition NSSAI (1, ffffff).
[E2 AGENT][E2SM-KPM] Condition NSSAI (1, ffffff).
[E2 AGENT][E2SM-KPM] Condition NSSAI (1, ffffff).
[E2 AGENT][E2SM-KPM] Condition NSSAI (1, ffffff).
[E2 AGENT][E2SM-KPM] Condition NSSAI (1, ffffff).
[E2 AGENT][E2SM-KPM] Condition NSSAI (1, ffffff).
[E2 AGENT][E2SM-KPM] Condition NSSAI (1, ffffff).
[E2 AGENT][E2SM-KPM] Condition NSSAI (1, ffffff).
[E2 AGENT][E2SM-KPM] Condition NSSAI (1, ffffff).
[E2 AGENT][E2SM-KPM] Condition NSSAI (1, ffffff).
[E2 AGENT][E2SM-KPM] Condition NSSAI (1, ffffff).
[E2 AGENT][E2SM-KPM] Condition NSSAI (1, ffffff).
[E2 AGENT][E2SM-KPM] Condition NSSAI (1, ffffff).
[E2 AGENT][E2SM-KPM] Condition NSSAI (1, ffffff).
[E2 AGENT][E2SM-KPM] Condition NSSAI (1, ffffff).
[E2 AGENT][E2SM-KPM] Condition NSSAI (1, ffffff).
[E2 AGENT][E2SM-KPM] Condition NSSAI (1, ffffff).
[E2 AGENT][E2SM-KPM] Condition NSSAI (1, ffffff).
[E2 AGENT][E2SM-KPM] Condition NSSAI (1, ffffff).
[E2 AGENT][E2SM-KPM] Condition NSSAI (1, ffffff).
[E2 AGENT][E2SM-KPM] Condition NSSAI (1, ffffff).
[E2 AGENT][E2SM-KPM] Condition NSSAI (1, ffffff).
[E2 AGENT][E2SM-KPM] Condition NSSAI (1, ffffff).
[E2 AGENT][E2SM-KPM] Condition NSSAI (1, ffffff).
[E2 AGENT][E2SM-KPM] Condition NSSAI (1, ffffff).
[E2 AGENT][E2SM-KPM] Condition NSSAI (1, ffffff).
[E2 AGENT][E2SM-KPM] Condition NSSAI (1, ffffff).
[E2 AGENT][E2SM-KPM] Condition NSSAI (1, ffffff).
[E2 AGENT][E2SM-KPM] Condition NSSAI (1, ffffff).
[E2 AGENT][E2SM-KPM] Condition NSSAI (1, ffffff).
[E2 AGENT][E2SM-KPM] Condition NSSAI (1, ffffff).
[E2 AGENT][E2SM-KPM] Condition NSSAI (1, ffffff).
[E2 AGENT][E2SM-KPM] Condition NSSAI (1, ffffff).
[E2 AGENT][E2SM-KPM] Condition NSSAI (1, ffffff).
[E2 AGENT][E2SM-KPM] Condition NSSAI (1, ffffff).
[E2 AGENT][E2SM-KPM] Condition NSSAI (1, ffffff).
[E2 AGENT][E2SM-KPM] Condition NSSAI (1, ffffff).
[E2 AGENT][E2SM-KPM] Condition NSSAI (1, ffffff).
[E2 AGENT][E2SM-KPM] Condition NSSAI (1, ffffff).
[E2 AGENT][E2SM-KPM] Condition NSSAI (1, ffffff).
[E2 AGENT][E2SM-KPM] Condition NSSAI (1, ffffff).
[E2 AGENT][E2SM-KPM] Condition NSSAI (1, [NR_MAC] Frame.Slot 896.0
UE RNTI 2362 CU-UE-ID 1 in-sync PH 48 dB PCMAX 20 dBm, average RSRP -43 (16 meas)
UE 2362: UL-RI 1, TPMI 0
UE 2362: dlsch_rounds 128/0/0/0, dlsch_errors 0, pucch0_DTX 0 (SNR 21.7+1.7 dB), BLER 0.00000 MCS (0) 0 CCE fail 6, goodput 0.00 Mbps
UE 2362: ulsch_rounds 1013/0/0/0, ulsch_errors 0, ulsch_DTX 0, BLER 0.00000 MCS (0) 0 (Qm 2 deltaMCS 0 dB) NPRB 5 SNR 16.5 (+1.5) dB CCE fail 0, goodput 0.00 Mbps
UE 2362: LCID 1: TX           3507 RX            286 bytes
UE 2362: LCID 2: TX              0 RX              0 bytes
UE 2362: LCID 4: TX             18 RX            335 bytes

[0m[NR_MAC] Frame.Slot 0.0
UE RNTI 2362 CU-UE-ID 1 in-sync PH 48 dB PCMAX 20 dBm, average RSRP -43 (16 meas)
UE 2362: UL-RI 1, TPMI 0
UE 2362: dlsch_rounds 129/0/0/0, dlsch_errors 0, pucch0_DTX 0 (SNR 21.7+1.7 dB), BLER 0.00000 MCS (0) 0 CCE fail 6, goodput 0.00 Mbps
UE 2362: ulsch_rounds 1025/0/0/0, ulsch_errors 0, ulsch_DTX 0, BLER 0.00000 MCS (0) 0 (Qm 2 deltaMCS 0 dB) NPRB 5 SNR 16.6 (+1.6) dB CCE fail 0, goodput 0.00 Mbps
UE 2362: LCID 1: TX           3507 RX            286 bytes
UE 2362: LCID 2: TX              0 RX              0 bytes
UE 2362: LCID 4: TX             18 RX            335 bytes

[0m[NR_MAC] Frame.Slot 128.0
UE RNTI 2362 CU-UE-ID 1 in-sync PH 48 dB PCMAX 20 dBm, average RSRP -43 (16 meas)
UE 2362: UL-RI 1, TPMI 0
UE 2362: dlsch_rounds 130/0/0/0, dlsch_errors 0, pucch0_DTX 0 (SNR 21.8+1.8 dB), BLER 0.00000 MCS (0) 0 CCE fail 6, goodput 0.00 Mbps
UE 2362: ulsch_rounds 1038/0/0/0, ulsch_errors 0, ulsch_DTX 0, BLER 0.00000 MCS (0) 0 (Qm 2 deltaMCS 0 dB) NPRB 5 SNR 16.7 (+1.7) dB CCE fail 0, goodput 0.00 Mbps
UE 2362: LCID 1: TX           3507 RX            286 bytes
UE 2362: LCID 2: TX              0 RX              0 bytes
UE 2362: LCID 4: TX             18 RX            335 bytes

[0m[NR_MAC] Frame.Slot 256.0
UE RNTI 2362 CU-UE-ID 1 in-sync PH 48 dB PCMAX 20 dBm, average RSRP -43 (16 meas)
UE 2362: UL-RI 1, TPMI 0
UE 2362: dlsch_rounds 132/0/0/0, dlsch_errors 0, pucch0_DTX 0 (SNR 21.8+1.8 dB), BLER 0.00000 MCS (0) 0 CCE fail 6, goodput 0.00 Mbps
UE 2362: ulsch_rounds 1051/0/0/0, ulsch_errors 0, ulsch_DTX 0, BLER 0.00000 MCS (0) 0 (Qm 2 deltaMCS 0 dB) NPRB 5 SNR 16.8 (+1.8) dB CCE fail 0, goodput 0.00 Mbps
UE 2362: LCID 1: TX           3507 RX            286 bytes
UE 2362: LCID 2: TX              0 RX              0 bytes
UE 2362: LCID 4: TX             18 RX            335 bytes

[0m[NR_MAC] Frame.Slot 384.0
UE RNTI 2362 CU-UE-ID 1 in-sync PH 48 dB PCMAX 20 dBm, average RSRP -43 (16 meas)
UE 2362: UL-RI 1, TPMI 0
UE 2362: dlsch_rounds 133/0/0/0, dlsch_errors 0, pucch0_DTX 0 (SNR 21.9+1.9 dB), BLER 0.00000 MCS (0) 0 CCE fail 6, goodput 0.00 Mbps
UE 2362: ulsch_rounds 1064/0/0/0, ulsch_errors 0, ulsch_DTX 0, BLER 0.00000 MCS (0) 0 (Qm 2 deltaMCS 0 dB) NPRB 5 SNR 16.9 (+1.9) dB CCE fail 0, goodput 0.00 Mbps
UE 2362: LCID 1: TX           3507 RX            286 bytes
UE 2362: LCID 2: TX              0 RX              0 bytes
UE 2362: LCID 4: TX             18 RX            335 bytes

[0m[NR_MAC] Frame.Slot 512.0
UE RNTI 2362 CU-UE-ID 1 in-sync PH 48 dB PCMAX 20 dBm, average RSRP -43 (16 meas)
UE 2362: UL-RI 1, TPMI 0
UE 2362: dlsch_rounds 134/0/0/0, dlsch_errors 0, pucch0_DTX 0 (SNR 21.9+1.9 dB), BLER 0.00000 MCS (0) 0 CCE fail 6, goodput 0.00 Mbps
UE 2362: ulsch_rounds 1077/0/0/0, ulsch_errors 0, ulsch_DTX 0, BLER 0.00000 MCS (0) 0 (Qm 2 deltaMCS 0 dB) NPRB 5 SNR 17.0 (+2.0) dB CCE fail 0, goodput 0.00 Mbps
UE 2362: LCID 1: TX           3507 RX            286 bytes
UE 2362: LCID 2: TX              0 RX              0 bytes
UE 2362: LCID 4: TX             18 RX            335 bytes

[0m[NR_MAC] Frame.Slot 640.0
UE RNTI 2362 CU-UE-ID 1 in-sync PH 48 dB PCMAX 20 dBm, average RSRP -43 (16 meas)
UE 2362: UL-RI 1, TPMI 0
UE 2362: dlsch_rounds 135/0/0/0, dlsch_errors 0, pucch0_DTX 0 (SNR 21.9+1.9 dB), BLER 0.00000 MCS (0) 0 CCE fail 6, goodput 0.00 Mbps
UE 2362: ulsch_rounds 1089/0/0/0, ulsch_errors 0, ulsch_DTX 0, BLER 0.00000 MCS (0) 0 (Qm 2 deltaMCS 0 dB) NPRB 5 SNR 16.1 (+1.1) dB CCE fail 0, goodput 0.00 Mbps
UE 2362: LCID 1: TX           3507 RX            286 bytes
UE 2362: LCID 2: TX              0 RX              0 bytes
UE 2362: LCID 4: TX             18 RX            335 bytes

[0m[NR_MAC] Frame.Slot 768.0
UE RNTI 2362 CU-UE-ID 1 in-sync PH 48 dB PCMAX 20 dBm, average RSRP -43 (16 meas)
UE 2362: UL-RI 1, TPMI 0
UE 2362: dlsch_rounds 137/0/0/0, dlsch_errors 0, pucch0_DTX 0 (SNR 22.0+2.0 dB), BLER 0.00000 MCS (0) 0 CCE fail 6, goodput 0.00 Mbps
UE 2362: ulsch_rounds 1102/0/0/0, ulsch_errors 0, ulsch_DTX 0, BLER 0.00000 MCS (0) 0 (Qm 2 deltaMCS 0 dB) NPRB 5 SNR 16.2 (+1.2) dB CCE fail 0, goodput 0.00 Mbps
UE 2362: LCID 1: TX           3507 RX            286 bytes
UE 2362: LCID 2: TX              0 RX              0 bytes
UE 2362: LCID 4: TX             18 RX            335 bytes

[0m[NR_MAC] Frame.Slot 896.0
UE RNTI 2362 CU-UE-ID 1 in-sync PH 48 dB PCMAX 20 dBm, average RSRP -43 (16 meas)
UE 2362: UL-RI 1, TPMI 0
UE 2362: dlsch_rounds 138/0/0/0, dlsch_errors 0, pucch0_DTX 0 (SNR 22.0+2.0 dB), BLER 0.00000 MCS (0) 0 CCE fail 6, goodput 0.00 Mbps
UE 2362: ulsch_rounds 1115/0/0/0, ulsch_errors 0, ulsch_DTX 0, BLER 0.00000 MCS (0) 0 (Qm 2 deltaMCS 0 dB) NPRB 5 SNR 16.4 (+1.4) dB CCE fail 0, goodput 0.00 Mbps
UE 2362: LCID 1: TX           3507 RX            286 bytes
UE 2362: LCID 2: TX              0 RX              0 bytes
UE 2362: LCID 4: TX             18 RX            335 bytes

[0m[NR_MAC] Frame.Slot 0.0
UE RNTI 2362 CU-UE-ID 1 in-sync PH 48 dB PCMAX 20 dBm, average RSRP -43 (16 meas)
UE 2362: UL-RI 1, TPMI 0
UE 2362: dlsch_rounds 139/0/0/0, dlsch_errors 0, pucch0_DTX 0 (SNR 21.1+1.1 dB), BLER 0.00000 MCS (0) 0 CCE fail 6, goodput 0.00 Mbps
UE 2362: ulsch_rounds 1128/0/0/0, ulsch_errors 0, ulsch_DTX 0, BLER 0.00000 MCS (0) 0 (Qm 2 deltaMCS 0 dB) NPRB 5 SNR 16.5 (+1.5) dB CCE fail 0, goodput 0.00 Mbps
UE 2362: LCID 1: TX           3507 RX            286 bytes
UE 2362: LCID 2: TX              0 RX              0 bytes
UE 2362: LCID 4: TX             18 RX            335 bytes

[0m[NR_MAC] Frame.Slot 128.0
UE RNTI 2362 CU-UE-ID 1 in-sync PH 48 dB PCMAX 20 dBm, average RSRP -43 (16 meas)
UE 2362: UL-RI 1, TPMI 0
UE 2362: dlsch_rounds 141/0/0/0, dlsch_errors 0, pucch0_DTX 0 (SNR 21.2+1.2 dB), BLER 0.00000 MCS (0) 0 CCE fail 6, goodput 0.00 Mbps
UE 2362: ulsch_rounds 1141/0/0/0, ulsch_errors 0, ulsch_DTX 0, BLER 0.00000 MCS (0) 0 (Qm 2 deltaMCS 0 dB) NPRB 5 SNR 16.6 (+1.6) dB CCE fail 0, goodput 0.00 Mbps
UE 2362: LCID 1: TX           3507 RX            286 bytes
UE 2362: LCID 2: TX              0 RX              0 bytes
UE 2362: LCID 4: TX             18 RX            335 bytes

[0m[NR_MAC] Frame.Slot 256.0
UE RNTI 2362 CU-UE-ID 1 in-sync PH 48 dB PCMAX 20 dBm, average RSRP -43 (16 meas)
UE 2362: UL-RI 1, TPMI 0
UE 2362: dlsch_rounds 143/0/0/0, dlsch_errors 0, pucch0_DTX 0 (SNR 21.3+1.3 dB), BLER 0.00000 MCS (0) 0 CCE fail 6, goodput 0.00 Mbps
UE 2362: ulsch_rounds 1159/0/0/0, ulsch_errors 0, ulsch_DTX 0, BLER 0.00000 MCS (0) 0 (Qm 2 deltaMCS 0 dB) NPRB 5 SNR 16.1 (+1.1) dB CCE fail 0, goodput 0.00 Mbps
UE 2362: LCID 1: TX           3507 RX            286 bytes
UE 2362: LCID 2: TX              0 RX              0 bytes
UE 2362: LCID 4: TX             21 RX            390 bytes

[0m[NR_MAC] Frame.Slot 384.0
UE RNTI 2362 CU-UE-ID 1 in-sync PH 48 dB PCMAX 20 dBm, average RSRP -43 (16 meas)
UE 2362: UL-RI 1, TPMI 0
UE 2362: dlsch_rounds 144/0/0/0, dlsch_errors 0, pucch0_DTX 0 (SNR 21.3+1.3 dB), BLER 0.00000 MCS (0) 0 CCE fail 6, goodput 0.00 Mbps
UE 2362: ulsch_rounds 1172/0/0/0, ulsch_errors 0, ulsch_DTX 0, BLER 0.00000 MCS (0) 0 (Qm 2 deltaMCS 0 dB) NPRB 5 SNR 16.3 (+1.3) dB CCE fail 0, goodput 0.00 Mbps
UE 2362: LCID 1: TX           3507 RX            286 bytes
UE 2362: LCID 2: TX              0 RX              0 bytes
UE 2362: LCID 4: TX             21 RX            390 bytes

[0m[NR_MAC] Frame.Slot 512.0
UE RNTI 2362 CU-UE-ID 1 in-sync PH 48 dB PCMAX 20 dBm, average RSRP -43 (16 meas)
UE 2362: UL-RI 1, TPMI 0
UE 2362: dlsch_rounds 145/0/0/0, dlsch_errors 0, pucch0_DTX 0 (SNR 21.3+1.3 dB), BLER 0.00000 MCS (0) 0 CCE fail 6, goodput 0.00 Mbps
UE 2362: ulsch_rounds 1185/0/0/0, ulsch_errors 0, ulsch_DTX 0, BLER 0.00000 MCS (0) 0 (Qm 2 deltaMCS 0 dB) NPRB 5 SNR 16.4 (+1.4) dB CCE fail 0, goodput 0.00 Mbps
UE 2362: LCID 1: TX           3507 RX            286 bytes
UE 2362: LCID 2: TX              0 RX              0 bytes
UE 2362: LCID 4: TX             21 RX            390 bytes

[0m[NR_MAC] Frame.Slot 640.0
UE RNTI 2362 CU-UE-ID 1 in-sync PH 48 dB PCMAX 20 dBm, average RSRP -43 (16 meas)
UE 2362: UL-RI 1, TPMI 0
UE 2362: dlsch_rounds 147/0/0/0, dlsch_errors 0, pucch0_DTX 0 (SNR 21.4+1.4 dB), BLER 0.00000 MCS (0) 0 CCE fail 6, goodput 0.00 Mbps
UE 2362: ulsch_rounds 1197/0/0/0, ulsch_errors 0, ulsch_DTX 0, BLER 0.00000 MCS (0) 0 (Qm 2 deltaMCS 0 dB) NPRB 5 SNR 16.4 (+1.4) dB CCE fail 0, goodput 0.00 Mbps
UE 2362: LCID 1: TX           3507 RX            286 bytes
UE 2362: LCID 2: TX              0 RX              0 bytes
UE 2362: LCID 4: TX             21 RX            390 bytes

[0m[NR_MAC] Frame.Slot 768.0
UE RNTI 2362 CU-UE-ID 1 in-sync PH 48 dB PCMAX 20 dBm, average RSRP -43 (16 meas)
UE 2362: UL-RI 1, TPMI 0
UE 2362: dlsch_rounds 148/0/0/0, dlsch_errors 0, pucch0_DTX 0 (SNR 21.4+1.4 dB), BLER 0.00000 MCS (0) 0 CCE fail 6, goodput 0.00 Mbps
UE 2362: ulsch_rounds 1210/0/0/0, ulsch_errors 0, ulsch_DTX 0, BLER 0.00000 MCS (0) 0 (Qm 2 deltaMCS 0 dB) NPRB 5 SNR 16.6 (+1.6) dB CCE fail 0, goodput 0.00 Mbps
UE 2362: LCID 1: TX           3507 RX            286 bytes
UE 2362: LCID 2: TX              0 RX              0 bytes
UE 2362: LCID 4: TX             21 RX            390 bytes

[0m[NR_MAC] Frame.Slot 896.0
UE RNTI 2362 CU-UE-ID 1 in-sync PH 48 dB PCMAX 20 dBm, average RSRP -43 (16 meas)
UE 2362: UL-RI 1, TPMI 0
UE 2362: dlsch_rounds 149/0/0/0, dlsch_errors 0, pucch0_DTX 0 (SNR 21.5+1.5 dB), BLER 0.00000 MCS (0) 0 CCE fail 6, goodput 0.00 Mbps
UE 2362: ulsch_rounds 1223/0/0/0, ulsch_errors 0, ulsch_DTX 0, BLER 0.00000 MCS (0) 0 (Qm 2 deltaMCS 0 dB) NPRB 5 SNR 16.7 (+1.7) dB CCE fail 0, goodput 0.00 Mbps
UE 2362: LCID 1: TX           3507 RX            286 bytes
UE 2362: LCID 2: TX              0 RX              0 bytes
UE 2362: LCID 4: TX             21 RX            390 bytes

[0m[NR_MAC] Frame.Slot 0.0
UE RNTI 2362 CU-UE-ID 1 in-sync PH 48 dB PCMAX 20 dBm, average RSRP -43 (16 meas)
UE 2362: UL-RI 1, TPMI 0
UE 2362: dlsch_rounds 151/0/0/0, dlsch_errors 0, pucch0_DTX 0 (SNR 21.6+1.6 dB), BLER 0.00000 MCS (0) 0 CCE fail 6, goodput 0.00 Mbps
UE 2362: ulsch_rounds 1236/0/0/0, ulsch_errors 0, ulsch_DTX 0, BLER 0.00000 MCS (0) 0 (Qm 2 deltaMCS 0 dB) NPRB 5 SNR 16.8 (+1.8) dB CCE fail 0, goodput 0.00 Mbps
UE 2362: LCID 1: TX           3507 RX            286 bytes
UE 2362: LCID 2: TX              0 RX              0 bytes
UE 2362: LCID 4: TX             21 RX            390 bytes

[0m[NR_MAC] Frame.Slot 128.0
UE RNTI 2362 CU-UE-ID 1 in-sync PH 48 dB PCMAX 20 dBm, average RSRP -43 (16 meas)
UE 2362: UL-RI 1, TPMI 0
UE 2362: dlsch_rounds 152/0/0/0, dlsch_errors 0, pucch0_DTX 0 (SNR 21.6+1.6 dB), BLER 0.00000 MCS (0) 0 CCE fail 6, goodput 0.00 Mbps
UE 2362: ulsch_rounds 1249/0/0/0, ulsch_errors 0, ulsch_DTX 0, BLER 0.00000 MCS (0) 0 (Qm 2 deltaMCS 0 dB) NPRB 5 SNR 16.9 (+1.9) dB CCE fail 0, goodput 0.00 Mbps
UE 2362: LCID 1: TX           3507 RX            286 bytes
UE 2362: LCID 2: TX              0 RX              0 bytes
UE 2362: LCID 4: TX             21 RX            390 bytes

[0m[NR_MAC] Frame.Slot 256.0
UE RNTI 2362 CU-UE-ID 1 in-sync PH 48 dB PCMAX 20 dBm, average RSRP -43 (16 meas)
UE 2362: UL-RI 1, TPMI 0
UE 2362: dlsch_rounds 153/0/0/0, dlsch_errors 0, pucch0_DTX 0 (SNR 21.6+1.6 dB), BLER 0.00000 MCS (0) 0 CCE fail 6, goodput 0.00 Mbps
UE 2362: ulsch_rounds 1261/0/0/0, ulsch_errors 0, ulsch_DTX 0, BLER 0.00000 MCS (0) 0 (Qm 2 deltaMCS 0 dB) NPRB 5 SNR 17.0 (+2.0) dB CCE fail 0, goodput 0.00 Mbps
UE 2362: LCID 1: TX           3507 RX            286 bytes
UE 2362: LCID 2: TX              0 RX              0 bytes
UE 2362: LCID 4: TX             21 RX            390 bytes

[0m[NR_MAC] Frame.Slot 384.0
UE RNTI 2362 CU-UE-ID 1 in-sync PH 48 dB PCMAX 20 dBm, average RSRP -43 (16 meas)
UE 2362: UL-RI 1, TPMI 0
UE 2362: dlsch_rounds 154/0/0/0, dlsch_errors 0, pucch0_DTX 0 (SNR 21.7+1.7 dB), BLER 0.00000 MCS (0) 0 CCE fail 6, goodput 0.00 Mbps
UE 2362: ulsch_rounds 1274/0/0/0, ulsch_errors 0, ulsch_DTX 0, BLER 0.00000 MCS (0) 0 (Qm 2 deltaMCS 0 dB) NPRB 5 SNR 16.1 (+1.1) dB CCE fail 0, goodput 0.00 Mbps
UE 2362: LCID 1: TX           3507 RX            286 bytes
UE 2362: LCID 2: TX              0 RX              0 bytes
UE 2362: LCID 4: TX             21 RX            390 bytes

[0m[NR_MAC] Frame.Slot 512.0
UE RNTI 2362 CU-UE-ID 1 in-sync PH 48 dB PCMAX 20 dBm, average RSRP -43 (16 meas)
UE 2362: UL-RI 1, TPMI 0
UE 2362: dlsch_rounds 156/0/0/0, dlsch_errors 0, pucch0_DTX 0 (SNR 21.7+1.7 dB), BLER 0.00000 MCS (0) 0 CCE fail 6, goodput 0.00 Mbps
UE 2362: ulsch_rounds 1287/0/0/0, ulsch_errors 0, ulsch_DTX 0, BLER 0.00000 MCS (0) 0 (Qm 2 deltaMCS 0 dB) NPRB 5 SNR 16.2 (+1.2) dB CCE fail 0, goodput 0.00 Mbps
UE 2362: LCID 1: TX           3507 RX            286 bytes
UE 2362: LCID 2: TX              0 RX              0 bytes
UE 2362: LCID 4: TX             21 RX            390 bytes

[0m[NR_MAC] Frame.Slot 640.0
UE RNTI 2362 CU-UE-ID 1 in-sync PH 48 dB PCMAX 20 dBm, average RSRP -43 (16 meas)
UE 2362: UL-RI 1, TPMI 0
UE 2362: dlsch_rounds 157/0/0/0, dlsch_errors 0, pucch0_DTX 0 (SNR 21.8+1.8 dB), BLER 0.00000 MCS (0) 0 CCE fail 6, goodput 0.00 Mbps
UE 2362: ulsch_rounds 1300/0/0/0, ulsch_errors 0, ulsch_DTX 0, BLER 0.00000 MCS (0) 0 (Qm 2 deltaMCS 0 dB) NPRB 5 SNR 16.4 (+1.4) dB CCE fail 0, goodput 0.00 Mbps
UE 2362: LCID 1: TX           3507 RX            286 bytes
UE 2362: LCID 2: TX              0 RX              0 bytes
UE 2362: LCID 4: TX             21 RX            390 bytes

[0m[NR_MAC] Frame.Slot 768.0
UE RNTI 2362 CU-UE-ID 1 in-sync PH 48 dB PCMAX 20 dBm, average RSRP -43 (16 meas)
UE 2362: UL-RI 1, TPMI 0
UE 2362: dlsch_rounds 158/0/0/0, dlsch_errors 0, pucch0_DTX 0 (SNR 21.8+1.8 dB), BLER 0.00000 MCS (0) 0 CCE fail 6, goodput 0.00 Mbps
UE 2362: ulsch_rounds 1313/0/0/0, ulsch_errors 0, ulsch_DTX 0, BLER 0.00000 MCS (0) 0 (Qm 2 deltaMCS 0 dB) NPRB 5 SNR 16.5 (+1.5) dB CCE fail 0, goodput 0.00 Mbps
UE 2362: LCID 1: TX           3507 RX            286 bytes
UE 2362: LCID 2: TX              0 RX              0 bytes
UE 2362: LCID 4: TX             21 RX            390 bytes

[0m[NR_MAC] Frame.Slot 896.0
UE RNTI 2362 CU-UE-ID 1 in-sync PH 48 dB PCMAX 20 dBm, average RSRP -43 (16 meas)
UE 2362: UL-RI 1, TPMI 0
UE 2362: dlsch_rounds 160/0/0/0, dlsch_errors 0, pucch0_DTX 0 (SNR 21.8+1.8 dB), BLER 0.00000 MCS (0) 0 CCE fail 6, goodput 0.00 Mbps
UE 2362: ulsch_rounds 1325/0/0/0, ulsch_errors 0, ulsch_DTX 0, BLER 0.00000 MCS (0) 0 (Qm 2 deltaMCS 0 dB) NPRB 5 SNR 16.6 (+1.6) dB CCE fail 0, goodput 0.00 Mbps
UE 2362: LCID 1: TX           3507 RX            286 bytes
UE 2362: LCID 2: TX              0 RX              0 bytes
UE 2362: LCID 4: TX             21 RX            390 bytes

[0m[NR_MAC] Frame.Slot 0.0
UE RNTI 2362 CU-UE-ID 1 in-sync PH 48 dB PCMAX 20 dBm, average RSRP -43 (16 meas)
UE 2362: UL-RI 1, TPMI 0
UE 2362: dlsch_rounds 161/0/0/0, dlsch_errors 0, pucch0_DTX 0 (SNR 21.9+1.9 dB), BLER 0.00000 MCS (0) 0 CCE fail 6, goodput 0.00 Mbps
UE 2362: ulsch_rounds 1338/0/0/0, ulsch_errors 0, ulsch_DTX 0, BLER 0.00000 MCS (0) 0 (Qm 2 deltaMCS 0 dB) NPRB 5 SNR 16.7 (+1.7) dB CCE fail 0, goodput 0.00 Mbps
UE 2362: LCID 1: TX           3507 RX            286 bytes
UE 2362: LCID 2: TX              0 RX              0 bytes
UE 2362: LCID 4: TX             21 RX            390 bytes

[0mffffff).
[E2 AGENT][E2SM-KPM] Condition NSSAI (1, ffffff).
[E2 AGENT][E2SM-KPM] Condition NSSAI (1, ffffff).
[E2 AGENT][E2SM-KPM] Condition NSSAI (1, ffffff).
[E2 AGENT][E2SM-KPM] Condition NSSAI (1, ffffff).
[E2 AGENT][E2SM-KPM] Condition NSSAI (1, ffffff).
[E2 AGENT][E2SM-KPM] Condition NSSAI (1, ffffff).
[E2 AGENT][E2SM-KPM] Condition NSSAI (1, ffffff).
[E2 AGENT][E2SM-KPM] Condition NSSAI (1, ffffff).
[E2 AGENT][E2SM-KPM] Condition NSSAI (1, ffffff).
[E2 AGENT][E2SM-KPM] Condition NSSAI (1, ffffff).
[E2 AGENT][E2SM-KPM] Condition NSSAI (1, ffffff).
[E2 AGENT][E2SM-KPM] Condition NSSAI (1, ffffff).
[E2 AGENT][E2SM-KPM] Condition NSSAI (1, ffffff).
[E2 AGENT][E2SM-KPM] Condition NSSAI (1, ffffff).
[E2 AGENT][E2SM-KPM] Condition NSSAI (1, ffffff).
[E2 AGENT][E2SM-KPM] Condition NSSAI (1, ffffff).
[E2 AGENT][E2SM-KPM] Condition NSSAI (1, ffffff).
[E2 AGENT][E2SM-KPM] Condition NSSAI (1, ffffff).
[E2 AGENT][E2SM-KPM] Condition NSSAI (1, ffffff).
[E2 AGENT][E2SM-KPM] Condition NSSAI (1, ffffff).
[E2 AGENT][E2SM-KPM] Condition NSSAI (1, ffffff).
[E2 AGENT][E2SM-KPM] Condition NSSAI (1, ffffff).
[E2 AGENT][E2SM-KPM] Condition NSSAI (1, ffffff).
[E2 AGENT][E2SM-KPM] Condition NSSAI (1, ffffff).
[E2 AGENT][E2SM-KPM] Condition NSSAI (1, ffffff).
[E2 AGENT][E2SM-KPM] Condition NSSAI (1, ffffff).
[E2 AGENT][E2SM-KPM] Condition NSSAI (1, ffffff).
[E2 AGENT][E2SM-KPM] Condition NSSAI (1, ffffff).
[E2 AGENT][E2SM-KPM] Condition NSSAI (1, ffffff).
[E2 AGENT][E2SM-KPM] Condition NSSAI (1, ffffff).
[E2 AGENT][E2SM-KPM] Condition NSSAI (1, ffffff).
[E2 AGENT][E2SM-KPM] Condition NSSAI (1, ffffff).
[E2 AGENT][E2SM-KPM] Condition NSSAI (1, ffffff).
[E2 AGENT][E2SM-KPM] Condition NSSAI (1, ffffff).
[E2 AGENT][E2SM-KPM] Condition NSSAI (1, ffffff).
[E2 AGENT][E2SM-KPM] Condition NSSAI (1, ffffff).
[E2 AGENT][E2SM-KPM] Condition NSSAI (1, ffffff).
[E2 AGENT][E2SM-KPM] Condition NSSAI (1, ffffff).
[E2 AGENT][E2SM-KPM] Condition NSSAI (1, ffffff).
[E2 AGENT][E2SM-KPM] Condition NSSAI (1, ffffff).
[E2 AGENT][E2SM-KPM] Condition NSSAI (1, ffffff).
[E2 AGENT][E2SM-KPM] Condition NSSAI (1, ffffff).
[E2 AGENT][E2SM-KPM] Condition NSSAI (1, ffffff).
[E2 AGENT][E2SM-KPM] Condition NSSAI (1, ffffff).
[E2 AGENT][E2SM-KPM] Condition NSSAI (1, ffffff).
[E2 AGENT][E2SM-KPM] Condition NSSAI (1, ffffff).
[E2 AGENT][E2SM-KPM] Condition NSSAI (1, ffffff).
[E2 AGENT][E2SM-KPM] Condition NSSAI (1, ffffff).
[E2 AGENT][E2SM-KPM] Condition NSSAI (1, ffffff).
[E2 AGENT][E2SM-KPM] Condition NSSAI (1, ffffff).
[E2 AGENT][E2SM-KPM] Condition NSSAI (1, ffffff).
[E2 AGENT][E2SM-KPM] Condition NSSAI (1, ffffff).
[E2 AGENT][E2SM-KPM] Condition NSSAI (1, ffffff).
[E2 AGENT][E2SM-KPM] Condition NSSAI (1, ffffff).
[E2 AGENT][E2SM-KPM] Condition NSSAI (1, ffffff).
[E2 AGENT][E2SM-KPM] Condition NSSAI (1, ffffff).
[E2 AGENT][E2SM-KPM] Condition NSSAI (1, ffffff).
[E2 AGENT][E2SM-KPM] Condition NSSAI (1, ffffff).
[E2 AGENT][E2SM-KPM] Condition NSSAI (1, ffffff).
[E2 AGENT][E2SM-KPM] Condition NSSAI (1, ffffff).
[E2 AGENT][E2SM-KPM] Condition NSSAI (1, ffffff).
[E2 AGENT][E2SM-KPM] Condition NSSAI (1, ffffff).
[E2 AGENT][E2SM-KPM] Condition NSSAI (1, ffffff).
[E2 AGENT][E2SM-KPM] Condition NSSAI (1, ffffff).
[E2 AGENT][E2SM-KPM] Condition NSSAI (1, ffffff).
[E2 AGENT][E2SM-KPM] Condition NSSAI (1, ffffff).
[E2 AGENT][E2SM-KPM] Condition NSSAI (1, ffffff).
[E2 AGENT][E2SM-KPM] Condition NSSAI (1, ffffff).
[E2 AGENT][E2SM-KPM] Condition NSSAI (1, ffffff).
[E2 AGENT][E2SM-KPM] Condition NSSAI (1, ffffff).
[E2 AGENT][E2SM-KPM] Condition NSSAI (1, ffffff).
[E2 AGENT][E2SM-KPM] Condition NSSAI (1, ffffff).
[E2 AGENT][E2SM-KPM] Condition NSSAI (1, ffffff).
[E2 AGENT][E2SM-KPM] Condition NSSAI (1, ffffff).
[E2 AGENT][E2SM-KPM] Condition NSSAI (1, ffffff).
[E2 AGENT][E2SM-KPM] Condition NSSAI (1, ffffff).
[E2 AGENT][E2SM-KPM] Condition NSSAI (1, ffffff).
[E2 AGENT][E2SM-KPM] Condition NSSAI (1, ffffff).
[E2 AGENT][E2SM-KPM] Condition NSSAI (1, ffffff).
[E2 AGENT][E2SM-KPM] Condition NSSAI (1, ffffff).
[E2 AGENT][E2SM-KPM] Condition NSSAI (1, ffffff).
[E2 AGENT][E2SM-KPM] Condition NSSAI [NR_MAC] Frame.Slot 128.0
UE RNTI 2362 CU-UE-ID 1 in-sync PH 48 dB PCMAX 20 dBm, average RSRP -43 (16 meas)
UE 2362: UL-RI 1, TPMI 0
UE 2362: dlsch_rounds 162/0/0/0, dlsch_errors 0, pucch0_DTX 0 (SNR 21.9+1.9 dB), BLER 0.00000 MCS (0) 0 CCE fail 6, goodput 0.00 Mbps
UE 2362: ulsch_rounds 1351/0/0/0, ulsch_errors 0, ulsch_DTX 0, BLER 0.00000 MCS (0) 0 (Qm 2 deltaMCS 0 dB) NPRB 5 SNR 16.8 (+1.8) dB CCE fail 0, goodput 0.00 Mbps
UE 2362: LCID 1: TX           3507 RX            286 bytes
UE 2362: LCID 2: TX              0 RX              0 bytes
UE 2362: LCID 4: TX             21 RX            390 bytes

[0m[NR_MAC] Frame.Slot 256.0
UE RNTI 2362 CU-UE-ID 1 in-sync PH 48 dB PCMAX 20 dBm, average RSRP -43 (16 meas)
UE 2362: UL-RI 1, TPMI 0
UE 2362: dlsch_rounds 163/0/0/0, dlsch_errors 0, pucch0_DTX 0 (SNR 21.9+1.9 dB), BLER 0.00000 MCS (0) 0 CCE fail 6, goodput 0.00 Mbps
UE 2362: ulsch_rounds 1364/0/0/0, ulsch_errors 0, ulsch_DTX 0, BLER 0.00000 MCS (0) 0 (Qm 2 deltaMCS 0 dB) NPRB 5 SNR 16.9 (+1.9) dB CCE fail 0, goodput 0.00 Mbps
UE 2362: LCID 1: TX           3507 RX            286 bytes
UE 2362: LCID 2: TX              0 RX              0 bytes
UE 2362: LCID 4: TX             21 RX            390 bytes

[0m[NR_MAC] Frame.Slot 384.0
UE RNTI 2362 CU-UE-ID 1 in-sync PH 48 dB PCMAX 20 dBm, average RSRP -43 (16 meas)
UE 2362: UL-RI 1, TPMI 0
UE 2362: dlsch_rounds 165/0/0/0, dlsch_errors 0, pucch0_DTX 0 (SNR 22.0+2.0 dB), BLER 0.00000 MCS (0) 0 CCE fail 6, goodput 0.00 Mbps
UE 2362: ulsch_rounds 1377/0/0/0, ulsch_errors 0, ulsch_DTX 0, BLER 0.00000 MCS (0) 0 (Qm 2 deltaMCS 0 dB) NPRB 5 SNR 17.1 (+2.1) dB CCE fail 0, goodput 0.00 Mbps
UE 2362: LCID 1: TX           3507 RX            286 bytes
UE 2362: LCID 2: TX              0 RX              0 bytes
UE 2362: LCID 4: TX             21 RX            390 bytes

[0m[NR_MAC] Frame.Slot 512.0
UE RNTI 2362 CU-UE-ID 1 in-sync PH 48 dB PCMAX 20 dBm, average RSRP -43 (16 meas)
UE 2362: UL-RI 1, TPMI 0
UE 2362: dlsch_rounds 166/0/0/0, dlsch_errors 0, pucch0_DTX 0 (SNR 22.0+2.0 dB), BLER 0.00000 MCS (0) 0 CCE fail 6, goodput 0.00 Mbps
UE 2362: ulsch_rounds 1389/0/0/0, ulsch_errors 0, ulsch_DTX 0, BLER 0.00000 MCS (0) 0 (Qm 2 deltaMCS 0 dB) NPRB 5 SNR 16.1 (+1.1) dB CCE fail 0, goodput 0.00 Mbps
UE 2362: LCID 1: TX           3507 RX            286 bytes
UE 2362: LCID 2: TX              0 RX              0 bytes
UE 2362: LCID 4: TX             21 RX            390 bytes

[0m[NR_MAC] Frame.Slot 640.0
UE RNTI 2362 CU-UE-ID 1 in-sync PH 48 dB PCMAX 20 dBm, average RSRP -43 (16 meas)
UE 2362: UL-RI 1, TPMI 0
UE 2362: dlsch_rounds 167/0/0/0, dlsch_errors 0, pucch0_DTX 0 (SNR 21.1+1.1 dB), BLER 0.00000 MCS (0) 0 CCE fail 6, goodput 0.00 Mbps
UE 2362: ulsch_rounds 1402/0/0/0, ulsch_errors 0, ulsch_DTX 0, BLER 0.00000 MCS (0) 0 (Qm 2 deltaMCS 0 dB) NPRB 5 SNR 16.2 (+1.2) dB CCE fail 0, goodput 0.00 Mbps
UE 2362: LCID 1: TX           3507 RX            286 bytes
UE 2362: LCID 2: TX              0 RX              0 bytes
UE 2362: LCID 4: TX             21 RX            390 bytes

[0m[NR_MAC] Frame.Slot 768.0
UE RNTI 2362 CU-UE-ID 1 in-sync PH 48 dB PCMAX 20 dBm, average RSRP -43 (16 meas)
UE 2362: UL-RI 1, TPMI 0
UE 2362: dlsch_rounds 168/0/0/0, dlsch_errors 0, pucch0_DTX 0 (SNR 21.1+1.1 dB), BLER 0.00000 MCS (0) 0 CCE fail 6, goodput 0.00 Mbps
UE 2362: ulsch_rounds 1415/0/0/0, ulsch_errors 0, ulsch_DTX 0, BLER 0.00000 MCS (0) 0 (Qm 2 deltaMCS 0 dB) NPRB 5 SNR 16.4 (+1.4) dB CCE fail 0, goodput 0.00 Mbps
UE 2362: LCID 1: TX           3507 RX            286 bytes
UE 2362: LCID 2: TX              0 RX              0 bytes
UE 2362: LCID 4: TX             21 RX            390 bytes

[0m[NR_MAC] Frame.Slot 896.0
UE RNTI 2362 CU-UE-ID 1 in-sync PH 48 dB PCMAX 20 dBm, average RSRP -43 (16 meas)
UE 2362: UL-RI 1, TPMI 0
UE 2362: dlsch_rounds 170/0/0/0, dlsch_errors 0, pucch0_DTX 0 (SNR 21.2+1.2 dB), BLER 0.00000 MCS (0) 0 CCE fail 6, goodput 0.00 Mbps
UE 2362: ulsch_rounds 1428/0/0/0, ulsch_errors 0, ulsch_DTX 0, BLER 0.00000 MCS (0) 0 (Qm 2 deltaMCS 0 dB) NPRB 5 SNR 16.5 (+1.5) dB CCE fail 0, goodput 0.00 Mbps
UE 2362: LCID 1: TX           3507 RX            286 bytes
UE 2362: LCID 2: TX              0 RX              0 bytes
UE 2362: LCID 4: TX             21 RX            390 bytes

[0m[NR_MAC] Frame.Slot 0.0
UE RNTI 2362 CU-UE-ID 1 in-sync PH 48 dB PCMAX 20 dBm, average RSRP -43 (16 meas)
UE 2362: UL-RI 1, TPMI 0
UE 2362: dlsch_rounds 171/0/0/0, dlsch_errors 0, pucch0_DTX 0 (SNR 21.2+1.2 dB), BLER 0.00000 MCS (0) 0 CCE fail 6, goodput 0.00 Mbps
UE 2362: ulsch_rounds 1441/0/0/0, ulsch_errors 0, ulsch_DTX 0, BLER 0.00000 MCS (0) 0 (Qm 2 deltaMCS 0 dB) NPRB 5 SNR 16.7 (+1.7) dB CCE fail 0, goodput 0.00 Mbps
UE 2362: LCID 1: TX           3507 RX            286 bytes
UE 2362: LCID 2: TX              0 RX              0 bytes
UE 2362: LCID 4: TX             21 RX            390 bytes

[0m[NR_MAC] Frame.Slot 128.0
UE RNTI 2362 CU-UE-ID 1 in-sync PH 48 dB PCMAX 20 dBm, average RSRP -43 (16 meas)
UE 2362: UL-RI 1, TPMI 0
UE 2362: dlsch_rounds 172/0/0/0, dlsch_errors 0, pucch0_DTX 0 (SNR 21.3+1.3 dB), BLER 0.00000 MCS (0) 0 CCE fail 6, goodput 0.00 Mbps
UE 2362: ulsch_rounds 1453/0/0/0, ulsch_errors 0, ulsch_DTX 0, BLER 0.00000 MCS (0) 0 (Qm 2 deltaMCS 0 dB) NPRB 5 SNR 16.7 (+1.7) dB CCE fail 0, goodput 0.00 Mbps
UE 2362: LCID 1: TX           3507 RX            286 bytes
UE 2362: LCID 2: TX              0 RX              0 bytes
UE 2362: LCID 4: TX             21 RX            390 bytes

[0m[NR_MAC] Frame.Slot 256.0
UE RNTI 2362 CU-UE-ID 1 in-sync PH 48 dB PCMAX 20 dBm, average RSRP -43 (16 meas)
UE 2362: UL-RI 1, TPMI 0
UE 2362: dlsch_rounds 174/0/0/0, dlsch_errors 0, pucch0_DTX 0 (SNR 21.4+1.4 dB), BLER 0.00000 MCS (0) 0 CCE fail 6, goodput 0.00 Mbps
UE 2362: ulsch_rounds 1466/0/0/0, ulsch_errors 0, ulsch_DTX 0, BLER 0.00000 MCS (0) 0 (Qm 2 deltaMCS 0 dB) NPRB 5 SNR 16.8 (+1.8) dB CCE fail 0, goodput 0.00 Mbps
UE 2362: LCID 1: TX           3507 RX            286 bytes
UE 2362: LCID 2: TX              0 RX              0 bytes
UE 2362: LCID 4: TX             21 RX            390 bytes

[0m[NR_MAC] Frame.Slot 384.0
UE RNTI 2362 CU-UE-ID 1 in-sync PH 48 dB PCMAX 20 dBm, average RSRP -43 (16 meas)
UE 2362: UL-RI 1, TPMI 0
UE 2362: dlsch_rounds 175/0/0/0, dlsch_errors 0, pucch0_DTX 0 (SNR 21.4+1.4 dB), BLER 0.00000 MCS (0) 0 CCE fail 6, goodput 0.00 Mbps
UE 2362: ulsch_rounds 1479/0/0/0, ulsch_errors 0, ulsch_DTX 0, BLER 0.00000 MCS (0) 0 (Qm 2 deltaMCS 0 dB) NPRB 5 SNR 16.9 (+1.9) dB CCE fail 0, goodput 0.00 Mbps
UE 2362: LCID 1: TX           3507 RX            286 bytes
UE 2362: LCID 2: TX              0 RX              0 bytes
UE 2362: LCID 4: TX             21 RX            390 bytes

[0m[NR_MAC] Frame.Slot 512.0
UE RNTI 2362 CU-UE-ID 1 in-sync PH 48 dB PCMAX 20 dBm, average RSRP -43 (16 meas)
UE 2362: UL-RI 1, TPMI 0
UE 2362: dlsch_rounds 176/0/0/0, dlsch_errors 0, pucch0_DTX 0 (SNR 21.5+1.5 dB), BLER 0.00000 MCS (0) 0 CCE fail 6, goodput 0.00 Mbps
UE 2362: ulsch_rounds 1492/0/0/0, ulsch_errors 0, ulsch_DTX 0, BLER 0.00000 MCS (0) 0 (Qm 2 deltaMCS 0 dB) NPRB 5 SNR 17.0 (+2.0) dB CCE fail 0, goodput 0.00 Mbps
UE 2362: LCID 1: TX           3507 RX            286 bytes
UE 2362: LCID 2: TX              0 RX              0 bytes
UE 2362: LCID 4: TX             21 RX            390 bytes

[0m[NR_MAC] Frame.Slot 640.0
UE RNTI 2362 CU-UE-ID 1 in-sync PH 48 dB PCMAX 20 dBm, average RSRP -43 (16 meas)
UE 2362: UL-RI 1, TPMI 0
UE 2362: dlsch_rounds 177/0/0/0, dlsch_errors 0, pucch0_DTX 0 (SNR 21.5+1.5 dB), BLER 0.00000 MCS (0) 0 CCE fail 6, goodput 0.00 Mbps
UE 2362: ulsch_rounds 1505/0/0/0, ulsch_errors 0, ulsch_DTX 0, BLER 0.00000 MCS (0) 0 (Qm 2 deltaMCS 0 dB) NPRB 5 SNR 16.2 (+1.2) dB CCE fail 0, goodput 0.00 Mbps
UE 2362: LCID 1: TX           3507 RX            286 bytes
UE 2362: LCID 2: TX              0 RX              0 bytes
UE 2362: LCID 4: TX             21 RX            390 bytes

[0m[NR_MAC] Frame.Slot 768.0
UE RNTI 2362 CU-UE-ID 1 in-sync PH 48 dB PCMAX 20 dBm, average RSRP -43 (16 meas)
UE 2362: UL-RI 1, TPMI 0
UE 2362: dlsch_rounds 179/0/0/0, dlsch_errors 0, pucch0_DTX 0 (SNR 21.6+1.6 dB), BLER 0.00000 MCS (0) 0 CCE fail 6, goodput 0.00 Mbps
UE 2362: ulsch_rounds 1517/0/0/0, ulsch_errors 0, ulsch_DTX 0, BLER 0.00000 MCS (0) 0 (Qm 2 deltaMCS 0 dB) NPRB 5 SNR 16.2 (+1.2) dB CCE fail 0, goodput 0.00 Mbps
UE 2362: LCID 1: TX           3507 RX            286 bytes
UE 2362: LCID 2: TX              0 RX              0 bytes
UE 2362: LCID 4: TX             21 RX            390 bytes

[0m[NR_MAC] Frame.Slot 896.0
UE RNTI 2362 CU-UE-ID 1 in-sync PH 48 dB PCMAX 20 dBm, average RSRP -43 (16 meas)
UE 2362: UL-RI 1, TPMI 0
UE 2362: dlsch_rounds 180/0/0/0, dlsch_errors 0, pucch0_DTX 0 (SNR 21.6+1.6 dB), BLER 0.00000 MCS (0) 0 CCE fail 6, goodput 0.00 Mbps
UE 2362: ulsch_rounds 1530/0/0/0, ulsch_errors 0, ulsch_DTX 0, BLER 0.00000 MCS (0) 0 (Qm 2 deltaMCS 0 dB) NPRB 5 SNR 16.4 (+1.4) dB CCE fail 0, goodput 0.00 Mbps
UE 2362: LCID 1: TX           3507 RX            286 bytes
UE 2362: LCID 2: TX              0 RX              0 bytes
UE 2362: LCID 4: TX             21 RX            390 bytes

[0m[NR_MAC] Frame.Slot 0.0
UE RNTI 2362 CU-UE-ID 1 in-sync PH 48 dB PCMAX 20 dBm, average RSRP -43 (16 meas)
UE 2362: UL-RI 1, TPMI 0
UE 2362: dlsch_rounds 181/0/0/0, dlsch_errors 0, pucch0_DTX 0 (SNR 21.7+1.7 dB), BLER 0.00000 MCS (0) 0 CCE fail 6, goodput 0.00 Mbps
UE 2362: ulsch_rounds 1543/0/0/0, ulsch_errors 0, ulsch_DTX 0, BLER 0.00000 MCS (0) 0 (Qm 2 deltaMCS 0 dB) NPRB 5 SNR 16.5 (+1.5) dB CCE fail 0, goodput 0.00 Mbps
UE 2362: LCID 1: TX           3507 RX            286 bytes
UE 2362: LCID 2: TX              0 RX              0 bytes
UE 2362: LCID 4: TX             21 RX            390 bytes

[0m[NR_MAC] Frame.Slot 128.0
UE RNTI 2362 CU-UE-ID 1 in-sync PH 48 dB PCMAX 20 dBm, average RSRP -43 (16 meas)
UE 2362: UL-RI 1, TPMI 0
UE 2362: dlsch_rounds 183/0/0/0, dlsch_errors 0, pucch0_DTX 0 (SNR 21.7+1.7 dB), BLER 0.00000 MCS (0) 0 CCE fail 6, goodput 0.00 Mbps
UE 2362: ulsch_rounds 1556/0/0/0, ulsch_errors 0, ulsch_DTX 0, BLER 0.00000 MCS (0) 0 (Qm 2 deltaMCS 0 dB) NPRB 5 SNR 16.6 (+1.6) dB CCE fail 0, goodput 0.00 Mbps
UE 2362: LCID 1: TX           3507 RX            286 bytes
UE 2362: LCID 2: TX              0 RX              0 bytes
UE 2362: LCID 4: TX             21 RX            390 bytes

[0m[NR_MAC] Frame.Slot 256.0
UE RNTI 2362 CU-UE-ID 1 in-sync PH 48 dB PCMAX 20 dBm, average RSRP -43 (16 meas)
UE 2362: UL-RI 1, TPMI 0
UE 2362: dlsch_rounds 184/0/0/0, dlsch_errors 0, pucch0_DTX 0 (SNR 21.8+1.8 dB), BLER 0.00000 MCS (0) 0 CCE fail 6, goodput 0.00 Mbps
UE 2362: ulsch_rounds 1569/0/0/0, ulsch_errors 0, ulsch_DTX 0, BLER 0.00000 MCS (0) 0 (Qm 2 deltaMCS 0 dB) NPRB 5 SNR 16.7 (+1.7) dB CCE fail 0, goodput 0.00 Mbps
UE 2362: LCID 1: TX           3507 RX            286 bytes
UE 2362: LCID 2: TX              0 RX              0 bytes
UE 2362: LCID 4: TX             21 RX            390 bytes

[0m[NR_MAC] Frame.Slot 384.0
UE RNTI 2362 CU-UE-ID 1 in-sync PH 48 dB PCMAX 20 dBm, average RSRP -43 (16 meas)
UE 2362: UL-RI 1, TPMI 0
UE 2362: dlsch_rounds 185/0/0/0, dlsch_errors 0, pucch0_DTX 0 (SNR 21.8+1.8 dB), BLER 0.00000 MCS (0) 0 CCE fail 6, goodput 0.00 Mbps
UE 2362: ulsch_rounds 1581/0/0/0, ulsch_errors 0, ulsch_DTX 0, BLER 0.00000 MCS (0) 0 (Qm 2 deltaMCS 0 dB) NPRB 5 SNR 16.8 (+1.8) dB CCE fail 0, goodput 0.00 Mbps
UE 2362: LCID 1: TX           3507 RX            286 bytes
UE 2362: LCID 2: TX              0 RX              0 bytes
UE 2362: LCID 4: TX             21 RX            390 bytes

[0m[NR_MAC] Frame.Slot 512.0
UE RNTI 2362 CU-UE-ID 1 in-sync PH 48 dB PCMAX 20 dBm, average RSRP -43 (16 meas)
UE 2362: UL-RI 1, TPMI 0
UE 2362: dlsch_rounds 186/0/0/0, dlsch_errors 0, pucch0_DTX 0 (SNR 21.8+1.8 dB), BLER 0.00000 MCS (0) 0 CCE fail 6, goodput 0.00 Mbps
UE 2362: ulsch_rounds 1594/0/0/0, ulsch_errors 0, ulsch_DTX 0, BLER 0.00000 MCS (0) 0 (Qm 2 deltaMCS 0 dB) NPRB 5 SNR 16.9 (+1.9) dB CCE fail 0, goodput 0.00 Mbps
UE 2362: LCID 1: TX           3507 RX            286 bytes
UE 2362: LCID 2: TX              0 RX              0 bytes
UE 2362: LCID 4: TX             21 RX            390 bytes

[0m[NR_MAC] Frame.Slot 640.0
UE RNTI 2362 CU-UE-ID 1 in-sync PH 48 dB PCMAX 20 dBm, average RSRP -43 (16 meas)
UE 2362: UL-RI 1, TPMI 0
UE 2362: dlsch_rounds 188/0/0/0, dlsch_errors 0, pucch0_DTX 0 (SNR 21.9+1.9 dB), BLER 0.00000 MCS (0) 0 CCE fail 6, goodput 0.00 Mbps
UE 2362: ulsch_rounds 1607/0/0/0, ulsch_errors 0, ulsch_DTX 0, BLER 0.00000 MCS (0) 0 (Qm 2 deltaMCS 0 dB) NPRB 5 SNR 17.0 (+2.0) dB CCE fail 0, goodput 0.00 Mbps
UE 2362: LCID 1: TX           3507 RX            286 bytes
UE 2362: LCID 2: TX              0 RX              0 bytes
UE 2362: LCID 4: TX             21 RX            390 bytes

[0m[NR_MAC] Frame.Slot 768.0
UE RNTI 2362 CU-UE-ID 1 in-sync PH 48 dB PCMAX 20 dBm, average RSRP -43 (16 meas)
UE 2362: UL-RI 1, TPMI 0
UE 2362: dlsch_rounds 189/0/0/0, dlsch_errors 0, pucch0_DTX 0 (SNR 22.0+2.0 dB), BLER 0.00000 MCS (0) 0 CCE fail 6, goodput 0.00 Mbps
UE 2362: ulsch_rounds 1620/0/0/0, ulsch_errors 0, ulsch_DTX 0, BLER 0.00000 MCS (0) 0 (Qm 2 deltaMCS 0 dB) NPRB 5 SNR 16.1 (+1.1) dB CCE fail 0, goodput 0.00 Mbps
UE 2362: LCID 1: TX           3507 RX            286 bytes
UE 2362: LCID 2: TX              0 RX              0 bytes
UE 2362: LCID 4: TX             21 RX            390 bytes

[0m[NR_MAC] Frame.Slot 896.0
UE RNTI 2362 CU-UE-ID 1 in-sync PH 48 dB PCMAX 20 dBm, average RSRP -43 (16 meas)
UE 2362: UL-RI 1, TPMI 0
UE 2362: dlsch_rounds 190/0/0/0, dlsch_errors 0, pucch0_DTX 0 (SNR 22.0+2.0 dB), BLER 0.00000 MCS (0) 0 CCE fail 6, goodput 0.00 Mbps
UE 2362: ulsch_rounds 1633/0/0/0, ulsch_errors 0, ulsch_DTX 0, BLER 0.00000 MCS (0) 0 (Qm 2 deltaMCS 0 dB) NPRB 5 SNR 16.3 (+1.3) dB CCE fail 0, goodput 0.00 Mbps
UE 2362: LCID 1: TX           3507 RX            286 bytes
UE 2362: LCID 2: TX              0 RX              0 bytes
UE 2362: LCID 4: TX             21 RX            390 bytes

[0m[NR_MAC] Frame.Slot 0.0
UE RNTI 2362 CU-UE-ID 1 in-sync PH 48 dB PCMAX 20 dBm, average RSRP -43 (16 meas)
UE 2362: UL-RI 1, TPMI 0
UE 2362: dlsch_rounds 192/0/0/0, dlsch_errors 0, pucch0_DTX 0 (SNR 22.0+2.0 dB), BLER 0.00000 MCS (0) 0 CCE fail 6, goodput 0.00 Mbps
UE 2362: ulsch_rounds 1645/0/0/0, ulsch_errors 0, ulsch_DTX 0, BLER 0.00000 MCS (0) 0 (Qm 2 deltaMCS 0 dB) NPRB 5 SNR 16.3 (+1.3) dB CCE fail 0, goodput 0.00 Mbps
UE 2362: LCID 1: TX           3507 RX            286 bytes
UE 2362: LCID 2: TX              0 RX              0 bytes
UE 2362: LCID 4: TX             21 RX            390 bytes

[0m[NR_MAC] Frame.Slot 128.0
UE RNTI 2362 CU-UE-ID 1 in-sync PH 48 dB PCMAX 20 dBm, average RSRP -43 (16 meas)
UE 2362: UL-RI 1, TPMI 0
UE 2362: dlsch_rounds 193/0/0/0, dlsch_errors 0, pucch0_DTX 0 (SNR 21.1+1.1 dB), BLER 0.00000 MCS (0) 0 CCE fail 6, goodput 0.00 Mbps
UE 2362: ulsch_rounds 1658/0/0/0, ulsch_errors 0, ulsch_DTX 0, BLER 0.00000 MCS (0) 0 (Qm 2 deltaMCS 0 dB) NPRB 5 SNR 16.5 (+1.5) dB CCE fail 0, goodput 0.00 Mbps
UE 2362: LCID 1: TX           3507 RX            286 bytes
UE 2362: LCID 2: TX              0 RX              0 bytes
UE 2362: LCID 4: TX             21 RX            390 bytes

[0m[NR_MAC] Frame.Slot 256.0
UE RNTI 2362 CU-UE-ID 1 in-sync PH 48 dB PCMAX 20 dBm, average RSRP -43 (16 meas)
UE 2362: UL-RI 1, TPMI 0
UE 2362: dlsch_rounds 194/0/0/0, dlsch_errors 0, pucch0_DTX 0 (SNR 21.1+1.1 dB), BLER 0.00000 MCS (0) 0 CCE fail 6, goodput 0.00 Mbps
UE 2362: ulsch_rounds 1671/0/0/0, ulsch_errors 0, ulsch_DTX 0, BLER 0.00000 MCS (0) 0 (Qm 2 deltaMCS 0 dB) NPRB 5 SNR 16.6 (+1.6) dB CCE fail 0, goodput 0.00 Mbps
UE 2362: LCID 1: TX           3507 RX            286 bytes
UE 2362: LCID 2: TX              0 RX              0 bytes
UE 2362: LCID 4: TX             21 RX            390 bytes

[0m[NR_MAC] Frame.Slot 384.0
UE RNTI 2362 CU-UE-ID 1 in-sync PH 48 dB PCMAX 20 dBm, average RSRP -43 (16 meas)
UE 2362: UL-RI 1, TPMI 0
UE 2362: dlsch_rounds 195/0/0/0, dlsch_errors 0, pucch0_DTX 0 (SNR 21.2+1.2 dB), BLER 0.00000 MCS (0) 0 CCE fail 6, goodput 0.00 Mbps
UE 2362: ulsch_rounds 1684/0/0/0, ulsch_errors 0, ulsch_DTX 0, BLER 0.00000 MCS (0) 0 (Qm 2 deltaMCS 0 dB) NPRB 5 SNR 16.7 (+1.7) dB CCE fail 0, goodput 0.00 Mbps
UE 2362: LCID 1: TX           3507 RX            286 bytes
UE 2362: LCID 2: TX              0 RX              0 bytes
UE 2362: LCID 4: TX             21 RX            390 bytes

[0m(1, ffffff).
[E2 AGENT][E2SM-KPM] Condition NSSAI (1, ffffff).
[E2 AGENT][E2SM-KPM] Condition NSSAI (1, ffffff).
[E2 AGENT][E2SM-KPM] Condition NSSAI (1, ffffff).
[E2 AGENT][E2SM-KPM] Condition NSSAI (1, ffffff).
[E2 AGENT][E2SM-KPM] Condition NSSAI (1, ffffff).
[E2 AGENT][E2SM-KPM] Condition NSSAI (1, ffffff).
[E2 AGENT][E2SM-KPM] Condition NSSAI (1, ffffff).
[E2 AGENT][E2SM-KPM] Condition NSSAI (1, ffffff).
[E2 AGENT][E2SM-KPM] Condition NSSAI (1, ffffff).
[E2 AGENT][E2SM-KPM] Condition NSSAI (1, ffffff).
[E2 AGENT][E2SM-KPM] Condition NSSAI (1, ffffff).
[E2 AGENT][E2SM-KPM] Condition NSSAI (1, ffffff).
[E2 AGENT][E2SM-KPM] Condition NSSAI (1, ffffff).
[E2 AGENT][E2SM-KPM] Condition NSSAI (1, ffffff).
[E2 AGENT][E2SM-KPM] Condition NSSAI (1, ffffff).
[E2 AGENT][E2SM-KPM] Condition NSSAI (1, ffffff).
[E2 AGENT][E2SM-KPM] Condition NSSAI (1, ffffff).
[E2 AGENT][E2SM-KPM] Condition NSSAI (1, ffffff).
[E2 AGENT][E2SM-KPM] Condition NSSAI (1, ffffff).
[E2 AGENT][E2SM-KPM] Condition NSSAI (1, ffffff).
[E2 AGENT][E2SM-KPM] Condition NSSAI (1, ffffff).
[E2 AGENT][E2SM-KPM] Condition NSSAI (1, ffffff).
[E2 AGENT][E2SM-KPM] Condition NSSAI (1, ffffff).
[E2 AGENT][E2SM-KPM] Condition NSSAI (1, ffffff).
[E2 AGENT][E2SM-KPM] Condition NSSAI (1, ffffff).
[E2 AGENT][E2SM-KPM] Condition NSSAI (1, ffffff).
[E2 AGENT][E2SM-KPM] Condition NSSAI (1, ffffff).
[E2 AGENT][E2SM-KPM] Condition NSSAI (1, ffffff).
[E2 AGENT][E2SM-KPM] Condition NSSAI (1, ffffff).
[E2 AGENT][E2SM-KPM] Condition NSSAI (1, ffffff).
[E2 AGENT][E2SM-KPM] Condition NSSAI (1, ffffff).
[E2 AGENT][E2SM-KPM] Condition NSSAI (1, ffffff).
[E2 AGENT][E2SM-KPM] Condition NSSAI (1, ffffff).
[E2 AGENT][E2SM-KPM] Condition NSSAI (1, ffffff).
[E2 AGENT][E2SM-KPM] Condition NSSAI (1, ffffff).
[E2 AGENT][E2SM-KPM] Condition NSSAI (1, ffffff).
[E2 AGENT][E2SM-KPM] Condition NSSAI (1, ffffff).
[E2 AGENT][E2SM-KPM] Condition NSSAI (1, ffffff).
[E2 AGENT][E2SM-KPM] Condition NSSAI (1, ffffff).
[E2 AGENT][E2SM-KPM] Condition NSSAI (1, ffffff).
[E2 AGENT][E2SM-KPM] Condition NSSAI (1, ffffff).
[E2 AGENT][E2SM-KPM] Condition NSSAI (1, ffffff).
[E2 AGENT][E2SM-KPM] Condition NSSAI (1, ffffff).
[E2 AGENT][E2SM-KPM] Condition NSSAI (1, ffffff).
[E2 AGENT][E2SM-KPM] Condition NSSAI (1, ffffff).
[E2 AGENT][E2SM-KPM] Condition NSSAI (1, ffffff).
[E2 AGENT][E2SM-KPM] Condition NSSAI (1, ffffff).
[E2 AGENT][E2SM-KPM] Condition NSSAI (1, ffffff).
[E2 AGENT][E2SM-KPM] Condition NSSAI (1, ffffff).
[E2 AGENT][E2SM-KPM] Condition NSSAI (1, ffffff).
[E2 AGENT][E2SM-KPM] Condition NSSAI (1, ffffff).
[E2 AGENT][E2SM-KPM] Condition NSSAI (1, ffffff).
[E2 AGENT][E2SM-KPM] Condition NSSAI (1, ffffff).
[E2 AGENT][E2SM-KPM] Condition NSSAI (1, ffffff).
[E2 AGENT][E2SM-KPM] Condition NSSAI (1, ffffff).
[E2 AGENT][E2SM-KPM] Condition NSSAI (1, ffffff).
[E2 AGENT][E2SM-KPM] Condition NSSAI (1, ffffff).
[E2 AGENT][E2SM-KPM] Condition NSSAI (1, ffffff).
[E2 AGENT][E2SM-KPM] Condition NSSAI (1, ffffff).
[E2 AGENT][E2SM-KPM] Condition NSSAI (1, ffffff).
[E2 AGENT][E2SM-KPM] Condition NSSAI (1, ffffff).
[E2 AGENT][E2SM-KPM] Condition NSSAI (1, ffffff).
[E2 AGENT][E2SM-KPM] Condition NSSAI (1, ffffff).
[E2 AGENT][E2SM-KPM] Condition NSSAI (1, ffffff).
[E2 AGENT][E2SM-KPM] Condition NSSAI (1, ffffff).
[E2 AGENT][E2SM-KPM] Condition NSSAI (1, ffffff).
[E2 AGENT][E2SM-KPM] Condition NSSAI (1, ffffff).
[E2 AGENT][E2SM-KPM] Condition NSSAI (1, ffffff).
[E2 AGENT][E2SM-KPM] Condition NSSAI (1, ffffff).
[E2 AGENT][E2SM-KPM] Condition NSSAI (1, ffffff).
[E2 AGENT][E2SM-KPM] Condition NSSAI (1, ffffff).
[E2 AGENT][E2SM-KPM] Condition NSSAI (1, ffffff).
[E2 AGENT][E2SM-KPM] Condition NSSAI (1, ffffff).
[E2 AGENT][E2SM-KPM] Condition NSSAI (1, ffffff).
[E2 AGENT][E2SM-KPM] Condition NSSAI (1, ffffff).
[E2 AGENT][E2SM-KPM] Condition NSSAI (1, ffffff).
[E2 AGENT][E2SM-KPM] Condition NSSAI (1, ffffff).
[E2 AGENT][E2SM-KPM] Condition NSSAI (1, ffffff).
[E2 AGENT][E2SM-KPM] Condition NSSAI (1, ffffff).
[E2 AGENT][E2SM-KPM] Condition NSSAI (1, ffffff).
[E2 AGENT][E2SM-KPM] Condition NSSAI (1, ffffff).
[E2 AGENT][E2SM-KPM] Condition NS[NR_MAC] Frame.Slot 512.0
UE RNTI 2362 CU-UE-ID 1 in-sync PH 48 dB PCMAX 20 dBm, average RSRP -43 (16 meas)
UE 2362: UL-RI 1, TPMI 0
UE 2362: dlsch_rounds 197/0/0/0, dlsch_errors 0, pucch0_DTX 0 (SNR 21.3+1.3 dB), BLER 0.00000 MCS (0) 0 CCE fail 6, goodput 0.00 Mbps
UE 2362: ulsch_rounds 1697/0/0/0, ulsch_errors 0, ulsch_DTX 0, BLER 0.00000 MCS (0) 0 (Qm 2 deltaMCS 0 dB) NPRB 5 SNR 16.9 (+1.9) dB CCE fail 0, goodput 0.00 Mbps
UE 2362: LCID 1: TX           3507 RX            286 bytes
UE 2362: LCID 2: TX              0 RX              0 bytes
UE 2362: LCID 4: TX             21 RX            390 bytes

[0m[NR_MAC] Frame.Slot 640.0
UE RNTI 2362 CU-UE-ID 1 in-sync PH 48 dB PCMAX 20 dBm, average RSRP -43 (16 meas)
UE 2362: UL-RI 1, TPMI 0
UE 2362: dlsch_rounds 198/0/0/0, dlsch_errors 0, pucch0_DTX 0 (SNR 21.3+1.3 dB), BLER 0.00000 MCS (0) 0 CCE fail 6, goodput 0.00 Mbps
UE 2362: ulsch_rounds 1709/0/0/0, ulsch_errors 0, ulsch_DTX 0, BLER 0.00000 MCS (0) 0 (Qm 2 deltaMCS 0 dB) NPRB 5 SNR 16.9 (+1.9) dB CCE fail 0, goodput 0.00 Mbps
UE 2362: LCID 1: TX           3507 RX            286 bytes
UE 2362: LCID 2: TX              0 RX              0 bytes
UE 2362: LCID 4: TX             21 RX            390 bytes

[0m[NR_MAC] Frame.Slot 768.0
UE RNTI 2362 CU-UE-ID 1 in-sync PH 48 dB PCMAX 20 dBm, average RSRP -43 (16 meas)
UE 2362: UL-RI 1, TPMI 0
UE 2362: dlsch_rounds 199/0/0/0, dlsch_errors 0, pucch0_DTX 0 (SNR 21.4+1.4 dB), BLER 0.00000 MCS (0) 0 CCE fail 6, goodput 0.00 Mbps
UE 2362: ulsch_rounds 1722/0/0/0, ulsch_errors 0, ulsch_DTX 0, BLER 0.00000 MCS (0) 0 (Qm 2 deltaMCS 0 dB) NPRB 5 SNR 17.0 (+2.0) dB CCE fail 0, goodput 0.00 Mbps
UE 2362: LCID 1: TX           3507 RX            286 bytes
UE 2362: LCID 2: TX              0 RX              0 bytes
UE 2362: LCID 4: TX             21 RX            390 bytes

[0m[NR_MAC] Frame.Slot 896.0
UE RNTI 2362 CU-UE-ID 1 in-sync PH 48 dB PCMAX 20 dBm, average RSRP -43 (16 meas)
UE 2362: UL-RI 1, TPMI 0
UE 2362: dlsch_rounds 200/0/0/0, dlsch_errors 0, pucch0_DTX 0 (SNR 21.4+1.4 dB), BLER 0.00000 MCS (0) 0 CCE fail 6, goodput 0.00 Mbps
UE 2362: ulsch_rounds 1735/0/0/0, ulsch_errors 0, ulsch_DTX 0, BLER 0.00000 MCS (0) 0 (Qm 2 deltaMCS 0 dB) NPRB 5 SNR 16.2 (+1.2) dB CCE fail 0, goodput 0.00 Mbps
UE 2362: LCID 1: TX           3507 RX            286 bytes
UE 2362: LCID 2: TX              0 RX              0 bytes
UE 2362: LCID 4: TX             21 RX            390 bytes

[0m[NR_MAC] Frame.Slot 0.0
UE RNTI 2362 CU-UE-ID 1 in-sync PH 48 dB PCMAX 20 dBm, average RSRP -43 (16 meas)
UE 2362: UL-RI 1, TPMI 0
UE 2362: dlsch_rounds 202/0/0/0, dlsch_errors 0, pucch0_DTX 0 (SNR 21.5+1.5 dB), BLER 0.00000 MCS (0) 0 CCE fail 6, goodput 0.00 Mbps
UE 2362: ulsch_rounds 1748/0/0/0, ulsch_errors 0, ulsch_DTX 0, BLER 0.00000 MCS (0) 0 (Qm 2 deltaMCS 0 dB) NPRB 5 SNR 16.3 (+1.3) dB CCE fail 0, goodput 0.00 Mbps
UE 2362: LCID 1: TX           3507 RX            286 bytes
UE 2362: LCID 2: TX              0 RX              0 bytes
UE 2362: LCID 4: TX             21 RX            390 bytes

[0m[NR_MAC] Frame.Slot 128.0
UE RNTI 2362 CU-UE-ID 1 in-sync PH 48 dB PCMAX 20 dBm, average RSRP -43 (16 meas)
UE 2362: UL-RI 1, TPMI 0
UE 2362: dlsch_rounds 203/0/0/0, dlsch_errors 0, pucch0_DTX 0 (SNR 21.5+1.5 dB), BLER 0.00000 MCS (0) 0 CCE fail 6, goodput 0.00 Mbps
UE 2362: ulsch_rounds 1761/0/0/0, ulsch_errors 0, ulsch_DTX 0, BLER 0.00000 MCS (0) 0 (Qm 2 deltaMCS 0 dB) NPRB 5 SNR 16.4 (+1.4) dB CCE fail 0, goodput 0.00 Mbps
UE 2362: LCID 1: TX           3507 RX            286 bytes
UE 2362: LCID 2: TX              0 RX              0 bytes
UE 2362: LCID 4: TX             21 RX            390 bytes

[0m[NR_MAC] Frame.Slot 256.0
UE RNTI 2362 CU-UE-ID 1 in-sync PH 48 dB PCMAX 20 dBm, average RSRP -43 (16 meas)
UE 2362: UL-RI 1, TPMI 0
UE 2362: dlsch_rounds 204/0/0/0, dlsch_errors 0, pucch0_DTX 0 (SNR 21.6+1.6 dB), BLER 0.00000 MCS (0) 0 CCE fail 6, goodput 0.00 Mbps
UE 2362: ulsch_rounds 1773/0/0/0, ulsch_errors 0, ulsch_DTX 0, BLER 0.00000 MCS (0) 0 (Qm 2 deltaMCS 0 dB) NPRB 5 SNR 16.5 (+1.5) dB CCE fail 0, goodput 0.00 Mbps
UE 2362: LCID 1: TX           3507 RX            286 bytes
UE 2362: LCID 2: TX              0 RX              0 bytes
UE 2362: LCID 4: TX             21 RX            390 bytes

[0m[NR_MAC] Frame.Slot 384.0
UE RNTI 2362 CU-UE-ID 1 in-sync PH 48 dB PCMAX 20 dBm, average RSRP -43 (16 meas)
UE 2362: UL-RI 1, TPMI 0
UE 2362: dlsch_rounds 206/0/0/0, dlsch_errors 0, pucch0_DTX 0 (SNR 21.7+1.7 dB), BLER 0.00000 MCS (0) 0 CCE fail 6, goodput 0.00 Mbps
UE 2362: ulsch_rounds 1786/0/0/0, ulsch_errors 0, ulsch_DTX 0, BLER 0.00000 MCS (0) 0 (Qm 2 deltaMCS 0 dB) NPRB 5 SNR 16.6 (+1.6) dB CCE fail 0, goodput 0.00 Mbps
UE 2362: LCID 1: TX           3507 RX            286 bytes
UE 2362: LCID 2: TX              0 RX              0 bytes
UE 2362: LCID 4: TX             21 RX            390 bytes

[0m[NR_MAC] Frame.Slot 512.0
UE RNTI 2362 CU-UE-ID 1 in-sync PH 48 dB PCMAX 20 dBm, average RSRP -43 (16 meas)
UE 2362: UL-RI 1, TPMI 0
UE 2362: dlsch_rounds 207/0/0/0, dlsch_errors 0, pucch0_DTX 0 (SNR 21.7+1.7 dB), BLER 0.00000 MCS (0) 0 CCE fail 6, goodput 0.00 Mbps
UE 2362: ulsch_rounds 1799/0/0/0, ulsch_errors 0, ulsch_DTX 0, BLER 0.00000 MCS (0) 0 (Qm 2 deltaMCS 0 dB) NPRB 5 SNR 16.7 (+1.7) dB CCE fail 0, goodput 0.00 Mbps
UE 2362: LCID 1: TX           3507 RX            286 bytes
UE 2362: LCID 2: TX              0 RX              0 bytes
UE 2362: LCID 4: TX             21 RX            390 bytes

[0m[NR_MAC] Frame.Slot 640.0
UE RNTI 2362 CU-UE-ID 1 in-sync PH 48 dB PCMAX 20 dBm, average RSRP -43 (16 meas)
UE 2362: UL-RI 1, TPMI 0
UE 2362: dlsch_rounds 208/0/0/0, dlsch_errors 0, pucch0_DTX 0 (SNR 21.8+1.8 dB), BLER 0.00000 MCS (0) 0 CCE fail 6, goodput 0.00 Mbps
UE 2362: ulsch_rounds 1812/0/0/0, ulsch_errors 0, ulsch_DTX 0, BLER 0.00000 MCS (0) 0 (Qm 2 deltaMCS 0 dB) NPRB 5 SNR 16.8 (+1.8) dB CCE fail 0, goodput 0.00 Mbps
UE 2362: LCID 1: TX           3507 RX            286 bytes
UE 2362: LCID 2: TX              0 RX              0 bytes
UE 2362: LCID 4: TX             21 RX            390 bytes

[0m[NR_MAC] Frame.Slot 768.0
UE RNTI 2362 CU-UE-ID 1 in-sync PH 48 dB PCMAX 20 dBm, average RSRP -43 (16 meas)
UE 2362: UL-RI 1, TPMI 0
UE 2362: dlsch_rounds 209/0/0/0, dlsch_errors 0, pucch0_DTX 0 (SNR 21.8+1.8 dB), BLER 0.00000 MCS (0) 0 CCE fail 6, goodput 0.00 Mbps
UE 2362: ulsch_rounds 1825/0/0/0, ulsch_errors 0, ulsch_DTX 0, BLER 0.00000 MCS (0) 0 (Qm 2 deltaMCS 0 dB) NPRB 5 SNR 16.9 (+1.9) dB CCE fail 0, goodput 0.00 Mbps
UE 2362: LCID 1: TX           3507 RX            286 bytes
UE 2362: LCID 2: TX              0 RX              0 bytes
UE 2362: LCID 4: TX             21 RX            390 bytes

[0m[NR_MAC] Frame.Slot 896.0
UE RNTI 2362 CU-UE-ID 1 in-sync PH 48 dB PCMAX 20 dBm, average RSRP -43 (16 meas)
UE 2362: UL-RI 1, TPMI 0
UE 2362: dlsch_rounds 211/0/0/0, dlsch_errors 0, pucch0_DTX 0 (SNR 21.9+1.9 dB), BLER 0.00000 MCS (0) 0 CCE fail 6, goodput 0.00 Mbps
UE 2362: ulsch_rounds 1837/0/0/0, ulsch_errors 0, ulsch_DTX 0, BLER 0.00000 MCS (0) 0 (Qm 2 deltaMCS 0 dB) NPRB 5 SNR 17.0 (+2.0) dB CCE fail 0, goodput 0.00 Mbps
UE 2362: LCID 1: TX           3507 RX            286 bytes
UE 2362: LCID 2: TX              0 RX              0 bytes
UE 2362: LCID 4: TX             21 RX            390 bytes

[0m[NR_MAC] Frame.Slot 0.0
UE RNTI 2362 CU-UE-ID 1 in-sync PH 48 dB PCMAX 20 dBm, average RSRP -43 (16 meas)
UE 2362: UL-RI 1, TPMI 0
UE 2362: dlsch_rounds 212/0/0/0, dlsch_errors 0, pucch0_DTX 0 (SNR 21.9+1.9 dB), BLER 0.00000 MCS (0) 0 CCE fail 6, goodput 0.00 Mbps
UE 2362: ulsch_rounds 1850/0/0/0, ulsch_errors 0, ulsch_DTX 0, BLER 0.00000 MCS (0) 0 (Qm 2 deltaMCS 0 dB) NPRB 5 SNR 16.1 (+1.1) dB CCE fail 0, goodput 0.00 Mbps
UE 2362: LCID 1: TX           3507 RX            286 bytes
UE 2362: LCID 2: TX              0 RX              0 bytes
UE 2362: LCID 4: TX             21 RX            390 bytes

[0m[NR_MAC] Frame.Slot 128.0
UE RNTI 2362 CU-UE-ID 1 in-sync PH 48 dB PCMAX 20 dBm, average RSRP -43 (16 meas)
UE 2362: UL-RI 1, TPMI 0
UE 2362: dlsch_rounds 213/0/0/0, dlsch_errors 0, pucch0_DTX 0 (SNR 21.9+1.9 dB), BLER 0.00000 MCS (0) 0 CCE fail 6, goodput 0.00 Mbps
UE 2362: ulsch_rounds 1863/0/0/0, ulsch_errors 0, ulsch_DTX 0, BLER 0.00000 MCS (0) 0 (Qm 2 deltaMCS 0 dB) NPRB 5 SNR 16.3 (+1.3) dB CCE fail 0, goodput 0.00 Mbps
UE 2362: LCID 1: TX           3507 RX            286 bytes
UE 2362: LCID 2: TX              0 RX              0 bytes
UE 2362: LCID 4: TX             21 RX            390 bytes

[0m[NR_MAC] Frame.Slot 256.0
UE RNTI 2362 CU-UE-ID 1 in-sync PH 48 dB PCMAX 20 dBm, average RSRP -43 (16 meas)
UE 2362: UL-RI 1, TPMI 0
UE 2362: dlsch_rounds 215/0/0/0, dlsch_errors 0, pucch0_DTX 0 (SNR 22.0+2.0 dB), BLER 0.00000 MCS (0) 0 CCE fail 6, goodput 0.00 Mbps
UE 2362: ulsch_rounds 1876/0/0/0, ulsch_errors 0, ulsch_DTX 0, BLER 0.00000 MCS (0) 0 (Qm 2 deltaMCS 0 dB) NPRB 5 SNR 16.4 (+1.4) dB CCE fail 0, goodput 0.00 Mbps
UE 2362: LCID 1: TX           3507 RX            286 bytes
UE 2362: LCID 2: TX              0 RX              0 bytes
UE 2362: LCID 4: TX             21 RX            390 bytes

[0m[NR_MAC] Frame.Slot 384.0
UE RNTI 2362 CU-UE-ID 1 in-sync PH 48 dB PCMAX 20 dBm, average RSRP -43 (16 meas)
UE 2362: UL-RI 1, TPMI 0
UE 2362: dlsch_rounds 216/0/0/0, dlsch_errors 0, pucch0_DTX 0 (SNR 21.1+1.1 dB), BLER 0.00000 MCS (0) 0 CCE fail 6, goodput 0.00 Mbps
UE 2362: ulsch_rounds 1889/0/0/0, ulsch_errors 0, ulsch_DTX 0, BLER 0.00000 MCS (0) 0 (Qm 2 deltaMCS 0 dB) NPRB 5 SNR 16.5 (+1.5) dB CCE fail 0, goodput 0.00 Mbps
UE 2362: LCID 1: TX           3507 RX            286 bytes
UE 2362: LCID 2: TX              0 RX              0 bytes
UE 2362: LCID 4: TX             21 RX            390 bytes

[0m[NR_MAC] Frame.Slot 512.0
UE RNTI 2362 CU-UE-ID 1 in-sync PH 48 dB PCMAX 20 dBm, average RSRP -43 (16 meas)
UE 2362: UL-RI 1, TPMI 0
UE 2362: dlsch_rounds 217/0/0/0, dlsch_errors 0, pucch0_DTX 0 (SNR 21.1+1.1 dB), BLER 0.00000 MCS (0) 0 CCE fail 6, goodput 0.00 Mbps
UE 2362: ulsch_rounds 1901/0/0/0, ulsch_errors 0, ulsch_DTX 0, BLER 0.00000 MCS (0) 0 (Qm 2 deltaMCS 0 dB) NPRB 5 SNR 16.6 (+1.6) dB CCE fail 0, goodput 0.00 Mbps
UE 2362: LCID 1: TX           3507 RX            286 bytes
UE 2362: LCID 2: TX              0 RX              0 bytes
UE 2362: LCID 4: TX             21 RX            390 bytes

[0m[NR_MAC] Frame.Slot 640.0
UE RNTI 2362 CU-UE-ID 1 in-sync PH 48 dB PCMAX 20 dBm, average RSRP -43 (16 meas)
UE 2362: UL-RI 1, TPMI 0
UE 2362: dlsch_rounds 218/0/0/0, dlsch_errors 0, pucch0_DTX 0 (SNR 21.2+1.2 dB), BLER 0.00000 MCS (0) 0 CCE fail 6, goodput 0.00 Mbps
UE 2362: ulsch_rounds 1914/0/0/0, ulsch_errors 0, ulsch_DTX 0, BLER 0.00000 MCS (0) 0 (Qm 2 deltaMCS 0 dB) NPRB 5 SNR 16.7 (+1.7) dB CCE fail 0, goodput 0.00 Mbps
UE 2362: LCID 1: TX           3507 RX            286 bytes
UE 2362: LCID 2: TX              0 RX              0 bytes
UE 2362: LCID 4: TX             21 RX            390 bytes

[0m[NR_MAC] Frame.Slot 768.0
UE RNTI 2362 CU-UE-ID 1 in-sync PH 48 dB PCMAX 20 dBm, average RSRP -43 (16 meas)
UE 2362: UL-RI 1, TPMI 0
UE 2362: dlsch_rounds 220/0/0/0, dlsch_errors 0, pucch0_DTX 0 (SNR 21.3+1.3 dB), BLER 0.00000 MCS (0) 0 CCE fail 6, goodput 0.00 Mbps
UE 2362: ulsch_rounds 1927/0/0/0, ulsch_errors 0, ulsch_DTX 0, BLER 0.00000 MCS (0) 0 (Qm 2 deltaMCS 0 dB) NPRB 5 SNR 16.8 (+1.8) dB CCE fail 0, goodput 0.00 Mbps
UE 2362: LCID 1: TX           3507 RX            286 bytes
UE 2362: LCID 2: TX              0 RX              0 bytes
UE 2362: LCID 4: TX             21 RX            390 bytes

[0m[NR_MAC] Frame.Slot 896.0
UE RNTI 2362 CU-UE-ID 1 in-sync PH 48 dB PCMAX 20 dBm, average RSRP -43 (16 meas)
UE 2362: UL-RI 1, TPMI 0
UE 2362: dlsch_rounds 221/0/0/0, dlsch_errors 0, pucch0_DTX 0 (SNR 21.3+1.3 dB), BLER 0.00000 MCS (0) 0 CCE fail 6, goodput 0.00 Mbps
UE 2362: ulsch_rounds 1940/0/0/0, ulsch_errors 0, ulsch_DTX 0, BLER 0.00000 MCS (0) 0 (Qm 2 deltaMCS 0 dB) NPRB 5 SNR 16.9 (+1.9) dB CCE fail 0, goodput 0.00 Mbps
UE 2362: LCID 1: TX           3507 RX            286 bytes
UE 2362: LCID 2: TX              0 RX              0 bytes
UE 2362: LCID 4: TX             21 RX            390 bytes

[0m[NR_MAC] Frame.Slot 0.0
UE RNTI 2362 CU-UE-ID 1 in-sync PH 48 dB PCMAX 20 dBm, average RSRP -43 (16 meas)
UE 2362: UL-RI 1, TPMI 0
UE 2362: dlsch_rounds 222/0/0/0, dlsch_errors 0, pucch0_DTX 0 (SNR 21.3+1.3 dB), BLER 0.00000 MCS (0) 0 CCE fail 6, goodput 0.00 Mbps
UE 2362: ulsch_rounds 1953/0/0/0, ulsch_errors 0, ulsch_DTX 0, BLER 0.00000 MCS (0) 0 (Qm 2 deltaMCS 0 dB) NPRB 5 SNR 17.0 (+2.0) dB CCE fail 0, goodput 0.00 Mbps
UE 2362: LCID 1: TX           3507 RX            286 bytes
UE 2362: LCID 2: TX              0 RX              0 bytes
UE 2362: LCID 4: TX             21 RX            390 bytes

[0m[NR_MAC] Frame.Slot 128.0
UE RNTI 2362 CU-UE-ID 1 in-sync PH 48 dB PCMAX 20 dBm, average RSRP -43 (16 meas)
UE 2362: UL-RI 1, TPMI 0
UE 2362: dlsch_rounds 224/0/0/0, dlsch_errors 0, pucch0_DTX 0 (SNR 21.4+1.4 dB), BLER 0.00000 MCS (0) 0 CCE fail 6, goodput 0.00 Mbps
UE 2362: ulsch_rounds 1965/0/0/0, ulsch_errors 0, ulsch_DTX 0, BLER 0.00000 MCS (0) 0 (Qm 2 deltaMCS 0 dB) NPRB 5 SNR 16.1 (+1.1) dB CCE fail 0, goodput 0.00 Mbps
UE 2362: LCID 1: TX           3507 RX            286 bytes
UE 2362: LCID 2: TX              0 RX              0 bytes
UE 2362: LCID 4: TX             21 RX            390 bytes

[0m[NR_MAC] Frame.Slot 256.0
UE RNTI 2362 CU-UE-ID 1 in-sync PH 48 dB PCMAX 20 dBm, average RSRP -43 (16 meas)
UE 2362: UL-RI 1, TPMI 0
UE 2362: dlsch_rounds 225/0/0/0, dlsch_errors 0, pucch0_DTX 0 (SNR 21.4+1.4 dB), BLER 0.00000 MCS (0) 0 CCE fail 6, goodput 0.00 Mbps
UE 2362: ulsch_rounds 1978/0/0/0, ulsch_errors 0, ulsch_DTX 0, BLER 0.00000 MCS (0) 0 (Qm 2 deltaMCS 0 dB) NPRB 5 SNR 16.2 (+1.2) dB CCE fail 0, goodput 0.00 Mbps
UE 2362: LCID 1: TX           3507 RX            286 bytes
UE 2362: LCID 2: TX              0 RX              0 bytes
UE 2362: LCID 4: TX             21 RX            390 bytes

[0m[NR_MAC] Frame.Slot 384.0
UE RNTI 2362 CU-UE-ID 1 in-sync PH 48 dB PCMAX 20 dBm, average RSRP -43 (16 meas)
UE 2362: UL-RI 1, TPMI 0
UE 2362: dlsch_rounds 226/0/0/0, dlsch_errors 0, pucch0_DTX 0 (SNR 21.5+1.5 dB), BLER 0.00000 MCS (0) 0 CCE fail 6, goodput 0.00 Mbps
UE 2362: ulsch_rounds 1991/0/0/0, ulsch_errors 0, ulsch_DTX 0, BLER 0.00000 MCS (0) 0 (Qm 2 deltaMCS 0 dB) NPRB 5 SNR 16.4 (+1.4) dB CCE fail 0, goodput 0.00 Mbps
UE 2362: LCID 1: TX           3507 RX            286 bytes
UE 2362: LCID 2: TX              0 RX              0 bytes
UE 2362: LCID 4: TX             21 RX            390 bytes

[0m[NR_MAC] Frame.Slot 512.0
UE RNTI 2362 CU-UE-ID 1 in-sync PH 48 dB PCMAX 20 dBm, average RSRP -43 (16 meas)
UE 2362: UL-RI 1, TPMI 0
UE 2362: dlsch_rounds 227/0/0/0, dlsch_errors 0, pucch0_DTX 0 (SNR 21.6+1.6 dB), BLER 0.00000 MCS (0) 0 CCE fail 6, goodput 0.00 Mbps
UE 2362: ulsch_rounds 2004/0/0/0, ulsch_errors 0, ulsch_DTX 0, BLER 0.00000 MCS (0) 0 (Qm 2 deltaMCS 0 dB) NPRB 5 SNR 16.5 (+1.5) dB CCE fail 0, goodput 0.00 Mbps
UE 2362: LCID 1: TX           3507 RX            286 bytes
UE 2362: LCID 2: TX              0 RX              0 bytes
UE 2362: LCID 4: TX             21 RX            390 bytes

[0m[NR_MAC] Frame.Slot 640.0
UE RNTI 2362 CU-UE-ID 1 in-sync PH 48 dB PCMAX 20 dBm, average RSRP -43 (16 meas)
UE 2362: UL-RI 1, TPMI 0
UE 2362: dlsch_rounds 229/0/0/0, dlsch_errors 0, pucch0_DTX 0 (SNR 21.6+1.6 dB), BLER 0.00000 MCS (0) 0 CCE fail 6, goodput 0.00 Mbps
UE 2362: ulsch_rounds 2017/0/0/0, ulsch_errors 0, ulsch_DTX 0, BLER 0.00000 MCS (0) 0 (Qm 2 deltaMCS 0 dB) NPRB 5 SNR 16.6 (+1.6) dB CCE fail 0, goodput 0.00 Mbps
UE 2362: LCID 1: TX           3507 RX            286 bytes
UE 2362: LCID 2: TX              0 RX              0 bytes
UE 2362: LCID 4: TX             21 RX            390 bytes

[0m[NR_MAC] Frame.Slot 768.0
UE RNTI 2362 CU-UE-ID 1 in-sync PH 48 dB PCMAX 20 dBm, average RSRP -43 (16 meas)
UE 2362: UL-RI 1, TPMI 0
UE 2362: dlsch_rounds 230/0/0/0, dlsch_errors 0, pucch0_DTX 0 (SNR 21.6+1.6 dB), BLER 0.00000 MCS (0) 0 CCE fail 6, goodput 0.00 Mbps
UE 2362: ulsch_rounds 2029/0/0/0, ulsch_errors 0, ulsch_DTX 0, BLER 0.00000 MCS (0) 0 (Qm 2 deltaMCS 0 dB) NPRB 5 SNR 16.6 (+1.6) dB CCE fail 0, goodput 0.00 Mbps
UE 2362: LCID 1: TX           3507 RX            286 bytes
UE 2362: LCID 2: TX              0 RX              0 bytes
UE 2362: LCID 4: TX             21 RX            390 bytes

[0m[NR_MAC] Frame.Slot 896.0
UE RNTI 2362 CU-UE-ID 1 in-sync PH 48 dB PCMAX 20 dBm, average RSRP -43 (16 meas)
UE 2362: UL-RI 1, TPMI 0
UE 2362: dlsch_rounds 231/0/0/0, dlsch_errors 0, pucch0_DTX 0 (SNR 21.7+1.7 dB), BLER 0.00000 MCS (0) 0 CCE fail 6, goodput 0.00 Mbps
UE 2362: ulsch_rounds 2042/0/0/0, ulsch_errors 0, ulsch_DTX 0, BLER 0.00000 MCS (0) 0 (Qm 2 deltaMCS 0 dB) NPRB 5 SNR 16.8 (+1.8) dB CCE fail 0, goodput 0.00 Mbps
UE 2362: LCID 1: TX           3507 RX            286 bytes
UE 2362: LCID 2: TX              0 RX              0 bytes
UE 2362: LCID 4: TX             21 RX            390 bytes

[0mSAI (1, ffffff).
[E2 AGENT][E2SM-KPM] Condition NSSAI (1, ffffff).
[E2 AGENT][E2SM-KPM] Condition NSSAI (1, ffffff).
[E2 AGENT][E2SM-KPM] Condition NSSAI (1, ffffff).
[E2 AGENT][E2SM-KPM] Condition NSSAI (1, ffffff).
[E2 AGENT][E2SM-KPM] Condition NSSAI (1, ffffff).
[E2 AGENT][E2SM-KPM] Condition NSSAI (1, ffffff).
[E2 AGENT][E2SM-KPM] Condition NSSAI (1, ffffff).
[E2 AGENT][E2SM-KPM] Condition NSSAI (1, ffffff).
[E2 AGENT][E2SM-KPM] Condition NSSAI (1, ffffff).
[E2 AGENT][E2SM-KPM] Condition NSSAI (1, ffffff).
[E2 AGENT][E2SM-KPM] Condition NSSAI (1, ffffff).
[E2 AGENT][E2SM-KPM] Condition NSSAI (1, ffffff).
[E2 AGENT][E2SM-KPM] Condition NSSAI (1, ffffff).
[E2 AGENT][E2SM-KPM] Condition NSSAI (1, ffffff).
[E2 AGENT][E2SM-KPM] Condition NSSAI (1, ffffff).
[E2 AGENT][E2SM-KPM] Condition NSSAI (1, ffffff).
[E2 AGENT][E2SM-KPM] Condition NSSAI (1, ffffff).
[E2 AGENT][E2SM-KPM] Condition NSSAI (1, ffffff).
[E2 AGENT][E2SM-KPM] Condition NSSAI (1, ffffff).
[E2 AGENT][E2SM-KPM] Condition NSSAI (1, ffffff).
[E2 AGENT][E2SM-KPM] Condition NSSAI (1, ffffff).
[E2 AGENT][E2SM-KPM] Condition NSSAI (1, ffffff).
[E2 AGENT][E2SM-KPM] Condition NSSAI (1, ffffff).
[E2 AGENT][E2SM-KPM] Condition NSSAI (1, ffffff).
[E2 AGENT][E2SM-KPM] Condition NSSAI (1, ffffff).
[E2 AGENT][E2SM-KPM] Condition NSSAI (1, ffffff).
[E2 AGENT][E2SM-KPM] Condition NSSAI (1, ffffff).
[E2 AGENT][E2SM-KPM] Condition NSSAI (1, ffffff).
[E2 AGENT][E2SM-KPM] Condition NSSAI (1, ffffff).
[E2 AGENT][E2SM-KPM] Condition NSSAI (1, ffffff).
[E2 AGENT][E2SM-KPM] Condition NSSAI (1, ffffff).
[E2 AGENT][E2SM-KPM] Condition NSSAI (1, ffffff).
[E2 AGENT][E2SM-KPM] Condition NSSAI (1, ffffff).
[E2 AGENT][E2SM-KPM] Condition NSSAI (1, ffffff).
[E2 AGENT][E2SM-KPM] Condition NSSAI (1, ffffff).
[E2 AGENT][E2SM-KPM] Condition NSSAI (1, ffffff).
[E2 AGENT][E2SM-KPM] Condition NSSAI (1, ffffff).
[E2 AGENT][E2SM-KPM] Condition NSSAI (1, ffffff).
[E2 AGENT][E2SM-KPM] Condition NSSAI (1, ffffff).
[E2 AGENT][E2SM-KPM] Condition NSSAI (1, ffffff).
[E2 AGENT][E2SM-KPM] Condition NSSAI (1, ffffff).
[E2 AGENT][E2SM-KPM] Condition NSSAI (1, ffffff).
[E2 AGENT][E2SM-KPM] Condition NSSAI (1, ffffff).
[E2 AGENT][E2SM-KPM] Condition NSSAI (1, ffffff).
[E2 AGENT][E2SM-KPM] Condition NSSAI (1, ffffff).
[E2 AGENT][E2SM-KPM] Condition NSSAI (1, ffffff).
[E2 AGENT][E2SM-KPM] Condition NSSAI (1, ffffff).
[E2 AGENT][E2SM-KPM] Condition NSSAI (1, ffffff).
[E2 AGENT][E2SM-KPM] Condition NSSAI (1, ffffff).
[E2 AGENT][E2SM-KPM] Condition NSSAI (1, ffffff).
[E2 AGENT][E2SM-KPM] Condition NSSAI (1, ffffff).
[E2 AGENT][E2SM-KPM] Condition NSSAI (1, ffffff).
[E2 AGENT][E2SM-KPM] Condition NSSAI (1, ffffff).
[E2 AGENT][E2SM-KPM] Condition NSSAI (1, ffffff).
[E2 AGENT][E2SM-KPM] Condition NSSAI (1, ffffff).
[E2 AGENT][E2SM-KPM] Condition NSSAI (1, ffffff).
[E2 AGENT][E2SM-KPM] Condition NSSAI (1, ffffff).
[E2 AGENT][E2SM-KPM] Condition NSSAI (1, ffffff).
[E2 AGENT][E2SM-KPM] Condition NSSAI (1, ffffff).
[E2 AGENT][E2SM-KPM] Condition NSSAI (1, ffffff).
[E2 AGENT][E2SM-KPM] Condition NSSAI (1, ffffff).
[E2 AGENT][E2SM-KPM] Condition NSSAI (1, ffffff).
[E2 AGENT][E2SM-KPM] Condition NSSAI (1, ffffff).
[E2 AGENT][E2SM-KPM] Condition NSSAI (1, ffffff).
[E2 AGENT][E2SM-KPM] Condition NSSAI (1, ffffff).
[E2 AGENT][E2SM-KPM] Condition NSSAI (1, ffffff).
[E2 AGENT][E2SM-KPM] Condition NSSAI (1, ffffff).
[E2 AGENT][E2SM-KPM] Condition NSSAI (1, ffffff).
[E2 AGENT][E2SM-KPM] Condition NSSAI (1, ffffff).
[E2 AGENT][E2SM-KPM] Condition NSSAI (1, ffffff).
[E2 AGENT][E2SM-KPM] Condition NSSAI (1, ffffff).
[E2 AGENT][E2SM-KPM] Condition NSSAI (1, ffffff).
[E2 AGENT][E2SM-KPM] Condition NSSAI (1, ffffff).
[E2 AGENT][E2SM-KPM] Condition NSSAI (1, ffffff).
[E2 AGENT][E2SM-KPM] Condition NSSAI (1, ffffff).
[E2 AGENT][E2SM-KPM] Condition NSSAI (1, ffffff).
[E2 AGENT][E2SM-KPM] Condition NSSAI (1, ffffff).
[E2 AGENT][E2SM-KPM] Condition NSSAI (1, ffffff).
[E2 AGENT][E2SM-KPM] Condition NSSAI (1, ffffff).
[E2 AGENT][E2SM-KPM] Condition NSSAI (1, ffffff).
[E2 AGENT][E2SM-KPM] Condition NSSAI (1, ffffff).
[E2 AGENT][E2SM-KPM] Conditio[NR_MAC] Frame.Slot 0.0
UE RNTI 2362 CU-UE-ID 1 in-sync PH 48 dB PCMAX 20 dBm, average RSRP -43 (16 meas)
UE 2362: UL-RI 1, TPMI 0
UE 2362: dlsch_rounds 232/0/0/0, dlsch_errors 0, pucch0_DTX 0 (SNR 21.7+1.7 dB), BLER 0.00000 MCS (0) 0 CCE fail 6, goodput 0.00 Mbps
UE 2362: ulsch_rounds 2055/0/0/0, ulsch_errors 0, ulsch_DTX 0, BLER 0.00000 MCS (0) 0 (Qm 2 deltaMCS 0 dB) NPRB 5 SNR 16.9 (+1.9) dB CCE fail 0, goodput 0.00 Mbps
UE 2362: LCID 1: TX           3507 RX            286 bytes
UE 2362: LCID 2: TX              0 RX              0 bytes
UE 2362: LCID 4: TX             21 RX            390 bytes

[0m[NR_MAC] Frame.Slot 128.0
UE RNTI 2362 CU-UE-ID 1 in-sync PH 48 dB PCMAX 20 dBm, average RSRP -43 (16 meas)
UE 2362: UL-RI 1, TPMI 0
UE 2362: dlsch_rounds 234/0/0/0, dlsch_errors 0, pucch0_DTX 0 (SNR 21.8+1.8 dB), BLER 0.00000 MCS (0) 0 CCE fail 6, goodput 0.00 Mbps
UE 2362: ulsch_rounds 2068/0/0/0, ulsch_errors 0, ulsch_DTX 0, BLER 0.00000 MCS (0) 0 (Qm 2 deltaMCS 0 dB) NPRB 5 SNR 17.0 (+2.0) dB CCE fail 0, goodput 0.00 Mbps
UE 2362: LCID 1: TX           3507 RX            286 bytes
UE 2362: LCID 2: TX              0 RX              0 bytes
UE 2362: LCID 4: TX             21 RX            390 bytes

[0m[NR_MAC] Frame.Slot 256.0
UE RNTI 2362 CU-UE-ID 1 in-sync PH 48 dB PCMAX 20 dBm, average RSRP -43 (16 meas)
UE 2362: UL-RI 1, TPMI 0
UE 2362: dlsch_rounds 235/0/0/0, dlsch_errors 0, pucch0_DTX 0 (SNR 21.8+1.8 dB), BLER 0.00000 MCS (0) 0 CCE fail 6, goodput 0.00 Mbps
UE 2362: ulsch_rounds 2081/0/0/0, ulsch_errors 0, ulsch_DTX 0, BLER 0.00000 MCS (0) 0 (Qm 2 deltaMCS 0 dB) NPRB 5 SNR 16.1 (+1.1) dB CCE fail 0, goodput 0.00 Mbps
UE 2362: LCID 1: TX           3507 RX            286 bytes
UE 2362: LCID 2: TX              0 RX              0 bytes
UE 2362: LCID 4: TX             21 RX            390 bytes

[0m[NR_MAC] Frame.Slot 384.0
UE RNTI 2362 CU-UE-ID 1 in-sync PH 48 dB PCMAX 20 dBm, average RSRP -43 (16 meas)
UE 2362: UL-RI 1, TPMI 0
UE 2362: dlsch_rounds 236/0/0/0, dlsch_errors 0, pucch0_DTX 0 (SNR 21.8+1.8 dB), BLER 0.00000 MCS (0) 0 CCE fail 6, goodput 0.00 Mbps
UE 2362: ulsch_rounds 2093/0/0/0, ulsch_errors 0, ulsch_DTX 0, BLER 0.00000 MCS (0) 0 (Qm 2 deltaMCS 0 dB) NPRB 5 SNR 16.2 (+1.2) dB CCE fail 0, goodput 0.00 Mbps
UE 2362: LCID 1: TX           3507 RX            286 bytes
UE 2362: LCID 2: TX              0 RX              0 bytes
UE 2362: LCID 4: TX             21 RX            390 bytes

[0m[NR_MAC] Frame.Slot 512.0
UE RNTI 2362 CU-UE-ID 1 in-sync PH 48 dB PCMAX 20 dBm, average RSRP -43 (16 meas)
UE 2362: UL-RI 1, TPMI 0
UE 2362: dlsch_rounds 238/0/0/0, dlsch_errors 0, pucch0_DTX 0 (SNR 21.9+1.9 dB), BLER 0.00000 MCS (0) 0 CCE fail 6, goodput 0.00 Mbps
UE 2362: ulsch_rounds 2106/0/0/0, ulsch_errors 0, ulsch_DTX 0, BLER 0.00000 MCS (0) 0 (Qm 2 deltaMCS 0 dB) NPRB 5 SNR 16.3 (+1.3) dB CCE fail 0, goodput 0.00 Mbps
UE 2362: LCID 1: TX           3507 RX            286 bytes
UE 2362: LCID 2: TX              0 RX              0 bytes
UE 2362: LCID 4: TX             21 RX            390 bytes

[0m[NR_MAC] Frame.Slot 640.0
UE RNTI 2362 CU-UE-ID 1 in-sync PH 48 dB PCMAX 20 dBm, average RSRP -43 (16 meas)
UE 2362: UL-RI 1, TPMI 0
UE 2362: dlsch_rounds 239/0/0/0, dlsch_errors 0, pucch0_DTX 0 (SNR 21.9+1.9 dB), BLER 0.00000 MCS (0) 0 CCE fail 6, goodput 0.00 Mbps
UE 2362: ulsch_rounds 2119/0/0/0, ulsch_errors 0, ulsch_DTX 0, BLER 0.00000 MCS (0) 0 (Qm 2 deltaMCS 0 dB) NPRB 5 SNR 16.5 (+1.5) dB CCE fail 0, goodput 0.00 Mbps
UE 2362: LCID 1: TX           3507 RX            286 bytes
UE 2362: LCID 2: TX              0 RX              0 bytes
UE 2362: LCID 4: TX             21 RX            390 bytes

[0m[NR_MAC] Frame.Slot 768.0
UE RNTI 2362 CU-UE-ID 1 in-sync PH 48 dB PCMAX 20 dBm, average RSRP -43 (16 meas)
UE 2362: UL-RI 1, TPMI 0
UE 2362: dlsch_rounds 240/0/0/0, dlsch_errors 0, pucch0_DTX 0 (SNR 22.0+2.0 dB), BLER 0.00000 MCS (0) 0 CCE fail 6, goodput 0.00 Mbps
UE 2362: ulsch_rounds 2132/0/0/0, ulsch_errors 0, ulsch_DTX 0, BLER 0.00000 MCS (0) 0 (Qm 2 deltaMCS 0 dB) NPRB 5 SNR 16.6 (+1.6) dB CCE fail 0, goodput 0.00 Mbps
UE 2362: LCID 1: TX           3507 RX            286 bytes
UE 2362: LCID 2: TX              0 RX              0 bytes
UE 2362: LCID 4: TX             21 RX            390 bytes

[0m[NR_MAC] Frame.Slot 896.0
UE RNTI 2362 CU-UE-ID 1 in-sync PH 48 dB PCMAX 20 dBm, average RSRP -43 (16 meas)
UE 2362: UL-RI 1, TPMI 0
UE 2362: dlsch_rounds 241/0/0/0, dlsch_errors 0, pucch0_DTX 0 (SNR 22.0+2.0 dB), BLER 0.00000 MCS (0) 0 CCE fail 6, goodput 0.00 Mbps
UE 2362: ulsch_rounds 2145/0/0/0, ulsch_errors 0, ulsch_DTX 0, BLER 0.00000 MCS (0) 0 (Qm 2 deltaMCS 0 dB) NPRB 5 SNR 16.7 (+1.7) dB CCE fail 0, goodput 0.00 Mbps
UE 2362: LCID 1: TX           3507 RX            286 bytes
UE 2362: LCID 2: TX              0 RX              0 bytes
UE 2362: LCID 4: TX             21 RX            390 bytes

[0m[NR_MAC] Frame.Slot 0.0
UE RNTI 2362 CU-UE-ID 1 in-sync PH 48 dB PCMAX 20 dBm, average RSRP -43 (16 meas)
UE 2362: UL-RI 1, TPMI 0
UE 2362: dlsch_rounds 243/0/0/0, dlsch_errors 0, pucch0_DTX 0 (SNR 22.0+2.0 dB), BLER 0.00000 MCS (0) 0 CCE fail 6, goodput 0.00 Mbps
UE 2362: ulsch_rounds 2157/0/0/0, ulsch_errors 0, ulsch_DTX 0, BLER 0.00000 MCS (0) 0 (Qm 2 deltaMCS 0 dB) NPRB 5 SNR 16.8 (+1.8) dB CCE fail 0, goodput 0.00 Mbps
UE 2362: LCID 1: TX           3507 RX            286 bytes
UE 2362: LCID 2: TX              0 RX              0 bytes
UE 2362: LCID 4: TX             21 RX            390 bytes

[0m[NR_MAC] Frame.Slot 128.0
UE RNTI 2362 CU-UE-ID 1 in-sync PH 48 dB PCMAX 20 dBm, average RSRP -43 (16 meas)
UE 2362: UL-RI 1, TPMI 0
UE 2362: dlsch_rounds 244/0/0/0, dlsch_errors 0, pucch0_DTX 0 (SNR 21.1+1.1 dB), BLER 0.00000 MCS (0) 0 CCE fail 6, goodput 0.00 Mbps
UE 2362: ulsch_rounds 2170/0/0/0, ulsch_errors 0, ulsch_DTX 0, BLER 0.00000 MCS (0) 0 (Qm 2 deltaMCS 0 dB) NPRB 5 SNR 16.9 (+1.9) dB CCE fail 0, goodput 0.00 Mbps
UE 2362: LCID 1: TX           3507 RX            286 bytes
UE 2362: LCID 2: TX              0 RX              0 bytes
UE 2362: LCID 4: TX             21 RX            390 bytes

[0m[NR_MAC] Frame.Slot 256.0
UE RNTI 2362 CU-UE-ID 1 in-sync PH 48 dB PCMAX 20 dBm, average RSRP -43 (16 meas)
UE 2362: UL-RI 1, TPMI 0
UE 2362: dlsch_rounds 245/0/0/0, dlsch_errors 0, pucch0_DTX 0 (SNR 21.1+1.1 dB), BLER 0.00000 MCS (0) 0 CCE fail 6, goodput 0.00 Mbps
UE 2362: ulsch_rounds 2183/0/0/0, ulsch_errors 0, ulsch_DTX 0, BLER 0.00000 MCS (0) 0 (Qm 2 deltaMCS 0 dB) NPRB 5 SNR 17.0 (+2.0) dB CCE fail 0, goodput 0.00 Mbps
UE 2362: LCID 1: TX           3507 RX            286 bytes
UE 2362: LCID 2: TX              0 RX              0 bytes
UE 2362: LCID 4: TX             21 RX            390 bytes

[0m[NR_MAC] Frame.Slot 384.0
UE RNTI 2362 CU-UE-ID 1 in-sync PH 48 dB PCMAX 20 dBm, average RSRP -43 (16 meas)
UE 2362: UL-RI 1, TPMI 0
UE 2362: dlsch_rounds 247/0/0/0, dlsch_errors 0, pucch0_DTX 0 (SNR 21.2+1.2 dB), BLER 0.00000 MCS (0) 0 CCE fail 6, goodput 0.00 Mbps
UE 2362: ulsch_rounds 2196/0/0/0, ulsch_errors 0, ulsch_DTX 0, BLER 0.00000 MCS (0) 0 (Qm 2 deltaMCS 0 dB) NPRB 5 SNR 16.2 (+1.2) dB CCE fail 0, goodput 0.00 Mbps
UE 2362: LCID 1: TX           3507 RX            286 bytes
UE 2362: LCID 2: TX              0 RX              0 bytes
UE 2362: LCID 4: TX             21 RX            390 bytes

[0m[NR_MAC] Frame.Slot 512.0
UE RNTI 2362 CU-UE-ID 1 in-sync PH 48 dB PCMAX 20 dBm, average RSRP -43 (16 meas)
UE 2362: UL-RI 1, TPMI 0
UE 2362: dlsch_rounds 248/0/0/0, dlsch_errors 0, pucch0_DTX 0 (SNR 21.3+1.3 dB), BLER 0.00000 MCS (0) 0 CCE fail 6, goodput 0.00 Mbps
UE 2362: ulsch_rounds 2209/0/0/0, ulsch_errors 0, ulsch_DTX 0, BLER 0.00000 MCS (0) 0 (Qm 2 deltaMCS 0 dB) NPRB 5 SNR 16.3 (+1.3) dB CCE fail 0, goodput 0.00 Mbps
UE 2362: LCID 1: TX           3507 RX            286 bytes
UE 2362: LCID 2: TX              0 RX              0 bytes
UE 2362: LCID 4: TX             21 RX            390 bytes

[0m[NR_MAC] Frame.Slot 640.0
UE RNTI 2362 CU-UE-ID 1 in-sync PH 48 dB PCMAX 20 dBm, average RSRP -43 (16 meas)
UE 2362: UL-RI 1, TPMI 0
UE 2362: dlsch_rounds 249/0/0/0, dlsch_errors 0, pucch0_DTX 0 (SNR 21.3+1.3 dB), BLER 0.00000 MCS (0) 0 CCE fail 6, goodput 0.00 Mbps
UE 2362: ulsch_rounds 2221/0/0/0, ulsch_errors 0, ulsch_DTX 0, BLER 0.00000 MCS (0) 0 (Qm 2 deltaMCS 0 dB) NPRB 5 SNR 16.3 (+1.3) dB CCE fail 0, goodput 0.00 Mbps
UE 2362: LCID 1: TX           3507 RX            286 bytes
UE 2362: LCID 2: TX              0 RX              0 bytes
UE 2362: LCID 4: TX             21 RX            390 bytes

[0m[NR_MAC] Frame.Slot 768.0
UE RNTI 2362 CU-UE-ID 1 in-sync PH 48 dB PCMAX 20 dBm, average RSRP -43 (16 meas)
UE 2362: UL-RI 1, TPMI 0
UE 2362: dlsch_rounds 250/0/0/0, dlsch_errors 0, pucch0_DTX 0 (SNR 21.4+1.4 dB), BLER 0.00000 MCS (0) 0 CCE fail 6, goodput 0.00 Mbps
UE 2362: ulsch_rounds 2234/0/0/0, ulsch_errors 0, ulsch_DTX 0, BLER 0.00000 MCS (0) 0 (Qm 2 deltaMCS 0 dB) NPRB 5 SNR 16.5 (+1.5) dB CCE fail 0, goodput 0.00 Mbps
UE 2362: LCID 1: TX           3507 RX            286 bytes
UE 2362: LCID 2: TX              0 RX              0 bytes
UE 2362: LCID 4: TX             21 RX            390 bytes

[0m[NR_MAC] Frame.Slot 896.0
UE RNTI 2362 CU-UE-ID 1 in-sync PH 48 dB PCMAX 20 dBm, average RSRP -43 (16 meas)
UE 2362: UL-RI 1, TPMI 0
UE 2362: dlsch_rounds 253/0/0/0, dlsch_errors 0, pucch0_DTX 0 (SNR 21.5+1.5 dB), BLER 0.00000 MCS (0) 0 CCE fail 6, goodput 0.00 Mbps
UE 2362: ulsch_rounds 2249/0/0/0, ulsch_errors 0, ulsch_DTX 0, BLER 0.00000 MCS (0) 0 (Qm 2 deltaMCS 0 dB) NPRB 5 SNR 16.8 (+1.8) dB CCE fail 0, goodput 0.00 Mbps
UE 2362: LCID 1: TX           3507 RX            286 bytes
UE 2362: LCID 2: TX              0 RX              0 bytes
UE 2362: LCID 4: TX             24 RX            450 bytes

[0m[NR_MAC] Frame.Slot 0.0
UE RNTI 2362 CU-UE-ID 1 in-sync PH 48 dB PCMAX 20 dBm, average RSRP -43 (16 meas)
UE 2362: UL-RI 1, TPMI 0
UE 2362: dlsch_rounds 254/0/0/0, dlsch_errors 0, pucch0_DTX 0 (SNR 21.5+1.5 dB), BLER 0.00000 MCS (0) 0 CCE fail 6, goodput 0.00 Mbps
UE 2362: ulsch_rounds 2262/0/0/0, ulsch_errors 0, ulsch_DTX 0, BLER 0.00000 MCS (0) 0 (Qm 2 deltaMCS 0 dB) NPRB 5 SNR 16.9 (+1.9) dB CCE fail 0, goodput 0.00 Mbps
UE 2362: LCID 1: TX           3507 RX            286 bytes
UE 2362: LCID 2: TX              0 RX              0 bytes
UE 2362: LCID 4: TX             24 RX            450 bytes

[0m[NR_MAC] Frame.Slot 128.0
UE RNTI 2362 CU-UE-ID 1 in-sync PH 48 dB PCMAX 20 dBm, average RSRP -43 (16 meas)
UE 2362: UL-RI 1, TPMI 0
UE 2362: dlsch_rounds 255/0/0/0, dlsch_errors 0, pucch0_DTX 0 (SNR 21.6+1.6 dB), BLER 0.00000 MCS (0) 0 CCE fail 6, goodput 0.00 Mbps
UE 2362: ulsch_rounds 2274/0/0/0, ulsch_errors 0, ulsch_DTX 0, BLER 0.00000 MCS (0) 0 (Qm 2 deltaMCS 0 dB) NPRB 5 SNR 16.9 (+1.9) dB CCE fail 0, goodput 0.00 Mbps
UE 2362: LCID 1: TX           3507 RX            286 bytes
UE 2362: LCID 2: TX              0 RX              0 bytes
UE 2362: LCID 4: TX             24 RX            450 bytes

[0m[NR_MAC] Frame.Slot 256.0
UE RNTI 2362 CU-UE-ID 1 in-sync PH 48 dB PCMAX 20 dBm, average RSRP -43 (16 meas)
UE 2362: UL-RI 1, TPMI 0
UE 2362: dlsch_rounds 257/0/0/0, dlsch_errors 0, pucch0_DTX 0 (SNR 21.6+1.6 dB), BLER 0.00000 MCS (0) 0 CCE fail 6, goodput 0.00 Mbps
UE 2362: ulsch_rounds 2287/0/0/0, ulsch_errors 0, ulsch_DTX 0, BLER 0.00000 MCS (0) 0 (Qm 2 deltaMCS 0 dB) NPRB 5 SNR 17.1 (+2.1) dB CCE fail 0, goodput 0.00 Mbps
UE 2362: LCID 1: TX           3507 RX            286 bytes
UE 2362: LCID 2: TX              0 RX              0 bytes
UE 2362: LCID 4: TX             24 RX            450 bytes

[0m[NR_MAC] Frame.Slot 384.0
UE RNTI 2362 CU-UE-ID 1 in-sync PH 48 dB PCMAX 20 dBm, average RSRP -43 (16 meas)
UE 2362: UL-RI 1, TPMI 0
UE 2362: dlsch_rounds 258/0/0/0, dlsch_errors 0, pucch0_DTX 0 (SNR 21.7+1.7 dB), BLER 0.00000 MCS (0) 0 CCE fail 6, goodput 0.00 Mbps
UE 2362: ulsch_rounds 2300/0/0/0, ulsch_errors 0, ulsch_DTX 0, BLER 0.00000 MCS (0) 0 (Qm 2 deltaMCS 0 dB) NPRB 5 SNR 16.2 (+1.2) dB CCE fail 0, goodput 0.00 Mbps
UE 2362: LCID 1: TX           3507 RX            286 bytes
UE 2362: LCID 2: TX              0 RX              0 bytes
UE 2362: LCID 4: TX             24 RX            450 bytes

[0m[NR_MAC] Frame.Slot 512.0
UE RNTI 2362 CU-UE-ID 1 in-sync PH 48 dB PCMAX 20 dBm, average RSRP -43 (16 meas)
UE 2362: UL-RI 1, TPMI 0
UE 2362: dlsch_rounds 259/0/0/0, dlsch_errors 0, pucch0_DTX 0 (SNR 21.7+1.7 dB), BLER 0.00000 MCS (0) 0 CCE fail 6, goodput 0.00 Mbps
UE 2362: ulsch_rounds 2313/0/0/0, ulsch_errors 0, ulsch_DTX 0, BLER 0.00000 MCS (0) 0 (Qm 2 deltaMCS 0 dB) NPRB 5 SNR 16.3 (+1.3) dB CCE fail 0, goodput 0.00 Mbps
UE 2362: LCID 1: TX           3507 RX            286 bytes
UE 2362: LCID 2: TX              0 RX              0 bytes
UE 2362: LCID 4: TX             24 RX            450 bytes

[0m[NR_MAC] Frame.Slot 640.0
UE RNTI 2362 CU-UE-ID 1 in-sync PH 48 dB PCMAX 20 dBm, average RSRP -43 (16 meas)
UE 2362: UL-RI 1, TPMI 0
UE 2362: dlsch_rounds 260/0/0/0, dlsch_errors 0, pucch0_DTX 0 (SNR 21.8+1.8 dB), BLER 0.00000 MCS (0) 0 CCE fail 6, goodput 0.00 Mbps
UE 2362: ulsch_rounds 2326/0/0/0, ulsch_errors 0, ulsch_DTX 0, BLER 0.00000 MCS (0) 0 (Qm 2 deltaMCS 0 dB) NPRB 5 SNR 16.5 (+1.5) dB CCE fail 0, goodput 0.00 Mbps
UE 2362: LCID 1: TX           3507 RX            286 bytes
UE 2362: LCID 2: TX              0 RX              0 bytes
UE 2362: LCID 4: TX             24 RX            450 bytes

[0mn NSSAI (1, ffffff).
[E2 AGENT][E2SM-KPM] Condition NSSAI (1, ffffff).
[E2 AGENT][E2SM-KPM] Condition NSSAI (1, ffffff).
[E2 AGENT][E2SM-KPM] Condition NSSAI (1, ffffff).
[E2 AGENT][E2SM-KPM] Condition NSSAI (1, ffffff).
[E2 AGENT][E2SM-KPM] Condition NSSAI (1, ffffff).
[E2 AGENT][E2SM-KPM] Condition NSSAI (1, ffffff).
[E2 AGENT][E2SM-KPM] Condition NSSAI (1, ffffff).
[E2 AGENT][E2SM-KPM] Condition NSSAI (1, ffffff).
[E2 AGENT][E2SM-KPM] Condition NSSAI (1, ffffff).
[E2 AGENT][E2SM-KPM] Condition NSSAI (1, ffffff).
[E2 AGENT][E2SM-KPM] Condition NSSAI (1, ffffff).
[E2 AGENT][E2SM-KPM] Condition NSSAI (1, ffffff).
[E2 AGENT][E2SM-KPM] Condition NSSAI (1, ffffff).
[E2 AGENT][E2SM-KPM] Condition NSSAI (1, ffffff).
[E2 AGENT][E2SM-KPM] Condition NSSAI (1, ffffff).
[E2 AGENT][E2SM-KPM] Condition NSSAI (1, ffffff).
[E2 AGENT][E2SM-KPM] Condition NSSAI (1, ffffff).
[E2 AGENT][E2SM-KPM] Condition NSSAI (1, ffffff).
[E2 AGENT][E2SM-KPM] Condition NSSAI (1, ffffff).
[E2 AGENT][E2SM-KPM] Condition NSSAI (1, ffffff).
[E2 AGENT][E2SM-KPM] Condition NSSAI (1, ffffff).
[E2 AGENT][E2SM-KPM] Condition NSSAI (1, ffffff).
[E2 AGENT][E2SM-KPM] Condition NSSAI (1, ffffff).
[E2 AGENT][E2SM-KPM] Condition NSSAI (1, ffffff).
[E2 AGENT][E2SM-KPM] Condition NSSAI (1, ffffff).
[E2 AGENT][E2SM-KPM] Condition NSSAI (1, ffffff).
[E2 AGENT][E2SM-KPM] Condition NSSAI (1, ffffff).
[E2 AGENT][E2SM-KPM] Condition NSSAI (1, ffffff).
[E2 AGENT][E2SM-KPM] Condition NSSAI (1, ffffff).
[E2 AGENT][E2SM-KPM] Condition NSSAI (1, ffffff).
[E2 AGENT][E2SM-KPM] Condition NSSAI (1, ffffff).
[E2 AGENT][E2SM-KPM] Condition NSSAI (1, ffffff).
[E2 AGENT][E2SM-KPM] Condition NSSAI (1, ffffff).
[E2 AGENT][E2SM-KPM] Condition NSSAI (1, ffffff).
[E2 AGENT][E2SM-KPM] Condition NSSAI (1, ffffff).
[E2 AGENT][E2SM-KPM] Condition NSSAI (1, ffffff).
[E2 AGENT][E2SM-KPM] Condition NSSAI (1, ffffff).
[E2 AGENT][E2SM-KPM] Condition NSSAI (1, ffffff).
[E2 AGENT][E2SM-KPM] Condition NSSAI (1, ffffff).
[E2 AGENT][E2SM-KPM] Condition NSSAI (1, ffffff).
[E2 AGENT][E2SM-KPM] Condition NSSAI (1, ffffff).
[E2 AGENT][E2SM-KPM] Condition NSSAI (1, ffffff).
[E2 AGENT][E2SM-KPM] Condition NSSAI (1, ffffff).
[E2 AGENT][E2SM-KPM] Condition NSSAI (1, ffffff).
[E2 AGENT][E2SM-KPM] Condition NSSAI (1, ffffff).
[E2 AGENT][E2SM-KPM] Condition NSSAI (1, ffffff).
[E2 AGENT][E2SM-KPM] Condition NSSAI (1, ffffff).
[E2 AGENT][E2SM-KPM] Condition NSSAI (1, ffffff).
[E2 AGENT][E2SM-KPM] Condition NSSAI (1, ffffff).
[E2 AGENT][E2SM-KPM] Condition NSSAI (1, ffffff).
[E2 AGENT][E2SM-KPM] Condition NSSAI (1, ffffff).
[E2 AGENT][E2SM-KPM] Condition NSSAI (1, ffffff).
[E2 AGENT][E2SM-KPM] Condition NSSAI (1, ffffff).
[E2 AGENT][E2SM-KPM] Condition NSSAI (1, ffffff).
[E2 AGENT][E2SM-KPM] Condition NSSAI (1, ffffff).
[E2 AGENT][E2SM-KPM] Condition NSSAI (1, ffffff).
[E2 AGENT][E2SM-KPM] Condition NSSAI (1, ffffff).
[E2 AGENT][E2SM-KPM] Condition NSSAI (1, ffffff).
[E2 AGENT][E2SM-KPM] Condition NSSAI (1, ffffff).
[E2 AGENT][E2SM-KPM] Condition NSSAI (1, ffffff).
[E2 AGENT][E2SM-KPM] Condition NSSAI (1, ffffff).
[E2 AGENT][E2SM-KPM] Condition NSSAI (1, ffffff).
[E2 AGENT][E2SM-KPM] Condition NSSAI (1, ffffff).
[E2 AGENT][E2SM-KPM] Condition NSSAI (1, ffffff).
[E2 AGENT][E2SM-KPM] Condition NSSAI (1, ffffff).
[E2 AGENT][E2SM-KPM] Condition NSSAI (1, ffffff).
[E2 AGENT][E2SM-KPM] Condition NSSAI (1, ffffff).
[E2 AGENT][E2SM-KPM] Condition NSSAI (1, ffffff).
[E2 AGENT][E2SM-KPM] Condition NSSAI (1, ffffff).
[E2 AGENT][E2SM-KPM] Condition NSSAI (1, ffffff).
[E2 AGENT][E2SM-KPM] Condition NSSAI (1, ffffff).
[E2 AGENT][E2SM-KPM] Condition NSSAI (1, ffffff).
[E2 AGENT][E2SM-KPM] Condition NSSAI (1, ffffff).
[E2 AGENT][E2SM-KPM] Condition NSSAI (1, ffffff).
[E2 AGENT][E2SM-KPM] Condition NSSAI (1, ffffff).
[E2 AGENT][E2SM-KPM] Condition NSSAI (1, ffffff).
[E2 AGENT][E2SM-KPM] Condition NSSAI (1, ffffff).
[E2 AGENT][E2SM-KPM] Condition NSSAI (1, ffffff).
[E2 AGENT][E2SM-KPM] Condition NSSAI (1, ffffff).
[E2 AGENT][E2SM-KPM] Condition NSSAI (1, ffffff).
[E2 AGENT][E2SM-KPM] Condition NSSAI (1, ffffff).
[E2 AGENT][E2SM-KPM] Cond[NR_MAC] Frame.Slot 768.0
UE RNTI 2362 CU-UE-ID 1 in-sync PH 48 dB PCMAX 20 dBm, average RSRP -43 (16 meas)
UE 2362: UL-RI 1, TPMI 0
UE 2362: dlsch_rounds 262/0/0/0, dlsch_errors 0, pucch0_DTX 0 (SNR 21.8+1.8 dB), BLER 0.00000 MCS (0) 0 CCE fail 6, goodput 0.00 Mbps
UE 2362: ulsch_rounds 2338/0/0/0, ulsch_errors 0, ulsch_DTX 0, BLER 0.00000 MCS (0) 0 (Qm 2 deltaMCS 0 dB) NPRB 5 SNR 16.5 (+1.5) dB CCE fail 0, goodput 0.00 Mbps
UE 2362: LCID 1: TX           3507 RX            286 bytes
UE 2362: LCID 2: TX              0 RX              0 bytes
UE 2362: LCID 4: TX             24 RX            450 bytes

[0m[NR_MAC] Frame.Slot 896.0
UE RNTI 2362 CU-UE-ID 1 in-sync PH 48 dB PCMAX 20 dBm, average RSRP -43 (16 meas)
UE 2362: UL-RI 1, TPMI 0
UE 2362: dlsch_rounds 263/0/0/0, dlsch_errors 0, pucch0_DTX 0 (SNR 21.9+1.9 dB), BLER 0.00000 MCS (0) 0 CCE fail 6, goodput 0.00 Mbps
UE 2362: ulsch_rounds 2351/0/0/0, ulsch_errors 0, ulsch_DTX 0, BLER 0.00000 MCS (0) 0 (Qm 2 deltaMCS 0 dB) NPRB 5 SNR 16.7 (+1.7) dB CCE fail 0, goodput 0.00 Mbps
UE 2362: LCID 1: TX           3507 RX            286 bytes
UE 2362: LCID 2: TX              0 RX              0 bytes
UE 2362: LCID 4: TX             24 RX            450 bytes

[0m[NR_MAC] Frame.Slot 0.0
UE RNTI 2362 CU-UE-ID 1 in-sync PH 48 dB PCMAX 20 dBm, average RSRP -43 (16 meas)
UE 2362: UL-RI 1, TPMI 0
UE 2362: dlsch_rounds 264/0/0/0, dlsch_errors 0, pucch0_DTX 0 (SNR 21.9+1.9 dB), BLER 0.00000 MCS (0) 0 CCE fail 6, goodput 0.00 Mbps
UE 2362: ulsch_rounds 2364/0/0/0, ulsch_errors 0, ulsch_DTX 0, BLER 0.00000 MCS (0) 0 (Qm 2 deltaMCS 0 dB) NPRB 5 SNR 16.8 (+1.8) dB CCE fail 0, goodput 0.00 Mbps
UE 2362: LCID 1: TX           3507 RX            286 bytes
UE 2362: LCID 2: TX              0 RX              0 bytes
UE 2362: LCID 4: TX             24 RX            450 bytes

[0m[NR_MAC] Frame.Slot 128.0
UE RNTI 2362 CU-UE-ID 1 in-sync PH 48 dB PCMAX 20 dBm, average RSRP -43 (16 meas)
UE 2362: UL-RI 1, TPMI 0
UE 2362: dlsch_rounds 265/0/0/0, dlsch_errors 0, pucch0_DTX 0 (SNR 21.9+1.9 dB), BLER 0.00000 MCS (0) 0 CCE fail 6, goodput 0.00 Mbps
UE 2362: ulsch_rounds 2377/0/0/0, ulsch_errors 0, ulsch_DTX 0, BLER 0.00000 MCS (0) 0 (Qm 2 deltaMCS 0 dB) NPRB 5 SNR 16.9 (+1.9) dB CCE fail 0, goodput 0.00 Mbps
UE 2362: LCID 1: TX           3507 RX            286 bytes
UE 2362: LCID 2: TX              0 RX              0 bytes
UE 2362: LCID 4: TX             24 RX            450 bytes

[0m[NR_MAC] Frame.Slot 256.0
UE RNTI 2362 CU-UE-ID 1 in-sync PH 48 dB PCMAX 20 dBm, average RSRP -43 (16 meas)
UE 2362: UL-RI 1, TPMI 0
UE 2362: dlsch_rounds 267/0/0/0, dlsch_errors 0, pucch0_DTX 0 (SNR 22.0+2.0 dB), BLER 0.00000 MCS (0) 0 CCE fail 6, goodput 0.00 Mbps
UE 2362: ulsch_rounds 2390/0/0/0, ulsch_errors 0, ulsch_DTX 0, BLER 0.00000 MCS (0) 0 (Qm 2 deltaMCS 0 dB) NPRB 5 SNR 17.0 (+2.0) dB CCE fail 0, goodput 0.00 Mbps
UE 2362: LCID 1: TX           3507 RX            286 bytes
UE 2362: LCID 2: TX              0 RX              0 bytes
UE 2362: LCID 4: TX             24 RX            450 bytes

[0m[NR_MAC] Frame.Slot 384.0
UE RNTI 2362 CU-UE-ID 1 in-sync PH 48 dB PCMAX 20 dBm, average RSRP -43 (16 meas)
UE 2362: UL-RI 1, TPMI 0
UE 2362: dlsch_rounds 268/0/0/0, dlsch_errors 0, pucch0_DTX 0 (SNR 22.0+2.0 dB), BLER 0.00000 MCS (0) 0 CCE fail 6, goodput 0.00 Mbps
UE 2362: ulsch_rounds 2402/0/0/0, ulsch_errors 0, ulsch_DTX 0, BLER 0.00000 MCS (0) 0 (Qm 2 deltaMCS 0 dB) NPRB 5 SNR 17.1 (+2.1) dB CCE fail 0, goodput 0.00 Mbps
UE 2362: LCID 1: TX           3507 RX            286 bytes
UE 2362: LCID 2: TX              0 RX              0 bytes
UE 2362: LCID 4: TX             24 RX            450 bytes

[0m[NR_MAC] Frame.Slot 512.0
UE RNTI 2362 CU-UE-ID 1 in-sync PH 48 dB PCMAX 20 dBm, average RSRP -43 (16 meas)
UE 2362: UL-RI 1, TPMI 0
UE 2362: dlsch_rounds 269/0/0/0, dlsch_errors 0, pucch0_DTX 0 (SNR 21.1+1.1 dB), BLER 0.00000 MCS (0) 0 CCE fail 6, goodput 0.00 Mbps
UE 2362: ulsch_rounds 2415/0/0/0, ulsch_errors 0, ulsch_DTX 0, BLER 0.00000 MCS (0) 0 (Qm 2 deltaMCS 0 dB) NPRB 5 SNR 16.2 (+1.2) dB CCE fail 0, goodput 0.00 Mbps
UE 2362: LCID 1: TX           3507 RX            286 bytes
UE 2362: LCID 2: TX              0 RX              0 bytes
UE 2362: LCID 4: TX             24 RX            450 bytes

[0m[NR_MAC] Frame.Slot 640.0
UE RNTI 2362 CU-UE-ID 1 in-sync PH 48 dB PCMAX 20 dBm, average RSRP -43 (16 meas)
UE 2362: UL-RI 1, TPMI 0
UE 2362: dlsch_rounds 271/0/0/0, dlsch_errors 0, pucch0_DTX 0 (SNR 21.2+1.2 dB), BLER 0.00000 MCS (0) 0 CCE fail 6, goodput 0.00 Mbps
UE 2362: ulsch_rounds 2428/0/0/0, ulsch_errors 0, ulsch_DTX 0, BLER 0.00000 MCS (0) 0 (Qm 2 deltaMCS 0 dB) NPRB 5 SNR 16.3 (+1.3) dB CCE fail 0, goodput 0.00 Mbps
UE 2362: LCID 1: TX           3507 RX            286 bytes
UE 2362: LCID 2: TX              0 RX              0 bytes
UE 2362: LCID 4: TX             24 RX            450 bytes

[0m[NR_MAC] Frame.Slot 768.0
UE RNTI 2362 CU-UE-ID 1 in-sync PH 48 dB PCMAX 20 dBm, average RSRP -43 (16 meas)
UE 2362: UL-RI 1, TPMI 0
UE 2362: dlsch_rounds 272/0/0/0, dlsch_errors 0, pucch0_DTX 0 (SNR 21.2+1.2 dB), BLER 0.00000 MCS (0) 0 CCE fail 6, goodput 0.00 Mbps
UE 2362: ulsch_rounds 2441/0/0/0, ulsch_errors 0, ulsch_DTX 0, BLER 0.00000 MCS (0) 0 (Qm 2 deltaMCS 0 dB) NPRB 5 SNR 16.5 (+1.5) dB CCE fail 0, goodput 0.00 Mbps
UE 2362: LCID 1: TX           3507 RX            286 bytes
UE 2362: LCID 2: TX              0 RX              0 bytes
UE 2362: LCID 4: TX             24 RX            450 bytes

[0m[NR_MAC] Frame.Slot 896.0
UE RNTI 2362 CU-UE-ID 1 in-sync PH 48 dB PCMAX 20 dBm, average RSRP -43 (16 meas)
UE 2362: UL-RI 1, TPMI 0
UE 2362: dlsch_rounds 273/0/0/0, dlsch_errors 0, pucch0_DTX 0 (SNR 21.3+1.3 dB), BLER 0.00000 MCS (0) 0 CCE fail 6, goodput 0.00 Mbps
UE 2362: ulsch_rounds 2454/0/0/0, ulsch_errors 0, ulsch_DTX 0, BLER 0.00000 MCS (0) 0 (Qm 2 deltaMCS 0 dB) NPRB 5 SNR 16.6 (+1.6) dB CCE fail 0, goodput 0.00 Mbps
UE 2362: LCID 1: TX           3507 RX            286 bytes
UE 2362: LCID 2: TX              0 RX              0 bytes
UE 2362: LCID 4: TX             24 RX            450 bytes

[0m[NR_MAC] Frame.Slot 0.0
UE RNTI 2362 CU-UE-ID 1 in-sync PH 48 dB PCMAX 20 dBm, average RSRP -43 (16 meas)
UE 2362: UL-RI 1, TPMI 0
UE 2362: dlsch_rounds 274/0/0/0, dlsch_errors 0, pucch0_DTX 0 (SNR 21.3+1.3 dB), BLER 0.00000 MCS (0) 0 CCE fail 6, goodput 0.00 Mbps
UE 2362: ulsch_rounds 2466/0/0/0, ulsch_errors 0, ulsch_DTX 0, BLER 0.00000 MCS (0) 0 (Qm 2 deltaMCS 0 dB) NPRB 5 SNR 16.7 (+1.7) dB CCE fail 0, goodput 0.00 Mbps
UE 2362: LCID 1: TX           3507 RX            286 bytes
UE 2362: LCID 2: TX              0 RX              0 bytes
UE 2362: LCID 4: TX             24 RX            450 bytes

[0m[NR_MAC] Frame.Slot 128.0
UE RNTI 2362 CU-UE-ID 1 in-sync PH 48 dB PCMAX 20 dBm, average RSRP -43 (16 meas)
UE 2362: UL-RI 1, TPMI 0
UE 2362: dlsch_rounds 276/0/0/0, dlsch_errors 0, pucch0_DTX 0 (SNR 21.4+1.4 dB), BLER 0.00000 MCS (0) 0 CCE fail 6, goodput 0.00 Mbps
UE 2362: ulsch_rounds 2479/0/0/0, ulsch_errors 0, ulsch_DTX 0, BLER 0.00000 MCS (0) 0 (Qm 2 deltaMCS 0 dB) NPRB 5 SNR 16.8 (+1.8) dB CCE fail 0, goodput 0.00 Mbps
UE 2362: LCID 1: TX           3507 RX            286 bytes
UE 2362: LCID 2: TX              0 RX              0 bytes
UE 2362: LCID 4: TX             24 RX            450 bytes

[0m[NR_MAC] Frame.Slot 256.0
UE RNTI 2362 CU-UE-ID 1 in-sync PH 48 dB PCMAX 20 dBm, average RSRP -43 (16 meas)
UE 2362: UL-RI 1, TPMI 0
UE 2362: dlsch_rounds 277/0/0/0, dlsch_errors 0, pucch0_DTX 0 (SNR 21.4+1.4 dB), BLER 0.00000 MCS (0) 0 CCE fail 6, goodput 0.00 Mbps
UE 2362: ulsch_rounds 2492/0/0/0, ulsch_errors 0, ulsch_DTX 0, BLER 0.00000 MCS (0) 0 (Qm 2 deltaMCS 0 dB) NPRB 5 SNR 16.9 (+1.9) dB CCE fail 0, goodput 0.00 Mbps
UE 2362: LCID 1: TX           3507 RX            286 bytes
UE 2362: LCID 2: TX              0 RX              0 bytes
UE 2362: LCID 4: TX             24 RX            450 bytes

[0m[NR_MAC] Frame.Slot 384.0
UE RNTI 2362 CU-UE-ID 1 in-sync PH 48 dB PCMAX 20 dBm, average RSRP -43 (16 meas)
UE 2362: UL-RI 1, TPMI 0
UE 2362: dlsch_rounds 278/0/0/0, dlsch_errors 0, pucch0_DTX 0 (SNR 21.5+1.5 dB), BLER 0.00000 MCS (0) 0 CCE fail 6, goodput 0.00 Mbps
UE 2362: ulsch_rounds 2505/0/0/0, ulsch_errors 0, ulsch_DTX 0, BLER 0.00000 MCS (0) 0 (Qm 2 deltaMCS 0 dB) NPRB 5 SNR 17.0 (+2.0) dB CCE fail 0, goodput 0.00 Mbps
UE 2362: LCID 1: TX           3507 RX            286 bytes
UE 2362: LCID 2: TX              0 RX              0 bytes
UE 2362: LCID 4: TX             24 RX            450 bytes

[0m[NR_MAC] Frame.Slot 512.0
UE RNTI 2362 CU-UE-ID 1 in-sync PH 48 dB PCMAX 20 dBm, average RSRP -43 (16 meas)
UE 2362: UL-RI 1, TPMI 0
UE 2362: dlsch_rounds 280/0/0/0, dlsch_errors 0, pucch0_DTX 0 (SNR 21.6+1.6 dB), BLER 0.00000 MCS (0) 0 CCE fail 6, goodput 0.00 Mbps
UE 2362: ulsch_rounds 2518/0/0/0, ulsch_errors 0, ulsch_DTX 0, BLER 0.00000 MCS (0) 0 (Qm 2 deltaMCS 0 dB) NPRB 5 SNR 16.2 (+1.2) dB CCE fail 0, goodput 0.00 Mbps
UE 2362: LCID 1: TX           3507 RX            286 bytes
UE 2362: LCID 2: TX              0 RX              0 bytes
UE 2362: LCID 4: TX             24 RX            450 bytes

[0m[NR_MAC] Frame.Slot 640.0
UE RNTI 2362 CU-UE-ID 1 in-sync PH 48 dB PCMAX 20 dBm, average RSRP -43 (16 meas)
UE 2362: UL-RI 1, TPMI 0
UE 2362: dlsch_rounds 281/0/0/0, dlsch_errors 0, pucch0_DTX 0 (SNR 21.7+1.7 dB), BLER 0.00000 MCS (0) 0 CCE fail 6, goodput 0.00 Mbps
UE 2362: ulsch_rounds 2530/0/0/0, ulsch_errors 0, ulsch_DTX 0, BLER 0.00000 MCS (0) 0 (Qm 2 deltaMCS 0 dB) NPRB 5 SNR 16.2 (+1.2) dB CCE fail 0, goodput 0.00 Mbps
UE 2362: LCID 1: TX           3507 RX            286 bytes
UE 2362: LCID 2: TX              0 RX              0 bytes
UE 2362: LCID 4: TX             24 RX            450 bytes

[0m[NR_MAC] Frame.Slot 768.0
UE RNTI 2362 CU-UE-ID 1 in-sync PH 48 dB PCMAX 20 dBm, average RSRP -43 (16 meas)
UE 2362: UL-RI 1, TPMI 0
UE 2362: dlsch_rounds 282/0/0/0, dlsch_errors 0, pucch0_DTX 0 (SNR 21.7+1.7 dB), BLER 0.00000 MCS (0) 0 CCE fail 6, goodput 0.00 Mbps
UE 2362: ulsch_rounds 2543/0/0/0, ulsch_errors 0, ulsch_DTX 0, BLER 0.00000 MCS (0) 0 (Qm 2 deltaMCS 0 dB) NPRB 5 SNR 16.3 (+1.3) dB CCE fail 0, goodput 0.00 Mbps
UE 2362: LCID 1: TX           3507 RX            286 bytes
UE 2362: LCID 2: TX              0 RX              0 bytes
UE 2362: LCID 4: TX             24 RX            450 bytes

[0m[NR_MAC] Frame.Slot 896.0
UE RNTI 2362 CU-UE-ID 1 in-sync PH 48 dB PCMAX 20 dBm, average RSRP -43 (16 meas)
UE 2362: UL-RI 1, TPMI 0
UE 2362: dlsch_rounds 283/0/0/0, dlsch_errors 0, pucch0_DTX 0 (SNR 21.7+1.7 dB), BLER 0.00000 MCS (0) 0 CCE fail 6, goodput 0.00 Mbps
UE 2362: ulsch_rounds 2556/0/0/0, ulsch_errors 0, ulsch_DTX 0, BLER 0.00000 MCS (0) 0 (Qm 2 deltaMCS 0 dB) NPRB 5 SNR 16.4 (+1.4) dB CCE fail 0, goodput 0.00 Mbps
UE 2362: LCID 1: TX           3507 RX            286 bytes
UE 2362: LCID 2: TX              0 RX              0 bytes
UE 2362: LCID 4: TX             24 RX            450 bytes

[0m[NR_MAC] Frame.Slot 0.0
UE RNTI 2362 CU-UE-ID 1 in-sync PH 48 dB PCMAX 20 dBm, average RSRP -43 (16 meas)
UE 2362: UL-RI 1, TPMI 0
UE 2362: dlsch_rounds 285/0/0/0, dlsch_errors 0, pucch0_DTX 0 (SNR 21.8+1.8 dB), BLER 0.00000 MCS (0) 0 CCE fail 6, goodput 0.00 Mbps
UE 2362: ulsch_rounds 2569/0/0/0, ulsch_errors 0, ulsch_DTX 0, BLER 0.00000 MCS (0) 0 (Qm 2 deltaMCS 0 dB) NPRB 5 SNR 16.6 (+1.6) dB CCE fail 0, goodput 0.00 Mbps
UE 2362: LCID 1: TX           3507 RX            286 bytes
UE 2362: LCID 2: TX              0 RX              0 bytes
UE 2362: LCID 4: TX             24 RX            450 bytes

[0m[NR_MAC] Frame.Slot 128.0
UE RNTI 2362 CU-UE-ID 1 in-sync PH 48 dB PCMAX 20 dBm, average RSRP -43 (16 meas)
UE 2362: UL-RI 1, TPMI 0
UE 2362: dlsch_rounds 286/0/0/0, dlsch_errors 0, pucch0_DTX 0 (SNR 21.8+1.8 dB), BLER 0.00000 MCS (0) 0 CCE fail 6, goodput 0.00 Mbps
UE 2362: ulsch_rounds 2582/0/0/0, ulsch_errors 0, ulsch_DTX 0, BLER 0.00000 MCS (0) 0 (Qm 2 deltaMCS 0 dB) NPRB 5 SNR 16.7 (+1.7) dB CCE fail 0, goodput 0.00 Mbps
UE 2362: LCID 1: TX           3507 RX            286 bytes
UE 2362: LCID 2: TX              0 RX              0 bytes
UE 2362: LCID 4: TX             24 RX            450 bytes

[0m[NR_MAC] Frame.Slot 256.0
UE RNTI 2362 CU-UE-ID 1 in-sync PH 48 dB PCMAX 20 dBm, average RSRP -43 (16 meas)
UE 2362: UL-RI 1, TPMI 0
UE 2362: dlsch_rounds 287/0/0/0, dlsch_errors 0, pucch0_DTX 0 (SNR 21.9+1.9 dB), BLER 0.00000 MCS (0) 0 CCE fail 6, goodput 0.00 Mbps
UE 2362: ulsch_rounds 2594/0/0/0, ulsch_errors 0, ulsch_DTX 0, BLER 0.00000 MCS (0) 0 (Qm 2 deltaMCS 0 dB) NPRB 5 SNR 16.8 (+1.8) dB CCE fail 0, goodput 0.00 Mbps
UE 2362: LCID 1: TX           3507 RX            286 bytes
UE 2362: LCID 2: TX              0 RX              0 bytes
UE 2362: LCID 4: TX             24 RX            450 bytes

[0m[NR_MAC] Frame.Slot 384.0
UE RNTI 2362 CU-UE-ID 1 in-sync PH 48 dB PCMAX 20 dBm, average RSRP -43 (16 meas)
UE 2362: UL-RI 1, TPMI 0
UE 2362: dlsch_rounds 289/0/0/0, dlsch_errors 0, pucch0_DTX 0 (SNR 21.9+1.9 dB), BLER 0.00000 MCS (0) 0 CCE fail 6, goodput 0.00 Mbps
UE 2362: ulsch_rounds 2607/0/0/0, ulsch_errors 0, ulsch_DTX 0, BLER 0.00000 MCS (0) 0 (Qm 2 deltaMCS 0 dB) NPRB 5 SNR 16.9 (+1.9) dB CCE fail 0, goodput 0.00 Mbps
UE 2362: LCID 1: TX           3507 RX            286 bytes
UE 2362: LCID 2: TX              0 RX              0 bytes
UE 2362: LCID 4: TX             24 RX            450 bytes

[0m[NR_MAC] Frame.Slot 512.0
UE RNTI 2362 CU-UE-ID 1 in-sync PH 48 dB PCMAX 20 dBm, average RSRP -43 (16 meas)
UE 2362: UL-RI 1, TPMI 0
UE 2362: dlsch_rounds 290/0/0/0, dlsch_errors 0, pucch0_DTX 0 (SNR 22.0+2.0 dB), BLER 0.00000 MCS (0) 0 CCE fail 6, goodput 0.00 Mbps
UE 2362: ulsch_rounds 2620/0/0/0, ulsch_errors 0, ulsch_DTX 0, BLER 0.00000 MCS (0) 0 (Qm 2 deltaMCS 0 dB) NPRB 5 SNR 17.0 (+2.0) dB CCE fail 0, goodput 0.00 Mbps
UE 2362: LCID 1: TX           3507 RX            286 bytes
UE 2362: LCID 2: TX              0 RX              0 bytes
UE 2362: LCID 4: TX             24 RX            450 bytes

[0m[NR_MAC] Frame.Slot 640.0
UE RNTI 2362 CU-UE-ID 1 in-sync PH 48 dB PCMAX 20 dBm, average RSRP -43 (16 meas)
UE 2362: UL-RI 1, TPMI 0
UE 2362: dlsch_rounds 291/0/0/0, dlsch_errors 0, pucch0_DTX 0 (SNR 22.0+2.0 dB), BLER 0.00000 MCS (0) 0 CCE fail 6, goodput 0.00 Mbps
UE 2362: ulsch_rounds 2633/0/0/0, ulsch_errors 0, ulsch_DTX 0, BLER 0.00000 MCS (0) 0 (Qm 2 deltaMCS 0 dB) NPRB 5 SNR 16.1 (+1.1) dB CCE fail 0, goodput 0.00 Mbps
UE 2362: LCID 1: TX           3507 RX            286 bytes
UE 2362: LCID 2: TX              0 RX              0 bytes
UE 2362: LCID 4: TX             24 RX            450 bytes

[0m[NR_MAC] Frame.Slot 768.0
UE RNTI 2362 CU-UE-ID 1 in-sync PH 48 dB PCMAX 20 dBm, average RSRP -43 (16 meas)
UE 2362: UL-RI 1, TPMI 0
UE 2362: dlsch_rounds 292/0/0/0, dlsch_errors 0, pucch0_DTX 0 (SNR 21.1+1.1 dB), BLER 0.00000 MCS (0) 0 CCE fail 6, goodput 0.00 Mbps
UE 2362: ulsch_rounds 2646/0/0/0, ulsch_errors 0, ulsch_DTX 0, BLER 0.00000 MCS (0) 0 (Qm 2 deltaMCS 0 dB) NPRB 5 SNR 16.2 (+1.2) dB CCE fail 0, goodput 0.00 Mbps
UE 2362: LCID 1: TX           3507 RX            286 bytes
UE 2362: LCID 2: TX              0 RX              0 bytes
UE 2362: LCID 4: TX             24 RX            450 bytes

[0mition NSSAI (1, ffffff).
[E2 AGENT][E2SM-KPM] Condition NSSAI (1, ffffff).
[E2 AGENT][E2SM-KPM] Condition NSSAI (1, ffffff).
[E2 AGENT][E2SM-KPM] Condition NSSAI (1, ffffff).
[E2 AGENT][E2SM-KPM] Condition NSSAI (1, ffffff).
[E2 AGENT][E2SM-KPM] Condition NSSAI (1, ffffff).
[E2 AGENT][E2SM-KPM] Condition NSSAI (1, ffffff).
[E2 AGENT][E2SM-KPM] Condition NSSAI (1, ffffff).
[E2 AGENT][E2SM-KPM] Condition NSSAI (1, ffffff).
[E2 AGENT][E2SM-KPM] Condition NSSAI (1, ffffff).
[E2 AGENT][E2SM-KPM] Condition NSSAI (1, ffffff).
[E2 AGENT][E2SM-KPM] Condition NSSAI (1, ffffff).
[E2 AGENT][E2SM-KPM] Condition NSSAI (1, ffffff).
[E2 AGENT][E2SM-KPM] Condition NSSAI (1, ffffff).
[E2 AGENT][E2SM-KPM] Condition NSSAI (1, ffffff).
[E2 AGENT][E2SM-KPM] Condition NSSAI (1, ffffff).
[E2 AGENT][E2SM-KPM] Condition NSSAI (1, ffffff).
[E2 AGENT][E2SM-KPM] Condition NSSAI (1, ffffff).
[E2 AGENT][E2SM-KPM] Condition NSSAI (1, ffffff).
[E2 AGENT][E2SM-KPM] Condition NSSAI (1, ffffff).
[E2 AGENT][E2SM-KPM] Condition NSSAI (1, ffffff).
[E2 AGENT][E2SM-KPM] Condition NSSAI (1, ffffff).
[E2 AGENT][E2SM-KPM] Condition NSSAI (1, ffffff).
[E2 AGENT][E2SM-KPM] Condition NSSAI (1, ffffff).
[E2 AGENT][E2SM-KPM] Condition NSSAI (1, ffffff).
[E2 AGENT][E2SM-KPM] Condition NSSAI (1, ffffff).
[E2 AGENT][E2SM-KPM] Condition NSSAI (1, ffffff).
[E2 AGENT][E2SM-KPM] Condition NSSAI (1, ffffff).
[E2 AGENT][E2SM-KPM] Condition NSSAI (1, ffffff).
[E2 AGENT][E2SM-KPM] Condition NSSAI (1, ffffff).
[E2 AGENT][E2SM-KPM] Condition NSSAI (1, ffffff).
[E2 AGENT][E2SM-KPM] Condition NSSAI (1, ffffff).
[E2 AGENT][E2SM-KPM] Condition NSSAI (1, ffffff).
[E2 AGENT][E2SM-KPM] Condition NSSAI (1, ffffff).
[E2 AGENT][E2SM-KPM] Condition NSSAI (1, ffffff).
[E2 AGENT][E2SM-KPM] Condition NSSAI (1, ffffff).
[E2 AGENT][E2SM-KPM] Condition NSSAI (1, ffffff).
[E2 AGENT][E2SM-KPM] Condition NSSAI (1, ffffff).
[E2 AGENT][E2SM-KPM] Condition NSSAI (1, ffffff).
[E2 AGENT][E2SM-KPM] Condition NSSAI (1, ffffff).
[E2 AGENT][E2SM-KPM] Condition NSSAI (1, ffffff).
[E2 AGENT][E2SM-KPM] Condition NSSAI (1, ffffff).
[E2 AGENT][E2SM-KPM] Condition NSSAI (1, ffffff).
[E2 AGENT][E2SM-KPM] Condition NSSAI (1, ffffff).
[E2 AGENT][E2SM-KPM] Condition NSSAI (1, ffffff).
[E2 AGENT][E2SM-KPM] Condition NSSAI (1, ffffff).
[E2 AGENT][E2SM-KPM] Condition NSSAI (1, ffffff).
[E2 AGENT][E2SM-KPM] Condition NSSAI (1, ffffff).
[E2 AGENT][E2SM-KPM] Condition NSSAI (1, ffffff).
[E2 AGENT][E2SM-KPM] Condition NSSAI (1, ffffff).
[E2 AGENT][E2SM-KPM] Condition NSSAI (1, ffffff).
[E2 AGENT][E2SM-KPM] Condition NSSAI (1, ffffff).
[E2 AGENT][E2SM-KPM] Condition NSSAI (1, ffffff).
[E2 AGENT][E2SM-KPM] Condition NSSAI (1, ffffff).
[E2 AGENT][E2SM-KPM] Condition NSSAI (1, ffffff).
[E2 AGENT][E2SM-KPM] Condition NSSAI (1, ffffff).
[E2 AGENT][E2SM-KPM] Condition NSSAI (1, ffffff).
[E2 AGENT][E2SM-KPM] Condition NSSAI (1, ffffff).
[E2 AGENT][E2SM-KPM] Condition NSSAI (1, ffffff).
[E2 AGENT][E2SM-KPM] Condition NSSAI (1, ffffff).
[E2 AGENT][E2SM-KPM] Condition NSSAI (1, ffffff).
[E2 AGENT][E2SM-KPM] Condition NSSAI (1, ffffff).
[E2 AGENT][E2SM-KPM] Condition NSSAI (1, ffffff).
[E2 AGENT][E2SM-KPM] Condition NSSAI (1, ffffff).
[E2 AGENT][E2SM-KPM] Condition NSSAI (1, ffffff).
[E2 AGENT][E2SM-KPM] Condition NSSAI (1, ffffff).
[E2 AGENT][E2SM-KPM] Condition NSSAI (1, ffffff).
[E2 AGENT][E2SM-KPM] Condition NSSAI (1, ffffff).
[E2 AGENT][E2SM-KPM] Condition NSSAI (1, ffffff).
[E2 AGENT][E2SM-KPM] Condition NSSAI (1, ffffff).
[E2 AGENT][E2SM-KPM] Condition NSSAI (1, ffffff).
[E2 AGENT][E2SM-KPM] Condition NSSAI (1, ffffff).
[E2 AGENT][E2SM-KPM] Condition NSSAI (1, ffffff).
[E2 AGENT][E2SM-KPM] Condition NSSAI (1, ffffff).
[E2 AGENT][E2SM-KPM] Condition NSSAI (1, ffffff).
[E2 AGENT][E2SM-KPM] Condition NSSAI (1, ffffff).
[E2 AGENT][E2SM-KPM] Condition NSSAI (1, ffffff).
[E2 AGENT][E2SM-KPM] Condition NSSAI (1, ffffff).
[E2 AGENT][E2SM-KPM] Condition NSSAI (1, ffffff).
[E2 AGENT][E2SM-KPM] Condition NSSAI (1, ffffff).
[E2 AGENT][E2SM-KPM] Condition NSSAI (1, ffffff).
[E2 AGENT][E2SM-KPM] Condition NSSAI (1, ffffff).
[E2 AGENT][E2SM-KPM] [NR_MAC] Frame.Slot 896.0
UE RNTI 2362 CU-UE-ID 1 in-sync PH 48 dB PCMAX 20 dBm, average RSRP -43 (16 meas)
UE 2362: UL-RI 1, TPMI 0
UE 2362: dlsch_rounds 294/0/0/0, dlsch_errors 0, pucch0_DTX 0 (SNR 21.2+1.2 dB), BLER 0.00000 MCS (0) 0 CCE fail 6, goodput 0.00 Mbps
UE 2362: ulsch_rounds 2658/0/0/0, ulsch_errors 0, ulsch_DTX 0, BLER 0.00000 MCS (0) 0 (Qm 2 deltaMCS 0 dB) NPRB 5 SNR 16.3 (+1.3) dB CCE fail 0, goodput 0.00 Mbps
UE 2362: LCID 1: TX           3507 RX            286 bytes
UE 2362: LCID 2: TX              0 RX              0 bytes
UE 2362: LCID 4: TX             24 RX            450 bytes

[0m[NR_MAC] Frame.Slot 0.0
UE RNTI 2362 CU-UE-ID 1 in-sync PH 48 dB PCMAX 20 dBm, average RSRP -43 (16 meas)
UE 2362: UL-RI 1, TPMI 0
UE 2362: dlsch_rounds 295/0/0/0, dlsch_errors 0, pucch0_DTX 0 (SNR 21.2+1.2 dB), BLER 0.00000 MCS (0) 0 CCE fail 6, goodput 0.00 Mbps
UE 2362: ulsch_rounds 2671/0/0/0, ulsch_errors 0, ulsch_DTX 0, BLER 0.00000 MCS (0) 0 (Qm 2 deltaMCS 0 dB) NPRB 5 SNR 16.4 (+1.4) dB CCE fail 0, goodput 0.00 Mbps
UE 2362: LCID 1: TX           3507 RX            286 bytes
UE 2362: LCID 2: TX              0 RX              0 bytes
UE 2362: LCID 4: TX             24 RX            450 bytes

[0m[NR_MAC] Frame.Slot 128.0
UE RNTI 2362 CU-UE-ID 1 in-sync PH 48 dB PCMAX 20 dBm, average RSRP -43 (16 meas)
UE 2362: UL-RI 1, TPMI 0
UE 2362: dlsch_rounds 296/0/0/0, dlsch_errors 0, pucch0_DTX 0 (SNR 21.3+1.3 dB), BLER 0.00000 MCS (0) 0 CCE fail 6, goodput 0.00 Mbps
UE 2362: ulsch_rounds 2684/0/0/0, ulsch_errors 0, ulsch_DTX 0, BLER 0.00000 MCS (0) 0 (Qm 2 deltaMCS 0 dB) NPRB 5 SNR 16.6 (+1.6) dB CCE fail 0, goodput 0.00 Mbps
UE 2362: LCID 1: TX           3507 RX            286 bytes
UE 2362: LCID 2: TX              0 RX              0 bytes
UE 2362: LCID 4: TX             24 RX            450 bytes

[0m[NR_MAC] Frame.Slot 256.0
UE RNTI 2362 CU-UE-ID 1 in-sync PH 48 dB PCMAX 20 dBm, average RSRP -43 (16 meas)
UE 2362: UL-RI 1, TPMI 0
UE 2362: dlsch_rounds 297/0/0/0, dlsch_errors 0, pucch0_DTX 0 (SNR 21.3+1.3 dB), BLER 0.00000 MCS (0) 0 CCE fail 6, goodput 0.00 Mbps
UE 2362: ulsch_rounds 2697/0/0/0, ulsch_errors 0, ulsch_DTX 0, BLER 0.00000 MCS (0) 0 (Qm 2 deltaMCS 0 dB) NPRB 5 SNR 16.7 (+1.7) dB CCE fail 0, goodput 0.00 Mbps
UE 2362: LCID 1: TX           3507 RX            286 bytes
UE 2362: LCID 2: TX              0 RX              0 bytes
UE 2362: LCID 4: TX             24 RX            450 bytes

[0m[NR_MAC] Frame.Slot 384.0
UE RNTI 2362 CU-UE-ID 1 in-sync PH 48 dB PCMAX 20 dBm, average RSRP -43 (16 meas)
UE 2362: UL-RI 1, TPMI 0
UE 2362: dlsch_rounds 299/0/0/0, dlsch_errors 0, pucch0_DTX 0 (SNR 21.4+1.4 dB), BLER 0.00000 MCS (0) 0 CCE fail 6, goodput 0.00 Mbps
UE 2362: ulsch_rounds 2710/0/0/0, ulsch_errors 0, ulsch_DTX 0, BLER 0.00000 MCS (0) 0 (Qm 2 deltaMCS 0 dB) NPRB 5 SNR 16.8 (+1.8) dB CCE fail 0, goodput 0.00 Mbps
UE 2362: LCID 1: TX           3507 RX            286 bytes
UE 2362: LCID 2: TX              0 RX              0 bytes
UE 2362: LCID 4: TX             24 RX            450 bytes

[0m[NR_MAC] Frame.Slot 512.0
UE RNTI 2362 CU-UE-ID 1 in-sync PH 48 dB PCMAX 20 dBm, average RSRP -43 (16 meas)
UE 2362: UL-RI 1, TPMI 0
UE 2362: dlsch_rounds 300/0/0/0, dlsch_errors 0, pucch0_DTX 0 (SNR 21.4+1.4 dB), BLER 0.00000 MCS (0) 0 CCE fail 6, goodput 0.00 Mbps
UE 2362: ulsch_rounds 2722/0/0/0, ulsch_errors 0, ulsch_DTX 0, BLER 0.00000 MCS (0) 0 (Qm 2 deltaMCS 0 dB) NPRB 5 SNR 16.9 (+1.9) dB CCE fail 0, goodput 0.00 Mbps
UE 2362: LCID 1: TX           3507 RX            286 bytes
UE 2362: LCID 2: TX              0 RX              0 bytes
UE 2362: LCID 4: TX             24 RX            450 bytes

[0m[NR_MAC] Frame.Slot 640.0
UE RNTI 2362 CU-UE-ID 1 in-sync PH 48 dB PCMAX 20 dBm, average RSRP -43 (16 meas)
UE 2362: UL-RI 1, TPMI 0
UE 2362: dlsch_rounds 301/0/0/0, dlsch_errors 0, pucch0_DTX 0 (SNR 21.4+1.4 dB), BLER 0.00000 MCS (0) 0 CCE fail 6, goodput 0.00 Mbps
UE 2362: ulsch_rounds 2735/0/0/0, ulsch_errors 0, ulsch_DTX 0, BLER 0.00000 MCS (0) 0 (Qm 2 deltaMCS 0 dB) NPRB 5 SNR 17.0 (+2.0) dB CCE fail 0, goodput 0.00 Mbps
UE 2362: LCID 1: TX           3507 RX            286 bytes
UE 2362: LCID 2: TX              0 RX              0 bytes
UE 2362: LCID 4: TX             24 RX            450 bytes

[0m[NR_MAC] Frame.Slot 768.0
UE RNTI 2362 CU-UE-ID 1 in-sync PH 48 dB PCMAX 20 dBm, average RSRP -43 (16 meas)
UE 2362: UL-RI 1, TPMI 0
UE 2362: dlsch_rounds 303/0/0/0, dlsch_errors 0, pucch0_DTX 0 (SNR 21.5+1.5 dB), BLER 0.00000 MCS (0) 0 CCE fail 6, goodput 0.00 Mbps
UE 2362: ulsch_rounds 2748/0/0/0, ulsch_errors 0, ulsch_DTX 0, BLER 0.00000 MCS (0) 0 (Qm 2 deltaMCS 0 dB) NPRB 5 SNR 17.1 (+2.1) dB CCE fail 0, goodput 0.00 Mbps
UE 2362: LCID 1: TX           3507 RX            286 bytes
UE 2362: LCID 2: TX              0 RX              0 bytes
UE 2362: LCID 4: TX             24 RX            450 bytes

[0m[NR_MAC] Frame.Slot 896.0
UE RNTI 2362 CU-UE-ID 1 in-sync PH 48 dB PCMAX 20 dBm, average RSRP -43 (16 meas)
UE 2362: UL-RI 1, TPMI 0
UE 2362: dlsch_rounds 304/0/0/0, dlsch_errors 0, pucch0_DTX 0 (SNR 21.6+1.6 dB), BLER 0.00000 MCS (0) 0 CCE fail 6, goodput 0.00 Mbps
UE 2362: ulsch_rounds 2761/0/0/0, ulsch_errors 0, ulsch_DTX 0, BLER 0.00000 MCS (0) 0 (Qm 2 deltaMCS 0 dB) NPRB 5 SNR 16.2 (+1.2) dB CCE fail 0, goodput 0.00 Mbps
UE 2362: LCID 1: TX           3507 RX            286 bytes
UE 2362: LCID 2: TX              0 RX              0 bytes
UE 2362: LCID 4: TX             24 RX            450 bytes

[0m[NR_MAC] Frame.Slot 0.0
UE RNTI 2362 CU-UE-ID 1 in-sync PH 48 dB PCMAX 20 dBm, average RSRP -43 (16 meas)
UE 2362: UL-RI 1, TPMI 0
UE 2362: dlsch_rounds 305/0/0/0, dlsch_errors 0, pucch0_DTX 0 (SNR 21.6+1.6 dB), BLER 0.00000 MCS (0) 0 CCE fail 6, goodput 0.00 Mbps
UE 2362: ulsch_rounds 2774/0/0/0, ulsch_errors 0, ulsch_DTX 0, BLER 0.00000 MCS (0) 0 (Qm 2 deltaMCS 0 dB) NPRB 5 SNR 16.3 (+1.3) dB CCE fail 0, goodput 0.00 Mbps
UE 2362: LCID 1: TX           3507 RX            286 bytes
UE 2362: LCID 2: TX              0 RX              0 bytes
UE 2362: LCID 4: TX             24 RX            450 bytes

[0m[NR_MAC] Frame.Slot 128.0
UE RNTI 2362 CU-UE-ID 1 in-sync PH 48 dB PCMAX 20 dBm, average RSRP -43 (16 meas)
UE 2362: UL-RI 1, TPMI 0
UE 2362: dlsch_rounds 306/0/0/0, dlsch_errors 0, pucch0_DTX 0 (SNR 21.6+1.6 dB), BLER 0.00000 MCS (0) 0 CCE fail 6, goodput 0.00 Mbps
UE 2362: ulsch_rounds 2786/0/0/0, ulsch_errors 0, ulsch_DTX 0, BLER 0.00000 MCS (0) 0 (Qm 2 deltaMCS 0 dB) NPRB 5 SNR 16.4 (+1.4) dB CCE fail 0, goodput 0.00 Mbps
UE 2362: LCID 1: TX           3507 RX            286 bytes
UE 2362: LCID 2: TX              0 RX              0 bytes
UE 2362: LCID 4: TX             24 RX            450 bytes

[0m[NR_MAC] Frame.Slot 256.0
UE RNTI 2362 CU-UE-ID 1 in-sync PH 48 dB PCMAX 20 dBm, average RSRP -43 (16 meas)
UE 2362: UL-RI 1, TPMI 0
UE 2362: dlsch_rounds 308/0/0/0, dlsch_errors 0, pucch0_DTX 0 (SNR 21.7+1.7 dB), BLER 0.00000 MCS (0) 0 CCE fail 6, goodput 0.00 Mbps
UE 2362: ulsch_rounds 2799/0/0/0, ulsch_errors 0, ulsch_DTX 0, BLER 0.00000 MCS (0) 0 (Qm 2 deltaMCS 0 dB) NPRB 5 SNR 16.5 (+1.5) dB CCE fail 0, goodput 0.00 Mbps
UE 2362: LCID 1: TX           3507 RX            286 bytes
UE 2362: LCID 2: TX              0 RX              0 bytes
UE 2362: LCID 4: TX             24 RX            450 bytes

[0m[NR_MAC] Frame.Slot 384.0
UE RNTI 2362 CU-UE-ID 1 in-sync PH 48 dB PCMAX 20 dBm, average RSRP -43 (16 meas)
UE 2362: UL-RI 1, TPMI 0
UE 2362: dlsch_rounds 309/0/0/0, dlsch_errors 0, pucch0_DTX 0 (SNR 21.8+1.8 dB), BLER 0.00000 MCS (0) 0 CCE fail 6, goodput 0.00 Mbps
UE 2362: ulsch_rounds 2812/0/0/0, ulsch_errors 0, ulsch_DTX 0, BLER 0.00000 MCS (0) 0 (Qm 2 deltaMCS 0 dB) NPRB 5 SNR 16.6 (+1.6) dB CCE fail 0, goodput 0.00 Mbps
UE 2362: LCID 1: TX           3507 RX            286 bytes
UE 2362: LCID 2: TX              0 RX              0 bytes
UE 2362: LCID 4: TX             24 RX            450 bytes

[0m[NR_MAC] Frame.Slot 512.0
UE RNTI 2362 CU-UE-ID 1 in-sync PH 48 dB PCMAX 20 dBm, average RSRP -43 (16 meas)
UE 2362: UL-RI 1, TPMI 0
UE 2362: dlsch_rounds 310/0/0/0, dlsch_errors 0, pucch0_DTX 0 (SNR 21.8+1.8 dB), BLER 0.00000 MCS (0) 0 CCE fail 6, goodput 0.00 Mbps
UE 2362: ulsch_rounds 2825/0/0/0, ulsch_errors 0, ulsch_DTX 0, BLER 0.00000 MCS (0) 0 (Qm 2 deltaMCS 0 dB) NPRB 5 SNR 16.7 (+1.7) dB CCE fail 0, goodput 0.00 Mbps
UE 2362: LCID 1: TX           3507 RX            286 bytes
UE 2362: LCID 2: TX              0 RX              0 bytes
UE 2362: LCID 4: TX             24 RX            450 bytes

[0m[NR_MAC] Frame.Slot 640.0
UE RNTI 2362 CU-UE-ID 1 in-sync PH 48 dB PCMAX 20 dBm, average RSRP -43 (16 meas)
UE 2362: UL-RI 1, TPMI 0
UE 2362: dlsch_rounds 312/0/0/0, dlsch_errors 0, pucch0_DTX 0 (SNR 21.9+1.9 dB), BLER 0.00000 MCS (0) 0 CCE fail 6, goodput 0.00 Mbps
UE 2362: ulsch_rounds 2838/0/0/0, ulsch_errors 0, ulsch_DTX 0, BLER 0.00000 MCS (0) 0 (Qm 2 deltaMCS 0 dB) NPRB 5 SNR 16.9 (+1.9) dB CCE fail 0, goodput 0.00 Mbps
UE 2362: LCID 1: TX           3507 RX            286 bytes
UE 2362: LCID 2: TX              0 RX              0 bytes
UE 2362: LCID 4: TX             24 RX            450 bytes

[0m[NR_MAC] Frame.Slot 768.0
UE RNTI 2362 CU-UE-ID 1 in-sync PH 48 dB PCMAX 20 dBm, average RSRP -43 (16 meas)
UE 2362: UL-RI 1, TPMI 0
UE 2362: dlsch_rounds 313/0/0/0, dlsch_errors 0, pucch0_DTX 0 (SNR 21.9+1.9 dB), BLER 0.00000 MCS (0) 0 CCE fail 6, goodput 0.00 Mbps
UE 2362: ulsch_rounds 2850/0/0/0, ulsch_errors 0, ulsch_DTX 0, BLER 0.00000 MCS (0) 0 (Qm 2 deltaMCS 0 dB) NPRB 5 SNR 16.9 (+1.9) dB CCE fail 0, goodput 0.00 Mbps
UE 2362: LCID 1: TX           3507 RX            286 bytes
UE 2362: LCID 2: TX              0 RX              0 bytes
UE 2362: LCID 4: TX             24 RX            450 bytes

[0m[NR_MAC] Frame.Slot 896.0
UE RNTI 2362 CU-UE-ID 1 in-sync PH 48 dB PCMAX 20 dBm, average RSRP -43 (16 meas)
UE 2362: UL-RI 1, TPMI 0
UE 2362: dlsch_rounds 314/0/0/0, dlsch_errors 0, pucch0_DTX 0 (SNR 22.0+2.0 dB), BLER 0.00000 MCS (0) 0 CCE fail 6, goodput 0.00 Mbps
UE 2362: ulsch_rounds 2863/0/0/0, ulsch_errors 0, ulsch_DTX 0, BLER 0.00000 MCS (0) 0 (Qm 2 deltaMCS 0 dB) NPRB 5 SNR 17.0 (+2.0) dB CCE fail 0, goodput 0.00 Mbps
UE 2362: LCID 1: TX           3507 RX            286 bytes
UE 2362: LCID 2: TX              0 RX              0 bytes
UE 2362: LCID 4: TX             24 RX            450 bytes

[0m[NR_MAC] Frame.Slot 0.0
UE RNTI 2362 CU-UE-ID 1 in-sync PH 48 dB PCMAX 20 dBm, average RSRP -43 (16 meas)
UE 2362: UL-RI 1, TPMI 0
UE 2362: dlsch_rounds 315/0/0/0, dlsch_errors 0, pucch0_DTX 0 (SNR 22.0+2.0 dB), BLER 0.00000 MCS (0) 0 CCE fail 6, goodput 0.00 Mbps
UE 2362: ulsch_rounds 2876/0/0/0, ulsch_errors 0, ulsch_DTX 0, BLER 0.00000 MCS (0) 0 (Qm 2 deltaMCS 0 dB) NPRB 5 SNR 16.2 (+1.2) dB CCE fail 0, goodput 0.00 Mbps
UE 2362: LCID 1: TX           3507 RX            286 bytes
UE 2362: LCID 2: TX              0 RX              0 bytes
UE 2362: LCID 4: TX             24 RX            450 bytes

[0m[NR_MAC] Frame.Slot 128.0
UE RNTI 2362 CU-UE-ID 1 in-sync PH 48 dB PCMAX 20 dBm, average RSRP -43 (16 meas)
UE 2362: UL-RI 1, TPMI 0
UE 2362: dlsch_rounds 317/0/0/0, dlsch_errors 0, pucch0_DTX 0 (SNR 21.1+1.1 dB), BLER 0.00000 MCS (0) 0 CCE fail 6, goodput 0.00 Mbps
UE 2362: ulsch_rounds 2889/0/0/0, ulsch_errors 0, ulsch_DTX 0, BLER 0.00000 MCS (0) 0 (Qm 2 deltaMCS 0 dB) NPRB 5 SNR 16.3 (+1.3) dB CCE fail 0, goodput 0.00 Mbps
UE 2362: LCID 1: TX           3507 RX            286 bytes
UE 2362: LCID 2: TX              0 RX              0 bytes
UE 2362: LCID 4: TX             24 RX            450 bytes

[0m[NR_MAC] Frame.Slot 256.0
UE RNTI 2362 CU-UE-ID 1 in-sync PH 48 dB PCMAX 20 dBm, average RSRP -43 (16 meas)
UE 2362: UL-RI 1, TPMI 0
UE 2362: dlsch_rounds 318/0/0/0, dlsch_errors 0, pucch0_DTX 0 (SNR 21.2+1.2 dB), BLER 0.00000 MCS (0) 0 CCE fail 6, goodput 0.00 Mbps
UE 2362: ulsch_rounds 2902/0/0/0, ulsch_errors 0, ulsch_DTX 0, BLER 0.00000 MCS (0) 0 (Qm 2 deltaMCS 0 dB) NPRB 5 SNR 16.4 (+1.4) dB CCE fail 0, goodput 0.00 Mbps
UE 2362: LCID 1: TX           3507 RX            286 bytes
UE 2362: LCID 2: TX              0 RX              0 bytes
UE 2362: LCID 4: TX             24 RX            450 bytes

[0m[NR_MAC] Frame.Slot 384.0
UE RNTI 2362 CU-UE-ID 1 in-sync PH 48 dB PCMAX 20 dBm, average RSRP -43 (16 meas)
UE 2362: UL-RI 1, TPMI 0
UE 2362: dlsch_rounds 319/0/0/0, dlsch_errors 0, pucch0_DTX 0 (SNR 21.3+1.3 dB), BLER 0.00000 MCS (0) 0 CCE fail 6, goodput 0.00 Mbps
UE 2362: ulsch_rounds 2914/0/0/0, ulsch_errors 0, ulsch_DTX 0, BLER 0.00000 MCS (0) 0 (Qm 2 deltaMCS 0 dB) NPRB 5 SNR 16.5 (+1.5) dB CCE fail 0, goodput 0.00 Mbps
UE 2362: LCID 1: TX           3507 RX            286 bytes
UE 2362: LCID 2: TX              0 RX              0 bytes
UE 2362: LCID 4: TX             24 RX            450 bytes

[0m[NR_MAC] Frame.Slot 512.0
UE RNTI 2362 CU-UE-ID 1 in-sync PH 48 dB PCMAX 20 dBm, average RSRP -43 (16 meas)
UE 2362: UL-RI 1, TPMI 0
UE 2362: dlsch_rounds 321/0/0/0, dlsch_errors 0, pucch0_DTX 0 (SNR 21.4+1.4 dB), BLER 0.00000 MCS (0) 0 CCE fail 6, goodput 0.00 Mbps
UE 2362: ulsch_rounds 2927/0/0/0, ulsch_errors 0, ulsch_DTX 0, BLER 0.00000 MCS (0) 0 (Qm 2 deltaMCS 0 dB) NPRB 5 SNR 16.6 (+1.6) dB CCE fail 0, goodput 0.00 Mbps
UE 2362: LCID 1: TX           3507 RX            286 bytes
UE 2362: LCID 2: TX              0 RX              0 bytes
UE 2362: LCID 4: TX             24 RX            450 bytes

[0m[NR_MAC] Frame.Slot 640.0
UE RNTI 2362 CU-UE-ID 1 in-sync PH 48 dB PCMAX 20 dBm, average RSRP -43 (16 meas)
UE 2362: UL-RI 1, TPMI 0
UE 2362: dlsch_rounds 322/0/0/0, dlsch_errors 0, pucch0_DTX 0 (SNR 21.4+1.4 dB), BLER 0.00000 MCS (0) 0 CCE fail 6, goodput 0.00 Mbps
UE 2362: ulsch_rounds 2940/0/0/0, ulsch_errors 0, ulsch_DTX 0, BLER 0.00000 MCS (0) 0 (Qm 2 deltaMCS 0 dB) NPRB 5 SNR 16.7 (+1.7) dB CCE fail 0, goodput 0.00 Mbps
UE 2362: LCID 1: TX           3507 RX            286 bytes
UE 2362: LCID 2: TX              0 RX              0 bytes
UE 2362: LCID 4: TX             24 RX            450 bytes

[0mCondition NSSAI (1, ffffff).
[E2 AGENT][E2SM-KPM] Condition NSSAI (1, ffffff).
[E2 AGENT][E2SM-KPM] Condition NSSAI (1, ffffff).
[E2 AGENT][E2SM-KPM] Condition NSSAI (1, ffffff).
[E2 AGENT][E2SM-KPM] Condition NSSAI (1, ffffff).
[E2 AGENT][E2SM-KPM] Condition NSSAI (1, ffffff).
[E2 AGENT][E2SM-KPM] Condition NSSAI (1, ffffff).
[E2 AGENT][E2SM-KPM] Condition NSSAI (1, ffffff).
[E2 AGENT][E2SM-KPM] Condition NSSAI (1, ffffff).
[E2 AGENT][E2SM-KPM] Condition NSSAI (1, ffffff).
[E2 AGENT][E2SM-KPM] Condition NSSAI (1, ffffff).
[E2 AGENT][E2SM-KPM] Condition NSSAI (1, ffffff).
[E2 AGENT][E2SM-KPM] Condition NSSAI (1, ffffff).
[E2 AGENT][E2SM-KPM] Condition NSSAI (1, ffffff).
[E2 AGENT][E2SM-KPM] Condition NSSAI (1, ffffff).
[E2 AGENT][E2SM-KPM] Condition NSSAI (1, ffffff).
[E2 AGENT][E2SM-KPM] Condition NSSAI (1, ffffff).
[E2 AGENT][E2SM-KPM] Condition NSSAI (1, ffffff).
[E2 AGENT][E2SM-KPM] Condition NSSAI (1, ffffff).
[E2 AGENT][E2SM-KPM] Condition NSSAI (1, ffffff).
[E2 AGENT][E2SM-KPM] Condition NSSAI (1, ffffff).
[E2 AGENT][E2SM-KPM] Condition NSSAI (1, ffffff).
[E2 AGENT][E2SM-KPM] Condition NSSAI (1, ffffff).
[E2 AGENT][E2SM-KPM] Condition NSSAI (1, ffffff).
[E2 AGENT][E2SM-KPM] Condition NSSAI (1, ffffff).
[E2 AGENT][E2SM-KPM] Condition NSSAI (1, ffffff).
[E2 AGENT][E2SM-KPM] Condition NSSAI (1, ffffff).
[E2 AGENT][E2SM-KPM] Condition NSSAI (1, ffffff).
[E2 AGENT][E2SM-KPM] Condition NSSAI (1, ffffff).
[E2 AGENT][E2SM-KPM] Condition NSSAI (1, ffffff).
[E2 AGENT][E2SM-KPM] Condition NSSAI (1, ffffff).
[E2 AGENT][E2SM-KPM] Condition NSSAI (1, ffffff).
[E2 AGENT][E2SM-KPM] Condition NSSAI (1, ffffff).
[E2 AGENT][E2SM-KPM] Condition NSSAI (1, ffffff).
[E2 AGENT][E2SM-KPM] Condition NSSAI (1, ffffff).
[E2 AGENT][E2SM-KPM] Condition NSSAI (1, ffffff).
[E2 AGENT][E2SM-KPM] Condition NSSAI (1, ffffff).
[E2 AGENT][E2SM-KPM] Condition NSSAI (1, ffffff).
[E2 AGENT][E2SM-KPM] Condition NSSAI (1, ffffff).
[E2 AGENT][E2SM-KPM] Condition NSSAI (1, ffffff).
[E2 AGENT][E2SM-KPM] Condition NSSAI (1, ffffff).
[E2 AGENT][E2SM-KPM] Condition NSSAI (1, ffffff).
[E2 AGENT][E2SM-KPM] Condition NSSAI (1, ffffff).
[E2 AGENT][E2SM-KPM] Condition NSSAI (1, ffffff).
[E2 AGENT][E2SM-KPM] Condition NSSAI (1, ffffff).
[E2 AGENT][E2SM-KPM] Condition NSSAI (1, ffffff).
[E2 AGENT][E2SM-KPM] Condition NSSAI (1, ffffff).
[E2 AGENT][E2SM-KPM] Condition NSSAI (1, ffffff).
[E2 AGENT][E2SM-KPM] Condition NSSAI (1, ffffff).
[E2 AGENT][E2SM-KPM] Condition NSSAI (1, ffffff).
[E2 AGENT][E2SM-KPM] Condition NSSAI (1, ffffff).
[E2 AGENT][E2SM-KPM] Condition NSSAI (1, ffffff).
[E2 AGENT][E2SM-KPM] Condition NSSAI (1, ffffff).
[E2 AGENT][E2SM-KPM] Condition NSSAI (1, ffffff).
[E2 AGENT][E2SM-KPM] Condition NSSAI (1, ffffff).
[E2 AGENT][E2SM-KPM] Condition NSSAI (1, ffffff).
[E2 AGENT][E2SM-KPM] Condition NSSAI (1, ffffff).
[E2 AGENT][E2SM-KPM] Condition NSSAI (1, ffffff).
[E2 AGENT][E2SM-KPM] Condition NSSAI (1, ffffff).
[E2 AGENT][E2SM-KPM] Condition NSSAI (1, ffffff).
[E2 AGENT][E2SM-KPM] Condition NSSAI (1, ffffff).
[E2 AGENT][E2SM-KPM] Condition NSSAI (1, ffffff).
[E2 AGENT][E2SM-KPM] Condition NSSAI (1, ffffff).
[E2 AGENT][E2SM-KPM] Condition NSSAI (1, ffffff).
[E2 AGENT][E2SM-KPM] Condition NSSAI (1, ffffff).
[E2 AGENT][E2SM-KPM] Condition NSSAI (1, ffffff).
[E2 AGENT][E2SM-KPM] Condition NSSAI (1, ffffff).
[E2 AGENT][E2SM-KPM] Condition NSSAI (1, ffffff).
[E2 AGENT][E2SM-KPM] Condition NSSAI (1, ffffff).
[E2 AGENT][E2SM-KPM] Condition NSSAI (1, ffffff).
[E2 AGENT][E2SM-KPM] Condition NSSAI (1, ffffff).
[E2 AGENT][E2SM-KPM] Condition NSSAI (1, ffffff).
[E2 AGENT][E2SM-KPM] Condition NSSAI (1, ffffff).
[E2 AGENT][E2SM-KPM] Condition NSSAI (1, ffffff).
[E2 AGENT][E2SM-KPM] Condition NSSAI (1, ffffff).
[E2 AGENT][E2SM-KPM] Condition NSSAI (1, ffffff).
[E2 AGENT][E2SM-KPM] Condition NSSAI (1, ffffff).
[E2 AGENT][E2SM-KPM] Condition NSSAI (1, ffffff).
[E2 AGENT][E2SM-KPM] Condition NSSAI (1, ffffff).
[E2 AGENT][E2SM-KPM] Condition NSSAI (1, ffffff).
[E2 AGENT][E2SM-KPM] Condition NSSAI (1, ffffff).
[E2 AGENT][E2SM-KPM] Condition NSSAI (1, ffffff).
[E2 AGENT][E2SM-K[NR_MAC] Frame.Slot 768.0
UE RNTI 2362 CU-UE-ID 1 in-sync PH 48 dB PCMAX 20 dBm, average RSRP -43 (16 meas)
UE 2362: UL-RI 1, TPMI 0
UE 2362: dlsch_rounds 323/0/0/0, dlsch_errors 0, pucch0_DTX 0 (SNR 21.5+1.5 dB), BLER 0.00000 MCS (0) 0 CCE fail 6, goodput 0.00 Mbps
UE 2362: ulsch_rounds 2953/0/0/0, ulsch_errors 0, ulsch_DTX 0, BLER 0.00000 MCS (0) 0 (Qm 2 deltaMCS 0 dB) NPRB 5 SNR 16.9 (+1.9) dB CCE fail 0, goodput 0.00 Mbps
UE 2362: LCID 1: TX           3507 RX            286 bytes
UE 2362: LCID 2: TX              0 RX              0 bytes
UE 2362: LCID 4: TX             24 RX            450 bytes

[0m[NR_MAC] Frame.Slot 896.0
UE RNTI 2362 CU-UE-ID 1 in-sync PH 48 dB PCMAX 20 dBm, average RSRP -43 (16 meas)
UE 2362: UL-RI 1, TPMI 0
UE 2362: dlsch_rounds 324/0/0/0, dlsch_errors 0, pucch0_DTX 0 (SNR 21.5+1.5 dB), BLER 0.00000 MCS (0) 0 CCE fail 6, goodput 0.00 Mbps
UE 2362: ulsch_rounds 2966/0/0/0, ulsch_errors 0, ulsch_DTX 0, BLER 0.00000 MCS (0) 0 (Qm 2 deltaMCS 0 dB) NPRB 5 SNR 17.0 (+2.0) dB CCE fail 0, goodput 0.00 Mbps
UE 2362: LCID 1: TX           3507 RX            286 bytes
UE 2362: LCID 2: TX              0 RX              0 bytes
UE 2362: LCID 4: TX             24 RX            450 bytes

[0m[NR_MAC] Frame.Slot 0.0
UE RNTI 2362 CU-UE-ID 1 in-sync PH 48 dB PCMAX 20 dBm, average RSRP -43 (16 meas)
UE 2362: UL-RI 1, TPMI 0
UE 2362: dlsch_rounds 326/0/0/0, dlsch_errors 0, pucch0_DTX 0 (SNR 21.6+1.6 dB), BLER 0.00000 MCS (0) 0 CCE fail 6, goodput 0.00 Mbps
UE 2362: ulsch_rounds 2978/0/0/0, ulsch_errors 0, ulsch_DTX 0, BLER 0.00000 MCS (0) 0 (Qm 2 deltaMCS 0 dB) NPRB 5 SNR 17.0 (+2.0) dB CCE fail 0, goodput 0.00 Mbps
UE 2362: LCID 1: TX           3507 RX            286 bytes
UE 2362: LCID 2: TX              0 RX              0 bytes
UE 2362: LCID 4: TX             24 RX            450 bytes

[0m[NR_MAC] Frame.Slot 128.0
UE RNTI 2362 CU-UE-ID 1 in-sync PH 48 dB PCMAX 20 dBm, average RSRP -43 (16 meas)
UE 2362: UL-RI 1, TPMI 0
UE 2362: dlsch_rounds 327/0/0/0, dlsch_errors 0, pucch0_DTX 0 (SNR 21.6+1.6 dB), BLER 0.00000 MCS (0) 0 CCE fail 6, goodput 0.00 Mbps
UE 2362: ulsch_rounds 2991/0/0/0, ulsch_errors 0, ulsch_DTX 0, BLER 0.00000 MCS (0) 0 (Qm 2 deltaMCS 0 dB) NPRB 5 SNR 16.2 (+1.2) dB CCE fail 0, goodput 0.00 Mbps
UE 2362: LCID 1: TX           3507 RX            286 bytes
UE 2362: LCID 2: TX              0 RX              0 bytes
UE 2362: LCID 4: TX             24 RX            450 bytes

[0m[NR_MAC] Frame.Slot 256.0
UE RNTI 2362 CU-UE-ID 1 in-sync PH 48 dB PCMAX 20 dBm, average RSRP -43 (16 meas)
UE 2362: UL-RI 1, TPMI 0
UE 2362: dlsch_rounds 328/0/0/0, dlsch_errors 0, pucch0_DTX 0 (SNR 21.7+1.7 dB), BLER 0.00000 MCS (0) 0 CCE fail 6, goodput 0.00 Mbps
UE 2362: ulsch_rounds 3004/0/0/0, ulsch_errors 0, ulsch_DTX 0, BLER 0.00000 MCS (0) 0 (Qm 2 deltaMCS 0 dB) NPRB 5 SNR 16.3 (+1.3) dB CCE fail 0, goodput 0.00 Mbps
UE 2362: LCID 1: TX           3507 RX            286 bytes
UE 2362: LCID 2: TX              0 RX              0 bytes
UE 2362: LCID 4: TX             24 RX            450 bytes

[0m[NR_MAC] Frame.Slot 384.0
UE RNTI 2362 CU-UE-ID 1 in-sync PH 48 dB PCMAX 20 dBm, average RSRP -43 (16 meas)
UE 2362: UL-RI 1, TPMI 0
UE 2362: dlsch_rounds 329/0/0/0, dlsch_errors 0, pucch0_DTX 0 (SNR 21.7+1.7 dB), BLER 0.00000 MCS (0) 0 CCE fail 6, goodput 0.00 Mbps
UE 2362: ulsch_rounds 3017/0/0/0, ulsch_errors 0, ulsch_DTX 0, BLER 0.00000 MCS (0) 0 (Qm 2 deltaMCS 0 dB) NPRB 5 SNR 16.4 (+1.4) dB CCE fail 0, goodput 0.00 Mbps
UE 2362: LCID 1: TX           3507 RX            286 bytes
UE 2362: LCID 2: TX              0 RX              0 bytes
UE 2362: LCID 4: TX             24 RX            450 bytes

[0m[NR_MAC] Frame.Slot 512.0
UE RNTI 2362 CU-UE-ID 1 in-sync PH 48 dB PCMAX 20 dBm, average RSRP -43 (16 meas)
UE 2362: UL-RI 1, TPMI 0
UE 2362: dlsch_rounds 331/0/0/0, dlsch_errors 0, pucch0_DTX 0 (SNR 21.8+1.8 dB), BLER 0.00000 MCS (0) 0 CCE fail 6, goodput 0.00 Mbps
UE 2362: ulsch_rounds 3030/0/0/0, ulsch_errors 0, ulsch_DTX 0, BLER 0.00000 MCS (0) 0 (Qm 2 deltaMCS 0 dB) NPRB 5 SNR 16.6 (+1.6) dB CCE fail 0, goodput 0.00 Mbps
UE 2362: LCID 1: TX           3507 RX            286 bytes
UE 2362: LCID 2: TX              0 RX              0 bytes
UE 2362: LCID 4: TX             24 RX            450 bytes

[0m[NR_MAC] Frame.Slot 640.0
UE RNTI 2362 CU-UE-ID 1 in-sync PH 48 dB PCMAX 20 dBm, average RSRP -43 (16 meas)
UE 2362: UL-RI 1, TPMI 0
UE 2362: dlsch_rounds 332/0/0/0, dlsch_errors 0, pucch0_DTX 0 (SNR 21.8+1.8 dB), BLER 0.00000 MCS (0) 0 CCE fail 6, goodput 0.00 Mbps
UE 2362: ulsch_rounds 3042/0/0/0, ulsch_errors 0, ulsch_DTX 0, BLER 0.00000 MCS (0) 0 (Qm 2 deltaMCS 0 dB) NPRB 5 SNR 16.6 (+1.6) dB CCE fail 0, goodput 0.00 Mbps
UE 2362: LCID 1: TX           3507 RX            286 bytes
UE 2362: LCID 2: TX              0 RX              0 bytes
UE 2362: LCID 4: TX             24 RX            450 bytes

[0m[NR_MAC] Frame.Slot 768.0
UE RNTI 2362 CU-UE-ID 1 in-sync PH 48 dB PCMAX 20 dBm, average RSRP -43 (16 meas)
UE 2362: UL-RI 1, TPMI 0
UE 2362: dlsch_rounds 333/0/0/0, dlsch_errors 0, pucch0_DTX 0 (SNR 21.9+1.9 dB), BLER 0.00000 MCS (0) 0 CCE fail 6, goodput 0.00 Mbps
UE 2362: ulsch_rounds 3055/0/0/0, ulsch_errors 0, ulsch_DTX 0, BLER 0.00000 MCS (0) 0 (Qm 2 deltaMCS 0 dB) NPRB 5 SNR 16.7 (+1.7) dB CCE fail 0, goodput 0.00 Mbps
UE 2362: LCID 1: TX           3507 RX            286 bytes
UE 2362: LCID 2: TX              0 RX              0 bytes
UE 2362: LCID 4: TX             24 RX            450 bytes

[0m[NR_MAC] Frame.Slot 896.0
UE RNTI 2362 CU-UE-ID 1 in-sync PH 48 dB PCMAX 20 dBm, average RSRP -43 (16 meas)
UE 2362: UL-RI 1, TPMI 0
UE 2362: dlsch_rounds 335/0/0/0, dlsch_errors 0, pucch0_DTX 0 (SNR 21.9+1.9 dB), BLER 0.00000 MCS (0) 0 CCE fail 6, goodput 0.00 Mbps
UE 2362: ulsch_rounds 3068/0/0/0, ulsch_errors 0, ulsch_DTX 0, BLER 0.00000 MCS (0) 0 (Qm 2 deltaMCS 0 dB) NPRB 5 SNR 16.9 (+1.9) dB CCE fail 0, goodput 0.00 Mbps
UE 2362: LCID 1: TX           3507 RX            286 bytes
UE 2362: LCID 2: TX              0 RX              0 bytes
UE 2362: LCID 4: TX             24 RX            450 bytes

[0m[NR_MAC] Frame.Slot 0.0
UE RNTI 2362 CU-UE-ID 1 in-sync PH 48 dB PCMAX 20 dBm, average RSRP -43 (16 meas)
UE 2362: UL-RI 1, TPMI 0
UE 2362: dlsch_rounds 336/0/0/0, dlsch_errors 0, pucch0_DTX 0 (SNR 21.9+1.9 dB), BLER 0.00000 MCS (0) 0 CCE fail 6, goodput 0.00 Mbps
UE 2362: ulsch_rounds 3081/0/0/0, ulsch_errors 0, ulsch_DTX 0, BLER 0.00000 MCS (0) 0 (Qm 2 deltaMCS 0 dB) NPRB 5 SNR 17.0 (+2.0) dB CCE fail 0, goodput 0.00 Mbps
UE 2362: LCID 1: TX           3507 RX            286 bytes
UE 2362: LCID 2: TX              0 RX              0 bytes
UE 2362: LCID 4: TX             24 RX            450 bytes

[0m[NR_MAC] Frame.Slot 128.0
UE RNTI 2362 CU-UE-ID 1 in-sync PH 48 dB PCMAX 20 dBm, average RSRP -43 (16 meas)
UE 2362: UL-RI 1, TPMI 0
UE 2362: dlsch_rounds 337/0/0/0, dlsch_errors 0, pucch0_DTX 0 (SNR 21.9+1.9 dB), BLER 0.00000 MCS (0) 0 CCE fail 6, goodput 0.00 Mbps
UE 2362: ulsch_rounds 3094/0/0/0, ulsch_errors 0, ulsch_DTX 0, BLER 0.00000 MCS (0) 0 (Qm 2 deltaMCS 0 dB) NPRB 5 SNR 16.1 (+1.1) dB CCE fail 0, goodput 0.00 Mbps
UE 2362: LCID 1: TX           3507 RX            286 bytes
UE 2362: LCID 2: TX              0 RX              0 bytes
UE 2362: LCID 4: TX             24 RX            450 bytes

[0m[32m[NR_RRC] [UL] (cellID bc614e, UE ID 1 RNTI 2362) Received RRC UL Information Transfer [27 bytes]
[0m[32m[NR_RRC] [DL] (cellID bc614e, UE ID 1 RNTI 2362) Send DL Information Transfer [3 bytes]
[0m[E1AP]   releasing UE 1
[0m[GTPU]   [81] UE ID 1: Delete all tunnels (1 tunnels)
[0m[32m[NR_RRC] [DL] (cellID bc614e, UE ID 1 RNTI 2362) Send RRC Release
[0m[RRC]    UE 1: received bearer release complete
[0m[NR_MAC] Frame.Slot 256.0
UE RNTI 2362 CU-UE-ID 1 in-sync PH 53 dB PCMAX 20 dBm, average RSRP -43 (16 meas)
UE 2362: UL-RI 1, TPMI 0
UE 2362: dlsch_rounds 341/0/0/0, dlsch_errors 0, pucch0_DTX 0 (SNR 21.1+1.1 dB), BLER 0.00000 MCS (0) 0 CCE fail 6, goodput 0.00 Mbps
UE 2362: ulsch_rounds 3115/0/0/0, ulsch_errors 0, ulsch_DTX 0, BLER 0.00000 MCS (0) 0 (Qm 2 deltaMCS 0 dB) NPRB 17 SNR 16.9 (+1.9) dB CCE fail 0, goodput 0.00 Mbps
UE 2362: LCID 1: TX           3518 RX            289 bytes
UE 2362: LCID 2: TX             17 RX             38 bytes
UE 2362: LCID 4: TX             24 RX            450 bytes

[0m[93m[RLC]    Remove UE 9058
[0m[NR_RRC] removed UE CU UE ID 1/RNTI 2362 
[0m[NR_RRC] [--] (UE ID 1 RNTI 2362) Remove UE context
[0m[NR_MAC] Remove NR rnti 0x2362
[0m[1;31m[NR_MAC] Unknown RNTI 2362 in PUCCH UCI
[0m[NR_MAC] Frame.Slot 384.0

[0m[93m[HW]     Lost socket
[0m[NR_MAC] Frame.Slot 512.0

[0m[NR_MAC] Frame.Slot 640.0

[0m[NR_MAC] Frame.Slot 768.0

[0m[NR_MAC] Frame.Slot 896.0

[0m[HW]     Random channel rfsimu_channel_ue0 in rfsimulator activated
[0m[HW]     Client connects from ::ffff:10.244.0.157:24210
[0m[32m[HW]     RFsim: Number of antennas changed from 0 to 1
[0m[32m[NR_PHY] [RAPROC] 1005.19 Initiating RA procedure with preamble 29, energy 19.5 dB (I0 0, thres 120), delay 6 start symbol 0 freq index 0
[0m[32m[NR_PHY] [RAPROC] 1005.19 Initiating RA procedure with preamble 54, energy 19.9 dB (I0 23, thres 120), delay 7 start symbol 4 freq index 0
[0m[32m[NR_PHY] [RAPROC] 1005.19 Initiating RA procedure with preamble 47, energy 19.1 dB (I0 44, thres 120), delay 23 start symbol 8 freq index 0
[0m[32m[NR_MAC] 1005.19 UE RA-RNTI 010b TC-RNTI 82b4: initiating RA procedure
[0m[NR_MAC] UE 82b4: Sync beam index 0
[0m[32m[NR_MAC] 1005.19 UE RA-RNTI 010f TC-RNTI ff2b: initiating RA procedure
[0m[NR_MAC] UE ff2b: Sync beam index 0
[0m[32m[NR_MAC] 1005.19 UE RA-RNTI 0113 TC-RNTI 7478: initiating RA procedure
[0m[NR_MAC] UE 7478: Sync beam index 0
[0m[NR_MAC] UE 82b4: Msg3 scheduled at 1006.19 (1006.10 TDA 0) start 0 RBs 8
[0m[32m[NR_MAC] UE 82b4: 1006.10 Generating RA-Msg2 DCI, RA RNTI 0x10b, state 1, preamble_index(RAPID) 29, timing_offset = 6 (estimated distance 234.4 [m])
[0m[NR_MAC] UE ff2b: Msg3 scheduled at 1006.19 (1006.10 TDA 0) start 8 RBs 8
[0m[32m[NR_MAC] UE ff2b: 1006.10 Generating RA-Msg2 DCI, RA RNTI 0x10f, state 1, preamble_index(RAPID) 54, timing_offset = 7 (estimated distance 273.4 [m])
[0m[93m[NR_MAC] UE 7478: 1006.10 cannot find free CCE for Msg2!
[0m[93m[NR_MAC] exceeded RA window: preamble at 1005.19 now 1007.0 (diff 21), ra_ResponseWindow 5/20 slots
[0m[1;31m[NR_MAC] sfn: 1007.0 UE RA-RNTI 0113 TC-RNTI 7478: exceeded RA window, cannot schedule Msg2
[0m[NR_MAC] Remove NR rnti 0x7478
[0m[NR_MAC] 100712: RA RNTI 82b4 CC_id 0 Scheduling retransmission of Msg3 in (1007,18)
[0m[NR_MAC] 100712: RA RNTI ff2b CC_id 0 Scheduling retransmission of Msg3 in (1007,18)
[0m[32m[NR_PHY] [RAPROC] 1007.19 Initiating RA procedure with preamble 23, energy 18.9 dB (I0 61, thres 120), delay 4 start symbol 0 freq index 0
[0m[32m[NR_PHY] [RAPROC] 1007.19 Initiating RA procedure with preamble 51, energy 19.9 dB (I0 75, thres 120), delay 4 start symbol 4 freq index 0
[0m[32m[NR_MAC] 1007.19 UE RA-RNTI 010b TC-RNTI fc08: initiating RA procedure
[0m[NR_MAC] UE fc08: Sync beam index 0
[0m[32m[NR_MAC] 1007.19 UE RA-RNTI 010f TC-RNTI 5e52: initiating RA procedure
[0m[NR_MAC] UE 5e52: Sync beam index 0
[0m[NR_MAC] UE fc08: Msg3 scheduled at 1008.19 (1008.10 TDA 0) start 0 RBs 8
[0m[32m[NR_MAC] UE fc08: 1008.10 Generating RA-Msg2 DCI, RA RNTI 0x10b, state 1, preamble_index(RAPID) 23, timing_offset = 4 (estimated distance 156.3 [m])
[0m[NR_MAC] UE 5e52: Msg3 scheduled at 1008.19 (1008.10 TDA 0) start 8 RBs 8
[0m[32m[NR_MAC] UE 5e52: 1008.10 Generating RA-Msg2 DCI, RA RNTI 0x10f, state 1, preamble_index(RAPID) 51, timing_offset = 4 (estimated distance 156.3 [m])
[0m[NR_MAC] 100812: RA RNTI 82b4 CC_id 0 Scheduling retransmission of Msg3 in (1008,18)
[0m[NR_MAC] 100812: RA RNTI ff2b CC_id 0 Scheduling retransmission of Msg3 in (1008,18)
[0m[NR_MAC] 100912: RA RNTI 82b4 CC_id 0 Scheduling retransmission of Msg3 in (1009,18)
[0m[NR_MAC] 100912: RA RNTI ff2b CC_id 0 Scheduling retransmission of Msg3 in (1009,18)
[0m[NR_MAC] 100912: RA RNTI fc08 CC_id 0 Scheduling retransmission of Msg3 in (1009,18)
[0m[1;31m[NR_MAC] UE fc08 cannot find free CCE!
[0m[NR_MAC] 100912: RA RNTI 5e52 CC_id 0 Scheduling retransmission of Msg3 in (1009,18)
[0m[1;31m[NR_MAC] UE 5e52 cannot find free CCE!
[0m[NR_MAC] 100913: RA RNTI fc08 CC_id 0 Scheduling retransmission of Msg3 in (1009,19)
[0m[NR_MAC] 100913: RA RNTI 5e52 CC_id 0 Scheduling retransmission of Msg3 in (1009,19)
[0m[93m[NR_MAC] UE 82b4 RA failed at state WAIT_Msg3 (Reached msg3 max harq rounds)
[0m[NR_MAC] Remove NR rnti 0x82b4
[0m[93m[NR_MAC] UE ff2b RA failed at state WAIT_Msg3 (Reached msg3 max harq rounds)
[0m[NR_MAC] Remove NR rnti 0xff2b
[0m[NR_MAC] 101012: RA RNTI fc08 CC_id 0 Scheduling retransmission of Msg3 in (1010,18)
[0m[NR_MAC] 101012: RA RNTI 5e52 CC_id 0 Scheduling retransmission of Msg3 in (1010,18)
[0m[NR_MAC] 101112: RA RNTI fc08 CC_id 0 Scheduling retransmission of Msg3 in (1011,18)
[0m[NR_MAC] 101112: RA RNTI 5e52 CC_id 0 Scheduling retransmission of Msg3 in (1011,18)
[0m[93m[NR_MAC] UE fc08 RA failed at state WAIT_Msg3 (Reached msg3 max harq rounds)
[0m[NR_MAC] Remove NR rnti 0xfc08
[0m[93m[NR_MAC] UE 5e52 RA failed at state WAIT_Msg3 (Reached msg3 max harq rounds)
[0m[NR_MAC] Remove NR rnti 0x5e52
[0m[NR_MAC] Frame.Slot 0.0

[0m[32m[NR_PHY] [RAPROC] 95.19 Initiating RA procedure with preamble 56, energy 43.1 dB (I0 189, thres 120), delay 0 start symbol 0 freq index 0
[0m[32m[NR_MAC] 95.19 UE RA-RNTI 010b TC-RNTI 3444: initiating RA procedure
[0m[NR_MAC] UE 3444: Sync beam index 0
[0m[NR_MAC] UE 3444: Msg3 scheduled at 96.19 (96.10 TDA 0) start 0 RBs 8
[0m[32m[NR_MAC] UE 3444: 96.10 Generating RA-Msg2 DCI, RA RNTI 0x10b, state 1, preamble_index(RAPID) 56, timing_offset = 0 (estimated distance 0.0 [m])
[0m[32m[NR_MAC]   96.19 PUSCH with TC_RNTI 0x3444 received correctly
[0m[MAC]    [RAPROC] Received SDU for CCCH length 6 for UE 3444
[0m[RLC]    Activated srb0 for UE 13380
[0m[NR_RRC] SRS configured with 1 ports
[0m[RLC]    Added srb 1 to UE 13380
[0m[NR_MAC] Activating scheduling Msg4 for TC_RNTI 0x3444 (state WAIT_Msg3)
[0m[NR_RRC] Decoding CCCH: RNTI 3444, payload_size 6
[0m[32m[NR_RRC] [--] (cellID 0, UE ID 1 RNTI 3444) Create UE context: CU UE ID 1 DU UE ID 13380 (rnti: 3444, random ue id 1c7750e2a5000000)
[0m[NR_RRC] Adding new PCell (cell 12345678, assoc_id -1)
[0m[RRC]    activate SRB 1 of UE 1
[0m[32m[NR_RRC] [DL] (cellID bc614e, UE ID 1 RNTI 3444) Send RRC Setup
[0m[NR_MAC] UE 3444 Generate Msg4: feedback at   97.17, payload 157 bytes, next state nrRA_WAIT_Msg4_MsgB_ACK
[0m[32m[NR_MAC]   97.17 UE 3444: Received Ack of Msg4. CBRA procedure succeeded (UE Connected)
[0m[NR_MAC] Adding new UE context with RNTI 0x3444
[0m[32m[NR_RRC] [UL] (cellID bc614e, UE ID 1 RNTI 3444) Received RRCSetupComplete (RRC_CONNECTED reached)
[0m[NGAP]   Selected PLMN in the NG Initial UE Message: MCC=001 MNC=01
[0m[NGAP]   UE 1: Selected AMF 'amf' (assoc_id 35) through selected PLMN MCC=001 MNC=01
[0m[NGAP]   Create UE context (ID 1) for AMF 'amf' (assoc_id 35)
[0m[32m[NR_RRC] [DL] (cellID bc614e, UE ID 1 RNTI 3444) Send DL Information Transfer [42 bytes]
[0m[32m[NR_RRC] [UL] (cellID bc614e, UE ID 1 RNTI 3444) Received RRC UL Information Transfer [24 bytes]
[0m[32m[NR_RRC] [DL] (cellID bc614e, UE ID 1 RNTI 3444) Send DL Information Transfer [21 bytes]
[0m[32m[NR_RRC] [UL] (cellID bc614e, UE ID 1 RNTI 3444) Received RRC UL Information Transfer [60 bytes]
[0m[34m[NGAP]   NGAP_FIND_PROTOCOLIE_BY_ID ie is NULL (searching for ie: 110)
[0m[34m[NGAP]   NGAP_FIND_PROTOCOLIE_BY_ID ie is NULL (searching for ie: 71)
[0m[34m[NGAP]   AllowedNSSAI.list.count 1
[0m[NGAP]   Initial Context Setup UE RAN ID 1 UE AMF ID 2: 0 PDU session(s)
[0m[32m[NR_RRC] [--] (cellID bc614e, UE ID 1 RNTI 3444) Selected security algorithms: ciphering 0, integrity 2
[0m[NR_RRC] [UE 3444] Saved security key C1
[0m[NR_RRC] UE 1 Logical Channel DL-DCCH, Generate SecurityModeCommand (bytes 3)
[0m[32m[NR_RRC] [UL] (cellID bc614e, UE ID 1 RNTI 3444) Received Security Mode Complete
[0m[NR_RRC] UE 1: Logical Channel DL-DCCH, Generate NR UECapabilityEnquiry (bytes 8, xid 2)
[0m[32m[NR_RRC] [UL] (cellID bc614e, UE ID 1 RNTI 3444) Received UE capabilities
[0m[NR_RRC] Send message to ngap: NGAP_UE_CAPABILITIES_IND
[0m[32m[NR_RRC] [DL] (cellID bc614e, UE ID 1 RNTI 3444) Send DL Information Transfer [53 bytes]
[0m[NR_RRC] Send message to sctp: NGAP_InitialContextSetupResponse
[0m[32m[NR_RRC] [UL] (cellID bc614e, UE ID 1 RNTI 3444) Received RRC UL Information Transfer [13 bytes]
[0m[32m[NR_RRC] [UL] (cellID bc614e, UE ID 1 RNTI 3444) Received RRC UL Information Transfer [40 bytes]
[0m[NGAP]   PDUSESSIONSetup initiating message
[0m[NR_RRC] UE 1: received PDU Session Resource Setup Request
[0m[NR_RRC] UE 1: added QoS flow with QFI=1, total number of QoS flows = 1
[0m[NR_RRC] Added PDU Session 1, (total nb of sessions = 1)
[0m[NR_RRC] UE 1: created new DRB 1 for QFI 1 (5QI 9)
[0m[NR_RRC] UE 1: assigned DRB 1 to QFI 1 (5QI 9) in PDU session 1
[0m[NR_RRC] PDU Session to Setup: PDU Session ID=1, incoming TEID=0x00000002, Addr=172.30.23.10
[0m[32m[NR_RRC] [--] (cellID bc614e, UE ID 1 RNTI 3444) selecting CU-UP ID 3584 based on exact NSSAI match (1:0xffffff)
[0m[RRC]    UE 1 associating to CU-UP assoc_id -1 out of 1 CU-UPs
[0m[E1AP]   UE 1: set up PDU session ID 1 (1 bearers)
[0m[SDAP]   Default DRB for the created SDAP entity: DRB 1 
[0m[PDCP]   Added DRB 1 to UE ID 1
[0m[GTPU]   N3 GTP-U tunnel: PDUSession=1/UL TEID=0x00000002
[0m[GTPU]   [81] UE ID 1: Create tunnel TEID incoming 0x5bc1a85b outgoing 0x2 to remote IPv4 172.30.23.10, IPv6 ::, port 2152
[0m[RRC]    activate SRB 2 of UE 1
[0m[RLC]    Added srb 2 to UE 13380
[0m[RLC]    Added drb 1 to UE 13380
[0m[RLC]    Added DRB to UE 13380
[0m[NR_RRC] SRS configured with 1 ports
[0m[RRC]    UE 1 trigger UE context setup request with 1 DRBs
[0m[E1AP]   UE 1: updating PDU session ID 1 (0 setup, 1 modify bearers)
[0m[PDCP]   DRB 1 re-established
[0m[NR_RRC] PDU Session New: status to ESTABLISH for PDU Session 1 
[0m[32m[NR_RRC] [DL] (cellID bc614e, UE ID 1 RNTI 3444) Generate RRCReconfiguration (bytes 319, xid 0)
[0m[NR_RRC] Received E1AP Bearer Context Modification Response for UE CU-CP ID 1
[0m[RRC]    UE 1: PDU session ID 1 modified 1 bearers, setup 0 bearers
[0m[93m[NR_MAC] Received ACK for RRCReconfiguration, but nothing to apply!
[0m[NR_MAC] Frame.Slot 128.0
UE RNTI 3444 CU-UE-ID 1 in-sync PH 61 dB PCMAX 20 dBm, average RSRP -43 (3 meas)
UE 3444: UL-RI 1, TPMI 0
UE 3444: dlsch_rounds 14/0/0/0, dlsch_errors 0, pucch0_DTX 0 (SNR 21.6+1.6 dB), BLER 0.08100 MCS (0) 0 CCE fail 1, goodput 0.01 Mbps
UE 3444: ulsch_rounds 34/0/0/0, ulsch_errors 0, ulsch_DTX 0, BLER 0.08100 MCS (0) 0 (Qm 2 deltaMCS 0 dB) NPRB 5 SNR 16.1 (+1.1) dB CCE fail 0, goodput 0.01 Mbps
UE 3444: LCID 1: TX            856 RX            269 bytes
UE 3444: LCID 2: TX              0 RX              0 bytes
UE 3444: LCID 4: TX              0 RX              0 bytes

[0m[1;31m[RLC]    max RETX reached on SRB 1
[0m[93m[RLC]    UE 3444: RLF detected, but no callable RLF handler registered
[0m[32m[NR_RRC] [UL] (cellID bc614e, UE ID 1 RNTI 3444) Received RRCReconfigurationComplete
[0m[NR_RRC] PDU Session Setup: ID=1, outgoing TEID=0x5bc1a85b, Addr=172.30.23.20
[0m[NR_RRC] NGAP_PDUSESSION_SETUP_RESP: sending the message
[0m[34m[NGAP]   Encoded PDU Session Transfer (1): TEID=0x5bc1a85b, Addr=172.30.23.20
[0m[NR_MAC] DU received confirmation of successful RRC Reconfiguration
[0m[NR_MAC] Frame.Slot 256.0
UE RNTI 3444 CU-UE-ID 1 in-sync PH 48 dB PCMAX 20 dBm, average RSRP -43 (16 meas)
UE 3444: UL-RI 1, TPMI 0
UE 3444: dlsch_rounds 33/0/0/0, dlsch_errors 0, pucch0_DTX 0 (SNR 21.1+1.1 dB), BLER 0.04783 MCS (0) 1 CCE fail 3, goodput 0.01 Mbps
UE 3444: ulsch_rounds 90/0/0/0, ulsch_errors 0, ulsch_DTX 0, BLER 0.02059 MCS (0) 0 (Qm 2 deltaMCS 0 dB) NPRB 5 SNR 16.9 (+1.9) dB CCE fail 0, goodput 0.00 Mbps
UE 3444: LCID 1: TX           3507 RX            282 bytes
UE 3444: LCID 2: TX              0 RX              0 bytes
UE 3444: LCID 4: TX              3 RX             70 bytes

[0m[NR_MAC] Frame.Slot 384.0
UE RNTI 3444 CU-UE-ID 1 in-sync PH 48 dB PCMAX 20 dBm, average RSRP -43 (16 meas)
UE 3444: UL-RI 1, TPMI 0
UE 3444: dlsch_rounds 35/0/0/0, dlsch_errors 0, pucch0_DTX 0 (SNR 21.2+1.2 dB), BLER 0.03874 MCS (0) 0 CCE fail 3, goodput 0.00 Mbps
UE 3444: ulsch_rounds 108/0/0/0, ulsch_errors 0, ulsch_DTX 0, BLER 0.00581 MCS (0) 0 (Qm 2 deltaMCS 0 dB) NPRB 5 SNR 16.4 (+1.4) dB CCE fail 0, goodput 0.00 Mbps
UE 3444: LCID 1: TX           3507 RX            282 bytes
UE 3444: LCID 2: TX              0 RX              0 bytes
UE 3444: LCID 4: TX              6 RX            125 bytes

[0m[NR_MAC] Frame.Slot 512.0
UE RNTI 3444 CU-UE-ID 1 in-sync PH 48 dB PCMAX 20 dBm, average RSRP -43 (16 meas)
UE 3444: UL-RI 1, TPMI 0
UE 3444: dlsch_rounds 37/0/0/0, dlsch_errors 0, pucch0_DTX 0 (SNR 21.3+1.3 dB), BLER 0.03138 MCS (0) 0 CCE fail 3, goodput 0.00 Mbps
UE 3444: ulsch_rounds 121/0/0/0, ulsch_errors 0, ulsch_DTX 0, BLER 0.00148 MCS (0) 0 (Qm 2 deltaMCS 0 dB) NPRB 5 SNR 16.6 (+1.6) dB CCE fail 0, goodput 0.00 Mbps
UE 3444: LCID 1: TX           3507 RX            282 bytes
UE 3444: LCID 2: TX              0 RX              0 bytes
UE 3444: LCID 4: TX              6 RX            125 bytes

[0m[NR_MAC] Frame.Slot 640.0
UE RNTI 3444 CU-UE-ID 1 in-sync PH 48 dB PCMAX 20 dBm, average RSRP -43 (16 meas)
UE 3444: UL-RI 1, TPMI 0
UE 3444: dlsch_rounds 39/0/0/0, dlsch_errors 0, pucch0_DTX 0 (SNR 21.4+1.4 dB), BLER 0.02542 MCS (0) 0 CCE fail 3, goodput 0.00 Mbps
UE 3444: ulsch_rounds 136/0/0/0, ulsch_errors 0, ulsch_DTX 0, BLER 0.00038 MCS (0) 0 (Qm 2 deltaMCS 0 dB) NPRB 5 SNR 16.8 (+1.8) dB CCE fail 0, goodput 0.00 Mbps
UE 3444: LCID 1: TX           3507 RX            282 bytes
UE 3444: LCID 2: TX              0 RX              0 bytes
UE 3444: LCID 4: TX              9 RX            185 bytes

[0m[NR_MAC] Frame.Slot 768.0
UE RNTI 3444 CU-UE-ID 1 in-sync PH 48 dB PCMAX 20 dBm, average RSRP -43 (16 meas)
UE 3444: UL-RI 1, TPMI 0
UE 3444: dlsch_rounds 40/0/0/0, dlsch_errors 0, pucch0_DTX 0 (SNR 21.4+1.4 dB), BLER 0.02288 MCS (0) 0 CCE fail 3, goodput 0.00 Mbps
UE 3444: ulsch_rounds 149/0/0/0, ulsch_errors 0, ulsch_DTX 0, BLER 0.00010 MCS (0) 0 (Qm 2 deltaMCS 0 dB) NPRB 5 SNR 17.0 (+2.0) dB CCE fail 0, goodput 0.00 Mbps
UE 3444: LCID 1: TX           3507 RX            282 bytes
UE 3444: LCID 2: TX              0 RX              0 bytes
UE 3444: LCID 4: TX              9 RX            185 bytes

[0m[NR_MAC] Frame.Slot 896.0
UE RNTI 3444 CU-UE-ID 1 in-sync PH 48 dB PCMAX 20 dBm, average RSRP -43 (16 meas)
UE 3444: UL-RI 1, TPMI 0
UE 3444: dlsch_rounds 41/0/0/0, dlsch_errors 0, pucch0_DTX 0 (SNR 21.5+1.5 dB), BLER 0.02059 MCS (0) 0 CCE fail 3, goodput 0.00 Mbps
UE 3444: ulsch_rounds 161/0/0/0, ulsch_errors 0, ulsch_DTX 0, BLER 0.00003 MCS (0) 0 (Qm 2 deltaMCS 0 dB) NPRB 5 SNR 17.0 (+2.0) dB CCE fail 0, goodput 0.00 Mbps
UE 3444: LCID 1: TX           3507 RX            282 bytes
UE 3444: LCID 2: TX              0 RX              0 bytes
UE 3444: LCID 4: TX              9 RX            185 bytes

[0mPM] Condition NSSAI (1, ffffff).
[E2 AGENT][E2SM-KPM] Condition NSSAI (1, ffffff).
[E2 AGENT][E2SM-KPM] Condition NSSAI (1, ffffff).
[E2 AGENT][E2SM-KPM] Condition NSSAI (1, ffffff).
[E2 AGENT][E2SM-KPM] Condition NSSAI (1, ffffff).
[E2 AGENT][E2SM-KPM] Condition NSSAI (1, ffffff).
[E2 AGENT][E2SM-KPM] Condition NSSAI (1, ffffff).
[E2 AGENT][E2SM-KPM] Condition NSSAI (1, ffffff).
[E2 AGENT][E2SM-KPM] Condition NSSAI (1, ffffff).
[E2 AGENT][E2SM-KPM] Condition NSSAI (1, ffffff).
[E2 AGENT][E2SM-KPM] Condition NSSAI (1, ffffff).
[E2 AGENT][E2SM-KPM] Condition NSSAI (1, ffffff).
[E2 AGENT][E2SM-KPM] Condition NSSAI (1, ffffff).
[E2 AGENT][E2SM-KPM] Condition NSSAI (1, ffffff).
[E2 AGENT][E2SM-KPM] Condition NSSAI (1, ffffff).
[E2 AGENT][E2SM-KPM] Condition NSSAI (1, ffffff).
[E2 AGENT][E2SM-KPM] Condition NSSAI (1, ffffff).
[E2 AGENT][E2SM-KPM] Condition NSSAI (1, ffffff).
[E2 AGENT][E2SM-KPM] Condition NSSAI (1, ffffff).
[E2 AGENT][E2SM-KPM] Condition NSSAI (1, ffffff).
[E2 AGENT][E2SM-KPM] Condition NSSAI (1, ffffff).
[E2 AGENT][E2SM-KPM] Condition NSSAI (1, ffffff).
[E2 AGENT][E2SM-KPM] Condition NSSAI (1, ffffff).
[E2 AGENT][E2SM-KPM] Condition NSSAI (1, ffffff).
[E2 AGENT][E2SM-KPM] Condition NSSAI (1, ffffff).
[E2 AGENT][E2SM-KPM] Condition NSSAI (1, ffffff).
[E2 AGENT][E2SM-KPM] Condition NSSAI (1, ffffff).
[E2 AGENT][E2SM-KPM] Condition NSSAI (1, ffffff).
[E2 AGENT][E2SM-KPM] Condition NSSAI (1, ffffff).
[E2 AGENT][E2SM-KPM] Condition NSSAI (1, ffffff).
[E2 AGENT][E2SM-KPM] Condition NSSAI (1, ffffff).
[E2 AGENT][E2SM-KPM] Condition NSSAI (1, ffffff).
[E2 AGENT][E2SM-KPM] Condition NSSAI (1, ffffff).
[E2 AGENT][E2SM-KPM] Condition NSSAI (1, ffffff).
[E2 AGENT][E2SM-KPM] Condition NSSAI (1, ffffff).
[E2 AGENT][E2SM-KPM] Condition NSSAI (1, ffffff).
[E2 AGENT][E2SM-KPM] Condition NSSAI (1, ffffff).
[E2 AGENT][E2SM-KPM] Condition NSSAI (1, ffffff).
[E2 AGENT][E2SM-KPM] Condition NSSAI (1, ffffff).
[E2 AGENT][E2SM-KPM] Condition NSSAI (1, ffffff).
[E2 AGENT][E2SM-KPM] Condition NSSAI (1, ffffff).
[E2 AGENT][E2SM-KPM] Condition NSSAI (1, ffffff).
[E2-AGENT]: RIC_SUBSCRIPTION_DELETE_REQUEST rx RAN_FUNC_ID 2  RIC_REQ_ID 1021  
[E2-AGENT]: RIC_SUBSCRIPTION_DELETE_REQUEST rx RAN_FUNC_ID 2  RIC_REQ_ID 1022  
[E2 AGENT]: RIC_SUBSCRIPTION_REQUEST rx RAN_FUNC_ID 2 RIC_REQ_ID 1023
[E2-AGENT]: RIC_SUBSCRIPTION_REQUEST rx
[E2 AGENT]: RIC_SUBSCRIPTION_REQUEST rx RAN_FUNC_ID 2 RIC_REQ_ID 1024
[E2-AGENT]: RIC_SUBSCRIPTION_REQUEST rx
[E2 AGENT][E2SM-KPM] Condition NSSAI (1, ffffff).
[E2 AGENT][E2SM-KPM] No UE matches the condition criteria.
[E2 AGENT][E2SM-KPM] Condition NSSAI (1, ffffff).
[E2 AGENT][E2SM-KPM] No UE matches the condition criteria.
[E2 AGENT][E2SM-KPM] Condition NSSAI (1, ffffff).
[E2 AGENT][E2SM-KPM] No UE matches the condition criteria.
[E2 AGENT][E2SM-KPM] Condition NSSAI (1, ffffff).
[E2 AGENT][E2SM-KPM] No UE matches the condition criteria.
[E2 AGENT][E2SM-KPM] Condition NSSAI (1, ffffff).
[E2 AGENT][E2SM-KPM] Condition NSSAI (1, ffffff).
[E2 AGENT][E2SM-KPM] Condition NSSAI (1, ffffff).
[E2 AGENT][E2SM-KPM] Condition NSSAI (1, ffffff).
[E2 AGENT][E2SM-KPM] Condition NSSAI (1, ffffff).
[E2 AGENT][E2SM-KPM] Condition NSSAI (1, ffffff).
[E2 AGENT][E2SM-KPM] Condition NSSAI (1, ffffff).
[E2 AGENT][E2SM-KPM] Condition NSSAI (1, ffffff).
[E2 AGENT][E2SM-KPM] Condition NSSAI (1, ffffff).
[E2 AGENT][E2SM-KPM] Condition NSSAI (1, ffffff).
[E2 AGENT][E2SM-KPM] Condition NSSAI (1, ffffff).
[E2 AGENT][E2SM-KPM] Condition NSSAI (1, ffffff).
[E2 AGENT][E2SM-KPM] Condition NSSAI (1, ffffff).
[E2 AGENT][E2SM-KPM] Condition NSSAI (1, ffffff).
[E2 AGENT][E2SM-KPM] Condition NSSAI (1, ffffff).
[E2 AGENT][E2SM-KPM] Condition NSSAI (1, ffffff).
[E2 AGENT][E2SM-KPM] Condition NSSAI (1, ffffff).
[E2 AGENT][E2SM-KPM] Condition NSSAI (1, ffffff).
[E2 AGENT][E2SM-KPM] Condition NSSAI (1, ffffff).
[E2 AGENT][E2SM-KPM] Condition NSSAI (1, ffffff).
[E2 AGENT][E2SM-KPM] Condition NSSAI (1, ffffff).
[E2 AGENT][E2SM-KPM] Condition NSSAI (1, ffffff).
[E2 AGENT][E2SM-KPM] Condition NSSAI (1, ffffff).
[E2 AGENT][E2SM-KPM] Condition NSSAI (1, ffffff[NR_MAC] Frame.Slot 0.0
UE RNTI 3444 CU-UE-ID 1 in-sync PH 48 dB PCMAX 20 dBm, average RSRP -43 (16 meas)
UE 3444: UL-RI 1, TPMI 0
UE 3444: dlsch_rounds 43/0/0/0, dlsch_errors 0, pucch0_DTX 0 (SNR 21.6+1.6 dB), BLER 0.01668 MCS (0) 0 CCE fail 3, goodput 0.00 Mbps
UE 3444: ulsch_rounds 174/0/0/0, ulsch_errors 0, ulsch_DTX 0, BLER 0.00001 MCS (0) 0 (Qm 2 deltaMCS 0 dB) NPRB 5 SNR 16.1 (+1.1) dB CCE fail 0, goodput 0.00 Mbps
UE 3444: LCID 1: TX           3507 RX            282 bytes
UE 3444: LCID 2: TX              0 RX              0 bytes
UE 3444: LCID 4: TX              9 RX            185 bytes

[0m[NR_MAC] Frame.Slot 128.0
UE RNTI 3444 CU-UE-ID 1 in-sync PH 48 dB PCMAX 20 dBm, average RSRP -43 (16 meas)
UE 3444: UL-RI 1, TPMI 0
UE 3444: dlsch_rounds 44/0/0/0, dlsch_errors 0, pucch0_DTX 0 (SNR 21.6+1.6 dB), BLER 0.01501 MCS (0) 0 CCE fail 3, goodput 0.00 Mbps
UE 3444: ulsch_rounds 187/0/0/0, ulsch_errors 0, ulsch_DTX 0, BLER 0.00000 MCS (0) 0 (Qm 2 deltaMCS 0 dB) NPRB 5 SNR 16.3 (+1.3) dB CCE fail 0, goodput 0.00 Mbps
UE 3444: LCID 1: TX           3507 RX            282 bytes
UE 3444: LCID 2: TX              0 RX              0 bytes
UE 3444: LCID 4: TX              9 RX            185 bytes

[0m[NR_MAC] Frame.Slot 256.0
UE RNTI 3444 CU-UE-ID 1 in-sync PH 48 dB PCMAX 20 dBm, average RSRP -43 (16 meas)
UE 3444: UL-RI 1, TPMI 0
UE 3444: dlsch_rounds 46/0/0/0, dlsch_errors 0, pucch0_DTX 0 (SNR 21.6+1.6 dB), BLER 0.01216 MCS (0) 0 CCE fail 3, goodput 0.00 Mbps
UE 3444: ulsch_rounds 205/0/0/0, ulsch_errors 0, ulsch_DTX 0, BLER 0.00000 MCS (0) 0 (Qm 2 deltaMCS 0 dB) NPRB 5 SNR 16.8 (+1.8) dB CCE fail 0, goodput 0.00 Mbps
UE 3444: LCID 1: TX           3507 RX            282 bytes
UE 3444: LCID 2: TX              0 RX              0 bytes
UE 3444: LCID 4: TX             12 RX            240 bytes

[0m[NR_MAC] Frame.Slot 384.0
UE RNTI 3444 CU-UE-ID 1 in-sync PH 48 dB PCMAX 20 dBm, average RSRP -43 (16 meas)
UE 3444: UL-RI 1, TPMI 0
UE 3444: dlsch_rounds 48/0/0/0, dlsch_errors 0, pucch0_DTX 0 (SNR 21.7+1.7 dB), BLER 0.00985 MCS (0) 0 CCE fail 3, goodput 0.00 Mbps
UE 3444: ulsch_rounds 218/0/0/0, ulsch_errors 0, ulsch_DTX 0, BLER 0.00000 MCS (0) 0 (Qm 2 deltaMCS 0 dB) NPRB 5 SNR 16.9 (+1.9) dB CCE fail 0, goodput 0.00 Mbps
UE 3444: LCID 1: TX           3507 RX            282 bytes
UE 3444: LCID 2: TX              0 RX              0 bytes
UE 3444: LCID 4: TX             12 RX            240 bytes

[0m[NR_MAC] Frame.Slot 512.0
UE RNTI 3444 CU-UE-ID 1 in-sync PH 48 dB PCMAX 20 dBm, average RSRP -43 (16 meas)
UE 3444: UL-RI 1, TPMI 0
UE 3444: dlsch_rounds 49/0/0/0, dlsch_errors 0, pucch0_DTX 0 (SNR 21.8+1.8 dB), BLER 0.00886 MCS (0) 0 CCE fail 3, goodput 0.00 Mbps
UE 3444: ulsch_rounds 231/0/0/0, ulsch_errors 0, ulsch_DTX 0, BLER 0.00000 MCS (0) 0 (Qm 2 deltaMCS 0 dB) NPRB 5 SNR 17.0 (+2.0) dB CCE fail 0, goodput 0.00 Mbps
UE 3444: LCID 1: TX           3507 RX            282 bytes
UE 3444: LCID 2: TX              0 RX              0 bytes
UE 3444: LCID 4: TX             12 RX            240 bytes

[0m[NR_MAC] Frame.Slot 640.0
UE RNTI 3444 CU-UE-ID 1 in-sync PH 48 dB PCMAX 20 dBm, average RSRP -43 (16 meas)
UE 3444: UL-RI 1, TPMI 0
UE 3444: dlsch_rounds 50/0/0/0, dlsch_errors 0, pucch0_DTX 0 (SNR 21.8+1.8 dB), BLER 0.00798 MCS (0) 0 CCE fail 3, goodput 0.00 Mbps
UE 3444: ulsch_rounds 243/0/0/0, ulsch_errors 0, ulsch_DTX 0, BLER 0.00000 MCS (0) 0 (Qm 2 deltaMCS 0 dB) NPRB 5 SNR 17.1 (+2.1) dB CCE fail 0, goodput 0.00 Mbps
UE 3444: LCID 1: TX           3507 RX            282 bytes
UE 3444: LCID 2: TX              0 RX              0 bytes
UE 3444: LCID 4: TX             12 RX            240 bytes

[0m[NR_MAC] Frame.Slot 768.0
UE RNTI 3444 CU-UE-ID 1 in-sync PH 48 dB PCMAX 20 dBm, average RSRP -43 (16 meas)
UE 3444: UL-RI 1, TPMI 0
UE 3444: dlsch_rounds 51/0/0/0, dlsch_errors 0, pucch0_DTX 0 (SNR 21.8+1.8 dB), BLER 0.00718 MCS (0) 0 CCE fail 3, goodput 0.00 Mbps
UE 3444: ulsch_rounds 256/0/0/0, ulsch_errors 0, ulsch_DTX 0, BLER 0.00000 MCS (0) 0 (Qm 2 deltaMCS 0 dB) NPRB 5 SNR 16.2 (+1.2) dB CCE fail 0, goodput 0.00 Mbps
UE 3444: LCID 1: TX           3507 RX            282 bytes
UE 3444: LCID 2: TX              0 RX              0 bytes
UE 3444: LCID 4: TX             12 RX            240 bytes

[0m[NR_MAC] Frame.Slot 896.0
UE RNTI 3444 CU-UE-ID 1 in-sync PH 48 dB PCMAX 20 dBm, average RSRP -43 (16 meas)
UE 3444: UL-RI 1, TPMI 0
UE 3444: dlsch_rounds 53/0/0/0, dlsch_errors 0, pucch0_DTX 0 (SNR 21.9+1.9 dB), BLER 0.00581 MCS (0) 0 CCE fail 3, goodput 0.00 Mbps
UE 3444: ulsch_rounds 269/0/0/0, ulsch_errors 0, ulsch_DTX 0, BLER 0.00000 MCS (0) 0 (Qm 2 deltaMCS 0 dB) NPRB 5 SNR 16.3 (+1.3) dB CCE fail 0, goodput 0.00 Mbps
UE 3444: LCID 1: TX           3507 RX            282 bytes
UE 3444: LCID 2: TX              0 RX              0 bytes
UE 3444: LCID 4: TX             12 RX            240 bytes

[0m[NR_MAC] Frame.Slot 0.0
UE RNTI 3444 CU-UE-ID 1 in-sync PH 48 dB PCMAX 20 dBm, average RSRP -43 (16 meas)
UE 3444: UL-RI 1, TPMI 0
UE 3444: dlsch_rounds 54/0/0/0, dlsch_errors 0, pucch0_DTX 0 (SNR 21.9+1.9 dB), BLER 0.00523 MCS (0) 0 CCE fail 3, goodput 0.00 Mbps
UE 3444: ulsch_rounds 282/0/0/0, ulsch_errors 0, ulsch_DTX 0, BLER 0.00000 MCS (0) 0 (Qm 2 deltaMCS 0 dB) NPRB 5 SNR 16.5 (+1.5) dB CCE fail 0, goodput 0.00 Mbps
UE 3444: LCID 1: TX           3507 RX            282 bytes
UE 3444: LCID 2: TX              0 RX              0 bytes
UE 3444: LCID 4: TX             12 RX            240 bytes

[0m[NR_MAC] Frame.Slot 128.0
UE RNTI 3444 CU-UE-ID 1 in-sync PH 48 dB PCMAX 20 dBm, average RSRP -43 (16 meas)
UE 3444: UL-RI 1, TPMI 0
UE 3444: dlsch_rounds 55/0/0/0, dlsch_errors 0, pucch0_DTX 0 (SNR 21.9+1.9 dB), BLER 0.00471 MCS (0) 0 CCE fail 3, goodput 0.00 Mbps
UE 3444: ulsch_rounds 295/0/0/0, ulsch_errors 0, ulsch_DTX 0, BLER 0.00000 MCS (0) 0 (Qm 2 deltaMCS 0 dB) NPRB 5 SNR 16.6 (+1.6) dB CCE fail 0, goodput 0.00 Mbps
UE 3444: LCID 1: TX           3507 RX            282 bytes
UE 3444: LCID 2: TX              0 RX              0 bytes
UE 3444: LCID 4: TX             12 RX            240 bytes

[0m[NR_MAC] Frame.Slot 256.0
UE RNTI 3444 CU-UE-ID 1 in-sync PH 48 dB PCMAX 20 dBm, average RSRP -43 (16 meas)
UE 3444: UL-RI 1, TPMI 0
UE 3444: dlsch_rounds 57/0/0/0, dlsch_errors 0, pucch0_DTX 0 (SNR 21.9+1.9 dB), BLER 0.00382 MCS (0) 0 CCE fail 3, goodput 0.00 Mbps
UE 3444: ulsch_rounds 307/0/0/0, ulsch_errors 0, ulsch_DTX 0, BLER 0.00000 MCS (0) 0 (Qm 2 deltaMCS 0 dB) NPRB 5 SNR 16.7 (+1.7) dB CCE fail 0, goodput 0.00 Mbps
UE 3444: LCID 1: TX           3507 RX            282 bytes
UE 3444: LCID 2: TX              0 RX              0 bytes
UE 3444: LCID 4: TX             12 RX            240 bytes

[0m[NR_MAC] Frame.Slot 384.0
UE RNTI 3444 CU-UE-ID 1 in-sync PH 48 dB PCMAX 20 dBm, average RSRP -43 (16 meas)
UE 3444: UL-RI 1, TPMI 0
UE 3444: dlsch_rounds 58/0/0/0, dlsch_errors 0, pucch0_DTX 0 (SNR 22.0+2.0 dB), BLER 0.00343 MCS (0) 0 CCE fail 3, goodput 0.00 Mbps
UE 3444: ulsch_rounds 320/0/0/0, ulsch_errors 0, ulsch_DTX 0, BLER 0.00000 MCS (0) 0 (Qm 2 deltaMCS 0 dB) NPRB 5 SNR 16.8 (+1.8) dB CCE fail 0, goodput 0.00 Mbps
UE 3444: LCID 1: TX           3507 RX            282 bytes
UE 3444: LCID 2: TX              0 RX              0 bytes
UE 3444: LCID 4: TX             12 RX            240 bytes

[0m[NR_MAC] Frame.Slot 512.0
UE RNTI 3444 CU-UE-ID 1 in-sync PH 48 dB PCMAX 20 dBm, average RSRP -43 (16 meas)
UE 3444: UL-RI 1, TPMI 0
UE 3444: dlsch_rounds 60/0/0/0, dlsch_errors 0, pucch0_DTX 0 (SNR 22.0+2.0 dB), BLER 0.00278 MCS (0) 0 CCE fail 3, goodput 0.00 Mbps
UE 3444: ulsch_rounds 338/0/0/0, ulsch_errors 0, ulsch_DTX 0, BLER 0.00000 MCS (0) 0 (Qm 2 deltaMCS 0 dB) NPRB 5 SNR 16.3 (+1.3) dB CCE fail 0, goodput 0.00 Mbps
UE 3444: LCID 1: TX           3507 RX            282 bytes
UE 3444: LCID 2: TX              0 RX              0 bytes
UE 3444: LCID 4: TX             15 RX            295 bytes

[0m[NR_MAC] Frame.Slot 640.0
UE RNTI 3444 CU-UE-ID 1 in-sync PH 48 dB PCMAX 20 dBm, average RSRP -43 (16 meas)
UE 3444: UL-RI 1, TPMI 0
UE 3444: dlsch_rounds 61/0/0/0, dlsch_errors 0, pucch0_DTX 0 (SNR 22.0+2.0 dB), BLER 0.00250 MCS (0) 0 CCE fail 3, goodput 0.00 Mbps
UE 3444: ulsch_rounds 351/0/0/0, ulsch_errors 0, ulsch_DTX 0, BLER 0.00000 MCS (0) 0 (Qm 2 deltaMCS 0 dB) NPRB 5 SNR 16.4 (+1.4) dB CCE fail 0, goodput 0.00 Mbps
UE 3444: LCID 1: TX           3507 RX            282 bytes
UE 3444: LCID 2: TX              0 RX              0 bytes
UE 3444: LCID 4: TX             15 RX            295 bytes

[0m[NR_MAC] Frame.Slot 768.0
UE RNTI 3444 CU-UE-ID 1 in-sync PH 48 dB PCMAX 20 dBm, average RSRP -43 (16 meas)
UE 3444: UL-RI 1, TPMI 0
UE 3444: dlsch_rounds 63/0/0/0, dlsch_errors 0, pucch0_DTX 0 (SNR 21.0+1.0 dB), BLER 0.00203 MCS (0) 0 CCE fail 3, goodput 0.00 Mbps
UE 3444: ulsch_rounds 363/0/0/0, ulsch_errors 0, ulsch_DTX 0, BLER 0.00000 MCS (0) 0 (Qm 2 deltaMCS 0 dB) NPRB 5 SNR 16.5 (+1.5) dB CCE fail 0, goodput 0.00 Mbps
UE 3444: LCID 1: TX           3507 RX            282 bytes
UE 3444: LCID 2: TX              0 RX              0 bytes
UE 3444: LCID 4: TX             15 RX            295 bytes

[0m[NR_MAC] Frame.Slot 896.0
UE RNTI 3444 CU-UE-ID 1 in-sync PH 48 dB PCMAX 20 dBm, average RSRP -43 (16 meas)
UE 3444: UL-RI 1, TPMI 0
UE 3444: dlsch_rounds 64/0/0/0, dlsch_errors 0, pucch0_DTX 0 (SNR 21.1+1.1 dB), BLER 0.00182 MCS (0) 0 CCE fail 3, goodput 0.00 Mbps
UE 3444: ulsch_rounds 376/0/0/0, ulsch_errors 0, ulsch_DTX 0, BLER 0.00000 MCS (0) 0 (Qm 2 deltaMCS 0 dB) NPRB 5 SNR 16.6 (+1.6) dB CCE fail 0, goodput 0.00 Mbps
UE 3444: LCID 1: TX           3507 RX            282 bytes
UE 3444: LCID 2: TX              0 RX              0 bytes
UE 3444: LCID 4: TX             15 RX            295 bytes

[0m[NR_MAC] Frame.Slot 0.0
UE RNTI 3444 CU-UE-ID 1 in-sync PH 48 dB PCMAX 20 dBm, average RSRP -43 (16 meas)
UE 3444: UL-RI 1, TPMI 0
UE 3444: dlsch_rounds 65/0/0/0, dlsch_errors 0, pucch0_DTX 0 (SNR 21.2+1.2 dB), BLER 0.00164 MCS (0) 0 CCE fail 3, goodput 0.00 Mbps
UE 3444: ulsch_rounds 389/0/0/0, ulsch_errors 0, ulsch_DTX 0, BLER 0.00000 MCS (0) 0 (Qm 2 deltaMCS 0 dB) NPRB 5 SNR 16.7 (+1.7) dB CCE fail 0, goodput 0.00 Mbps
UE 3444: LCID 1: TX           3507 RX            282 bytes
UE 3444: LCID 2: TX              0 RX              0 bytes
UE 3444: LCID 4: TX             15 RX            295 bytes

[0m[NR_MAC] Frame.Slot 128.0
UE RNTI 3444 CU-UE-ID 1 in-sync PH 48 dB PCMAX 20 dBm, average RSRP -43 (16 meas)
UE 3444: UL-RI 1, TPMI 0
UE 3444: dlsch_rounds 67/0/0/0, dlsch_errors 0, pucch0_DTX 0 (SNR 21.3+1.3 dB), BLER 0.00133 MCS (0) 0 CCE fail 3, goodput 0.00 Mbps
UE 3444: ulsch_rounds 402/0/0/0, ulsch_errors 0, ulsch_DTX 0, BLER 0.00000 MCS (0) 0 (Qm 2 deltaMCS 0 dB) NPRB 5 SNR 16.9 (+1.9) dB CCE fail 0, goodput 0.00 Mbps
UE 3444: LCID 1: TX           3507 RX            282 bytes
UE 3444: LCID 2: TX              0 RX              0 bytes
UE 3444: LCID 4: TX             15 RX            295 bytes

[0m[NR_MAC] Frame.Slot 256.0
UE RNTI 3444 CU-UE-ID 1 in-sync PH 48 dB PCMAX 20 dBm, average RSRP -43 (16 meas)
UE 3444: UL-RI 1, TPMI 0
UE 3444: dlsch_rounds 68/0/0/0, dlsch_errors 0, pucch0_DTX 0 (SNR 21.3+1.3 dB), BLER 0.00120 MCS (0) 0 CCE fail 3, goodput 0.00 Mbps
UE 3444: ulsch_rounds 415/0/0/0, ulsch_errors 0, ulsch_DTX 0, BLER 0.00000 MCS (0) 0 (Qm 2 deltaMCS 0 dB) NPRB 5 SNR 17.0 (+2.0) dB CCE fail 0, goodput 0.00 Mbps
UE 3444: LCID 1: TX           3507 RX            282 bytes
UE 3444: LCID 2: TX              0 RX              0 bytes
UE 3444: LCID 4: TX             15 RX            295 bytes

[0m[NR_MAC] Frame.Slot 384.0
UE RNTI 3444 CU-UE-ID 1 in-sync PH 48 dB PCMAX 20 dBm, average RSRP -43 (16 meas)
UE 3444: UL-RI 1, TPMI 0
UE 3444: dlsch_rounds 69/0/0/0, dlsch_errors 0, pucch0_DTX 0 (SNR 21.4+1.4 dB), BLER 0.00108 MCS (0) 0 CCE fail 3, goodput 0.00 Mbps
UE 3444: ulsch_rounds 427/0/0/0, ulsch_errors 0, ulsch_DTX 0, BLER 0.00000 MCS (0) 0 (Qm 2 deltaMCS 0 dB) NPRB 5 SNR 17.0 (+2.0) dB CCE fail 0, goodput 0.00 Mbps
UE 3444: LCID 1: TX           3507 RX            282 bytes
UE 3444: LCID 2: TX              0 RX              0 bytes
UE 3444: LCID 4: TX             15 RX            295 bytes

[0m[NR_MAC] Frame.Slot 512.0
UE RNTI 3444 CU-UE-ID 1 in-sync PH 48 dB PCMAX 20 dBm, average RSRP -43 (16 meas)
UE 3444: UL-RI 1, TPMI 0
UE 3444: dlsch_rounds 70/0/0/0, dlsch_errors 0, pucch0_DTX 0 (SNR 21.5+1.5 dB), BLER 0.00097 MCS (0) 0 CCE fail 3, goodput 0.00 Mbps
UE 3444: ulsch_rounds 440/0/0/0, ulsch_errors 0, ulsch_DTX 0, BLER 0.00000 MCS (0) 0 (Qm 2 deltaMCS 0 dB) NPRB 5 SNR 16.1 (+1.1) dB CCE fail 0, goodput 0.00 Mbps
UE 3444: LCID 1: TX           3507 RX            282 bytes
UE 3444: LCID 2: TX              0 RX              0 bytes
UE 3444: LCID 4: TX             15 RX            295 bytes

[0m[NR_MAC] Frame.Slot 640.0
UE RNTI 3444 CU-UE-ID 1 in-sync PH 48 dB PCMAX 20 dBm, average RSRP -43 (16 meas)
UE 3444: UL-RI 1, TPMI 0
UE 3444: dlsch_rounds 72/0/0/0, dlsch_errors 0, pucch0_DTX 0 (SNR 21.5+1.5 dB), BLER 0.00079 MCS (0) 0 CCE fail 3, goodput 0.00 Mbps
UE 3444: ulsch_rounds 453/0/0/0, ulsch_errors 0, ulsch_DTX 0, BLER 0.00000 MCS (0) 0 (Qm 2 deltaMCS 0 dB) NPRB 5 SNR 16.3 (+1.3) dB CCE fail 0, goodput 0.00 Mbps
UE 3444: LCID 1: TX           3507 RX            282 bytes
UE 3444: LCID 2: TX              0 RX              0 bytes
UE 3444: LCID 4: TX             15 RX            295 bytes

[0m[NR_MAC] Frame.Slot 768.0
UE RNTI 3444 CU-UE-ID 1 in-sync PH 48 dB PCMAX 20 dBm, average RSRP -43 (16 meas)
UE 3444: UL-RI 1, TPMI 0
UE 3444: dlsch_rounds 73/0/0/0, dlsch_errors 0, pucch0_DTX 0 (SNR 21.6+1.6 dB), BLER 0.00071 MCS (0) 0 CCE fail 3, goodput 0.00 Mbps
UE 3444: ulsch_rounds 466/0/0/0, ulsch_errors 0, ulsch_DTX 0, BLER 0.00000 MCS (0) 0 (Qm 2 deltaMCS 0 dB) NPRB 5 SNR 16.4 (+1.4) dB CCE fail 0, goodput 0.00 Mbps
UE 3444: LCID 1: TX           3507 RX            282 bytes
UE 3444: LCID 2: TX              0 RX              0 bytes
UE 3444: LCID 4: TX             15 RX            295 bytes

[0m[NR_MAC] Frame.Slot 896.0
UE RNTI 3444 CU-UE-ID 1 in-sync PH 48 dB PCMAX 20 dBm, average RSRP -43 (16 meas)
UE 3444: UL-RI 1, TPMI 0
UE 3444: dlsch_rounds 74/0/0/0, dlsch_errors 0, pucch0_DTX 0 (SNR 21.6+1.6 dB), BLER 0.00064 MCS (0) 0 CCE fail 3, goodput 0.00 Mbps
UE 3444: ulsch_rounds 479/0/0/0, ulsch_errors 0, ulsch_DTX 0, BLER 0.00000 MCS (0) 0 (Qm 2 deltaMCS 0 dB) NPRB 5 SNR 16.5 (+1.5) dB CCE fail 0, goodput 0.00 Mbps
UE 3444: LCID 1: TX           3507 RX            282 bytes
UE 3444: LCID 2: TX              0 RX              0 bytes
UE 3444: LCID 4: TX             15 RX            295 bytes

[0m[NR_MAC] Frame.Slot 0.0
UE RNTI 3444 CU-UE-ID 1 in-sync PH 48 dB PCMAX 20 dBm, average RSRP -43 (16 meas)
UE 3444: UL-RI 1, TPMI 0
UE 3444: dlsch_rounds 75/0/0/0, dlsch_errors 0, pucch0_DTX 0 (SNR 21.6+1.6 dB), BLER 0.00057 MCS (0) 0 CCE fail 3, goodput 0.00 Mbps
UE 3444: ulsch_rounds 491/0/0/0, ulsch_errors 0, ulsch_DTX 0, BLER 0.00000 MCS (0) 0 (Qm 2 deltaMCS 0 dB) NPRB 5 SNR 16.6 (+1.6) dB CCE fail 0, goodput 0.00 Mbps
UE 3444: LCID 1: TX           3507 RX            282 bytes
UE 3444: LCID 2: TX              0 RX              0 bytes
UE 3444: LCID 4: TX             15 RX            295 bytes

[0m).
[E2 AGENT][E2SM-KPM] Condition NSSAI (1, ffffff).
[E2 AGENT][E2SM-KPM] Condition NSSAI (1, ffffff).
[E2 AGENT][E2SM-KPM] Condition NSSAI (1, ffffff).
[E2 AGENT][E2SM-KPM] Condition NSSAI (1, ffffff).
[E2 AGENT][E2SM-KPM] Condition NSSAI (1, ffffff).
[E2 AGENT][E2SM-KPM] Condition NSSAI (1, ffffff).
[E2 AGENT][E2SM-KPM] Condition NSSAI (1, ffffff).
[E2 AGENT][E2SM-KPM] Condition NSSAI (1, ffffff).
[E2 AGENT][E2SM-KPM] Condition NSSAI (1, ffffff).
[E2 AGENT][E2SM-KPM] Condition NSSAI (1, ffffff).
[E2 AGENT][E2SM-KPM] Condition NSSAI (1, ffffff).
[E2 AGENT][E2SM-KPM] Condition NSSAI (1, ffffff).
[E2 AGENT][E2SM-KPM] Condition NSSAI (1, ffffff).
[E2 AGENT][E2SM-KPM] Condition NSSAI (1, ffffff).
[E2 AGENT][E2SM-KPM] Condition NSSAI (1, ffffff).
[E2 AGENT][E2SM-KPM] Condition NSSAI (1, ffffff).
[E2 AGENT][E2SM-KPM] Condition NSSAI (1, ffffff).
[E2 AGENT][E2SM-KPM] Condition NSSAI (1, ffffff).
[E2 AGENT][E2SM-KPM] Condition NSSAI (1, ffffff).
[E2 AGENT][E2SM-KPM] Condition NSSAI (1, ffffff).
[E2 AGENT][E2SM-KPM] Condition NSSAI (1, ffffff).
[E2 AGENT][E2SM-KPM] Condition NSSAI (1, ffffff).
[E2 AGENT][E2SM-KPM] Condition NSSAI (1, ffffff).
[E2 AGENT][E2SM-KPM] Condition NSSAI (1, ffffff).
[E2 AGENT][E2SM-KPM] Condition NSSAI (1, ffffff).
[E2 AGENT][E2SM-KPM] Condition NSSAI (1, ffffff).
[E2 AGENT][E2SM-KPM] Condition NSSAI (1, ffffff).
[E2 AGENT][E2SM-KPM] Condition NSSAI (1, ffffff).
[E2 AGENT][E2SM-KPM] Condition NSSAI (1, ffffff).
[E2 AGENT][E2SM-KPM] Condition NSSAI (1, ffffff).
[E2 AGENT][E2SM-KPM] Condition NSSAI (1, ffffff).
[E2 AGENT][E2SM-KPM] Condition NSSAI (1, ffffff).
[E2 AGENT][E2SM-KPM] Condition NSSAI (1, ffffff).
[E2 AGENT][E2SM-KPM] Condition NSSAI (1, ffffff).
[E2 AGENT][E2SM-KPM] Condition NSSAI (1, ffffff).
[E2 AGENT][E2SM-KPM] Condition NSSAI (1, ffffff).
[E2 AGENT][E2SM-KPM] Condition NSSAI (1, ffffff).
[E2 AGENT][E2SM-KPM] Condition NSSAI (1, ffffff).
[E2 AGENT][E2SM-KPM] Condition NSSAI (1, ffffff).
[E2 AGENT][E2SM-KPM] Condition NSSAI (1, ffffff).
[E2 AGENT][E2SM-KPM] Condition NSSAI (1, ffffff).
[E2 AGENT][E2SM-KPM] Condition NSSAI (1, ffffff).
[E2 AGENT][E2SM-KPM] Condition NSSAI (1, ffffff).
[E2 AGENT][E2SM-KPM] Condition NSSAI (1, ffffff).
[E2 AGENT][E2SM-KPM] Condition NSSAI (1, ffffff).
[E2 AGENT][E2SM-KPM] Condition NSSAI (1, ffffff).
[E2 AGENT][E2SM-KPM] Condition NSSAI (1, ffffff).
[E2 AGENT][E2SM-KPM] Condition NSSAI (1, ffffff).
[E2 AGENT][E2SM-KPM] Condition NSSAI (1, ffffff).
[E2 AGENT][E2SM-KPM] Condition NSSAI (1, ffffff).
[E2 AGENT][E2SM-KPM] Condition NSSAI (1, ffffff).
[E2 AGENT][E2SM-KPM] Condition NSSAI (1, ffffff).
[E2 AGENT][E2SM-KPM] Condition NSSAI (1, ffffff).
[E2 AGENT][E2SM-KPM] Condition NSSAI (1, ffffff).
[E2 AGENT][E2SM-KPM] Condition NSSAI (1, ffffff).
[E2 AGENT][E2SM-KPM] Condition NSSAI (1, ffffff).
[E2 AGENT][E2SM-KPM] Condition NSSAI (1, ffffff).
[E2 AGENT][E2SM-KPM] Condition NSSAI (1, ffffff).
[E2 AGENT][E2SM-KPM] Condition NSSAI (1, ffffff).
[E2 AGENT][E2SM-KPM] Condition NSSAI (1, ffffff).
[E2 AGENT][E2SM-KPM] Condition NSSAI (1, ffffff).
[E2 AGENT][E2SM-KPM] Condition NSSAI (1, ffffff).
[E2 AGENT][E2SM-KPM] Condition NSSAI (1, ffffff).
[E2 AGENT][E2SM-KPM] Condition NSSAI (1, ffffff).
[E2 AGENT][E2SM-KPM] Condition NSSAI (1, ffffff).
[E2 AGENT][E2SM-KPM] Condition NSSAI (1, ffffff).
[E2 AGENT][E2SM-KPM] Condition NSSAI (1, ffffff).
[E2 AGENT][E2SM-KPM] Condition NSSAI (1, ffffff).
[E2 AGENT][E2SM-KPM] Condition NSSAI (1, ffffff).
[E2 AGENT][E2SM-KPM] Condition NSSAI (1, ffffff).
[E2 AGENT][E2SM-KPM] Condition NSSAI (1, ffffff).
[E2 AGENT][E2SM-KPM] Condition NSSAI (1, ffffff).
[E2 AGENT][E2SM-KPM] Condition NSSAI (1, ffffff).
[E2 AGENT][E2SM-KPM] Condition NSSAI (1, ffffff).
[E2 AGENT][E2SM-KPM] Condition NSSAI (1, ffffff).
[E2 AGENT][E2SM-KPM] Condition NSSAI (1, ffffff).
[E2 AGENT][E2SM-KPM] Condition NSSAI (1, ffffff).
[E2 AGENT][E2SM-KPM] Condition NSSAI (1, ffffff).
[E2 AGENT][E2SM-KPM] Condition NSSAI (1, ffffff).
[E2 AGENT][E2SM-KPM] Condition NSSAI (1, ffffff).
[E2 AGENT][E2SM-KPM] Condition NSSAI (1, ffffff).
[E2 AGENT][E2SM-KPM] Condition NSSAI (1, ff[NR_MAC] Frame.Slot 128.0
UE RNTI 3444 CU-UE-ID 1 in-sync PH 48 dB PCMAX 20 dBm, average RSRP -43 (16 meas)
UE 3444: UL-RI 1, TPMI 0
UE 3444: dlsch_rounds 77/0/0/0, dlsch_errors 0, pucch0_DTX 0 (SNR 21.7+1.7 dB), BLER 0.00046 MCS (0) 0 CCE fail 3, goodput 0.00 Mbps
UE 3444: ulsch_rounds 504/0/0/0, ulsch_errors 0, ulsch_DTX 0, BLER 0.00000 MCS (0) 0 (Qm 2 deltaMCS 0 dB) NPRB 5 SNR 16.7 (+1.7) dB CCE fail 0, goodput 0.00 Mbps
UE 3444: LCID 1: TX           3507 RX            282 bytes
UE 3444: LCID 2: TX              0 RX              0 bytes
UE 3444: LCID 4: TX             15 RX            295 bytes

[0m[NR_MAC] Frame.Slot 256.0
UE RNTI 3444 CU-UE-ID 1 in-sync PH 48 dB PCMAX 20 dBm, average RSRP -43 (16 meas)
UE 3444: UL-RI 1, TPMI 0
UE 3444: dlsch_rounds 78/0/0/0, dlsch_errors 0, pucch0_DTX 0 (SNR 21.7+1.7 dB), BLER 0.00042 MCS (0) 0 CCE fail 3, goodput 0.00 Mbps
UE 3444: ulsch_rounds 517/0/0/0, ulsch_errors 0, ulsch_DTX 0, BLER 0.00000 MCS (0) 0 (Qm 2 deltaMCS 0 dB) NPRB 5 SNR 16.8 (+1.8) dB CCE fail 0, goodput 0.00 Mbps
UE 3444: LCID 1: TX           3507 RX            282 bytes
UE 3444: LCID 2: TX              0 RX              0 bytes
UE 3444: LCID 4: TX             15 RX            295 bytes

[0m[NR_MAC] Frame.Slot 384.0
UE RNTI 3444 CU-UE-ID 1 in-sync PH 48 dB PCMAX 20 dBm, average RSRP -43 (16 meas)
UE 3444: UL-RI 1, TPMI 0
UE 3444: dlsch_rounds 79/0/0/0, dlsch_errors 0, pucch0_DTX 0 (SNR 21.8+1.8 dB), BLER 0.00038 MCS (0) 0 CCE fail 3, goodput 0.00 Mbps
UE 3444: ulsch_rounds 530/0/0/0, ulsch_errors 0, ulsch_DTX 0, BLER 0.00000 MCS (0) 0 (Qm 2 deltaMCS 0 dB) NPRB 5 SNR 16.9 (+1.9) dB CCE fail 0, goodput 0.00 Mbps
UE 3444: LCID 1: TX           3507 RX            282 bytes
UE 3444: LCID 2: TX              0 RX              0 bytes
UE 3444: LCID 4: TX             15 RX            295 bytes

[0m[NR_MAC] Frame.Slot 512.0
UE RNTI 3444 CU-UE-ID 1 in-sync PH 48 dB PCMAX 20 dBm, average RSRP -43 (16 meas)
UE 3444: UL-RI 1, TPMI 0
UE 3444: dlsch_rounds 81/0/0/0, dlsch_errors 0, pucch0_DTX 0 (SNR 21.8+1.8 dB), BLER 0.00030 MCS (0) 0 CCE fail 3, goodput 0.00 Mbps
UE 3444: ulsch_rounds 543/0/0/0, ulsch_errors 0, ulsch_DTX 0, BLER 0.00000 MCS (0) 0 (Qm 2 deltaMCS 0 dB) NPRB 5 SNR 17.1 (+2.1) dB CCE fail 0, goodput 0.00 Mbps
UE 3444: LCID 1: TX           3507 RX            282 bytes
UE 3444: LCID 2: TX              0 RX              0 bytes
UE 3444: LCID 4: TX             15 RX            295 bytes

[0m[NR_MAC] Frame.Slot 640.0
UE RNTI 3444 CU-UE-ID 1 in-sync PH 48 dB PCMAX 20 dBm, average RSRP -43 (16 meas)
UE 3444: UL-RI 1, TPMI 0
UE 3444: dlsch_rounds 82/0/0/0, dlsch_errors 0, pucch0_DTX 0 (SNR 21.8+1.8 dB), BLER 0.00027 MCS (0) 0 CCE fail 3, goodput 0.00 Mbps
UE 3444: ulsch_rounds 555/0/0/0, ulsch_errors 0, ulsch_DTX 0, BLER 0.00000 MCS (0) 0 (Qm 2 deltaMCS 0 dB) NPRB 5 SNR 16.1 (+1.1) dB CCE fail 0, goodput 0.00 Mbps
UE 3444: LCID 1: TX           3507 RX            282 bytes
UE 3444: LCID 2: TX              0 RX              0 bytes
UE 3444: LCID 4: TX             15 RX            295 bytes

[0m[NR_MAC] Frame.Slot 768.0
UE RNTI 3444 CU-UE-ID 1 in-sync PH 48 dB PCMAX 20 dBm, average RSRP -43 (16 meas)
UE 3444: UL-RI 1, TPMI 0
UE 3444: dlsch_rounds 83/0/0/0, dlsch_errors 0, pucch0_DTX 0 (SNR 21.8+1.8 dB), BLER 0.00025 MCS (0) 0 CCE fail 3, goodput 0.00 Mbps
UE 3444: ulsch_rounds 568/0/0/0, ulsch_errors 0, ulsch_DTX 0, BLER 0.00000 MCS (0) 0 (Qm 2 deltaMCS 0 dB) NPRB 5 SNR 16.2 (+1.2) dB CCE fail 0, goodput 0.00 Mbps
UE 3444: LCID 1: TX           3507 RX            282 bytes
UE 3444: LCID 2: TX              0 RX              0 bytes
UE 3444: LCID 4: TX             15 RX            295 bytes

[0m[32m[NR_RRC] [UL] (cellID bc614e, UE ID 1 RNTI 3444) Received RRC UL Information Transfer [27 bytes]
[0m[32m[NR_RRC] [DL] (cellID bc614e, UE ID 1 RNTI 3444) Send DL Information Transfer [3 bytes]
[0m[E1AP]   releasing UE 1
[0m[GTPU]   [81] UE ID 1: Delete all tunnels (1 tunnels)
[0m[32m[NR_RRC] [DL] (cellID bc614e, UE ID 1 RNTI 3444) Send RRC Release
[0m[RRC]    UE 1: received bearer release complete
[0m[93m[RLC]    Remove UE 13380
[0m[NR_RRC] removed UE CU UE ID 1/RNTI 3444 
[0m[NR_RRC] [--] (UE ID 1 RNTI 3444) Remove UE context
[0m[NR_MAC] Remove NR rnti 0x3444
[0m[1;31m[NR_MAC] Unknown RNTI 3444 in PUCCH UCI
[0m[1;31m[NR_MAC] UL SDU discarded. Couldn't finde UE with RNTI 3444 
[0m[NR_MAC] Frame.Slot 896.0

[0m[93m[HW]     Lost socket
[0m[NR_MAC] Frame.Slot 0.0

[0m[NR_MAC] Frame.Slot 128.0

[0m[NR_MAC] Frame.Slot 256.0

[0m[NR_MAC] Frame.Slot 384.0

[0m[HW]     Random channel rfsimu_channel_ue0 in rfsimulator activated
[0m[HW]     Client connects from ::ffff:10.244.0.159:25766
[0m[32m[HW]     RFsim: Number of antennas changed from 0 to 1
[0m[32m[NR_PHY] [RAPROC] 497.19 Initiating RA procedure with preamble 19, energy 19.4 dB (I0 0, thres 120), delay 22 start symbol 0 freq index 0
[0m[32m[NR_PHY] [RAPROC] 497.19 Initiating RA procedure with preamble 40, energy 19.6 dB (I0 23, thres 120), delay 12 start symbol 4 freq index 0
[0m[32m[NR_PHY] [RAPROC] 497.19 Initiating RA procedure with preamble 24, energy 18.8 dB (I0 43, thres 120), delay 22 start symbol 8 freq index 0
[0m[32m[NR_MAC] 497.19 UE RA-RNTI 010b TC-RNTI 343c: initiating RA procedure
[0m[NR_MAC] UE 343c: Sync beam index 0
[0m[32m[NR_MAC] 497.19 UE RA-RNTI 010f TC-RNTI 9422: initiating RA procedure
[0m[NR_MAC] UE 9422: Sync beam index 0
[0m[32m[NR_MAC] 497.19 UE RA-RNTI 0113 TC-RNTI b293: initiating RA procedure
[0m[NR_MAC] UE b293: Sync beam index 0
[0m[NR_MAC] UE 343c: Msg3 scheduled at 498.19 (498.10 TDA 0) start 0 RBs 8
[0m[32m[NR_MAC] UE 343c: 498.10 Generating RA-Msg2 DCI, RA RNTI 0x10b, state 1, preamble_index(RAPID) 19, timing_offset = 22 (estimated distance 859.4 [m])
[0m[NR_MAC] UE 9422: Msg3 scheduled at 498.19 (498.10 TDA 0) start 8 RBs 8
[0m[32m[NR_MAC] UE 9422: 498.10 Generating RA-Msg2 DCI, RA RNTI 0x10f, state 1, preamble_index(RAPID) 40, timing_offset = 12 (estimated distance 468.8 [m])
[0m[93m[NR_MAC] UE b293: 498.10 cannot find free CCE for Msg2!
[0m[93m[NR_MAC] exceeded RA window: preamble at 497.19 now 499.0 (diff 21), ra_ResponseWindow 5/20 slots
[0m[1;31m[NR_MAC] sfn: 499.0 UE RA-RNTI 0113 TC-RNTI b293: exceeded RA window, cannot schedule Msg2
[0m[NR_MAC] Remove NR rnti 0xb293
[0m[NR_MAC]  49912: RA RNTI 343c CC_id 0 Scheduling retransmission of Msg3 in (499,18)
[0m[NR_MAC]  49912: RA RNTI 9422 CC_id 0 Scheduling retransmission of Msg3 in (499,18)
[0m[32m[NR_PHY] [RAPROC] 499.19 Initiating RA procedure with preamble 27, energy 20.3 dB (I0 59, thres 120), delay 1 start symbol 0 freq index 0
[0m[32m[NR_MAC] 499.19 UE RA-RNTI 010b TC-RNTI 8ead: initiating RA procedure
[0m[NR_MAC] UE 8ead: Sync beam index 0
[0m[NR_MAC] UE 8ead: Msg3 scheduled at 500.19 (500.10 TDA 0) start 0 RBs 8
[0m[32m[NR_MAC] UE 8ead: 500.10 Generating RA-Msg2 DCI, RA RNTI 0x10b, state 1, preamble_index(RAPID) 27, timing_offset = 1 (estimated distance 39.1 [m])
[0m[NR_MAC]  50012: RA RNTI 343c CC_id 0 Scheduling retransmission of Msg3 in (500,18)
[0m[NR_MAC]  50012: RA RNTI 9422 CC_id 0 Scheduling retransmission of Msg3 in (500,18)
[0m[NR_MAC]  50112: RA RNTI 343c CC_id 0 Scheduling retransmission of Msg3 in (501,18)
[0m[NR_MAC]  50112: RA RNTI 9422 CC_id 0 Scheduling retransmission of Msg3 in (501,18)
[0m[NR_MAC]  50112: RA RNTI 8ead CC_id 0 Scheduling retransmission of Msg3 in (501,18)
[0m[1;31m[NR_MAC] UE 8ead cannot find free CCE!
[0m[NR_MAC]  50113: RA RNTI 8ead CC_id 0 Scheduling retransmission of Msg3 in (501,19)
[0m[93m[NR_MAC] UE 343c RA failed at state WAIT_Msg3 (Reached msg3 max harq rounds)
[0m[NR_MAC] Remove NR rnti 0x343c
[0m[93m[NR_MAC] UE 9422 RA failed at state WAIT_Msg3 (Reached msg3 max harq rounds)
[0m[NR_MAC] Remove NR rnti 0x9422
[0m[NR_MAC]  50212: RA RNTI 8ead CC_id 0 Scheduling retransmission of Msg3 in (502,18)
[0m[NR_MAC]  50312: RA RNTI 8ead CC_id 0 Scheduling retransmission of Msg3 in (503,18)
[0m[93m[NR_MAC] UE 8ead RA failed at state WAIT_Msg3 (Reached msg3 max harq rounds)
[0m[NR_MAC] Remove NR rnti 0x8ead
[0m[NR_MAC] Frame.Slot 512.0

[0m[32m[NR_PHY] [RAPROC] 609.19 Initiating RA procedure with preamble 39, energy 44.0 dB (I0 189, thres 120), delay 0 start symbol 8 freq index 0
[0m[32m[NR_MAC] 609.19 UE RA-RNTI 0113 TC-RNTI df69: initiating RA procedure
[0m[NR_MAC] UE df69: Sync beam index 0
[0m[NR_MAC] UE df69: Msg3 scheduled at 610.19 (610.10 TDA 0) start 0 RBs 8
[0m[32m[NR_MAC] UE df69: 610.10 Generating RA-Msg2 DCI, RA RNTI 0x113, state 1, preamble_index(RAPID) 39, timing_offset = 0 (estimated distance 0.0 [m])
[0m[32m[NR_MAC]  610.19 PUSCH with TC_RNTI 0xdf69 received correctly
[0m[MAC]    [RAPROC] Received SDU for CCCH length 6 for UE df69
[0m[RLC]    Activated srb0 for UE 57193
[0m[NR_RRC] SRS configured with 1 ports
[0m[RLC]    Added srb 1 to UE 57193
[0m[NR_MAC] Activating scheduling Msg4 for TC_RNTI 0xdf69 (state WAIT_Msg3)
[0m[NR_RRC] Decoding CCCH: RNTI df69, payload_size 6
[0m[32m[NR_RRC] [--] (cellID 0, UE ID 1 RNTI df69) Create UE context: CU UE ID 1 DU UE ID 57193 (rnti: df69, random ue id 960fce4114000000)
[0m[NR_RRC] Adding new PCell (cell 12345678, assoc_id -1)
[0m[RRC]    activate SRB 1 of UE 1
[0m[32m[NR_RRC] [DL] (cellID bc614e, UE ID 1 RNTI df69) Send RRC Setup
[0m[NR_MAC] UE df69 Generate Msg4: feedback at  611.17, payload 157 bytes, next state nrRA_WAIT_Msg4_MsgB_ACK
[0m[32m[NR_MAC]  611.17 UE df69: Received Ack of Msg4. CBRA procedure succeeded (UE Connected)
[0m[NR_MAC] Adding new UE context with RNTI 0xdf69
[0m[32m[NR_RRC] [UL] (cellID bc614e, UE ID 1 RNTI df69) Received RRCSetupComplete (RRC_CONNECTED reached)
[0m[NGAP]   Selected PLMN in the NG Initial UE Message: MCC=001 MNC=01
[0m[NGAP]   UE 1: Selected AMF 'amf' (assoc_id 35) through selected PLMN MCC=001 MNC=01
[0m[NGAP]   Create UE context (ID 1) for AMF 'amf' (assoc_id 35)
[0m[32m[NR_RRC] [DL] (cellID bc614e, UE ID 1 RNTI df69) Send DL Information Transfer [42 bytes]
[0m[32m[NR_RRC] [UL] (cellID bc614e, UE ID 1 RNTI df69) Received RRC UL Information Transfer [24 bytes]
[0m[32m[NR_RRC] [DL] (cellID bc614e, UE ID 1 RNTI df69) Send DL Information Transfer [21 bytes]
[0m[32m[NR_RRC] [UL] (cellID bc614e, UE ID 1 RNTI df69) Received RRC UL Information Transfer [60 bytes]
[0m[34m[NGAP]   NGAP_FIND_PROTOCOLIE_BY_ID ie is NULL (searching for ie: 110)
[0m[34m[NGAP]   NGAP_FIND_PROTOCOLIE_BY_ID ie is NULL (searching for ie: 71)
[0m[34m[NGAP]   AllowedNSSAI.list.count 1
[0m[NGAP]   Initial Context Setup UE RAN ID 1 UE AMF ID 3: 0 PDU session(s)
[0m[32m[NR_RRC] [--] (cellID bc614e, UE ID 1 RNTI df69) Selected security algorithms: ciphering 0, integrity 2
[0m[NR_RRC] [UE df69] Saved security key 0B
[0m[NR_RRC] UE 1 Logical Channel DL-DCCH, Generate SecurityModeCommand (bytes 3)
[0m[32m[NR_RRC] [UL] (cellID bc614e, UE ID 1 RNTI df69) Received Security Mode Complete
[0m[NR_RRC] UE 1: Logical Channel DL-DCCH, Generate NR UECapabilityEnquiry (bytes 8, xid 3)
[0m[32m[NR_RRC] [UL] (cellID bc614e, UE ID 1 RNTI df69) Received UE capabilities
[0m[NR_RRC] Send message to ngap: NGAP_UE_CAPABILITIES_IND
[0m[32m[NR_RRC] [DL] (cellID bc614e, UE ID 1 RNTI df69) Send DL Information Transfer [53 bytes]
[0m[NR_RRC] Send message to sctp: NGAP_InitialContextSetupResponse
[0m[32m[NR_RRC] [UL] (cellID bc614e, UE ID 1 RNTI df69) Received RRC UL Information Transfer [13 bytes]
[0m[32m[NR_RRC] [UL] (cellID bc614e, UE ID 1 RNTI df69) Received RRC UL Information Transfer [40 bytes]
[0m[NGAP]   PDUSESSIONSetup initiating message
[0m[NR_RRC] UE 1: received PDU Session Resource Setup Request
[0m[NR_RRC] UE 1: added QoS flow with QFI=1, total number of QoS flows = 1
[0m[NR_RRC] Added PDU Session 1, (total nb of sessions = 1)
[0m[NR_RRC] UE 1: created new DRB 1 for QFI 1 (5QI 9)
[0m[NR_RRC] UE 1: assigned DRB 1 to QFI 1 (5QI 9) in PDU session 1
[0m[NR_RRC] PDU Session to Setup: PDU Session ID=1, incoming TEID=0x00000003, Addr=172.30.23.10
[0m[32m[NR_RRC] [--] (cellID bc614e, UE ID 1 RNTI df69) selecting CU-UP ID 3584 based on exact NSSAI match (1:0xffffff)
[0m[RRC]    UE 1 associating to CU-UP assoc_id -1 out of 1 CU-UPs
[0m[E1AP]   UE 1: set up PDU session ID 1 (1 bearers)
[0m[SDAP]   Default DRB for the created SDAP entity: DRB 1 
[0m[PDCP]   Added DRB 1 to UE ID 1
[0m[GTPU]   N3 GTP-U tunnel: PDUSession=1/UL TEID=0x00000003
[0m[GTPU]   [81] UE ID 1: Create tunnel TEID incoming 0x6522520d outgoing 0x3 to remote IPv4 172.30.23.10, IPv6 ::, port 2152
[0m[RRC]    activate SRB 2 of UE 1
[0m[RLC]    Added srb 2 to UE 57193
[0m[RLC]    Added drb 1 to UE 57193
[0m[RLC]    Added DRB to UE 57193
[0m[NR_RRC] SRS configured with 1 ports
[0m[RRC]    UE 1 trigger UE context setup request with 1 DRBs
[0m[E1AP]   UE 1: updating PDU session ID 1 (0 setup, 1 modify bearers)
[0m[PDCP]   DRB 1 re-established
[0m[NR_RRC] PDU Session New: status to ESTABLISH for PDU Session 1 
[0m[32m[NR_RRC] [DL] (cellID bc614e, UE ID 1 RNTI df69) Generate RRCReconfiguration (bytes 319, xid 1)
[0m[NR_RRC] Received E1AP Bearer Context Modification Response for UE CU-CP ID 1
[0m[RRC]    UE 1: PDU session ID 1 modified 1 bearers, setup 0 bearers
[0m[93m[NR_MAC] Received ACK for RRCReconfiguration, but nothing to apply!
[0m[NR_MAC] Frame.Slot 640.0
UE RNTI df69 CU-UE-ID 1 in-sync PH 61 dB PCMAX 20 dBm, average RSRP -43 (3 meas)
UE df69: UL-RI 1, TPMI 0
UE df69: dlsch_rounds 12/0/0/0, dlsch_errors 0, pucch0_DTX 0 (SNR 21.4+1.4 dB), BLER 0.08100 MCS (0) 0 CCE fail 0, goodput 0.01 Mbps
UE df69: ulsch_rounds 33/0/0/0, ulsch_errors 0, ulsch_DTX 0, BLER 0.08100 MCS (0) 0 (Qm 2 deltaMCS 0 dB) NPRB 5 SNR 17.0 (+2.0) dB CCE fail 0, goodput 0.01 Mbps
UE df69: LCID 1: TX            525 RX            269 bytes
UE df69: LCID 2: TX              0 RX              0 bytes
UE df69: LCID 4: TX              0 RX              0 bytes

[0m[1;31m[RLC]    max RETX reached on SRB 1
[0m[93m[RLC]    UE df69: RLF detected, but no callable RLF handler registered
[0m[32m[NR_RRC] [UL] (cellID bc614e, UE ID 1 RNTI df69) Received RRCReconfigurationComplete
[0m[NR_RRC] PDU Session Setup: ID=1, outgoing TEID=0x6522520d, Addr=172.30.23.20
[0m[NR_RRC] NGAP_PDUSESSION_SETUP_RESP: sending the message
[0m[34m[NGAP]   Encoded PDU Session Transfer (1): TEID=0x6522520d, Addr=172.30.23.20
[0m[NR_MAC] DU received confirmation of successful RRC Reconfiguration
[0m[NR_MAC] Frame.Slot 768.0
UE RNTI df69 CU-UE-ID 1 in-sync PH 48 dB PCMAX 20 dBm, average RSRP -43 (16 meas)
UE df69: UL-RI 1, TPMI 0
UE df69: dlsch_rounds 33/0/0/0, dlsch_errors 0, pucch0_DTX 0 (SNR 21.4+1.4 dB), BLER 0.04305 MCS (0) 0 CCE fail 6, goodput 0.01 Mbps
UE df69: ulsch_rounds 90/0/0/0, ulsch_errors 0, ulsch_DTX 0, BLER 0.02059 MCS (0) 0 (Qm 2 deltaMCS 0 dB) NPRB 5 SNR 16.9 (+1.9) dB CCE fail 0, goodput 0.00 Mbps
UE df69: LCID 1: TX           3507 RX            286 bytes
UE df69: LCID 2: TX              0 RX              0 bytes
UE df69: LCID 4: TX              3 RX             60 bytes

[0m[NR_MAC] Frame.Slot 896.0
UE RNTI df69 CU-UE-ID 1 in-sync PH 48 dB PCMAX 20 dBm, average RSRP -43 (16 meas)
UE df69: UL-RI 1, TPMI 0
UE df69: dlsch_rounds 35/0/0/0, dlsch_errors 0, pucch0_DTX 0 (SNR 21.5+1.5 dB), BLER 0.03874 MCS (0) 0 CCE fail 6, goodput 0.00 Mbps
UE df69: ulsch_rounds 108/0/0/0, ulsch_errors 0, ulsch_DTX 0, BLER 0.00581 MCS (0) 0 (Qm 2 deltaMCS 0 dB) NPRB 5 SNR 16.4 (+1.4) dB CCE fail 0, goodput 0.00 Mbps
UE df69: LCID 1: TX           3507 RX            286 bytes
UE df69: LCID 2: TX              0 RX              0 bytes
UE df69: LCID 4: TX              6 RX            115 bytes

[0m[NR_MAC] Frame.Slot 0.0
UE RNTI df69 CU-UE-ID 1 in-sync PH 48 dB PCMAX 20 dBm, average RSRP -43 (16 meas)
UE df69: UL-RI 1, TPMI 0
UE df69: dlsch_rounds 37/0/0/0, dlsch_errors 0, pucch0_DTX 0 (SNR 21.5+1.5 dB), BLER 0.03138 MCS (0) 0 CCE fail 6, goodput 0.00 Mbps
UE df69: ulsch_rounds 121/0/0/0, ulsch_errors 0, ulsch_DTX 0, BLER 0.00148 MCS (0) 0 (Qm 2 deltaMCS 0 dB) NPRB 5 SNR 16.6 (+1.6) dB CCE fail 0, goodput 0.00 Mbps
UE df69: LCID 1: TX           3507 RX            286 bytes
UE df69: LCID 2: TX              0 RX              0 bytes
UE df69: LCID 4: TX              6 RX            115 bytes

[0m[NR_MAC] Frame.Slot 128.0
UE RNTI df69 CU-UE-ID 1 in-sync PH 48 dB PCMAX 20 dBm, average RSRP -43 (16 meas)
UE df69: UL-RI 1, TPMI 0
UE df69: dlsch_rounds 39/0/0/0, dlsch_errors 0, pucch0_DTX 0 (SNR 21.6+1.6 dB), BLER 0.02542 MCS (0) 0 CCE fail 6, goodput 0.00 Mbps
UE df69: ulsch_rounds 139/0/0/0, ulsch_errors 0, ulsch_DTX 0, BLER 0.00042 MCS (0) 0 (Qm 2 deltaMCS 0 dB) NPRB 5 SNR 17.0 (+2.0) dB CCE fail 0, goodput 0.00 Mbps
UE df69: LCID 1: TX           3507 RX            286 bytes
UE df69: LCID 2: TX              0 RX              0 bytes
UE df69: LCID 4: TX              9 RX            170 bytes

