Time (ISO 8601),Time (UNIX ms),Batch ID (Mapping Cell with UE),Reporting Time Offset (ms),Indication Latency (ms),E2 Node ID,UE ID,DRB.PdcpSduVolumeDL (bytes),DRB.PdcpSduVolumeUL (bytes),DRB.RlcSduDelayDl (μs),DRB.UEThpDl (kbps),DRB.UEThpUl (kbps),RRU.PrbTotDl (%),RRU.PrbTotUl (%),Collect Time (UNIX us),SUPI,
2026-10-03T16:45:41.261+00:00,1791045941261,1,,0,gNB:3584,10,0,49,0.00,0.02,0.44,0,10,1791045941261251,,
2026-10-03T16:45:42.261+00:00,1791045942261,2,0,0,gNB:3584,9,0,49,0.00,0.02,0.48,0,8,1791045942261118,,
2026-10-03T16:45:42.261+00:00,1791045942261,2,0,0,gNB:3584,10,0,0,0.00,0.00,0.00,0,0,1791045942261118,,
2026-10-03T16:45:43.261+00:00,1791045943261,3,0,0,gNB:3584,9,0,0,0.00,0.00,0.00,0,2,1791045943261138,,
2026-10-03T16:45:43.261+00:00,1791045943261,3,0,0,gNB:3584,10,0,0,0.00,0.00,0.00,0,2,1791045943261138,,
2026-10-03T16:45:44.261+00:00,1791045944261,4,0,0,gNB:3584,9,0,0,0.00,0.00,0.00,0,2,1791045944261120,,
2026-10-03T16:45:44.261+00:00,1791045944261,4,0,0,gNB:3584,10,0,0,0.00,0.00,0.00,0,2,1791045944261120,,
2026-10-03T16:45:45.261+00:00,1791045945261,5,0,0,gNB:3584,9,0,49,0.00,0.02,0.44,0,12,1791045945261003,imsi-001010123456781,
2026-10-03T16:45:45.261+00:00,1791045945261,5,0,0,gNB:3584,10,0,49,0.00,0.02,0.44,0,12,1791045945261003,imsi-001010123456780,
2026-10-03T16:45:46.261+00:00,1791045946261,6,0,0,gNB:3584,9,0,0,0.00,0.00,0.00,0,2,1791045946261239,imsi-001010123456781,
2026-10-03T16:45:46.261+00:00,1791045946261,6,0,0,gNB:3584,10,0,0,0.00,0.00,0.00,0,2,1791045946261239,imsi-001010123456780,
2026-10-03T16:45:47.261+00:00,1791045947261,7,0,0,gNB:3584,9,0,0,0.00,0.00,0.00,0,2,1791045947261069,imsi-001010123456781,
2026-10-03T16:45:47.261+00:00,1791045947261,7,0,0,gNB:3584,10,0,0,0.00,0.00,0.00,0,2,1791045947261069,imsi-001010123456780,
2026-10-03T16:45:48.261+00:00,1791045948261,8,0,0,gNB:3584,9,0,0,0.00,0.00,0.00,0,2,1791045948261338,imsi-001010123456781,
2026-10-03T16:45:48.261+00:00,1791045948261,8,0,0,gNB:3584,10,0,0,0.00,0.00,0.00,0,2,1791045948261338,imsi-001010123456780,
2026-10-03T16:45:49.261+00:00,1791045949261,9,0,0,gNB:3584,9,0,0,0.00,0.00,0.00,0,2,1791045949261501,imsi-001010123456781,
2026-10-03T16:45:49.261+00:00,1791045949261,9,0,0,gNB:3584,10,0,0,0.00,0.00,0.00,0,2,1791045949261501,imsi-001010123456780,
2026-10-03T16:45:50.261+00:00,1791045950261,10,0,0,gNB:3584,9,0,0,0.00,0.00,0.00,0,2,1791045950261310,imsi-001010123456781,
2026-10-03T16:45:50.261+00:00,1791045950261,10,0,0,gNB:3584,10,0,0,0.00,0.00,0.00,0,2,1791045950261310,imsi-001010123456780,
2026-10-03T16:45:51.261+00:00,1791045951261,11,0,0,gNB:3584,9,0,0,0.00,0.00,0.00,0,2,1791045951261036,imsi-001010123456781,
2026-10-03T16:45:51.261+00:00,1791045951261,11,0,0,gNB:3584,10,0,0,0.00,0.00,0.00,0,2,1791045951261036,imsi-001010123456780,
2026-10-03T16:45:52.261+00:00,1791045952261,12,0,0,gNB:3584,9,0,0,0.00,0.00,0.00,0,2,1791045952261137,imsi-001010123456781,
2026-10-03T16:45:52.261+00:00,1791045952261,12,0,0,gNB:3584,10,0,0,0.00,0.00,0.00,0,2,1791045952261137,imsi-001010123456780,
2026-10-03T16:45:53.260+00:00,1791045953260,13,-1,0,gNB:3584,9,66,38,0.00,0.60,0.38,0,10,1791045953260989,imsi-001010123456781,
2026-10-03T16:45:53.260+00:00,1791045953260,13,-1,0,gNB:3584,10,66,87,0.00,0.62,0.82,0,19,1791045953260989,imsi-001010123456780,
2026-10-03T16:45:54.261+00:00,1791045954261,14,1,0,gNB:3584,9,0,49,0.00,0.02,0.48,0,10,1791045954261065,imsi-001010123456781,
2026-10-03T16:45:54.261+00:00,1791045954261,14,1,0,gNB:3584,10,0,0,0.00,0.00,0.00,0,1,1791045954261065,imsi-001010123456780,
2026-10-03T16:45:55.261+00:00,1791045955261,15,0,0,gNB:3584,9,0,0,0.00,0.00,0.00,0,2,1791045955261052,imsi-001010123456781,
2026-10-03T16:45:55.261+00:00,1791045955261,15,0,0,gNB:3584,10,0,0,0.00,0.00,0.00,0,2,1791045955261052,imsi-001010123456780,
2026-10-03T16:45:56.261+00:00,1791045956261,16,0,0,gNB:3584,9,0,0,0.00,0.00,0.00,0,2,1791045956261058,imsi-001010123456781,
2026-10-03T16:45:56.261+00:00,1791045956261,16,0,0,gNB:3584,10,0,0,0.00,0.00,0.00,0,2,1791045956261058,imsi-001010123456780,
2026-10-03T16:45:57.261+00:00,1791045957261,17,0,0,gNB:3584,9,0,0,0.00,0.00,0.00,0,2,1791045957261597,imsi-001010123456781,
2026-10-03T16:45:57.261+00:00,1791045957261,17,0,0,gNB:3584,10,0,0,0.00,0.00,0.00,0,2,1791045957261597,imsi-001010123456780,
2026-10-03T16:45:58.261+00:00,1791045958261,18,0,0,gNB:3584,9,0,0,0.00,0.00,0.00,0,2,1791045958261682,imsi-001010123456781,
2026-10-03T16:45:58.261+00:00,1791045958261,18,0,0,gNB:3584,10,0,0,0.00,0.00,0.00,0,2,1791045958261682,imsi-001010123456780,
2026-10-03T16:45:59.261+00:00,1791045959261,19,0,0,gNB:3584,9,0,0,0.00,0.00,0.00,0,2,1791045959261821,imsi-001010123456781,
2026-10-03T16:45:59.261+00:00,1791045959261,19,0,0,gNB:3584,10,0,0,0.00,0.00,0.00,0,2,1791045959261821,imsi-001010123456780,
2026-10-03T16:46:00.261+00:00,1791045960261,20,0,0,gNB:3584,9,0,0,0.00,0.00,0.00,0,2,1791045960261115,imsi-001010123456781,
2026-10-03T16:46:00.261+00:00,1791045960261,20,0,0,gNB:3584,10,0,0,0.00,0.00,0.00,0,2,1791045960261115,imsi-001010123456780,
2026-10-03T16:46:01.261+00:00,1791045961261,21,0,0,gNB:3584,9,0,0,0.00,0.00,0.00,0,2,1791045961261124,imsi-001010123456781,
2026-10-03T16:46:01.261+00:00,1791045961261,21,0,0,gNB:3584,10,0,0,0.00,0.00,0.00,0,2,1791045961261124,imsi-001010123456780,
2026-10-03T16:46:02.261+00:00,1791045962261,22,0,0,gNB:3584,9,0,0,0.00,0.00,0.00,0,2,1791045962261047,imsi-001010123456781,
2026-10-03T16:46:02.261+00:00,1791045962261,22,0,0,gNB:3584,10,0,0,0.00,0.00,0.00,0,2,1791045962261047,imsi-001010123456780,
2026-10-03T16:46:03.261+00:00,1791045963261,23,0,0,gNB:3584,9,0,0,0.00,0.00,0.00,0,2,1791045963261154,imsi-001010123456781,
2026-10-03T16:46:03.261+00:00,1791045963261,23,0,0,gNB:3584,10,0,0,0.00,0.00,0.00,0,2,1791045963261154,imsi-001010123456780,
2026-10-03T16:46:04.261+00:00,1791045964261,24,0,0,gNB:3584,9,0,0,0.00,0.00,0.00,0,2,1791045964261163,imsi-001010123456781,
2026-10-03T16:46:04.261+00:00,1791045964261,24,0,0,gNB:3584,10,0,0,0.00,0.00,0.00,0,2,1791045964261163,imsi-001010123456780,
2026-10-03T16:46:05.261+00:00,1791045965261,25,0,0,gNB:3584,9,0,0,0.00,0.00,0.00,0,2,1791045965261185,imsi-001010123456781,
2026-10-03T16:46:05.261+00:00,1791045965261,25,0,0,gNB:3584,10,0,0,0.00,0.00,0.00,0,2,1791045965261185,imsi-001010123456780,
2026-10-03T16:46:06.261+00:00,1791045966261,26,0,0,gNB:3584,9,0,0,0.00,0.00,0.00,0,2,1791045966261185,imsi-001010123456781,
2026-10-03T16:46:06.261+00:00,1791045966261,26,0,0,gNB:3584,10,0,0,0.00,0.00,0.00,0,2,1791045966261185,imsi-001010123456780,
2026-10-03T16:46:07.261+00:00,1791045967261,27,0,0,gNB:3584,9,0,0,0.00,0.00,0.00,0,2,1791045967261052,imsi-001010123456781,
2026-10-03T16:46:07.261+00:00,1791045967261,27,0,0,gNB:3584,10,0,0,0.00,0.00,0.00,0,2,1791045967261052,imsi-001010123456780,
2026-10-03T16:46:08.261+00:00,1791045968261,28,0,0,gNB:3584,9,0,0,0.00,0.00,0.00,0,2,1791045968261862,imsi-001010123456781,
2026-10-03T16:46:08.261+00:00,1791045968261,28,0,0,gNB:3584,10,0,0,0.00,0.00,0.00,0,2,1791045968261862,imsi-001010123456780,
2026-10-03T16:46:09.261+00:00,1791045969261,29,0,0,gNB:3584,9,0,0,0.00,0.00,0.00,0,1,1791045969261560,imsi-001010123456781,
2026-10-03T16:46:09.261+00:00,1791045969261,29,0,0,gNB:3584,10,0,49,0.00,0.02,0.44,0,19,1791045969261560,imsi-001010123456780,
2026-10-03T16:46:10.261+00:00,1791045970261,30,0,0,gNB:3584,9,0,0,0.00,0.00,0.00,0,2,1791045970261610,imsi-001010123456781,
2026-10-03T16:46:10.261+00:00,1791045970261,30,0,0,gNB:3584,10,0,0,0.00,0.00,0.00,0,2,1791045970261610,imsi-001010123456780,
2026-10-03T16:46:11.261+00:00,1791045971261,31,0,0,gNB:3584,9,0,0,0.00,0.00,0.00,0,2,1791045971261285,imsi-001010123456781,
2026-10-03T16:46:11.261+00:00,1791045971261,31,0,0,gNB:3584,10,0,0,0.00,0.00,0.00,0,2,1791045971261285,imsi-001010123456780,
2026-10-03T16:46:12.261+00:00,1791045972261,32,0,0,gNB:3584,9,0,0,0.00,0.00,0.00,0,2,1791045972261172,imsi-001010123456781,
2026-10-03T16:46:12.261+00:00,1791045972261,32,0,0,gNB:3584,10,0,0,0.00,0.00,0.00,0,2,1791045972261172,imsi-001010123456780,
2026-10-03T16:46:13.261+00:00,1791045973261,33,0,0,gNB:3584,9,66,87,0.00,0.62,0.82,0,20,1791045973261084,imsi-001010123456781,
2026-10-03T16:46:13.261+00:00,1791045973261,33,0,0,gNB:3584,10,66,38,0.00,0.60,0.38,0,8,1791045973261084,imsi-001010123456780,
2026-10-03T16:46:14.262+00:00,1791045974262,34,1,0,gNB:3584,9,0,0,0.00,0.00,0.00,0,2,1791045974262009,imsi-001010123456781,
2026-10-03T16:46:14.262+00:00,1791045974262,34,1,0,gNB:3584,10,0,0,0.00,0.00,0.00,0,2,1791045974262009,imsi-001010123456780,
2026-10-03T16:46:15.263+00:00,1791045975263,35,1,0,gNB:3584,9,0,0,0.00,0.00,0.00,0,2,1791045975263765,imsi-001010123456781,
2026-10-03T16:46:15.263+00:00,1791045975263,35,1,0,gNB:3584,10,0,0,0.00,0.00,0.00,0,2,1791045975263765,imsi-001010123456780,
2026-10-03T16:46:16.261+00:00,1791045976261,36,-2,0,gNB:3584,9,0,0,0.00,0.00,0.00,0,2,1791045976261168,imsi-001010123456781,
2026-10-03T16:46:16.261+00:00,1791045976261,36,-2,0,gNB:3584,10,0,0,0.00,0.00,0.00,0,2,1791045976261168,imsi-001010123456780,
2026-10-03T16:46:17.261+00:00,1791045977261,37,0,0,gNB:3584,9,0,0,0.00,0.00,0.00,0,2,1791045977261743,imsi-001010123456781,
2026-10-03T16:46:17.261+00:00,1791045977261,37,0,0,gNB:3584,10,0,0,0.00,0.00,0.00,0,2,1791045977261743,imsi-001010123456780,
2026-10-03T16:46:18.261+00:00,1791045978261,38,0,0,gNB:3584,9,0,0,0.00,0.00,0.00,0,2,1791045978261370,imsi-001010123456781,
2026-10-03T16:46:18.261+00:00,1791045978261,38,0,0,gNB:3584,10,0,0,0.00,0.00,0.00,0,2,1791045978261370,imsi-001010123456780,
2026-10-03T16:46:19.261+00:00,1791045979261,39,0,0,gNB:3584,9,0,0,0.00,0.00,0.00,0,2,1791045979261031,imsi-001010123456781,
2026-10-03T16:46:19.261+00:00,1791045979261,39,0,0,gNB:3584,10,0,0,0.00,0.00,0.00,0,2,1791045979261031,imsi-001010123456780,
2026-10-03T16:46:20.261+00:00,1791045980261,40,0,0,gNB:3584,9,0,0,0.00,0.00,0.00,0,2,1791045980261571,imsi-001010123456781,
2026-10-03T16:46:20.261+00:00,1791045980261,40,0,0,gNB:3584,10,0,0,0.00,0.00,0.00,0,2,1791045980261571,imsi-001010123456780,
2026-10-03T16:46:21.261+00:00,1791045981261,41,0,0,gNB:3584,9,0,0,0.00,0.00,0.00,0,2,1791045981261059,imsi-001010123456781,
2026-10-03T16:46:21.261+00:00,1791045981261,41,0,0,gNB:3584,10,0,0,0.00,0.00,0.00,0,2,1791045981261059,imsi-001010123456780,
2026-10-03T16:46:22.261+00:00,1791045982261,42,0,0,gNB:3584,9,0,0,0.00,0.00,0.00,0,2,1791045982261218,imsi-001010123456781,
2026-10-03T16:46:22.261+00:00,1791045982261,42,0,0,gNB:3584,10,0,0,0.00,0.00,0.00,0,2,1791045982261218,imsi-001010123456780,
2026-10-03T16:46:23.261+00:00,1791045983261,43,0,0,gNB:3584,9,0,0,0.00,0.00,0.00,0,2,1791045983261102,imsi-001010123456781,
2026-10-03T16:46:23.261+00:00,1791045983261,43,0,0,gNB:3584,10,0,0,0.00,0.00,0.00,0,2,1791045983261102,imsi-001010123456780,
2026-10-03T16:46:24.261+00:00,1791045984261,44,0,0,gNB:3584,9,0,0,0.00,0.00,0.00,0,2,1791045984261144,imsi-001010123456781,
2026-10-03T16:46:24.261+00:00,1791045984261,44,0,0,gNB:3584,10,0,0,0.00,0.00,0.00,0,2,1791045984261144,imsi-001010123456780,
2026-10-03T16:46:25.261+00:00,1791045985261,45,0,0,gNB:3584,9,0,0,0.00,0.00,0.00,0,2,1791045985261122,imsi-001010123456781,
2026-10-03T16:46:25.261+00:00,1791045985261,45,0,0,gNB:3584,10,0,0,0.00,0.00,0.00,0,2,1791045985261122,imsi-001010123456780,
2026-10-03T16:46:26.261+00:00,1791045986261,46,0,0,gNB:3584,9,0,0,0.00,0.00,0.00,0,2,1791045986261081,imsi-001010123456781,
2026-10-03T16:46:26.261+00:00,1791045986261,46,0,0,gNB:3584,10,0,0,0.00,0.00,0.00,0,2,1791045986261081,imsi-001010123456780,
2026-10-03T16:46:27.261+00:00,1791045987261,47,0,0,gNB:3584,9,0,0,0.00,0.00,0.00,0,2,1791045987261568,imsi-001010123456781,
2026-10-03T16:46:27.261+00:00,1791045987261,47,0,0,gNB:3584,10,0,0,0.00,0.00,0.00,0,2,1791045987261568,imsi-001010123456780,
2026-10-03T16:46:28.261+00:00,1791045988261,48,0,0,gNB:3584,9,0,0,0.00,0.00,0.00,0,2,1791045988261249,imsi-001010123456781,
2026-10-03T16:46:28.261+00:00,1791045988261,48,0,0,gNB:3584,10,0,0,0.00,0.00,0.00,0,2,1791045988261249,imsi-001010123456780,
2026-10-03T16:46:29.261+00:00,1791045989261,49,0,0,gNB:3584,9,0,0,0.00,0.00,0.00,0,2,1791045989261279,imsi-001010123456781,
2026-10-03T16:46:29.261+00:00,1791045989261,49,0,0,gNB:3584,10,0,0,0.00,0.00,0.00,0,2,1791045989261279,imsi-001010123456780,
2026-10-03T16:46:30.261+00:00,1791045990261,50,0,0,gNB:3584,9,0,0,0.00,0.00,0.00,0,2,1791045990261172,imsi-001010123456781,
2026-10-03T16:46:30.261+00:00,1791045990261,50,0,0,gNB:3584,10,0,0,0.00,0.00,0.00,0,2,1791045990261172,imsi-001010123456780,
2026-10-03T16:46:31.261+00:00,1791045991261,51,0,0,gNB:3584,9,0,0,0.00,0.00,0.00,0,2,1791045991261784,imsi-001010123456781,
2026-10-03T16:46:31.261+00:00,1791045991261,51,0,0,gNB:3584,10,0,0,0.00,0.00,0.00,0,2,1791045991261784,imsi-001010123456780,
2026-10-03T16:46:32.261+00:00,1791045992261,52,0,0,gNB:3584,9,0,0,0.00,0.00,0.00,0,2,1791045992261136,imsi-001010123456781,
2026-10-03T16:46:32.261+00:00,1791045992261,52,0,0,gNB:3584,10,0,0,0.00,0.00,0.00,0,2,1791045992261136,imsi-001010123456780,
2026-10-03T16:46:33.261+00:00,1791045993261,53,0,0,gNB:3584,9,66,38,0.00,0.60,0.38,0,12,1791045993261151,imsi-001010123456781,
2026-10-03T16:46:33.261+00:00,1791045993261,53,0,0,gNB:3584,10,66,38,0.00,0.60,0.38,0,13,1791045993261151,imsi-001010123456780,
2026-10-03T16:46:34.261+00:00,1791045994261,54,0,0,gNB:3584,9,0,0,0.00,0.00,0.00,0,2,1791045994261289,imsi-001010123456781,
2026-10-03T16:46:34.261+00:00,1791045994261,54,0,0,gNB:3584,10,0,0,0.00,0.00,0.00,0,2,1791045994261289,imsi-001010123456780,
2026-10-03T16:46:35.261+00:00,1791045995261,55,0,0,gNB:3584,9,0,0,0.00,0.00,0.00,0,2,1791045995261198,imsi-001010123456781,
2026-10-03T16:46:35.261+00:00,1791045995261,55,0,0,gNB:3584,10,0,0,0.00,0.00,0.00,0,2,1791045995261198,imsi-001010123456780,
2026-10-03T16:46:36.263+00:00,1791045996263,56,2,1,gNB:3584,9,0,0,0.00,0.00,0.00,0,2,1791045996262416,imsi-001010123456781,
2026-10-03T16:46:36.263+00:00,1791045996263,56,2,1,gNB:3584,10,0,0,0.00,0.00,0.00,0,2,1791045996262416,imsi-001010123456780,
2026-10-03T16:46:37.261+00:00,1791045997261,57,-2,0,gNB:3584,9,0,0,0.00,0.00,0.00,0,2,1791045997261717,imsi-001010123456781,
2026-10-03T16:46:37.261+00:00,1791045997261,57,-2,0,gNB:3584,10,0,0,0.00,0.00,0.00,0,2,1791045997261717,imsi-001010123456780,
2026-10-03T16:46:38.261+00:00,1791045998261,58,0,0,gNB:3584,9,0,0,0.00,0.00,0.00,0,2,1791045998261302,imsi-001010123456781,
2026-10-03T16:46:38.261+00:00,1791045998261,58,0,0,gNB:3584,10,0,0,0.00,0.00,0.00,0,2,1791045998261302,imsi-001010123456780,
2026-10-03T16:46:39.261+00:00,1791045999261,59,0,0,gNB:3584,9,0,0,0.00,0.00,0.00,0,2,1791045999261076,imsi-001010123456781,
2026-10-03T16:46:39.261+00:00,1791045999261,59,0,0,gNB:3584,10,0,0,0.00,0.00,0.00,0,2,1791045999261076,imsi-001010123456780,
2026-10-03T16:46:40.261+00:00,1791046000261,60,0,0,gNB:3584,9,0,0,0.00,0.00,0.00,0,2,1791046000261045,imsi-001010123456781,
2026-10-03T16:46:40.261+00:00,1791046000261,60,0,0,gNB:3584,10,0,0,0.00,0.00,0.00,0,2,1791046000261045,imsi-001010123456780,
2026-10-03T16:46:41.261+00:00,1791046001261,61,0,0,gNB:3584,9,0,0,0.00,0.00,0.00,0,2,1791046001261189,imsi-001010123456781,
2026-10-03T16:46:41.261+00:00,1791046001261,61,0,0,gNB:3584,10,0,0,0.00,0.00,0.00,0,2,1791046001261189,imsi-001010123456780,
2026-10-03T16:46:42.261+00:00,1791046002261,62,0,0,gNB:3584,9,0,0,0.00,0.00,0.00,0,2,1791046002261123,imsi-001010123456781,
2026-10-03T16:46:42.261+00:00,1791046002261,62,0,0,gNB:3584,10,0,0,0.00,0.00,0.00,0,2,1791046002261123,imsi-001010123456780,
2026-10-03T16:46:43.261+00:00,1791046003261,63,0,0,gNB:3584,9,0,0,0.00,0.00,0.00,0,2,1791046003261107,imsi-001010123456781,
2026-10-03T16:46:43.261+00:00,1791046003261,63,0,0,gNB:3584,10,0,0,0.00,0.00,0.00,0,2,1791046003261107,imsi-001010123456780,
2026-10-03T16:46:44.263+00:00,1791046004263,64,2,0,gNB:3584,9,0,0,0.00,0.00,0.00,0,2,1791046004263738,imsi-001010123456781,
2026-10-03T16:46:44.263+00:00,1791046004263,64,2,0,gNB:3584,10,0,0,0.00,0.00,0.00,0,2,1791046004263738,imsi-001010123456780,
2026-10-03T16:46:45.261+00:00,1791046005261,65,-2,0,gNB:3584,9,0,0,0.00,0.00,0.00,0,1,1791046005261597,imsi-001010123456781,
2026-10-03T16:46:45.261+00:00,1791046005261,65,-2,0,gNB:3584,10,0,49,0.00,0.02,0.44,0,17,1791046005261597,imsi-001010123456780,
2026-10-03T16:46:46.261+00:00,1791046006261,66,0,0,gNB:3584,9,0,0,0.00,0.00,0.00,0,2,1791046006261563,imsi-001010123456781,
2026-10-03T16:46:46.261+00:00,1791046006261,66,0,0,gNB:3584,10,0,0,0.00,0.00,0.00,0,2,1791046006261563,imsi-001010123456780,
2026-10-03T16:46:47.261+00:00,1791046007261,67,0,0,gNB:3584,9,0,0,0.00,0.00,0.00,0,2,1791046007261218,imsi-001010123456781,
2026-10-03T16:46:47.261+00:00,1791046007261,67,0,0,gNB:3584,10,0,0,0.00,0.00,0.00,0,2,1791046007261218,imsi-001010123456780,
2026-10-03T16:46:48.261+00:00,1791046008261,68,0,0,gNB:3584,9,0,0,0.00,0.00,0.00,0,2,1791046008261544,imsi-001010123456781,
2026-10-03T16:46:48.261+00:00,1791046008261,68,0,0,gNB:3584,10,0,0,0.00,0.00,0.00,0,2,1791046008261544,imsi-001010123456780,
2026-10-03T16:46:49.261+00:00,1791046009261,69,0,0,gNB:3584,9,0,49,0.00,0.02,0.44,0,16,1791046009261848,imsi-001010123456781,
2026-10-03T16:46:49.261+00:00,1791046009261,69,0,0,gNB:3584,10,0,0,0.00,0.00,0.00,0,1,1791046009261848,imsi-001010123456780,
2026-10-03T16:46:50.261+00:00,1791046010261,70,0,0,gNB:3584,9,0,0,0.00,0.00,0.00,0,2,1791046010261238,imsi-001010123456781,
2026-10-03T16:46:50.261+00:00,1791046010261,70,0,0,gNB:3584,10,0,0,0.00,0.00,0.00,0,2,1791046010261238,imsi-001010123456780,
2026-10-03T16:46:51.261+00:00,1791046011261,71,0,0,gNB:3584,9,0,0,0.00,0.00,0.00,0,2,1791046011261131,imsi-001010123456781,
2026-10-03T16:46:51.261+00:00,1791046011261,71,0,0,gNB:3584,10,0,0,0.00,0.00,0.00,0,2,1791046011261131,imsi-001010123456780,
2026-10-03T16:46:52.261+00:00,1791046012261,72,0,0,gNB:3584,9,0,0,0.00,0.00,0.00,0,2,1791046012261612,imsi-001010123456781,
2026-10-03T16:46:52.261+00:00,1791046012261,72,0,0,gNB:3584,10,0,0,0.00,0.00,0.00,0,2,1791046012261612,imsi-001010123456780,
2026-10-03T16:46:53.261+00:00,1791046013261,73,0,0,gNB:3584,9,66,38,0.00,0.60,0.38,0,12,1791046013261882,imsi-001010123456781,
2026-10-03T16:46:53.261+00:00,1791046013261,73,0,0,gNB:3584,10,66,38,0.00,0.60,0.42,0,6,1791046013261882,imsi-001010123456780,
2026-10-03T16:46:54.262+00:00,1791046014262,74,1,0,gNB:3584,9,0,0,0.00,0.00,0.00,0,2,1791046014262325,imsi-001010123456781,
2026-10-03T16:46:54.262+00:00,1791046014262,74,1,0,gNB:3584,10,0,0,0.00,0.00,0.00,0,2,1791046014262325,imsi-001010123456780,
2026-10-03T16:46:55.261+00:00,1791046015261,75,-1,0,gNB:3584,9,0,0,0.00,0.00,0.00,0,2,1791046015261792,imsi-001010123456781,
2026-10-03T16:46:55.261+00:00,1791046015261,75,-1,0,gNB:3584,10,0,0,0.00,0.00,0.00,0,2,1791046015261792,imsi-001010123456780,
2026-10-03T16:46:56.261+00:00,1791046016261,76,0,0,gNB:3584,9,0,0,0.00,0.00,0.00,0,2,1791046016261189,imsi-001010123456781,
2026-10-03T16:46:56.261+00:00,1791046016261,76,0,0,gNB:3584,10,0,0,0.00,0.00,0.00,0,2,1791046016261189,imsi-001010123456780,
2026-10-03T16:46:57.261+00:00,1791046017261,77,0,0,gNB:3584,9,0,0,0.00,0.00,0.00,0,2,1791046017261141,imsi-001010123456781,
2026-10-03T16:46:57.261+00:00,1791046017261,77,0,0,gNB:3584,10,0,0,0.00,0.00,0.00,0,2,1791046017261141,imsi-001010123456780,
2026-10-03T16:46:58.262+00:00,1791046018262,78,1,0,gNB:3584,9,0,0,0.00,0.00,0.00,0,2,1791046018262147,imsi-001010123456781,
2026-10-03T16:46:58.262+00:00,1791046018262,78,1,0,gNB:3584,10,0,0,0.00,0.00,0.00,0,2,1791046018262147,imsi-001010123456780,
2026-10-03T16:46:59.261+00:00,1791046019261,79,-1,0,gNB:3584,9,0,0,0.00,0.00,0.00,0,2,1791046019261539,imsi-001010123456781,
2026-10-03T16:46:59.261+00:00,1791046019261,79,-1,0,gNB:3584,10,0,0,0.00,0.00,0.00,0,2,1791046019261539,imsi-001010123456780,
2026-10-03T16:47:00.261+00:00,1791046020261,80,0,0,gNB:3584,9,0,0,0.00,0.00,0.00,0,2,1791046020261459,imsi-001010123456781,
2026-10-03T16:47:00.261+00:00,1791046020261,80,0,0,gNB:3584,10,0,0,0.00,0.00,0.00,0,2,1791046020261459,imsi-001010123456780,
2026-10-03T16:47:01.261+00:00,1791046021261,81,0,0,gNB:3584,9,0,0,0.00,0.00,0.00,0,2,1791046021261450,imsi-001010123456781,
2026-10-03T16:47:01.261+00:00,1791046021261,81,0,0,gNB:3584,10,0,0,0.00,0.00,0.00,0,2,1791046021261450,imsi-001010123456780,
2026-10-03T16:47:02.261+00:00,1791046022261,82,0,0,gNB:3584,9,0,0,0.00,0.00,0.00,0,2,1791046022261146,imsi-001010123456781,
2026-10-03T16:47:02.261+00:00,1791046022261,82,0,0,gNB:3584,10,0,0,0.00,0.00,0.00,0,2,1791046022261146,imsi-001010123456780,
2026-10-03T16:47:03.261+00:00,1791046023261,83,0,0,gNB:3584,9,0,0,0.00,0.00,0.00,0,2,1791046023261106,imsi-001010123456781,
2026-10-03T16:47:03.261+00:00,1791046023261,83,0,0,gNB:3584,10,0,0,0.00,0.00,0.00,0,2,1791046023261106,imsi-001010123456780,
2026-10-03T16:47:04.261+00:00,1791046024261,84,0,0,gNB:3584,9,0,0,0.00,0.00,0.00,0,2,1791046024261140,imsi-001010123456781,
2026-10-03T16:47:04.261+00:00,1791046024261,84,0,0,gNB:3584,10,0,0,0.00,0.00,0.00,0,2,1791046024261140,imsi-001010123456780,
2026-10-03T16:47:05.261+00:00,1791046025261,85,0,0,gNB:3584,9,0,0,0.00,0.00,0.00,0,2,1791046025261087,imsi-001010123456781,
2026-10-03T16:47:05.261+00:00,1791046025261,85,0,0,gNB:3584,10,0,0,0.00,0.00,0.00,0,2,1791046025261087,imsi-001010123456780,
2026-10-03T16:47:06.261+00:00,1791046026261,86,0,0,gNB:3584,9,0,0,0.00,0.00,0.00,0,2,1791046026261231,imsi-001010123456781,
2026-10-03T16:47:06.261+00:00,1791046026261,86,0,0,gNB:3584,10,0,0,0.00,0.00,0.00,0,2,1791046026261231,imsi-001010123456780,
2026-10-03T16:47:07.261+00:00,1791046027261,87,0,0,gNB:3584,9,0,0,0.00,0.00,0.00,0,2,1791046027261092,imsi-001010123456781,
2026-10-03T16:47:07.261+00:00,1791046027261,87,0,0,gNB:3584,10,0,0,0.00,0.00,0.00,0,2,1791046027261092,imsi-001010123456780,
2026-10-03T16:47:08.261+00:00,1791046028261,88,0,0,gNB:3584,9,0,0,0.00,0.00,0.00,0,2,1791046028261141,imsi-001010123456781,
2026-10-03T16:47:08.261+00:00,1791046028261,88,0,0,gNB:3584,10,0,0,0.00,0.00,0.00,0,2,1791046028261141,imsi-001010123456780,
2026-10-03T16:47:09.261+00:00,1791046029261,89,0,0,gNB:3584,9,0,0,0.00,0.00,0.00,0,2,1791046029261153,imsi-001010123456781,
2026-10-03T16:47:09.261+00:00,1791046029261,89,0,0,gNB:3584,10,0,0,0.00,0.00,0.00,0,2,1791046029261153,imsi-001010123456780,
2026-10-03T16:47:10.261+00:00,1791046030261,90,0,0,gNB:3584,9,0,0,0.00,0.00,0.00,0,2,1791046030261640,imsi-001010123456781,
2026-10-03T16:47:10.261+00:00,1791046030261,90,0,0,gNB:3584,10,0,0,0.00,0.00,0.00,0,2,1791046030261640,imsi-001010123456780,
2026-10-03T16:47:11.261+00:00,1791046031261,91,0,0,gNB:3584,9,0,0,0.00,0.00,0.00,0,2,1791046031261626,imsi-001010123456781,
2026-10-03T16:47:11.261+00:00,1791046031261,91,0,0,gNB:3584,10,0,0,0.00,0.00,0.00,0,2,1791046031261626,imsi-001010123456780,
2026-10-03T16:47:12.261+00:00,1791046032261,92,0,0,gNB:3584,9,0,0,0.00,0.00,0.00,0,2,1791046032261296,imsi-001010123456781,
2026-10-03T16:47:12.261+00:00,1791046032261,92,0,0,gNB:3584,10,0,0,0.00,0.00,0.00,0,2,1791046032261296,imsi-001010123456780,
2026-10-03T16:47:13.261+00:00,1791046033261,93,0,0,gNB:3584,9,66,38,0.00,0.60,0.38,0,12,1791046033261031,imsi-001010123456781,
2026-10-03T16:47:13.261+00:00,1791046033261,93,0,0,gNB:3584,10,66,38,0.00,0.60,0.38,0,12,1791046033261031,imsi-001010123456780,
2026-10-03T16:47:14.261+00:00,1791046034261,94,0,0,gNB:3584,9,0,0,0.00,0.00,0.00,0,2,1791046034261088,imsi-001010123456781,
2026-10-03T16:47:14.261+00:00,1791046034261,94,0,0,gNB:3584,10,0,0,0.00,0.00,0.00,0,2,1791046034261088,imsi-001010123456780,
2026-10-03T16:47:15.261+00:00,1791046035261,95,0,0,gNB:3584,9,0,0,0.00,0.00,0.00,0,2,1791046035261200,imsi-001010123456781,
2026-10-03T16:47:15.261+00:00,1791046035261,95,0,0,gNB:3584,10,0,0,0.00,0.00,0.00,0,2,1791046035261200,imsi-001010123456780,
2026-10-03T16:47:16.261+00:00,1791046036261,96,0,0,gNB:3584,9,0,0,0.00,0.00,0.00,0,2,1791046036261063,imsi-001010123456781,
2026-10-03T16:47:16.261+00:00,1791046036261,96,0,0,gNB:3584,10,0,0,0.00,0.00,0.00,0,2,1791046036261063,imsi-001010123456780,
2026-10-03T16:47:17.261+00:00,1791046037261,97,0,0,gNB:3584,9,0,0,0.00,0.00,0.00,0,2,1791046037261034,imsi-001010123456781,
2026-10-03T16:47:17.261+00:00,1791046037261,97,0,0,gNB:3584,10,0,0,0.00,0.00,0.00,0,2,1791046037261034,imsi-001010123456780,
2026-10-03T16:47:18.261+00:00,1791046038261,98,0,0,gNB:3584,9,0,0,0.00,0.00,0.00,0,2,1791046038261068,imsi-001010123456781,
2026-10-03T16:47:18.261+00:00,1791046038261,98,0,0,gNB:3584,10,0,0,0.00,0.00,0.00,0,2,1791046038261068,imsi-001010123456780,
2026-10-03T16:47:19.261+00:00,1791046039261,99,0,0,gNB:3584,9,0,0,0.00,0.00,0.00,0,2,1791046039261219,imsi-001010123456781,
2026-10-03T16:47:19.261+00:00,1791046039261,99,0,0,gNB:3584,10,0,0,0.00,0.00,0.00,0,2,1791046039261219,imsi-001010123456780,
2026-10-03T16:47:20.261+00:00,1791046040261,100,0,0,gNB:3584,9,0,0,0.00,0.00,0.00,0,2,1791046040261123,imsi-001010123456781,
2026-10-03T16:47:20.261+00:00,1791046040261,100,0,0,gNB:3584,10,0,0,0.00,0.00,0.00,0,2,1791046040261123,imsi-001010123456780,
2026-10-03T16:47:21.261+00:00,1791046041261,101,0,0,gNB:3584,9,0,0,0.00,0.00,0.00,0,2,1791046041261099,imsi-001010123456781,
2026-10-03T16:47:21.261+00:00,1791046041261,101,0,0,gNB:3584,10,0,0,0.00,0.00,0.00,0,2,1791046041261099,imsi-001010123456780,
2026-10-03T16:47:22.261+00:00,1791046042261,102,0,0,gNB:3584,9,0,0,0.00,0.00,0.00,0,2,1791046042261405,imsi-001010123456781,
2026-10-03T16:47:22.261+00:00,1791046042261,102,0,0,gNB:3584,10,0,0,0.00,0.00,0.00,0,2,1791046042261405,imsi-001010123456780,
2026-10-03T16:47:23.261+00:00,1791046043261,103,0,0,gNB:3584,9,0,0,0.00,0.00,0.00,0,2,1791046043261107,imsi-001010123456781,
2026-10-03T16:47:23.261+00:00,1791046043261,103,0,0,gNB:3584,10,0,0,0.00,0.00,0.00,0,2,1791046043261107,imsi-001010123456780,
2026-10-03T16:47:24.261+00:00,1791046044261,104,0,0,gNB:3584,9,0,0,0.00,0.00,0.00,0,2,1791046044261071,imsi-001010123456781,
2026-10-03T16:47:24.261+00:00,1791046044261,104,0,0,gNB:3584,10,0,0,0.00,0.00,0.00,0,2,1791046044261071,imsi-001010123456780,
2026-10-03T16:47:25.261+00:00,1791046045261,105,0,0,gNB:3584,9,0,0,0.00,0.00,0.00,0,2,1791046045261168,imsi-001010123456781,
2026-10-03T16:47:25.261+00:00,1791046045261,105,0,0,gNB:3584,10,0,0,0.00,0.00,0.00,0,2,1791046045261168,imsi-001010123456780,
2026-10-03T16:47:26.261+00:00,1791046046261,106,0,0,gNB:3584,9,0,0,0.00,0.00,0.00,0,2,1791046046261107,imsi-001010123456781,
2026-10-03T16:47:26.261+00:00,1791046046261,106,0,0,gNB:3584,10,0,0,0.00,0.00,0.00,0,2,1791046046261107,imsi-001010123456780,
2026-10-03T16:47:27.261+00:00,1791046047261,107,0,0,gNB:3584,9,0,0,0.00,0.00,0.00,0,2,1791046047261105,imsi-001010123456781,
2026-10-03T16:47:27.261+00:00,1791046047261,107,0,0,gNB:3584,10,0,0,0.00,0.00,0.00,0,2,1791046047261105,imsi-001010123456780,
2026-10-03T16:47:28.261+00:00,1791046048261,108,0,0,gNB:3584,9,0,0,0.00,0.00,0.00,0,2,1791046048261742,imsi-001010123456781,
2026-10-03T16:47:28.261+00:00,1791046048261,108,0,0,gNB:3584,10,0,0,0.00,0.00,0.00,0,2,1791046048261742,imsi-001010123456780,
2026-10-03T16:47:29.261+00:00,1791046049261,109,0,0,gNB:3584,9,0,0,0.00,0.00,0.00,0,2,1791046049261094,imsi-001010123456781,
2026-10-03T16:47:29.261+00:00,1791046049261,109,0,0,gNB:3584,10,0,0,0.00,0.00,0.00,0,2,1791046049261094,imsi-001010123456780,
2026-10-03T16:47:30.261+00:00,1791046050261,110,0,0,gNB:3584,9,0,0,0.00,0.00,0.00,0,2,1791046050261074,imsi-001010123456781,
2026-10-03T16:47:30.261+00:00,1791046050261,110,0,0,gNB:3584,10,0,0,0.00,0.00,0.00,0,2,1791046050261074,imsi-001010123456780,
2026-10-03T16:47:31.261+00:00,1791046051261,111,0,0,gNB:3584,9,0,0,0.00,0.00,0.00,0,2,1791046051261343,imsi-001010123456781,
2026-10-03T16:47:31.261+00:00,1791046051261,111,0,0,gNB:3584,10,0,0,0.00,0.00,0.00,0,2,1791046051261343,imsi-001010123456780,
2026-10-03T16:47:32.261+00:00,1791046052261,112,0,0,gNB:3584,9,0,0,0.00,0.00,0.00,0,2,1791046052261086,imsi-001010123456781,
2026-10-03T16:47:32.261+00:00,1791046052261,112,0,0,gNB:3584,10,0,0,0.00,0.00,0.00,0,2,1791046052261086,imsi-001010123456780,
2026-10-03T16:47:33.264+00:00,1791046053264,113,3,3,gNB:3584,9,66,38,0.00,0.60,0.38,0,13,1791046053261058,imsi-001010123456781,
2026-10-03T16:47:33.264+00:00,1791046053264,113,3,3,gNB:3584,10,66,38,0.00,0.60,0.38,0,13,1791046053261058,imsi-001010123456780,
2026-10-03T16:47:34.261+00:00,1791046054261,114,-2,0,gNB:3584,9,0,0,0.00,0.00,0.00,0,2,1791046054261531,imsi-001010123456781,
2026-10-03T16:47:34.261+00:00,1791046054261,114,-2,0,gNB:3584,10,0,0,0.00,0.00,0.00,0,2,1791046054261531,imsi-001010123456780,
2026-10-03T16:47:35.265+00:00,1791046055265,115,4,0,gNB:3584,9,0,0,0.00,0.00,0.00,0,2,1791046055265480,imsi-001010123456781,
2026-10-03T16:47:35.265+00:00,1791046055265,115,4,0,gNB:3584,10,0,0,0.00,0.00,0.00,0,2,1791046055265480,imsi-001010123456780,
2026-10-03T16:47:36.261+00:00,1791046056261,116,-4,0,gNB:3584,9,0,0,0.00,0.00,0.00,0,2,1791046056261616,imsi-001010123456781,
2026-10-03T16:47:36.261+00:00,1791046056261,116,-4,0,gNB:3584,10,0,0,0.00,0.00,0.00,0,2,1791046056261616,imsi-001010123456780,
2026-10-03T16:47:37.261+00:00,1791046057261,117,0,0,gNB:3584,9,0,0,0.00,0.00,0.00,0,2,1791046057261640,imsi-001010123456781,
2026-10-03T16:47:37.261+00:00,1791046057261,117,0,0,gNB:3584,10,0,0,0.00,0.00,0.00,0,2,1791046057261640,imsi-001010123456780,
2026-10-03T16:47:38.261+00:00,1791046058261,118,0,0,gNB:3584,9,0,0,0.00,0.00,0.00,0,2,1791046058261228,imsi-001010123456781,
2026-10-03T16:47:38.261+00:00,1791046058261,118,0,0,gNB:3584,10,0,0,0.00,0.00,0.00,0,2,1791046058261228,imsi-001010123456780,
2026-10-03T16:47:39.261+00:00,1791046059261,119,0,0,gNB:3584,9,0,0,0.00,0.00,0.00,0,2,1791046059261211,imsi-001010123456781,
2026-10-03T16:47:39.261+00:00,1791046059261,119,0,0,gNB:3584,10,0,0,0.00,0.00,0.00,0,2,1791046059261211,imsi-001010123456780,
2026-10-03T16:47:40.262+00:00,1791046060262,120,1,1,gNB:3584,9,0,0,0.00,0.00,0.00,0,2,1791046060261130,imsi-001010123456781,
2026-10-03T16:47:40.262+00:00,1791046060262,120,1,1,gNB:3584,10,0,0,0.00,0.00,0.00,0,2,1791046060261130,imsi-001010123456780,
2026-10-03T16:47:41.261+00:00,1791046061261,121,-1,0,gNB:3584,9,0,0,0.00,0.00,0.00,0,2,1791046061261093,imsi-001010123456781,
2026-10-03T16:47:41.261+00:00,1791046061261,121,-1,0,gNB:3584,10,0,0,0.00,0.00,0.00,0,2,1791046061261093,imsi-001010123456780,
2026-10-03T16:47:42.262+00:00,1791046062262,122,1,1,gNB:3584,9,0,0,0.00,0.00,0.00,0,2,1791046062261139,imsi-001010123456781,
2026-10-03T16:47:42.262+00:00,1791046062262,122,1,1,gNB:3584,10,0,0,0.00,0.00,0.00,0,2,1791046062261139,imsi-001010123456780,
2026-10-03T16:47:43.262+00:00,1791046063262,123,0,1,gNB:3584,9,0,0,0.00,0.00,0.00,0,2,1791046063261024,imsi-001010123456781,
2026-10-03T16:47:43.262+00:00,1791046063262,123,0,1,gNB:3584,10,0,0,0.00,0.00,0.00,0,2,1791046063261024,imsi-001010123456780,
2026-10-03T16:47:44.263+00:00,1791046064263,124,1,0,gNB:3584,9,0,0,0.00,0.00,0.00,0,2,1791046064263303,imsi-001010123456781,
2026-10-03T16:47:44.263+00:00,1791046064263,124,1,0,gNB:3584,10,0,0,0.00,0.00,0.00,0,2,1791046064263303,imsi-001010123456780,
2026-10-03T16:47:45.262+00:00,1791046065262,125,-1,1,gNB:3584,9,0,0,0.00,0.00,0.00,0,2,1791046065261820,imsi-001010123456781,
2026-10-03T16:47:45.262+00:00,1791046065262,125,-1,1,gNB:3584,10,0,0,0.00,0.00,0.00,0,2,1791046065261820,imsi-001010123456780,
2026-10-03T16:47:46.262+00:00,1791046066262,126,0,0,gNB:3584,9,0,0,0.00,0.00,0.00,0,2,1791046066262634,imsi-001010123456781,
2026-10-03T16:47:46.262+00:00,1791046066262,126,0,0,gNB:3584,10,0,0,0.00,0.00,0.00,0,2,1791046066262634,imsi-001010123456780,
2026-10-03T16:47:47.261+00:00,1791046067261,127,-1,0,gNB:3584,9,0,0,0.00,0.00,0.00,0,2,1791046067261117,imsi-001010123456781,
2026-10-03T16:47:47.261+00:00,1791046067261,127,-1,0,gNB:3584,10,0,0,0.00,0.00,0.00,0,2,1791046067261117,imsi-001010123456780,
2026-10-03T16:47:48.261+00:00,1791046068261,128,0,0,gNB:3584,9,0,0,0.00,0.00,0.00,0,2,1791046068261062,imsi-001010123456781,
2026-10-03T16:47:48.261+00:00,1791046068261,128,0,0,gNB:3584,10,0,0,0.00,0.00,0.00,0,2,1791046068261062,imsi-001010123456780,
2026-10-03T16:47:49.261+00:00,1791046069261,129,0,0,gNB:3584,9,0,0,0.00,0.00,0.00,0,2,1791046069261106,imsi-001010123456781,
2026-10-03T16:47:49.261+00:00,1791046069261,129,0,0,gNB:3584,10,0,0,0.00,0.00,0.00,0,2,1791046069261106,imsi-001010123456780,
2026-10-03T16:47:50.261+00:00,1791046070261,130,0,0,gNB:3584,9,0,0,0.00,0.00,0.00,0,2,1791046070261245,imsi-001010123456781,
2026-10-03T16:47:50.261+00:00,1791046070261,130,0,0,gNB:3584,10,0,0,0.00,0.00,0.00,0,2,1791046070261245,imsi-001010123456780,
2026-10-03T16:47:51.261+00:00,1791046071261,131,0,0,gNB:3584,9,0,0,0.00,0.00,0.00,0,2,1791046071261376,imsi-001010123456781,
2026-10-03T16:47:51.261+00:00,1791046071261,131,0,0,gNB:3584,10,0,0,0.00,0.00,0.00,0,2,1791046071261376,imsi-001010123456780,
2026-10-03T16:47:52.261+00:00,1791046072261,132,0,0,gNB:3584,9,0,0,0.00,0.00,0.00,0,2,1791046072261184,imsi-001010123456781,
2026-10-03T16:47:52.261+00:00,1791046072261,132,0,0,gNB:3584,10,0,0,0.00,0.00,0.00,0,2,1791046072261184,imsi-001010123456780,
2026-10-03T16:47:53.261+00:00,1791046073261,133,0,0,gNB:3584,9,66,38,0.00,0.60,0.42,0,6,1791046073261511,imsi-001010123456781,
2026-10-03T16:47:53.261+00:00,1791046073261,133,0,0,gNB:3584,10,66,38,0.00,0.60,0.42,0,9,1791046073261511,imsi-001010123456780,
2026-10-03T16:47:54.261+00:00,1791046074261,134,0,0,gNB:3584,9,0,0,0.00,0.00,0.00,0,1,1791046074261128,imsi-001010123456781,
2026-10-03T16:47:54.261+00:00,1791046074261,134,0,0,gNB:3584,10,0,49,0.00,0.02,0.44,0,17,1791046074261128,imsi-001010123456780,
2026-10-03T16:47:55.261+00:00,1791046075261,135,0,0,gNB:3584,9,0,0,0.00,0.00,0.00,0,2,1791046075261612,imsi-001010123456781,
2026-10-03T16:47:55.261+00:00,1791046075261,135,0,0,gNB:3584,10,0,0,0.00,0.00,0.00,0,2,1791046075261612,imsi-001010123456780,
2026-10-03T16:47:56.261+00:00,1791046076261,136,0,0,gNB:3584,9,0,0,0.00,0.00,0.00,0,2,1791046076261359,imsi-001010123456781,
2026-10-03T16:47:56.261+00:00,1791046076261,136,0,0,gNB:3584,10,0,0,0.00,0.00,0.00,0,2,1791046076261359,imsi-001010123456780,
2026-10-03T16:47:57.261+00:00,1791046077261,137,0,0,gNB:3584,9,0,0,0.00,0.00,0.00,0,2,1791046077261079,imsi-001010123456781,
2026-10-03T16:47:57.261+00:00,1791046077261,137,0,0,gNB:3584,10,0,0,0.00,0.00,0.00,0,2,1791046077261079,imsi-001010123456780,
2026-10-03T16:47:58.261+00:00,1791046078261,138,0,0,gNB:3584,9,0,0,0.00,0.00,0.00,0,2,1791046078261087,imsi-001010123456781,
2026-10-03T16:47:58.261+00:00,1791046078261,138,0,0,gNB:3584,10,0,0,0.00,0.00,0.00,0,2,1791046078261087,imsi-001010123456780,
2026-10-03T16:47:59.261+00:00,1791046079261,139,0,0,gNB:3584,9,0,0,0.00,0.00,0.00,0,2,1791046079261725,imsi-001010123456781,
2026-10-03T16:47:59.261+00:00,1791046079261,139,0,0,gNB:3584,10,0,0,0.00,0.00,0.00,0,2,1791046079261725,imsi-001010123456780,
2026-10-03T16:48:00.261+00:00,1791046080261,140,0,0,gNB:3584,9,0,0,0.00,0.00,0.00,0,2,1791046080261448,imsi-001010123456781,
2026-10-03T16:48:00.261+00:00,1791046080261,140,0,0,gNB:3584,10,0,0,0.00,0.00,0.00,0,2,1791046080261448,imsi-001010123456780,
2026-10-03T16:48:01.261+00:00,1791046081261,141,0,0,gNB:3584,9,0,0,0.00,0.00,0.00,0,2,1791046081261644,imsi-001010123456781,
2026-10-03T16:48:01.261+00:00,1791046081261,141,0,0,gNB:3584,10,0,0,0.00,0.00,0.00,0,2,1791046081261644,imsi-001010123456780,
2026-10-03T16:48:02.262+00:00,1791046082262,142,1,1,gNB:3584,9,0,0,0.00,0.00,0.00,0,2,1791046082261142,imsi-001010123456781,
2026-10-03T16:48:02.262+00:00,1791046082262,142,1,1,gNB:3584,10,0,0,0.00,0.00,0.00,0,2,1791046082261142,imsi-001010123456780,
2026-10-03T16:48:03.261+00:00,1791046083261,143,-1,0,gNB:3584,9,0,0,0.00,0.00,0.00,0,2,1791046083261042,imsi-001010123456781,
2026-10-03T16:48:03.261+00:00,1791046083261,143,-1,0,gNB:3584,10,0,0,0.00,0.00,0.00,0,2,1791046083261042,imsi-001010123456780,
2026-10-03T16:48:04.261+00:00,1791046084261,144,0,0,gNB:3584,9,0,0,0.00,0.00,0.00,0,2,1791046084261045,imsi-001010123456781,
2026-10-03T16:48:04.261+00:00,1791046084261,144,0,0,gNB:3584,10,0,0,0.00,0.00,0.00,0,2,1791046084261045,imsi-001010123456780,
2026-10-03T16:48:05.261+00:00,1791046085261,145,0,0,gNB:3584,9,0,0,0.00,0.00,0.00,0,2,1791046085261090,imsi-001010123456781,
2026-10-03T16:48:05.261+00:00,1791046085261,145,0,0,gNB:3584,10,0,0,0.00,0.00,0.00,0,2,1791046085261090,imsi-001010123456780,
2026-10-03T16:48:06.261+00:00,1791046086261,146,0,0,gNB:3584,9,0,0,0.00,0.00,0.00,0,2,1791046086261432,imsi-001010123456781,
2026-10-03T16:48:06.261+00:00,1791046086261,146,0,0,gNB:3584,10,0,0,0.00,0.00,0.00,0,2,1791046086261432,imsi-001010123456780,
2026-10-03T16:48:07.261+00:00,1791046087261,147,0,0,gNB:3584,9,0,49,0.00,0.02,0.48,0,10,1791046087261036,imsi-001010123456781,
2026-10-03T16:48:07.261+00:00,1791046087261,147,0,0,gNB:3584,10,0,0,0.00,0.00,0.00,0,1,1791046087261036,imsi-001010123456780,
2026-10-03T16:48:08.261+00:00,1791046088261,148,0,0,gNB:3584,9,0,0,0.00,0.00,0.00,0,2,1791046088261062,imsi-001010123456781,
2026-10-03T16:48:08.261+00:00,1791046088261,148,0,0,gNB:3584,10,0,0,0.00,0.00,0.00,0,2,1791046088261062,imsi-001010123456780,
2026-10-03T16:48:09.261+00:00,1791046089261,149,0,0,gNB:3584,9,0,0,0.00,0.00,0.00,0,2,1791046089261560,imsi-001010123456781,
2026-10-03T16:48:09.261+00:00,1791046089261,149,0,0,gNB:3584,10,0,0,0.00,0.00,0.00,0,2,1791046089261560,imsi-001010123456780,
2026-10-03T16:48:10.261+00:00,1791046090261,150,0,0,gNB:3584,9,0,0,0.00,0.00,0.00,0,2,1791046090261071,imsi-001010123456781,
2026-10-03T16:48:10.261+00:00,1791046090261,150,0,0,gNB:3584,10,0,0,0.00,0.00,0.00,0,2,1791046090261071,imsi-001010123456780,
2026-10-03T16:48:11.261+00:00,1791046091261,151,0,0,gNB:3584,9,0,0,0.00,0.00,0.00,0,2,1791046091261079,imsi-001010123456781,
2026-10-03T16:48:11.261+00:00,1791046091261,151,0,0,gNB:3584,10,0,0,0.00,0.00,0.00,0,2,1791046091261079,imsi-001010123456780,
2026-10-03T16:48:12.261+00:00,1791046092261,152,0,0,gNB:3584,9,0,0,0.00,0.00,0.00,0,2,1791046092261607,imsi-001010123456781,
2026-10-03T16:48:12.261+00:00,1791046092261,152,0,0,gNB:3584,10,0,0,0.00,0.00,0.00,0,2,1791046092261607,imsi-001010123456780,
2026-10-03T16:48:13.261+00:00,1791046093261,153,0,0,gNB:3584,9,66,38,0.00,0.60,0.38,0,12,1791046093261103,imsi-001010123456781,
2026-10-03T16:48:13.261+00:00,1791046093261,153,0,0,gNB:3584,10,66,38,0.00,0.60,0.38,0,13,1791046093261103,imsi-001010123456780,
2026-10-03T16:48:14.261+00:00,1791046094261,154,0,0,gNB:3584,9,0,0,0.00,0.00,0.00,0,2,1791046094261089,imsi-001010123456781,
2026-10-03T16:48:14.261+00:00,1791046094261,154,0,0,gNB:3584,10,0,0,0.00,0.00,0.00,0,2,1791046094261089,imsi-001010123456780,
2026-10-03T16:48:15.261+00:00,1791046095261,155,0,0,gNB:3584,9,0,0,0.00,0.00,0.00,0,2,1791046095261117,imsi-001010123456781,
2026-10-03T16:48:15.261+00:00,1791046095261,155,0,0,gNB:3584,10,0,0,0.00,0.00,0.00,0,2,1791046095261117,imsi-001010123456780,
2026-10-03T16:48:16.261+00:00,1791046096261,156,0,0,gNB:3584,9,0,0,0.00,0.00,0.00,0,2,1791046096261370,imsi-001010123456781,
2026-10-03T16:48:16.261+00:00,1791046096261,156,0,0,gNB:3584,10,0,0,0.00,0.00,0.00,0,2,1791046096261370,imsi-001010123456780,
2026-10-03T16:48:17.261+00:00,1791046097261,157,0,0,gNB:3584,9,0,0,0.00,0.00,0.00,0,2,1791046097261094,imsi-001010123456781,
2026-10-03T16:48:17.261+00:00,1791046097261,157,0,0,gNB:3584,10,0,0,0.00,0.00,0.00,0,2,1791046097261094,imsi-001010123456780,
2026-10-03T16:48:18.264+00:00,1791046098264,158,3,3,gNB:3584,9,0,0,0.00,0.00,0.00,0,2,1791046098261561,imsi-001010123456781,
2026-10-03T16:48:18.264+00:00,1791046098264,158,3,3,gNB:3584,10,0,0,0.00,0.00,0.00,0,2,1791046098261561,imsi-001010123456780,
2026-10-03T16:48:19.261+00:00,1791046099261,159,-3,0,gNB:3584,9,0,0,0.00,0.00,0.00,0,2,1791046099261664,imsi-001010123456781,
2026-10-03T16:48:19.261+00:00,1791046099261,159,-3,0,gNB:3584,10,0,0,0.00,0.00,0.00,0,2,1791046099261664,imsi-001010123456780,
2026-10-03T16:48:20.261+00:00,1791046100261,160,0,0,gNB:3584,9,0,0,0.00,0.00,0.00,0,2,1791046100261581,imsi-001010123456781,
2026-10-03T16:48:20.261+00:00,1791046100261,160,0,0,gNB:3584,10,0,0,0.00,0.00,0.00,0,2,1791046100261581,imsi-001010123456780,
2026-10-03T16:48:21.263+00:00,1791046101263,161,2,0,gNB:3584,9,0,0,0.00,0.00,0.00,0,2,1791046101263318,imsi-001010123456781,
2026-10-03T16:48:21.263+00:00,1791046101263,161,2,0,gNB:3584,10,0,0,0.00,0.00,0.00,0,2,1791046101263318,imsi-001010123456780,
2026-10-03T16:48:22.261+00:00,1791046102261,162,-2,0,gNB:3584,9,0,0,0.00,0.00,0.00,0,2,1791046102261772,imsi-001010123456781,
2026-10-03T16:48:22.261+00:00,1791046102261,162,-2,0,gNB:3584,10,0,0,0.00,0.00,0.00,0,2,1791046102261772,imsi-001010123456780,
2026-10-03T16:48:23.261+00:00,1791046103261,163,0,0,gNB:3584,9,0,0,0.00,0.00,0.00,0,2,1791046103261558,imsi-001010123456781,
2026-10-03T16:48:23.261+00:00,1791046103261,163,0,0,gNB:3584,10,0,0,0.00,0.00,0.00,0,2,1791046103261558,imsi-001010123456780,
2026-10-03T16:48:24.261+00:00,1791046104261,164,0,0,gNB:3584,9,0,0,0.00,0.00,0.00,0,2,1791046104261536,imsi-001010123456781,
2026-10-03T16:48:24.261+00:00,1791046104261,164,0,0,gNB:3584,10,0,0,0.00,0.00,0.00,0,2,1791046104261536,imsi-001010123456780,
2026-10-03T16:48:25.261+00:00,1791046105261,165,0,0,gNB:3584,9,0,0,0.00,0.00,0.00,0,2,1791046105261593,imsi-001010123456781,
2026-10-03T16:48:25.261+00:00,1791046105261,165,0,0,gNB:3584,10,0,0,0.00,0.00,0.00,0,2,1791046105261593,imsi-001010123456780,
2026-10-03T16:48:26.261+00:00,1791046106261,166,0,0,gNB:3584,9,0,0,0.00,0.00,0.00,0,2,1791046106261268,imsi-001010123456781,
2026-10-03T16:48:26.261+00:00,1791046106261,166,0,0,gNB:3584,10,0,0,0.00,0.00,0.00,0,2,1791046106261268,imsi-001010123456780,
2026-10-03T16:48:27.261+00:00,1791046107261,167,0,0,gNB:3584,9,0,0,0.00,0.00,0.00,0,2,1791046107261050,imsi-001010123456781,
2026-10-03T16:48:27.261+00:00,1791046107261,167,0,0,gNB:3584,10,0,0,0.00,0.00,0.00,0,2,1791046107261050,imsi-001010123456780,
2026-10-03T16:48:28.261+00:00,1791046108261,168,0,0,gNB:3584,9,0,0,0.00,0.00,0.00,0,2,1791046108261086,imsi-001010123456781,
2026-10-03T16:48:28.261+00:00,1791046108261,168,0,0,gNB:3584,10,0,0,0.00,0.00,0.00,0,2,1791046108261086,imsi-001010123456780,
2026-10-03T16:48:29.261+00:00,1791046109261,169,0,0,gNB:3584,9,0,0,0.00,0.00,0.00,0,2,1791046109261083,imsi-001010123456781,
2026-10-03T16:48:29.261+00:00,1791046109261,169,0,0,gNB:3584,10,0,0,0.00,0.00,0.00,0,2,1791046109261083,imsi-001010123456780,
2026-10-03T16:48:30.261+00:00,1791046110261,170,0,0,gNB:3584,9,0,0,0.00,0.00,0.00,0,2,1791046110261084,imsi-001010123456781,
2026-10-03T16:48:30.261+00:00,1791046110261,170,0,0,gNB:3584,10,0,0,0.00,0.00,0.00,0,2,1791046110261084,imsi-001010123456780,
2026-10-03T16:48:31.261+00:00,1791046111261,171,0,0,gNB:3584,9,0,0,0.00,0.00,0.00,0,2,1791046111261067,imsi-001010123456781,
2026-10-03T16:48:31.261+00:00,1791046111261,171,0,0,gNB:3584,10,0,0,0.00,0.00,0.00,0,2,1791046111261067,imsi-001010123456780,
2026-10-03T16:48:32.261+00:00,1791046112261,172,0,0,gNB:3584,9,0,0,0.00,0.00,0.00,0,2,1791046112261074,imsi-001010123456781,
2026-10-03T16:48:32.261+00:00,1791046112261,172,0,0,gNB:3584,10,0,0,0.00,0.00,0.00,0,2,1791046112261074,imsi-001010123456780,
2026-10-03T16:48:33.261+00:00,1791046113261,173,0,0,gNB:3584,9,66,38,0.00,0.60,0.38,0,12,1791046113261122,imsi-001010123456781,
2026-10-03T16:48:33.261+00:00,1791046113261,173,0,0,gNB:3584,10,66,38,0.00,0.60,0.38,0,12,1791046113261122,imsi-001010123456780,
2026-10-03T16:48:34.261+00:00,1791046114261,174,0,0,gNB:3584,9,0,0,0.00,0.00,0.00,0,2,1791046114261054,imsi-001010123456781,
2026-10-03T16:48:34.261+00:00,1791046114261,174,0,0,gNB:3584,10,0,0,0.00,0.00,0.00,0,2,1791046114261054,imsi-001010123456780,
2026-10-03T16:48:35.261+00:00,1791046115261,175,0,0,gNB:3584,9,0,0,0.00,0.00,0.00,0,2,1791046115261095,imsi-001010123456781,
2026-10-03T16:48:35.261+00:00,1791046115261,175,0,0,gNB:3584,10,0,0,0.00,0.00,0.00,0,2,1791046115261095,imsi-001010123456780,
2026-10-03T16:48:36.261+00:00,1791046116261,176,0,0,gNB:3584,9,0,0,0.00,0.00,0.00,0,2,1791046116261081,imsi-001010123456781,
2026-10-03T16:48:36.261+00:00,1791046116261,176,0,0,gNB:3584,10,0,0,0.00,0.00,0.00,0,2,1791046116261081,imsi-001010123456780,
2026-10-03T16:48:37.261+00:00,1791046117261,177,0,0,gNB:3584,9,0,0,0.00,0.00,0.00,0,2,1791046117261227,imsi-001010123456781,
2026-10-03T16:48:37.261+00:00,1791046117261,177,0,0,gNB:3584,10,0,0,0.00,0.00,0.00,0,2,1791046117261227,imsi-001010123456780,
2026-10-03T16:48:38.261+00:00,1791046118261,178,0,0,gNB:3584,9,0,0,0.00,0.00,0.00,0,2,1791046118261545,imsi-001010123456781,
2026-10-03T16:48:38.261+00:00,1791046118261,178,0,0,gNB:3584,10,0,0,0.00,0.00,0.00,0,2,1791046118261545,imsi-001010123456780,
2026-10-03T16:48:39.261+00:00,1791046119261,179,0,0,gNB:3584,9,0,0,0.00,0.00,0.00,0,2,1791046119261926,imsi-001010123456781,
2026-10-03T16:48:39.261+00:00,1791046119261,179,0,0,gNB:3584,10,0,0,0.00,0.00,0.00,0,2,1791046119261926,imsi-001010123456780,
2026-10-03T16:48:40.263+00:00,1791046120263,180,2,0,gNB:3584,9,0,0,0.00,0.00,0.00,0,2,1791046120263603,imsi-001010123456781,
2026-10-03T16:48:40.263+00:00,1791046120263,180,2,0,gNB:3584,10,0,0,0.00,0.00,0.00,0,2,1791046120263603,imsi-001010123456780,
2026-10-03T16:48:41.262+00:00,1791046121262,181,-1,0,gNB:3584,9,0,0,0.00,0.00,0.00,0,2,1791046121262404,imsi-001010123456781,
2026-10-03T16:48:41.262+00:00,1791046121262,181,-1,0,gNB:3584,10,0,0,0.00,0.00,0.00,0,2,1791046121262404,imsi-001010123456780,
2026-10-03T16:48:42.261+00:00,1791046122261,182,-1,0,gNB:3584,9,0,0,0.00,0.00,0.00,0,2,1791046122261275,imsi-001010123456781,
2026-10-03T16:48:42.261+00:00,1791046122261,182,-1,0,gNB:3584,10,0,0,0.00,0.00,0.00,0,2,1791046122261275,imsi-001010123456780,
2026-10-03T16:48:43.261+00:00,1791046123261,183,0,0,gNB:3584,9,0,0,0.00,0.00,0.00,0,2,1791046123261091,imsi-001010123456781,
2026-10-03T16:48:43.261+00:00,1791046123261,183,0,0,gNB:3584,10,0,0,0.00,0.00,0.00,0,2,1791046123261091,imsi-001010123456780,
2026-10-03T16:48:44.261+00:00,1791046124261,184,0,0,gNB:3584,9,0,0,0.00,0.00,0.00,0,2,1791046124261136,imsi-001010123456781,
2026-10-03T16:48:44.261+00:00,1791046124261,184,0,0,gNB:3584,10,0,0,0.00,0.00,0.00,0,2,1791046124261136,imsi-001010123456780,
2026-10-03T16:48:45.261+00:00,1791046125261,185,0,0,gNB:3584,9,0,0,0.00,0.00,0.00,0,2,1791046125261119,imsi-001010123456781,
2026-10-03T16:48:45.261+00:00,1791046125261,185,0,0,gNB:3584,10,0,0,0.00,0.00,0.00,0,2,1791046125261119,imsi-001010123456780,
2026-10-03T16:48:46.262+00:00,1791046126262,186,1,0,gNB:3584,9,0,0,0.00,0.00,0.00,0,2,1791046126262492,imsi-001010123456781,
2026-10-03T16:48:46.262+00:00,1791046126262,186,1,0,gNB:3584,10,0,0,0.00,0.00,0.00,0,2,1791046126262492,imsi-001010123456780,
2026-10-03T16:48:47.261+00:00,1791046127261,187,-1,0,gNB:3584,9,0,0,0.00,0.00,0.00,0,2,1791046127261039,imsi-001010123456781,
2026-10-03T16:48:47.261+00:00,1791046127261,187,-1,0,gNB:3584,10,0,0,0.00,0.00,0.00,0,2,1791046127261039,imsi-001010123456780,
2026-10-03T16:48:48.261+00:00,1791046128261,188,0,0,gNB:3584,9,0,0,0.00,0.00,0.00,0,2,1791046128261741,imsi-001010123456781,
2026-10-03T16:48:48.261+00:00,1791046128261,188,0,0,gNB:3584,10,0,0,0.00,0.00,0.00,0,2,1791046128261741,imsi-001010123456780,
2026-10-03T16:48:49.261+00:00,1791046129261,189,0,0,gNB:3584,9,0,0,0.00,0.00,0.00,0,2,1791046129261781,imsi-001010123456781,
2026-10-03T16:48:49.261+00:00,1791046129261,189,0,0,gNB:3584,10,0,0,0.00,0.00,0.00,0,2,1791046129261781,imsi-001010123456780,
2026-10-03T16:48:50.261+00:00,1791046130261,190,0,0,gNB:3584,9,0,0,0.00,0.00,0.00,0,2,1791046130261354,imsi-001010123456781,
2026-10-03T16:48:50.261+00:00,1791046130261,190,0,0,gNB:3584,10,0,0,0.00,0.00,0.00,0,2,1791046130261354,imsi-001010123456780,
2026-10-03T16:48:51.261+00:00,1791046131261,191,0,0,gNB:3584,9,0,0,0.00,0.00,0.00,0,2,1791046131261093,imsi-001010123456781,
2026-10-03T16:48:51.261+00:00,1791046131261,191,0,0,gNB:3584,10,0,0,0.00,0.00,0.00,0,2,1791046131261093,imsi-001010123456780,
2026-10-03T16:48:52.261+00:00,1791046132261,192,0,0,gNB:3584,9,0,0,0.00,0.00,0.00,0,2,1791046132261103,imsi-001010123456781,
2026-10-03T16:48:52.261+00:00,1791046132261,192,0,0,gNB:3584,10,0,0,0.00,0.00,0.00,0,2,1791046132261103,imsi-001010123456780,
2026-10-03T16:48:53.261+00:00,1791046133261,193,0,0,gNB:3584,9,66,38,0.00,0.60,0.38,0,11,1791046133261091,imsi-001010123456781,
2026-10-03T16:48:53.261+00:00,1791046133261,193,0,0,gNB:3584,10,66,38,0.00,0.60,0.38,0,11,1791046133261091,imsi-001010123456780,
2026-10-03T16:48:54.261+00:00,1791046134261,194,0,0,gNB:3584,9,0,0,0.00,0.00,0.00,0,2,1791046134261234,imsi-001010123456781,
2026-10-03T16:48:54.261+00:00,1791046134261,194,0,0,gNB:3584,10,0,0,0.00,0.00,0.00,0,2,1791046134261234,imsi-001010123456780,
2026-10-03T16:48:55.261+00:00,1791046135261,195,0,0,gNB:3584,9,0,0,0.00,0.00,0.00,0,2,1791046135261123,imsi-001010123456781,
2026-10-03T16:48:55.261+00:00,1791046135261,195,0,0,gNB:3584,10,0,0,0.00,0.00,0.00,0,2,1791046135261123,imsi-001010123456780,
2026-10-03T16:48:56.261+00:00,1791046136261,196,0,0,gNB:3584,9,0,0,0.00,0.00,0.00,0,2,1791046136261105,imsi-001010123456781,
2026-10-03T16:48:56.261+00:00,1791046136261,196,0,0,gNB:3584,10,0,0,0.00,0.00,0.00,0,2,1791046136261105,imsi-001010123456780,
2026-10-03T16:48:57.261+00:00,1791046137261,197,0,0,gNB:3584,9,0,0,0.00,0.00,0.00,0,2,1791046137261082,imsi-001010123456781,
2026-10-03T16:48:57.261+00:00,1791046137261,197,0,0,gNB:3584,10,0,0,0.00,0.00,0.00,0,2,1791046137261082,imsi-001010123456780,
2026-10-03T16:48:58.261+00:00,1791046138261,198,0,0,gNB:3584,9,0,0,0.00,0.00,0.00,0,2,1791046138261515,imsi-001010123456781,
2026-10-03T16:48:58.261+00:00,1791046138261,198,0,0,gNB:3584,10,0,0,0.00,0.00,0.00,0,2,1791046138261515,imsi-001010123456780,
2026-10-03T16:48:59.261+00:00,1791046139261,199,0,0,gNB:3584,9,0,0,0.00,0.00,0.00,0,2,1791046139261192,imsi-001010123456781,
2026-10-03T16:48:59.261+00:00,1791046139261,199,0,0,gNB:3584,10,0,0,0.00,0.00,0.00,0,2,1791046139261192,imsi-001010123456780,
2026-10-03T16:49:00.261+00:00,1791046140261,200,0,0,gNB:3584,9,0,0,0.00,0.00,0.00,0,2,1791046140261807,imsi-001010123456781,
2026-10-03T16:49:00.261+00:00,1791046140261,200,0,0,gNB:3584,10,0,0,0.00,0.00,0.00,0,2,1791046140261807,imsi-001010123456780,
2026-10-03T16:49:01.261+00:00,1791046141261,201,0,0,gNB:3584,9,0,0,0.00,0.00,0.00,0,2,1791046141261083,imsi-001010123456781,
2026-10-03T16:49:01.261+00:00,1791046141261,201,0,0,gNB:3584,10,0,0,0.00,0.00,0.00,0,2,1791046141261083,imsi-001010123456780,
2026-10-03T16:49:02.261+00:00,1791046142261,202,0,0,gNB:3584,9,0,0,0.00,0.00,0.00,0,2,1791046142261125,imsi-001010123456781,
2026-10-03T16:49:02.261+00:00,1791046142261,202,0,0,gNB:3584,10,0,0,0.00,0.00,0.00,0,2,1791046142261125,imsi-001010123456780,
2026-10-03T16:49:03.261+00:00,1791046143261,203,0,0,gNB:3584,9,0,0,0.00,0.00,0.00,0,2,1791046143261148,imsi-001010123456781,
2026-10-03T16:49:03.261+00:00,1791046143261,203,0,0,gNB:3584,10,0,0,0.00,0.00,0.00,0,2,1791046143261148,imsi-001010123456780,
2026-10-03T16:49:04.262+00:00,1791046144262,204,1,0,gNB:3584,9,0,0,0.00,0.00,0.00,0,2,1791046144262135,imsi-001010123456781,
2026-10-03T16:49:04.262+00:00,1791046144262,204,1,0,gNB:3584,10,0,0,0.00,0.00,0.00,0,2,1791046144262135,imsi-001010123456780,
2026-10-03T16:49:05.261+00:00,1791046145261,205,-1,0,gNB:3584,9,0,0,0.00,0.00,0.00,0,2,1791046145261899,imsi-001010123456781,
2026-10-03T16:49:05.261+00:00,1791046145261,205,-1,0,gNB:3584,10,0,0,0.00,0.00,0.00,0,2,1791046145261899,imsi-001010123456780,
2026-10-03T16:49:06.261+00:00,1791046146261,206,0,0,gNB:3584,9,0,0,0.00,0.00,0.00,0,2,1791046146261644,imsi-001010123456781,
2026-10-03T16:49:06.261+00:00,1791046146261,206,0,0,gNB:3584,10,0,0,0.00,0.00,0.00,0,2,1791046146261644,imsi-001010123456780,
2026-10-03T16:49:07.261+00:00,1791046147261,207,0,0,gNB:3584,9,0,0,0.00,0.00,0.00,0,2,1791046147261543,imsi-001010123456781,
2026-10-03T16:49:07.261+00:00,1791046147261,207,0,0,gNB:3584,10,0,0,0.00,0.00,0.00,0,2,1791046147261543,imsi-001010123456780,
2026-10-03T16:49:08.261+00:00,1791046148261,208,0,0,gNB:3584,9,0,0,0.00,0.00,0.00,0,2,1791046148261286,imsi-001010123456781,
2026-10-03T16:49:08.261+00:00,1791046148261,208,0,0,gNB:3584,10,0,0,0.00,0.00,0.00,0,2,1791046148261286,imsi-001010123456780,
2026-10-03T16:49:09.261+00:00,1791046149261,209,0,0,gNB:3584,9,0,0,0.00,0.00,0.00,0,2,1791046149261270,imsi-001010123456781,
2026-10-03T16:49:09.261+00:00,1791046149261,209,0,0,gNB:3584,10,0,0,0.00,0.00,0.00,0,2,1791046149261270,imsi-001010123456780,
2026-10-03T16:49:10.261+00:00,1791046150261,210,0,0,gNB:3584,9,0,0,0.00,0.00,0.00,0,2,1791046150261143,imsi-001010123456781,
2026-10-03T16:49:10.261+00:00,1791046150261,210,0,0,gNB:3584,10,0,0,0.00,0.00,0.00,0,2,1791046150261143,imsi-001010123456780,
2026-10-03T16:49:11.261+00:00,1791046151261,211,0,0,gNB:3584,9,0,0,0.00,0.00,0.00,0,2,1791046151261368,imsi-001010123456781,
2026-10-03T16:49:11.261+00:00,1791046151261,211,0,0,gNB:3584,10,0,0,0.00,0.00,0.00,0,2,1791046151261368,imsi-001010123456780,
2026-10-03T16:49:12.264+00:00,1791046152264,212,3,1,gNB:3584,9,0,0,0.00,0.00,0.00,0,2,1791046152263577,imsi-001010123456781,
2026-10-03T16:49:12.264+00:00,1791046152264,212,3,1,gNB:3584,10,0,0,0.00,0.00,0.00,0,2,1791046152263577,imsi-001010123456780,
2026-10-03T16:49:13.261+00:00,1791046153261,213,-4,0,gNB:3584,9,66,38,0.00,0.60,0.42,0,7,1791046153261455,imsi-001010123456781,
2026-10-03T16:49:13.261+00:00,1791046153261,213,-4,0,gNB:3584,10,66,38,0.00,0.60,0.38,0,14,1791046153261455,imsi-001010123456780,
2026-10-03T16:49:14.261+00:00,1791046154261,214,0,0,gNB:3584,9,0,0,0.00,0.00,0.00,0,2,1791046154261307,imsi-001010123456781,
2026-10-03T16:49:14.261+00:00,1791046154261,214,0,0,gNB:3584,10,0,0,0.00,0.00,0.00,0,2,1791046154261307,imsi-001010123456780,
2026-10-03T16:49:15.261+00:00,1791046155261,215,0,0,gNB:3584,9,0,0,0.00,0.00,0.00,0,2,1791046155261185,imsi-001010123456781,
2026-10-03T16:49:15.261+00:00,1791046155261,215,0,0,gNB:3584,10,0,0,0.00,0.00,0.00,0,2,1791046155261185,imsi-001010123456780,
2026-10-03T16:49:16.261+00:00,1791046156261,216,0,0,gNB:3584,9,0,0,0.00,0.00,0.00,0,2,1791046156261470,imsi-001010123456781,
2026-10-03T16:49:16.261+00:00,1791046156261,216,0,0,gNB:3584,10,0,0,0.00,0.00,0.00,0,2,1791046156261470,imsi-001010123456780,
2026-10-03T16:49:17.261+00:00,1791046157261,217,0,0,gNB:3584,9,0,0,0.00,0.00,0.00,0,2,1791046157261192,imsi-001010123456781,
2026-10-03T16:49:17.261+00:00,1791046157261,217,0,0,gNB:3584,10,0,0,0.00,0.00,0.00,0,2,1791046157261192,imsi-001010123456780,
2026-10-03T16:49:18.261+00:00,1791046158261,218,0,0,gNB:3584,9,0,0,0.00,0.00,0.00,0,2,1791046158261087,imsi-001010123456781,
2026-10-03T16:49:18.261+00:00,1791046158261,218,0,0,gNB:3584,10,0,0,0.00,0.00,0.00,0,2,1791046158261087,imsi-001010123456780,
2026-10-03T16:49:19.261+00:00,1791046159261,219,0,0,gNB:3584,9,0,0,0.00,0.00,0.00,0,2,1791046159261122,imsi-001010123456781,
2026-10-03T16:49:19.261+00:00,1791046159261,219,0,0,gNB:3584,10,0,0,0.00,0.00,0.00,0,2,1791046159261122,imsi-001010123456780,
2026-10-03T16:49:20.261+00:00,1791046160261,220,0,0,gNB:3584,9,0,0,0.00,0.00,0.00,0,2,1791046160261143,imsi-001010123456781,
2026-10-03T16:49:20.261+00:00,1791046160261,220,0,0,gNB:3584,10,0,0,0.00,0.00,0.00,0,2,1791046160261143,imsi-001010123456780,
2026-10-03T16:49:21.261+00:00,1791046161261,221,0,0,gNB:3584,9,0,0,0.00,0.00,0.00,0,2,1791046161261520,imsi-001010123456781,
2026-10-03T16:49:21.261+00:00,1791046161261,221,0,0,gNB:3584,10,0,0,0.00,0.00,0.00,0,2,1791046161261520,imsi-001010123456780,
2026-10-03T16:49:22.262+00:00,1791046162262,222,1,1,gNB:3584,9,0,0,0.00,0.00,0.00,0,2,1791046162261590,imsi-001010123456781,
2026-10-03T16:49:22.262+00:00,1791046162262,222,1,1,gNB:3584,10,0,0,0.00,0.00,0.00,0,2,1791046162261590,imsi-001010123456780,
2026-10-03T16:49:23.261+00:00,1791046163261,223,-1,0,gNB:3584,9,0,0,0.00,0.00,0.00,0,2,1791046163261713,imsi-001010123456781,
2026-10-03T16:49:23.261+00:00,1791046163261,223,-1,0,gNB:3584,10,0,0,0.00,0.00,0.00,0,2,1791046163261713,imsi-001010123456780,
2026-10-03T16:49:24.261+00:00,1791046164261,224,0,0,gNB:3584,9,0,0,0.00,0.00,0.00,0,2,1791046164261091,imsi-001010123456781,
2026-10-03T16:49:24.261+00:00,1791046164261,224,0,0,gNB:3584,10,0,0,0.00,0.00,0.00,0,2,1791046164261091,imsi-001010123456780,
2026-10-03T16:49:25.261+00:00,1791046165261,225,0,0,gNB:3584,9,0,0,0.00,0.00,0.00,0,2,1791046165261081,imsi-001010123456781,
2026-10-03T16:49:25.261+00:00,1791046165261,225,0,0,gNB:3584,10,0,0,0.00,0.00,0.00,0,2,1791046165261081,imsi-001010123456780,
2026-10-03T16:49:26.261+00:00,1791046166261,226,0,0,gNB:3584,9,0,0,0.00,0.00,0.00,0,2,1791046166261758,imsi-001010123456781,
2026-10-03T16:49:26.261+00:00,1791046166261,226,0,0,gNB:3584,10,0,0,0.00,0.00,0.00,0,2,1791046166261758,imsi-001010123456780,
2026-10-03T16:49:27.261+00:00,1791046167261,227,0,0,gNB:3584,9,0,0,0.00,0.00,0.00,0,2,1791046167261517,imsi-001010123456781,
2026-10-03T16:49:27.261+00:00,1791046167261,227,0,0,gNB:3584,10,0,0,0.00,0.00,0.00,0,2,1791046167261517,imsi-001010123456780,
2026-10-03T16:49:28.261+00:00,1791046168261,228,0,0,gNB:3584,9,0,0,0.00,0.00,0.00,0,2,1791046168261064,imsi-001010123456781,
2026-10-03T16:49:28.261+00:00,1791046168261,228,0,0,gNB:3584,10,0,0,0.00,0.00,0.00,0,2,1791046168261064,imsi-001010123456780,
2026-10-03T16:49:29.261+00:00,1791046169261,229,0,0,gNB:3584,9,0,0,0.00,0.00,0.00,0,2,1791046169261013,imsi-001010123456781,
2026-10-03T16:49:29.261+00:00,1791046169261,229,0,0,gNB:3584,10,0,0,0.00,0.00,0.00,0,2,1791046169261013,imsi-001010123456780,
2026-10-03T16:49:30.261+00:00,1791046170261,230,0,0,gNB:3584,9,0,0,0.00,0.00,0.00,0,2,1791046170261006,imsi-001010123456781,
2026-10-03T16:49:30.261+00:00,1791046170261,230,0,0,gNB:3584,10,0,0,0.00,0.00,0.00,0,2,1791046170261006,imsi-001010123456780,
2026-10-03T16:49:31.261+00:00,1791046171261,231,0,0,gNB:3584,9,0,0,0.00,0.00,0.00,0,2,1791046171261120,imsi-001010123456781,
2026-10-03T16:49:31.261+00:00,1791046171261,231,0,0,gNB:3584,10,0,0,0.00,0.00,0.00,0,2,1791046171261120,imsi-001010123456780,
2026-10-03T16:49:32.261+00:00,1791046172261,232,0,0,gNB:3584,9,0,0,0.00,0.00,0.00,0,2,1791046172261225,imsi-001010123456781,
2026-10-03T16:49:32.261+00:00,1791046172261,232,0,0,gNB:3584,10,0,0,0.00,0.00,0.00,0,2,1791046172261225,imsi-001010123456780,
2026-10-03T16:49:33.261+00:00,1791046173261,233,0,0,gNB:3584,9,66,38,0.00,0.60,0.38,0,12,1791046173261137,imsi-001010123456781,
2026-10-03T16:49:33.261+00:00,1791046173261,233,0,0,gNB:3584,10,66,38,0.00,0.60,0.42,0,9,1791046173261137,imsi-001010123456780,
2026-10-03T16:49:34.261+00:00,1791046174261,234,0,0,gNB:3584,9,0,0,0.00,0.00,0.00,0,2,1791046174261135,imsi-001010123456781,
2026-10-03T16:49:34.261+00:00,1791046174261,234,0,0,gNB:3584,10,0,0,0.00,0.00,0.00,0,2,1791046174261135,imsi-001010123456780,
2026-10-03T16:49:35.261+00:00,1791046175261,235,0,0,gNB:3584,9,0,0,0.00,0.00,0.00,0,2,1791046175261118,imsi-001010123456781,
2026-10-03T16:49:35.261+00:00,1791046175261,235,0,0,gNB:3584,10,0,0,0.00,0.00,0.00,0,2,1791046175261118,imsi-001010123456780,
2026-10-03T16:49:36.261+00:00,1791046176261,236,0,0,gNB:3584,9,0,0,0.00,0.00,0.00,0,2,1791046176261400,imsi-001010123456781,
2026-10-03T16:49:36.261+00:00,1791046176261,236,0,0,gNB:3584,10,0,0,0.00,0.00,0.00,0,2,1791046176261400,imsi-001010123456780,
2026-10-03T16:49:37.261+00:00,1791046177261,237,0,0,gNB:3584,9,0,0,0.00,0.00,0.00,0,2,1791046177261100,imsi-001010123456781,
2026-10-03T16:49:37.261+00:00,1791046177261,237,0,0,gNB:3584,10,0,0,0.00,0.00,0.00,0,2,1791046177261100,imsi-001010123456780,
2026-10-03T16:49:38.261+00:00,1791046178261,238,0,0,gNB:3584,9,0,0,0.00,0.00,0.00,0,2,1791046178261078,imsi-001010123456781,
2026-10-03T16:49:38.261+00:00,1791046178261,238,0,0,gNB:3584,10,0,0,0.00,0.00,0.00,0,2,1791046178261078,imsi-001010123456780,
2026-10-03T16:49:39.261+00:00,1791046179261,239,0,0,gNB:3584,9,0,0,0.00,0.00,0.00,0,2,1791046179261091,imsi-001010123456781,
2026-10-03T16:49:39.261+00:00,1791046179261,239,0,0,gNB:3584,10,0,0,0.00,0.00,0.00,0,2,1791046179261091,imsi-001010123456780,
2026-10-03T16:49:40.261+00:00,1791046180261,240,0,0,gNB:3584,9,0,0,0.00,0.00,0.00,0,2,1791046180261319,imsi-001010123456781,
2026-10-03T16:49:40.261+00:00,1791046180261,240,0,0,gNB:3584,10,0,0,0.00,0.00,0.00,0,2,1791046180261319,imsi-001010123456780,
2026-10-03T16:49:41.261+00:00,1791046181261,241,0,0,gNB:3584,9,0,0,0.00,0.00,0.00,0,2,1791046181261838,imsi-001010123456781,
2026-10-03T16:49:41.261+00:00,1791046181261,241,0,0,gNB:3584,10,0,0,0.00,0.00,0.00,0,2,1791046181261838,imsi-001010123456780,
2026-10-03T16:49:42.261+00:00,1791046182261,242,0,0,gNB:3584,9,0,0,0.00,0.00,0.00,0,2,1791046182261618,imsi-001010123456781,
2026-10-03T16:49:42.261+00:00,1791046182261,242,0,0,gNB:3584,10,0,0,0.00,0.00,0.00,0,2,1791046182261618,imsi-001010123456780,
2026-10-03T16:49:43.261+00:00,1791046183261,243,0,0,gNB:3584,9,0,0,0.00,0.00,0.00,0,2,1791046183261102,imsi-001010123456781,
2026-10-03T16:49:43.261+00:00,1791046183261,243,0,0,gNB:3584,10,0,0,0.00,0.00,0.00,0,2,1791046183261102,imsi-001010123456780,
2026-10-03T16:49:44.261+00:00,1791046184261,244,0,0,gNB:3584,9,0,0,0.00,0.00,0.00,0,2,1791046184261097,imsi-001010123456781,
2026-10-03T16:49:44.261+00:00,1791046184261,244,0,0,gNB:3584,10,0,0,0.00,0.00,0.00,0,2,1791046184261097,imsi-001010123456780,
2026-10-03T16:49:45.261+00:00,1791046185261,245,0,0,gNB:3584,9,0,0,0.00,0.00,0.00,0,2,1791046185261566,imsi-001010123456781,
2026-10-03T16:49:45.261+00:00,1791046185261,245,0,0,gNB:3584,10,0,0,0.00,0.00,0.00,0,2,1791046185261566,imsi-001010123456780,
2026-10-03T16:49:46.261+00:00,1791046186261,246,0,0,gNB:3584,9,0,0,0.00,0.00,0.00,0,2,1791046186261079,imsi-001010123456781,
2026-10-03T16:49:46.261+00:00,1791046186261,246,0,0,gNB:3584,10,0,0,0.00,0.00,0.00,0,2,1791046186261079,imsi-001010123456780,
2026-10-03T16:49:47.261+00:00,1791046187261,247,0,0,gNB:3584,9,0,0,0.00,0.00,0.00,0,2,1791046187261018,imsi-001010123456781,
2026-10-03T16:49:47.261+00:00,1791046187261,247,0,0,gNB:3584,10,0,0,0.00,0.00,0.00,0,2,1791046187261018,imsi-001010123456780,
2026-10-03T16:49:48.261+00:00,1791046188261,248,0,0,gNB:3584,9,0,0,0.00,0.00,0.00,0,2,1791046188261537,imsi-001010123456781,
2026-10-03T16:49:48.261+00:00,1791046188261,248,0,0,gNB:3584,10,0,0,0.00,0.00,0.00,0,2,1791046188261537,imsi-001010123456780,
2026-10-03T16:49:49.261+00:00,1791046189261,249,0,0,gNB:3584,9,0,0,0.00,0.00,0.00,0,2,1791046189261067,imsi-001010123456781,
2026-10-03T16:49:49.261+00:00,1791046189261,249,0,0,gNB:3584,10,0,0,0.00,0.00,0.00,0,2,1791046189261067,imsi-001010123456780,
2026-10-03T16:49:50.261+00:00,1791046190261,250,0,0,gNB:3584,9,0,0,0.00,0.00,0.00,0,2,1791046190261087,imsi-001010123456781,
2026-10-03T16:49:50.261+00:00,1791046190261,250,0,0,gNB:3584,10,0,0,0.00,0.00,0.00,0,2,1791046190261087,imsi-001010123456780,
2026-10-03T16:49:51.261+00:00,1791046191261,251,0,0,gNB:3584,9,0,0,0.00,0.00,0.00,0,2,1791046191261086,imsi-001010123456781,
2026-10-03T16:49:51.261+00:00,1791046191261,251,0,0,gNB:3584,10,0,0,0.00,0.00,0.00,0,2,1791046191261086,imsi-001010123456780,
2026-10-03T16:49:52.261+00:00,1791046192261,252,0,0,gNB:3584,9,0,0,0.00,0.00,0.00,0,2,1791046192261496,imsi-001010123456781,
2026-10-03T16:49:52.261+00:00,1791046192261,252,0,0,gNB:3584,10,0,0,0.00,0.00,0.00,0,2,1791046192261496,imsi-001010123456780,
2026-10-03T16:49:53.261+00:00,1791046193261,253,0,0,gNB:3584,9,66,38,0.00,0.60,0.38,0,11,1791046193261134,imsi-001010123456781,
2026-10-03T16:49:53.261+00:00,1791046193261,253,0,0,gNB:3584,10,66,38,0.00,0.60,0.38,0,11,1791046193261134,imsi-001010123456780,
2026-10-03T16:49:54.261+00:00,1791046194261,254,0,0,gNB:3584,9,0,0,0.00,0.00,0.00,0,2,1791046194261042,imsi-001010123456781,
2026-10-03T16:49:54.261+00:00,1791046194261,254,0,0,gNB:3584,10,0,0,0.00,0.00,0.00,0,2,1791046194261042,imsi-001010123456780,
2026-10-03T16:49:55.261+00:00,1791046195261,255,0,0,gNB:3584,9,0,0,0.00,0.00,0.00,0,2,1791046195261072,imsi-001010123456781,
2026-10-03T16:49:55.261+00:00,1791046195261,255,0,0,gNB:3584,10,0,0,0.00,0.00,0.00,0,2,1791046195261072,imsi-001010123456780,
2026-10-03T16:49:56.262+00:00,1791046196262,256,1,0,gNB:3584,9,0,0,0.00,0.00,0.00,0,2,1791046196262429,imsi-001010123456781,
2026-10-03T16:49:56.262+00:00,1791046196262,256,1,0,gNB:3584,10,0,0,0.00,0.00,0.00,0,2,1791046196262429,imsi-001010123456780,
2026-10-03T16:49:57.261+00:00,1791046197261,257,-1,0,gNB:3584,9,0,0,0.00,0.00,0.00,0,2,1791046197261055,imsi-001010123456781,
2026-10-03T16:49:57.261+00:00,1791046197261,257,-1,0,gNB:3584,10,0,0,0.00,0.00,0.00,0,2,1791046197261055,imsi-001010123456780,
2026-10-03T16:49:58.263+00:00,1791046198263,258,2,1,gNB:3584,9,0,0,0.00,0.00,0.00,0,2,1791046198262816,imsi-001010123456781,
2026-10-03T16:49:58.263+00:00,1791046198263,258,2,1,gNB:3584,10,0,0,0.00,0.00,0.00,0,2,1791046198262816,imsi-001010123456780,
2026-10-03T16:49:59.261+00:00,1791046199261,259,-2,0,gNB:3584,9,0,0,0.00,0.00,0.00,0,2,1791046199261182,imsi-001010123456781,
2026-10-03T16:49:59.261+00:00,1791046199261,259,-2,0,gNB:3584,10,0,0,0.00,0.00,0.00,0,2,1791046199261182,imsi-001010123456780,
2026-10-03T16:50:00.261+00:00,1791046200261,260,0,0,gNB:3584,9,0,0,0.00,0.00,0.00,0,2,1791046200261066,imsi-001010123456781,
2026-10-03T16:50:00.261+00:00,1791046200261,260,0,0,gNB:3584,10,0,0,0.00,0.00,0.00,0,2,1791046200261066,imsi-001010123456780,
2026-10-03T16:50:01.261+00:00,1791046201261,261,0,0,gNB:3584,9,0,0,0.00,0.00,0.00,0,2,1791046201261086,imsi-001010123456781,
2026-10-03T16:50:01.261+00:00,1791046201261,261,0,0,gNB:3584,10,0,0,0.00,0.00,0.00,0,2,1791046201261086,imsi-001010123456780,
2026-10-03T16:50:02.261+00:00,1791046202261,262,0,0,gNB:3584,9,0,0,0.00,0.00,0.00,0,2,1791046202261067,imsi-001010123456781,
2026-10-03T16:50:02.261+00:00,1791046202261,262,0,0,gNB:3584,10,0,0,0.00,0.00,0.00,0,2,1791046202261067,imsi-001010123456780,
2026-10-03T16:50:03.261+00:00,1791046203261,263,0,0,gNB:3584,9,0,0,0.00,0.00,0.00,0,2,1791046203261480,imsi-001010123456781,
2026-10-03T16:50:03.261+00:00,1791046203261,263,0,0,gNB:3584,10,0,0,0.00,0.00,0.00,0,2,1791046203261480,imsi-001010123456780,
2026-10-03T16:50:04.262+00:00,1791046204262,264,1,0,gNB:3584,9,0,0,0.00,0.00,0.00,0,2,1791046204262032,imsi-001010123456781,
2026-10-03T16:50:04.262+00:00,1791046204262,264,1,0,gNB:3584,10,0,0,0.00,0.00,0.00,0,2,1791046204262032,imsi-001010123456780,
2026-10-03T16:50:05.263+00:00,1791046205263,265,1,0,gNB:3584,9,0,0,0.00,0.00,0.00,0,2,1791046205263009,imsi-001010123456781,
2026-10-03T16:50:05.263+00:00,1791046205263,265,1,0,gNB:3584,10,0,0,0.00,0.00,0.00,0,2,1791046205263009,imsi-001010123456780,
2026-10-03T16:50:06.261+00:00,1791046206261,266,-2,0,gNB:3584,9,0,0,0.00,0.00,0.00,0,2,1791046206261594,imsi-001010123456781,
2026-10-03T16:50:06.261+00:00,1791046206261,266,-2,0,gNB:3584,10,0,0,0.00,0.00,0.00,0,2,1791046206261594,imsi-001010123456780,
2026-10-03T16:50:07.262+00:00,1791046207262,267,1,0,gNB:3584,9,0,0,0.00,0.00,0.00,0,2,1791046207262119,imsi-001010123456781,
2026-10-03T16:50:07.262+00:00,1791046207262,267,1,0,gNB:3584,10,0,0,0.00,0.00,0.00,0,2,1791046207262119,imsi-001010123456780,
2026-10-03T16:50:08.261+00:00,1791046208261,268,-1,0,gNB:3584,9,0,0,0.00,0.00,0.00,0,2,1791046208261664,imsi-001010123456781,
2026-10-03T16:50:08.261+00:00,1791046208261,268,-1,0,gNB:3584,10,0,0,0.00,0.00,0.00,0,2,1791046208261664,imsi-001010123456780,
2026-10-03T16:50:09.261+00:00,1791046209261,269,0,0,gNB:3584,9,0,0,0.00,0.00,0.00,0,2,1791046209261420,imsi-001010123456781,
2026-10-03T16:50:09.261+00:00,1791046209261,269,0,0,gNB:3584,10,0,0,0.00,0.00,0.00,0,2,1791046209261420,imsi-001010123456780,
2026-10-03T16:50:10.263+00:00,1791046210263,270,2,0,gNB:3584,9,0,0,0.00,0.00,0.00,0,2,1791046210263164,imsi-001010123456781,
2026-10-03T16:50:10.263+00:00,1791046210263,270,2,0,gNB:3584,10,0,0,0.00,0.00,0.00,0,2,1791046210263164,imsi-001010123456780,
2026-10-03T16:50:11.261+00:00,1791046211261,271,-2,0,gNB:3584,9,0,0,0.00,0.00,0.00,0,2,1791046211261111,imsi-001010123456781,
2026-10-03T16:50:11.261+00:00,1791046211261,271,-2,0,gNB:3584,10,0,0,0.00,0.00,0.00,0,2,1791046211261111,imsi-001010123456780,
2026-10-03T16:50:12.261+00:00,1791046212261,272,0,0,gNB:3584,9,0,0,0.00,0.00,0.00,0,2,1791046212261550,imsi-001010123456781,
2026-10-03T16:50:12.261+00:00,1791046212261,272,0,0,gNB:3584,10,0,0,0.00,0.00,0.00,0,2,1791046212261550,imsi-001010123456780,
2026-10-03T16:50:13.261+00:00,1791046213261,273,0,0,gNB:3584,9,66,38,0.00,0.60,0.38,0,9,1791046213261196,imsi-001010123456781,
2026-10-03T16:50:13.261+00:00,1791046213261,273,0,0,gNB:3584,10,66,38,0.00,0.60,0.38,0,9,1791046213261196,imsi-001010123456780,
2026-10-03T16:50:14.262+00:00,1791046214262,274,1,1,gNB:3584,9,0,0,0.00,0.00,0.00,0,2,1791046214261873,imsi-001010123456781,
2026-10-03T16:50:14.262+00:00,1791046214262,274,1,1,gNB:3584,10,0,0,0.00,0.00,0.00,0,2,1791046214261873,imsi-001010123456780,
2026-10-03T16:50:15.261+00:00,1791046215261,275,-1,0,gNB:3584,9,0,0,0.00,0.00,0.00,0,2,1791046215261692,imsi-001010123456781,
2026-10-03T16:50:15.261+00:00,1791046215261,275,-1,0,gNB:3584,10,0,0,0.00,0.00,0.00,0,2,1791046215261692,imsi-001010123456780,
2026-10-03T16:50:16.261+00:00,1791046216261,276,0,0,gNB:3584,9,0,0,0.00,0.00,0.00,0,2,1791046216261502,imsi-001010123456781,
2026-10-03T16:50:16.261+00:00,1791046216261,276,0,0,gNB:3584,10,0,0,0.00,0.00,0.00,0,2,1791046216261502,imsi-001010123456780,
2026-10-03T16:50:17.261+00:00,1791046217261,277,0,0,gNB:3584,9,0,0,0.00,0.00,0.00,0,2,1791046217261556,imsi-001010123456781,
2026-10-03T16:50:17.261+00:00,1791046217261,277,0,0,gNB:3584,10,0,0,0.00,0.00,0.00,0,2,1791046217261556,imsi-001010123456780,
2026-10-03T16:50:18.261+00:00,1791046218261,278,0,0,gNB:3584,9,0,0,0.00,0.00,0.00,0,1,1791046218261057,imsi-001010123456781,
2026-10-03T16:50:18.261+00:00,1791046218261,278,0,0,gNB:3584,10,0,49,0.00,0.02,0.44,0,17,1791046218261057,imsi-001010123456780,
2026-10-03T16:50:19.261+00:00,1791046219261,279,0,0,gNB:3584,9,0,0,0.00,0.00,0.00,0,2,1791046219261638,imsi-001010123456781,
2026-10-03T16:50:19.261+00:00,1791046219261,279,0,0,gNB:3584,10,0,0,0.00,0.00,0.00,0,2,1791046219261638,imsi-001010123456780,
2026-10-03T16:50:20.261+00:00,1791046220261,280,0,0,gNB:3584,9,0,0,0.00,0.00,0.00,0,2,1791046220261228,imsi-001010123456781,
2026-10-03T16:50:20.261+00:00,1791046220261,280,0,0,gNB:3584,10,0,0,0.00,0.00,0.00,0,2,1791046220261228,imsi-001010123456780,
2026-10-03T16:50:21.261+00:00,1791046221261,281,0,0,gNB:3584,9,0,0,0.00,0.00,0.00,0,2,1791046221261042,imsi-001010123456781,
2026-10-03T16:50:21.261+00:00,1791046221261,281,0,0,gNB:3584,10,0,0,0.00,0.00,0.00,0,2,1791046221261042,imsi-001010123456780,
2026-10-03T16:50:22.261+00:00,1791046222261,282,0,0,gNB:3584,9,0,0,0.00,0.00,0.00,0,2,1791046222261917,imsi-001010123456781,
2026-10-03T16:50:22.261+00:00,1791046222261,282,0,0,gNB:3584,10,0,0,0.00,0.00,0.00,0,2,1791046222261917,imsi-001010123456780,
2026-10-03T16:50:23.261+00:00,1791046223261,283,0,0,gNB:3584,9,0,0,0.00,0.00,0.00,0,2,1791046223261771,imsi-001010123456781,
2026-10-03T16:50:23.261+00:00,1791046223261,283,0,0,gNB:3584,10,0,0,0.00,0.00,0.00,0,2,1791046223261771,imsi-001010123456780,
2026-10-03T16:50:24.261+00:00,1791046224261,284,0,0,gNB:3584,9,0,0,0.00,0.00,0.00,0,2,1791046224261357,imsi-001010123456781,
2026-10-03T16:50:24.261+00:00,1791046224261,284,0,0,gNB:3584,10,0,0,0.00,0.00,0.00,0,2,1791046224261357,imsi-001010123456780,
2026-10-03T16:50:25.261+00:00,1791046225261,285,0,0,gNB:3584,9,0,0,0.00,0.00,0.00,0,2,1791046225261272,imsi-001010123456781,
2026-10-03T16:50:25.261+00:00,1791046225261,285,0,0,gNB:3584,10,0,0,0.00,0.00,0.00,0,2,1791046225261272,imsi-001010123456780,
2026-10-03T16:50:26.262+00:00,1791046226262,286,1,1,gNB:3584,9,0,0,0.00,0.00,0.00,0,2,1791046226261220,imsi-001010123456781,
2026-10-03T16:50:26.262+00:00,1791046226262,286,1,1,gNB:3584,10,0,0,0.00,0.00,0.00,0,2,1791046226261220,imsi-001010123456780,
2026-10-03T16:50:27.261+00:00,1791046227261,287,-1,0,gNB:3584,9,0,0,0.00,0.00,0.00,0,2,1791046227261277,imsi-001010123456781,
2026-10-03T16:50:27.261+00:00,1791046227261,287,-1,0,gNB:3584,10,0,0,0.00,0.00,0.00,0,2,1791046227261277,imsi-001010123456780,
2026-10-03T16:50:28.261+00:00,1791046228261,288,0,0,gNB:3584,9,0,0,0.00,0.00,0.00,0,2,1791046228261172,imsi-001010123456781,
2026-10-03T16:50:28.261+00:00,1791046228261,288,0,0,gNB:3584,10,0,0,0.00,0.00,0.00,0,2,1791046228261172,imsi-001010123456780,
2026-10-03T16:50:29.261+00:00,1791046229261,289,0,0,gNB:3584,9,0,0,0.00,0.00,0.00,0,2,1791046229261166,imsi-001010123456781,
2026-10-03T16:50:29.261+00:00,1791046229261,289,0,0,gNB:3584,10,0,0,0.00,0.00,0.00,0,2,1791046229261166,imsi-001010123456780,
2026-10-03T16:50:30.261+00:00,1791046230261,290,0,0,gNB:3584,9,0,0,0.00,0.00,0.00,0,2,1791046230261200,imsi-001010123456781,
2026-10-03T16:50:30.261+00:00,1791046230261,290,0,0,gNB:3584,10,0,0,0.00,0.00,0.00,0,2,1791046230261200,imsi-001010123456780,
2026-10-03T16:50:31.261+00:00,1791046231261,291,0,0,gNB:3584,9,0,0,0.00,0.00,0.00,0,2,1791046231261444,imsi-001010123456781,
2026-10-03T16:50:31.261+00:00,1791046231261,291,0,0,gNB:3584,10,0,0,0.00,0.00,0.00,0,2,1791046231261444,imsi-001010123456780,
2026-10-03T16:50:32.261+00:00,1791046232261,292,0,0,gNB:3584,9,0,0,0.00,0.00,0.00,0,2,1791046232261052,imsi-001010123456781,
2026-10-03T16:50:32.261+00:00,1791046232261,292,0,0,gNB:3584,10,0,0,0.00,0.00,0.00,0,2,1791046232261052,imsi-001010123456780,
2026-10-03T16:50:33.261+00:00,1791046233261,293,0,0,gNB:3584,9,66,38,0.00,0.60,0.38,0,10,1791046233261423,imsi-001010123456781,
2026-10-03T16:50:33.261+00:00,1791046233261,293,0,0,gNB:3584,10,66,38,0.00,0.60,0.42,0,8,1791046233261423,imsi-001010123456780,
2026-10-03T16:50:34.261+00:00,1791046234261,294,0,0,gNB:3584,9,0,49,0.00,0.02,0.48,0,16,1791046234261057,imsi-001010123456781,
2026-10-03T16:50:34.261+00:00,1791046234261,294,0,0,gNB:3584,10,0,0,0.00,0.00,0.00,0,1,1791046234261057,imsi-001010123456780,
2026-10-03T16:50:35.261+00:00,1791046235261,295,0,0,gNB:3584,9,0,0,0.00,0.00,0.00,0,2,1791046235261186,imsi-001010123456781,
2026-10-03T16:50:35.261+00:00,1791046235261,295,0,0,gNB:3584,10,0,0,0.00,0.00,0.00,0,2,1791046235261186,imsi-001010123456780,
2026-10-03T16:50:36.261+00:00,1791046236261,296,0,0,gNB:3584,9,0,0,0.00,0.00,0.00,0,2,1791046236261083,imsi-001010123456781,
2026-10-03T16:50:36.261+00:00,1791046236261,296,0,0,gNB:3584,10,0,0,0.00,0.00,0.00,0,2,1791046236261083,imsi-001010123456780,
2026-10-03T16:50:37.261+00:00,1791046237261,297,0,0,gNB:3584,9,0,0,0.00,0.00,0.00,0,2,1791046237261107,imsi-001010123456781,
2026-10-03T16:50:37.261+00:00,1791046237261,297,0,0,gNB:3584,10,0,0,0.00,0.00,0.00,0,2,1791046237261107,imsi-001010123456780,
2026-10-03T16:50:38.261+00:00,1791046238261,298,0,0,gNB:3584,9,0,0,0.00,0.00,0.00,0,2,1791046238261100,imsi-001010123456781,
2026-10-03T16:50:38.261+00:00,1791046238261,298,0,0,gNB:3584,10,0,0,0.00,0.00,0.00,0,2,1791046238261100,imsi-001010123456780,
2026-10-03T16:50:39.261+00:00,1791046239261,299,0,0,gNB:3584,9,0,0,0.00,0.00,0.00,0,2,1791046239261464,imsi-001010123456781,
2026-10-03T16:50:39.261+00:00,1791046239261,299,0,0,gNB:3584,10,0,0,0.00,0.00,0.00,0,2,1791046239261464,imsi-001010123456780,
2026-10-03T16:50:40.261+00:00,1791046240261,300,0,0,gNB:3584,9,0,0,0.00,0.00,0.00,0,2,1791046240261662,imsi-001010123456781,
2026-10-03T16:50:40.261+00:00,1791046240261,300,0,0,gNB:3584,10,0,0,0.00,0.00,0.00,0,2,1791046240261662,imsi-001010123456780,
2026-10-03T16:50:41.262+00:00,1791046241262,301,1,0,gNB:3584,9,0,0,0.00,0.00,0.00,0,2,1791046241262366,imsi-001010123456781,
2026-10-03T16:50:41.262+00:00,1791046241262,301,1,0,gNB:3584,10,0,0,0.00,0.00,0.00,0,2,1791046241262366,imsi-001010123456780,
2026-10-03T16:50:42.261+00:00,1791046242261,302,-1,0,gNB:3584,9,0,0,0.00,0.00,0.00,0,2,1791046242261096,imsi-001010123456781,
2026-10-03T16:50:42.261+00:00,1791046242261,302,-1,0,gNB:3584,10,0,0,0.00,0.00,0.00,0,2,1791046242261096,imsi-001010123456780,
2026-10-03T16:50:43.261+00:00,1791046243261,303,0,0,gNB:3584,9,0,0,0.00,0.00,0.00,0,2,1791046243261039,imsi-001010123456781,
2026-10-03T16:50:43.261+00:00,1791046243261,303,0,0,gNB:3584,10,0,0,0.00,0.00,0.00,0,2,1791046243261039,imsi-001010123456780,
2026-10-03T16:50:44.262+00:00,1791046244262,304,1,1,gNB:3584,9,0,0,0.00,0.00,0.00,0,2,1791046244261044,imsi-001010123456781,
2026-10-03T16:50:44.262+00:00,1791046244262,304,1,1,gNB:3584,10,0,0,0.00,0.00,0.00,0,2,1791046244261044,imsi-001010123456780,
2026-10-03T16:50:45.261+00:00,1791046245261,305,-1,0,gNB:3584,9,0,0,0.00,0.00,0.00,0,2,1791046245261031,imsi-001010123456781,
2026-10-03T16:50:45.261+00:00,1791046245261,305,-1,0,gNB:3584,10,0,0,0.00,0.00,0.00,0,2,1791046245261031,imsi-001010123456780,
2026-10-03T16:50:46.261+00:00,1791046246261,306,0,0,gNB:3584,9,0,0,0.00,0.00,0.00,0,2,1791046246261242,imsi-001010123456781,
2026-10-03T16:50:46.261+00:00,1791046246261,306,0,0,gNB:3584,10,0,0,0.00,0.00,0.00,0,2,1791046246261242,imsi-001010123456780,
2026-10-03T16:50:47.261+00:00,1791046247261,307,0,0,gNB:3584,9,0,0,0.00,0.00,0.00,0,2,1791046247261050,imsi-001010123456781,
2026-10-03T16:50:47.261+00:00,1791046247261,307,0,0,gNB:3584,10,0,0,0.00,0.00,0.00,0,2,1791046247261050,imsi-001010123456780,
2026-10-03T16:50:48.261+00:00,1791046248261,308,0,0,gNB:3584,9,0,0,0.00,0.00,0.00,0,2,1791046248261032,imsi-001010123456781,
2026-10-03T16:50:48.261+00:00,1791046248261,308,0,0,gNB:3584,10,0,0,0.00,0.00,0.00,0,2,1791046248261032,imsi-001010123456780,
2026-10-03T16:50:49.261+00:00,1791046249261,309,0,0,gNB:3584,9,0,0,0.00,0.00,0.00,0,2,1791046249261057,imsi-001010123456781,
2026-10-03T16:50:49.261+00:00,1791046249261,309,0,0,gNB:3584,10,0,0,0.00,0.00,0.00,0,2,1791046249261057,imsi-001010123456780,
2026-10-03T16:50:50.261+00:00,1791046250261,310,0,0,gNB:3584,9,0,0,0.00,0.00,0.00,0,2,1791046250261045,imsi-001010123456781,
2026-10-03T16:50:50.261+00:00,1791046250261,310,0,0,gNB:3584,10,0,0,0.00,0.00,0.00,0,2,1791046250261045,imsi-001010123456780,
2026-10-03T16:50:51.261+00:00,1791046251261,311,0,0,gNB:3584,9,0,0,0.00,0.00,0.00,0,2,1791046251261142,imsi-001010123456781,
2026-10-03T16:50:51.261+00:00,1791046251261,311,0,0,gNB:3584,10,0,0,0.00,0.00,0.00,0,2,1791046251261142,imsi-001010123456780,
2026-10-03T16:50:52.261+00:00,1791046252261,312,0,0,gNB:3584,9,0,0,0.00,0.00,0.00,0,2,1791046252261537,imsi-001010123456781,
2026-10-03T16:50:52.261+00:00,1791046252261,312,0,0,gNB:3584,10,0,0,0.00,0.00,0.00,0,2,1791046252261537,imsi-001010123456780,
2026-10-03T16:50:53.261+00:00,1791046253261,313,0,0,gNB:3584,9,66,38,0.00,0.60,0.38,0,11,1791046253261769,imsi-001010123456781,
2026-10-03T16:50:53.261+00:00,1791046253261,313,0,0,gNB:3584,10,66,38,0.00,0.60,0.42,0,5,1791046253261769,imsi-001010123456780,
2026-10-03T16:50:54.261+00:00,1791046254261,314,0,0,gNB:3584,9,0,0,0.00,0.00,0.00,0,2,1791046254261532,imsi-001010123456781,
2026-10-03T16:50:54.261+00:00,1791046254261,314,0,0,gNB:3584,10,0,0,0.00,0.00,0.00,0,2,1791046254261532,imsi-001010123456780,
2026-10-03T16:50:55.261+00:00,1791046255261,315,0,0,gNB:3584,9,0,0,0.00,0.00,0.00,0,2,1791046255261714,imsi-001010123456781,
2026-10-03T16:50:55.261+00:00,1791046255261,315,0,0,gNB:3584,10,0,0,0.00,0.00,0.00,0,2,1791046255261714,imsi-001010123456780,
2026-10-03T16:50:56.262+00:00,1791046256262,316,1,0,gNB:3584,9,0,0,0.00,0.00,0.00,0,2,1791046256262225,imsi-001010123456781,
2026-10-03T16:50:56.262+00:00,1791046256262,316,1,0,gNB:3584,10,0,0,0.00,0.00,0.00,0,2,1791046256262225,imsi-001010123456780,
2026-10-03T16:50:57.262+00:00,1791046257262,317,0,0,gNB:3584,9,0,0,0.00,0.00,0.00,0,2,1791046257262292,imsi-001010123456781,
2026-10-03T16:50:57.262+00:00,1791046257262,317,0,0,gNB:3584,10,0,0,0.00,0.00,0.00,0,2,1791046257262292,imsi-001010123456780,
2026-10-03T16:50:58.261+00:00,1791046258261,318,-1,0,gNB:3584,9,0,0,0.00,0.00,0.00,0,2,1791046258261073,imsi-001010123456781,
2026-10-03T16:50:58.261+00:00,1791046258261,318,-1,0,gNB:3584,10,0,0,0.00,0.00,0.00,0,2,1791046258261073,imsi-001010123456780,
2026-10-03T16:50:59.261+00:00,1791046259261,319,0,0,gNB:3584,9,0,0,0.00,0.00,0.00,0,2,1791046259261091,imsi-001010123456781,
2026-10-03T16:50:59.261+00:00,1791046259261,319,0,0,gNB:3584,10,0,0,0.00,0.00,0.00,0,2,1791046259261091,imsi-001010123456780,
2026-10-03T16:51:00.261+00:00,1791046260261,320,0,0,gNB:3584,9,0,0,0.00,0.00,0.00,0,2,1791046260261084,imsi-001010123456781,
2026-10-03T16:51:00.261+00:00,1791046260261,320,0,0,gNB:3584,10,0,0,0.00,0.00,0.00,0,2,1791046260261084,imsi-001010123456780,
2026-10-03T16:51:01.261+00:00,1791046261261,321,0,0,gNB:3584,9,0,0,0.00,0.00,0.00,0,2,1791046261261192,imsi-001010123456781,
2026-10-03T16:51:01.261+00:00,1791046261261,321,0,0,gNB:3584,10,0,0,0.00,0.00,0.00,0,2,1791046261261192,imsi-001010123456780,
2026-10-03T16:51:02.261+00:00,1791046262261,322,0,0,gNB:3584,9,0,0,0.00,0.00,0.00,0,2,1791046262261147,imsi-001010123456781,
2026-10-03T16:51:02.261+00:00,1791046262261,322,0,0,gNB:3584,10,0,0,0.00,0.00,0.00,0,2,1791046262261147,imsi-001010123456780,
2026-10-03T16:51:03.261+00:00,1791046263261,323,0,0,gNB:3584,9,0,0,0.00,0.00,0.00,0,2,1791046263261812,imsi-001010123456781,
2026-10-03T16:51:03.261+00:00,1791046263261,323,0,0,gNB:3584,10,0,0,0.00,0.00,0.00,0,2,1791046263261812,imsi-001010123456780,
2026-10-03T16:51:04.261+00:00,1791046264261,324,0,0,gNB:3584,9,0,0,0.00,0.00,0.00,0,2,1791046264261224,imsi-001010123456781,
2026-10-03T16:51:04.261+00:00,1791046264261,324,0,0,gNB:3584,10,0,0,0.00,0.00,0.00,0,2,1791046264261224,imsi-001010123456780,
2026-10-03T16:51:05.261+00:00,1791046265261,325,0,0,gNB:3584,9,0,0,0.00,0.00,0.00,0,2,1791046265261189,imsi-001010123456781,
2026-10-03T16:51:05.261+00:00,1791046265261,325,0,0,gNB:3584,10,0,0,0.00,0.00,0.00,0,2,1791046265261189,imsi-001010123456780,
2026-10-03T16:51:06.260+00:00,1791046266260,326,-1,0,gNB:3584,9,0,0,0.00,0.00,0.00,0,2,1791046266260996,imsi-001010123456781,
2026-10-03T16:51:06.260+00:00,1791046266260,326,-1,0,gNB:3584,10,0,0,0.00,0.00,0.00,0,2,1791046266260996,imsi-001010123456780,
2026-10-03T16:51:07.261+00:00,1791046267261,327,1,0,gNB:3584,9,0,0,0.00,0.00,0.00,0,2,1791046267261115,imsi-001010123456781,
2026-10-03T16:51:07.261+00:00,1791046267261,327,1,0,gNB:3584,10,0,0,0.00,0.00,0.00,0,2,1791046267261115,imsi-001010123456780,
2026-10-03T16:51:08.261+00:00,1791046268261,328,0,0,gNB:3584,9,0,0,0.00,0.00,0.00,0,2,1791046268261103,imsi-001010123456781,
2026-10-03T16:51:08.261+00:00,1791046268261,328,0,0,gNB:3584,10,0,0,0.00,0.00,0.00,0,2,1791046268261103,imsi-001010123456780,
2026-10-03T16:51:09.261+00:00,1791046269261,329,0,0,gNB:3584,9,0,0,0.00,0.00,0.00,0,2,1791046269261153,imsi-001010123456781,
2026-10-03T16:51:09.261+00:00,1791046269261,329,0,0,gNB:3584,10,0,0,0.00,0.00,0.00,0,2,1791046269261153,imsi-001010123456780,
2026-10-03T16:51:10.261+00:00,1791046270261,330,0,0,gNB:3584,9,0,0,0.00,0.00,0.00,0,2,1791046270261109,imsi-001010123456781,
2026-10-03T16:51:10.261+00:00,1791046270261,330,0,0,gNB:3584,10,0,0,0.00,0.00,0.00,0,2,1791046270261109,imsi-001010123456780,
2026-10-03T16:51:11.265+00:00,1791046271265,331,4,2,gNB:3584,9,0,0,0.00,0.00,0.00,0,2,1791046271263235,imsi-001010123456781,
2026-10-03T16:51:11.265+00:00,1791046271265,331,4,2,gNB:3584,10,0,0,0.00,0.00,0.00,0,2,1791046271263235,imsi-001010123456780,
2026-10-03T16:51:12.261+00:00,1791046272261,332,-3,0,gNB:3584,9,0,0,0.00,0.00,0.00,0,2,1791046272261788,imsi-001010123456781,
2026-10-03T16:51:12.261+00:00,1791046272261,332,-3,0,gNB:3584,10,0,0,0.00,0.00,0.00,0,2,1791046272261788,imsi-001010123456780,
2026-10-03T16:51:13.261+00:00,1791046273261,333,0,0,gNB:3584,9,66,38,0.00,0.60,0.38,0,12,1791046273261901,imsi-001010123456781,
2026-10-03T16:51:13.261+00:00,1791046273261,333,0,0,gNB:3584,10,66,38,0.00,0.60,0.38,0,12,1791046273261901,imsi-001010123456780,
2026-10-03T16:51:14.261+00:00,1791046274261,334,0,0,gNB:3584,9,0,0,0.00,0.00,0.00,0,2,1791046274261656,imsi-001010123456781,
2026-10-03T16:51:14.261+00:00,1791046274261,334,0,0,gNB:3584,10,0,0,0.00,0.00,0.00,0,2,1791046274261656,imsi-001010123456780,
2026-10-03T16:51:15.261+00:00,1791046275261,335,0,0,gNB:3584,9,0,0,0.00,0.00,0.00,0,2,1791046275261522,imsi-001010123456781,
2026-10-03T16:51:15.261+00:00,1791046275261,335,0,0,gNB:3584,10,0,0,0.00,0.00,0.00,0,2,1791046275261522,imsi-001010123456780,
2026-10-03T16:51:16.261+00:00,1791046276261,336,0,0,gNB:3584,9,0,0,0.00,0.00,0.00,0,2,1791046276261813,imsi-001010123456781,
2026-10-03T16:51:16.261+00:00,1791046276261,336,0,0,gNB:3584,10,0,0,0.00,0.00,0.00,0,2,1791046276261813,imsi-001010123456780,
2026-10-03T16:51:17.261+00:00,1791046277261,337,0,0,gNB:3584,9,0,0,0.00,0.00,0.00,0,2,1791046277261561,imsi-001010123456781,
2026-10-03T16:51:17.261+00:00,1791046277261,337,0,0,gNB:3584,10,0,0,0.00,0.00,0.00,0,2,1791046277261561,imsi-001010123456780,
2026-10-03T16:51:18.261+00:00,1791046278261,338,0,0,gNB:3584,9,0,0,0.00,0.00,0.00,0,2,1791046278261753,imsi-001010123456781,
2026-10-03T16:51:18.261+00:00,1791046278261,338,0,0,gNB:3584,10,0,0,0.00,0.00,0.00,0,2,1791046278261753,imsi-001010123456780,
2026-10-03T16:51:19.261+00:00,1791046279261,339,0,0,gNB:3584,9,0,0,0.00,0.00,0.00,0,2,1791046279261580,imsi-001010123456781,
2026-10-03T16:51:19.261+00:00,1791046279261,339,0,0,gNB:3584,10,0,0,0.00,0.00,0.00,0,2,1791046279261580,imsi-001010123456780,
2026-10-03T16:51:20.261+00:00,1791046280261,340,0,0,gNB:3584,9,0,0,0.00,0.00,0.00,0,2,1791046280261178,imsi-001010123456781,
2026-10-03T16:51:20.261+00:00,1791046280261,340,0,0,gNB:3584,10,0,0,0.00,0.00,0.00,0,2,1791046280261178,imsi-001010123456780,
2026-10-03T16:51:21.261+00:00,1791046281261,341,0,0,gNB:3584,9,0,0,0.00,0.00,0.00,0,2,1791046281261139,imsi-001010123456781,
2026-10-03T16:51:21.261+00:00,1791046281261,341,0,0,gNB:3584,10,0,0,0.00,0.00,0.00,0,2,1791046281261139,imsi-001010123456780,
2026-10-03T16:51:22.261+00:00,1791046282261,342,0,0,gNB:3584,9,0,0,0.00,0.00,0.00,0,2,1791046282261297,imsi-001010123456781,
2026-10-03T16:51:22.261+00:00,1791046282261,342,0,0,gNB:3584,10,0,0,0.00,0.00,0.00,0,2,1791046282261297,imsi-001010123456780,
2026-10-03T16:51:23.261+00:00,1791046283261,343,0,0,gNB:3584,9,0,0,0.00,0.00,0.00,0,2,1791046283261504,imsi-001010123456781,
2026-10-03T16:51:23.261+00:00,1791046283261,343,0,0,gNB:3584,10,0,0,0.00,0.00,0.00,0,2,1791046283261504,imsi-001010123456780,
2026-10-03T16:51:24.261+00:00,1791046284261,344,0,0,gNB:3584,9,0,0,0.00,0.00,0.00,0,2,1791046284261516,imsi-001010123456781,
2026-10-03T16:51:24.261+00:00,1791046284261,344,0,0,gNB:3584,10,0,0,0.00,0.00,0.00,0,2,1791046284261516,imsi-001010123456780,
2026-10-03T16:51:25.261+00:00,1791046285261,345,0,0,gNB:3584,9,0,0,0.00,0.00,0.00,0,2,1791046285261054,imsi-001010123456781,
2026-10-03T16:51:25.261+00:00,1791046285261,345,0,0,gNB:3584,10,0,0,0.00,0.00,0.00,0,2,1791046285261054,imsi-001010123456780,
2026-10-03T16:51:26.261+00:00,1791046286261,346,0,0,gNB:3584,9,0,0,0.00,0.00,0.00,0,2,1791046286261071,imsi-001010123456781,
2026-10-03T16:51:26.261+00:00,1791046286261,346,0,0,gNB:3584,10,0,0,0.00,0.00,0.00,0,2,1791046286261071,imsi-001010123456780,
2026-10-03T16:51:27.261+00:00,1791046287261,347,0,0,gNB:3584,9,0,0,0.00,0.00,0.00,0,2,1791046287261063,imsi-001010123456781,
2026-10-03T16:51:27.261+00:00,1791046287261,347,0,0,gNB:3584,10,0,0,0.00,0.00,0.00,0,2,1791046287261063,imsi-001010123456780,
2026-10-03T16:51:28.261+00:00,1791046288261,348,0,0,gNB:3584,9,0,0,0.00,0.00,0.00,0,2,1791046288261075,imsi-001010123456781,
2026-10-03T16:51:28.261+00:00,1791046288261,348,0,0,gNB:3584,10,0,0,0.00,0.00,0.00,0,2,1791046288261075,imsi-001010123456780,
2026-10-03T16:51:29.261+00:00,1791046289261,349,0,0,gNB:3584,9,0,0,0.00,0.00,0.00,0,2,1791046289261242,imsi-001010123456781,
2026-10-03T16:51:29.261+00:00,1791046289261,349,0,0,gNB:3584,10,0,0,0.00,0.00,0.00,0,2,1791046289261242,imsi-001010123456780,
2026-10-03T16:51:30.261+00:00,1791046290261,350,0,0,gNB:3584,9,0,0,0.00,0.00,0.00,0,2,1791046290261104,imsi-001010123456781,
2026-10-03T16:51:30.261+00:00,1791046290261,350,0,0,gNB:3584,10,0,0,0.00,0.00,0.00,0,2,1791046290261104,imsi-001010123456780,
2026-10-03T16:51:31.261+00:00,1791046291261,351,0,0,gNB:3584,9,0,0,0.00,0.00,0.00,0,2,1791046291261205,imsi-001010123456781,
2026-10-03T16:51:31.261+00:00,1791046291261,351,0,0,gNB:3584,10,0,0,0.00,0.00,0.00,0,2,1791046291261205,imsi-001010123456780,
2026-10-03T16:51:32.261+00:00,1791046292261,352,0,0,gNB:3584,9,0,0,0.00,0.00,0.00,0,2,1791046292261080,imsi-001010123456781,
2026-10-03T16:51:32.261+00:00,1791046292261,352,0,0,gNB:3584,10,0,0,0.00,0.00,0.00,0,2,1791046292261080,imsi-001010123456780,
2026-10-03T16:51:33.261+00:00,1791046293261,353,0,0,gNB:3584,9,66,38,0.00,0.60,0.38,0,12,1791046293261229,imsi-001010123456781,
2026-10-03T16:51:33.261+00:00,1791046293261,353,0,0,gNB:3584,10,66,38,0.00,0.60,0.38,0,13,1791046293261229,imsi-001010123456780,
2026-10-03T16:51:34.261+00:00,1791046294261,354,0,0,gNB:3584,9,0,0,0.00,0.00,0.00,0,2,1791046294261570,imsi-001010123456781,
2026-10-03T16:51:34.261+00:00,1791046294261,354,0,0,gNB:3584,10,0,0,0.00,0.00,0.00,0,2,1791046294261570,imsi-001010123456780,
2026-10-03T16:51:35.264+00:00,1791046295264,355,3,2,gNB:3584,9,0,0,0.00,0.00,0.00,0,2,1791046295262524,imsi-001010123456781,
2026-10-03T16:51:35.264+00:00,1791046295264,355,3,2,gNB:3584,10,0,0,0.00,0.00,0.00,0,2,1791046295262524,imsi-001010123456780,
2026-10-03T16:51:36.262+00:00,1791046296262,356,-2,1,gNB:3584,9,0,0,0.00,0.00,0.00,0,2,1791046296261086,imsi-001010123456781,
2026-10-03T16:51:36.262+00:00,1791046296262,356,-2,1,gNB:3584,10,0,0,0.00,0.00,0.00,0,2,1791046296261086,imsi-001010123456780,
2026-10-03T16:51:37.261+00:00,1791046297261,357,-1,0,gNB:3584,9,0,0,0.00,0.00,0.00,0,2,1791046297261069,imsi-001010123456781,
2026-10-03T16:51:37.261+00:00,1791046297261,357,-1,0,gNB:3584,10,0,0,0.00,0.00,0.00,0,2,1791046297261069,imsi-001010123456780,
2026-10-03T16:51:38.261+00:00,1791046298261,358,0,0,gNB:3584,9,0,0,0.00,0.00,0.00,0,2,1791046298261061,imsi-001010123456781,
2026-10-03T16:51:38.261+00:00,1791046298261,358,0,0,gNB:3584,10,0,0,0.00,0.00,0.00,0,2,1791046298261061,imsi-001010123456780,
2026-10-03T16:51:39.262+00:00,1791046299262,359,1,0,gNB:3584,9,0,0,0.00,0.00,0.00,0,2,1791046299262588,imsi-001010123456781,
2026-10-03T16:51:39.262+00:00,1791046299262,359,1,0,gNB:3584,10,0,0,0.00,0.00,0.00,0,2,1791046299262588,imsi-001010123456780,
2026-10-03T16:51:40.261+00:00,1791046300261,360,-1,0,gNB:3584,9,0,0,0.00,0.00,0.00,0,2,1791046300261048,imsi-001010123456781,
2026-10-03T16:51:40.261+00:00,1791046300261,360,-1,0,gNB:3584,10,0,0,0.00,0.00,0.00,0,2,1791046300261048,imsi-001010123456780,
2026-10-03T16:51:41.261+00:00,1791046301261,361,0,0,gNB:3584,9,0,0,0.00,0.00,0.00,0,2,1791046301261009,imsi-001010123456781,
2026-10-03T16:51:41.261+00:00,1791046301261,361,0,0,gNB:3584,10,0,0,0.00,0.00,0.00,0,2,1791046301261009,imsi-001010123456780,
2026-10-03T16:51:42.261+00:00,1791046302261,362,0,0,gNB:3584,9,0,0,0.00,0.00,0.00,0,2,1791046302261095,imsi-001010123456781,
2026-10-03T16:51:42.261+00:00,1791046302261,362,0,0,gNB:3584,10,0,0,0.00,0.00,0.00,0,2,1791046302261095,imsi-001010123456780,
2026-10-03T16:51:43.261+00:00,1791046303261,363,0,0,gNB:3584,9,0,0,0.00,0.00,0.00,0,2,1791046303261198,imsi-001010123456781,
2026-10-03T16:51:43.261+00:00,1791046303261,363,0,0,gNB:3584,10,0,0,0.00,0.00,0.00,0,2,1791046303261198,imsi-001010123456780,
2026-10-03T16:51:44.261+00:00,1791046304261,364,0,0,gNB:3584,9,0,0,0.00,0.00,0.00,0,2,1791046304261596,imsi-001010123456781,
2026-10-03T16:51:44.261+00:00,1791046304261,364,0,0,gNB:3584,10,0,0,0.00,0.00,0.00,0,2,1791046304261596,imsi-001010123456780,
2026-10-03T16:51:45.262+00:00,1791046305262,365,1,0,gNB:3584,9,0,0,0.00,0.00,0.00,0,2,1791046305262049,imsi-001010123456781,
2026-10-03T16:51:45.262+00:00,1791046305262,365,1,0,gNB:3584,10,0,0,0.00,0.00,0.00,0,2,1791046305262049,imsi-001010123456780,
2026-10-03T16:51:46.261+00:00,1791046306261,366,-1,0,gNB:3584,9,0,0,0.00,0.00,0.00,0,2,1791046306261161,imsi-001010123456781,
2026-10-03T16:51:46.261+00:00,1791046306261,366,-1,0,gNB:3584,10,0,0,0.00,0.00,0.00,0,2,1791046306261161,imsi-001010123456780,
2026-10-03T16:51:47.260+00:00,1791046307260,367,-1,0,gNB:3584,9,0,0,0.00,0.00,0.00,0,2,1791046307260991,imsi-001010123456781,
2026-10-03T16:51:47.260+00:00,1791046307260,367,-1,0,gNB:3584,10,0,0,0.00,0.00,0.00,0,2,1791046307260991,imsi-001010123456780,
2026-10-03T16:51:48.261+00:00,1791046308261,368,1,0,gNB:3584,9,0,0,0.00,0.00,0.00,0,2,1791046308261824,imsi-001010123456781,
2026-10-03T16:51:48.261+00:00,1791046308261,368,1,0,gNB:3584,10,0,0,0.00,0.00,0.00,0,2,1791046308261824,imsi-001010123456780,
2026-10-03T16:51:49.261+00:00,1791046309261,369,0,0,gNB:3584,9,0,0,0.00,0.00,0.00,0,2,1791046309261840,imsi-001010123456781,
2026-10-03T16:51:49.261+00:00,1791046309261,369,0,0,gNB:3584,10,0,0,0.00,0.00,0.00,0,2,1791046309261840,imsi-001010123456780,
2026-10-03T16:51:50.261+00:00,1791046310261,370,0,0,gNB:3584,9,0,0,0.00,0.00,0.00,0,2,1791046310261144,imsi-001010123456781,
2026-10-03T16:51:50.261+00:00,1791046310261,370,0,0,gNB:3584,10,0,0,0.00,0.00,0.00,0,2,1791046310261144,imsi-001010123456780,
2026-10-03T16:51:51.261+00:00,1791046311261,371,0,0,gNB:3584,9,0,0,0.00,0.00,0.00,0,2,1791046311261332,imsi-001010123456781,
2026-10-03T16:51:51.261+00:00,1791046311261,371,0,0,gNB:3584,10,0,0,0.00,0.00,0.00,0,2,1791046311261332,imsi-001010123456780,
2026-10-03T16:51:52.261+00:00,1791046312261,372,0,0,gNB:3584,9,0,0,0.00,0.00,0.00,0,2,1791046312261126,imsi-001010123456781,
2026-10-03T16:51:52.261+00:00,1791046312261,372,0,0,gNB:3584,10,0,0,0.00,0.00,0.00,0,2,1791046312261126,imsi-001010123456780,
2026-10-03T16:51:53.261+00:00,1791046313261,373,0,0,gNB:3584,9,66,38,0.00,0.60,0.38,0,12,1791046313261074,imsi-001010123456781,
2026-10-03T16:51:53.261+00:00,1791046313261,373,0,0,gNB:3584,10,66,38,0.00,0.60,0.38,0,12,1791046313261074,imsi-001010123456780,
2026-10-03T16:51:54.261+00:00,1791046314261,374,0,0,gNB:3584,9,0,0,0.00,0.00,0.00,0,2,1791046314261094,imsi-001010123456781,
2026-10-03T16:51:54.261+00:00,1791046314261,374,0,0,gNB:3584,10,0,0,0.00,0.00,0.00,0,2,1791046314261094,imsi-001010123456780,
2026-10-03T16:51:55.261+00:00,1791046315261,375,0,0,gNB:3584,9,0,0,0.00,0.00,0.00,0,2,1791046315261232,imsi-001010123456781,
2026-10-03T16:51:55.261+00:00,1791046315261,375,0,0,gNB:3584,10,0,0,0.00,0.00,0.00,0,2,1791046315261232,imsi-001010123456780,
2026-10-03T16:51:56.261+00:00,1791046316261,376,0,0,gNB:3584,9,0,0,0.00,0.00,0.00,0,2,1791046316261222,imsi-001010123456781,
2026-10-03T16:51:56.261+00:00,1791046316261,376,0,0,gNB:3584,10,0,0,0.00,0.00,0.00,0,2,1791046316261222,imsi-001010123456780,
2026-10-03T16:51:57.261+00:00,1791046317261,377,0,0,gNB:3584,9,0,0,0.00,0.00,0.00,0,2,1791046317261380,imsi-001010123456781,
2026-10-03T16:51:57.261+00:00,1791046317261,377,0,0,gNB:3584,10,0,0,0.00,0.00,0.00,0,2,1791046317261380,imsi-001010123456780,
2026-10-03T16:51:58.261+00:00,1791046318261,378,0,0,gNB:3584,9,0,0,0.00,0.00,0.00,0,2,1791046318261152,imsi-001010123456781,
2026-10-03T16:51:58.261+00:00,1791046318261,378,0,0,gNB:3584,10,0,0,0.00,0.00,0.00,0,2,1791046318261152,imsi-001010123456780,
2026-10-03T16:51:59.261+00:00,1791046319261,379,0,0,gNB:3584,9,0,0,0.00,0.00,0.00,0,2,1791046319261157,imsi-001010123456781,
2026-10-03T16:51:59.261+00:00,1791046319261,379,0,0,gNB:3584,10,0,0,0.00,0.00,0.00,0,2,1791046319261157,imsi-001010123456780,
2026-10-03T16:52:00.261+00:00,1791046320261,380,0,0,gNB:3584,9,0,0,0.00,0.00,0.00,0,2,1791046320261083,imsi-001010123456781,
2026-10-03T16:52:00.261+00:00,1791046320261,380,0,0,gNB:3584,10,0,0,0.00,0.00,0.00,0,2,1791046320261083,imsi-001010123456780,
2026-10-03T16:52:01.261+00:00,1791046321261,381,0,0,gNB:3584,9,0,0,0.00,0.00,0.00,0,2,1791046321261109,imsi-001010123456781,
2026-10-03T16:52:01.261+00:00,1791046321261,381,0,0,gNB:3584,10,0,0,0.00,0.00,0.00,0,2,1791046321261109,imsi-001010123456780,
2026-10-03T16:52:02.261+00:00,1791046322261,382,0,0,gNB:3584,9,0,0,0.00,0.00,0.00,0,2,1791046322261044,imsi-001010123456781,
2026-10-03T16:52:02.261+00:00,1791046322261,382,0,0,gNB:3584,10,0,0,0.00,0.00,0.00,0,2,1791046322261044,imsi-001010123456780,
2026-10-03T16:52:03.262+00:00,1791046323262,383,1,0,gNB:3584,9,0,0,0.00,0.00,0.00,0,2,1791046323262270,imsi-001010123456781,
2026-10-03T16:52:03.262+00:00,1791046323262,383,1,0,gNB:3584,10,0,0,0.00,0.00,0.00,0,2,1791046323262270,imsi-001010123456780,
2026-10-03T16:52:04.261+00:00,1791046324261,384,-1,0,gNB:3584,9,0,0,0.00,0.00,0.00,0,2,1791046324261188,imsi-001010123456781,
2026-10-03T16:52:04.261+00:00,1791046324261,384,-1,0,gNB:3584,10,0,0,0.00,0.00,0.00,0,2,1791046324261188,imsi-001010123456780,
2026-10-03T16:52:05.262+00:00,1791046325262,385,1,1,gNB:3584,9,0,0,0.00,0.00,0.00,0,2,1791046325261662,imsi-001010123456781,
2026-10-03T16:52:05.262+00:00,1791046325262,385,1,1,gNB:3584,10,0,0,0.00,0.00,0.00,0,2,1791046325261662,imsi-001010123456780,
2026-10-03T16:52:06.263+00:00,1791046326263,386,1,2,gNB:3584,9,0,0,0.00,0.00,0.00,0,2,1791046326261591,imsi-001010123456781,
2026-10-03T16:52:06.263+00:00,1791046326263,386,1,2,gNB:3584,10,0,0,0.00,0.00,0.00,0,2,1791046326261591,imsi-001010123456780,
2026-10-03T16:52:07.262+00:00,1791046327262,387,-1,0,gNB:3584,9,0,0,0.00,0.00,0.00,0,2,1791046327262019,imsi-001010123456781,
2026-10-03T16:52:07.262+00:00,1791046327262,387,-1,0,gNB:3584,10,0,0,0.00,0.00,0.00,0,2,1791046327262019,imsi-001010123456780,
2026-10-03T16:52:08.261+00:00,1791046328261,388,-1,0,gNB:3584,9,0,0,0.00,0.00,0.00,0,2,1791046328261408,imsi-001010123456781,
2026-10-03T16:52:08.261+00:00,1791046328261,388,-1,0,gNB:3584,10,0,0,0.00,0.00,0.00,0,2,1791046328261408,imsi-001010123456780,
2026-10-03T16:52:09.261+00:00,1791046329261,389,0,0,gNB:3584,9,0,0,0.00,0.00,0.00,0,2,1791046329261588,imsi-001010123456781,
2026-10-03T16:52:09.261+00:00,1791046329261,389,0,0,gNB:3584,10,0,0,0.00,0.00,0.00,0,2,1791046329261588,imsi-001010123456780,
2026-10-03T16:52:10.261+00:00,1791046330261,390,0,0,gNB:3584,9,0,0,0.00,0.00,0.00,0,2,1791046330261755,imsi-001010123456781,
2026-10-03T16:52:10.261+00:00,1791046330261,390,0,0,gNB:3584,10,0,0,0.00,0.00,0.00,0,2,1791046330261755,imsi-001010123456780,
2026-10-03T16:52:11.262+00:00,1791046331262,391,1,1,gNB:3584,9,0,0,0.00,0.00,0.00,0,2,1791046331261568,imsi-001010123456781,
2026-10-03T16:52:11.262+00:00,1791046331262,391,1,1,gNB:3584,10,0,0,0.00,0.00,0.00,0,2,1791046331261568,imsi-001010123456780,
2026-10-03T16:52:12.262+00:00,1791046332262,392,0,0,gNB:3584,9,0,0,0.00,0.00,0.00,0,2,1791046332262062,imsi-001010123456781,
2026-10-03T16:52:12.262+00:00,1791046332262,392,0,0,gNB:3584,10,0,0,0.00,0.00,0.00,0,2,1791046332262062,imsi-001010123456780,
2026-10-03T16:52:13.261+00:00,1791046333261,393,-1,0,gNB:3584,9,66,38,0.00,0.60,0.38,0,11,1791046333261790,imsi-001010123456781,
2026-10-03T16:52:13.261+00:00,1791046333261,393,-1,0,gNB:3584,10,66,38,0.00,0.60,0.38,0,11,1791046333261790,imsi-001010123456780,
2026-10-03T16:52:14.261+00:00,1791046334261,394,0,0,gNB:3584,9,0,0,0.00,0.00,0.00,0,2,1791046334261890,imsi-001010123456781,
2026-10-03T16:52:14.261+00:00,1791046334261,394,0,0,gNB:3584,10,0,0,0.00,0.00,0.00,0,2,1791046334261890,imsi-001010123456780,
2026-10-03T16:52:15.265+00:00,1791046335265,395,4,0,gNB:3584,9,0,0,0.00,0.00,0.00,0,2,1791046335265576,imsi-001010123456781,
2026-10-03T16:52:15.265+00:00,1791046335265,395,4,0,gNB:3584,10,0,0,0.00,0.00,0.00,0,2,1791046335265576,imsi-001010123456780,
2026-10-03T16:52:16.261+00:00,1791046336261,396,-4,0,gNB:3584,9,0,0,0.00,0.00,0.00,0,2,1791046336261605,imsi-001010123456781,
2026-10-03T16:52:16.261+00:00,1791046336261,396,-4,0,gNB:3584,10,0,0,0.00,0.00,0.00,0,2,1791046336261605,imsi-001010123456780,
2026-10-03T16:52:17.261+00:00,1791046337261,397,0,0,gNB:3584,9,0,0,0.00,0.00,0.00,0,2,1791046337261350,imsi-001010123456781,
2026-10-03T16:52:17.261+00:00,1791046337261,397,0,0,gNB:3584,10,0,0,0.00,0.00,0.00,0,2,1791046337261350,imsi-001010123456780,
2026-10-03T16:52:18.261+00:00,1791046338261,398,0,0,gNB:3584,9,0,0,0.00,0.00,0.00,0,2,1791046338261039,imsi-001010123456781,
2026-10-03T16:52:18.261+00:00,1791046338261,398,0,0,gNB:3584,10,0,0,0.00,0.00,0.00,0,2,1791046338261039,imsi-001010123456780,
2026-10-03T16:52:19.261+00:00,1791046339261,399,0,0,gNB:3584,9,0,0,0.00,0.00,0.00,0,2,1791046339261314,imsi-001010123456781,
2026-10-03T16:52:19.261+00:00,1791046339261,399,0,0,gNB:3584,10,0,0,0.00,0.00,0.00,0,2,1791046339261314,imsi-001010123456780,
2026-10-03T16:52:20.261+00:00,1791046340261,400,0,0,gNB:3584,9,0,0,0.00,0.00,0.00,0,2,1791046340261290,imsi-001010123456781,
2026-10-03T16:52:20.261+00:00,1791046340261,400,0,0,gNB:3584,10,0,0,0.00,0.00,0.00,0,2,1791046340261290,imsi-001010123456780,
2026-10-03T16:52:21.262+00:00,1791046341262,401,1,0,gNB:3584,9,0,0,0.00,0.00,0.00,0,2,1791046341262174,imsi-001010123456781,
2026-10-03T16:52:21.262+00:00,1791046341262,401,1,0,gNB:3584,10,0,0,0.00,0.00,0.00,0,2,1791046341262174,imsi-001010123456780,
2026-10-03T16:52:22.261+00:00,1791046342261,402,-1,0,gNB:3584,9,0,0,0.00,0.00,0.00,0,2,1791046342261732,imsi-001010123456781,
2026-10-03T16:52:22.261+00:00,1791046342261,402,-1,0,gNB:3584,10,0,0,0.00,0.00,0.00,0,2,1791046342261732,imsi-001010123456780,
2026-10-03T16:52:23.261+00:00,1791046343261,403,0,0,gNB:3584,9,0,0,0.00,0.00,0.00,0,2,1791046343261242,imsi-001010123456781,
2026-10-03T16:52:23.261+00:00,1791046343261,403,0,0,gNB:3584,10,0,0,0.00,0.00,0.00,0,2,1791046343261242,imsi-001010123456780,
2026-10-03T16:52:24.261+00:00,1791046344261,404,0,0,gNB:3584,9,0,0,0.00,0.00,0.00,0,2,1791046344261830,imsi-001010123456781,
2026-10-03T16:52:24.261+00:00,1791046344261,404,0,0,gNB:3584,10,0,0,0.00,0.00,0.00,0,2,1791046344261830,imsi-001010123456780,
2026-10-03T16:52:25.261+00:00,1791046345261,405,0,0,gNB:3584,9,0,0,0.00,0.00,0.00,0,2,1791046345261305,imsi-001010123456781,
2026-10-03T16:52:25.261+00:00,1791046345261,405,0,0,gNB:3584,10,0,0,0.00,0.00,0.00,0,2,1791046345261305,imsi-001010123456780,
2026-10-03T16:52:26.261+00:00,1791046346261,406,0,0,gNB:3584,9,0,0,0.00,0.00,0.00,0,2,1791046346261135,imsi-001010123456781,
2026-10-03T16:52:26.261+00:00,1791046346261,406,0,0,gNB:3584,10,0,0,0.00,0.00,0.00,0,2,1791046346261135,imsi-001010123456780,
2026-10-03T16:52:27.261+00:00,1791046347261,407,0,0,gNB:3584,9,0,0,0.00,0.00,0.00,0,2,1791046347261790,imsi-001010123456781,
2026-10-03T16:52:27.261+00:00,1791046347261,407,0,0,gNB:3584,10,0,0,0.00,0.00,0.00,0,2,1791046347261790,imsi-001010123456780,
2026-10-03T16:52:28.261+00:00,1791046348261,408,0,0,gNB:3584,9,0,0,0.00,0.00,0.00,0,2,1791046348261243,imsi-001010123456781,
2026-10-03T16:52:28.261+00:00,1791046348261,408,0,0,gNB:3584,10,0,0,0.00,0.00,0.00,0,2,1791046348261243,imsi-001010123456780,
2026-10-03T16:52:29.261+00:00,1791046349261,409,0,0,gNB:3584,9,0,0,0.00,0.00,0.00,0,2,1791046349261707,imsi-001010123456781,
2026-10-03T16:52:29.261+00:00,1791046349261,409,0,0,gNB:3584,10,0,0,0.00,0.00,0.00,0,2,1791046349261707,imsi-001010123456780,
2026-10-03T16:52:30.261+00:00,1791046350261,410,0,0,gNB:3584,9,0,0,0.00,0.00,0.00,0,2,1791046350261556,imsi-001010123456781,
2026-10-03T16:52:30.261+00:00,1791046350261,410,0,0,gNB:3584,10,0,0,0.00,0.00,0.00,0,2,1791046350261556,imsi-001010123456780,
2026-10-03T16:52:31.261+00:00,1791046351261,411,0,0,gNB:3584,9,0,0,0.00,0.00,0.00,0,2,1791046351261623,imsi-001010123456781,
2026-10-03T16:52:31.261+00:00,1791046351261,411,0,0,gNB:3584,10,0,0,0.00,0.00,0.00,0,2,1791046351261623,imsi-001010123456780,
2026-10-03T16:52:32.265+00:00,1791046352265,412,4,1,gNB:3584,9,0,0,0.00,0.00,0.00,0,2,1791046352264164,imsi-001010123456781,
2026-10-03T16:52:32.265+00:00,1791046352265,412,4,1,gNB:3584,10,0,0,0.00,0.00,0.00,0,2,1791046352264164,imsi-001010123456780,
2026-10-03T16:52:33.263+00:00,1791046353263,413,-2,0,gNB:3584,9,66,38,0.00,0.60,0.38,0,12,1791046353263756,imsi-001010123456781,
2026-10-03T16:52:33.263+00:00,1791046353263,413,-2,0,gNB:3584,10,66,38,0.00,0.60,0.38,0,11,1791046353263756,imsi-001010123456780,
2026-10-03T16:52:34.261+00:00,1791046354261,414,-2,0,gNB:3584,9,0,0,0.00,0.00,0.00,0,2,1791046354261378,imsi-001010123456781,
2026-10-03T16:52:34.261+00:00,1791046354261,414,-2,0,gNB:3584,10,0,0,0.00,0.00,0.00,0,2,1791046354261378,imsi-001010123456780,
2026-10-03T16:52:35.261+00:00,1791046355261,415,0,0,gNB:3584,9,0,0,0.00,0.00,0.00,0,2,1791046355261067,imsi-001010123456781,
2026-10-03T16:52:35.261+00:00,1791046355261,415,0,0,gNB:3584,10,0,0,0.00,0.00,0.00,0,2,1791046355261067,imsi-001010123456780,
2026-10-03T16:52:36.261+00:00,1791046356261,416,0,0,gNB:3584,9,0,0,0.00,0.00,0.00,0,2,1791046356261069,imsi-001010123456781,
2026-10-03T16:52:36.261+00:00,1791046356261,416,0,0,gNB:3584,10,0,0,0.00,0.00,0.00,0,2,1791046356261069,imsi-001010123456780,
2026-10-03T16:52:37.261+00:00,1791046357261,417,0,0,gNB:3584,9,0,0,0.00,0.00,0.00,0,2,1791046357261870,imsi-001010123456781,
2026-10-03T16:52:37.261+00:00,1791046357261,417,0,0,gNB:3584,10,0,0,0.00,0.00,0.00,0,2,1791046357261870,imsi-001010123456780,
2026-10-03T16:52:38.261+00:00,1791046358261,418,0,0,gNB:3584,9,0,0,0.00,0.00,0.00,0,2,1791046358261901,imsi-001010123456781,
2026-10-03T16:52:38.261+00:00,1791046358261,418,0,0,gNB:3584,10,0,0,0.00,0.00,0.00,0,2,1791046358261901,imsi-001010123456780,
2026-10-03T16:52:39.261+00:00,1791046359261,419,0,0,gNB:3584,9,0,0,0.00,0.00,0.00,0,2,1791046359261067,imsi-001010123456781,
2026-10-03T16:52:39.261+00:00,1791046359261,419,0,0,gNB:3584,10,0,0,0.00,0.00,0.00,0,2,1791046359261067,imsi-001010123456780,
2026-10-03T16:52:40.261+00:00,1791046360261,420,0,0,gNB:3584,9,0,0,0.00,0.00,0.00,0,2,1791046360261033,imsi-001010123456781,
2026-10-03T16:52:40.261+00:00,1791046360261,420,0,0,gNB:3584,10,0,0,0.00,0.00,0.00,0,2,1791046360261033,imsi-001010123456780,
2026-10-03T16:52:41.261+00:00,1791046361261,421,0,0,gNB:3584,9,0,0,0.00,0.00,0.00,0,2,1791046361261033,imsi-001010123456781,
2026-10-03T16:52:41.261+00:00,1791046361261,421,0,0,gNB:3584,10,0,0,0.00,0.00,0.00,0,2,1791046361261033,imsi-001010123456780,
2026-10-03T16:52:42.261+00:00,1791046362261,422,0,0,gNB:3584,9,0,0,0.00,0.00,0.00,0,2,1791046362261086,imsi-001010123456781,
2026-10-03T16:52:42.261+00:00,1791046362261,422,0,0,gNB:3584,10,0,0,0.00,0.00,0.00,0,2,1791046362261086,imsi-001010123456780,
2026-10-03T16:52:43.261+00:00,1791046363261,423,0,0,gNB:3584,9,0,0,0.00,0.00,0.00,0,2,1791046363261469,imsi-001010123456781,
2026-10-03T16:52:43.261+00:00,1791046363261,423,0,0,gNB:3584,10,0,0,0.00,0.00,0.00,0,2,1791046363261469,imsi-001010123456780,
2026-10-03T16:52:44.261+00:00,1791046364261,424,0,0,gNB:3584,9,0,0,0.00,0.00,0.00,0,2,1791046364261157,imsi-001010123456781,
2026-10-03T16:52:44.261+00:00,1791046364261,424,0,0,gNB:3584,10,0,0,0.00,0.00,0.00,0,2,1791046364261157,imsi-001010123456780,
2026-10-03T16:52:45.261+00:00,1791046365261,425,0,0,gNB:3584,9,0,0,0.00,0.00,0.00,0,2,1791046365261250,imsi-001010123456781,
2026-10-03T16:52:45.261+00:00,1791046365261,425,0,0,gNB:3584,10,0,0,0.00,0.00,0.00,0,2,1791046365261250,imsi-001010123456780,
2026-10-03T16:52:46.261+00:00,1791046366261,426,0,0,gNB:3584,9,0,0,0.00,0.00,0.00,0,2,1791046366261060,imsi-001010123456781,
2026-10-03T16:52:46.261+00:00,1791046366261,426,0,0,gNB:3584,10,0,0,0.00,0.00,0.00,0,2,1791046366261060,imsi-001010123456780,
2026-10-03T16:52:47.261+00:00,1791046367261,427,0,0,gNB:3584,9,0,0,0.00,0.00,0.00,0,2,1791046367261049,imsi-001010123456781,
2026-10-03T16:52:47.261+00:00,1791046367261,427,0,0,gNB:3584,10,0,0,0.00,0.00,0.00,0,2,1791046367261049,imsi-001010123456780,
2026-10-03T16:52:48.262+00:00,1791046368262,428,1,1,gNB:3584,9,0,0,0.00,0.00,0.00,0,2,1791046368261173,imsi-001010123456781,
2026-10-03T16:52:48.262+00:00,1791046368262,428,1,1,gNB:3584,10,0,0,0.00,0.00,0.00,0,2,1791046368261173,imsi-001010123456780,
2026-10-03T16:52:49.261+00:00,1791046369261,429,-1,0,gNB:3584,9,0,0,0.00,0.00,0.00,0,2,1791046369261909,imsi-001010123456781,
2026-10-03T16:52:49.261+00:00,1791046369261,429,-1,0,gNB:3584,10,0,0,0.00,0.00,0.00,0,2,1791046369261909,imsi-001010123456780,
2026-10-03T16:52:50.261+00:00,1791046370261,430,0,0,gNB:3584,9,0,0,0.00,0.00,0.00,0,2,1791046370261710,imsi-001010123456781,
2026-10-03T16:52:50.261+00:00,1791046370261,430,0,0,gNB:3584,10,0,0,0.00,0.00,0.00,0,2,1791046370261710,imsi-001010123456780,
2026-10-03T16:52:51.261+00:00,1791046371261,431,0,0,gNB:3584,9,0,0,0.00,0.00,0.00,0,2,1791046371261769,imsi-001010123456781,
2026-10-03T16:52:51.261+00:00,1791046371261,431,0,0,gNB:3584,10,0,0,0.00,0.00,0.00,0,2,1791046371261769,imsi-001010123456780,
2026-10-03T16:52:52.261+00:00,1791046372261,432,0,0,gNB:3584,9,0,0,0.00,0.00,0.00,0,2,1791046372261160,imsi-001010123456781,
2026-10-03T16:52:52.261+00:00,1791046372261,432,0,0,gNB:3584,10,0,0,0.00,0.00,0.00,0,2,1791046372261160,imsi-001010123456780,
2026-10-03T16:52:53.261+00:00,1791046373261,433,0,0,gNB:3584,9,66,38,0.00,0.60,0.38,0,13,1791046373261597,imsi-001010123456781,
2026-10-03T16:52:53.261+00:00,1791046373261,433,0,0,gNB:3584,10,66,38,0.00,0.60,0.38,0,13,1791046373261597,imsi-001010123456780,
2026-10-03T16:52:54.261+00:00,1791046374261,434,0,0,gNB:3584,9,0,0,0.00,0.00,0.00,0,2,1791046374261340,imsi-001010123456781,
2026-10-03T16:52:54.261+00:00,1791046374261,434,0,0,gNB:3584,10,0,0,0.00,0.00,0.00,0,2,1791046374261340,imsi-001010123456780,
2026-10-03T16:52:55.261+00:00,1791046375261,435,0,0,gNB:3584,9,0,0,0.00,0.00,0.00,0,2,1791046375261142,imsi-001010123456781,
2026-10-03T16:52:55.261+00:00,1791046375261,435,0,0,gNB:3584,10,0,0,0.00,0.00,0.00,0,2,1791046375261142,imsi-001010123456780,
2026-10-03T16:52:56.261+00:00,1791046376261,436,0,0,gNB:3584,9,0,0,0.00,0.00,0.00,0,2,1791046376261089,imsi-001010123456781,
2026-10-03T16:52:56.261+00:00,1791046376261,436,0,0,gNB:3584,10,0,0,0.00,0.00,0.00,0,2,1791046376261089,imsi-001010123456780,
2026-10-03T16:52:57.261+00:00,1791046377261,437,0,0,gNB:3584,9,0,0,0.00,0.00,0.00,0,2,1791046377261596,imsi-001010123456781,
2026-10-03T16:52:57.261+00:00,1791046377261,437,0,0,gNB:3584,10,0,0,0.00,0.00,0.00,0,2,1791046377261596,imsi-001010123456780,
2026-10-03T16:52:58.261+00:00,1791046378261,438,0,0,gNB:3584,9,0,0,0.00,0.00,0.00,0,2,1791046378261896,imsi-001010123456781,
2026-10-03T16:52:58.261+00:00,1791046378261,438,0,0,gNB:3584,10,0,0,0.00,0.00,0.00,0,2,1791046378261896,imsi-001010123456780,
2026-10-03T16:52:59.261+00:00,1791046379261,439,0,0,gNB:3584,9,0,0,0.00,0.00,0.00,0,2,1791046379261048,imsi-001010123456781,
2026-10-03T16:52:59.261+00:00,1791046379261,439,0,0,gNB:3584,10,0,0,0.00,0.00,0.00,0,2,1791046379261048,imsi-001010123456780,
2026-10-03T16:53:00.261+00:00,1791046380261,440,0,0,gNB:3584,9,0,0,0.00,0.00,0.00,0,2,1791046380261151,imsi-001010123456781,
2026-10-03T16:53:00.261+00:00,1791046380261,440,0,0,gNB:3584,10,0,0,0.00,0.00,0.00,0,2,1791046380261151,imsi-001010123456780,
2026-10-03T16:53:01.261+00:00,1791046381261,441,0,0,gNB:3584,9,0,0,0.00,0.00,0.00,0,2,1791046381261035,imsi-001010123456781,
2026-10-03T16:53:01.261+00:00,1791046381261,441,0,0,gNB:3584,10,0,0,0.00,0.00,0.00,0,2,1791046381261035,imsi-001010123456780,
2026-10-03T16:53:02.261+00:00,1791046382261,442,0,0,gNB:3584,9,0,0,0.00,0.00,0.00,0,2,1791046382261431,imsi-001010123456781,
2026-10-03T16:53:02.261+00:00,1791046382261,442,0,0,gNB:3584,10,0,0,0.00,0.00,0.00,0,2,1791046382261431,imsi-001010123456780,
2026-10-03T16:53:03.261+00:00,1791046383261,443,0,0,gNB:3584,9,0,0,0.00,0.00,0.00,0,2,1791046383261599,imsi-001010123456781,
2026-10-03T16:53:03.261+00:00,1791046383261,443,0,0,gNB:3584,10,0,0,0.00,0.00,0.00,0,2,1791046383261599,imsi-001010123456780,
2026-10-03T16:53:04.262+00:00,1791046384262,444,1,0,gNB:3584,9,0,0,0.00,0.00,0.00,0,2,1791046384262353,imsi-001010123456781,
2026-10-03T16:53:04.262+00:00,1791046384262,444,1,0,gNB:3584,10,0,0,0.00,0.00,0.00,0,2,1791046384262353,imsi-001010123456780,
2026-10-03T16:53:05.261+00:00,1791046385261,445,-1,0,gNB:3584,9,0,0,0.00,0.00,0.00,0,2,1791046385261148,imsi-001010123456781,
2026-10-03T16:53:05.261+00:00,1791046385261,445,-1,0,gNB:3584,10,0,0,0.00,0.00,0.00,0,2,1791046385261148,imsi-001010123456780,
2026-10-03T16:53:06.261+00:00,1791046386261,446,0,0,gNB:3584,9,0,0,0.00,0.00,0.00,0,2,1791046386261479,imsi-001010123456781,
2026-10-03T16:53:06.261+00:00,1791046386261,446,0,0,gNB:3584,10,0,0,0.00,0.00,0.00,0,2,1791046386261479,imsi-001010123456780,
2026-10-03T16:53:07.261+00:00,1791046387261,447,0,0,gNB:3584,9,0,0,0.00,0.00,0.00,0,2,1791046387261057,imsi-001010123456781,
2026-10-03T16:53:07.261+00:00,1791046387261,447,0,0,gNB:3584,10,0,0,0.00,0.00,0.00,0,2,1791046387261057,imsi-001010123456780,
2026-10-03T16:53:08.261+00:00,1791046388261,448,0,0,gNB:3584,9,0,0,0.00,0.00,0.00,0,2,1791046388261599,imsi-001010123456781,
2026-10-03T16:53:08.261+00:00,1791046388261,448,0,0,gNB:3584,10,0,0,0.00,0.00,0.00,0,2,1791046388261599,imsi-001010123456780,
2026-10-03T16:53:09.261+00:00,1791046389261,449,0,0,gNB:3584,9,0,0,0.00,0.00,0.00,0,2,1791046389261257,imsi-001010123456781,
2026-10-03T16:53:09.261+00:00,1791046389261,449,0,0,gNB:3584,10,0,0,0.00,0.00,0.00,0,2,1791046389261257,imsi-001010123456780,
2026-10-03T16:53:10.261+00:00,1791046390261,450,0,0,gNB:3584,9,0,0,0.00,0.00,0.00,0,2,1791046390261278,imsi-001010123456781,
2026-10-03T16:53:10.261+00:00,1791046390261,450,0,0,gNB:3584,10,0,0,0.00,0.00,0.00,0,2,1791046390261278,imsi-001010123456780,
2026-10-03T16:53:11.261+00:00,1791046391261,451,0,0,gNB:3584,9,0,0,0.00,0.00,0.00,0,2,1791046391261190,imsi-001010123456781,
2026-10-03T16:53:11.261+00:00,1791046391261,451,0,0,gNB:3584,10,0,0,0.00,0.00,0.00,0,2,1791046391261190,imsi-001010123456780,
2026-10-03T16:53:12.261+00:00,1791046392261,452,0,0,gNB:3584,9,0,0,0.00,0.00,0.00,0,2,1791046392261188,imsi-001010123456781,
2026-10-03T16:53:12.261+00:00,1791046392261,452,0,0,gNB:3584,10,0,0,0.00,0.00,0.00,0,2,1791046392261188,imsi-001010123456780,
2026-10-03T16:53:13.261+00:00,1791046393261,453,0,0,gNB:3584,9,66,38,0.00,0.60,0.42,0,10,1791046393261163,imsi-001010123456781,
2026-10-03T16:53:13.261+00:00,1791046393261,453,0,0,gNB:3584,10,66,38,0.00,0.60,0.38,0,12,1791046393261163,imsi-001010123456780,
2026-10-03T16:53:14.261+00:00,1791046394261,454,0,0,gNB:3584,9,0,0,0.00,0.00,0.00,0,2,1791046394261806,imsi-001010123456781,
2026-10-03T16:53:14.261+00:00,1791046394261,454,0,0,gNB:3584,10,0,0,0.00,0.00,0.00,0,2,1791046394261806,imsi-001010123456780,
2026-10-03T16:53:15.261+00:00,1791046395261,455,0,0,gNB:3584,9,0,0,0.00,0.00,0.00,0,2,1791046395261119,imsi-001010123456781,
2026-10-03T16:53:15.261+00:00,1791046395261,455,0,0,gNB:3584,10,0,0,0.00,0.00,0.00,0,2,1791046395261119,imsi-001010123456780,
2026-10-03T16:53:16.261+00:00,1791046396261,456,0,0,gNB:3584,9,0,0,0.00,0.00,0.00,0,2,1791046396261055,imsi-001010123456781,
2026-10-03T16:53:16.261+00:00,1791046396261,456,0,0,gNB:3584,10,0,0,0.00,0.00,0.00,0,2,1791046396261055,imsi-001010123456780,
2026-10-03T16:53:17.261+00:00,1791046397261,457,0,0,gNB:3584,9,0,0,0.00,0.00,0.00,0,2,1791046397261077,imsi-001010123456781,
2026-10-03T16:53:17.261+00:00,1791046397261,457,0,0,gNB:3584,10,0,0,0.00,0.00,0.00,0,2,1791046397261077,imsi-001010123456780,
2026-10-03T16:53:18.261+00:00,1791046398261,458,0,0,gNB:3584,9,0,0,0.00,0.00,0.00,0,2,1791046398261150,imsi-001010123456781,
2026-10-03T16:53:18.261+00:00,1791046398261,458,0,0,gNB:3584,10,0,0,0.00,0.00,0.00,0,2,1791046398261150,imsi-001010123456780,
2026-10-03T16:53:19.261+00:00,1791046399261,459,0,0,gNB:3584,9,0,0,0.00,0.00,0.00,0,2,1791046399261072,imsi-001010123456781,
2026-10-03T16:53:19.261+00:00,1791046399261,459,0,0,gNB:3584,10,0,0,0.00,0.00,0.00,0,2,1791046399261072,imsi-001010123456780,
2026-10-03T16:53:20.261+00:00,1791046400261,460,0,0,gNB:3584,9,0,0,0.00,0.00,0.00,0,2,1791046400261043,imsi-001010123456781,
2026-10-03T16:53:20.261+00:00,1791046400261,460,0,0,gNB:3584,10,0,0,0.00,0.00,0.00,0,2,1791046400261043,imsi-001010123456780,
2026-10-03T16:53:21.261+00:00,1791046401261,461,0,0,gNB:3584,9,0,0,0.00,0.00,0.00,0,2,1791046401261560,imsi-001010123456781,
2026-10-03T16:53:21.261+00:00,1791046401261,461,0,0,gNB:3584,10,0,0,0.00,0.00,0.00,0,2,1791046401261560,imsi-001010123456780,
2026-10-03T16:53:22.261+00:00,1791046402261,462,0,0,gNB:3584,9,0,0,0.00,0.00,0.00,0,2,1791046402261212,imsi-001010123456781,
2026-10-03T16:53:22.261+00:00,1791046402261,462,0,0,gNB:3584,10,0,0,0.00,0.00,0.00,0,2,1791046402261212,imsi-001010123456780,
2026-10-03T16:53:23.261+00:00,1791046403261,463,0,0,gNB:3584,9,0,0,0.00,0.00,0.00,0,2,1791046403261135,imsi-001010123456781,
2026-10-03T16:53:23.261+00:00,1791046403261,463,0,0,gNB:3584,10,0,0,0.00,0.00,0.00,0,2,1791046403261135,imsi-001010123456780,
2026-10-03T16:53:24.261+00:00,1791046404261,464,0,0,gNB:3584,9,0,0,0.00,0.00,0.00,0,2,1791046404261262,imsi-001010123456781,
2026-10-03T16:53:24.261+00:00,1791046404261,464,0,0,gNB:3584,10,0,0,0.00,0.00,0.00,0,2,1791046404261262,imsi-001010123456780,
2026-10-03T16:53:25.261+00:00,1791046405261,465,0,0,gNB:3584,9,0,0,0.00,0.00,0.00,0,2,1791046405261118,imsi-001010123456781,
2026-10-03T16:53:25.261+00:00,1791046405261,465,0,0,gNB:3584,10,0,0,0.00,0.00,0.00,0,2,1791046405261118,imsi-001010123456780,
2026-10-03T16:53:26.261+00:00,1791046406261,466,0,0,gNB:3584,9,0,0,0.00,0.00,0.00,0,2,1791046406261074,imsi-001010123456781,
2026-10-03T16:53:26.261+00:00,1791046406261,466,0,0,gNB:3584,10,0,0,0.00,0.00,0.00,0,2,1791046406261074,imsi-001010123456780,
2026-10-03T16:53:27.261+00:00,1791046407261,467,0,0,gNB:3584,9,0,0,0.00,0.00,0.00,0,2,1791046407261405,imsi-001010123456781,
2026-10-03T16:53:27.261+00:00,1791046407261,467,0,0,gNB:3584,10,0,0,0.00,0.00,0.00,0,2,1791046407261405,imsi-001010123456780,
2026-10-03T16:53:28.261+00:00,1791046408261,468,0,0,gNB:3584,9,0,0,0.00,0.00,0.00,0,2,1791046408261149,imsi-001010123456781,
2026-10-03T16:53:28.261+00:00,1791046408261,468,0,0,gNB:3584,10,0,0,0.00,0.00,0.00,0,2,1791046408261149,imsi-001010123456780,
2026-10-03T16:53:29.261+00:00,1791046409261,469,0,0,gNB:3584,9,0,0,0.00,0.00,0.00,0,2,1791046409261119,imsi-001010123456781,
2026-10-03T16:53:29.261+00:00,1791046409261,469,0,0,gNB:3584,10,0,0,0.00,0.00,0.00,0,2,1791046409261119,imsi-001010123456780,
2026-10-03T16:53:30.261+00:00,1791046410261,470,0,0,gNB:3584,9,0,0,0.00,0.00,0.00,0,2,1791046410261142,imsi-001010123456781,
2026-10-03T16:53:30.261+00:00,1791046410261,470,0,0,gNB:3584,10,0,0,0.00,0.00,0.00,0,2,1791046410261142,imsi-001010123456780,
2026-10-03T16:53:31.261+00:00,1791046411261,471,0,0,gNB:3584,9,0,0,0.00,0.00,0.00,0,2,1791046411261510,imsi-001010123456781,
2026-10-03T16:53:31.261+00:00,1791046411261,471,0,0,gNB:3584,10,0,0,0.00,0.00,0.00,0,2,1791046411261510,imsi-001010123456780,
2026-10-03T16:53:32.261+00:00,1791046412261,472,0,0,gNB:3584,9,0,0,0.00,0.00,0.00,0,2,1791046412261087,imsi-001010123456781,
2026-10-03T16:53:32.261+00:00,1791046412261,472,0,0,gNB:3584,10,0,0,0.00,0.00,0.00,0,2,1791046412261087,imsi-001010123456780,
2026-10-03T16:53:33.262+00:00,1791046413262,473,1,0,gNB:3584,9,66,38,0.00,0.60,0.38,0,12,1791046413262017,imsi-001010123456781,
2026-10-03T16:53:33.262+00:00,1791046413262,473,1,0,gNB:3584,10,66,38,0.00,0.60,0.38,0,11,1791046413262017,imsi-001010123456780,
2026-10-03T16:53:34.262+00:00,1791046414262,474,0,0,gNB:3584,9,0,0,0.00,0.00,0.00,0,2,1791046414262093,imsi-001010123456781,
2026-10-03T16:53:34.262+00:00,1791046414262,474,0,0,gNB:3584,10,0,0,0.00,0.00,0.00,0,2,1791046414262093,imsi-001010123456780,
2026-10-03T16:53:35.261+00:00,1791046415261,475,-1,0,gNB:3584,9,0,0,0.00,0.00,0.00,0,2,1791046415261088,imsi-001010123456781,
2026-10-03T16:53:35.261+00:00,1791046415261,475,-1,0,gNB:3584,10,0,0,0.00,0.00,0.00,0,2,1791046415261088,imsi-001010123456780,
2026-10-03T16:53:36.261+00:00,1791046416261,476,0,0,gNB:3584,9,0,0,0.00,0.00,0.00,0,2,1791046416261397,imsi-001010123456781,
2026-10-03T16:53:36.261+00:00,1791046416261,476,0,0,gNB:3584,10,0,0,0.00,0.00,0.00,0,2,1791046416261397,imsi-001010123456780,
2026-10-03T16:53:37.261+00:00,1791046417261,477,0,0,gNB:3584,9,0,0,0.00,0.00,0.00,0,2,1791046417261997,imsi-001010123456781,
2026-10-03T16:53:37.261+00:00,1791046417261,477,0,0,gNB:3584,10,0,0,0.00,0.00,0.00,0,2,1791046417261997,imsi-001010123456780,
2026-10-03T16:53:38.262+00:00,1791046418262,478,1,0,gNB:3584,9,0,0,0.00,0.00,0.00,0,2,1791046418262276,imsi-001010123456781,
2026-10-03T16:53:38.262+00:00,1791046418262,478,1,0,gNB:3584,10,0,0,0.00,0.00,0.00,0,2,1791046418262276,imsi-001010123456780,
2026-10-03T16:53:39.261+00:00,1791046419261,479,-1,0,gNB:3584,9,0,0,0.00,0.00,0.00,0,2,1791046419261878,imsi-001010123456781,
2026-10-03T16:53:39.261+00:00,1791046419261,479,-1,0,gNB:3584,10,0,0,0.00,0.00,0.00,0,2,1791046419261878,imsi-001010123456780,
2026-10-03T16:53:40.261+00:00,1791046420261,480,0,0,gNB:3584,9,0,0,0.00,0.00,0.00,0,2,1791046420261474,imsi-001010123456781,
2026-10-03T16:53:40.261+00:00,1791046420261,480,0,0,gNB:3584,10,0,0,0.00,0.00,0.00,0,2,1791046420261474,imsi-001010123456780,
2026-10-03T16:53:41.261+00:00,1791046421261,481,0,0,gNB:3584,9,0,0,0.00,0.00,0.00,0,2,1791046421261076,imsi-001010123456781,
2026-10-03T16:53:41.261+00:00,1791046421261,481,0,0,gNB:3584,10,0,0,0.00,0.00,0.00,0,2,1791046421261076,imsi-001010123456780,
2026-10-03T16:53:42.260+00:00,1791046422260,482,-1,0,gNB:3584,9,0,0,0.00,0.00,0.00,0,2,1791046422260995,imsi-001010123456781,
2026-10-03T16:53:42.260+00:00,1791046422260,482,-1,0,gNB:3584,10,0,0,0.00,0.00,0.00,0,2,1791046422260995,imsi-001010123456780,
2026-10-03T16:53:43.261+00:00,1791046423261,483,1,0,gNB:3584,9,0,0,0.00,0.00,0.00,0,2,1791046423261029,imsi-001010123456781,
2026-10-03T16:53:43.261+00:00,1791046423261,483,1,0,gNB:3584,10,0,0,0.00,0.00,0.00,0,2,1791046423261029,imsi-001010123456780,
2026-10-03T16:53:44.261+00:00,1791046424261,484,0,0,gNB:3584,9,0,0,0.00,0.00,0.00,0,2,1791046424261068,imsi-001010123456781,
2026-10-03T16:53:44.261+00:00,1791046424261,484,0,0,gNB:3584,10,0,0,0.00,0.00,0.00,0,2,1791046424261068,imsi-001010123456780,
2026-10-03T16:53:45.261+00:00,1791046425261,485,0,0,gNB:3584,9,0,0,0.00,0.00,0.00,0,2,1791046425261082,imsi-001010123456781,
2026-10-03T16:53:45.261+00:00,1791046425261,485,0,0,gNB:3584,10,0,0,0.00,0.00,0.00,0,2,1791046425261082,imsi-001010123456780,
2026-10-03T16:53:46.261+00:00,1791046426261,486,0,0,gNB:3584,9,0,0,0.00,0.00,0.00,0,2,1791046426261646,imsi-001010123456781,
2026-10-03T16:53:46.261+00:00,1791046426261,486,0,0,gNB:3584,10,0,0,0.00,0.00,0.00,0,2,1791046426261646,imsi-001010123456780,
2026-10-03T16:53:47.261+00:00,1791046427261,487,0,0,gNB:3584,9,0,0,0.00,0.00,0.00,0,2,1791046427261010,imsi-001010123456781,
2026-10-03T16:53:47.261+00:00,1791046427261,487,0,0,gNB:3584,10,0,0,0.00,0.00,0.00,0,2,1791046427261010,imsi-001010123456780,
2026-10-03T16:53:48.261+00:00,1791046428261,488,0,0,gNB:3584,9,0,0,0.00,0.00,0.00,0,2,1791046428261185,imsi-001010123456781,
2026-10-03T16:53:48.261+00:00,1791046428261,488,0,0,gNB:3584,10,0,0,0.00,0.00,0.00,0,1,1791046428261185,imsi-001010123456780,
2026-10-03T16:53:49.261+00:00,1791046429261,489,0,0,gNB:3584,9,0,0,0.00,0.00,0.00,0,2,1791046429261046,imsi-001010123456781,
2026-10-03T16:53:49.261+00:00,1791046429261,489,0,0,gNB:3584,10,0,0,0.00,0.00,0.00,0,2,1791046429261046,imsi-001010123456780,
2026-10-03T16:53:50.261+00:00,1791046430261,490,0,0,gNB:3584,9,0,0,0.00,0.00,0.00,0,2,1791046430261070,imsi-001010123456781,
2026-10-03T16:53:50.261+00:00,1791046430261,490,0,0,gNB:3584,10,0,0,0.00,0.00,0.00,0,2,1791046430261070,imsi-001010123456780,
2026-10-03T16:53:51.261+00:00,1791046431261,491,0,0,gNB:3584,9,0,0,0.00,0.00,0.00,0,2,1791046431261122,imsi-001010123456781,
2026-10-03T16:53:51.261+00:00,1791046431261,491,0,0,gNB:3584,10,0,0,0.00,0.00,0.00,0,2,1791046431261122,imsi-001010123456780,
2026-10-03T16:53:52.261+00:00,1791046432261,492,0,0,gNB:3584,9,0,0,0.00,0.00,0.00,0,2,1791046432261066,imsi-001010123456781,
2026-10-03T16:53:52.261+00:00,1791046432261,492,0,0,gNB:3584,10,0,0,0.00,0.00,0.00,0,2,1791046432261066,imsi-001010123456780,
2026-10-03T16:53:53.261+00:00,1791046433261,493,0,0,gNB:3584,9,66,38,0.00,0.60,0.38,0,13,1791046433261134,imsi-001010123456781,
2026-10-03T16:53:53.261+00:00,1791046433261,493,0,0,gNB:3584,10,66,38,0.00,0.60,0.38,0,12,1791046433261134,imsi-001010123456780,
2026-10-03T16:53:54.261+00:00,1791046434261,494,0,0,gNB:3584,9,0,0,0.00,0.00,0.00,0,2,1791046434261096,imsi-001010123456781,
2026-10-03T16:53:54.261+00:00,1791046434261,494,0,0,gNB:3584,10,0,0,0.00,0.00,0.00,0,2,1791046434261096,imsi-001010123456780,
2026-10-03T16:53:55.261+00:00,1791046435261,495,0,0,gNB:3584,9,0,0,0.00,0.00,0.00,0,2,1791046435261162,imsi-001010123456781,
2026-10-03T16:53:55.261+00:00,1791046435261,495,0,0,gNB:3584,10,0,0,0.00,0.00,0.00,0,2,1791046435261162,imsi-001010123456780,
2026-10-03T16:53:56.261+00:00,1791046436261,496,0,0,gNB:3584,9,0,0,0.00,0.00,0.00,0,2,1791046436261423,imsi-001010123456781,
2026-10-03T16:53:56.261+00:00,1791046436261,496,0,0,gNB:3584,10,0,0,0.00,0.00,0.00,0,2,1791046436261423,imsi-001010123456780,
2026-10-03T16:53:57.261+00:00,1791046437261,497,0,0,gNB:3584,9,0,0,0.00,0.00,0.00,0,2,1791046437261151,imsi-001010123456781,
2026-10-03T16:53:57.261+00:00,1791046437261,497,0,0,gNB:3584,10,0,0,0.00,0.00,0.00,0,2,1791046437261151,imsi-001010123456780,
2026-10-03T16:53:58.261+00:00,1791046438261,498,0,0,gNB:3584,9,0,0,0.00,0.00,0.00,0,2,1791046438261533,imsi-001010123456781,
2026-10-03T16:53:58.261+00:00,1791046438261,498,0,0,gNB:3584,10,0,0,0.00,0.00,0.00,0,2,1791046438261533,imsi-001010123456780,
2026-10-03T16:53:59.261+00:00,1791046439261,499,0,0,gNB:3584,9,0,0,0.00,0.00,0.00,0,2,1791046439261944,imsi-001010123456781,
2026-10-03T16:53:59.261+00:00,1791046439261,499,0,0,gNB:3584,10,0,0,0.00,0.00,0.00,0,2,1791046439261944,imsi-001010123456780,
2026-10-03T16:54:00.261+00:00,1791046440261,500,0,0,gNB:3584,9,0,0,0.00,0.00,0.00,0,2,1791046440261598,imsi-001010123456781,
2026-10-03T16:54:00.261+00:00,1791046440261,500,0,0,gNB:3584,10,0,0,0.00,0.00,0.00,0,2,1791046440261598,imsi-001010123456780,
2026-10-03T16:54:01.261+00:00,1791046441261,501,0,0,gNB:3584,9,0,0,0.00,0.00,0.00,0,2,1791046441261059,imsi-001010123456781,
2026-10-03T16:54:01.261+00:00,1791046441261,501,0,0,gNB:3584,10,0,0,0.00,0.00,0.00,0,2,1791046441261059,imsi-001010123456780,
2026-10-03T16:54:02.261+00:00,1791046442261,502,0,0,gNB:3584,9,0,0,0.00,0.00,0.00,0,2,1791046442261601,imsi-001010123456781,
2026-10-03T16:54:02.261+00:00,1791046442261,502,0,0,gNB:3584,10,0,0,0.00,0.00,0.00,0,2,1791046442261601,imsi-001010123456780,
2026-10-03T16:54:03.261+00:00,1791046443261,503,0,0,gNB:3584,9,0,0,0.00,0.00,0.00,0,2,1791046443261145,imsi-001010123456781,
2026-10-03T16:54:03.261+00:00,1791046443261,503,0,0,gNB:3584,10,0,0,0.00,0.00,0.00,0,2,1791046443261145,imsi-001010123456780,
2026-10-03T16:54:04.261+00:00,1791046444261,504,0,0,gNB:3584,9,0,0,0.00,0.00,0.00,0,2,1791046444261068,imsi-001010123456781,
2026-10-03T16:54:04.261+00:00,1791046444261,504,0,0,gNB:3584,10,0,0,0.00,0.00,0.00,0,2,1791046444261068,imsi-001010123456780,
2026-10-03T16:54:05.261+00:00,1791046445261,505,0,0,gNB:3584,9,0,0,0.00,0.00,0.00,0,2,1791046445261287,imsi-001010123456781,
2026-10-03T16:54:05.261+00:00,1791046445261,505,0,0,gNB:3584,10,0,0,0.00,0.00,0.00,0,2,1791046445261287,imsi-001010123456780,
2026-10-03T16:54:06.261+00:00,1791046446261,506,0,0,gNB:3584,9,0,0,0.00,0.00,0.00,0,2,1791046446261115,imsi-001010123456781,
2026-10-03T16:54:06.261+00:00,1791046446261,506,0,0,gNB:3584,10,0,0,0.00,0.00,0.00,0,2,1791046446261115,imsi-001010123456780,
2026-10-03T16:54:07.261+00:00,1791046447261,507,0,0,gNB:3584,9,0,0,0.00,0.00,0.00,0,2,1791046447261233,imsi-001010123456781,
2026-10-03T16:54:07.261+00:00,1791046447261,507,0,0,gNB:3584,10,0,0,0.00,0.00,0.00,0,2,1791046447261233,imsi-001010123456780,
2026-10-03T16:54:08.261+00:00,1791046448261,508,0,0,gNB:3584,9,0,0,0.00,0.00,0.00,0,2,1791046448261331,imsi-001010123456781,
2026-10-03T16:54:08.261+00:00,1791046448261,508,0,0,gNB:3584,10,0,0,0.00,0.00,0.00,0,2,1791046448261331,imsi-001010123456780,
2026-10-03T16:54:09.261+00:00,1791046449261,509,0,0,gNB:3584,9,0,0,0.00,0.00,0.00,0,2,1791046449261049,imsi-001010123456781,
2026-10-03T16:54:09.261+00:00,1791046449261,509,0,0,gNB:3584,10,0,0,0.00,0.00,0.00,0,2,1791046449261049,imsi-001010123456780,
2026-10-03T16:54:10.261+00:00,1791046450261,510,0,0,gNB:3584,9,0,0,0.00,0.00,0.00,0,2,1791046450261336,imsi-001010123456781,
2026-10-03T16:54:10.261+00:00,1791046450261,510,0,0,gNB:3584,10,0,0,0.00,0.00,0.00,0,2,1791046450261336,imsi-001010123456780,
2026-10-03T16:54:11.261+00:00,1791046451261,511,0,0,gNB:3584,9,0,0,0.00,0.00,0.00,0,2,1791046451261828,imsi-001010123456781,
2026-10-03T16:54:11.261+00:00,1791046451261,511,0,0,gNB:3584,10,0,0,0.00,0.00,0.00,0,2,1791046451261828,imsi-001010123456780,
2026-10-03T16:54:12.261+00:00,1791046452261,512,0,0,gNB:3584,9,0,0,0.00,0.00,0.00,0,2,1791046452261637,imsi-001010123456781,
2026-10-03T16:54:12.261+00:00,1791046452261,512,0,0,gNB:3584,10,0,0,0.00,0.00,0.00,0,2,1791046452261637,imsi-001010123456780,
2026-10-03T16:54:13.261+00:00,1791046453261,513,0,0,gNB:3584,9,66,38,0.00,0.60,0.42,0,6,1791046453261556,imsi-001010123456781,
2026-10-03T16:54:13.261+00:00,1791046453261,513,0,0,gNB:3584,10,66,38,0.00,0.60,0.42,0,9,1791046453261556,imsi-001010123456780,
2026-10-03T16:54:14.261+00:00,1791046454261,514,0,0,gNB:3584,9,0,0,0.00,0.00,0.00,0,2,1791046454261277,imsi-001010123456781,
2026-10-03T16:54:14.261+00:00,1791046454261,514,0,0,gNB:3584,10,0,0,0.00,0.00,0.00,0,2,1791046454261277,imsi-001010123456780,
2026-10-03T16:54:15.261+00:00,1791046455261,515,0,0,gNB:3584,9,0,0,0.00,0.00,0.00,0,2,1791046455261747,imsi-001010123456781,
2026-10-03T16:54:15.261+00:00,1791046455261,515,0,0,gNB:3584,10,0,0,0.00,0.00,0.00,0,2,1791046455261747,imsi-001010123456780,
2026-10-03T16:54:16.261+00:00,1791046456261,516,0,0,gNB:3584,9,0,0,0.00,0.00,0.00,0,2,1791046456261668,imsi-001010123456781,
2026-10-03T16:54:16.261+00:00,1791046456261,516,0,0,gNB:3584,10,0,0,0.00,0.00,0.00,0,2,1791046456261668,imsi-001010123456780,
2026-10-03T16:54:17.263+00:00,1791046457263,517,2,0,gNB:3584,9,0,0,0.00,0.00,0.00,0,2,1791046457263471,imsi-001010123456781,
2026-10-03T16:54:17.263+00:00,1791046457263,517,2,0,gNB:3584,10,0,0,0.00,0.00,0.00,0,2,1791046457263471,imsi-001010123456780,
2026-10-03T16:54:18.263+00:00,1791046458263,518,0,0,gNB:3584,9,0,0,0.00,0.00,0.00,0,2,1791046458263045,imsi-001010123456781,
2026-10-03T16:54:18.263+00:00,1791046458263,518,0,0,gNB:3584,10,0,0,0.00,0.00,0.00,0,2,1791046458263045,imsi-001010123456780,
2026-10-03T16:54:19.261+00:00,1791046459261,519,-2,0,gNB:3584,9,0,0,0.00,0.00,0.00,0,2,1791046459261607,imsi-001010123456781,
2026-10-03T16:54:19.261+00:00,1791046459261,519,-2,0,gNB:3584,10,0,0,0.00,0.00,0.00,0,2,1791046459261607,imsi-001010123456780,
2026-10-03T16:54:20.261+00:00,1791046460261,520,0,0,gNB:3584,9,0,0,0.00,0.00,0.00,0,2,1791046460261644,imsi-001010123456781,
2026-10-03T16:54:20.261+00:00,1791046460261,520,0,0,gNB:3584,10,0,0,0.00,0.00,0.00,0,2,1791046460261644,imsi-001010123456780,
2026-10-03T16:54:21.261+00:00,1791046461261,521,0,0,gNB:3584,9,0,0,0.00,0.00,0.00,0,2,1791046461261210,imsi-001010123456781,
2026-10-03T16:54:21.261+00:00,1791046461261,521,0,0,gNB:3584,10,0,0,0.00,0.00,0.00,0,2,1791046461261210,imsi-001010123456780,
2026-10-03T16:54:22.261+00:00,1791046462261,522,0,0,gNB:3584,9,0,0,0.00,0.00,0.00,0,2,1791046462261204,imsi-001010123456781,
2026-10-03T16:54:22.261+00:00,1791046462261,522,0,0,gNB:3584,10,0,0,0.00,0.00,0.00,0,2,1791046462261204,imsi-001010123456780,
2026-10-03T16:54:23.261+00:00,1791046463261,523,0,0,gNB:3584,9,0,0,0.00,0.00,0.00,0,2,1791046463261645,imsi-001010123456781,
2026-10-03T16:54:23.261+00:00,1791046463261,523,0,0,gNB:3584,10,0,0,0.00,0.00,0.00,0,2,1791046463261645,imsi-001010123456780,
2026-10-03T16:54:24.261+00:00,1791046464261,524,0,0,gNB:3584,9,0,0,0.00,0.00,0.00,0,2,1791046464261773,imsi-001010123456781,
2026-10-03T16:54:24.261+00:00,1791046464261,524,0,0,gNB:3584,10,0,0,0.00,0.00,0.00,0,2,1791046464261773,imsi-001010123456780,
2026-10-03T16:54:25.261+00:00,1791046465261,525,0,0,gNB:3584,9,0,0,0.00,0.00,0.00,0,2,1791046465261900,imsi-001010123456781,
2026-10-03T16:54:25.261+00:00,1791046465261,525,0,0,gNB:3584,10,0,0,0.00,0.00,0.00,0,2,1791046465261900,imsi-001010123456780,
2026-10-03T16:54:26.261+00:00,1791046466261,526,0,0,gNB:3584,9,0,0,0.00,0.00,0.00,0,2,1791046466261929,imsi-001010123456781,
2026-10-03T16:54:26.261+00:00,1791046466261,526,0,0,gNB:3584,10,0,0,0.00,0.00,0.00,0,2,1791046466261929,imsi-001010123456780,
2026-10-03T16:54:27.262+00:00,1791046467262,527,1,0,gNB:3584,9,0,0,0.00,0.00,0.00,0,2,1791046467262011,imsi-001010123456781,
2026-10-03T16:54:27.262+00:00,1791046467262,527,1,0,gNB:3584,10,0,0,0.00,0.00,0.00,0,2,1791046467262011,imsi-001010123456780,
2026-10-03T16:54:28.261+00:00,1791046468261,528,-1,0,gNB:3584,9,0,0,0.00,0.00,0.00,0,2,1791046468261450,imsi-001010123456781,
2026-10-03T16:54:28.261+00:00,1791046468261,528,-1,0,gNB:3584,10,0,0,0.00,0.00,0.00,0,2,1791046468261450,imsi-001010123456780,
2026-10-03T16:54:29.261+00:00,1791046469261,529,0,0,gNB:3584,9,0,0,0.00,0.00,0.00,0,2,1791046469261280,imsi-001010123456781,
2026-10-03T16:54:29.261+00:00,1791046469261,529,0,0,gNB:3584,10,0,0,0.00,0.00,0.00,0,2,1791046469261280,imsi-001010123456780,
2026-10-03T16:54:30.261+00:00,1791046470261,530,0,0,gNB:3584,9,0,0,0.00,0.00,0.00,0,2,1791046470261110,imsi-001010123456781,
2026-10-03T16:54:30.261+00:00,1791046470261,530,0,0,gNB:3584,10,0,0,0.00,0.00,0.00,0,2,1791046470261110,imsi-001010123456780,
2026-10-03T16:54:31.261+00:00,1791046471261,531,0,0,gNB:3584,9,0,0,0.00,0.00,0.00,0,2,1791046471261059,imsi-001010123456781,
2026-10-03T16:54:31.261+00:00,1791046471261,531,0,0,gNB:3584,10,0,0,0.00,0.00,0.00,0,2,1791046471261059,imsi-001010123456780,
2026-10-03T16:54:32.261+00:00,1791046472261,532,0,0,gNB:3584,9,0,0,0.00,0.00,0.00,0,2,1791046472261040,imsi-001010123456781,
2026-10-03T16:54:32.261+00:00,1791046472261,532,0,0,gNB:3584,10,0,0,0.00,0.00,0.00,0,2,1791046472261040,imsi-001010123456780,
2026-10-03T16:54:33.261+00:00,1791046473261,533,0,0,gNB:3584,9,66,38,0.00,0.60,0.38,0,13,1791046473261081,imsi-001010123456781,
2026-10-03T16:54:33.261+00:00,1791046473261,533,0,0,gNB:3584,10,66,38,0.00,0.60,0.38,0,13,1791046473261081,imsi-001010123456780,
2026-10-03T16:54:34.261+00:00,1791046474261,534,0,0,gNB:3584,9,0,0,0.00,0.00,0.00,0,2,1791046474261103,imsi-001010123456781,
2026-10-03T16:54:34.261+00:00,1791046474261,534,0,0,gNB:3584,10,0,0,0.00,0.00,0.00,0,2,1791046474261103,imsi-001010123456780,
2026-10-03T16:54:35.261+00:00,1791046475261,535,0,0,gNB:3584,9,0,0,0.00,0.00,0.00,0,2,1791046475261126,imsi-001010123456781,
2026-10-03T16:54:35.261+00:00,1791046475261,535,0,0,gNB:3584,10,0,0,0.00,0.00,0.00,0,2,1791046475261126,imsi-001010123456780,
2026-10-03T16:54:36.261+00:00,1791046476261,536,0,0,gNB:3584,9,0,0,0.00,0.00,0.00,0,2,1791046476261073,imsi-001010123456781,
2026-10-03T16:54:36.261+00:00,1791046476261,536,0,0,gNB:3584,10,0,0,0.00,0.00,0.00,0,2,1791046476261073,imsi-001010123456780,
2026-10-03T16:54:37.261+00:00,1791046477261,537,0,0,gNB:3584,9,0,0,0.00,0.00,0.00,0,2,1791046477261121,imsi-001010123456781,
2026-10-03T16:54:37.261+00:00,1791046477261,537,0,0,gNB:3584,10,0,0,0.00,0.00,0.00,0,2,1791046477261121,imsi-001010123456780,
2026-10-03T16:54:38.261+00:00,1791046478261,538,0,0,gNB:3584,9,0,0,0.00,0.00,0.00,0,2,1791046478261640,imsi-001010123456781,
2026-10-03T16:54:38.261+00:00,1791046478261,538,0,0,gNB:3584,10,0,0,0.00,0.00,0.00,0,2,1791046478261640,imsi-001010123456780,
2026-10-03T16:54:39.261+00:00,1791046479261,539,0,0,gNB:3584,9,0,0,0.00,0.00,0.00,0,2,1791046479261581,imsi-001010123456781,
2026-10-03T16:54:39.261+00:00,1791046479261,539,0,0,gNB:3584,10,0,0,0.00,0.00,0.00,0,2,1791046479261581,imsi-001010123456780,
2026-10-03T16:54:40.261+00:00,1791046480261,540,0,0,gNB:3584,9,0,0,0.00,0.00,0.00,0,2,1791046480261417,imsi-001010123456781,
2026-10-03T16:54:40.261+00:00,1791046480261,540,0,0,gNB:3584,10,0,0,0.00,0.00,0.00,0,2,1791046480261417,imsi-001010123456780,
2026-10-03T16:54:41.261+00:00,1791046481261,541,0,0,gNB:3584,9,0,0,0.00,0.00,0.00,0,2,1791046481261447,imsi-001010123456781,
2026-10-03T16:54:41.261+00:00,1791046481261,541,0,0,gNB:3584,10,0,0,0.00,0.00,0.00,0,2,1791046481261447,imsi-001010123456780,
2026-10-03T16:54:42.261+00:00,1791046482261,542,0,0,gNB:3584,9,0,0,0.00,0.00,0.00,0,2,1791046482261029,imsi-001010123456781,
2026-10-03T16:54:42.261+00:00,1791046482261,542,0,0,gNB:3584,10,0,0,0.00,0.00,0.00,0,2,1791046482261029,imsi-001010123456780,
2026-10-03T16:54:43.261+00:00,1791046483261,543,0,0,gNB:3584,9,0,0,0.00,0.00,0.00,0,2,1791046483261070,imsi-001010123456781,
2026-10-03T16:54:43.261+00:00,1791046483261,543,0,0,gNB:3584,10,0,0,0.00,0.00,0.00,0,2,1791046483261070,imsi-001010123456780,
2026-10-03T16:54:44.262+00:00,1791046484262,544,1,0,gNB:3584,9,0,0,0.00,0.00,0.00,0,2,1791046484262418,imsi-001010123456781,
2026-10-03T16:54:44.262+00:00,1791046484262,544,1,0,gNB:3584,10,0,0,0.00,0.00,0.00,0,2,1791046484262418,imsi-001010123456780,
2026-10-03T16:54:45.261+00:00,1791046485261,545,-1,0,gNB:3584,9,0,0,0.00,0.00,0.00,0,2,1791046485261090,imsi-001010123456781,
2026-10-03T16:54:45.261+00:00,1791046485261,545,-1,0,gNB:3584,10,0,0,0.00,0.00,0.00,0,2,1791046485261090,imsi-001010123456780,
2026-10-03T16:54:46.261+00:00,1791046486261,546,0,0,gNB:3584,9,0,0,0.00,0.00,0.00,0,2,1791046486261315,imsi-001010123456781,
2026-10-03T16:54:46.261+00:00,1791046486261,546,0,0,gNB:3584,10,0,0,0.00,0.00,0.00,0,2,1791046486261315,imsi-001010123456780,
2026-10-03T16:54:47.261+00:00,1791046487261,547,0,0,gNB:3584,9,0,0,0.00,0.00,0.00,0,2,1791046487261335,imsi-001010123456781,
2026-10-03T16:54:47.261+00:00,1791046487261,547,0,0,gNB:3584,10,0,0,0.00,0.00,0.00,0,2,1791046487261335,imsi-001010123456780,
2026-10-03T16:54:48.261+00:00,1791046488261,548,0,0,gNB:3584,9,0,0,0.00,0.00,0.00,0,2,1791046488261090,imsi-001010123456781,
2026-10-03T16:54:48.261+00:00,1791046488261,548,0,0,gNB:3584,10,0,0,0.00,0.00,0.00,0,2,1791046488261090,imsi-001010123456780,
2026-10-03T16:54:49.261+00:00,1791046489261,549,0,0,gNB:3584,9,0,0,0.00,0.00,0.00,0,2,1791046489261821,imsi-001010123456781,
2026-10-03T16:54:49.261+00:00,1791046489261,549,0,0,gNB:3584,10,0,0,0.00,0.00,0.00,0,2,1791046489261821,imsi-001010123456780,
2026-10-03T16:54:50.261+00:00,1791046490261,550,0,0,gNB:3584,9,0,0,0.00,0.00,0.00,0,2,1791046490261237,imsi-001010123456781,
2026-10-03T16:54:50.261+00:00,1791046490261,550,0,0,gNB:3584,10,0,0,0.00,0.00,0.00,0,2,1791046490261237,imsi-001010123456780,
2026-10-03T16:54:51.261+00:00,1791046491261,551,0,0,gNB:3584,9,0,0,0.00,0.00,0.00,0,2,1791046491261085,imsi-001010123456781,
2026-10-03T16:54:51.261+00:00,1791046491261,551,0,0,gNB:3584,10,0,0,0.00,0.00,0.00,0,2,1791046491261085,imsi-001010123456780,
2026-10-03T16:54:52.260+00:00,1791046492260,552,-1,0,gNB:3584,9,0,0,0.00,0.00,0.00,0,2,1791046492260987,imsi-001010123456781,
2026-10-03T16:54:52.260+00:00,1791046492260,552,-1,0,gNB:3584,10,0,0,0.00,0.00,0.00,0,2,1791046492260987,imsi-001010123456780,
2026-10-03T16:54:53.261+00:00,1791046493261,553,1,0,gNB:3584,9,66,38,0.00,0.60,0.38,0,14,1791046493261100,imsi-001010123456781,
2026-10-03T16:54:53.261+00:00,1791046493261,553,1,0,gNB:3584,10,66,38,0.00,0.60,0.38,0,8,1791046493261100,imsi-001010123456780,
2026-10-03T16:54:54.261+00:00,1791046494261,554,0,0,gNB:3584,9,0,0,0.00,0.00,0.00,0,2,1791046494261144,imsi-001010123456781,
2026-10-03T16:54:54.261+00:00,1791046494261,554,0,0,gNB:3584,10,0,0,0.00,0.00,0.00,0,2,1791046494261144,imsi-001010123456780,
2026-10-03T16:54:55.261+00:00,1791046495261,555,0,0,gNB:3584,9,0,0,0.00,0.00,0.00,0,2,1791046495261653,imsi-001010123456781,
2026-10-03T16:54:55.261+00:00,1791046495261,555,0,0,gNB:3584,10,0,0,0.00,0.00,0.00,0,2,1791046495261653,imsi-001010123456780,
2026-10-03T16:54:56.262+00:00,1791046496262,556,1,0,gNB:3584,9,0,0,0.00,0.00,0.00,0,1,1791046496262069,imsi-001010123456781,
2026-10-03T16:54:56.262+00:00,1791046496262,556,1,0,gNB:3584,10,0,49,0.00,0.02,0.44,0,17,1791046496262069,imsi-001010123456780,
2026-10-03T16:54:57.261+00:00,1791046497261,557,-1,0,gNB:3584,9,0,0,0.00,0.00,0.00,0,2,1791046497261138,imsi-001010123456781,
2026-10-03T16:54:57.261+00:00,1791046497261,557,-1,0,gNB:3584,10,0,0,0.00,0.00,0.00,0,2,1791046497261138,imsi-001010123456780,
2026-10-03T16:54:58.261+00:00,1791046498261,558,0,0,gNB:3584,9,0,0,0.00,0.00,0.00,0,2,1791046498261201,imsi-001010123456781,
2026-10-03T16:54:58.261+00:00,1791046498261,558,0,0,gNB:3584,10,0,0,0.00,0.00,0.00,0,2,1791046498261201,imsi-001010123456780,
2026-10-03T16:54:59.261+00:00,1791046499261,559,0,0,gNB:3584,9,0,0,0.00,0.00,0.00,0,2,1791046499261065,imsi-001010123456781,
2026-10-03T16:54:59.261+00:00,1791046499261,559,0,0,gNB:3584,10,0,0,0.00,0.00,0.00,0,2,1791046499261065,imsi-001010123456780,
2026-10-03T16:55:00.261+00:00,1791046500261,560,0,0,gNB:3584,9,0,0,0.00,0.00,0.00,0,2,1791046500261154,imsi-001010123456781,
2026-10-03T16:55:00.261+00:00,1791046500261,560,0,0,gNB:3584,10,0,0,0.00,0.00,0.00,0,2,1791046500261154,imsi-001010123456780,
2026-10-03T16:55:01.261+00:00,1791046501261,561,0,0,gNB:3584,9,0,0,0.00,0.00,0.00,0,2,1791046501261065,imsi-001010123456781,
2026-10-03T16:55:01.261+00:00,1791046501261,561,0,0,gNB:3584,10,0,0,0.00,0.00,0.00,0,2,1791046501261065,imsi-001010123456780,
2026-10-03T16:55:02.261+00:00,1791046502261,562,0,0,gNB:3584,9,0,0,0.00,0.00,0.00,0,2,1791046502261205,imsi-001010123456781,
2026-10-03T16:55:02.261+00:00,1791046502261,562,0,0,gNB:3584,10,0,0,0.00,0.00,0.00,0,2,1791046502261205,imsi-001010123456780,
2026-10-03T16:55:03.261+00:00,1791046503261,563,0,0,gNB:3584,9,0,0,0.00,0.00,0.00,0,2,1791046503261227,imsi-001010123456781,
2026-10-03T16:55:03.261+00:00,1791046503261,563,0,0,gNB:3584,10,0,0,0.00,0.00,0.00,0,2,1791046503261227,imsi-001010123456780,
2026-10-03T16:55:04.261+00:00,1791046504261,564,0,0,gNB:3584,9,0,0,0.00,0.00,0.00,0,2,1791046504261576,imsi-001010123456781,
2026-10-03T16:55:04.261+00:00,1791046504261,564,0,0,gNB:3584,10,0,0,0.00,0.00,0.00,0,2,1791046504261576,imsi-001010123456780,
2026-10-03T16:55:05.261+00:00,1791046505261,565,0,0,gNB:3584,9,0,0,0.00,0.00,0.00,0,2,1791046505261093,imsi-001010123456781,
2026-10-03T16:55:05.261+00:00,1791046505261,565,0,0,gNB:3584,10,0,0,0.00,0.00,0.00,0,2,1791046505261093,imsi-001010123456780,
2026-10-03T16:55:06.261+00:00,1791046506261,566,0,0,gNB:3584,9,0,0,0.00,0.00,0.00,0,2,1791046506261639,imsi-001010123456781,
2026-10-03T16:55:06.261+00:00,1791046506261,566,0,0,gNB:3584,10,0,0,0.00,0.00,0.00,0,2,1791046506261639,imsi-001010123456780,
2026-10-03T16:55:07.261+00:00,1791046507261,567,0,0,gNB:3584,9,0,0,0.00,0.00,0.00,0,2,1791046507261611,imsi-001010123456781,
2026-10-03T16:55:07.261+00:00,1791046507261,567,0,0,gNB:3584,10,0,0,0.00,0.00,0.00,0,2,1791046507261611,imsi-001010123456780,
2026-10-03T16:55:08.261+00:00,1791046508261,568,0,0,gNB:3584,9,0,0,0.00,0.00,0.00,0,2,1791046508261435,imsi-001010123456781,
2026-10-03T16:55:08.261+00:00,1791046508261,568,0,0,gNB:3584,10,0,0,0.00,0.00,0.00,0,1,1791046508261435,imsi-001010123456780,
2026-10-03T16:55:09.261+00:00,1791046509261,569,0,0,gNB:3584,9,0,0,0.00,0.00,0.00,0,2,1791046509261151,imsi-001010123456781,
2026-10-03T16:55:09.261+00:00,1791046509261,569,0,0,gNB:3584,10,0,0,0.00,0.00,0.00,0,2,1791046509261151,imsi-001010123456780,
2026-10-03T16:55:10.261+00:00,1791046510261,570,0,0,gNB:3584,9,0,0,0.00,0.00,0.00,0,2,1791046510261122,imsi-001010123456781,
2026-10-03T16:55:10.261+00:00,1791046510261,570,0,0,gNB:3584,10,0,0,0.00,0.00,0.00,0,2,1791046510261122,imsi-001010123456780,
2026-10-03T16:55:11.261+00:00,1791046511261,571,0,0,gNB:3584,9,0,0,0.00,0.00,0.00,0,2,1791046511261074,imsi-001010123456781,
2026-10-03T16:55:11.261+00:00,1791046511261,571,0,0,gNB:3584,10,0,0,0.00,0.00,0.00,0,2,1791046511261074,imsi-001010123456780,
2026-10-03T16:55:12.261+00:00,1791046512261,572,0,0,gNB:3584,9,0,0,0.00,0.00,0.00,0,2,1791046512261041,imsi-001010123456781,
2026-10-03T16:55:12.261+00:00,1791046512261,572,0,0,gNB:3584,10,0,0,0.00,0.00,0.00,0,2,1791046512261041,imsi-001010123456780,
2026-10-03T16:55:13.261+00:00,1791046513261,573,0,0,gNB:3584,9,66,38,0.00,0.60,0.42,0,7,1791046513261541,imsi-001010123456781,
2026-10-03T16:55:13.261+00:00,1791046513261,573,0,0,gNB:3584,10,66,38,0.00,0.60,0.38,0,14,1791046513261541,imsi-001010123456780,
2026-10-03T16:55:14.261+00:00,1791046514261,574,0,0,gNB:3584,9,0,0,0.00,0.00,0.00,0,2,1791046514261085,imsi-001010123456781,
2026-10-03T16:55:14.261+00:00,1791046514261,574,0,0,gNB:3584,10,0,0,0.00,0.00,0.00,0,2,1791046514261085,imsi-001010123456780,
2026-10-03T16:55:15.261+00:00,1791046515261,575,0,0,gNB:3584,9,0,0,0.00,0.00,0.00,0,2,1791046515261026,imsi-001010123456781,
2026-10-03T16:55:15.261+00:00,1791046515261,575,0,0,gNB:3584,10,0,0,0.00,0.00,0.00,0,2,1791046515261026,imsi-001010123456780,
2026-10-03T16:55:16.261+00:00,1791046516261,576,0,0,gNB:3584,9,0,0,0.00,0.00,0.00,0,2,1791046516261852,imsi-001010123456781,
2026-10-03T16:55:16.261+00:00,1791046516261,576,0,0,gNB:3584,10,0,0,0.00,0.00,0.00,0,2,1791046516261852,imsi-001010123456780,
2026-10-03T16:55:17.261+00:00,1791046517261,577,0,0,gNB:3584,9,0,0,0.00,0.00,0.00,0,2,1791046517261132,imsi-001010123456781,
2026-10-03T16:55:17.261+00:00,1791046517261,577,0,0,gNB:3584,10,0,0,0.00,0.00,0.00,0,2,1791046517261132,imsi-001010123456780,
2026-10-03T16:55:18.261+00:00,1791046518261,578,0,0,gNB:3584,9,0,0,0.00,0.00,0.00,0,2,1791046518261166,imsi-001010123456781,
2026-10-03T16:55:18.261+00:00,1791046518261,578,0,0,gNB:3584,10,0,0,0.00,0.00,0.00,0,2,1791046518261166,imsi-001010123456780,
2026-10-03T16:55:19.261+00:00,1791046519261,579,0,0,gNB:3584,9,0,0,0.00,0.00,0.00,0,2,1791046519261027,imsi-001010123456781,
2026-10-03T16:55:19.261+00:00,1791046519261,579,0,0,gNB:3584,10,0,0,0.00,0.00,0.00,0,2,1791046519261027,imsi-001010123456780,
2026-10-03T16:55:20.261+00:00,1791046520261,580,0,0,gNB:3584,9,0,0,0.00,0.00,0.00,0,2,1791046520261117,imsi-001010123456781,
2026-10-03T16:55:20.261+00:00,1791046520261,580,0,0,gNB:3584,10,0,0,0.00,0.00,0.00,0,2,1791046520261117,imsi-001010123456780,
2026-10-03T16:55:21.261+00:00,1791046521261,581,0,0,gNB:3584,9,0,0,0.00,0.00,0.00,0,2,1791046521261781,imsi-001010123456781,
2026-10-03T16:55:21.261+00:00,1791046521261,581,0,0,gNB:3584,10,0,0,0.00,0.00,0.00,0,2,1791046521261781,imsi-001010123456780,
2026-10-03T16:55:22.263+00:00,1791046522263,582,2,0,gNB:3584,9,0,0,0.00,0.00,0.00,0,2,1791046522263174,imsi-001010123456781,
2026-10-03T16:55:22.263+00:00,1791046522263,582,2,0,gNB:3584,10,0,0,0.00,0.00,0.00,0,2,1791046522263174,imsi-001010123456780,
2026-10-03T16:55:23.261+00:00,1791046523261,583,-2,0,gNB:3584,9,0,0,0.00,0.00,0.00,0,2,1791046523261855,imsi-001010123456781,
2026-10-03T16:55:23.261+00:00,1791046523261,583,-2,0,gNB:3584,10,0,0,0.00,0.00,0.00,0,2,1791046523261855,imsi-001010123456780,
2026-10-03T16:55:24.262+00:00,1791046524262,584,1,0,gNB:3584,9,0,0,0.00,0.00,0.00,0,2,1791046524262090,imsi-001010123456781,
2026-10-03T16:55:24.262+00:00,1791046524262,584,1,0,gNB:3584,10,0,0,0.00,0.00,0.00,0,2,1791046524262090,imsi-001010123456780,
2026-10-03T16:55:25.261+00:00,1791046525261,585,-1,0,gNB:3584,9,0,0,0.00,0.00,0.00,0,2,1791046525261254,imsi-001010123456781,
2026-10-03T16:55:25.261+00:00,1791046525261,585,-1,0,gNB:3584,10,0,0,0.00,0.00,0.00,0,2,1791046525261254,imsi-001010123456780,
2026-10-03T16:55:26.261+00:00,1791046526261,586,0,0,gNB:3584,9,0,0,0.00,0.00,0.00,0,2,1791046526261066,imsi-001010123456781,
2026-10-03T16:55:26.261+00:00,1791046526261,586,0,0,gNB:3584,10,0,0,0.00,0.00,0.00,0,2,1791046526261066,imsi-001010123456780,
2026-10-03T16:55:27.261+00:00,1791046527261,587,0,0,gNB:3584,9,0,0,0.00,0.00,0.00,0,2,1791046527261664,imsi-001010123456781,
2026-10-03T16:55:27.261+00:00,1791046527261,587,0,0,gNB:3584,10,0,0,0.00,0.00,0.00,0,2,1791046527261664,imsi-001010123456780,
2026-10-03T16:55:28.261+00:00,1791046528261,588,0,0,gNB:3584,9,0,0,0.00,0.00,0.00,0,2,1791046528261486,imsi-001010123456781,
2026-10-03T16:55:28.261+00:00,1791046528261,588,0,0,gNB:3584,10,0,0,0.00,0.00,0.00,0,2,1791046528261486,imsi-001010123456780,
2026-10-03T16:55:29.261+00:00,1791046529261,589,0,0,gNB:3584,9,0,49,0.00,0.02,0.44,0,19,1791046529261066,imsi-001010123456781,
2026-10-03T16:55:29.261+00:00,1791046529261,589,0,0,gNB:3584,10,0,0,0.00,0.00,0.00,0,1,1791046529261066,imsi-001010123456780,
2026-10-03T16:55:30.261+00:00,1791046530261,590,0,0,gNB:3584,9,0,0,0.00,0.00,0.00,0,2,1791046530261095,imsi-001010123456781,
2026-10-03T16:55:30.261+00:00,1791046530261,590,0,0,gNB:3584,10,0,0,0.00,0.00,0.00,0,2,1791046530261095,imsi-001010123456780,
2026-10-03T16:55:31.261+00:00,1791046531261,591,0,0,gNB:3584,9,0,0,0.00,0.00,0.00,0,2,1791046531261141,imsi-001010123456781,
2026-10-03T16:55:31.261+00:00,1791046531261,591,0,0,gNB:3584,10,0,0,0.00,0.00,0.00,0,2,1791046531261141,imsi-001010123456780,
2026-10-03T16:55:32.261+00:00,1791046532261,592,0,0,gNB:3584,9,0,0,0.00,0.00,0.00,0,2,1791046532261062,imsi-001010123456781,
2026-10-03T16:55:32.261+00:00,1791046532261,592,0,0,gNB:3584,10,0,0,0.00,0.00,0.00,0,2,1791046532261062,imsi-001010123456780,
2026-10-03T16:55:33.261+00:00,1791046533261,593,0,0,gNB:3584,9,66,38,0.00,0.60,0.38,0,12,1791046533261174,imsi-001010123456781,
2026-10-03T16:55:33.261+00:00,1791046533261,593,0,0,gNB:3584,10,66,38,0.00,0.60,0.38,0,13,1791046533261174,imsi-001010123456780,
2026-10-03T16:55:34.261+00:00,1791046534261,594,0,0,gNB:3584,9,0,0,0.00,0.00,0.00,0,2,1791046534261562,imsi-001010123456781,
2026-10-03T16:55:34.261+00:00,1791046534261,594,0,0,gNB:3584,10,0,0,0.00,0.00,0.00,0,2,1791046534261562,imsi-001010123456780,
2026-10-03T16:55:35.261+00:00,1791046535261,595,0,0,gNB:3584,9,0,0,0.00,0.00,0.00,0,2,1791046535261445,imsi-001010123456781,
2026-10-03T16:55:35.261+00:00,1791046535261,595,0,0,gNB:3584,10,0,0,0.00,0.00,0.00,0,2,1791046535261445,imsi-001010123456780,
2026-10-03T16:55:36.262+00:00,1791046536262,596,1,0,gNB:3584,9,0,0,0.00,0.00,0.00,0,2,1791046536262077,imsi-001010123456781,
2026-10-03T16:55:36.262+00:00,1791046536262,596,1,0,gNB:3584,10,0,0,0.00,0.00,0.00,0,2,1791046536262077,imsi-001010123456780,
2026-10-03T16:55:37.261+00:00,1791046537261,597,-1,0,gNB:3584,9,0,0,0.00,0.00,0.00,0,2,1791046537261221,imsi-001010123456781,
2026-10-03T16:55:37.261+00:00,1791046537261,597,-1,0,gNB:3584,10,0,0,0.00,0.00,0.00,0,2,1791046537261221,imsi-001010123456780,
2026-10-03T16:55:38.261+00:00,1791046538261,598,0,0,gNB:3584,9,0,0,0.00,0.00,0.00,0,2,1791046538261266,imsi-001010123456781,
2026-10-03T16:55:38.261+00:00,1791046538261,598,0,0,gNB:3584,10,0,0,0.00,0.00,0.00,0,2,1791046538261266,imsi-001010123456780,
2026-10-03T16:55:39.261+00:00,1791046539261,599,0,0,gNB:3584,9,0,0,0.00,0.00,0.00,0,2,1791046539261038,imsi-001010123456781,
2026-10-03T16:55:39.261+00:00,1791046539261,599,0,0,gNB:3584,10,0,0,0.00,0.00,0.00,0,2,1791046539261038,imsi-001010123456780,
2026-10-03T16:55:40.261+00:00,1791046540261,600,0,0,gNB:3584,9,0,0,0.00,0.00,0.00,0,2,1791046540261161,imsi-001010123456781,
2026-10-03T16:55:40.261+00:00,1791046540261,600,0,0,gNB:3584,10,0,0,0.00,0.00,0.00,0,2,1791046540261161,imsi-001010123456780,
2026-10-03T16:55:41.261+00:00,1791046541261,601,0,0,gNB:3584,9,0,0,0.00,0.00,0.00,0,1,1791046541261145,imsi-001010123456781,
2026-10-03T16:55:41.261+00:00,1791046541261,601,0,0,gNB:3584,10,0,0,0.00,0.00,0.00,0,2,1791046541261145,imsi-001010123456780,
2026-10-03T16:55:42.261+00:00,1791046542261,602,0,0,gNB:3584,9,0,0,0.00,0.00,0.00,0,2,1791046542261056,imsi-001010123456781,
2026-10-03T16:55:42.261+00:00,1791046542261,602,0,0,gNB:3584,10,0,0,0.00,0.00,0.00,0,1,1791046542261056,imsi-001010123456780,
2026-10-03T16:55:43.261+00:00,1791046543261,603,0,0,gNB:3584,9,0,0,0.00,0.00,0.00,0,2,1791046543261080,imsi-001010123456781,
2026-10-03T16:55:43.261+00:00,1791046543261,603,0,0,gNB:3584,10,0,0,0.00,0.00,0.00,0,2,1791046543261080,imsi-001010123456780,
2026-10-03T16:55:44.261+00:00,1791046544261,604,0,0,gNB:3584,9,0,0,0.00,0.00,0.00,0,2,1791046544261092,imsi-001010123456781,
2026-10-03T16:55:44.261+00:00,1791046544261,604,0,0,gNB:3584,10,0,0,0.00,0.00,0.00,0,2,1791046544261092,imsi-001010123456780,
2026-10-03T16:55:45.261+00:00,1791046545261,605,0,0,gNB:3584,9,0,0,0.00,0.00,0.00,0,2,1791046545261081,imsi-001010123456781,
2026-10-03T16:55:45.261+00:00,1791046545261,605,0,0,gNB:3584,10,0,0,0.00,0.00,0.00,0,2,1791046545261081,imsi-001010123456780,
2026-10-03T16:55:46.261+00:00,1791046546261,606,0,0,gNB:3584,9,0,0,0.00,0.00,0.00,0,2,1791046546261187,imsi-001010123456781,
2026-10-03T16:55:46.261+00:00,1791046546261,606,0,0,gNB:3584,10,0,0,0.00,0.00,0.00,0,2,1791046546261187,imsi-001010123456780,
2026-10-03T16:55:47.261+00:00,1791046547261,607,0,0,gNB:3584,9,0,0,0.00,0.00,0.00,0,2,1791046547261779,imsi-001010123456781,
2026-10-03T16:55:47.261+00:00,1791046547261,607,0,0,gNB:3584,10,0,0,0.00,0.00,0.00,0,2,1791046547261779,imsi-001010123456780,
2026-10-03T16:55:48.261+00:00,1791046548261,608,0,0,gNB:3584,9,0,0,0.00,0.00,0.00,0,2,1791046548261510,imsi-001010123456781,
2026-10-03T16:55:48.261+00:00,1791046548261,608,0,0,gNB:3584,10,0,0,0.00,0.00,0.00,0,2,1791046548261510,imsi-001010123456780,
2026-10-03T16:55:49.261+00:00,1791046549261,609,0,0,gNB:3584,9,0,0,0.00,0.00,0.00,0,2,1791046549261096,imsi-001010123456781,
2026-10-03T16:55:49.261+00:00,1791046549261,609,0,0,gNB:3584,10,0,0,0.00,0.00,0.00,0,2,1791046549261096,imsi-001010123456780,
2026-10-03T16:55:50.261+00:00,1791046550261,610,0,0,gNB:3584,9,0,0,0.00,0.00,0.00,0,2,1791046550261431,imsi-001010123456781,
2026-10-03T16:55:50.261+00:00,1791046550261,610,0,0,gNB:3584,10,0,0,0.00,0.00,0.00,0,2,1791046550261431,imsi-001010123456780,
2026-10-03T16:55:51.261+00:00,1791046551261,611,0,0,gNB:3584,9,0,0,0.00,0.00,0.00,0,2,1791046551261047,imsi-001010123456781,
2026-10-03T16:55:51.261+00:00,1791046551261,611,0,0,gNB:3584,10,0,0,0.00,0.00,0.00,0,2,1791046551261047,imsi-001010123456780,
2026-10-03T16:55:52.260+00:00,1791046552260,612,-1,0,gNB:3584,9,0,0,0.00,0.00,0.00,0,2,1791046552260973,imsi-001010123456781,
2026-10-03T16:55:52.260+00:00,1791046552260,612,-1,0,gNB:3584,10,0,0,0.00,0.00,0.00,0,2,1791046552260973,imsi-001010123456780,
2026-10-03T16:55:53.261+00:00,1791046553261,613,1,0,gNB:3584,9,66,38,0.00,0.60,0.38,0,11,1791046553261777,imsi-001010123456781,
2026-10-03T16:55:53.261+00:00,1791046553261,613,1,0,gNB:3584,10,66,38,0.00,0.60,0.38,0,11,1791046553261777,imsi-001010123456780,
2026-10-03T16:55:54.261+00:00,1791046554261,614,0,0,gNB:3584,9,0,0,0.00,0.00,0.00,0,2,1791046554261834,imsi-001010123456781,
2026-10-03T16:55:54.261+00:00,1791046554261,614,0,0,gNB:3584,10,0,0,0.00,0.00,0.00,0,2,1791046554261834,imsi-001010123456780,
2026-10-03T16:55:55.262+00:00,1791046555262,615,1,0,gNB:3584,9,0,0,0.00,0.00,0.00,0,2,1791046555262060,imsi-001010123456781,
2026-10-03T16:55:55.262+00:00,1791046555262,615,1,0,gNB:3584,10,0,0,0.00,0.00,0.00,0,2,1791046555262060,imsi-001010123456780,
2026-10-03T16:55:56.261+00:00,1791046556261,616,-1,0,gNB:3584,9,0,0,0.00,0.00,0.00,0,2,1791046556261409,imsi-001010123456781,
2026-10-03T16:55:56.261+00:00,1791046556261,616,-1,0,gNB:3584,10,0,0,0.00,0.00,0.00,0,2,1791046556261409,imsi-001010123456780,
2026-10-03T16:55:57.261+00:00,1791046557261,617,0,0,gNB:3584,9,0,0,0.00,0.00,0.00,0,2,1791046557261438,imsi-001010123456781,
2026-10-03T16:55:57.261+00:00,1791046557261,617,0,0,gNB:3584,10,0,0,0.00,0.00,0.00,0,2,1791046557261438,imsi-001010123456780,
2026-10-03T16:55:58.262+00:00,1791046558262,618,1,0,gNB:3584,9,0,0,0.00,0.00,0.00,0,2,1791046558262062,imsi-001010123456781,
2026-10-03T16:55:58.262+00:00,1791046558262,618,1,0,gNB:3584,10,0,0,0.00,0.00,0.00,0,2,1791046558262062,imsi-001010123456780,
2026-10-03T16:55:59.261+00:00,1791046559261,619,-1,0,gNB:3584,9,0,0,0.00,0.00,0.00,0,2,1791046559261313,imsi-001010123456781,
2026-10-03T16:55:59.261+00:00,1791046559261,619,-1,0,gNB:3584,10,0,0,0.00,0.00,0.00,0,2,1791046559261313,imsi-001010123456780,
2026-10-03T16:56:00.261+00:00,1791046560261,620,0,0,gNB:3584,9,0,0,0.00,0.00,0.00,0,2,1791046560261052,imsi-001010123456781,
2026-10-03T16:56:00.261+00:00,1791046560261,620,0,0,gNB:3584,10,0,0,0.00,0.00,0.00,0,2,1791046560261052,imsi-001010123456780,
2026-10-03T16:56:01.261+00:00,1791046561261,621,0,0,gNB:3584,9,0,0,0.00,0.00,0.00,0,2,1791046561261112,imsi-001010123456781,
2026-10-03T16:56:01.261+00:00,1791046561261,621,0,0,gNB:3584,10,0,0,0.00,0.00,0.00,0,2,1791046561261112,imsi-001010123456780,
2026-10-03T16:56:02.261+00:00,1791046562261,622,0,0,gNB:3584,9,0,0,0.00,0.00,0.00,0,2,1791046562261076,imsi-001010123456781,
2026-10-03T16:56:02.261+00:00,1791046562261,622,0,0,gNB:3584,10,0,0,0.00,0.00,0.00,0,2,1791046562261076,imsi-001010123456780,
2026-10-03T16:56:03.261+00:00,1791046563261,623,0,0,gNB:3584,9,0,0,0.00,0.00,0.00,0,2,1791046563261286,imsi-001010123456781,
2026-10-03T16:56:03.261+00:00,1791046563261,623,0,0,gNB:3584,10,0,0,0.00,0.00,0.00,0,2,1791046563261286,imsi-001010123456780,
2026-10-03T16:56:09.595+00:00,1791046569595,1,,0,gNB:3584,10,0,0,0.00,0.00,0.00,0,2,1791046569595730,,
2026-10-03T16:56:10.594+00:00,1791046570594,2,-1,0,gNB:3584,9,0,0,0.00,0.00,0.00,0,2,1791046570594951,,
2026-10-03T16:56:10.594+00:00,1791046570594,2,-1,0,gNB:3584,10,0,0,0.00,0.00,0.00,0,2,1791046570594951,,
2026-10-03T16:56:11.595+00:00,1791046571595,3,1,0,gNB:3584,9,0,0,0.00,0.00,0.00,0,2,1791046571595596,,
2026-10-03T16:56:11.595+00:00,1791046571595,3,1,0,gNB:3584,10,0,0,0.00,0.00,0.00,0,2,1791046571595596,,
2026-10-03T16:56:12.595+00:00,1791046572595,4,0,0,gNB:3584,9,0,0,0.00,0.00,0.00,0,2,1791046572595135,,
2026-10-03T16:56:12.595+00:00,1791046572595,4,0,0,gNB:3584,10,0,0,0.00,0.00,0.00,0,2,1791046572595135,,
2026-10-03T16:56:13.595+00:00,1791046573595,5,0,0,gNB:3584,9,66,38,0.00,0.60,0.38,0,12,1791046573595022,,
2026-10-03T16:56:13.595+00:00,1791046573595,5,0,0,gNB:3584,10,66,38,0.00,0.60,0.38,0,12,1791046573595022,,
2026-10-03T16:56:14.595+00:00,1791046574595,6,0,0,gNB:3584,9,0,0,0.00,0.00,0.00,0,2,1791046574595147,imsi-001010123456781,
2026-10-03T16:56:14.595+00:00,1791046574595,6,0,0,gNB:3584,10,0,0,0.00,0.00,0.00,0,2,1791046574595147,imsi-001010123456780,
2026-10-03T16:56:15.595+00:00,1791046575595,7,0,0,gNB:3584,9,0,0,0.00,0.00,0.00,0,2,1791046575595337,imsi-001010123456781,
2026-10-03T16:56:15.595+00:00,1791046575595,7,0,0,gNB:3584,10,0,0,0.00,0.00,0.00,0,2,1791046575595337,imsi-001010123456780,
2026-10-03T16:56:16.595+00:00,1791046576595,8,0,0,gNB:3584,9,0,0,0.00,0.00,0.00,0,2,1791046576595101,imsi-001010123456781,
2026-10-03T16:56:16.595+00:00,1791046576595,8,0,0,gNB:3584,10,0,0,0.00,0.00,0.00,0,2,1791046576595101,imsi-001010123456780,
2026-10-03T16:56:17.594+00:00,1791046577594,9,-1,0,gNB:3584,9,0,0,0.00,0.00,0.00,0,2,1791046577594802,imsi-001010123456781,
2026-10-03T16:56:17.594+00:00,1791046577594,9,-1,0,gNB:3584,10,0,0,0.00,0.00,0.00,0,2,1791046577594802,imsi-001010123456780,
2026-10-03T16:56:18.594+00:00,1791046578594,10,0,0,gNB:3584,9,0,0,0.00,0.00,0.00,0,2,1791046578594864,imsi-001010123456781,
2026-10-03T16:56:18.594+00:00,1791046578594,10,0,0,gNB:3584,10,0,0,0.00,0.00,0.00,0,2,1791046578594864,imsi-001010123456780,
2026-10-03T16:56:19.594+00:00,1791046579594,11,0,0,gNB:3584,9,0,0,0.00,0.00,0.00,0,2,1791046579594474,imsi-001010123456781,
2026-10-03T16:56:19.594+00:00,1791046579594,11,0,0,gNB:3584,10,0,0,0.00,0.00,0.00,0,2,1791046579594474,imsi-001010123456780,
2026-10-03T16:56:20.594+00:00,1791046580594,12,0,0,gNB:3584,9,0,0,0.00,0.00,0.00,0,2,1791046580594625,imsi-001010123456781,
2026-10-03T16:56:20.594+00:00,1791046580594,12,0,0,gNB:3584,10,0,0,0.00,0.00,0.00,0,2,1791046580594625,imsi-001010123456780,
2026-10-03T16:56:21.594+00:00,1791046581594,13,0,0,gNB:3584,9,0,0,0.00,0.00,0.00,0,2,1791046581594426,imsi-001010123456781,
2026-10-03T16:56:21.594+00:00,1791046581594,13,0,0,gNB:3584,10,0,0,0.00,0.00,0.00,0,2,1791046581594426,imsi-001010123456780,
2026-10-03T16:56:22.594+00:00,1791046582594,14,0,0,gNB:3584,9,0,18435,0.00,0.02,150.92,0,48,1791046582594453,imsi-001010123456781,
2026-10-03T16:56:22.594+00:00,1791046582594,14,0,0,gNB:3584,10,0,18435,0.00,0.02,150.82,0,46,1791046582594453,imsi-001010123456780,
2026-10-03T16:56:23.594+00:00,1791046583594,15,0,0,gNB:3584,9,0,79885,0.00,0.14,654.67,0,48,1791046583594987,imsi-001010123456781,
2026-10-03T16:56:23.594+00:00,1791046583594,15,0,0,gNB:3584,10,0,82343,0.00,0.10,668.02,0,50,1791046583594987,imsi-001010123456780,
2026-10-03T16:56:24.595+00:00,1791046584595,16,1,1,gNB:3584,9,0,160999,0.00,0.10,1297.31,0,48,1791046584594745,imsi-001010123456781,
2026-10-03T16:56:24.595+00:00,1791046584595,16,1,1,gNB:3584,10,0,162228,0.00,0.12,1311.12,0,50,1791046584594745,imsi-001010123456780,
2026-10-03T16:56:25.594+00:00,1791046585594,17,-1,0,gNB:3584,9,0,204014,0.00,0.19,1637.30,0,44,1791046585594529,imsi-001010123456781,
2026-10-03T16:56:25.594+00:00,1791046585594,17,-1,0,gNB:3584,10,0,256861,0.00,0.14,2070.27,0,54,1791046585594529,imsi-001010123456780,
2026-10-03T16:56:26.595+00:00,1791046586595,18,1,0,gNB:3584,9,0,138877,0.00,0.43,1119.64,0,33,1791046586595024,imsi-001010123456781,
2026-10-03T16:56:26.595+00:00,1791046586595,18,1,0,gNB:3584,10,0,510035,0.00,0.22,4103.01,0,65,1791046586595024,imsi-001010123456780,
2026-10-03T16:56:27.594+00:00,1791046587594,19,-1,0,gNB:3584,9,0,132732,0.00,0.48,1075.43,0,28,1791046587594975,imsi-001010123456781,
2026-10-03T16:56:27.594+00:00,1791046587594,19,-1,0,gNB:3584,10,0,668576,0.00,0.29,5390.14,0,70,1791046587594975,imsi-001010123456780,
2026-10-03T16:56:28.595+00:00,1791046588595,20,1,0,gNB:3584,9,0,133961,0.00,0.38,1073.29,0,22,1791046588595048,imsi-001010123456781,
2026-10-03T16:56:28.595+00:00,1791046588595,20,1,0,gNB:3584,10,0,804995,0.00,0.31,6478.16,0,59,1791046588595048,imsi-001010123456780,
2026-10-03T16:56:29.594+00:00,1791046589594,21,-1,0,gNB:3584,9,0,137648,0.00,0.46,1108.76,0,19,1791046589594911,imsi-001010123456781,
2026-10-03T16:56:29.594+00:00,1791046589594,21,-1,0,gNB:3584,10,0,963536,0.00,0.36,7752.86,0,62,1791046589594911,imsi-001010123456780,
2026-10-03T16:56:30.595+00:00,1791046590595,22,1,0,gNB:3584,9,0,133961,0.00,0.62,1080.32,0,25,1791046590595317,imsi-001010123456781,
2026-10-03T16:56:30.595+00:00,1791046590595,22,1,0,gNB:3584,10,0,1086436,0.00,0.53,8733.81,0,68,1791046590595317,imsi-001010123456780,
2026-10-03T16:56:31.594+00:00,1791046591594,23,-1,0,gNB:3584,9,0,135190,0.00,0.60,1091.00,0,31,1791046591594950,imsi-001010123456781,
2026-10-03T16:56:31.594+00:00,1791046591594,23,-1,0,gNB:3584,10,0,528470,0.00,0.53,4254.20,0,40,1791046591594950,imsi-001010123456780,
2026-10-03T16:56:32.594+00:00,1791046592594,24,0,0,gNB:3584,9,0,132732,0.00,0.55,1069.68,0,30,1791046592594952,imsi-001010123456781,
2026-10-03T16:56:32.594+00:00,1791046592594,24,0,0,gNB:3584,10,0,528470,0.00,0.31,4253.18,0,53,1791046592594952,imsi-001010123456780,
2026-10-03T16:56:33.595+00:00,1791046593595,25,1,0,gNB:3584,9,66,130312,0.00,0.86,1058.92,0,24,1791046593595090,imsi-001010123456781,
2026-10-03T16:56:33.595+00:00,1791046593595,25,1,0,gNB:3584,10,66,522363,0.00,0.89,4212.97,0,53,1791046593595090,imsi-001010123456780,
2026-10-03T16:56:34.595+00:00,1791046594595,26,0,0,gNB:3584,9,0,135190,0.00,0.41,1082.42,0,30,1791046594595130,imsi-001010123456781,
2026-10-03T16:56:34.595+00:00,1791046594595,26,0,0,gNB:3584,10,0,550592,0.00,0.31,4424.22,0,58,1791046594595130,imsi-001010123456780,
2026-10-03T16:56:35.595+00:00,1791046595595,27,0,0,gNB:3584,9,0,133961,0.00,0.41,1077.59,0,33,1791046595595343,imsi-001010123456781,
2026-10-03T16:56:35.595+00:00,1791046595595,27,0,0,gNB:3584,10,0,524783,0.00,0.29,4222.48,0,53,1791046595595343,imsi-001010123456780,
2026-10-03T16:56:36.594+00:00,1791046596594,28,-1,0,gNB:3584,9,0,135190,0.00,0.46,1095.27,0,28,1791046596594482,imsi-001010123456781,
2026-10-03T16:56:36.594+00:00,1791046596594,28,-1,0,gNB:3584,10,0,559195,0.00,0.29,4505.40,0,42,1791046596594482,imsi-001010123456780,
2026-10-03T16:56:37.594+00:00,1791046597594,29,0,0,gNB:3584,9,0,132732,0.00,0.48,1063.37,0,30,1791046597594504,imsi-001010123456781,
2026-10-03T16:56:37.594+00:00,1791046597594,29,0,0,gNB:3584,10,0,518638,0.00,0.31,4177.86,0,59,1791046597594504,imsi-001010123456780,
2026-10-03T16:56:38.594+00:00,1791046598594,30,0,0,gNB:3584,9,0,138877,0.00,0.43,1118.52,0,22,1791046598594504,imsi-001010123456781,
2026-10-03T16:56:38.594+00:00,1791046598594,30,0,0,gNB:3584,10,0,550592,0.00,0.29,4422.26,0,58,1791046598594504,imsi-001010123456780,
2026-10-03T16:56:39.595+00:00,1791046599595,31,1,1,gNB:3584,9,0,131503,0.00,0.43,1059.32,0,28,1791046599594517,imsi-001010123456781,
2026-10-03T16:56:39.595+00:00,1791046599595,31,1,1,gNB:3584,10,0,537073,0.00,0.29,4327.13,0,62,1791046599594517,imsi-001010123456780,
2026-10-03T16:56:40.594+00:00,1791046600594,32,-1,0,gNB:3584,9,0,132732,0.00,0.46,1075.39,0,33,1791046600594447,imsi-001010123456781,
2026-10-03T16:56:40.594+00:00,1791046600594,32,-1,0,gNB:3584,10,0,528470,0.00,0.31,4258.44,0,56,1791046600594447,imsi-001010123456780,
2026-10-03T16:56:41.594+00:00,1791046601594,33,0,0,gNB:3584,9,0,131503,0.00,0.43,1054.14,0,26,1791046601594892,imsi-001010123456781,
2026-10-03T16:56:41.594+00:00,1791046601594,33,0,0,gNB:3584,10,0,540760,0.00,0.26,4351.11,0,42,1791046601594892,imsi-001010123456780,
2026-10-03T16:56:42.594+00:00,1791046602594,34,0,0,gNB:3584,9,0,138877,0.00,0.43,1119.98,0,32,1791046602594904,imsi-001010123456781,
2026-10-03T16:56:42.594+00:00,1791046602594,34,0,0,gNB:3584,10,0,564111,0.00,0.34,4532.04,0,58,1791046602594904,imsi-001010123456780,
2026-10-03T16:56:43.594+00:00,1791046603594,35,0,0,gNB:3584,9,0,130274,0.00,0.50,1048.14,0,21,1791046603594546,imsi-001010123456781,
2026-10-03T16:56:43.594+00:00,1791046603594,35,0,0,gNB:3584,10,0,513722,0.00,0.36,4143.72,0,56,1791046603594546,imsi-001010123456780,
2026-10-03T16:56:44.594+00:00,1791046604594,36,0,0,gNB:3584,9,0,132732,0.00,0.41,1070.10,0,30,1791046604594415,imsi-001010123456781,
2026-10-03T16:56:44.594+00:00,1791046604594,36,0,0,gNB:3584,10,0,550592,0.00,0.31,4429.66,0,59,1791046604594415,imsi-001010123456780,
2026-10-03T16:56:45.594+00:00,1791046605594,37,0,0,gNB:3584,9,0,133961,0.00,0.46,1079.80,0,31,1791046605594441,imsi-001010123456781,
2026-10-03T16:56:45.594+00:00,1791046605594,37,0,0,gNB:3584,10,0,506348,0.00,0.24,4077.40,0,56,1791046605594441,imsi-001010123456780,
2026-10-03T16:56:46.594+00:00,1791046606594,38,0,0,gNB:3584,9,0,132732,0.00,0.38,1069.64,0,25,1791046606594514,imsi-001010123456781,
2026-10-03T16:56:46.594+00:00,1791046606594,38,0,0,gNB:3584,10,0,556737,0.00,0.29,4472.38,0,41,1791046606594514,imsi-001010123456780,
2026-10-03T16:56:47.595+00:00,1791046607595,39,1,1,gNB:3584,9,0,130274,0.00,0.41,1054.22,0,25,1791046607594424,imsi-001010123456781,
2026-10-03T16:56:47.595+00:00,1791046607595,39,1,1,gNB:3584,10,0,548134,0.00,0.31,4417.26,0,58,1791046607594424,imsi-001010123456780,
2026-10-03T16:56:48.594+00:00,1791046608594,40,-1,0,gNB:3584,9,0,142564,0.00,0.46,1142.85,0,25,1791046608594921,imsi-001010123456781,
2026-10-03T16:56:48.594+00:00,1791046608594,40,-1,0,gNB:3584,10,0,529699,0.00,0.31,4264.72,0,59,1791046608594921,imsi-001010123456780,
2026-10-03T16:56:49.597+00:00,1791046609597,41,3,2,gNB:3584,9,0,133961,0.00,0.46,1079.73,0,31,1791046609595144,imsi-001010123456781,
2026-10-03T16:56:49.597+00:00,1791046609597,41,3,2,gNB:3584,10,0,546905,0.00,0.29,4402.44,0,61,1791046609595144,imsi-001010123456780,
2026-10-03T16:56:50.595+00:00,1791046610595,42,-2,0,gNB:3584,9,0,135190,0.00,0.41,1091.00,0,34,1791046610595742,imsi-001010123456781,
2026-10-03T16:56:50.595+00:00,1791046610595,42,-2,0,gNB:3584,10,0,529699,0.00,0.31,4257.23,0,56,1791046610595742,imsi-001010123456780,
2026-10-03T16:56:51.594+00:00,1791046611594,43,-1,0,gNB:3584,9,0,129045,0.00,0.36,1039.33,0,30,1791046611594952,imsi-001010123456781,
2026-10-03T16:56:51.594+00:00,1791046611594,43,-1,0,gNB:3584,10,0,533386,0.00,0.26,4300.55,0,36,1791046611594952,imsi-001010123456780,
2026-10-03T16:56:52.594+00:00,1791046612594,44,0,0,gNB:3584,9,0,131503,0.00,0.38,1059.84,0,26,1791046612594977,imsi-001010123456781,
2026-10-03T16:56:52.594+00:00,1791046612594,44,0,0,gNB:3584,10,0,553050,0.00,0.29,4442.64,0,58,1791046612594977,imsi-001010123456780,
2026-10-03T16:56:53.595+00:00,1791046613595,45,1,0,gNB:3584,9,66,143831,0.00,0.98,1157.56,0,27,1791046613595576,imsi-001010123456781,
2026-10-03T16:56:53.595+00:00,1791046613595,45,1,0,gNB:3584,10,66,528508,0.00,0.91,4256.98,0,56,1791046613595576,imsi-001010123456780,
2026-10-03T16:56:54.595+00:00,1791046614595,46,0,0,gNB:3584,9,0,135190,0.00,0.46,1089.32,0,34,1791046614595524,imsi-001010123456781,
2026-10-03T16:56:54.595+00:00,1791046614595,46,0,0,gNB:3584,10,0,535844,0.00,0.31,4314.13,0,57,1791046614595524,imsi-001010123456780,
2026-10-03T16:56:55.594+00:00,1791046615594,47,-1,0,gNB:3584,9,0,136419,0.00,0.41,1099.36,0,35,1791046615594458,imsi-001010123456781,
2026-10-03T16:56:55.594+00:00,1791046615594,47,-1,0,gNB:3584,10,0,496516,0.00,0.26,3991.68,0,51,1791046615594458,imsi-001010123456780,
2026-10-03T16:56:56.594+00:00,1791046616594,48,0,0,gNB:3584,9,0,133961,0.00,0.46,1079.48,0,28,1791046616594986,imsi-001010123456781,
2026-10-03T16:56:56.594+00:00,1791046616594,48,0,0,gNB:3584,10,0,566569,0.00,0.24,4561.21,0,40,1791046616594986,imsi-001010123456780,
2026-10-03T16:56:57.594+00:00,1791046617594,49,0,0,gNB:3584,9,0,125358,0.00,0.41,1012.62,0,25,1791046617594800,imsi-001010123456781,
2026-10-03T16:56:57.594+00:00,1791046617594,49,0,0,gNB:3584,10,0,548134,0.00,0.29,4415.51,0,61,1791046617594800,imsi-001010123456780,
2026-10-03T16:56:58.598+00:00,1791046618598,50,4,0,gNB:3584,9,0,140106,0.00,0.62,1125.74,0,23,1791046618598193,imsi-001010123456781,
2026-10-03T16:56:58.598+00:00,1791046618598,50,4,0,gNB:3584,10,0,550592,0.00,0.38,4426.59,0,55,1791046618598193,imsi-001010123456780,
2026-10-03T16:56:59.595+00:00,1791046619595,51,-3,0,gNB:3584,9,0,138877,0.00,0.70,1119.56,0,31,1791046619595039,imsi-001010123456781,
2026-10-03T16:56:59.595+00:00,1791046619595,51,-3,0,gNB:3584,10,0,516180,0.00,0.41,4156.53,0,51,1791046619595039,imsi-001010123456780,
2026-10-03T16:57:00.594+00:00,1791046620594,52,-1,0,gNB:3584,9,0,127816,0.00,0.58,1030.16,0,25,1791046620594584,imsi-001010123456781,
2026-10-03T16:57:00.594+00:00,1791046620594,52,-1,0,gNB:3584,10,0,518638,0.00,0.36,4296.77,0,40,1791046620594584,imsi-001010123456780,
2026-10-03T16:57:01.594+00:00,1791046621594,53,0,0,gNB:3584,9,0,137648,0.00,0.48,1108.84,0,30,1791046621594418,imsi-001010123456781,
2026-10-03T16:57:01.594+00:00,1791046621594,53,0,0,gNB:3584,10,0,555508,0.00,0.29,4347.66,0,57,1791046621594418,imsi-001010123456780,
2026-10-03T16:57:02.594+00:00,1791046622594,54,0,0,gNB:3584,9,471,76568,0.00,4.25,618.86,0,19,1791046622594383,imsi-001010123456781,
2026-10-03T16:57:02.594+00:00,1791046622594,54,0,0,gNB:3584,10,785,296559,0.00,6.71,2387.11,0,49,1791046622594383,imsi-001010123456780,
2026-10-03T16:57:03.594+00:00,1791046623594,55,0,0,gNB:3584,9,0,0,0.00,0.00,0.00,0,4,1791046623594452,imsi-001010123456781,
2026-10-03T16:57:03.594+00:00,1791046623594,55,0,0,gNB:3584,10,0,0,0.00,0.00,0.00,0,4,1791046623594452,imsi-001010123456780,
2026-10-03T16:57:04.594+00:00,1791046624594,56,0,0,gNB:3584,9,0,0,0.00,0.00,0.00,0,4,1791046624594564,imsi-001010123456781,
2026-10-03T16:57:04.594+00:00,1791046624594,56,0,0,gNB:3584,10,0,0,0.00,0.00,0.00,0,4,1791046624594564,imsi-001010123456780,
2026-10-03T16:57:05.594+00:00,1791046625594,57,0,0,gNB:3584,9,0,0,0.00,0.00,0.00,0,4,1791046625594427,imsi-001010123456781,
2026-10-03T16:57:05.594+00:00,1791046625594,57,0,0,gNB:3584,10,0,0,0.00,0.00,0.00,0,4,1791046625594427,imsi-001010123456780,
2026-10-03T16:57:06.594+00:00,1791046626594,58,0,0,gNB:3584,9,0,0,0.00,0.00,0.00,0,4,1791046626594437,imsi-001010123456781,
2026-10-03T16:57:06.594+00:00,1791046626594,58,0,0,gNB:3584,10,0,0,0.00,0.00,0.00,0,4,1791046626594437,imsi-001010123456780,
2026-10-03T16:57:07.594+00:00,1791046627594,59,0,0,gNB:3584,9,0,0,0.00,0.00,0.00,0,4,1791046627594460,imsi-001010123456781,
2026-10-03T16:57:07.594+00:00,1791046627594,59,0,0,gNB:3584,10,0,0,0.00,0.00,0.00,0,4,1791046627594460,imsi-001010123456780,
2026-10-03T16:57:08.594+00:00,1791046628594,60,0,0,gNB:3584,9,0,0,0.00,0.00,0.00,0,4,1791046628594532,imsi-001010123456781,
2026-10-03T16:57:08.594+00:00,1791046628594,60,0,0,gNB:3584,10,0,0,0.00,0.00,0.00,0,4,1791046628594532,imsi-001010123456780,
2026-10-03T16:57:09.595+00:00,1791046629595,61,1,0,gNB:3584,9,0,0,0.00,0.00,0.00,0,4,1791046629595246,imsi-001010123456781,
2026-10-03T16:57:09.595+00:00,1791046629595,61,1,0,gNB:3584,10,0,0,0.00,0.00,0.00,0,4,1791046629595246,imsi-001010123456780,
2026-10-03T16:57:10.594+00:00,1791046630594,62,-1,0,gNB:3584,9,0,0,0.00,0.00,0.00,0,4,1791046630594330,imsi-001010123456781,
2026-10-03T16:57:10.594+00:00,1791046630594,62,-1,0,gNB:3584,10,0,0,0.00,0.00,0.00,0,4,1791046630594330,imsi-001010123456780,
2026-10-03T16:57:11.594+00:00,1791046631594,63,0,0,gNB:3584,9,0,0,0.00,0.00,0.00,0,4,1791046631594401,imsi-001010123456781,
2026-10-03T16:57:11.594+00:00,1791046631594,63,0,0,gNB:3584,10,0,0,0.00,0.00,0.00,0,4,1791046631594401,imsi-001010123456780,
2026-10-03T16:57:12.595+00:00,1791046632595,64,1,0,gNB:3584,9,0,0,0.00,0.00,0.00,0,4,1791046632595155,imsi-001010123456781,
2026-10-03T16:57:12.595+00:00,1791046632595,64,1,0,gNB:3584,10,0,0,0.00,0.00,0.00,0,4,1791046632595155,imsi-001010123456780,
2026-10-03T16:57:13.594+00:00,1791046633594,65,-1,0,gNB:3584,9,66,38,0.00,0.60,0.38,0,12,1791046633594672,imsi-001010123456781,
2026-10-03T16:57:13.594+00:00,1791046633594,65,-1,0,gNB:3584,10,66,38,0.00,0.60,0.38,0,12,1791046633594672,imsi-001010123456780,
2026-10-03T16:57:14.594+00:00,1791046634594,66,0,0,gNB:3584,9,0,0,0.00,0.00,0.00,0,2,1791046634594431,imsi-001010123456781,
2026-10-03T16:57:14.594+00:00,1791046634594,66,0,0,gNB:3584,10,0,0,0.00,0.00,0.00,0,2,1791046634594431,imsi-001010123456780,
2026-10-03T16:57:15.594+00:00,1791046635594,67,0,0,gNB:3584,9,0,0,0.00,0.00,0.00,0,2,1791046635594383,imsi-001010123456781,
2026-10-03T16:57:15.594+00:00,1791046635594,67,0,0,gNB:3584,10,0,0,0.00,0.00,0.00,0,2,1791046635594383,imsi-001010123456780,
2026-10-03T16:57:16.594+00:00,1791046636594,68,0,0,gNB:3584,9,0,0,0.00,0.00,0.00,0,2,1791046636594977,imsi-001010123456781,
2026-10-03T16:57:16.594+00:00,1791046636594,68,0,0,gNB:3584,10,0,0,0.00,0.00,0.00,0,2,1791046636594977,imsi-001010123456780,
2026-10-03T16:57:17.594+00:00,1791046637594,69,0,0,gNB:3584,9,0,0,0.00,0.00,0.00,0,2,1791046637594455,imsi-001010123456781,
2026-10-03T16:57:17.594+00:00,1791046637594,69,0,0,gNB:3584,10,0,0,0.00,0.00,0.00,0,2,1791046637594455,imsi-001010123456780,
2026-10-03T16:57:18.595+00:00,1791046638595,70,1,0,gNB:3584,9,0,0,0.00,0.00,0.00,0,2,1791046638595104,imsi-001010123456781,
2026-10-03T16:57:18.595+00:00,1791046638595,70,1,0,gNB:3584,10,0,0,0.00,0.00,0.00,0,2,1791046638595104,imsi-001010123456780,
2026-10-03T16:57:19.594+00:00,1791046639594,71,-1,0,gNB:3584,9,0,0,0.00,0.00,0.00,0,2,1791046639594511,imsi-001010123456781,
2026-10-03T16:57:19.594+00:00,1791046639594,71,-1,0,gNB:3584,10,0,0,0.00,0.00,0.00,0,2,1791046639594511,imsi-001010123456780,
2026-10-03T16:57:20.595+00:00,1791046640595,72,1,1,gNB:3584,9,0,0,0.00,0.00,0.00,0,2,1791046640594488,imsi-001010123456781,
2026-10-03T16:57:20.595+00:00,1791046640595,72,1,1,gNB:3584,10,0,0,0.00,0.00,0.00,0,2,1791046640594488,imsi-001010123456780,
2026-10-03T16:57:21.594+00:00,1791046641594,73,-1,0,gNB:3584,9,0,0,0.00,0.00,0.00,0,2,1791046641594443,imsi-001010123456781,
2026-10-03T16:57:21.594+00:00,1791046641594,73,-1,0,gNB:3584,10,0,0,0.00,0.00,0.00,0,2,1791046641594443,imsi-001010123456780,
2026-10-03T16:57:22.594+00:00,1791046642594,74,0,0,gNB:3584,9,0,0,0.00,0.00,0.00,0,2,1791046642594714,imsi-001010123456781,
2026-10-03T16:57:22.594+00:00,1791046642594,74,0,0,gNB:3584,10,0,0,0.00,0.00,0.00,0,2,1791046642594714,imsi-001010123456780,
2026-10-03T16:57:23.594+00:00,1791046643594,75,0,0,gNB:3584,9,0,0,0.00,0.00,0.00,0,2,1791046643594396,imsi-001010123456781,
2026-10-03T16:57:23.594+00:00,1791046643594,75,0,0,gNB:3584,10,0,0,0.00,0.00,0.00,0,2,1791046643594396,imsi-001010123456780,
2026-10-03T16:57:24.594+00:00,1791046644594,76,0,0,gNB:3584,9,0,0,0.00,0.00,0.00,0,2,1791046644594394,imsi-001010123456781,
2026-10-03T16:57:24.594+00:00,1791046644594,76,0,0,gNB:3584,10,0,0,0.00,0.00,0.00,0,2,1791046644594394,imsi-001010123456780,
2026-10-03T16:57:25.594+00:00,1791046645594,77,0,0,gNB:3584,9,0,0,0.00,0.00,0.00,0,2,1791046645594924,imsi-001010123456781,
2026-10-03T16:57:25.594+00:00,1791046645594,77,0,0,gNB:3584,10,0,0,0.00,0.00,0.00,0,2,1791046645594924,imsi-001010123456780,
2026-10-03T16:57:26.595+00:00,1791046646595,78,1,0,gNB:3584,9,0,0,0.00,0.00,0.00,0,2,1791046646595047,imsi-001010123456781,
2026-10-03T16:57:26.595+00:00,1791046646595,78,1,0,gNB:3584,10,0,0,0.00,0.00,0.00,0,2,1791046646595047,imsi-001010123456780,
2026-10-03T16:57:27.595+00:00,1791046647595,79,0,0,gNB:3584,9,0,0,0.00,0.00,0.00,0,2,1791046647595203,imsi-001010123456781,
2026-10-03T16:57:27.595+00:00,1791046647595,79,0,0,gNB:3584,10,0,0,0.00,0.00,0.00,0,2,1791046647595203,imsi-001010123456780,
2026-10-03T16:57:28.595+00:00,1791046648595,80,0,0,gNB:3584,9,0,0,0.00,0.00,0.00,0,2,1791046648595354,imsi-001010123456781,
2026-10-03T16:57:28.595+00:00,1791046648595,80,0,0,gNB:3584,10,0,0,0.00,0.00,0.00,0,2,1791046648595354,imsi-001010123456780,
2026-10-03T16:57:29.594+00:00,1791046649594,81,-1,0,gNB:3584,9,0,0,0.00,0.00,0.00,0,2,1791046649594461,imsi-001010123456781,
2026-10-03T16:57:29.594+00:00,1791046649594,81,-1,0,gNB:3584,10,0,0,0.00,0.00,0.00,0,2,1791046649594461,imsi-001010123456780,
2026-10-03T16:57:30.594+00:00,1791046650594,82,0,0,gNB:3584,9,0,0,0.00,0.00,0.00,0,2,1791046650594390,imsi-001010123456781,
2026-10-03T16:57:30.594+00:00,1791046650594,82,0,0,gNB:3584,10,0,0,0.00,0.00,0.00,0,2,1791046650594390,imsi-001010123456780,
2026-10-03T16:57:31.594+00:00,1791046651594,83,0,0,gNB:3584,9,0,0,0.00,0.00,0.00,0,2,1791046651594536,imsi-001010123456781,
2026-10-03T16:57:31.594+00:00,1791046651594,83,0,0,gNB:3584,10,0,0,0.00,0.00,0.00,0,2,1791046651594536,imsi-001010123456780,
2026-10-03T16:57:32.594+00:00,1791046652594,84,0,0,gNB:3584,9,0,0,0.00,0.00,0.00,0,2,1791046652594382,imsi-001010123456781,
2026-10-03T16:57:32.594+00:00,1791046652594,84,0,0,gNB:3584,10,0,0,0.00,0.00,0.00,0,2,1791046652594382,imsi-001010123456780,
2026-10-03T16:57:33.594+00:00,1791046653594,85,0,0,gNB:3584,9,66,38,0.00,0.60,0.38,0,12,1791046653594463,imsi-001010123456781,
2026-10-03T16:57:33.594+00:00,1791046653594,85,0,0,gNB:3584,10,66,38,0.00,0.60,0.38,0,12,1791046653594463,imsi-001010123456780,
2026-10-03T16:57:34.594+00:00,1791046654594,86,0,0,gNB:3584,9,0,0,0.00,0.00,0.00,0,2,1791046654594887,imsi-001010123456781,
2026-10-03T16:57:34.594+00:00,1791046654594,86,0,0,gNB:3584,10,0,0,0.00,0.00,0.00,0,2,1791046654594887,imsi-001010123456780,
2026-10-03T16:57:35.595+00:00,1791046655595,87,1,0,gNB:3584,9,0,0,0.00,0.00,0.00,0,2,1791046655595018,imsi-001010123456781,
2026-10-03T16:57:35.595+00:00,1791046655595,87,1,0,gNB:3584,10,0,0,0.00,0.00,0.00,0,2,1791046655595018,imsi-001010123456780,
2026-10-03T16:57:36.594+00:00,1791046656594,88,-1,0,gNB:3584,9,0,0,0.00,0.00,0.00,0,2,1791046656594507,imsi-001010123456781,
2026-10-03T16:57:36.594+00:00,1791046656594,88,-1,0,gNB:3584,10,0,0,0.00,0.00,0.00,0,2,1791046656594507,imsi-001010123456780,
2026-10-03T16:57:37.594+00:00,1791046657594,89,0,0,gNB:3584,9,0,0,0.00,0.00,0.00,0,2,1791046657594976,imsi-001010123456781,
2026-10-03T16:57:37.594+00:00,1791046657594,89,0,0,gNB:3584,10,0,0,0.00,0.00,0.00,0,2,1791046657594976,imsi-001010123456780,
2026-10-03T16:57:38.594+00:00,1791046658594,90,0,0,gNB:3584,9,0,0,0.00,0.00,0.00,0,2,1791046658594448,imsi-001010123456781,
2026-10-03T16:57:38.594+00:00,1791046658594,90,0,0,gNB:3584,10,0,0,0.00,0.00,0.00,0,2,1791046658594448,imsi-001010123456780,
2026-10-03T16:57:39.595+00:00,1791046659595,91,1,0,gNB:3584,9,0,0,0.00,0.00,0.00,0,2,1791046659595593,imsi-001010123456781,
2026-10-03T16:57:39.595+00:00,1791046659595,91,1,0,gNB:3584,10,0,0,0.00,0.00,0.00,0,2,1791046659595593,imsi-001010123456780,
2026-10-03T16:57:40.595+00:00,1791046660595,92,0,0,gNB:3584,9,0,0,0.00,0.00,0.00,0,2,1791046660595565,imsi-001010123456781,
2026-10-03T16:57:40.595+00:00,1791046660595,92,0,0,gNB:3584,10,0,0,0.00,0.00,0.00,0,2,1791046660595565,imsi-001010123456780,
2026-10-03T16:57:41.595+00:00,1791046661595,93,0,0,gNB:3584,9,0,0,0.00,0.00,0.00,0,2,1791046661595303,imsi-001010123456781,
2026-10-03T16:57:41.595+00:00,1791046661595,93,0,0,gNB:3584,10,0,0,0.00,0.00,0.00,0,2,1791046661595303,imsi-001010123456780,
2026-10-03T16:57:42.595+00:00,1791046662595,94,0,0,gNB:3584,9,0,0,0.00,0.00,0.00,0,0,1791046662595841,imsi-001010123456781,
2026-10-03T16:57:42.595+00:00,1791046662595,94,0,0,gNB:3584,10,0,170831,0.00,0.19,1390.44,0,98,1791046662595841,imsi-001010123456780,
2026-10-03T16:57:43.595+00:00,1791046663595,95,0,0,gNB:3584,9,0,0,0.00,0.00,0.00,0,0,1791046663595104,imsi-001010123456781,
2026-10-03T16:57:43.595+00:00,1791046663595,95,0,0,gNB:3584,10,0,405570,0.00,0.26,3276.24,0,98,1791046663595104,imsi-001010123456780,
2026-10-03T16:57:44.595+00:00,1791046664595,96,0,0,gNB:3584,9,0,0,0.00,0.00,0.00,0,0,1791046664595536,imsi-001010123456781,
2026-10-03T16:57:44.595+00:00,1791046664595,96,0,0,gNB:3584,10,0,494058,0.00,0.22,3979.14,0,98,1791046664595536,imsi-001010123456780,
2026-10-03T16:57:45.595+00:00,1791046665595,97,0,0,gNB:3584,9,0,0,0.00,0.00,0.00,0,0,1791046665595931,imsi-001010123456781,
2026-10-03T16:57:45.595+00:00,1791046665595,97,0,0,gNB:3584,10,0,732484,0.00,0.31,5896.62,0,98,1791046665595931,imsi-001010123456780,
2026-10-03T16:57:46.594+00:00,1791046666594,98,-1,0,gNB:3584,9,0,0,0.00,0.00,0.00,0,0,1791046666594623,imsi-001010123456781,
2026-10-03T16:57:46.594+00:00,1791046666594,98,-1,0,gNB:3584,10,0,830804,0.00,0.48,6681.39,0,94,1791046666594623,imsi-001010123456780,
2026-10-03T16:57:47.595+00:00,1791046667595,99,1,0,gNB:3584,9,0,0,0.00,0.00,0.00,0,0,1791046667595553,imsi-001010123456781,
2026-10-03T16:57:47.595+00:00,1791046667595,99,1,0,gNB:3584,10,0,530928,0.00,0.38,4273.66,0,55,1791046667595553,imsi-001010123456780,
2026-10-03T16:57:48.594+00:00,1791046668594,100,-1,0,gNB:3584,9,0,0,0.00,0.00,0.00,0,0,1791046668594920,imsi-001010123456781,
2026-10-03T16:57:48.594+00:00,1791046668594,100,-1,0,gNB:3584,10,0,523554,0.00,0.55,4213.54,0,79,1791046668594920,imsi-001010123456780,
2026-10-03T16:57:49.594+00:00,1791046669594,101,0,0,gNB:3584,9,0,0,0.00,0.00,0.00,0,0,1791046669594958,imsi-001010123456781,
2026-10-03T16:57:49.594+00:00,1791046669594,101,0,0,gNB:3584,10,0,535844,0.00,0.50,4313.50,0,82,1791046669594958,imsi-001010123456780,
2026-10-03T16:57:50.594+00:00,1791046670594,102,0,0,gNB:3584,9,0,0,0.00,0.00,0.00,0,0,1791046670594973,imsi-001010123456781,
2026-10-03T16:57:50.594+00:00,1791046670594,102,0,0,gNB:3584,10,0,521096,0.00,0.38,4200.46,0,79,1791046670594973,imsi-001010123456780,
2026-10-03T16:57:51.595+00:00,1791046671595,103,1,0,gNB:3584,9,0,0,0.00,0.00,0.00,0,0,1791046671595440,imsi-001010123456781,
2026-10-03T16:57:51.595+00:00,1791046671595,103,1,0,gNB:3584,10,0,566569,0.00,0.34,4552.96,0,57,1791046671595440,imsi-001010123456780,
2026-10-03T16:57:52.594+00:00,1791046672594,104,-1,0,gNB:3584,9,0,0,0.00,0.00,0.00,0,0,1791046672594450,imsi-001010123456781,
2026-10-03T16:57:52.594+00:00,1791046672594,104,-1,0,gNB:3584,10,0,539531,0.00,0.29,4345.88,0,86,1791046672594450,imsi-001010123456780,
2026-10-03T16:57:53.594+00:00,1791046673594,105,0,0,gNB:3584,9,66,38,0.00,0.60,0.38,0,1,1791046673594741,imsi-001010123456781,
2026-10-03T16:57:53.594+00:00,1791046673594,105,0,0,gNB:3584,10,66,542027,0.00,0.96,4361.12,0,82,1791046673594741,imsi-001010123456780,
2026-10-03T16:57:54.594+00:00,1791046674594,106,0,0,gNB:3584,9,0,0,0.00,0.00,0.00,0,0,1791046674594403,imsi-001010123456781,
2026-10-03T16:57:54.594+00:00,1791046674594,106,0,0,gNB:3584,10,0,524783,0.00,0.38,4227.80,0,84,1791046674594403,imsi-001010123456780,
2026-10-03T16:57:55.595+00:00,1791046675595,107,1,0,gNB:3584,9,0,0,0.00,0.00,0.00,0,0,1791046675595488,imsi-001010123456781,
2026-10-03T16:57:55.595+00:00,1791046675595,107,1,0,gNB:3584,10,0,516180,0.00,0.29,4160.12,0,68,1791046675595488,imsi-001010123456780,
2026-10-03T16:57:56.594+00:00,1791046676594,108,-1,0,gNB:3584,9,0,0,0.00,0.00,0.00,0,0,1791046676594830,imsi-001010123456781,
2026-10-03T16:57:56.594+00:00,1791046676594,108,-1,0,gNB:3584,10,0,566569,0.00,0.34,4550.18,0,70,1791046676594830,imsi-001010123456780,
2026-10-03T16:57:57.594+00:00,1791046677594,109,0,0,gNB:3584,9,0,0,0.00,0.00,0.00,0,0,1791046677594422,imsi-001010123456781,
2026-10-03T16:57:57.594+00:00,1791046677594,109,0,0,gNB:3584,10,0,527241,0.00,0.34,4248.00,0,87,1791046677594422,imsi-001010123456780,
2026-10-03T16:57:58.594+00:00,1791046678594,110,0,0,gNB:3584,9,0,0,0.00,0.00,0.00,0,0,1791046678594445,imsi-001010123456781,
2026-10-03T16:57:58.594+00:00,1791046678594,110,0,0,gNB:3584,10,0,534615,0.00,0.31,4301.90,0,85,1791046678594445,imsi-001010123456780,
2026-10-03T16:57:59.594+00:00,1791046679594,111,0,0,gNB:3584,9,0,0,0.00,0.00,0.00,0,0,1791046679594516,imsi-001010123456781,
2026-10-03T16:57:59.594+00:00,1791046679594,111,0,0,gNB:3584,10,0,544447,0.00,0.34,4390.06,0,86,1791046679594516,imsi-001010123456780,
2026-10-03T16:58:00.594+00:00,1791046680594,112,0,0,gNB:3584,9,0,0,0.00,0.00,0.00,0,0,1791046680594809,imsi-001010123456781,
2026-10-03T16:58:00.594+00:00,1791046680594,112,0,0,gNB:3584,10,0,537073,0.00,0.38,4314.95,0,84,1791046680594809,imsi-001010123456780,
2026-10-03T16:58:01.600+00:00,1791046681600,113,6,4,gNB:3584,9,0,0,0.00,0.00,0.00,0,0,1791046681596616,imsi-001010123456781,
2026-10-03T16:58:01.600+00:00,1791046681600,113,6,4,gNB:3584,10,0,543218,0.00,0.34,4377.98,0,52,1791046681596616,imsi-001010123456780,
2026-10-03T16:58:02.594+00:00,1791046682594,114,-6,0,gNB:3584,10,0,526012,0.00,0.48,4232.74,0,80,1791046682594543,imsi-001010123456780,
2026-10-03T16:58:03.594+00:00,1791046683594,115,0,0,gNB:3584,10,0,532157,0.00,0.29,4287.53,0,86,1791046683594902,imsi-001010123456780,
2026-10-03T16:58:04.596+00:00,1791046684596,116,2,1,gNB:3584,10,0,545676,0.00,0.26,4392.93,0,85,1791046684595376,imsi-001010123456780,
2026-10-03T16:58:05.594+00:00,1791046685594,117,-2,0,gNB:3584,10,0,522325,0.00,0.33,4252.97,0,84,1791046685594359,imsi-001010123456780,
2026-10-03T16:58:06.594+00:00,1791046686594,118,0,0,gNB:3584,10,0,410486,0.00,0.17,3302.93,0,48,1791046686594457,imsi-001010123456780,
2026-10-03T16:58:07.596+00:00,1791046687596,119,2,2,gNB:3584,10,0,94633,0.00,0.02,758.42,0,98,1791046687594380,imsi-001010123456780,
2026-10-03T16:58:08.594+00:00,1791046688594,120,-2,0,gNB:3584,10,0,899628,0.00,0.36,7236.46,0,99,1791046688594395,imsi-001010123456780,
2026-10-03T16:58:09.594+00:00,1791046689594,121,0,0,gNB:3584,10,0,761980,0.00,0.36,6138.78,0,96,1791046689594457,imsi-001010123456780,
2026-10-03T16:58:10.594+00:00,1791046690594,122,0,0,gNB:3584,10,0,538302,0.00,0.41,4327.15,0,78,1791046690594429,imsi-001010123456780,
2026-10-03T16:58:10.594+00:00,1791046690594,122,0,0,gNB:3584,11,0,0,0.00,0.00,0.00,0,5,1791046690594429,,
2026-10-03T16:58:11.595+00:00,1791046691595,123,1,0,gNB:3584,10,0,540760,0.00,0.38,4352.56,0,82,1791046691595273,imsi-001010123456780,
2026-10-03T16:58:11.595+00:00,1791046691595,123,1,0,gNB:3584,11,0,49,0.00,0.02,0.48,0,2,1791046691595273,,
2026-10-03T16:58:12.594+00:00,1791046692594,124,-1,0,gNB:3584,10,0,539531,0.00,0.46,4342.60,0,55,1791046692594411,imsi-001010123456780,
2026-10-03T16:58:12.594+00:00,1791046692594,124,-1,0,gNB:3584,11,0,0,0.00,0.00,0.00,0,0,1791046692594411,,
2026-10-03T16:58:13.594+00:00,1791046693594,125,0,0,gNB:3584,10,66,528508,0.00,1.20,4257.37,0,78,1791046693594410,imsi-001010123456780,
2026-10-03T16:58:13.594+00:00,1791046693594,125,0,0,gNB:3584,11,0,0,0.00,0.00,0.00,0,0,1791046693594410,,
2026-10-03T16:58:14.598+00:00,1791046694598,126,4,1,gNB:3584,10,0,508806,0.00,0.50,4094.66,0,79,1791046694597451,imsi-001010123456780,
2026-10-03T16:58:14.598+00:00,1791046694598,126,4,1,gNB:3584,11,0,49,0.00,0.02,0.44,0,1,1791046694597451,,
2026-10-03T16:58:15.594+00:00,1791046695594,127,-4,0,gNB:3584,10,0,546905,0.00,0.36,4407.45,0,83,1791046695594361,imsi-001010123456780,
2026-10-03T16:58:15.594+00:00,1791046695594,127,-4,0,gNB:3584,11,0,0,0.00,0.00,0.00,0,0,1791046695594361,imsi-001010123456781,
2026-10-03T16:58:16.594+00:00,1791046696594,128,0,0,gNB:3584,10,0,546905,0.00,0.26,4399.41,0,58,1791046696594450,imsi-001010123456780,
2026-10-03T16:58:16.594+00:00,1791046696594,128,0,0,gNB:3584,11,0,0,0.00,0.00,0.00,0,0,1791046696594450,imsi-001010123456781,
2026-10-03T16:58:17.594+00:00,1791046697594,129,0,0,gNB:3584,10,0,534615,0.00,0.31,4305.04,0,84,1791046697594465,imsi-001010123456780,
2026-10-03T16:58:17.594+00:00,1791046697594,129,0,0,gNB:3584,11,0,0,0.00,0.00,0.00,0,0,1791046697594465,imsi-001010123456781,
2026-10-03T16:58:18.594+00:00,1791046698594,130,0,0,gNB:3584,10,0,551821,0.00,0.26,4436.45,0,86,1791046698594417,imsi-001010123456780,
2026-10-03T16:58:18.594+00:00,1791046698594,130,0,0,gNB:3584,11,0,0,0.00,0.00,0.00,0,0,1791046698594417,imsi-001010123456781,
2026-10-03T16:58:19.595+00:00,1791046699595,131,1,0,gNB:3584,10,0,510035,0.00,0.26,4113.15,0,86,1791046699595079,imsi-001010123456780,
2026-10-03T16:58:19.595+00:00,1791046699595,131,1,0,gNB:3584,11,0,0,0.00,0.00,0.00,0,0,1791046699595079,imsi-001010123456781,
2026-10-03T16:58:20.594+00:00,1791046700594,132,-1,0,gNB:3584,10,0,529699,0.00,0.36,4256.07,0,85,1791046700594521,imsi-001010123456780,
2026-10-03T16:58:20.594+00:00,1791046700594,132,-1,0,gNB:3584,11,0,0,0.00,0.00,0.00,0,0,1791046700594521,imsi-001010123456781,
2026-10-03T16:58:21.594+00:00,1791046701594,133,0,0,gNB:3584,10,0,550592,0.00,0.34,4431.41,0,55,1791046701594417,imsi-001010123456780,
2026-10-03T16:58:21.594+00:00,1791046701594,133,0,0,gNB:3584,11,0,49,0.00,0.02,0.44,0,1,1791046701594417,imsi-001010123456781,
2026-10-03T16:58:22.594+00:00,1791046702594,134,0,0,gNB:3584,10,0,549363,0.00,0.53,4428.62,0,81,1791046702594444,imsi-001010123456780,
2026-10-03T16:58:22.594+00:00,1791046702594,134,0,0,gNB:3584,11,0,0,0.00,0.00,0.00,0,0,1791046702594444,imsi-001010123456781,
2026-10-03T16:58:23.594+00:00,1791046703594,135,0,0,gNB:3584,10,0,546905,0.00,0.48,4395.75,0,83,1791046703594437,imsi-001010123456780,
2026-10-03T16:58:23.594+00:00,1791046703594,135,0,0,gNB:3584,11,0,0,0.00,0.00,0.00,0,0,1791046703594437,imsi-001010123456781,
2026-10-03T16:58:24.594+00:00,1791046704594,136,0,0,gNB:3584,10,0,511264,0.00,0.48,4116.90,0,75,1791046704594645,imsi-001010123456780,
2026-10-03T16:58:24.594+00:00,1791046704594,136,0,0,gNB:3584,11,66,38,513.00,0.60,0.38,0,1,1791046704594645,imsi-001010123456781,
2026-10-03T16:58:25.595+00:00,1791046705595,137,1,0,gNB:3584,10,0,553050,0.00,0.48,4451.64,0,59,1791046705595914,imsi-001010123456780,
2026-10-03T16:58:25.595+00:00,1791046705595,137,1,0,gNB:3584,11,0,0,0.00,0.00,0.00,0,0,1791046705595914,imsi-001010123456781,
2026-10-03T16:58:26.596+00:00,1791046706596,138,1,0,gNB:3584,10,0,534615,0.00,0.55,4305.35,0,81,1791046706596057,imsi-001010123456780,
2026-10-03T16:58:26.596+00:00,1791046706596,138,1,0,gNB:3584,11,0,0,0.00,0.00,0.00,0,0,1791046706596057,imsi-001010123456781,
2026-10-03T16:58:27.594+00:00,1791046707594,139,-2,0,gNB:3584,10,0,551821,0.00,0.60,4439.54,0,79,1791046707594974,imsi-001010123456780,
2026-10-03T16:58:27.594+00:00,1791046707594,139,-2,0,gNB:3584,11,0,0,0.00,0.00,0.00,0,0,1791046707594974,imsi-001010123456781,
2026-10-03T16:58:28.595+00:00,1791046708595,140,1,0,gNB:3584,10,0,508806,0.00,0.31,4096.40,0,83,1791046708595195,imsi-001010123456780,
2026-10-03T16:58:28.595+00:00,1791046708595,140,1,0,gNB:3584,11,0,0,0.00,0.00,0.00,0,0,1791046708595195,imsi-001010123456781,
2026-10-03T16:58:29.594+00:00,1791046709594,141,-1,0,gNB:3584,10,0,541989,0.00,0.31,4365.46,0,58,1791046709594588,imsi-001010123456780,
2026-10-03T16:58:29.594+00:00,1791046709594,141,-1,0,gNB:3584,11,0,0,0.00,0.00,0.00,0,0,1791046709594588,imsi-001010123456781,
2026-10-03T16:58:30.594+00:00,1791046710594,142,0,0,gNB:3584,10,0,543218,0.00,0.31,4374.06,0,86,1791046710594949,imsi-001010123456780,
2026-10-03T16:58:30.594+00:00,1791046710594,142,0,0,gNB:3584,11,0,0,0.00,0.00,0.00,0,0,1791046710594949,imsi-001010123456781,
2026-10-03T16:58:31.594+00:00,1791046711594,143,0,0,gNB:3584,10,0,524783,0.00,0.34,4219.17,0,83,1791046711594849,imsi-001010123456780,
2026-10-03T16:58:31.594+00:00,1791046711594,143,0,0,gNB:3584,11,0,0,0.00,0.00,0.00,0,0,1791046711594849,imsi-001010123456781,
2026-10-03T16:58:32.594+00:00,1791046712594,144,0,0,gNB:3584,10,0,548134,0.00,0.43,4418.29,0,83,1791046712594429,imsi-001010123456780,
2026-10-03T16:58:32.594+00:00,1791046712594,144,0,0,gNB:3584,11,0,0,0.00,0.00,0.00,0,0,1791046712594429,imsi-001010123456781,
2026-10-03T16:58:33.594+00:00,1791046713594,145,0,0,gNB:3584,10,66,510073,0.00,0.94,4102.85,0,66,1791046713594591,imsi-001010123456780,
2026-10-03T16:58:33.594+00:00,1791046713594,145,0,0,gNB:3584,11,0,0,0.00,0.00,0.00,0,0,1791046713594591,imsi-001010123456781,
2026-10-03T16:58:34.596+00:00,1791046714596,146,2,0,gNB:3584,10,0,555508,0.00,0.31,4476.00,0,67,1791046714596038,imsi-001010123456780,
2026-10-03T16:58:34.596+00:00,1791046714596,146,2,0,gNB:3584,11,0,0,0.00,0.00,0.00,0,0,1791046714596038,imsi-001010123456781,
2026-10-03T16:58:35.597+00:00,1791046715597,147,1,0,gNB:3584,10,0,528470,0.00,0.34,4246.03,0,86,1791046715597612,imsi-001010123456780,
2026-10-03T16:58:35.597+00:00,1791046715597,147,1,0,gNB:3584,11,0,0,0.00,0.00,0.00,0,0,1791046715597612,imsi-001010123456781,
2026-10-03T16:58:36.594+00:00,1791046716594,148,-3,0,gNB:3584,10,0,556737,0.00,0.26,4483.54,0,87,1791046716594541,imsi-001010123456780,
2026-10-03T16:58:36.594+00:00,1791046716594,148,-3,0,gNB:3584,11,0,0,0.00,0.00,0.00,0,0,1791046716594541,imsi-001010123456781,
2026-10-03T16:58:37.594+00:00,1791046717594,149,0,0,gNB:3584,10,0,548134,0.00,0.34,4409.58,0,83,1791046717594687,imsi-001010123456780,
2026-10-03T16:58:37.594+00:00,1791046717594,149,0,0,gNB:3584,11,0,49,0.00,0.02,0.44,0,1,1791046717594687,imsi-001010123456781,
2026-10-03T16:58:38.594+00:00,1791046718594,150,0,0,gNB:3584,10,0,501432,0.00,0.34,4039.76,0,74,1791046718594952,imsi-001010123456780,
2026-10-03T16:58:38.594+00:00,1791046718594,150,0,0,gNB:3584,11,0,0,0.00,0.00,0.00,0,0,1791046718594952,imsi-001010123456781,
2026-10-03T16:58:39.594+00:00,1791046719594,151,0,0,gNB:3584,10,0,571485,0.00,0.48,4596.20,0,65,1791046719594413,imsi-001010123456780,
2026-10-03T16:58:39.594+00:00,1791046719594,151,0,0,gNB:3584,11,0,0,0.00,0.00,0.00,0,0,1791046719594413,imsi-001010123456781,
2026-10-03T16:58:40.594+00:00,1791046720594,152,0,0,gNB:3584,10,0,522325,0.00,0.29,4209.92,0,85,1791046720594423,imsi-001010123456780,
2026-10-03T16:58:40.594+00:00,1791046720594,152,0,0,gNB:3584,11,0,0,0.00,0.00,0.00,0,0,1791046720594423,imsi-001010123456781,
2026-10-03T16:58:41.595+00:00,1791046721595,153,1,0,gNB:3584,10,0,529699,0.00,0.36,4263.37,0,83,1791046721595007,imsi-001010123456780,
2026-10-03T16:58:41.595+00:00,1791046721595,153,1,0,gNB:3584,11,0,0,0.00,0.00,0.00,0,0,1791046721595007,imsi-001010123456781,
2026-10-03T16:58:42.594+00:00,1791046722594,154,-1,0,gNB:3584,10,471,80070,0.00,4.03,640.22,0,58,1791046722594495,imsi-001010123456780,
2026-10-03T16:58:42.594+00:00,1791046722594,154,-1,0,gNB:3584,11,0,0,0.00,0.00,0.00,0,0,1791046722594495,imsi-001010123456781,
2026-10-03T16:58:43.594+00:00,1791046723594,155,0,0,gNB:3584,10,0,0,0.00,0.00,0.00,0,2,1791046723594578,imsi-001010123456780,
2026-10-03T16:58:43.594+00:00,1791046723594,155,0,0,gNB:3584,11,0,0,0.00,0.00,0.00,0,2,1791046723594578,imsi-001010123456781,
2026-10-03T16:58:44.594+00:00,1791046724594,156,0,0,gNB:3584,10,0,0,0.00,0.00,0.00,0,1,1791046724594428,imsi-001010123456780,
2026-10-03T16:58:44.594+00:00,1791046724594,156,0,0,gNB:3584,11,66,38,884.00,0.60,0.35,0,14,1791046724594428,imsi-001010123456781,
2026-10-03T16:58:45.594+00:00,1791046725594,157,0,0,gNB:3584,10,0,0,0.00,0.00,0.00,0,2,1791046725594437,imsi-001010123456780,
2026-10-03T16:58:45.594+00:00,1791046725594,157,0,0,gNB:3584,11,0,0,0.00,0.00,0.02,0,4,1791046725594437,imsi-001010123456781,
2026-10-03T16:58:46.594+00:00,1791046726594,158,0,0,gNB:3584,10,0,0,0.00,0.00,0.00,0,2,1791046726594599,imsi-001010123456780,
2026-10-03T16:58:46.594+00:00,1791046726594,158,0,0,gNB:3584,11,0,0,0.00,0.00,0.00,0,2,1791046726594599,imsi-001010123456781,
2026-10-03T16:58:47.594+00:00,1791046727594,159,0,0,gNB:3584,10,0,0,0.00,0.00,0.00,0,2,1791046727594972,imsi-001010123456780,
2026-10-03T16:58:47.594+00:00,1791046727594,159,0,0,gNB:3584,11,0,0,0.00,0.00,0.00,0,2,1791046727594972,imsi-001010123456781,
2026-10-03T16:58:48.594+00:00,1791046728594,160,0,0,gNB:3584,10,0,0,0.00,0.00,0.00,0,2,1791046728594627,imsi-001010123456780,
2026-10-03T16:58:48.594+00:00,1791046728594,160,0,0,gNB:3584,11,0,0,0.00,0.00,0.00,0,2,1791046728594627,imsi-001010123456781,
2026-10-03T16:58:49.594+00:00,1791046729594,161,0,0,gNB:3584,10,0,0,0.00,0.00,0.00,0,2,1791046729594468,imsi-001010123456780,
2026-10-03T16:58:49.594+00:00,1791046729594,161,0,0,gNB:3584,11,0,0,0.00,0.00,0.00,0,2,1791046729594468,imsi-001010123456781,
2026-10-03T16:58:50.594+00:00,1791046730594,162,0,0,gNB:3584,10,0,0,0.00,0.00,0.00,0,2,1791046730594328,imsi-001010123456780,
2026-10-03T16:58:50.594+00:00,1791046730594,162,0,0,gNB:3584,11,0,0,0.00,0.00,0.00,0,2,1791046730594328,imsi-001010123456781,
2026-10-03T16:58:51.594+00:00,1791046731594,163,0,0,gNB:3584,10,0,0,0.00,0.00,0.00,0,2,1791046731594456,imsi-001010123456780,
2026-10-03T16:58:51.594+00:00,1791046731594,163,0,0,gNB:3584,11,0,0,0.00,0.00,0.00,0,2,1791046731594456,imsi-001010123456781,
2026-10-03T16:58:52.594+00:00,1791046732594,164,0,0,gNB:3584,10,0,0,0.00,0.00,0.00,0,2,1791046732594432,imsi-001010123456780,
2026-10-03T16:58:52.594+00:00,1791046732594,164,0,0,gNB:3584,11,0,0,0.00,0.00,0.00,0,2,1791046732594432,imsi-001010123456781,
2026-10-03T16:58:53.594+00:00,1791046733594,165,0,0,gNB:3584,10,66,38,0.00,0.60,0.38,0,14,1791046733594505,imsi-001010123456780,
2026-10-03T16:58:53.594+00:00,1791046733594,165,0,0,gNB:3584,11,0,0,0.00,0.00,0.00,0,1,1791046733594505,imsi-001010123456781,
2026-10-03T16:58:54.594+00:00,1791046734594,166,0,0,gNB:3584,10,0,0,0.00,0.00,0.00,0,2,1791046734594425,imsi-001010123456780,
2026-10-03T16:58:54.594+00:00,1791046734594,166,0,0,gNB:3584,11,0,0,0.00,0.00,0.00,0,2,1791046734594425,imsi-001010123456781,
2026-10-03T16:58:55.594+00:00,1791046735594,167,0,0,gNB:3584,10,0,0,0.00,0.00,0.00,0,2,1791046735594586,imsi-001010123456780,
2026-10-03T16:58:55.594+00:00,1791046735594,167,0,0,gNB:3584,11,0,0,0.00,0.00,0.00,0,2,1791046735594586,imsi-001010123456781,
2026-10-03T16:58:56.595+00:00,1791046736595,168,1,0,gNB:3584,10,0,0,0.00,0.00,0.00,0,2,1791046736595018,imsi-001010123456780,
2026-10-03T16:58:56.595+00:00,1791046736595,168,1,0,gNB:3584,11,0,0,0.00,0.00,0.00,0,2,1791046736595018,imsi-001010123456781,
2026-10-03T16:58:57.594+00:00,1791046737594,169,-1,0,gNB:3584,10,0,0,0.00,0.00,0.00,0,2,1791046737594655,imsi-001010123456780,
2026-10-03T16:58:57.594+00:00,1791046737594,169,-1,0,gNB:3584,11,0,0,0.00,0.00,0.00,0,2,1791046737594655,imsi-001010123456781,
2026-10-03T16:58:58.594+00:00,1791046738594,170,0,0,gNB:3584,10,0,0,0.00,0.00,0.00,0,2,1791046738594499,imsi-001010123456780,
2026-10-03T16:58:58.594+00:00,1791046738594,170,0,0,gNB:3584,11,0,0,0.00,0.00,0.00,0,2,1791046738594499,imsi-001010123456781,
2026-10-03T16:58:59.594+00:00,1791046739594,171,0,0,gNB:3584,10,0,0,0.00,0.00,0.00,0,2,1791046739594395,imsi-001010123456780,
2026-10-03T16:58:59.594+00:00,1791046739594,171,0,0,gNB:3584,11,0,0,0.00,0.00,0.00,0,2,1791046739594395,imsi-001010123456781,
