[2026-09-29 08:11:07.879] [upf_n4 ] [info] TIME-OUT event timer id 4463
[2026-09-29 08:11:07.879] [upf_n4 ] [info] TIME-OUT event timer id 4464
[2026-09-29 08:11:07.879] [upf_n4 ] [info] PFCP HEARTBEAT PROCEDURE hash 169352876 starting
[2026-09-29 08:11:07.879] [upf_n4 ] [info] handle_receive(16 bytes)
[2026-09-29 08:11:07.879] [upf_n4 ] [info] Received SX HEARTBEAT RESPONSE
[2026-09-29 08:11:12.879] [upf_n4 ] [info] TIME-OUT event timer id 4468
[2026-09-29 08:11:12.879] [upf_n4 ] [info] handle_receive(16 bytes)
[2026-09-29 08:11:12.879] [upf_n4 ] [info] Received SX HEARTBEAT REQUEST
[2026-09-29 08:11:12.879] [upf_n4 ] [info] TIME-OUT event timer id 4469
[2026-09-29 08:11:12.879] [upf_n4 ] [info] PFCP HEARTBEAT PROCEDURE hash 169352876 starting
[2026-09-29 08:11:12.880] [upf_n4 ] [info] handle_receive(16 bytes)
[2026-09-29 08:11:12.880] [upf_n4 ] [info] Received SX HEARTBEAT RESPONSE
[2026-09-29 08:11:12.985] [upf_app] [info] TIME-OUT event timer id 4465
[2026-09-29 08:11:12.985] [upf_app] [debug] Send Heartbeat to NRF
[2026-09-29 08:11:12.985] [upf_app] [info] Send NF Update to NRF
[2026-09-29 08:11:12.985] [upf_app] [debug] Send NF Update to NRF (Msg body [{"op":"replace","path":"/nfStatus","value":"REGISTERED"}])
[2026-09-29 08:11:12.985] [upf_app] [debug] Send NF Update to NRF (NRF URL http://oai-nrf.oai-core.svc.cluster.local:80/nnrf-nfm/v1/nf-instances/23f448d9-fc64-4a49-98a4-5c7e36d915b6)
[2026-09-29 08:11:12.985] [upf_app] [debug] Send a simple HTTP request
[2026-09-29 08:11:12.987] [upf_app] [info] Got successful response from NRF
[2026-09-29 08:11:12.987] [upf_app] [debug] Set a timer to the next Heart-beat (10)
[2026-09-29 08:11:17.879] [upf_n4 ] [info] TIME-OUT event timer id 4473
[2026-09-29 08:11:17.880] [upf_n4 ] [info] TIME-OUT event timer id 4474
[2026-09-29 08:11:17.880] [upf_n4 ] [info] PFCP HEARTBEAT PROCEDURE hash 169352876 starting
[2026-09-29 08:11:17.880] [upf_n4 ] [info] handle_receive(16 bytes)
[2026-09-29 08:11:17.880] [upf_n4 ] [info] Received SX HEARTBEAT RESPONSE
[2026-09-29 08:11:22.880] [upf_n4 ] [info] TIME-OUT event timer id 4478
[2026-09-29 08:11:22.880] [upf_n4 ] [info] handle_receive(16 bytes)
[2026-09-29 08:11:22.880] [upf_n4 ] [info] Received SX HEARTBEAT REQUEST
[2026-09-29 08:11:22.880] [upf_n4 ] [info] TIME-OUT event timer id 4479
[2026-09-29 08:11:22.880] [upf_n4 ] [info] PFCP HEARTBEAT PROCEDURE hash 169352876 starting
[2026-09-29 08:11:22.880] [upf_n4 ] [info] handle_receive(16 bytes)
[2026-09-29 08:11:22.880] [upf_n4 ] [info] Received SX HEARTBEAT RESPONSE
[2026-09-29 08:11:22.987] [upf_app] [info] TIME-OUT event timer id 4475
[2026-09-29 08:11:22.987] [upf_app] [debug] Send Heartbeat to NRF
[2026-09-29 08:11:22.987] [upf_app] [info] Send NF Update to NRF
[2026-09-29 08:11:22.987] [upf_app] [debug] Send NF Update to NRF (Msg body [{"op":"replace","path":"/nfStatus","value":"REGISTERED"}])
[2026-09-29 08:11:22.987] [upf_app] [debug] Send NF Update to NRF (NRF URL http://oai-nrf.oai-core.svc.cluster.local:80/nnrf-nfm/v1/nf-instances/23f448d9-fc64-4a49-98a4-5c7e36d915b6)
[2026-09-29 08:11:22.987] [upf_app] [debug] Send a simple HTTP request
[2026-09-29 08:11:22.989] [upf_app] [info] Got successful response from NRF
[2026-09-29 08:11:22.989] [upf_app] [debug] Set a timer to the next Heart-beat (10)
[2026-09-29 08:11:27.880] [upf_n4 ] [info] TIME-OUT event timer id 4483
[2026-09-29 08:11:27.880] [upf_n4 ] [info] TIME-OUT event timer id 4484
[2026-09-29 08:11:27.880] [upf_n4 ] [info] PFCP HEARTBEAT PROCEDURE hash 169352876 starting
[2026-09-29 08:11:27.880] [upf_n4 ] [info] handle_receive(16 bytes)
[2026-09-29 08:11:27.880] [upf_n4 ] [info] Received SX HEARTBEAT RESPONSE
[2026-09-29 08:11:32.880] [upf_n4 ] [info] TIME-OUT event timer id 4488
[2026-09-29 08:11:32.880] [upf_n4 ] [info] handle_receive(16 bytes)
[2026-09-29 08:11:32.880] [upf_n4 ] [info] Received SX HEARTBEAT REQUEST
[2026-09-29 08:11:32.880] [upf_n4 ] [info] TIME-OUT event timer id 4489
[2026-09-29 08:11:32.880] [upf_n4 ] [info] PFCP HEARTBEAT PROCEDURE hash 169352876 starting
[2026-09-29 08:11:32.880] [upf_n4 ] [info] handle_receive(16 bytes)
[2026-09-29 08:11:32.880] [upf_n4 ] [info] Received SX HEARTBEAT RESPONSE
[2026-09-29 08:11:32.989] [upf_app] [info] TIME-OUT event timer id 4485
[2026-09-29 08:11:32.989] [upf_app] [debug] Send Heartbeat to NRF
[2026-09-29 08:11:32.989] [upf_app] [info] Send NF Update to NRF
[2026-09-29 08:11:32.989] [upf_app] [debug] Send NF Update to NRF (Msg body [{"op":"replace","path":"/nfStatus","value":"REGISTERED"}])
[2026-09-29 08:11:32.989] [upf_app] [debug] Send NF Update to NRF (NRF URL http://oai-nrf.oai-core.svc.cluster.local:80/nnrf-nfm/v1/nf-instances/23f448d9-fc64-4a49-98a4-5c7e36d915b6)
[2026-09-29 08:11:32.989] [upf_app] [debug] Send a simple HTTP request
[2026-09-29 08:11:32.991] [upf_app] [info] Got successful response from NRF
[2026-09-29 08:11:32.991] [upf_app] [debug] Set a timer to the next Heart-beat (10)
[2026-09-29 08:11:37.880] [upf_n4 ] [info] TIME-OUT event timer id 4493
[2026-09-29 08:11:37.880] [upf_n4 ] [info] TIME-OUT event timer id 4494
[2026-09-29 08:11:37.880] [upf_n4 ] [info] PFCP HEARTBEAT PROCEDURE hash 169352876 starting
[2026-09-29 08:11:37.880] [upf_n4 ] [info] handle_receive(16 bytes)
[2026-09-29 08:11:37.880] [upf_n4 ] [info] Received SX HEARTBEAT RESPONSE
[2026-09-29 08:11:42.880] [upf_n4 ] [info] TIME-OUT event timer id 4498
[2026-09-29 08:11:42.880] [upf_n4 ] [info] handle_receive(16 bytes)
[2026-09-29 08:11:42.880] [upf_n4 ] [info] Received SX HEARTBEAT REQUEST
[2026-09-29 08:11:42.880] [upf_n4 ] [info] TIME-OUT event timer id 4499
[2026-09-29 08:11:42.880] [upf_n4 ] [info] PFCP HEARTBEAT PROCEDURE hash 169352876 starting
[2026-09-29 08:11:42.881] [upf_n4 ] [info] handle_receive(16 bytes)
[2026-09-29 08:11:42.881] [upf_n4 ] [info] Received SX HEARTBEAT RESPONSE
[2026-09-29 08:11:42.991] [upf_app] [info] TIME-OUT event timer id 4495
[2026-09-29 08:11:42.991] [upf_app] [debug] Send Heartbeat to NRF
[2026-09-29 08:11:42.991] [upf_app] [info] Send NF Update to NRF
[2026-09-29 08:11:42.991] [upf_app] [debug] Send NF Update to NRF (Msg body [{"op":"replace","path":"/nfStatus","value":"REGISTERED"}])
[2026-09-29 08:11:42.991] [upf_app] [debug] Send NF Update to NRF (NRF URL http://oai-nrf.oai-core.svc.cluster.local:80/nnrf-nfm/v1/nf-instances/23f448d9-fc64-4a49-98a4-5c7e36d915b6)
[2026-09-29 08:11:42.991] [upf_app] [debug] Send a simple HTTP request
[2026-09-29 08:11:42.993] [upf_app] [info] Got successful response from NRF
[2026-09-29 08:11:42.993] [upf_app] [debug] Set a timer to the next Heart-beat (10)
[2026-09-29 08:11:47.881] [upf_n4 ] [info] TIME-OUT event timer id 4503
[2026-09-29 08:11:47.881] [upf_n4 ] [info] TIME-OUT event timer id 4504
[2026-09-29 08:11:47.881] [upf_n4 ] [info] PFCP HEARTBEAT PROCEDURE hash 169352876 starting
[2026-09-29 08:11:47.881] [upf_n4 ] [info] handle_receive(16 bytes)
[2026-09-29 08:11:47.881] [upf_n4 ] [info] Received SX HEARTBEAT RESPONSE
[2026-09-29 08:11:52.881] [upf_n4 ] [info] TIME-OUT event timer id 4508
[2026-09-29 08:11:52.881] [upf_n4 ] [info] handle_receive(16 bytes)
[2026-09-29 08:11:52.881] [upf_n4 ] [info] Received SX HEARTBEAT REQUEST
[2026-09-29 08:11:52.881] [upf_n4 ] [info] TIME-OUT event timer id 4509
[2026-09-29 08:11:52.881] [upf_n4 ] [info] PFCP HEARTBEAT PROCEDURE hash 169352876 starting
[2026-09-29 08:11:52.881] [upf_n4 ] [info] handle_receive(16 bytes)
[2026-09-29 08:11:52.881] [upf_n4 ] [info] Received SX HEARTBEAT RESPONSE
[2026-09-29 08:11:52.993] [upf_app] [info] TIME-OUT event timer id 4505
[2026-09-29 08:11:52.993] [upf_app] [debug] Send Heartbeat to NRF
[2026-09-29 08:11:52.993] [upf_app] [info] Send NF Update to NRF
[2026-09-29 08:11:52.993] [upf_app] [debug] Send NF Update to NRF (Msg body [{"op":"replace","path":"/nfStatus","value":"REGISTERED"}])
[2026-09-29 08:11:52.993] [upf_app] [debug] Send NF Update to NRF (NRF URL http://oai-nrf.oai-core.svc.cluster.local:80/nnrf-nfm/v1/nf-instances/23f448d9-fc64-4a49-98a4-5c7e36d915b6)
[2026-09-29 08:11:52.993] [upf_app] [debug] Send a simple HTTP request
[2026-09-29 08:11:52.995] [upf_app] [info] Got successful response from NRF
[2026-09-29 08:11:52.995] [upf_app] [debug] Set a timer to the next Heart-beat (10)
[2026-09-29 08:11:57.881] [upf_n4 ] [info] TIME-OUT event timer id 4513
[2026-09-29 08:11:57.881] [upf_n4 ] [info] TIME-OUT event timer id 4514
[2026-09-29 08:11:57.881] [upf_n4 ] [info] PFCP HEARTBEAT PROCEDURE hash 169352876 starting
[2026-09-29 08:11:57.881] [upf_n4 ] [info] handle_receive(16 bytes)
[2026-09-29 08:11:57.881] [upf_n4 ] [info] Received SX HEARTBEAT RESPONSE
[2026-09-29 08:12:02.881] [upf_n4 ] [info] TIME-OUT event timer id 4518
[2026-09-29 08:12:02.881] [upf_n4 ] [info] handle_receive(16 bytes)
[2026-09-29 08:12:02.881] [upf_n4 ] [info] Received SX HEARTBEAT REQUEST
[2026-09-29 08:12:02.881] [upf_n4 ] [info] TIME-OUT event timer id 4519
[2026-09-29 08:12:02.881] [upf_n4 ] [info] PFCP HEARTBEAT PROCEDURE hash 169352876 starting
[2026-09-29 08:12:02.881] [upf_n4 ] [info] handle_receive(16 bytes)
[2026-09-29 08:12:02.881] [upf_n4 ] [info] Received SX HEARTBEAT RESPONSE
[2026-09-29 08:12:02.995] [upf_app] [info] TIME-OUT event timer id 4515
[2026-09-29 08:12:02.995] [upf_app] [debug] Send Heartbeat to NRF
[2026-09-29 08:12:02.995] [upf_app] [info] Send NF Update to NRF
[2026-09-29 08:12:02.995] [upf_app] [debug] Send NF Update to NRF (Msg body [{"op":"replace","path":"/nfStatus","value":"REGISTERED"}])
[2026-09-29 08:12:02.995] [upf_app] [debug] Send NF Update to NRF (NRF URL http://oai-nrf.oai-core.svc.cluster.local:80/nnrf-nfm/v1/nf-instances/23f448d9-fc64-4a49-98a4-5c7e36d915b6)
[2026-09-29 08:12:02.995] [upf_app] [debug] Send a simple HTTP request
[2026-09-29 08:12:02.997] [upf_app] [info] Got successful response from NRF
[2026-09-29 08:12:02.997] [upf_app] [debug] Set a timer to the next Heart-beat (10)
[2026-09-29 08:12:07.881] [upf_n4 ] [info] TIME-OUT event timer id 4523
[2026-09-29 08:12:07.881] [upf_n4 ] [info] TIME-OUT event timer id 4524
[2026-09-29 08:12:07.881] [upf_n4 ] [info] PFCP HEARTBEAT PROCEDURE hash 169352876 starting
[2026-09-29 08:12:07.881] [upf_n4 ] [info] handle_receive(16 bytes)
[2026-09-29 08:12:07.881] [upf_n4 ] [info] Received SX HEARTBEAT RESPONSE
[2026-09-29 08:12:12.881] [upf_n4 ] [info] TIME-OUT event timer id 4528
[2026-09-29 08:12:12.881] [upf_n4 ] [info] TIME-OUT event timer id 4529
[2026-09-29 08:12:12.881] [upf_n4 ] [info] PFCP HEARTBEAT PROCEDURE hash 169352876 starting
[2026-09-29 08:12:12.882] [upf_n4 ] [info] handle_receive(16 bytes)
[2026-09-29 08:12:12.882] [upf_n4 ] [info] Received SX HEARTBEAT REQUEST
[2026-09-29 08:12:12.882] [upf_n4 ] [info] handle_receive(16 bytes)
[2026-09-29 08:12:12.882] [upf_n4 ] [info] Received SX HEARTBEAT RESPONSE
[2026-09-29 08:12:12.997] [upf_app] [info] TIME-OUT event timer id 4525
[2026-09-29 08:12:12.997] [upf_app] [debug] Send Heartbeat to NRF
[2026-09-29 08:12:12.997] [upf_app] [info] Send NF Update to NRF
[2026-09-29 08:12:12.997] [upf_app] [debug] Send NF Update to NRF (Msg body [{"op":"replace","path":"/nfStatus","value":"REGISTERED"}])
[2026-09-29 08:12:12.997] [upf_app] [debug] Send NF Update to NRF (NRF URL http://oai-nrf.oai-core.svc.cluster.local:80/nnrf-nfm/v1/nf-instances/23f448d9-fc64-4a49-98a4-5c7e36d915b6)
[2026-09-29 08:12:12.997] [upf_app] [debug] Send a simple HTTP request
[2026-09-29 08:12:12.999] [upf_app] [info] Got successful response from NRF
[2026-09-29 08:12:12.999] [upf_app] [debug] Set a timer to the next Heart-beat (10)
[2026-09-29 08:12:17.882] [upf_n4 ] [info] TIME-OUT event timer id 4532
[2026-09-29 08:12:17.882] [upf_n4 ] [info] TIME-OUT event timer id 4534
[2026-09-29 08:12:17.882] [upf_n4 ] [info] PFCP HEARTBEAT PROCEDURE hash 169352876 starting
[2026-09-29 08:12:17.882] [upf_n4 ] [info] handle_receive(16 bytes)
[2026-09-29 08:12:17.882] [upf_n4 ] [info] Received SX HEARTBEAT RESPONSE
[2026-09-29 08:12:22.882] [upf_n4 ] [info] TIME-OUT event timer id 4538
[2026-09-29 08:12:22.882] [upf_n4 ] [info] TIME-OUT event timer id 4539
[2026-09-29 08:12:22.882] [upf_n4 ] [info] PFCP HEARTBEAT PROCEDURE hash 169352876 starting
[2026-09-29 08:12:22.882] [upf_n4 ] [info] handle_receive(16 bytes)
[2026-09-29 08:12:22.882] [upf_n4 ] [info] Received SX HEARTBEAT REQUEST
[2026-09-29 08:12:22.882] [upf_n4 ] [info] handle_receive(16 bytes)
[2026-09-29 08:12:22.882] [upf_n4 ] [info] Received SX HEARTBEAT RESPONSE
[2026-09-29 08:12:22.999] [upf_app] [info] TIME-OUT event timer id 4535
[2026-09-29 08:12:22.999] [upf_app] [debug] Send Heartbeat to NRF
[2026-09-29 08:12:22.999] [upf_app] [info] Send NF Update to NRF
[2026-09-29 08:12:22.999] [upf_app] [debug] Send NF Update to NRF (Msg body [{"op":"replace","path":"/nfStatus","value":"REGISTERED"}])
[2026-09-29 08:12:22.999] [upf_app] [debug] Send NF Update to NRF (NRF URL http://oai-nrf.oai-core.svc.cluster.local:80/nnrf-nfm/v1/nf-instances/23f448d9-fc64-4a49-98a4-5c7e36d915b6)
[2026-09-29 08:12:22.999] [upf_app] [debug] Send a simple HTTP request
[2026-09-29 08:12:23.002] [upf_app] [info] Got successful response from NRF
[2026-09-29 08:12:23.002] [upf_app] [debug] Set a timer to the next Heart-beat (10)
[2026-09-29 08:12:27.882] [upf_n4 ] [info] TIME-OUT event timer id 4542
[2026-09-29 08:12:27.882] [upf_n4 ] [info] TIME-OUT event timer id 4544
[2026-09-29 08:12:27.882] [upf_n4 ] [info] PFCP HEARTBEAT PROCEDURE hash 169352876 starting
[2026-09-29 08:12:27.882] [upf_n4 ] [info] handle_receive(16 bytes)
[2026-09-29 08:12:27.882] [upf_n4 ] [info] Received SX HEARTBEAT RESPONSE
[2026-09-29 08:12:32.882] [upf_n4 ] [info] TIME-OUT event timer id 4548
[2026-09-29 08:12:32.882] [upf_n4 ] [info] TIME-OUT event timer id 4549
[2026-09-29 08:12:32.882] [upf_n4 ] [info] PFCP HEARTBEAT PROCEDURE hash 169352876 starting
[2026-09-29 08:12:32.882] [upf_n4 ] [info] handle_receive(16 bytes)
[2026-09-29 08:12:32.882] [upf_n4 ] [info] Received SX HEARTBEAT REQUEST
[2026-09-29 08:12:32.882] [upf_n4 ] [info] handle_receive(16 bytes)
[2026-09-29 08:12:32.882] [upf_n4 ] [info] Received SX HEARTBEAT RESPONSE
[2026-09-29 08:12:33.002] [upf_app] [info] TIME-OUT event timer id 4545
[2026-09-29 08:12:33.002] [upf_app] [debug] Send Heartbeat to NRF
[2026-09-29 08:12:33.002] [upf_app] [info] Send NF Update to NRF
[2026-09-29 08:12:33.002] [upf_app] [debug] Send NF Update to NRF (Msg body [{"op":"replace","path":"/nfStatus","value":"REGISTERED"}])
[2026-09-29 08:12:33.002] [upf_app] [debug] Send NF Update to NRF (NRF URL http://oai-nrf.oai-core.svc.cluster.local:80/nnrf-nfm/v1/nf-instances/23f448d9-fc64-4a49-98a4-5c7e36d915b6)
[2026-09-29 08:12:33.002] [upf_app] [debug] Send a simple HTTP request
[2026-09-29 08:12:33.004] [upf_app] [info] Got successful response from NRF
[2026-09-29 08:12:33.004] [upf_app] [debug] Set a timer to the next Heart-beat (10)
[2026-09-29 08:12:37.882] [upf_n4 ] [info] TIME-OUT event timer id 4552
[2026-09-29 08:12:37.882] [upf_n4 ] [info] TIME-OUT event timer id 4554
[2026-09-29 08:12:37.882] [upf_n4 ] [info] PFCP HEARTBEAT PROCEDURE hash 169352876 starting
[2026-09-29 08:12:37.883] [upf_n4 ] [info] handle_receive(16 bytes)
[2026-09-29 08:12:37.883] [upf_n4 ] [info] Received SX HEARTBEAT RESPONSE
[2026-09-29 08:12:42.882] [upf_n4 ] [info] TIME-OUT event timer id 4558
[2026-09-29 08:12:42.883] [upf_n4 ] [info] handle_receive(16 bytes)
[2026-09-29 08:12:42.883] [upf_n4 ] [info] Received SX HEARTBEAT REQUEST
[2026-09-29 08:12:42.883] [upf_n4 ] [info] TIME-OUT event timer id 4559
[2026-09-29 08:12:42.883] [upf_n4 ] [info] PFCP HEARTBEAT PROCEDURE hash 169352876 starting
[2026-09-29 08:12:42.883] [upf_n4 ] [info] handle_receive(16 bytes)
[2026-09-29 08:12:42.883] [upf_n4 ] [info] Received SX HEARTBEAT RESPONSE
[2026-09-29 08:12:43.004] [upf_app] [info] TIME-OUT event timer id 4555
[2026-09-29 08:12:43.004] [upf_app] [debug] Send Heartbeat to NRF
[2026-09-29 08:12:43.004] [upf_app] [info] Send NF Update to NRF
[2026-09-29 08:12:43.004] [upf_app] [debug] Send NF Update to NRF (Msg body [{"op":"replace","path":"/nfStatus","value":"REGISTERED"}])
[2026-09-29 08:12:43.004] [upf_app] [debug] Send NF Update to NRF (NRF URL http://oai-nrf.oai-core.svc.cluster.local:80/nnrf-nfm/v1/nf-instances/23f448d9-fc64-4a49-98a4-5c7e36d915b6)
[2026-09-29 08:12:43.004] [upf_app] [debug] Send a simple HTTP request
[2026-09-29 08:12:43.006] [upf_app] [info] Got successful response from NRF
[2026-09-29 08:12:43.006] [upf_app] [debug] Set a timer to the next Heart-beat (10)
[2026-09-29 08:12:47.883] [upf_n4 ] [info] TIME-OUT event timer id 4563
[2026-09-29 08:12:47.883] [upf_n4 ] [info] TIME-OUT event timer id 4564
[2026-09-29 08:12:47.883] [upf_n4 ] [info] PFCP HEARTBEAT PROCEDURE hash 169352876 starting
[2026-09-29 08:12:47.883] [upf_n4 ] [info] handle_receive(16 bytes)
[2026-09-29 08:12:47.883] [upf_n4 ] [info] Received SX HEARTBEAT RESPONSE
[2026-09-29 08:12:52.883] [upf_n4 ] [info] TIME-OUT event timer id 4568
[2026-09-29 08:12:52.883] [upf_n4 ] [info] handle_receive(16 bytes)
[2026-09-29 08:12:52.883] [upf_n4 ] [info] Received SX HEARTBEAT REQUEST
[2026-09-29 08:12:52.883] [upf_n4 ] [info] TIME-OUT event timer id 4569
[2026-09-29 08:12:52.883] [upf_n4 ] [info] PFCP HEARTBEAT PROCEDURE hash 169352876 starting
[2026-09-29 08:12:52.883] [upf_n4 ] [info] handle_receive(16 bytes)
[2026-09-29 08:12:52.883] [upf_n4 ] [info] Received SX HEARTBEAT RESPONSE
[2026-09-29 08:12:53.006] [upf_app] [info] TIME-OUT event timer id 4565
[2026-09-29 08:12:53.006] [upf_app] [debug] Send Heartbeat to NRF
[2026-09-29 08:12:53.006] [upf_app] [info] Send NF Update to NRF
[2026-09-29 08:12:53.006] [upf_app] [debug] Send NF Update to NRF (Msg body [{"op":"replace","path":"/nfStatus","value":"REGISTERED"}])
[2026-09-29 08:12:53.006] [upf_app] [debug] Send NF Update to NRF (NRF URL http://oai-nrf.oai-core.svc.cluster.local:80/nnrf-nfm/v1/nf-instances/23f448d9-fc64-4a49-98a4-5c7e36d915b6)
[2026-09-29 08:12:53.006] [upf_app] [debug] Send a simple HTTP request
[2026-09-29 08:12:53.008] [upf_app] [info] Got successful response from NRF
[2026-09-29 08:12:53.008] [upf_app] [debug] Set a timer to the next Heart-beat (10)
[2026-09-29 08:12:57.883] [upf_n4 ] [info] TIME-OUT event timer id 4573
[2026-09-29 08:12:57.883] [upf_n4 ] [info] TIME-OUT event timer id 4574
[2026-09-29 08:12:57.883] [upf_n4 ] [info] PFCP HEARTBEAT PROCEDURE hash 169352876 starting
[2026-09-29 08:12:57.883] [upf_n4 ] [info] handle_receive(16 bytes)
[2026-09-29 08:12:57.883] [upf_n4 ] [info] Received SX HEARTBEAT RESPONSE
[2026-09-29 08:13:02.883] [upf_n4 ] [info] TIME-OUT event timer id 4578
[2026-09-29 08:13:02.883] [upf_n4 ] [info] handle_receive(16 bytes)
[2026-09-29 08:13:02.883] [upf_n4 ] [info] Received SX HEARTBEAT REQUEST
[2026-09-29 08:13:02.883] [upf_n4 ] [info] TIME-OUT event timer id 4579
[2026-09-29 08:13:02.883] [upf_n4 ] [info] PFCP HEARTBEAT PROCEDURE hash 169352876 starting
[2026-09-29 08:13:02.883] [upf_n4 ] [info] handle_receive(16 bytes)
[2026-09-29 08:13:02.883] [upf_n4 ] [info] Received SX HEARTBEAT RESPONSE
[2026-09-29 08:13:03.008] [upf_app] [info] TIME-OUT event timer id 4575
[2026-09-29 08:13:03.008] [upf_app] [debug] Send Heartbeat to NRF
[2026-09-29 08:13:03.008] [upf_app] [info] Send NF Update to NRF
[2026-09-29 08:13:03.008] [upf_app] [debug] Send NF Update to NRF (Msg body [{"op":"replace","path":"/nfStatus","value":"REGISTERED"}])
[2026-09-29 08:13:03.008] [upf_app] [debug] Send NF Update to NRF (NRF URL http://oai-nrf.oai-core.svc.cluster.local:80/nnrf-nfm/v1/nf-instances/23f448d9-fc64-4a49-98a4-5c7e36d915b6)
[2026-09-29 08:13:03.008] [upf_app] [debug] Send a simple HTTP request
[2026-09-29 08:13:03.010] [upf_app] [info] Got successful response from NRF
[2026-09-29 08:13:03.010] [upf_app] [debug] Set a timer to the next Heart-beat (10)
[2026-09-29 08:13:07.883] [upf_n4 ] [info] TIME-OUT event timer id 4583
[2026-09-29 08:13:07.883] [upf_n4 ] [info] TIME-OUT event timer id 4584
[2026-09-29 08:13:07.883] [upf_n4 ] [info] PFCP HEARTBEAT PROCEDURE hash 169352876 starting
[2026-09-29 08:13:07.884] [upf_n4 ] [info] handle_receive(16 bytes)
[2026-09-29 08:13:07.884] [upf_n4 ] [info] Received SX HEARTBEAT RESPONSE
[2026-09-29 08:13:12.883] [upf_n4 ] [info] handle_receive(16 bytes)
[2026-09-29 08:13:12.884] [upf_n4 ] [info] Received SX HEARTBEAT REQUEST
[2026-09-29 08:13:12.884] [upf_n4 ] [info] TIME-OUT event timer id 4588
[2026-09-29 08:13:12.884] [upf_n4 ] [info] TIME-OUT event timer id 4589
[2026-09-29 08:13:12.884] [upf_n4 ] [info] PFCP HEARTBEAT PROCEDURE hash 169352876 starting
[2026-09-29 08:13:12.884] [upf_n4 ] [info] handle_receive(16 bytes)
[2026-09-29 08:13:12.884] [upf_n4 ] [info] Received SX HEARTBEAT RESPONSE
[2026-09-29 08:13:13.010] [upf_app] [info] TIME-OUT event timer id 4585
[2026-09-29 08:13:13.010] [upf_app] [debug] Send Heartbeat to NRF
[2026-09-29 08:13:13.010] [upf_app] [info] Send NF Update to NRF
[2026-09-29 08:13:13.010] [upf_app] [debug] Send NF Update to NRF (Msg body [{"op":"replace","path":"/nfStatus","value":"REGISTERED"}])
[2026-09-29 08:13:13.010] [upf_app] [debug] Send NF Update to NRF (NRF URL http://oai-nrf.oai-core.svc.cluster.local:80/nnrf-nfm/v1/nf-instances/23f448d9-fc64-4a49-98a4-5c7e36d915b6)
[2026-09-29 08:13:13.010] [upf_app] [debug] Send a simple HTTP request
[2026-09-29 08:13:13.012] [upf_app] [info] Got successful response from NRF
[2026-09-29 08:13:13.012] [upf_app] [debug] Set a timer to the next Heart-beat (10)
[2026-09-29 08:13:17.884] [upf_n4 ] [info] TIME-OUT event timer id 4593
[2026-09-29 08:13:17.884] [upf_n4 ] [info] TIME-OUT event timer id 4594
[2026-09-29 08:13:17.884] [upf_n4 ] [info] PFCP HEARTBEAT PROCEDURE hash 169352876 starting
[2026-09-29 08:13:17.884] [upf_n4 ] [info] handle_receive(16 bytes)
[2026-09-29 08:13:17.884] [upf_n4 ] [info] Received SX HEARTBEAT RESPONSE
[2026-09-29 08:13:22.884] [upf_n4 ] [info] TIME-OUT event timer id 4598
[2026-09-29 08:13:22.884] [upf_n4 ] [info] handle_receive(16 bytes)
[2026-09-29 08:13:22.884] [upf_n4 ] [info] Received SX HEARTBEAT REQUEST
[2026-09-29 08:13:22.884] [upf_n4 ] [info] TIME-OUT event timer id 4599
[2026-09-29 08:13:22.884] [upf_n4 ] [info] PFCP HEARTBEAT PROCEDURE hash 169352876 starting
[2026-09-29 08:13:22.884] [upf_n4 ] [info] handle_receive(16 bytes)
[2026-09-29 08:13:22.884] [upf_n4 ] [info] Received SX HEARTBEAT RESPONSE
[2026-09-29 08:13:23.012] [upf_app] [info] TIME-OUT event timer id 4595
[2026-09-29 08:13:23.012] [upf_app] [debug] Send Heartbeat to NRF
[2026-09-29 08:13:23.012] [upf_app] [info] Send NF Update to NRF
[2026-09-29 08:13:23.012] [upf_app] [debug] Send NF Update to NRF (Msg body [{"op":"replace","path":"/nfStatus","value":"REGISTERED"}])
[2026-09-29 08:13:23.012] [upf_app] [debug] Send NF Update to NRF (NRF URL http://oai-nrf.oai-core.svc.cluster.local:80/nnrf-nfm/v1/nf-instances/23f448d9-fc64-4a49-98a4-5c7e36d915b6)
[2026-09-29 08:13:23.012] [upf_app] [debug] Send a simple HTTP request
[2026-09-29 08:13:23.014] [upf_app] [info] Got successful response from NRF
[2026-09-29 08:13:23.014] [upf_app] [debug] Set a timer to the next Heart-beat (10)
[2026-09-29 08:13:27.884] [upf_n4 ] [info] TIME-OUT event timer id 4603
[2026-09-29 08:13:27.884] [upf_n4 ] [info] TIME-OUT event timer id 4604
[2026-09-29 08:13:27.884] [upf_n4 ] [info] PFCP HEARTBEAT PROCEDURE hash 169352876 starting
[2026-09-29 08:13:27.884] [upf_n4 ] [info] handle_receive(16 bytes)
[2026-09-29 08:13:27.884] [upf_n4 ] [info] Received SX HEARTBEAT RESPONSE
[2026-09-29 08:13:32.884] [upf_n4 ] [info] TIME-OUT event timer id 4608
[2026-09-29 08:13:32.884] [upf_n4 ] [info] handle_receive(16 bytes)
[2026-09-29 08:13:32.884] [upf_n4 ] [info] Received SX HEARTBEAT REQUEST
[2026-09-29 08:13:32.884] [upf_n4 ] [info] TIME-OUT event timer id 4609
[2026-09-29 08:13:32.884] [upf_n4 ] [info] PFCP HEARTBEAT PROCEDURE hash 169352876 starting
[2026-09-29 08:13:32.884] [upf_n4 ] [info] handle_receive(16 bytes)
[2026-09-29 08:13:32.884] [upf_n4 ] [info] Received SX HEARTBEAT RESPONSE
[2026-09-29 08:13:33.014] [upf_app] [info] TIME-OUT event timer id 4605
[2026-09-29 08:13:33.014] [upf_app] [debug] Send Heartbeat to NRF
[2026-09-29 08:13:33.014] [upf_app] [info] Send NF Update to NRF
[2026-09-29 08:13:33.014] [upf_app] [debug] Send NF Update to NRF (Msg body [{"op":"replace","path":"/nfStatus","value":"REGISTERED"}])
[2026-09-29 08:13:33.014] [upf_app] [debug] Send NF Update to NRF (NRF URL http://oai-nrf.oai-core.svc.cluster.local:80/nnrf-nfm/v1/nf-instances/23f448d9-fc64-4a49-98a4-5c7e36d915b6)
[2026-09-29 08:13:33.014] [upf_app] [debug] Send a simple HTTP request
[2026-09-29 08:13:33.016] [upf_app] [info] Got successful response from NRF
[2026-09-29 08:13:33.016] [upf_app] [debug] Set a timer to the next Heart-beat (10)
[2026-09-29 08:13:37.884] [upf_n4 ] [info] TIME-OUT event timer id 4613
[2026-09-29 08:13:37.884] [upf_n4 ] [info] TIME-OUT event timer id 4614
[2026-09-29 08:13:37.884] [upf_n4 ] [info] PFCP HEARTBEAT PROCEDURE hash 169352876 starting
[2026-09-29 08:13:37.884] [upf_n4 ] [info] handle_receive(16 bytes)
[2026-09-29 08:13:37.884] [upf_n4 ] [info] Received SX HEARTBEAT RESPONSE
[2026-09-29 08:13:42.884] [upf_n4 ] [info] TIME-OUT event timer id 4618
[2026-09-29 08:13:42.884] [upf_n4 ] [info] handle_receive(16 bytes)
[2026-09-29 08:13:42.884] [upf_n4 ] [info] Received SX HEARTBEAT REQUEST
[2026-09-29 08:13:42.884] [upf_n4 ] [info] TIME-OUT event timer id 4619
[2026-09-29 08:13:42.884] [upf_n4 ] [info] PFCP HEARTBEAT PROCEDURE hash 169352876 starting
[2026-09-29 08:13:42.885] [upf_n4 ] [info] handle_receive(16 bytes)
[2026-09-29 08:13:42.885] [upf_n4 ] [info] Received SX HEARTBEAT RESPONSE
[2026-09-29 08:13:43.016] [upf_app] [info] TIME-OUT event timer id 4615
[2026-09-29 08:13:43.017] [upf_app] [debug] Send Heartbeat to NRF
[2026-09-29 08:13:43.017] [upf_app] [info] Send NF Update to NRF
[2026-09-29 08:13:43.017] [upf_app] [debug] Send NF Update to NRF (Msg body [{"op":"replace","path":"/nfStatus","value":"REGISTERED"}])
[2026-09-29 08:13:43.017] [upf_app] [debug] Send NF Update to NRF (NRF URL http://oai-nrf.oai-core.svc.cluster.local:80/nnrf-nfm/v1/nf-instances/23f448d9-fc64-4a49-98a4-5c7e36d915b6)
[2026-09-29 08:13:43.017] [upf_app] [debug] Send a simple HTTP request
[2026-09-29 08:13:43.018] [upf_app] [info] Got successful response from NRF
[2026-09-29 08:13:43.018] [upf_app] [debug] Set a timer to the next Heart-beat (10)
[2026-09-29 08:13:47.885] [upf_n4 ] [info] TIME-OUT event timer id 4623
[2026-09-29 08:13:47.885] [upf_n4 ] [info] TIME-OUT event timer id 4624
[2026-09-29 08:13:47.885] [upf_n4 ] [info] PFCP HEARTBEAT PROCEDURE hash 169352876 starting
[2026-09-29 08:13:47.885] [upf_n4 ] [info] handle_receive(16 bytes)
[2026-09-29 08:13:47.885] [upf_n4 ] [info] Received SX HEARTBEAT RESPONSE
[2026-09-29 08:13:52.885] [upf_n4 ] [info] TIME-OUT event timer id 4628
[2026-09-29 08:13:52.885] [upf_n4 ] [info] handle_receive(16 bytes)
[2026-09-29 08:13:52.885] [upf_n4 ] [info] Received SX HEARTBEAT REQUEST
[2026-09-29 08:13:52.885] [upf_n4 ] [info] TIME-OUT event timer id 4629
[2026-09-29 08:13:52.885] [upf_n4 ] [info] PFCP HEARTBEAT PROCEDURE hash 169352876 starting
[2026-09-29 08:13:52.885] [upf_n4 ] [info] handle_receive(16 bytes)
[2026-09-29 08:13:52.885] [upf_n4 ] [info] Received SX HEARTBEAT RESPONSE
[2026-09-29 08:13:53.018] [upf_app] [info] TIME-OUT event timer id 4625
[2026-09-29 08:13:53.018] [upf_app] [debug] Send Heartbeat to NRF
[2026-09-29 08:13:53.019] [upf_app] [info] Send NF Update to NRF
[2026-09-29 08:13:53.019] [upf_app] [debug] Send NF Update to NRF (Msg body [{"op":"replace","path":"/nfStatus","value":"REGISTERED"}])
[2026-09-29 08:13:53.019] [upf_app] [debug] Send NF Update to NRF (NRF URL http://oai-nrf.oai-core.svc.cluster.local:80/nnrf-nfm/v1/nf-instances/23f448d9-fc64-4a49-98a4-5c7e36d915b6)
[2026-09-29 08:13:53.019] [upf_app] [debug] Send a simple HTTP request
[2026-09-29 08:13:53.021] [upf_app] [info] Got successful response from NRF
[2026-09-29 08:13:53.022] [upf_app] [debug] Set a timer to the next Heart-beat (10)
[2026-09-29 08:13:57.885] [upf_n4 ] [info] TIME-OUT event timer id 4633
[2026-09-29 08:13:57.885] [upf_n4 ] [info] TIME-OUT event timer id 4634
[2026-09-29 08:13:57.885] [upf_n4 ] [info] PFCP HEARTBEAT PROCEDURE hash 169352876 starting
[2026-09-29 08:13:57.885] [upf_n4 ] [info] handle_receive(16 bytes)
[2026-09-29 08:13:57.885] [upf_n4 ] [info] Received SX HEARTBEAT RESPONSE
[2026-09-29 08:14:02.885] [upf_n4 ] [info] TIME-OUT event timer id 4638
[2026-09-29 08:14:02.885] [upf_n4 ] [info] TIME-OUT event timer id 4639
[2026-09-29 08:14:02.885] [upf_n4 ] [info] PFCP HEARTBEAT PROCEDURE hash 169352876 starting
[2026-09-29 08:14:02.885] [upf_n4 ] [info] handle_receive(16 bytes)
[2026-09-29 08:14:02.885] [upf_n4 ] [info] Received SX HEARTBEAT REQUEST
[2026-09-29 08:14:02.885] [upf_n4 ] [info] handle_receive(16 bytes)
[2026-09-29 08:14:02.885] [upf_n4 ] [info] Received SX HEARTBEAT RESPONSE
[2026-09-29 08:14:03.022] [upf_app] [info] TIME-OUT event timer id 4635
[2026-09-29 08:14:03.022] [upf_app] [debug] Send Heartbeat to NRF
[2026-09-29 08:14:03.022] [upf_app] [info] Send NF Update to NRF
[2026-09-29 08:14:03.022] [upf_app] [debug] Send NF Update to NRF (Msg body [{"op":"replace","path":"/nfStatus","value":"REGISTERED"}])
[2026-09-29 08:14:03.022] [upf_app] [debug] Send NF Update to NRF (NRF URL http://oai-nrf.oai-core.svc.cluster.local:80/nnrf-nfm/v1/nf-instances/23f448d9-fc64-4a49-98a4-5c7e36d915b6)
[2026-09-29 08:14:03.022] [upf_app] [debug] Send a simple HTTP request
[2026-09-29 08:14:03.024] [upf_app] [info] Got successful response from NRF
[2026-09-29 08:14:03.024] [upf_app] [debug] Set a timer to the next Heart-beat (10)
[2026-09-29 08:14:07.885] [upf_n4 ] [info] TIME-OUT event timer id 4642
[2026-09-29 08:14:07.885] [upf_n4 ] [info] TIME-OUT event timer id 4644
[2026-09-29 08:14:07.885] [upf_n4 ] [info] PFCP HEARTBEAT PROCEDURE hash 169352876 starting
[2026-09-29 08:14:07.885] [upf_n4 ] [info] handle_receive(16 bytes)
[2026-09-29 08:14:07.885] [upf_n4 ] [info] Received SX HEARTBEAT RESPONSE
[2026-09-29 08:14:12.885] [upf_n4 ] [info] TIME-OUT event timer id 4648
[2026-09-29 08:14:12.885] [upf_n4 ] [info] TIME-OUT event timer id 4649
[2026-09-29 08:14:12.885] [upf_n4 ] [info] PFCP HEARTBEAT PROCEDURE hash 169352876 starting
[2026-09-29 08:14:12.886] [upf_n4 ] [info] handle_receive(16 bytes)
[2026-09-29 08:14:12.886] [upf_n4 ] [info] Received SX HEARTBEAT REQUEST
[2026-09-29 08:14:12.886] [upf_n4 ] [info] handle_receive(16 bytes)
[2026-09-29 08:14:12.886] [upf_n4 ] [info] Received SX HEARTBEAT RESPONSE
[2026-09-29 08:14:13.024] [upf_app] [info] TIME-OUT event timer id 4645
[2026-09-29 08:14:13.024] [upf_app] [debug] Send Heartbeat to NRF
[2026-09-29 08:14:13.024] [upf_app] [info] Send NF Update to NRF
[2026-09-29 08:14:13.024] [upf_app] [debug] Send NF Update to NRF (Msg body [{"op":"replace","path":"/nfStatus","value":"REGISTERED"}])
[2026-09-29 08:14:13.024] [upf_app] [debug] Send NF Update to NRF (NRF URL http://oai-nrf.oai-core.svc.cluster.local:80/nnrf-nfm/v1/nf-instances/23f448d9-fc64-4a49-98a4-5c7e36d915b6)
[2026-09-29 08:14:13.024] [upf_app] [debug] Send a simple HTTP request
[2026-09-29 08:14:13.026] [upf_app] [info] Got successful response from NRF
[2026-09-29 08:14:13.026] [upf_app] [debug] Set a timer to the next Heart-beat (10)
[2026-09-29 08:14:17.886] [upf_n4 ] [info] TIME-OUT event timer id 4652
[2026-09-29 08:14:17.886] [upf_n4 ] [info] TIME-OUT event timer id 4654
[2026-09-29 08:14:17.886] [upf_n4 ] [info] PFCP HEARTBEAT PROCEDURE hash 169352876 starting
[2026-09-29 08:14:17.886] [upf_n4 ] [info] handle_receive(16 bytes)
[2026-09-29 08:14:17.886] [upf_n4 ] [info] Received SX HEARTBEAT RESPONSE
[2026-09-29 08:14:22.886] [upf_n4 ] [info] TIME-OUT event timer id 4658
[2026-09-29 08:14:22.886] [upf_n4 ] [info] TIME-OUT event timer id 4659
[2026-09-29 08:14:22.886] [upf_n4 ] [info] PFCP HEARTBEAT PROCEDURE hash 169352876 starting
[2026-09-29 08:14:22.886] [upf_n4 ] [info] handle_receive(16 bytes)
[2026-09-29 08:14:22.886] [upf_n4 ] [info] Received SX HEARTBEAT REQUEST
[2026-09-29 08:14:22.886] [upf_n4 ] [info] handle_receive(16 bytes)
[2026-09-29 08:14:22.886] [upf_n4 ] [info] Received SX HEARTBEAT RESPONSE
[2026-09-29 08:14:23.026] [upf_app] [info] TIME-OUT event timer id 4655
[2026-09-29 08:14:23.026] [upf_app] [debug] Send Heartbeat to NRF
[2026-09-29 08:14:23.026] [upf_app] [info] Send NF Update to NRF
[2026-09-29 08:14:23.026] [upf_app] [debug] Send NF Update to NRF (Msg body [{"op":"replace","path":"/nfStatus","value":"REGISTERED"}])
[2026-09-29 08:14:23.026] [upf_app] [debug] Send NF Update to NRF (NRF URL http://oai-nrf.oai-core.svc.cluster.local:80/nnrf-nfm/v1/nf-instances/23f448d9-fc64-4a49-98a4-5c7e36d915b6)
[2026-09-29 08:14:23.026] [upf_app] [debug] Send a simple HTTP request
[2026-09-29 08:14:23.028] [upf_app] [info] Got successful response from NRF
[2026-09-29 08:14:23.028] [upf_app] [debug] Set a timer to the next Heart-beat (10)
[2026-09-29 08:14:27.886] [upf_n4 ] [info] TIME-OUT event timer id 4662
[2026-09-29 08:14:27.886] [upf_n4 ] [info] TIME-OUT event timer id 4664
[2026-09-29 08:14:27.886] [upf_n4 ] [info] PFCP HEARTBEAT PROCEDURE hash 169352876 starting
[2026-09-29 08:14:27.886] [upf_n4 ] [info] handle_receive(16 bytes)
[2026-09-29 08:14:27.886] [upf_n4 ] [info] Received SX HEARTBEAT RESPONSE
[2026-09-29 08:14:32.886] [upf_n4 ] [info] TIME-OUT event timer id 4668
[2026-09-29 08:14:32.886] [upf_n4 ] [info] handle_receive(16 bytes)
[2026-09-29 08:14:32.886] [upf_n4 ] [info] Received SX HEARTBEAT REQUEST
[2026-09-29 08:14:32.886] [upf_n4 ] [info] TIME-OUT event timer id 4669
[2026-09-29 08:14:32.886] [upf_n4 ] [info] PFCP HEARTBEAT PROCEDURE hash 169352876 starting
[2026-09-29 08:14:32.886] [upf_n4 ] [info] handle_receive(16 bytes)
[2026-09-29 08:14:32.886] [upf_n4 ] [info] Received SX HEARTBEAT RESPONSE
[2026-09-29 08:14:33.028] [upf_app] [info] TIME-OUT event timer id 4665
[2026-09-29 08:14:33.028] [upf_app] [debug] Send Heartbeat to NRF
[2026-09-29 08:14:33.028] [upf_app] [info] Send NF Update to NRF
[2026-09-29 08:14:33.028] [upf_app] [debug] Send NF Update to NRF (Msg body [{"op":"replace","path":"/nfStatus","value":"REGISTERED"}])
[2026-09-29 08:14:33.028] [upf_app] [debug] Send NF Update to NRF (NRF URL http://oai-nrf.oai-core.svc.cluster.local:80/nnrf-nfm/v1/nf-instances/23f448d9-fc64-4a49-98a4-5c7e36d915b6)
[2026-09-29 08:14:33.028] [upf_app] [debug] Send a simple HTTP request
[2026-09-29 08:14:33.030] [upf_app] [info] Got successful response from NRF
[2026-09-29 08:14:33.030] [upf_app] [debug] Set a timer to the next Heart-beat (10)
[2026-09-29 08:14:37.886] [upf_n4 ] [info] TIME-OUT event timer id 4673
[2026-09-29 08:14:37.886] [upf_n4 ] [info] TIME-OUT event timer id 4674
[2026-09-29 08:14:37.886] [upf_n4 ] [info] PFCP HEARTBEAT PROCEDURE hash 169352876 starting
[2026-09-29 08:14:37.886] [upf_n4 ] [info] handle_receive(16 bytes)
[2026-09-29 08:14:37.886] [upf_n4 ] [info] Received SX HEARTBEAT RESPONSE
[2026-09-29 08:14:42.886] [upf_n4 ] [info] TIME-OUT event timer id 4678
[2026-09-29 08:14:42.886] [upf_n4 ] [info] handle_receive(16 bytes)
[2026-09-29 08:14:42.886] [upf_n4 ] [info] Received SX HEARTBEAT REQUEST
[2026-09-29 08:14:42.887] [upf_n4 ] [info] TIME-OUT event timer id 4679
[2026-09-29 08:14:42.887] [upf_n4 ] [info] PFCP HEARTBEAT PROCEDURE hash 169352876 starting
[2026-09-29 08:14:42.887] [upf_n4 ] [info] handle_receive(16 bytes)
[2026-09-29 08:14:42.887] [upf_n4 ] [info] Received SX HEARTBEAT RESPONSE
[2026-09-29 08:14:43.030] [upf_app] [info] TIME-OUT event timer id 4675
[2026-09-29 08:14:43.030] [upf_app] [debug] Send Heartbeat to NRF
[2026-09-29 08:14:43.030] [upf_app] [info] Send NF Update to NRF
[2026-09-29 08:14:43.030] [upf_app] [debug] Send NF Update to NRF (Msg body [{"op":"replace","path":"/nfStatus","value":"REGISTERED"}])
[2026-09-29 08:14:43.030] [upf_app] [debug] Send NF Update to NRF (NRF URL http://oai-nrf.oai-core.svc.cluster.local:80/nnrf-nfm/v1/nf-instances/23f448d9-fc64-4a49-98a4-5c7e36d915b6)
[2026-09-29 08:14:43.030] [upf_app] [debug] Send a simple HTTP request
[2026-09-29 08:14:43.032] [upf_app] [info] Got successful response from NRF
[2026-09-29 08:14:43.032] [upf_app] [debug] Set a timer to the next Heart-beat (10)
[2026-09-29 08:14:47.887] [upf_n4 ] [info] TIME-OUT event timer id 4683
[2026-09-29 08:14:47.887] [upf_n4 ] [info] TIME-OUT event timer id 4684
[2026-09-29 08:14:47.887] [upf_n4 ] [info] PFCP HEARTBEAT PROCEDURE hash 169352876 starting
[2026-09-29 08:14:47.887] [upf_n4 ] [info] handle_receive(16 bytes)
[2026-09-29 08:14:47.887] [upf_n4 ] [info] Received SX HEARTBEAT RESPONSE
[2026-09-29 08:14:52.887] [upf_n4 ] [info] TIME-OUT event timer id 4688
[2026-09-29 08:14:52.887] [upf_n4 ] [info] handle_receive(16 bytes)
[2026-09-29 08:14:52.887] [upf_n4 ] [info] Received SX HEARTBEAT REQUEST
[2026-09-29 08:14:52.887] [upf_n4 ] [info] TIME-OUT event timer id 4689
[2026-09-29 08:14:52.887] [upf_n4 ] [info] PFCP HEARTBEAT PROCEDURE hash 169352876 starting
[2026-09-29 08:14:52.887] [upf_n4 ] [info] handle_receive(16 bytes)
[2026-09-29 08:14:52.887] [upf_n4 ] [info] Received SX HEARTBEAT RESPONSE
[2026-09-29 08:14:53.032] [upf_app] [info] TIME-OUT event timer id 4685
[2026-09-29 08:14:53.032] [upf_app] [debug] Send Heartbeat to NRF
[2026-09-29 08:14:53.032] [upf_app] [info] Send NF Update to NRF
[2026-09-29 08:14:53.032] [upf_app] [debug] Send NF Update to NRF (Msg body [{"op":"replace","path":"/nfStatus","value":"REGISTERED"}])
[2026-09-29 08:14:53.032] [upf_app] [debug] Send NF Update to NRF (NRF URL http://oai-nrf.oai-core.svc.cluster.local:80/nnrf-nfm/v1/nf-instances/23f448d9-fc64-4a49-98a4-5c7e36d915b6)
[2026-09-29 08:14:53.032] [upf_app] [debug] Send a simple HTTP request
[2026-09-29 08:14:53.034] [upf_app] [info] Got successful response from NRF
[2026-09-29 08:14:53.034] [upf_app] [debug] Set a timer to the next Heart-beat (10)
[2026-09-29 08:14:57.887] [upf_n4 ] [info] TIME-OUT event timer id 4693
[2026-09-29 08:14:57.887] [upf_n4 ] [info] TIME-OUT event timer id 4694
[2026-09-29 08:14:57.887] [upf_n4 ] [info] PFCP HEARTBEAT PROCEDURE hash 169352876 starting
[2026-09-29 08:14:57.887] [upf_n4 ] [info] handle_receive(16 bytes)
[2026-09-29 08:14:57.887] [upf_n4 ] [info] Received SX HEARTBEAT RESPONSE
[2026-09-29 08:15:02.887] [upf_n4 ] [info] TIME-OUT event timer id 4698
[2026-09-29 08:15:02.887] [upf_n4 ] [info] handle_receive(16 bytes)
[2026-09-29 08:15:02.887] [upf_n4 ] [info] Received SX HEARTBEAT REQUEST
[2026-09-29 08:15:02.887] [upf_n4 ] [info] TIME-OUT event timer id 4699
[2026-09-29 08:15:02.887] [upf_n4 ] [info] PFCP HEARTBEAT PROCEDURE hash 169352876 starting
[2026-09-29 08:15:02.887] [upf_n4 ] [info] handle_receive(16 bytes)
[2026-09-29 08:15:02.887] [upf_n4 ] [info] Received SX HEARTBEAT RESPONSE
[2026-09-29 08:15:03.034] [upf_app] [info] TIME-OUT event timer id 4695
[2026-09-29 08:15:03.034] [upf_app] [debug] Send Heartbeat to NRF
[2026-09-29 08:15:03.034] [upf_app] [info] Send NF Update to NRF
[2026-09-29 08:15:03.034] [upf_app] [debug] Send NF Update to NRF (Msg body [{"op":"replace","path":"/nfStatus","value":"REGISTERED"}])
[2026-09-29 08:15:03.034] [upf_app] [debug] Send NF Update to NRF (NRF URL http://oai-nrf.oai-core.svc.cluster.local:80/nnrf-nfm/v1/nf-instances/23f448d9-fc64-4a49-98a4-5c7e36d915b6)
[2026-09-29 08:15:03.035] [upf_app] [debug] Send a simple HTTP request
[2026-09-29 08:15:03.036] [upf_app] [info] Got successful response from NRF
[2026-09-29 08:15:03.036] [upf_app] [debug] Set a timer to the next Heart-beat (10)
[2026-09-29 08:15:07.887] [upf_n4 ] [info] TIME-OUT event timer id 4703
[2026-09-29 08:15:07.887] [upf_n4 ] [info] TIME-OUT event timer id 4704
[2026-09-29 08:15:07.887] [upf_n4 ] [info] PFCP HEARTBEAT PROCEDURE hash 169352876 starting
[2026-09-29 08:15:07.887] [upf_n4 ] [info] handle_receive(16 bytes)
[2026-09-29 08:15:07.887] [upf_n4 ] [info] Received SX HEARTBEAT RESPONSE
[2026-09-29 08:15:12.887] [upf_n4 ] [info] TIME-OUT event timer id 4708
[2026-09-29 08:15:12.887] [upf_n4 ] [info] TIME-OUT event timer id 4709
[2026-09-29 08:15:12.887] [upf_n4 ] [info] PFCP HEARTBEAT PROCEDURE hash 169352876 starting
[2026-09-29 08:15:12.888] [upf_n4 ] [info] handle_receive(16 bytes)
[2026-09-29 08:15:12.888] [upf_n4 ] [info] Received SX HEARTBEAT REQUEST
[2026-09-29 08:15:12.888] [upf_n4 ] [info] handle_receive(16 bytes)
[2026-09-29 08:15:12.888] [upf_n4 ] [info] Received SX HEARTBEAT RESPONSE
[2026-09-29 08:15:13.036] [upf_app] [info] TIME-OUT event timer id 4705
[2026-09-29 08:15:13.037] [upf_app] [debug] Send Heartbeat to NRF
[2026-09-29 08:15:13.037] [upf_app] [info] Send NF Update to NRF
[2026-09-29 08:15:13.037] [upf_app] [debug] Send NF Update to NRF (Msg body [{"op":"replace","path":"/nfStatus","value":"REGISTERED"}])
[2026-09-29 08:15:13.037] [upf_app] [debug] Send NF Update to NRF (NRF URL http://oai-nrf.oai-core.svc.cluster.local:80/nnrf-nfm/v1/nf-instances/23f448d9-fc64-4a49-98a4-5c7e36d915b6)
[2026-09-29 08:15:13.037] [upf_app] [debug] Send a simple HTTP request
[2026-09-29 08:15:13.039] [upf_app] [info] Got successful response from NRF
[2026-09-29 08:15:13.039] [upf_app] [debug] Set a timer to the next Heart-beat (10)
[2026-09-29 08:15:17.888] [upf_n4 ] [info] TIME-OUT event timer id 4712
[2026-09-29 08:15:17.888] [upf_n4 ] [info] TIME-OUT event timer id 4714
[2026-09-29 08:15:17.888] [upf_n4 ] [info] PFCP HEARTBEAT PROCEDURE hash 169352876 starting
[2026-09-29 08:15:17.888] [upf_n4 ] [info] handle_receive(16 bytes)
[2026-09-29 08:15:17.888] [upf_n4 ] [info] Received SX HEARTBEAT RESPONSE
[2026-09-29 08:15:22.888] [upf_n4 ] [info] TIME-OUT event timer id 4718
[2026-09-29 08:15:22.888] [upf_n4 ] [info] TIME-OUT event timer id 4719
[2026-09-29 08:15:22.888] [upf_n4 ] [info] PFCP HEARTBEAT PROCEDURE hash 169352876 starting
[2026-09-29 08:15:22.888] [upf_n4 ] [info] handle_receive(16 bytes)
[2026-09-29 08:15:22.888] [upf_n4 ] [info] Received SX HEARTBEAT REQUEST
[2026-09-29 08:15:22.888] [upf_n4 ] [info] handle_receive(16 bytes)
[2026-09-29 08:15:22.888] [upf_n4 ] [info] Received SX HEARTBEAT RESPONSE
[2026-09-29 08:15:23.039] [upf_app] [info] TIME-OUT event timer id 4715
[2026-09-29 08:15:23.039] [upf_app] [debug] Send Heartbeat to NRF
[2026-09-29 08:15:23.039] [upf_app] [info] Send NF Update to NRF
[2026-09-29 08:15:23.039] [upf_app] [debug] Send NF Update to NRF (Msg body [{"op":"replace","path":"/nfStatus","value":"REGISTERED"}])
[2026-09-29 08:15:23.039] [upf_app] [debug] Send NF Update to NRF (NRF URL http://oai-nrf.oai-core.svc.cluster.local:80/nnrf-nfm/v1/nf-instances/23f448d9-fc64-4a49-98a4-5c7e36d915b6)
[2026-09-29 08:15:23.039] [upf_app] [debug] Send a simple HTTP request
[2026-09-29 08:15:23.040] [upf_app] [info] Got successful response from NRF
[2026-09-29 08:15:23.040] [upf_app] [debug] Set a timer to the next Heart-beat (10)
[2026-09-29 08:15:27.888] [upf_n4 ] [info] TIME-OUT event timer id 4722
[2026-09-29 08:15:27.888] [upf_n4 ] [info] TIME-OUT event timer id 4724
[2026-09-29 08:15:27.888] [upf_n4 ] [info] PFCP HEARTBEAT PROCEDURE hash 169352876 starting
[2026-09-29 08:15:27.888] [upf_n4 ] [info] handle_receive(16 bytes)
[2026-09-29 08:15:27.888] [upf_n4 ] [info] Received SX HEARTBEAT RESPONSE
[2026-09-29 08:15:32.888] [upf_n4 ] [info] TIME-OUT event timer id 4728
[2026-09-29 08:15:32.888] [upf_n4 ] [info] TIME-OUT event timer id 4729
[2026-09-29 08:15:32.888] [upf_n4 ] [info] PFCP HEARTBEAT PROCEDURE hash 169352876 starting
[2026-09-29 08:15:32.888] [upf_n4 ] [info] handle_receive(16 bytes)
[2026-09-29 08:15:32.888] [upf_n4 ] [info] Received SX HEARTBEAT REQUEST
[2026-09-29 08:15:32.889] [upf_n4 ] [info] handle_receive(16 bytes)
[2026-09-29 08:15:32.889] [upf_n4 ] [info] Received SX HEARTBEAT RESPONSE
[2026-09-29 08:15:33.040] [upf_app] [info] TIME-OUT event timer id 4725
[2026-09-29 08:15:33.040] [upf_app] [debug] Send Heartbeat to NRF
[2026-09-29 08:15:33.040] [upf_app] [info] Send NF Update to NRF
[2026-09-29 08:15:33.040] [upf_app] [debug] Send NF Update to NRF (Msg body [{"op":"replace","path":"/nfStatus","value":"REGISTERED"}])
[2026-09-29 08:15:33.040] [upf_app] [debug] Send NF Update to NRF (NRF URL http://oai-nrf.oai-core.svc.cluster.local:80/nnrf-nfm/v1/nf-instances/23f448d9-fc64-4a49-98a4-5c7e36d915b6)
[2026-09-29 08:15:33.040] [upf_app] [debug] Send a simple HTTP request
[2026-09-29 08:15:33.042] [upf_app] [info] Got successful response from NRF
[2026-09-29 08:15:33.042] [upf_app] [debug] Set a timer to the next Heart-beat (10)
[2026-09-29 08:15:37.888] [upf_n4 ] [info] TIME-OUT event timer id 4732
[2026-09-29 08:15:37.889] [upf_n4 ] [info] TIME-OUT event timer id 4734
[2026-09-29 08:15:37.889] [upf_n4 ] [info] PFCP HEARTBEAT PROCEDURE hash 169352876 starting
[2026-09-29 08:15:37.889] [upf_n4 ] [info] handle_receive(16 bytes)
[2026-09-29 08:15:37.889] [upf_n4 ] [info] Received SX HEARTBEAT RESPONSE
[2026-09-29 08:15:42.889] [upf_n4 ] [info] TIME-OUT event timer id 4738
[2026-09-29 08:15:42.889] [upf_n4 ] [info] handle_receive(16 bytes)
[2026-09-29 08:15:42.889] [upf_n4 ] [info] Received SX HEARTBEAT REQUEST
[2026-09-29 08:15:42.889] [upf_n4 ] [info] TIME-OUT event timer id 4739
[2026-09-29 08:15:42.889] [upf_n4 ] [info] PFCP HEARTBEAT PROCEDURE hash 169352876 starting
[2026-09-29 08:15:42.889] [upf_n4 ] [info] handle_receive(16 bytes)
[2026-09-29 08:15:42.889] [upf_n4 ] [info] Received SX HEARTBEAT RESPONSE
[2026-09-29 08:15:43.042] [upf_app] [info] TIME-OUT event timer id 4735
[2026-09-29 08:15:43.042] [upf_app] [debug] Send Heartbeat to NRF
[2026-09-29 08:15:43.042] [upf_app] [info] Send NF Update to NRF
[2026-09-29 08:15:43.042] [upf_app] [debug] Send NF Update to NRF (Msg body [{"op":"replace","path":"/nfStatus","value":"REGISTERED"}])
[2026-09-29 08:15:43.042] [upf_app] [debug] Send NF Update to NRF (NRF URL http://oai-nrf.oai-core.svc.cluster.local:80/nnrf-nfm/v1/nf-instances/23f448d9-fc64-4a49-98a4-5c7e36d915b6)
[2026-09-29 08:15:43.042] [upf_app] [debug] Send a simple HTTP request
[2026-09-29 08:15:43.044] [upf_app] [info] Got successful response from NRF
[2026-09-29 08:15:43.044] [upf_app] [debug] Set a timer to the next Heart-beat (10)
[2026-09-29 08:15:47.889] [upf_n4 ] [info] TIME-OUT event timer id 4743
[2026-09-29 08:15:47.889] [upf_n4 ] [info] TIME-OUT event timer id 4744
[2026-09-29 08:15:47.889] [upf_n4 ] [info] PFCP HEARTBEAT PROCEDURE hash 169352876 starting
[2026-09-29 08:15:47.889] [upf_n4 ] [info] handle_receive(16 bytes)
[2026-09-29 08:15:47.889] [upf_n4 ] [info] Received SX HEARTBEAT RESPONSE
[2026-09-29 08:15:52.889] [upf_n4 ] [info] TIME-OUT event timer id 4748
[2026-09-29 08:15:52.889] [upf_n4 ] [info] handle_receive(16 bytes)
[2026-09-29 08:15:52.889] [upf_n4 ] [info] Received SX HEARTBEAT REQUEST
[2026-09-29 08:15:52.889] [upf_n4 ] [info] TIME-OUT event timer id 4749
[2026-09-29 08:15:52.889] [upf_n4 ] [info] PFCP HEARTBEAT PROCEDURE hash 169352876 starting
[2026-09-29 08:15:52.889] [upf_n4 ] [info] handle_receive(16 bytes)
[2026-09-29 08:15:52.889] [upf_n4 ] [info] Received SX HEARTBEAT RESPONSE
[2026-09-29 08:15:53.044] [upf_app] [info] TIME-OUT event timer id 4745
[2026-09-29 08:15:53.044] [upf_app] [debug] Send Heartbeat to NRF
[2026-09-29 08:15:53.044] [upf_app] [info] Send NF Update to NRF
[2026-09-29 08:15:53.044] [upf_app] [debug] Send NF Update to NRF (Msg body [{"op":"replace","path":"/nfStatus","value":"REGISTERED"}])
[2026-09-29 08:15:53.044] [upf_app] [debug] Send NF Update to NRF (NRF URL http://oai-nrf.oai-core.svc.cluster.local:80/nnrf-nfm/v1/nf-instances/23f448d9-fc64-4a49-98a4-5c7e36d915b6)
[2026-09-29 08:15:53.044] [upf_app] [debug] Send a simple HTTP request
[2026-09-29 08:15:53.046] [upf_app] [info] Got successful response from NRF
[2026-09-29 08:15:53.046] [upf_app] [debug] Set a timer to the next Heart-beat (10)
[2026-09-29 08:15:57.889] [upf_n4 ] [info] TIME-OUT event timer id 4753
[2026-09-29 08:15:57.889] [upf_n4 ] [info] TIME-OUT event timer id 4754
[2026-09-29 08:15:57.889] [upf_n4 ] [info] PFCP HEARTBEAT PROCEDURE hash 169352876 starting
[2026-09-29 08:15:57.889] [upf_n4 ] [info] handle_receive(16 bytes)
[2026-09-29 08:15:57.889] [upf_n4 ] [info] Received SX HEARTBEAT RESPONSE
[2026-09-29 08:16:02.889] [upf_n4 ] [info] TIME-OUT event timer id 4758
[2026-09-29 08:16:02.889] [upf_n4 ] [info] handle_receive(16 bytes)
[2026-09-29 08:16:02.889] [upf_n4 ] [info] Received SX HEARTBEAT REQUEST
[2026-09-29 08:16:02.889] [upf_n4 ] [info] TIME-OUT event timer id 4759
[2026-09-29 08:16:02.889] [upf_n4 ] [info] PFCP HEARTBEAT PROCEDURE hash 169352876 starting
[2026-09-29 08:16:02.889] [upf_n4 ] [info] handle_receive(16 bytes)
[2026-09-29 08:16:02.889] [upf_n4 ] [info] Received SX HEARTBEAT RESPONSE
[2026-09-29 08:16:03.046] [upf_app] [info] TIME-OUT event timer id 4755
[2026-09-29 08:16:03.046] [upf_app] [debug] Send Heartbeat to NRF
[2026-09-29 08:16:03.046] [upf_app] [info] Send NF Update to NRF
[2026-09-29 08:16:03.046] [upf_app] [debug] Send NF Update to NRF (Msg body [{"op":"replace","path":"/nfStatus","value":"REGISTERED"}])
[2026-09-29 08:16:03.046] [upf_app] [debug] Send NF Update to NRF (NRF URL http://oai-nrf.oai-core.svc.cluster.local:80/nnrf-nfm/v1/nf-instances/23f448d9-fc64-4a49-98a4-5c7e36d915b6)
[2026-09-29 08:16:03.046] [upf_app] [debug] Send a simple HTTP request
[2026-09-29 08:16:03.048] [upf_app] [info] Got successful response from NRF
[2026-09-29 08:16:03.048] [upf_app] [debug] Set a timer to the next Heart-beat (10)
[2026-09-29 08:16:07.889] [upf_n4 ] [info] TIME-OUT event timer id 4763
[2026-09-29 08:16:07.889] [upf_n4 ] [info] TIME-OUT event timer id 4764
[2026-09-29 08:16:07.889] [upf_n4 ] [info] PFCP HEARTBEAT PROCEDURE hash 169352876 starting
[2026-09-29 08:16:07.890] [upf_n4 ] [info] handle_receive(16 bytes)
[2026-09-29 08:16:07.890] [upf_n4 ] [info] Received SX HEARTBEAT RESPONSE
[2026-09-29 08:16:12.890] [upf_n4 ] [info] TIME-OUT event timer id 4768
[2026-09-29 08:16:12.890] [upf_n4 ] [info] TIME-OUT event timer id 4769
[2026-09-29 08:16:12.890] [upf_n4 ] [info] PFCP HEARTBEAT PROCEDURE hash 169352876 starting
[2026-09-29 08:16:12.890] [upf_n4 ] [info] handle_receive(16 bytes)
[2026-09-29 08:16:12.890] [upf_n4 ] [info] Received SX HEARTBEAT REQUEST
[2026-09-29 08:16:12.890] [upf_n4 ] [info] handle_receive(16 bytes)
[2026-09-29 08:16:12.890] [upf_n4 ] [info] Received SX HEARTBEAT RESPONSE
[2026-09-29 08:16:13.048] [upf_app] [info] TIME-OUT event timer id 4765
[2026-09-29 08:16:13.048] [upf_app] [debug] Send Heartbeat to NRF
[2026-09-29 08:16:13.048] [upf_app] [info] Send NF Update to NRF
[2026-09-29 08:16:13.048] [upf_app] [debug] Send NF Update to NRF (Msg body [{"op":"replace","path":"/nfStatus","value":"REGISTERED"}])
[2026-09-29 08:16:13.048] [upf_app] [debug] Send NF Update to NRF (NRF URL http://oai-nrf.oai-core.svc.cluster.local:80/nnrf-nfm/v1/nf-instances/23f448d9-fc64-4a49-98a4-5c7e36d915b6)
[2026-09-29 08:16:13.048] [upf_app] [debug] Send a simple HTTP request
[2026-09-29 08:16:13.050] [upf_app] [info] Got successful response from NRF
[2026-09-29 08:16:13.050] [upf_app] [debug] Set a timer to the next Heart-beat (10)
[2026-09-29 08:16:17.890] [upf_n4 ] [info] TIME-OUT event timer id 4772
[2026-09-29 08:16:17.890] [upf_n4 ] [info] TIME-OUT event timer id 4774
[2026-09-29 08:16:17.890] [upf_n4 ] [info] PFCP HEARTBEAT PROCEDURE hash 169352876 starting
[2026-09-29 08:16:17.890] [upf_n4 ] [info] handle_receive(16 bytes)
[2026-09-29 08:16:17.890] [upf_n4 ] [info] Received SX HEARTBEAT RESPONSE
[2026-09-29 08:16:22.890] [upf_n4 ] [info] TIME-OUT event timer id 4778
[2026-09-29 08:16:22.890] [upf_n4 ] [info] TIME-OUT event timer id 4779
[2026-09-29 08:16:22.890] [upf_n4 ] [info] PFCP HEARTBEAT PROCEDURE hash 169352876 starting
[2026-09-29 08:16:22.890] [upf_n4 ] [info] handle_receive(16 bytes)
[2026-09-29 08:16:22.890] [upf_n4 ] [info] Received SX HEARTBEAT REQUEST
[2026-09-29 08:16:22.890] [upf_n4 ] [info] handle_receive(16 bytes)
[2026-09-29 08:16:22.890] [upf_n4 ] [info] Received SX HEARTBEAT RESPONSE
[2026-09-29 08:16:23.050] [upf_app] [info] TIME-OUT event timer id 4775
[2026-09-29 08:16:23.050] [upf_app] [debug] Send Heartbeat to NRF
[2026-09-29 08:16:23.050] [upf_app] [info] Send NF Update to NRF
[2026-09-29 08:16:23.050] [upf_app] [debug] Send NF Update to NRF (Msg body [{"op":"replace","path":"/nfStatus","value":"REGISTERED"}])
[2026-09-29 08:16:23.050] [upf_app] [debug] Send NF Update to NRF (NRF URL http://oai-nrf.oai-core.svc.cluster.local:80/nnrf-nfm/v1/nf-instances/23f448d9-fc64-4a49-98a4-5c7e36d915b6)
[2026-09-29 08:16:23.050] [upf_app] [debug] Send a simple HTTP request
[2026-09-29 08:16:23.052] [upf_app] [info] Got successful response from NRF
[2026-09-29 08:16:23.052] [upf_app] [debug] Set a timer to the next Heart-beat (10)
[2026-09-29 08:16:27.890] [upf_n4 ] [info] TIME-OUT event timer id 4782
[2026-09-29 08:16:27.890] [upf_n4 ] [info] TIME-OUT event timer id 4784
[2026-09-29 08:16:27.890] [upf_n4 ] [info] PFCP HEARTBEAT PROCEDURE hash 169352876 starting
[2026-09-29 08:16:27.890] [upf_n4 ] [info] handle_receive(16 bytes)
[2026-09-29 08:16:27.890] [upf_n4 ] [info] Received SX HEARTBEAT RESPONSE
[2026-09-29 08:16:32.890] [upf_n4 ] [info] TIME-OUT event timer id 4788
[2026-09-29 08:16:32.890] [upf_n4 ] [info] TIME-OUT event timer id 4789
[2026-09-29 08:16:32.890] [upf_n4 ] [info] PFCP HEARTBEAT PROCEDURE hash 169352876 starting
[2026-09-29 08:16:32.891] [upf_n4 ] [info] handle_receive(16 bytes)
[2026-09-29 08:16:32.891] [upf_n4 ] [info] Received SX HEARTBEAT REQUEST
[2026-09-29 08:16:32.891] [upf_n4 ] [info] handle_receive(16 bytes)
[2026-09-29 08:16:32.891] [upf_n4 ] [info] Received SX HEARTBEAT RESPONSE
[2026-09-29 08:16:33.052] [upf_app] [info] TIME-OUT event timer id 4785
[2026-09-29 08:16:33.052] [upf_app] [debug] Send Heartbeat to NRF
[2026-09-29 08:16:33.052] [upf_app] [info] Send NF Update to NRF
[2026-09-29 08:16:33.052] [upf_app] [debug] Send NF Update to NRF (Msg body [{"op":"replace","path":"/nfStatus","value":"REGISTERED"}])
[2026-09-29 08:16:33.052] [upf_app] [debug] Send NF Update to NRF (NRF URL http://oai-nrf.oai-core.svc.cluster.local:80/nnrf-nfm/v1/nf-instances/23f448d9-fc64-4a49-98a4-5c7e36d915b6)
[2026-09-29 08:16:33.052] [upf_app] [debug] Send a simple HTTP request
[2026-09-29 08:16:33.054] [upf_app] [info] Got successful response from NRF
[2026-09-29 08:16:33.054] [upf_app] [debug] Set a timer to the next Heart-beat (10)
[2026-09-29 08:16:37.891] [upf_n4 ] [info] TIME-OUT event timer id 4792
[2026-09-29 08:16:37.891] [upf_n4 ] [info] TIME-OUT event timer id 4794
[2026-09-29 08:16:37.891] [upf_n4 ] [info] PFCP HEARTBEAT PROCEDURE hash 169352876 starting
[2026-09-29 08:16:37.891] [upf_n4 ] [info] handle_receive(16 bytes)
[2026-09-29 08:16:37.891] [upf_n4 ] [info] Received SX HEARTBEAT RESPONSE
[2026-09-29 08:16:42.891] [upf_n4 ] [info] TIME-OUT event timer id 4798
[2026-09-29 08:16:42.891] [upf_n4 ] [info] handle_receive(16 bytes)
[2026-09-29 08:16:42.891] [upf_n4 ] [info] Received SX HEARTBEAT REQUEST
[2026-09-29 08:16:42.891] [upf_n4 ] [info] TIME-OUT event timer id 4799
[2026-09-29 08:16:42.891] [upf_n4 ] [info] PFCP HEARTBEAT PROCEDURE hash 169352876 starting
[2026-09-29 08:16:42.891] [upf_n4 ] [info] handle_receive(16 bytes)
[2026-09-29 08:16:42.891] [upf_n4 ] [info] Received SX HEARTBEAT RESPONSE
[2026-09-29 08:16:43.054] [upf_app] [info] TIME-OUT event timer id 4795
[2026-09-29 08:16:43.054] [upf_app] [debug] Send Heartbeat to NRF
[2026-09-29 08:16:43.054] [upf_app] [info] Send NF Update to NRF
[2026-09-29 08:16:43.054] [upf_app] [debug] Send NF Update to NRF (Msg body [{"op":"replace","path":"/nfStatus","value":"REGISTERED"}])
[2026-09-29 08:16:43.054] [upf_app] [debug] Send NF Update to NRF (NRF URL http://oai-nrf.oai-core.svc.cluster.local:80/nnrf-nfm/v1/nf-instances/23f448d9-fc64-4a49-98a4-5c7e36d915b6)
[2026-09-29 08:16:43.054] [upf_app] [debug] Send a simple HTTP request
[2026-09-29 08:16:43.056] [upf_app] [info] Got successful response from NRF
[2026-09-29 08:16:43.056] [upf_app] [debug] Set a timer to the next Heart-beat (10)
[2026-09-29 08:16:47.891] [upf_n4 ] [info] TIME-OUT event timer id 4803
[2026-09-29 08:16:47.891] [upf_n4 ] [info] TIME-OUT event timer id 4804
[2026-09-29 08:16:47.891] [upf_n4 ] [info] PFCP HEARTBEAT PROCEDURE hash 169352876 starting
[2026-09-29 08:16:47.891] [upf_n4 ] [info] handle_receive(16 bytes)
[2026-09-29 08:16:47.891] [upf_n4 ] [info] Received SX HEARTBEAT RESPONSE
[2026-09-29 08:16:52.891] [upf_n4 ] [info] TIME-OUT event timer id 4808
[2026-09-29 08:16:52.891] [upf_n4 ] [info] handle_receive(16 bytes)
[2026-09-29 08:16:52.891] [upf_n4 ] [info] Received SX HEARTBEAT REQUEST
[2026-09-29 08:16:52.891] [upf_n4 ] [info] TIME-OUT event timer id 4809
[2026-09-29 08:16:52.891] [upf_n4 ] [info] PFCP HEARTBEAT PROCEDURE hash 169352876 starting
[2026-09-29 08:16:52.891] [upf_n4 ] [info] handle_receive(16 bytes)
[2026-09-29 08:16:52.891] [upf_n4 ] [info] Received SX HEARTBEAT RESPONSE
[2026-09-29 08:16:53.056] [upf_app] [info] TIME-OUT event timer id 4805
[2026-09-29 08:16:53.057] [upf_app] [debug] Send Heartbeat to NRF
[2026-09-29 08:16:53.057] [upf_app] [info] Send NF Update to NRF
[2026-09-29 08:16:53.057] [upf_app] [debug] Send NF Update to NRF (Msg body [{"op":"replace","path":"/nfStatus","value":"REGISTERED"}])
[2026-09-29 08:16:53.057] [upf_app] [debug] Send NF Update to NRF (NRF URL http://oai-nrf.oai-core.svc.cluster.local:80/nnrf-nfm/v1/nf-instances/23f448d9-fc64-4a49-98a4-5c7e36d915b6)
[2026-09-29 08:16:53.057] [upf_app] [debug] Send a simple HTTP request
[2026-09-29 08:16:53.058] [upf_app] [info] Got successful response from NRF
[2026-09-29 08:16:53.058] [upf_app] [debug] Set a timer to the next Heart-beat (10)
[2026-09-29 08:16:57.891] [upf_n4 ] [info] TIME-OUT event timer id 4813
[2026-09-29 08:16:57.891] [upf_n4 ] [info] TIME-OUT event timer id 4814
[2026-09-29 08:16:57.891] [upf_n4 ] [info] PFCP HEARTBEAT PROCEDURE hash 169352876 starting
[2026-09-29 08:16:57.892] [upf_n4 ] [info] handle_receive(16 bytes)
[2026-09-29 08:16:57.892] [upf_n4 ] [info] Received SX HEARTBEAT RESPONSE
[2026-09-29 08:17:02.891] [upf_n4 ] [info] TIME-OUT event timer id 4818
[2026-09-29 08:17:02.892] [upf_n4 ] [info] handle_receive(16 bytes)
[2026-09-29 08:17:02.892] [upf_n4 ] [info] Received SX HEARTBEAT REQUEST
[2026-09-29 08:17:02.892] [upf_n4 ] [info] TIME-OUT event timer id 4819
[2026-09-29 08:17:02.892] [upf_n4 ] [info] PFCP HEARTBEAT PROCEDURE hash 169352876 starting
[2026-09-29 08:17:02.892] [upf_n4 ] [info] handle_receive(16 bytes)
[2026-09-29 08:17:02.892] [upf_n4 ] [info] Received SX HEARTBEAT RESPONSE
[2026-09-29 08:17:03.058] [upf_app] [info] TIME-OUT event timer id 4815
[2026-09-29 08:17:03.058] [upf_app] [debug] Send Heartbeat to NRF
[2026-09-29 08:17:03.058] [upf_app] [info] Send NF Update to NRF
[2026-09-29 08:17:03.059] [upf_app] [debug] Send NF Update to NRF (Msg body [{"op":"replace","path":"/nfStatus","value":"REGISTERED"}])
[2026-09-29 08:17:03.059] [upf_app] [debug] Send NF Update to NRF (NRF URL http://oai-nrf.oai-core.svc.cluster.local:80/nnrf-nfm/v1/nf-instances/23f448d9-fc64-4a49-98a4-5c7e36d915b6)
[2026-09-29 08:17:03.059] [upf_app] [debug] Send a simple HTTP request
[2026-09-29 08:17:03.060] [upf_app] [info] Got successful response from NRF
[2026-09-29 08:17:03.060] [upf_app] [debug] Set a timer to the next Heart-beat (10)
[2026-09-29 08:17:07.892] [upf_n4 ] [info] TIME-OUT event timer id 4823
[2026-09-29 08:17:07.892] [upf_n4 ] [info] TIME-OUT event timer id 4824
[2026-09-29 08:17:07.892] [upf_n4 ] [info] PFCP HEARTBEAT PROCEDURE hash 169352876 starting
[2026-09-29 08:17:07.892] [upf_n4 ] [info] handle_receive(16 bytes)
[2026-09-29 08:17:07.892] [upf_n4 ] [info] Received SX HEARTBEAT RESPONSE
[2026-09-29 08:17:12.892] [upf_n4 ] [info] TIME-OUT event timer id 4828
[2026-09-29 08:17:12.892] [upf_n4 ] [info] handle_receive(16 bytes)
[2026-09-29 08:17:12.892] [upf_n4 ] [info] Received SX HEARTBEAT REQUEST
[2026-09-29 08:17:12.892] [upf_n4 ] [info] TIME-OUT event timer id 4829
[2026-09-29 08:17:12.892] [upf_n4 ] [info] PFCP HEARTBEAT PROCEDURE hash 169352876 starting
[2026-09-29 08:17:12.892] [upf_n4 ] [info] handle_receive(16 bytes)
[2026-09-29 08:17:12.892] [upf_n4 ] [info] Received SX HEARTBEAT RESPONSE
[2026-09-29 08:17:13.060] [upf_app] [info] TIME-OUT event timer id 4825
[2026-09-29 08:17:13.061] [upf_app] [debug] Send Heartbeat to NRF
[2026-09-29 08:17:13.061] [upf_app] [info] Send NF Update to NRF
[2026-09-29 08:17:13.061] [upf_app] [debug] Send NF Update to NRF (Msg body [{"op":"replace","path":"/nfStatus","value":"REGISTERED"}])
[2026-09-29 08:17:13.061] [upf_app] [debug] Send NF Update to NRF (NRF URL http://oai-nrf.oai-core.svc.cluster.local:80/nnrf-nfm/v1/nf-instances/23f448d9-fc64-4a49-98a4-5c7e36d915b6)
[2026-09-29 08:17:13.061] [upf_app] [debug] Send a simple HTTP request
[2026-09-29 08:17:13.062] [upf_app] [info] Got successful response from NRF
[2026-09-29 08:17:13.062] [upf_app] [debug] Set a timer to the next Heart-beat (10)
[2026-09-29 08:17:17.892] [upf_n4 ] [info] TIME-OUT event timer id 4833
[2026-09-29 08:17:17.892] [upf_n4 ] [info] TIME-OUT event timer id 4834
[2026-09-29 08:17:17.892] [upf_n4 ] [info] PFCP HEARTBEAT PROCEDURE hash 169352876 starting
[2026-09-29 08:17:17.892] [upf_n4 ] [info] handle_receive(16 bytes)
[2026-09-29 08:17:17.892] [upf_n4 ] [info] Received SX HEARTBEAT RESPONSE
[2026-09-29 08:17:22.892] [upf_n4 ] [info] TIME-OUT event timer id 4838
[2026-09-29 08:17:22.892] [upf_n4 ] [info] handle_receive(16 bytes)
[2026-09-29 08:17:22.892] [upf_n4 ] [info] Received SX HEARTBEAT REQUEST
[2026-09-29 08:17:22.892] [upf_n4 ] [info] TIME-OUT event timer id 4839
[2026-09-29 08:17:22.892] [upf_n4 ] [info] PFCP HEARTBEAT PROCEDURE hash 169352876 starting
[2026-09-29 08:17:22.892] [upf_n4 ] [info] handle_receive(16 bytes)
[2026-09-29 08:17:22.892] [upf_n4 ] [info] Received SX HEARTBEAT RESPONSE
[2026-09-29 08:17:23.063] [upf_app] [info] TIME-OUT event timer id 4835
[2026-09-29 08:17:23.063] [upf_app] [debug] Send Heartbeat to NRF
[2026-09-29 08:17:23.063] [upf_app] [info] Send NF Update to NRF
[2026-09-29 08:17:23.063] [upf_app] [debug] Send NF Update to NRF (Msg body [{"op":"replace","path":"/nfStatus","value":"REGISTERED"}])
[2026-09-29 08:17:23.063] [upf_app] [debug] Send NF Update to NRF (NRF URL http://oai-nrf.oai-core.svc.cluster.local:80/nnrf-nfm/v1/nf-instances/23f448d9-fc64-4a49-98a4-5c7e36d915b6)
[2026-09-29 08:17:23.063] [upf_app] [debug] Send a simple HTTP request
[2026-09-29 08:17:23.065] [upf_app] [info] Got successful response from NRF
[2026-09-29 08:17:23.065] [upf_app] [debug] Set a timer to the next Heart-beat (10)
[2026-09-29 08:17:27.892] [upf_n4 ] [info] TIME-OUT event timer id 4843
[2026-09-29 08:17:27.892] [upf_n4 ] [info] TIME-OUT event timer id 4844
[2026-09-29 08:17:27.892] [upf_n4 ] [info] PFCP HEARTBEAT PROCEDURE hash 169352876 starting
[2026-09-29 08:17:27.893] [upf_n4 ] [info] handle_receive(16 bytes)
[2026-09-29 08:17:27.893] [upf_n4 ] [info] Received SX HEARTBEAT RESPONSE
[2026-09-29 08:17:32.892] [upf_n4 ] [info] TIME-OUT event timer id 4848
[2026-09-29 08:17:32.892] [upf_n4 ] [info] handle_receive(16 bytes)
[2026-09-29 08:17:32.892] [upf_n4 ] [info] Received SX HEARTBEAT REQUEST
[2026-09-29 08:17:32.893] [upf_n4 ] [info] TIME-OUT event timer id 4849
[2026-09-29 08:17:32.893] [upf_n4 ] [info] PFCP HEARTBEAT PROCEDURE hash 169352876 starting
[2026-09-29 08:17:32.893] [upf_n4 ] [info] handle_receive(16 bytes)
[2026-09-29 08:17:32.893] [upf_n4 ] [info] Received SX HEARTBEAT RESPONSE
[2026-09-29 08:17:33.065] [upf_app] [info] TIME-OUT event timer id 4845
[2026-09-29 08:17:33.065] [upf_app] [debug] Send Heartbeat to NRF
[2026-09-29 08:17:33.065] [upf_app] [info] Send NF Update to NRF
[2026-09-29 08:17:33.065] [upf_app] [debug] Send NF Update to NRF (Msg body [{"op":"replace","path":"/nfStatus","value":"REGISTERED"}])
[2026-09-29 08:17:33.065] [upf_app] [debug] Send NF Update to NRF (NRF URL http://oai-nrf.oai-core.svc.cluster.local:80/nnrf-nfm/v1/nf-instances/23f448d9-fc64-4a49-98a4-5c7e36d915b6)
[2026-09-29 08:17:33.065] [upf_app] [debug] Send a simple HTTP request
[2026-09-29 08:17:33.067] [upf_app] [info] Got successful response from NRF
[2026-09-29 08:17:33.067] [upf_app] [debug] Set a timer to the next Heart-beat (10)
[2026-09-29 08:17:37.893] [upf_n4 ] [info] TIME-OUT event timer id 4853
[2026-09-29 08:17:37.893] [upf_n4 ] [info] TIME-OUT event timer id 4854
[2026-09-29 08:17:37.893] [upf_n4 ] [info] PFCP HEARTBEAT PROCEDURE hash 169352876 starting
[2026-09-29 08:17:37.893] [upf_n4 ] [info] handle_receive(16 bytes)
[2026-09-29 08:17:37.893] [upf_n4 ] [info] Received SX HEARTBEAT RESPONSE
[2026-09-29 08:17:42.893] [upf_n4 ] [info] TIME-OUT event timer id 4858
[2026-09-29 08:17:42.893] [upf_n4 ] [info] handle_receive(16 bytes)
[2026-09-29 08:17:42.893] [upf_n4 ] [info] Received SX HEARTBEAT REQUEST
[2026-09-29 08:17:42.893] [upf_n4 ] [info] TIME-OUT event timer id 4859
[2026-09-29 08:17:42.893] [upf_n4 ] [info] PFCP HEARTBEAT PROCEDURE hash 169352876 starting
[2026-09-29 08:17:42.893] [upf_n4 ] [info] handle_receive(16 bytes)
[2026-09-29 08:17:42.893] [upf_n4 ] [info] Received SX HEARTBEAT RESPONSE
[2026-09-29 08:17:43.067] [upf_app] [info] TIME-OUT event timer id 4855
[2026-09-29 08:17:43.067] [upf_app] [debug] Send Heartbeat to NRF
[2026-09-29 08:17:43.067] [upf_app] [info] Send NF Update to NRF
[2026-09-29 08:17:43.067] [upf_app] [debug] Send NF Update to NRF (Msg body [{"op":"replace","path":"/nfStatus","value":"REGISTERED"}])
[2026-09-29 08:17:43.067] [upf_app] [debug] Send NF Update to NRF (NRF URL http://oai-nrf.oai-core.svc.cluster.local:80/nnrf-nfm/v1/nf-instances/23f448d9-fc64-4a49-98a4-5c7e36d915b6)
[2026-09-29 08:17:43.067] [upf_app] [debug] Send a simple HTTP request
[2026-09-29 08:17:43.069] [upf_app] [info] Got successful response from NRF
[2026-09-29 08:17:43.069] [upf_app] [debug] Set a timer to the next Heart-beat (10)
[2026-09-29 08:17:47.893] [upf_n4 ] [info] TIME-OUT event timer id 4863
[2026-09-29 08:17:47.893] [upf_n4 ] [info] TIME-OUT event timer id 4864
[2026-09-29 08:17:47.893] [upf_n4 ] [info] PFCP HEARTBEAT PROCEDURE hash 169352876 starting
[2026-09-29 08:17:47.893] [upf_n4 ] [info] handle_receive(16 bytes)
[2026-09-29 08:17:47.893] [upf_n4 ] [info] Received SX HEARTBEAT RESPONSE
[2026-09-29 08:17:52.893] [upf_n4 ] [info] TIME-OUT event timer id 4868
[2026-09-29 08:17:52.893] [upf_n4 ] [info] TIME-OUT event timer id 4869
[2026-09-29 08:17:52.893] [upf_n4 ] [info] PFCP HEARTBEAT PROCEDURE hash 169352876 starting
[2026-09-29 08:17:52.893] [upf_n4 ] [info] handle_receive(16 bytes)
[2026-09-29 08:17:52.893] [upf_n4 ] [info] Received SX HEARTBEAT REQUEST
[2026-09-29 08:17:52.893] [upf_n4 ] [info] handle_receive(16 bytes)
[2026-09-29 08:17:52.893] [upf_n4 ] [info] Received SX HEARTBEAT RESPONSE
[2026-09-29 08:17:53.069] [upf_app] [info] TIME-OUT event timer id 4865
[2026-09-29 08:17:53.069] [upf_app] [debug] Send Heartbeat to NRF
[2026-09-29 08:17:53.069] [upf_app] [info] Send NF Update to NRF
[2026-09-29 08:17:53.069] [upf_app] [debug] Send NF Update to NRF (Msg body [{"op":"replace","path":"/nfStatus","value":"REGISTERED"}])
[2026-09-29 08:17:53.069] [upf_app] [debug] Send NF Update to NRF (NRF URL http://oai-nrf.oai-core.svc.cluster.local:80/nnrf-nfm/v1/nf-instances/23f448d9-fc64-4a49-98a4-5c7e36d915b6)
[2026-09-29 08:17:53.069] [upf_app] [debug] Send a simple HTTP request
[2026-09-29 08:17:53.071] [upf_app] [info] Got successful response from NRF
[2026-09-29 08:17:53.071] [upf_app] [debug] Set a timer to the next Heart-beat (10)
[2026-09-29 08:17:57.893] [upf_n4 ] [info] TIME-OUT event timer id 4872
[2026-09-29 08:17:57.893] [upf_n4 ] [info] TIME-OUT event timer id 4874
[2026-09-29 08:17:57.893] [upf_n4 ] [info] PFCP HEARTBEAT PROCEDURE hash 169352876 starting
[2026-09-29 08:17:57.894] [upf_n4 ] [info] handle_receive(16 bytes)
[2026-09-29 08:17:57.894] [upf_n4 ] [info] Received SX HEARTBEAT RESPONSE
[2026-09-29 08:18:02.893] [upf_n4 ] [info] TIME-OUT event timer id 4878
[2026-09-29 08:18:02.894] [upf_n4 ] [info] TIME-OUT event timer id 4879
[2026-09-29 08:18:02.894] [upf_n4 ] [info] PFCP HEARTBEAT PROCEDURE hash 169352876 starting
[2026-09-29 08:18:02.894] [upf_n4 ] [info] handle_receive(16 bytes)
[2026-09-29 08:18:02.894] [upf_n4 ] [info] Received SX HEARTBEAT REQUEST
[2026-09-29 08:18:02.894] [upf_n4 ] [info] handle_receive(16 bytes)
[2026-09-29 08:18:02.894] [upf_n4 ] [info] Received SX HEARTBEAT RESPONSE
[2026-09-29 08:18:03.071] [upf_app] [info] TIME-OUT event timer id 4875
[2026-09-29 08:18:03.071] [upf_app] [debug] Send Heartbeat to NRF
[2026-09-29 08:18:03.071] [upf_app] [info] Send NF Update to NRF
[2026-09-29 08:18:03.071] [upf_app] [debug] Send NF Update to NRF (Msg body [{"op":"replace","path":"/nfStatus","value":"REGISTERED"}])
[2026-09-29 08:18:03.071] [upf_app] [debug] Send NF Update to NRF (NRF URL http://oai-nrf.oai-core.svc.cluster.local:80/nnrf-nfm/v1/nf-instances/23f448d9-fc64-4a49-98a4-5c7e36d915b6)
[2026-09-29 08:18:03.071] [upf_app] [debug] Send a simple HTTP request
[2026-09-29 08:18:03.073] [upf_app] [info] Got successful response from NRF
[2026-09-29 08:18:03.073] [upf_app] [debug] Set a timer to the next Heart-beat (10)
[2026-09-29 08:18:07.894] [upf_n4 ] [info] TIME-OUT event timer id 4882
[2026-09-29 08:18:07.894] [upf_n4 ] [info] TIME-OUT event timer id 4884
[2026-09-29 08:18:07.894] [upf_n4 ] [info] PFCP HEARTBEAT PROCEDURE hash 169352876 starting
[2026-09-29 08:18:07.894] [upf_n4 ] [info] handle_receive(16 bytes)
[2026-09-29 08:18:07.894] [upf_n4 ] [info] Received SX HEARTBEAT RESPONSE
[2026-09-29 08:18:12.894] [upf_n4 ] [info] TIME-OUT event timer id 4888
[2026-09-29 08:18:12.894] [upf_n4 ] [info] TIME-OUT event timer id 4889
[2026-09-29 08:18:12.894] [upf_n4 ] [info] PFCP HEARTBEAT PROCEDURE hash 169352876 starting
[2026-09-29 08:18:12.894] [upf_n4 ] [info] handle_receive(16 bytes)
[2026-09-29 08:18:12.894] [upf_n4 ] [info] Received SX HEARTBEAT REQUEST
[2026-09-29 08:18:12.894] [upf_n4 ] [info] handle_receive(16 bytes)
[2026-09-29 08:18:12.894] [upf_n4 ] [info] Received SX HEARTBEAT RESPONSE
[2026-09-29 08:18:13.074] [upf_app] [info] TIME-OUT event timer id 4885
[2026-09-29 08:18:13.074] [upf_app] [debug] Send Heartbeat to NRF
[2026-09-29 08:18:13.074] [upf_app] [info] Send NF Update to NRF
[2026-09-29 08:18:13.074] [upf_app] [debug] Send NF Update to NRF (Msg body [{"op":"replace","path":"/nfStatus","value":"REGISTERED"}])
[2026-09-29 08:18:13.074] [upf_app] [debug] Send NF Update to NRF (NRF URL http://oai-nrf.oai-core.svc.cluster.local:80/nnrf-nfm/v1/nf-instances/23f448d9-fc64-4a49-98a4-5c7e36d915b6)
[2026-09-29 08:18:13.074] [upf_app] [debug] Send a simple HTTP request
[2026-09-29 08:18:13.076] [upf_app] [info] Got successful response from NRF
[2026-09-29 08:18:13.076] [upf_app] [debug] Set a timer to the next Heart-beat (10)
[2026-09-29 08:18:17.894] [upf_n4 ] [info] TIME-OUT event timer id 4892
[2026-09-29 08:18:17.894] [upf_n4 ] [info] TIME-OUT event timer id 4894
[2026-09-29 08:18:17.894] [upf_n4 ] [info] PFCP HEARTBEAT PROCEDURE hash 169352876 starting
[2026-09-29 08:18:17.894] [upf_n4 ] [info] handle_receive(16 bytes)
[2026-09-29 08:18:17.894] [upf_n4 ] [info] Received SX HEARTBEAT RESPONSE
[2026-09-29 08:18:22.894] [upf_n4 ] [info] TIME-OUT event timer id 4898
[2026-09-29 08:18:22.894] [upf_n4 ] [info] handle_receive(16 bytes)
[2026-09-29 08:18:22.894] [upf_n4 ] [info] Received SX HEARTBEAT REQUEST
[2026-09-29 08:18:22.894] [upf_n4 ] [info] TIME-OUT event timer id 4899
[2026-09-29 08:18:22.894] [upf_n4 ] [info] PFCP HEARTBEAT PROCEDURE hash 169352876 starting
[2026-09-29 08:18:22.895] [upf_n4 ] [info] handle_receive(16 bytes)
[2026-09-29 08:18:22.895] [upf_n4 ] [info] Received SX HEARTBEAT RESPONSE
[2026-09-29 08:18:23.076] [upf_app] [info] TIME-OUT event timer id 4895
[2026-09-29 08:18:23.076] [upf_app] [debug] Send Heartbeat to NRF
[2026-09-29 08:18:23.076] [upf_app] [info] Send NF Update to NRF
[2026-09-29 08:18:23.076] [upf_app] [debug] Send NF Update to NRF (Msg body [{"op":"replace","path":"/nfStatus","value":"REGISTERED"}])
[2026-09-29 08:18:23.076] [upf_app] [debug] Send NF Update to NRF (NRF URL http://oai-nrf.oai-core.svc.cluster.local:80/nnrf-nfm/v1/nf-instances/23f448d9-fc64-4a49-98a4-5c7e36d915b6)
[2026-09-29 08:18:23.076] [upf_app] [debug] Send a simple HTTP request
[2026-09-29 08:18:23.078] [upf_app] [info] Got successful response from NRF
[2026-09-29 08:18:23.078] [upf_app] [debug] Set a timer to the next Heart-beat (10)
[2026-09-29 08:18:27.894] [upf_n4 ] [info] TIME-OUT event timer id 4903
[2026-09-29 08:18:27.895] [upf_n4 ] [info] TIME-OUT event timer id 4904
[2026-09-29 08:18:27.895] [upf_n4 ] [info] PFCP HEARTBEAT PROCEDURE hash 169352876 starting
[2026-09-29 08:18:27.895] [upf_n4 ] [info] handle_receive(16 bytes)
[2026-09-29 08:18:27.895] [upf_n4 ] [info] Received SX HEARTBEAT RESPONSE
[2026-09-29 08:18:32.895] [upf_n4 ] [info] TIME-OUT event timer id 4908
[2026-09-29 08:18:32.895] [upf_n4 ] [info] handle_receive(16 bytes)
[2026-09-29 08:18:32.895] [upf_n4 ] [info] Received SX HEARTBEAT REQUEST
[2026-09-29 08:18:32.895] [upf_n4 ] [info] TIME-OUT event timer id 4909
[2026-09-29 08:18:32.895] [upf_n4 ] [info] PFCP HEARTBEAT PROCEDURE hash 169352876 starting
[2026-09-29 08:18:32.895] [upf_n4 ] [info] handle_receive(16 bytes)
[2026-09-29 08:18:32.895] [upf_n4 ] [info] Received SX HEARTBEAT RESPONSE
[2026-09-29 08:18:33.078] [upf_app] [info] TIME-OUT event timer id 4905
[2026-09-29 08:18:33.078] [upf_app] [debug] Send Heartbeat to NRF
[2026-09-29 08:18:33.078] [upf_app] [info] Send NF Update to NRF
[2026-09-29 08:18:33.078] [upf_app] [debug] Send NF Update to NRF (Msg body [{"op":"replace","path":"/nfStatus","value":"REGISTERED"}])
[2026-09-29 08:18:33.078] [upf_app] [debug] Send NF Update to NRF (NRF URL http://oai-nrf.oai-core.svc.cluster.local:80/nnrf-nfm/v1/nf-instances/23f448d9-fc64-4a49-98a4-5c7e36d915b6)
[2026-09-29 08:18:33.078] [upf_app] [debug] Send a simple HTTP request
[2026-09-29 08:18:33.080] [upf_app] [info] Got successful response from NRF
[2026-09-29 08:18:33.080] [upf_app] [debug] Set a timer to the next Heart-beat (10)
[2026-09-29 08:18:37.895] [upf_n4 ] [info] TIME-OUT event timer id 4913
[2026-09-29 08:18:37.895] [upf_n4 ] [info] TIME-OUT event timer id 4914
[2026-09-29 08:18:37.895] [upf_n4 ] [info] PFCP HEARTBEAT PROCEDURE hash 169352876 starting
[2026-09-29 08:18:37.895] [upf_n4 ] [info] handle_receive(16 bytes)
[2026-09-29 08:18:37.895] [upf_n4 ] [info] Received SX HEARTBEAT RESPONSE
[2026-09-29 08:18:42.895] [upf_n4 ] [info] TIME-OUT event timer id 4918
[2026-09-29 08:18:42.895] [upf_n4 ] [info] handle_receive(16 bytes)
[2026-09-29 08:18:42.895] [upf_n4 ] [info] Received SX HEARTBEAT REQUEST
[2026-09-29 08:18:42.895] [upf_n4 ] [info] TIME-OUT event timer id 4919
[2026-09-29 08:18:42.895] [upf_n4 ] [info] PFCP HEARTBEAT PROCEDURE hash 169352876 starting
[2026-09-29 08:18:42.895] [upf_n4 ] [info] handle_receive(16 bytes)
[2026-09-29 08:18:42.895] [upf_n4 ] [info] Received SX HEARTBEAT RESPONSE
[2026-09-29 08:18:43.081] [upf_app] [info] TIME-OUT event timer id 4915
[2026-09-29 08:18:43.081] [upf_app] [debug] Send Heartbeat to NRF
[2026-09-29 08:18:43.081] [upf_app] [info] Send NF Update to NRF
[2026-09-29 08:18:43.081] [upf_app] [debug] Send NF Update to NRF (Msg body [{"op":"replace","path":"/nfStatus","value":"REGISTERED"}])
[2026-09-29 08:18:43.081] [upf_app] [debug] Send NF Update to NRF (NRF URL http://oai-nrf.oai-core.svc.cluster.local:80/nnrf-nfm/v1/nf-instances/23f448d9-fc64-4a49-98a4-5c7e36d915b6)
[2026-09-29 08:18:43.081] [upf_app] [debug] Send a simple HTTP request
[2026-09-29 08:18:43.083] [upf_app] [info] Got successful response from NRF
[2026-09-29 08:18:43.083] [upf_app] [debug] Set a timer to the next Heart-beat (10)
[2026-09-29 08:18:47.895] [upf_n4 ] [info] TIME-OUT event timer id 4923
[2026-09-29 08:18:47.895] [upf_n4 ] [info] TIME-OUT event timer id 4924
[2026-09-29 08:18:47.895] [upf_n4 ] [info] PFCP HEARTBEAT PROCEDURE hash 169352876 starting
[2026-09-29 08:18:47.895] [upf_n4 ] [info] handle_receive(16 bytes)
[2026-09-29 08:18:47.895] [upf_n4 ] [info] Received SX HEARTBEAT RESPONSE
[2026-09-29 08:18:52.895] [upf_n4 ] [info] TIME-OUT event timer id 4928
[2026-09-29 08:18:52.895] [upf_n4 ] [info] TIME-OUT event timer id 4929
[2026-09-29 08:18:52.895] [upf_n4 ] [info] PFCP HEARTBEAT PROCEDURE hash 169352876 starting
[2026-09-29 08:18:52.895] [upf_n4 ] [info] handle_receive(16 bytes)
[2026-09-29 08:18:52.896] [upf_n4 ] [info] Received SX HEARTBEAT REQUEST
[2026-09-29 08:18:52.896] [upf_n4 ] [info] handle_receive(16 bytes)
[2026-09-29 08:18:52.896] [upf_n4 ] [info] Received SX HEARTBEAT RESPONSE
[2026-09-29 08:18:53.083] [upf_app] [info] TIME-OUT event timer id 4925
[2026-09-29 08:18:53.083] [upf_app] [debug] Send Heartbeat to NRF
[2026-09-29 08:18:53.083] [upf_app] [info] Send NF Update to NRF
[2026-09-29 08:18:53.083] [upf_app] [debug] Send NF Update to NRF (Msg body [{"op":"replace","path":"/nfStatus","value":"REGISTERED"}])
[2026-09-29 08:18:53.083] [upf_app] [debug] Send NF Update to NRF (NRF URL http://oai-nrf.oai-core.svc.cluster.local:80/nnrf-nfm/v1/nf-instances/23f448d9-fc64-4a49-98a4-5c7e36d915b6)
[2026-09-29 08:18:53.083] [upf_app] [debug] Send a simple HTTP request
[2026-09-29 08:18:53.085] [upf_app] [info] Got successful response from NRF
[2026-09-29 08:18:53.085] [upf_app] [debug] Set a timer to the next Heart-beat (10)
[2026-09-29 08:18:57.895] [upf_n4 ] [info] TIME-OUT event timer id 4932
[2026-09-29 08:18:57.896] [upf_n4 ] [info] TIME-OUT event timer id 4934
[2026-09-29 08:18:57.896] [upf_n4 ] [info] PFCP HEARTBEAT PROCEDURE hash 169352876 starting
[2026-09-29 08:18:57.896] [upf_n4 ] [info] handle_receive(16 bytes)
[2026-09-29 08:18:57.896] [upf_n4 ] [info] Received SX HEARTBEAT RESPONSE
[2026-09-29 08:19:02.896] [upf_n4 ] [info] TIME-OUT event timer id 4938
[2026-09-29 08:19:02.896] [upf_n4 ] [info] TIME-OUT event timer id 4939
[2026-09-29 08:19:02.896] [upf_n4 ] [info] PFCP HEARTBEAT PROCEDURE hash 169352876 starting
[2026-09-29 08:19:02.896] [upf_n4 ] [info] handle_receive(16 bytes)
[2026-09-29 08:19:02.896] [upf_n4 ] [info] Received SX HEARTBEAT REQUEST
[2026-09-29 08:19:02.896] [upf_n4 ] [info] handle_receive(16 bytes)
[2026-09-29 08:19:02.896] [upf_n4 ] [info] Received SX HEARTBEAT RESPONSE
[2026-09-29 08:19:03.085] [upf_app] [info] TIME-OUT event timer id 4935
[2026-09-29 08:19:03.085] [upf_app] [debug] Send Heartbeat to NRF
[2026-09-29 08:19:03.085] [upf_app] [info] Send NF Update to NRF
[2026-09-29 08:19:03.085] [upf_app] [debug] Send NF Update to NRF (Msg body [{"op":"replace","path":"/nfStatus","value":"REGISTERED"}])
[2026-09-29 08:19:03.085] [upf_app] [debug] Send NF Update to NRF (NRF URL http://oai-nrf.oai-core.svc.cluster.local:80/nnrf-nfm/v1/nf-instances/23f448d9-fc64-4a49-98a4-5c7e36d915b6)
[2026-09-29 08:19:03.085] [upf_app] [debug] Send a simple HTTP request
[2026-09-29 08:19:03.087] [upf_app] [info] Got successful response from NRF
[2026-09-29 08:19:03.087] [upf_app] [debug] Set a timer to the next Heart-beat (10)
[2026-09-29 08:19:07.896] [upf_n4 ] [info] TIME-OUT event timer id 4942
[2026-09-29 08:19:07.896] [upf_n4 ] [info] TIME-OUT event timer id 4944
[2026-09-29 08:19:07.896] [upf_n4 ] [info] PFCP HEARTBEAT PROCEDURE hash 169352876 starting
[2026-09-29 08:19:07.896] [upf_n4 ] [info] handle_receive(16 bytes)
[2026-09-29 08:19:07.896] [upf_n4 ] [info] Received SX HEARTBEAT RESPONSE
[2026-09-29 08:19:12.896] [upf_n4 ] [info] TIME-OUT event timer id 4948
[2026-09-29 08:19:12.896] [upf_n4 ] [info] handle_receive(16 bytes)
[2026-09-29 08:19:12.896] [upf_n4 ] [info] Received SX HEARTBEAT REQUEST
[2026-09-29 08:19:12.896] [upf_n4 ] [info] TIME-OUT event timer id 4949
[2026-09-29 08:19:12.896] [upf_n4 ] [info] PFCP HEARTBEAT PROCEDURE hash 169352876 starting
[2026-09-29 08:19:12.896] [upf_n4 ] [info] handle_receive(16 bytes)
[2026-09-29 08:19:12.896] [upf_n4 ] [info] Received SX HEARTBEAT RESPONSE
[2026-09-29 08:19:13.087] [upf_app] [info] TIME-OUT event timer id 4945
[2026-09-29 08:19:13.087] [upf_app] [debug] Send Heartbeat to NRF
[2026-09-29 08:19:13.087] [upf_app] [info] Send NF Update to NRF
[2026-09-29 08:19:13.087] [upf_app] [debug] Send NF Update to NRF (Msg body [{"op":"replace","path":"/nfStatus","value":"REGISTERED"}])
[2026-09-29 08:19:13.087] [upf_app] [debug] Send NF Update to NRF (NRF URL http://oai-nrf.oai-core.svc.cluster.local:80/nnrf-nfm/v1/nf-instances/23f448d9-fc64-4a49-98a4-5c7e36d915b6)
[2026-09-29 08:19:13.087] [upf_app] [debug] Send a simple HTTP request
[2026-09-29 08:19:13.089] [upf_app] [info] Got successful response from NRF
[2026-09-29 08:19:13.089] [upf_app] [debug] Set a timer to the next Heart-beat (10)
[2026-09-29 08:19:17.896] [upf_n4 ] [info] TIME-OUT event timer id 4953
[2026-09-29 08:19:17.896] [upf_n4 ] [info] TIME-OUT event timer id 4954
[2026-09-29 08:19:17.896] [upf_n4 ] [info] PFCP HEARTBEAT PROCEDURE hash 169352876 starting
[2026-09-29 08:19:17.896] [upf_n4 ] [info] handle_receive(16 bytes)
[2026-09-29 08:19:17.896] [upf_n4 ] [info] Received SX HEARTBEAT RESPONSE
[2026-09-29 08:19:22.896] [upf_n4 ] [info] TIME-OUT event timer id 4958
[2026-09-29 08:19:22.896] [upf_n4 ] [info] handle_receive(16 bytes)
[2026-09-29 08:19:22.897] [upf_n4 ] [info] Received SX HEARTBEAT REQUEST
[2026-09-29 08:19:22.897] [upf_n4 ] [info] TIME-OUT event timer id 4959
[2026-09-29 08:19:22.897] [upf_n4 ] [info] PFCP HEARTBEAT PROCEDURE hash 169352876 starting
[2026-09-29 08:19:22.897] [upf_n4 ] [info] handle_receive(16 bytes)
[2026-09-29 08:19:22.897] [upf_n4 ] [info] Received SX HEARTBEAT RESPONSE
[2026-09-29 08:19:23.089] [upf_app] [info] TIME-OUT event timer id 4955
[2026-09-29 08:19:23.089] [upf_app] [debug] Send Heartbeat to NRF
[2026-09-29 08:19:23.089] [upf_app] [info] Send NF Update to NRF
[2026-09-29 08:19:23.089] [upf_app] [debug] Send NF Update to NRF (Msg body [{"op":"replace","path":"/nfStatus","value":"REGISTERED"}])
[2026-09-29 08:19:23.089] [upf_app] [debug] Send NF Update to NRF (NRF URL http://oai-nrf.oai-core.svc.cluster.local:80/nnrf-nfm/v1/nf-instances/23f448d9-fc64-4a49-98a4-5c7e36d915b6)
[2026-09-29 08:19:23.089] [upf_app] [debug] Send a simple HTTP request
[2026-09-29 08:19:23.091] [upf_app] [info] Got successful response from NRF
[2026-09-29 08:19:23.091] [upf_app] [debug] Set a timer to the next Heart-beat (10)
[2026-09-29 08:19:27.897] [upf_n4 ] [info] TIME-OUT event timer id 4963
[2026-09-29 08:19:27.897] [upf_n4 ] [info] TIME-OUT event timer id 4964
[2026-09-29 08:19:27.897] [upf_n4 ] [info] PFCP HEARTBEAT PROCEDURE hash 169352876 starting
[2026-09-29 08:19:27.897] [upf_n4 ] [info] handle_receive(16 bytes)
[2026-09-29 08:19:27.897] [upf_n4 ] [info] Received SX HEARTBEAT RESPONSE
[2026-09-29 08:19:32.897] [upf_n4 ] [info] TIME-OUT event timer id 4968
[2026-09-29 08:19:32.897] [upf_n4 ] [info] handle_receive(16 bytes)
[2026-09-29 08:19:32.897] [upf_n4 ] [info] Received SX HEARTBEAT REQUEST
[2026-09-29 08:19:32.897] [upf_n4 ] [info] TIME-OUT event timer id 4969
[2026-09-29 08:19:32.897] [upf_n4 ] [info] PFCP HEARTBEAT PROCEDURE hash 169352876 starting
[2026-09-29 08:19:32.897] [upf_n4 ] [info] handle_receive(16 bytes)
[2026-09-29 08:19:32.897] [upf_n4 ] [info] Received SX HEARTBEAT RESPONSE
[2026-09-29 08:19:33.091] [upf_app] [info] TIME-OUT event timer id 4965
[2026-09-29 08:19:33.091] [upf_app] [debug] Send Heartbeat to NRF
[2026-09-29 08:19:33.091] [upf_app] [info] Send NF Update to NRF
[2026-09-29 08:19:33.091] [upf_app] [debug] Send NF Update to NRF (Msg body [{"op":"replace","path":"/nfStatus","value":"REGISTERED"}])
[2026-09-29 08:19:33.091] [upf_app] [debug] Send NF Update to NRF (NRF URL http://oai-nrf.oai-core.svc.cluster.local:80/nnrf-nfm/v1/nf-instances/23f448d9-fc64-4a49-98a4-5c7e36d915b6)
[2026-09-29 08:19:33.091] [upf_app] [debug] Send a simple HTTP request
[2026-09-29 08:19:33.093] [upf_app] [info] Got successful response from NRF
[2026-09-29 08:19:33.093] [upf_app] [debug] Set a timer to the next Heart-beat (10)
[2026-09-29 08:19:37.897] [upf_n4 ] [info] TIME-OUT event timer id 4973
[2026-09-29 08:19:37.897] [upf_n4 ] [info] TIME-OUT event timer id 4974
[2026-09-29 08:19:37.897] [upf_n4 ] [info] PFCP HEARTBEAT PROCEDURE hash 169352876 starting
[2026-09-29 08:19:37.897] [upf_n4 ] [info] handle_receive(16 bytes)
[2026-09-29 08:19:37.897] [upf_n4 ] [info] Received SX HEARTBEAT RESPONSE
[2026-09-29 08:19:42.897] [upf_n4 ] [info] TIME-OUT event timer id 4978
[2026-09-29 08:19:42.897] [upf_n4 ] [info] handle_receive(16 bytes)
[2026-09-29 08:19:42.897] [upf_n4 ] [info] Received SX HEARTBEAT REQUEST
[2026-09-29 08:19:42.897] [upf_n4 ] [info] TIME-OUT event timer id 4979
[2026-09-29 08:19:42.897] [upf_n4 ] [info] PFCP HEARTBEAT PROCEDURE hash 169352876 starting
[2026-09-29 08:19:42.897] [upf_n4 ] [info] handle_receive(16 bytes)
[2026-09-29 08:19:42.897] [upf_n4 ] [info] Received SX HEARTBEAT RESPONSE
[2026-09-29 08:19:43.093] [upf_app] [info] TIME-OUT event timer id 4975
[2026-09-29 08:19:43.093] [upf_app] [debug] Send Heartbeat to NRF
[2026-09-29 08:19:43.093] [upf_app] [info] Send NF Update to NRF
[2026-09-29 08:19:43.093] [upf_app] [debug] Send NF Update to NRF (Msg body [{"op":"replace","path":"/nfStatus","value":"REGISTERED"}])
[2026-09-29 08:19:43.093] [upf_app] [debug] Send NF Update to NRF (NRF URL http://oai-nrf.oai-core.svc.cluster.local:80/nnrf-nfm/v1/nf-instances/23f448d9-fc64-4a49-98a4-5c7e36d915b6)
[2026-09-29 08:19:43.093] [upf_app] [debug] Send a simple HTTP request
[2026-09-29 08:19:43.096] [upf_app] [info] Got successful response from NRF
[2026-09-29 08:19:43.096] [upf_app] [debug] Set a timer to the next Heart-beat (10)
[2026-09-29 08:19:47.897] [upf_n4 ] [info] TIME-OUT event timer id 4983
[2026-09-29 08:19:47.897] [upf_n4 ] [info] TIME-OUT event timer id 4984
[2026-09-29 08:19:47.897] [upf_n4 ] [info] PFCP HEARTBEAT PROCEDURE hash 169352876 starting
[2026-09-29 08:19:47.897] [upf_n4 ] [info] handle_receive(16 bytes)
[2026-09-29 08:19:47.897] [upf_n4 ] [info] Received SX HEARTBEAT RESPONSE
[2026-09-29 08:19:52.897] [upf_n4 ] [info] TIME-OUT event timer id 4988
[2026-09-29 08:19:52.897] [upf_n4 ] [info] TIME-OUT event timer id 4989
[2026-09-29 08:19:52.897] [upf_n4 ] [info] PFCP HEARTBEAT PROCEDURE hash 169352876 starting
[2026-09-29 08:19:52.898] [upf_n4 ] [info] handle_receive(16 bytes)
[2026-09-29 08:19:52.898] [upf_n4 ] [info] Received SX HEARTBEAT REQUEST
[2026-09-29 08:19:52.898] [upf_n4 ] [info] handle_receive(16 bytes)
[2026-09-29 08:19:52.898] [upf_n4 ] [info] Received SX HEARTBEAT RESPONSE
[2026-09-29 08:19:53.096] [upf_app] [info] TIME-OUT event timer id 4985
[2026-09-29 08:19:53.096] [upf_app] [debug] Send Heartbeat to NRF
[2026-09-29 08:19:53.096] [upf_app] [info] Send NF Update to NRF
[2026-09-29 08:19:53.096] [upf_app] [debug] Send NF Update to NRF (Msg body [{"op":"replace","path":"/nfStatus","value":"REGISTERED"}])
[2026-09-29 08:19:53.096] [upf_app] [debug] Send NF Update to NRF (NRF URL http://oai-nrf.oai-core.svc.cluster.local:80/nnrf-nfm/v1/nf-instances/23f448d9-fc64-4a49-98a4-5c7e36d915b6)
[2026-09-29 08:19:53.096] [upf_app] [debug] Send a simple HTTP request
[2026-09-29 08:19:53.098] [upf_app] [info] Got successful response from NRF
[2026-09-29 08:19:53.098] [upf_app] [debug] Set a timer to the next Heart-beat (10)
[2026-09-29 08:19:57.898] [upf_n4 ] [info] TIME-OUT event timer id 4992
[2026-09-29 08:19:57.898] [upf_n4 ] [info] TIME-OUT event timer id 4994
[2026-09-29 08:19:57.898] [upf_n4 ] [info] PFCP HEARTBEAT PROCEDURE hash 169352876 starting
[2026-09-29 08:19:57.898] [upf_n4 ] [info] handle_receive(16 bytes)
[2026-09-29 08:19:57.898] [upf_n4 ] [info] Received SX HEARTBEAT RESPONSE
[2026-09-29 08:20:02.898] [upf_n4 ] [info] TIME-OUT event timer id 4998
[2026-09-29 08:20:02.898] [upf_n4 ] [info] TIME-OUT event timer id 4999
[2026-09-29 08:20:02.898] [upf_n4 ] [info] PFCP HEARTBEAT PROCEDURE hash 169352876 starting
[2026-09-29 08:20:02.898] [upf_n4 ] [info] handle_receive(16 bytes)
[2026-09-29 08:20:02.898] [upf_n4 ] [info] Received SX HEARTBEAT REQUEST
[2026-09-29 08:20:02.898] [upf_n4 ] [info] handle_receive(16 bytes)
[2026-09-29 08:20:02.898] [upf_n4 ] [info] Received SX HEARTBEAT RESPONSE
[2026-09-29 08:20:03.098] [upf_app] [info] TIME-OUT event timer id 4995
[2026-09-29 08:20:03.098] [upf_app] [debug] Send Heartbeat to NRF
[2026-09-29 08:20:03.098] [upf_app] [info] Send NF Update to NRF
[2026-09-29 08:20:03.098] [upf_app] [debug] Send NF Update to NRF (Msg body [{"op":"replace","path":"/nfStatus","value":"REGISTERED"}])
[2026-09-29 08:20:03.098] [upf_app] [debug] Send NF Update to NRF (NRF URL http://oai-nrf.oai-core.svc.cluster.local:80/nnrf-nfm/v1/nf-instances/23f448d9-fc64-4a49-98a4-5c7e36d915b6)
[2026-09-29 08:20:03.098] [upf_app] [debug] Send a simple HTTP request
[2026-09-29 08:20:03.100] [upf_app] [info] Got successful response from NRF
[2026-09-29 08:20:03.100] [upf_app] [debug] Set a timer to the next Heart-beat (10)
[2026-09-29 08:20:07.898] [upf_n4 ] [info] TIME-OUT event timer id 5002
[2026-09-29 08:20:07.898] [upf_n4 ] [info] TIME-OUT event timer id 5004
[2026-09-29 08:20:07.898] [upf_n4 ] [info] PFCP HEARTBEAT PROCEDURE hash 169352876 starting
[2026-09-29 08:20:07.898] [upf_n4 ] [info] handle_receive(16 bytes)
[2026-09-29 08:20:07.898] [upf_n4 ] [info] Received SX HEARTBEAT RESPONSE
[2026-09-29 08:20:12.898] [upf_n4 ] [info] TIME-OUT event timer id 5008
[2026-09-29 08:20:12.898] [upf_n4 ] [info] TIME-OUT event timer id 5009
[2026-09-29 08:20:12.898] [upf_n4 ] [info] PFCP HEARTBEAT PROCEDURE hash 169352876 starting
[2026-09-29 08:20:12.898] [upf_n4 ] [info] handle_receive(16 bytes)
[2026-09-29 08:20:12.898] [upf_n4 ] [info] Received SX HEARTBEAT REQUEST
[2026-09-29 08:20:12.898] [upf_n4 ] [info] handle_receive(16 bytes)
[2026-09-29 08:20:12.898] [upf_n4 ] [info] Received SX HEARTBEAT RESPONSE
[2026-09-29 08:20:13.100] [upf_app] [info] TIME-OUT event timer id 5005
[2026-09-29 08:20:13.100] [upf_app] [debug] Send Heartbeat to NRF
[2026-09-29 08:20:13.100] [upf_app] [info] Send NF Update to NRF
[2026-09-29 08:20:13.100] [upf_app] [debug] Send NF Update to NRF (Msg body [{"op":"replace","path":"/nfStatus","value":"REGISTERED"}])
[2026-09-29 08:20:13.100] [upf_app] [debug] Send NF Update to NRF (NRF URL http://oai-nrf.oai-core.svc.cluster.local:80/nnrf-nfm/v1/nf-instances/23f448d9-fc64-4a49-98a4-5c7e36d915b6)
[2026-09-29 08:20:13.100] [upf_app] [debug] Send a simple HTTP request
[2026-09-29 08:20:13.102] [upf_app] [info] Got successful response from NRF
[2026-09-29 08:20:13.102] [upf_app] [debug] Set a timer to the next Heart-beat (10)
[2026-09-29 08:20:17.898] [upf_n4 ] [info] TIME-OUT event timer id 5012
[2026-09-29 08:20:17.899] [upf_n4 ] [info] TIME-OUT event timer id 5014
[2026-09-29 08:20:17.899] [upf_n4 ] [info] PFCP HEARTBEAT PROCEDURE hash 169352876 starting
[2026-09-29 08:20:17.899] [upf_n4 ] [info] handle_receive(16 bytes)
[2026-09-29 08:20:17.899] [upf_n4 ] [info] Received SX HEARTBEAT RESPONSE
[2026-09-29 08:20:22.899] [upf_n4 ] [info] TIME-OUT event timer id 5018
[2026-09-29 08:20:22.899] [upf_n4 ] [info] handle_receive(16 bytes)
[2026-09-29 08:20:22.899] [upf_n4 ] [info] Received SX HEARTBEAT REQUEST
[2026-09-29 08:20:22.899] [upf_n4 ] [info] TIME-OUT event timer id 5019
[2026-09-29 08:20:22.899] [upf_n4 ] [info] PFCP HEARTBEAT PROCEDURE hash 169352876 starting
[2026-09-29 08:20:22.899] [upf_n4 ] [info] handle_receive(16 bytes)
[2026-09-29 08:20:22.899] [upf_n4 ] [info] Received SX HEARTBEAT RESPONSE
[2026-09-29 08:20:23.102] [upf_app] [info] TIME-OUT event timer id 5015
[2026-09-29 08:20:23.102] [upf_app] [debug] Send Heartbeat to NRF
[2026-09-29 08:20:23.102] [upf_app] [info] Send NF Update to NRF
[2026-09-29 08:20:23.102] [upf_app] [debug] Send NF Update to NRF (Msg body [{"op":"replace","path":"/nfStatus","value":"REGISTERED"}])
[2026-09-29 08:20:23.102] [upf_app] [debug] Send NF Update to NRF (NRF URL http://oai-nrf.oai-core.svc.cluster.local:80/nnrf-nfm/v1/nf-instances/23f448d9-fc64-4a49-98a4-5c7e36d915b6)
[2026-09-29 08:20:23.102] [upf_app] [debug] Send a simple HTTP request
[2026-09-29 08:20:23.104] [upf_app] [info] Got successful response from NRF
[2026-09-29 08:20:23.104] [upf_app] [debug] Set a timer to the next Heart-beat (10)
[2026-09-29 08:20:27.899] [upf_n4 ] [info] TIME-OUT event timer id 5023
[2026-09-29 08:20:27.899] [upf_n4 ] [info] TIME-OUT event timer id 5024
[2026-09-29 08:20:27.899] [upf_n4 ] [info] PFCP HEARTBEAT PROCEDURE hash 169352876 starting
[2026-09-29 08:20:27.899] [upf_n4 ] [info] handle_receive(16 bytes)
[2026-09-29 08:20:27.899] [upf_n4 ] [info] Received SX HEARTBEAT RESPONSE
[2026-09-29 08:20:32.899] [upf_n4 ] [info] TIME-OUT event timer id 5028
[2026-09-29 08:20:32.899] [upf_n4 ] [info] TIME-OUT event timer id 5029
[2026-09-29 08:20:32.899] [upf_n4 ] [info] PFCP HEARTBEAT PROCEDURE hash 169352876 starting
[2026-09-29 08:20:32.899] [upf_n4 ] [info] handle_receive(16 bytes)
[2026-09-29 08:20:32.899] [upf_n4 ] [info] Received SX HEARTBEAT REQUEST
[2026-09-29 08:20:32.899] [upf_n4 ] [info] handle_receive(16 bytes)
[2026-09-29 08:20:32.899] [upf_n4 ] [info] Received SX HEARTBEAT RESPONSE
[2026-09-29 08:20:33.104] [upf_app] [info] TIME-OUT event timer id 5025
[2026-09-29 08:20:33.104] [upf_app] [debug] Send Heartbeat to NRF
[2026-09-29 08:20:33.104] [upf_app] [info] Send NF Update to NRF
[2026-09-29 08:20:33.104] [upf_app] [debug] Send NF Update to NRF (Msg body [{"op":"replace","path":"/nfStatus","value":"REGISTERED"}])
[2026-09-29 08:20:33.104] [upf_app] [debug] Send NF Update to NRF (NRF URL http://oai-nrf.oai-core.svc.cluster.local:80/nnrf-nfm/v1/nf-instances/23f448d9-fc64-4a49-98a4-5c7e36d915b6)
[2026-09-29 08:20:33.104] [upf_app] [debug] Send a simple HTTP request
[2026-09-29 08:20:33.106] [upf_app] [info] Got successful response from NRF
[2026-09-29 08:20:33.106] [upf_app] [debug] Set a timer to the next Heart-beat (10)
[2026-09-29 08:20:37.899] [upf_n4 ] [info] TIME-OUT event timer id 5032
[2026-09-29 08:20:37.899] [upf_n4 ] [info] TIME-OUT event timer id 5034
[2026-09-29 08:20:37.899] [upf_n4 ] [info] PFCP HEARTBEAT PROCEDURE hash 169352876 starting
[2026-09-29 08:20:37.899] [upf_n4 ] [info] handle_receive(16 bytes)
[2026-09-29 08:20:37.899] [upf_n4 ] [info] Received SX HEARTBEAT RESPONSE
[2026-09-29 08:20:42.899] [upf_n4 ] [info] TIME-OUT event timer id 5038
[2026-09-29 08:20:42.899] [upf_n4 ] [info] TIME-OUT event timer id 5039
[2026-09-29 08:20:42.899] [upf_n4 ] [info] PFCP HEARTBEAT PROCEDURE hash 169352876 starting
[2026-09-29 08:20:42.900] [upf_n4 ] [info] handle_receive(16 bytes)
[2026-09-29 08:20:42.900] [upf_n4 ] [info] Received SX HEARTBEAT REQUEST
[2026-09-29 08:20:42.900] [upf_n4 ] [info] handle_receive(16 bytes)
[2026-09-29 08:20:42.900] [upf_n4 ] [info] Received SX HEARTBEAT RESPONSE
[2026-09-29 08:20:43.106] [upf_app] [info] TIME-OUT event timer id 5035
[2026-09-29 08:20:43.106] [upf_app] [debug] Send Heartbeat to NRF
[2026-09-29 08:20:43.106] [upf_app] [info] Send NF Update to NRF
[2026-09-29 08:20:43.106] [upf_app] [debug] Send NF Update to NRF (Msg body [{"op":"replace","path":"/nfStatus","value":"REGISTERED"}])
[2026-09-29 08:20:43.106] [upf_app] [debug] Send NF Update to NRF (NRF URL http://oai-nrf.oai-core.svc.cluster.local:80/nnrf-nfm/v1/nf-instances/23f448d9-fc64-4a49-98a4-5c7e36d915b6)
[2026-09-29 08:20:43.106] [upf_app] [debug] Send a simple HTTP request
[2026-09-29 08:20:43.109] [upf_app] [info] Got successful response from NRF
[2026-09-29 08:20:43.109] [upf_app] [debug] Set a timer to the next Heart-beat (10)
[2026-09-29 08:20:47.900] [upf_n4 ] [info] TIME-OUT event timer id 5042
[2026-09-29 08:20:47.900] [upf_n4 ] [info] TIME-OUT event timer id 5044
[2026-09-29 08:20:47.900] [upf_n4 ] [info] PFCP HEARTBEAT PROCEDURE hash 169352876 starting
[2026-09-29 08:20:47.900] [upf_n4 ] [info] handle_receive(16 bytes)
[2026-09-29 08:20:47.900] [upf_n4 ] [info] Received SX HEARTBEAT RESPONSE
[2026-09-29 08:20:52.900] [upf_n4 ] [info] TIME-OUT event timer id 5048
[2026-09-29 08:20:52.900] [upf_n4 ] [info] TIME-OUT event timer id 5049
[2026-09-29 08:20:52.900] [upf_n4 ] [info] PFCP HEARTBEAT PROCEDURE hash 169352876 starting
[2026-09-29 08:20:52.900] [upf_n4 ] [info] handle_receive(16 bytes)
[2026-09-29 08:20:52.900] [upf_n4 ] [info] Received SX HEARTBEAT REQUEST
[2026-09-29 08:20:52.900] [upf_n4 ] [info] handle_receive(16 bytes)
[2026-09-29 08:20:52.900] [upf_n4 ] [info] Received SX HEARTBEAT RESPONSE
[2026-09-29 08:20:53.109] [upf_app] [info] TIME-OUT event timer id 5045
[2026-09-29 08:20:53.109] [upf_app] [debug] Send Heartbeat to NRF
[2026-09-29 08:20:53.109] [upf_app] [info] Send NF Update to NRF
[2026-09-29 08:20:53.109] [upf_app] [debug] Send NF Update to NRF (Msg body [{"op":"replace","path":"/nfStatus","value":"REGISTERED"}])
[2026-09-29 08:20:53.109] [upf_app] [debug] Send NF Update to NRF (NRF URL http://oai-nrf.oai-core.svc.cluster.local:80/nnrf-nfm/v1/nf-instances/23f448d9-fc64-4a49-98a4-5c7e36d915b6)
[2026-09-29 08:20:53.109] [upf_app] [debug] Send a simple HTTP request
[2026-09-29 08:20:53.111] [upf_app] [info] Got successful response from NRF
[2026-09-29 08:20:53.111] [upf_app] [debug] Set a timer to the next Heart-beat (10)
[2026-09-29 08:20:57.900] [upf_n4 ] [info] TIME-OUT event timer id 5052
[2026-09-29 08:20:57.900] [upf_n4 ] [info] TIME-OUT event timer id 5054
[2026-09-29 08:20:57.900] [upf_n4 ] [info] PFCP HEARTBEAT PROCEDURE hash 169352876 starting
[2026-09-29 08:20:57.900] [upf_n4 ] [info] handle_receive(16 bytes)
[2026-09-29 08:20:57.900] [upf_n4 ] [info] Received SX HEARTBEAT RESPONSE
[2026-09-29 08:21:02.900] [upf_n4 ] [info] TIME-OUT event timer id 5058
[2026-09-29 08:21:02.900] [upf_n4 ] [info] handle_receive(16 bytes)
[2026-09-29 08:21:02.900] [upf_n4 ] [info] Received SX HEARTBEAT REQUEST
[2026-09-29 08:21:02.900] [upf_n4 ] [info] TIME-OUT event timer id 5059
[2026-09-29 08:21:02.900] [upf_n4 ] [info] PFCP HEARTBEAT PROCEDURE hash 169352876 starting
[2026-09-29 08:21:02.900] [upf_n4 ] [info] handle_receive(16 bytes)
[2026-09-29 08:21:02.900] [upf_n4 ] [info] Received SX HEARTBEAT RESPONSE
[2026-09-29 08:21:03.111] [upf_app] [info] TIME-OUT event timer id 5055
[2026-09-29 08:21:03.111] [upf_app] [debug] Send Heartbeat to NRF
[2026-09-29 08:21:03.111] [upf_app] [info] Send NF Update to NRF
[2026-09-29 08:21:03.111] [upf_app] [debug] Send NF Update to NRF (Msg body [{"op":"replace","path":"/nfStatus","value":"REGISTERED"}])
[2026-09-29 08:21:03.111] [upf_app] [debug] Send NF Update to NRF (NRF URL http://oai-nrf.oai-core.svc.cluster.local:80/nnrf-nfm/v1/nf-instances/23f448d9-fc64-4a49-98a4-5c7e36d915b6)
[2026-09-29 08:21:03.111] [upf_app] [debug] Send a simple HTTP request
[2026-09-29 08:21:03.113] [upf_app] [info] Got successful response from NRF
[2026-09-29 08:21:03.113] [upf_app] [debug] Set a timer to the next Heart-beat (10)
[2026-09-29 08:21:07.900] [upf_n4 ] [info] TIME-OUT event timer id 5063
[2026-09-29 08:21:07.900] [upf_n4 ] [info] TIME-OUT event timer id 5064
[2026-09-29 08:21:07.900] [upf_n4 ] [info] PFCP HEARTBEAT PROCEDURE hash 169352876 starting
[2026-09-29 08:21:07.901] [upf_n4 ] [info] handle_receive(16 bytes)
[2026-09-29 08:21:07.901] [upf_n4 ] [info] Received SX HEARTBEAT RESPONSE
[2026-09-29 08:21:12.900] [upf_n4 ] [info] TIME-OUT event timer id 5068
[2026-09-29 08:21:12.901] [upf_n4 ] [info] handle_receive(16 bytes)
[2026-09-29 08:21:12.901] [upf_n4 ] [info] Received SX HEARTBEAT REQUEST
[2026-09-29 08:21:12.901] [upf_n4 ] [info] TIME-OUT event timer id 5069
[2026-09-29 08:21:12.901] [upf_n4 ] [info] PFCP HEARTBEAT PROCEDURE hash 169352876 starting
[2026-09-29 08:21:12.901] [upf_n4 ] [info] handle_receive(16 bytes)
[2026-09-29 08:21:12.901] [upf_n4 ] [info] Received SX HEARTBEAT RESPONSE
[2026-09-29 08:21:13.113] [upf_app] [info] TIME-OUT event timer id 5065
[2026-09-29 08:21:13.113] [upf_app] [debug] Send Heartbeat to NRF
[2026-09-29 08:21:13.113] [upf_app] [info] Send NF Update to NRF
[2026-09-29 08:21:13.113] [upf_app] [debug] Send NF Update to NRF (Msg body [{"op":"replace","path":"/nfStatus","value":"REGISTERED"}])
[2026-09-29 08:21:13.113] [upf_app] [debug] Send NF Update to NRF (NRF URL http://oai-nrf.oai-core.svc.cluster.local:80/nnrf-nfm/v1/nf-instances/23f448d9-fc64-4a49-98a4-5c7e36d915b6)
[2026-09-29 08:21:13.113] [upf_app] [debug] Send a simple HTTP request
[2026-09-29 08:21:13.115] [upf_app] [info] Got successful response from NRF
[2026-09-29 08:21:13.115] [upf_app] [debug] Set a timer to the next Heart-beat (10)
[2026-09-29 08:21:17.901] [upf_n4 ] [info] TIME-OUT event timer id 5073
[2026-09-29 08:21:17.901] [upf_n4 ] [info] TIME-OUT event timer id 5074
[2026-09-29 08:21:17.901] [upf_n4 ] [info] PFCP HEARTBEAT PROCEDURE hash 169352876 starting
[2026-09-29 08:21:17.901] [upf_n4 ] [info] handle_receive(16 bytes)
[2026-09-29 08:21:17.901] [upf_n4 ] [info] Received SX HEARTBEAT RESPONSE
[2026-09-29 08:21:22.901] [upf_n4 ] [info] TIME-OUT event timer id 5078
[2026-09-29 08:21:22.901] [upf_n4 ] [info] handle_receive(16 bytes)
[2026-09-29 08:21:22.901] [upf_n4 ] [info] Received SX HEARTBEAT REQUEST
[2026-09-29 08:21:22.901] [upf_n4 ] [info] TIME-OUT event timer id 5079
[2026-09-29 08:21:22.901] [upf_n4 ] [info] PFCP HEARTBEAT PROCEDURE hash 169352876 starting
[2026-09-29 08:21:22.901] [upf_n4 ] [info] handle_receive(16 bytes)
[2026-09-29 08:21:22.901] [upf_n4 ] [info] Received SX HEARTBEAT RESPONSE
[2026-09-29 08:21:23.115] [upf_app] [info] TIME-OUT event timer id 5075
[2026-09-29 08:21:23.115] [upf_app] [debug] Send Heartbeat to NRF
[2026-09-29 08:21:23.115] [upf_app] [info] Send NF Update to NRF
[2026-09-29 08:21:23.115] [upf_app] [debug] Send NF Update to NRF (Msg body [{"op":"replace","path":"/nfStatus","value":"REGISTERED"}])
[2026-09-29 08:21:23.115] [upf_app] [debug] Send NF Update to NRF (NRF URL http://oai-nrf.oai-core.svc.cluster.local:80/nnrf-nfm/v1/nf-instances/23f448d9-fc64-4a49-98a4-5c7e36d915b6)
[2026-09-29 08:21:23.115] [upf_app] [debug] Send a simple HTTP request
[2026-09-29 08:21:23.118] [upf_app] [info] Got successful response from NRF
[2026-09-29 08:21:23.118] [upf_app] [debug] Set a timer to the next Heart-beat (10)
[2026-09-29 08:21:27.901] [upf_n4 ] [info] TIME-OUT event timer id 5083
[2026-09-29 08:21:27.901] [upf_n4 ] [info] TIME-OUT event timer id 5084
[2026-09-29 08:21:27.901] [upf_n4 ] [info] PFCP HEARTBEAT PROCEDURE hash 169352876 starting
[2026-09-29 08:21:27.901] [upf_n4 ] [info] handle_receive(16 bytes)
[2026-09-29 08:21:27.901] [upf_n4 ] [info] Received SX HEARTBEAT RESPONSE
[2026-09-29 08:21:32.901] [upf_n4 ] [info] TIME-OUT event timer id 5088
[2026-09-29 08:21:32.901] [upf_n4 ] [info] handle_receive(16 bytes)
[2026-09-29 08:21:32.901] [upf_n4 ] [info] Received SX HEARTBEAT REQUEST
[2026-09-29 08:21:32.901] [upf_n4 ] [info] TIME-OUT event timer id 5089
[2026-09-29 08:21:32.901] [upf_n4 ] [info] PFCP HEARTBEAT PROCEDURE hash 169352876 starting
[2026-09-29 08:21:32.901] [upf_n4 ] [info] handle_receive(16 bytes)
[2026-09-29 08:21:32.901] [upf_n4 ] [info] Received SX HEARTBEAT RESPONSE
[2026-09-29 08:21:33.118] [upf_app] [info] TIME-OUT event timer id 5085
[2026-09-29 08:21:33.118] [upf_app] [debug] Send Heartbeat to NRF
[2026-09-29 08:21:33.118] [upf_app] [info] Send NF Update to NRF
[2026-09-29 08:21:33.118] [upf_app] [debug] Send NF Update to NRF (Msg body [{"op":"replace","path":"/nfStatus","value":"REGISTERED"}])
[2026-09-29 08:21:33.118] [upf_app] [debug] Send NF Update to NRF (NRF URL http://oai-nrf.oai-core.svc.cluster.local:80/nnrf-nfm/v1/nf-instances/23f448d9-fc64-4a49-98a4-5c7e36d915b6)
[2026-09-29 08:21:33.118] [upf_app] [debug] Send a simple HTTP request
[2026-09-29 08:21:33.120] [upf_app] [info] Got successful response from NRF
[2026-09-29 08:21:33.120] [upf_app] [debug] Set a timer to the next Heart-beat (10)
[2026-09-29 08:21:37.901] [upf_n4 ] [info] TIME-OUT event timer id 5093
[2026-09-29 08:21:37.901] [upf_n4 ] [info] TIME-OUT event timer id 5094
[2026-09-29 08:21:37.901] [upf_n4 ] [info] PFCP HEARTBEAT PROCEDURE hash 169352876 starting
[2026-09-29 08:21:37.902] [upf_n4 ] [info] handle_receive(16 bytes)
[2026-09-29 08:21:37.902] [upf_n4 ] [info] Received SX HEARTBEAT RESPONSE
[2026-09-29 08:21:42.901] [upf_n4 ] [info] handle_receive(16 bytes)
[2026-09-29 08:21:42.902] [upf_n4 ] [info] Received SX HEARTBEAT REQUEST
[2026-09-29 08:21:42.902] [upf_n4 ] [info] TIME-OUT event timer id 5098
[2026-09-29 08:21:42.902] [upf_n4 ] [info] TIME-OUT event timer id 5099
[2026-09-29 08:21:42.902] [upf_n4 ] [info] PFCP HEARTBEAT PROCEDURE hash 169352876 starting
[2026-09-29 08:21:42.902] [upf_n4 ] [info] handle_receive(16 bytes)
[2026-09-29 08:21:42.902] [upf_n4 ] [info] Received SX HEARTBEAT RESPONSE
[2026-09-29 08:21:43.120] [upf_app] [info] TIME-OUT event timer id 5095
[2026-09-29 08:21:43.120] [upf_app] [debug] Send Heartbeat to NRF
[2026-09-29 08:21:43.120] [upf_app] [info] Send NF Update to NRF
[2026-09-29 08:21:43.120] [upf_app] [debug] Send NF Update to NRF (Msg body [{"op":"replace","path":"/nfStatus","value":"REGISTERED"}])
[2026-09-29 08:21:43.120] [upf_app] [debug] Send NF Update to NRF (NRF URL http://oai-nrf.oai-core.svc.cluster.local:80/nnrf-nfm/v1/nf-instances/23f448d9-fc64-4a49-98a4-5c7e36d915b6)
[2026-09-29 08:21:43.120] [upf_app] [debug] Send a simple HTTP request
[2026-09-29 08:21:43.123] [upf_app] [info] Got successful response from NRF
[2026-09-29 08:21:43.123] [upf_app] [debug] Set a timer to the next Heart-beat (10)
[2026-09-29 08:21:47.902] [upf_n4 ] [info] TIME-OUT event timer id 5103
[2026-09-29 08:21:47.902] [upf_n4 ] [info] TIME-OUT event timer id 5104
[2026-09-29 08:21:47.902] [upf_n4 ] [info] PFCP HEARTBEAT PROCEDURE hash 169352876 starting
[2026-09-29 08:21:47.902] [upf_n4 ] [info] handle_receive(16 bytes)
[2026-09-29 08:21:47.902] [upf_n4 ] [info] Received SX HEARTBEAT RESPONSE
[2026-09-29 08:21:52.902] [upf_n4 ] [info] TIME-OUT event timer id 5108
[2026-09-29 08:21:52.902] [upf_n4 ] [info] TIME-OUT event timer id 5109
[2026-09-29 08:21:52.902] [upf_n4 ] [info] PFCP HEARTBEAT PROCEDURE hash 169352876 starting
[2026-09-29 08:21:52.902] [upf_n4 ] [info] handle_receive(16 bytes)
[2026-09-29 08:21:52.902] [upf_n4 ] [info] Received SX HEARTBEAT REQUEST
[2026-09-29 08:21:52.902] [upf_n4 ] [info] handle_receive(16 bytes)
[2026-09-29 08:21:52.902] [upf_n4 ] [info] Received SX HEARTBEAT RESPONSE
[2026-09-29 08:21:53.123] [upf_app] [info] TIME-OUT event timer id 5105
[2026-09-29 08:21:53.123] [upf_app] [debug] Send Heartbeat to NRF
[2026-09-29 08:21:53.123] [upf_app] [info] Send NF Update to NRF
[2026-09-29 08:21:53.123] [upf_app] [debug] Send NF Update to NRF (Msg body [{"op":"replace","path":"/nfStatus","value":"REGISTERED"}])
[2026-09-29 08:21:53.123] [upf_app] [debug] Send NF Update to NRF (NRF URL http://oai-nrf.oai-core.svc.cluster.local:80/nnrf-nfm/v1/nf-instances/23f448d9-fc64-4a49-98a4-5c7e36d915b6)
[2026-09-29 08:21:53.123] [upf_app] [debug] Send a simple HTTP request
[2026-09-29 08:21:53.125] [upf_app] [info] Got successful response from NRF
[2026-09-29 08:21:53.125] [upf_app] [debug] Set a timer to the next Heart-beat (10)
[2026-09-29 08:21:57.902] [upf_n4 ] [info] TIME-OUT event timer id 5112
[2026-09-29 08:21:57.902] [upf_n4 ] [info] TIME-OUT event timer id 5114
[2026-09-29 08:21:57.902] [upf_n4 ] [info] PFCP HEARTBEAT PROCEDURE hash 169352876 starting
[2026-09-29 08:21:57.902] [upf_n4 ] [info] handle_receive(16 bytes)
[2026-09-29 08:21:57.902] [upf_n4 ] [info] Received SX HEARTBEAT RESPONSE
[2026-09-29 08:22:02.902] [upf_n4 ] [info] TIME-OUT event timer id 5118
[2026-09-29 08:22:02.902] [upf_n4 ] [info] TIME-OUT event timer id 5119
[2026-09-29 08:22:02.902] [upf_n4 ] [info] PFCP HEARTBEAT PROCEDURE hash 169352876 starting
[2026-09-29 08:22:02.902] [upf_n4 ] [info] handle_receive(16 bytes)
[2026-09-29 08:22:02.902] [upf_n4 ] [info] Received SX HEARTBEAT REQUEST
[2026-09-29 08:22:02.902] [upf_n4 ] [info] handle_receive(16 bytes)
[2026-09-29 08:22:02.902] [upf_n4 ] [info] Received SX HEARTBEAT RESPONSE
[2026-09-29 08:22:03.125] [upf_app] [info] TIME-OUT event timer id 5115
[2026-09-29 08:22:03.125] [upf_app] [debug] Send Heartbeat to NRF
[2026-09-29 08:22:03.125] [upf_app] [info] Send NF Update to NRF
[2026-09-29 08:22:03.125] [upf_app] [debug] Send NF Update to NRF (Msg body [{"op":"replace","path":"/nfStatus","value":"REGISTERED"}])
[2026-09-29 08:22:03.125] [upf_app] [debug] Send NF Update to NRF (NRF URL http://oai-nrf.oai-core.svc.cluster.local:80/nnrf-nfm/v1/nf-instances/23f448d9-fc64-4a49-98a4-5c7e36d915b6)
[2026-09-29 08:22:03.125] [upf_app] [debug] Send a simple HTTP request
[2026-09-29 08:22:03.127] [upf_app] [info] Got successful response from NRF
[2026-09-29 08:22:03.127] [upf_app] [debug] Set a timer to the next Heart-beat (10)
[2026-09-29 08:22:07.902] [upf_n4 ] [info] TIME-OUT event timer id 5122
[2026-09-29 08:22:07.902] [upf_n4 ] [info] TIME-OUT event timer id 5124
[2026-09-29 08:22:07.902] [upf_n4 ] [info] PFCP HEARTBEAT PROCEDURE hash 169352876 starting
[2026-09-29 08:22:07.903] [upf_n4 ] [info] handle_receive(16 bytes)
[2026-09-29 08:22:07.903] [upf_n4 ] [info] Received SX HEARTBEAT RESPONSE
[2026-09-29 08:22:12.903] [upf_n4 ] [info] TIME-OUT event timer id 5128
[2026-09-29 08:22:12.903] [upf_n4 ] [info] TIME-OUT event timer id 5129
[2026-09-29 08:22:12.903] [upf_n4 ] [info] PFCP HEARTBEAT PROCEDURE hash 169352876 starting
[2026-09-29 08:22:12.903] [upf_n4 ] [info] handle_receive(16 bytes)
[2026-09-29 08:22:12.903] [upf_n4 ] [info] Received SX HEARTBEAT REQUEST
[2026-09-29 08:22:12.903] [upf_n4 ] [info] handle_receive(16 bytes)
[2026-09-29 08:22:12.903] [upf_n4 ] [info] Received SX HEARTBEAT RESPONSE
[2026-09-29 08:22:13.127] [upf_app] [info] TIME-OUT event timer id 5125
[2026-09-29 08:22:13.127] [upf_app] [debug] Send Heartbeat to NRF
[2026-09-29 08:22:13.127] [upf_app] [info] Send NF Update to NRF
[2026-09-29 08:22:13.127] [upf_app] [debug] Send NF Update to NRF (Msg body [{"op":"replace","path":"/nfStatus","value":"REGISTERED"}])
[2026-09-29 08:22:13.127] [upf_app] [debug] Send NF Update to NRF (NRF URL http://oai-nrf.oai-core.svc.cluster.local:80/nnrf-nfm/v1/nf-instances/23f448d9-fc64-4a49-98a4-5c7e36d915b6)
[2026-09-29 08:22:13.127] [upf_app] [debug] Send a simple HTTP request
[2026-09-29 08:22:13.130] [upf_app] [info] Got successful response from NRF
[2026-09-29 08:22:13.130] [upf_app] [debug] Set a timer to the next Heart-beat (10)
[2026-09-29 08:22:17.903] [upf_n4 ] [info] TIME-OUT event timer id 5132
[2026-09-29 08:22:17.903] [upf_n4 ] [info] TIME-OUT event timer id 5134
[2026-09-29 08:22:17.903] [upf_n4 ] [info] PFCP HEARTBEAT PROCEDURE hash 169352876 starting
[2026-09-29 08:22:17.903] [upf_n4 ] [info] handle_receive(16 bytes)
[2026-09-29 08:22:17.903] [upf_n4 ] [info] Received SX HEARTBEAT RESPONSE
[2026-09-29 08:22:22.903] [upf_n4 ] [info] TIME-OUT event timer id 5138
[2026-09-29 08:22:22.903] [upf_n4 ] [info] TIME-OUT event timer id 5139
[2026-09-29 08:22:22.903] [upf_n4 ] [info] PFCP HEARTBEAT PROCEDURE hash 169352876 starting
[2026-09-29 08:22:22.903] [upf_n4 ] [info] handle_receive(16 bytes)
[2026-09-29 08:22:22.903] [upf_n4 ] [info] Received SX HEARTBEAT REQUEST
[2026-09-29 08:22:22.903] [upf_n4 ] [info] handle_receive(16 bytes)
[2026-09-29 08:22:22.903] [upf_n4 ] [info] Received SX HEARTBEAT RESPONSE
[2026-09-29 08:22:23.130] [upf_app] [info] TIME-OUT event timer id 5135
[2026-09-29 08:22:23.130] [upf_app] [debug] Send Heartbeat to NRF
[2026-09-29 08:22:23.130] [upf_app] [info] Send NF Update to NRF
[2026-09-29 08:22:23.130] [upf_app] [debug] Send NF Update to NRF (Msg body [{"op":"replace","path":"/nfStatus","value":"REGISTERED"}])
[2026-09-29 08:22:23.130] [upf_app] [debug] Send NF Update to NRF (NRF URL http://oai-nrf.oai-core.svc.cluster.local:80/nnrf-nfm/v1/nf-instances/23f448d9-fc64-4a49-98a4-5c7e36d915b6)
[2026-09-29 08:22:23.130] [upf_app] [debug] Send a simple HTTP request
[2026-09-29 08:22:23.131] [upf_app] [info] Got successful response from NRF
[2026-09-29 08:22:23.131] [upf_app] [debug] Set a timer to the next Heart-beat (10)
[2026-09-29 08:22:27.903] [upf_n4 ] [info] TIME-OUT event timer id 5142
[2026-09-29 08:22:27.903] [upf_n4 ] [info] TIME-OUT event timer id 5144
[2026-09-29 08:22:27.903] [upf_n4 ] [info] PFCP HEARTBEAT PROCEDURE hash 169352876 starting
[2026-09-29 08:22:27.904] [upf_n4 ] [info] handle_receive(16 bytes)
[2026-09-29 08:22:27.904] [upf_n4 ] [info] Received SX HEARTBEAT RESPONSE
[2026-09-29 08:22:28.110] [upf_n4 ] [info] handle_receive(230 bytes)
[2026-09-29 08:22:28.110] [upf_app] [info] 
[2026-09-29 08:22:28.110] [upf_app] [info] ╔═════════════════════════════════════════════════════════════════════════════╗
[2026-09-29 08:22:28.110] [upf_app] [info] │             Received N4_SESSION_ESTABLISHMENT_REQUEST seid 0x3              │
[2026-09-29 08:22:28.110] [upf_app] [info] ╚═════════════════════════════════════════════════════════════════════════════╝
[2026-09-29 08:22:28.110] [upf_n4 ] [info] pfcp_session::add(far) seid 0x3 FAR=1
[2026-09-29 08:22:28.110] [upf_n4 ] [info]   └─ Adding new FAR 1 to session 0x3
[2026-09-29 08:22:28.110] [upf_n4 ] [debug]      • Apply Action: FORW 
[2026-09-29 08:22:28.110] [upf_n4 ] [debug]      • Destination Interface: CORE
[2026-09-29 08:22:28.110] [upf_n4 ] [debug]      • Total FARs in session: 1
[2026-09-29 08:22:28.110] [upf_n4 ] [info] pfcp_session::set(fteid) seid 0x3 
[2026-09-29 08:22:28.110] [upf_n4 ] [info] pfcp_session::get(fteid) seid 0x3 
[2026-09-29 08:22:28.110] [upf_n4 ] [info] pfcp_session::add(pdr) seid 0x3 PDR=1
[2026-09-29 08:22:28.110] [upf_n4 ] [info]   └─ Adding new PDR 1 to session 0x3
[2026-09-29 08:22:28.110] [upf_n4 ] [debug]      • Source Interface: ACCESS (Uplink)
[2026-09-29 08:22:28.110] [upf_n4 ] [debug]      • Local F-TEID: 0x3
[2026-09-29 08:22:28.110] [upf_n4 ] [debug]      • UE IP Address: 10.1.0.4
[2026-09-29 08:22:28.110] [upf_n4 ] [debug]      • Precedence: 0
[2026-09-29 08:22:28.110] [upf_n4 ] [debug]      • Linked FAR: 1
[2026-09-29 08:22:28.110] [upf_n4 ] [debug]      • Linked URR: 1
[2026-09-29 08:22:28.110] [upf_n4 ] [debug]      • Total PDRs in session: 1
[2026-09-29 08:22:28.110] [upf_n4 ] [info] pfcp_session::add(urr) seid 0x3 URR=1
[2026-09-29 08:22:28.110] [upf_n4 ] [info]   └─ Adding new URR 1 to session 0x3
[2026-09-29 08:22:28.110] [upf_n4 ] [debug]      • Measurement Method: VOLUM DURAT 
[2026-09-29 08:22:28.110] [upf_n4 ] [debug]      • Reporting Triggers: PERIO VOLTH TIMTH 
[2026-09-29 08:22:28.110] [upf_n4 ] [debug]      • Measurement Period: 10 s
[2026-09-29 08:22:28.110] [upf_n4 ] [debug]      • Volume Threshold DL: 16718206241729413120 bytes
[2026-09-29 08:22:28.110] [upf_n4 ] [debug]      • Time Threshold: 5 s
[2026-09-29 08:22:28.110] [upf_n4 ] [debug]      • Total URRs in session: 1
[2026-09-29 08:22:28.110] [upf_app] [info] Establish datapath: create(pdr(s), far(s), qer(s), urr(s), bar(s), mar(s))
[2026-09-29 08:22:28.110] [upf_app] [debug] Establish Session seid 0x3
[2026-09-29 08:22:28.110] [upf_app] [debug] [N4] Create session: seid 0x3 - Validating session context
[2026-09-29 08:22:28.110] [upf_app] [debug] [N4] Create Session: seid 0x3 - Creating eBPF data-path pipeline
[2026-09-29 08:22:28.110] [upf_app] [debug]   → Uplink PDRs (1 rules):
[2026-09-29 08:22:28.110] [upf_app] [debug]     • PDR 1: Local F-TEID 0x3 (UPF listens on N3)
[2026-09-29 08:22:28.110] [upf_app] [info] [eBPF] Create Pipeline - Creating pipeline for session 0x3
[2026-09-29 08:22:28.110] [upf_app] [debug] [eBPF] Create Pipeline: seid 0x3 - Starting PDR rule 1 establishment
[2026-09-29 08:22:28.110] [upf_app] [debug] No QER associated with PDR 1
[2026-09-29 08:22:28.110] [upf_app] [debug] Rules enabled SEID=0x3: 0x2 [QER=off URR=ON BAR=off MAR=off]
[2026-09-29 08:22:28.110] [upf_app] [info] Pipeline created for session 0x3 with 1 PDRs [type = IP, rules = 0x2]
[2026-09-29 08:22:28.110] [upf_app] [info] [N4] Create Session: seid 0x3 - eBPF data-path pipeline created successfully

  ┌───────────────────────────────────────────────────────────────────────────────────────────────────────────────────────────────────────────────────────────────────────────────────────────────┐
  │                                                                                PDU SESSION RULES - Session 0x1                                                                                │
  ├────────┬───────┬───────┬───────┬───────┬───────┬────────────┬───────────┬─────────────────┬────────────┬────────────┬───────┬────────────────────────────────┬────────────────────────────────┤
  │  PDR   │  FAR  │  QER  │  URR  │  BAR  │  MAR  │ Precedence │ Direction │    UE IPv4      │   Action   │  Dest If   │  QFI  │       Create Outer Hdr         │       Remove Outer Hdr         │
  ├────────┼───────┼───────┼───────┼───────┼───────┼────────────┼───────────┼─────────────────┼────────────┼────────────┼───────┼────────────────────────────────┼────────────────────────────────┤
  └────────┴───────┴───────┴───────┴───────┴───────┴────────────┴───────────┴─────────────────┴────────────┴────────────┴───────┴────────────────────────────────┴────────────────────────────────┘


  ┌───────────────────────────────────────────────────────────────────────────────────────────────────────────────────────────────────────────────────────────────────────────────────────────────┐
  │                                                                                PDU SESSION RULES - Session 0x2                                                                                │
  ├────────┬───────┬───────┬───────┬───────┬───────┬────────────┬───────────┬─────────────────┬────────────┬────────────┬───────┬────────────────────────────────┬────────────────────────────────┤
  │  PDR   │  FAR  │  QER  │  URR  │  BAR  │  MAR  │ Precedence │ Direction │    UE IPv4      │   Action   │  Dest If   │  QFI  │       Create Outer Hdr         │       Remove Outer Hdr         │
  ├────────┼───────┼───────┼───────┼───────┼───────┼────────────┼───────────┼─────────────────┼────────────┼────────────┼───────┼────────────────────────────────┼────────────────────────────────┤
  └────────┴───────┴───────┴───────┴───────┴───────┴────────────┴───────────┴─────────────────┴────────────┴────────────┴───────┴────────────────────────────────┴────────────────────────────────┘


  ┌───────────────────────────────────────────────────────────────────────────────────────────────────────────────────────────────────────────────────────────────────────────────────────────────┐
  │                                                                                PDU SESSION RULES - Session 0x3                                                                                │
  ├────────┬───────┬───────┬───────┬───────┬───────┬────────────┬───────────┬─────────────────┬────────────┬────────────┬───────┬────────────────────────────────┬────────────────────────────────┤
  │  PDR   │  FAR  │  QER  │  URR  │  BAR  │  MAR  │ Precedence │ Direction │    UE IPv4      │   Action   │  Dest If   │  QFI  │       Create Outer Hdr         │       Remove Outer Hdr         │
  ├────────┼───────┼───────┼───────┼───────┼───────┼────────────┼───────────┼─────────────────┼────────────┼────────────┼───────┼────────────────────────────────┼────────────────────────────────┤
  │ 1      │ 1     │ -     │ 1     │ -     │ -     │ 0          │ UL        │ 10.1.0.4        │ FORW       │ CORE       │ -     │ -                              │ GTP TEID:0x3                   │
  └────────┴───────┴───────┴───────┴───────┴───────┴────────────┴───────────┴─────────────────┴────────────┴────────────┴───────┴────────────────────────────────┴────────────────────────────────┘

[2026-09-29 08:22:28.114] [upf_app] [debug] retrieveNextHopMAC: attempt 1/3 on iface='n6' probe='arping -c 2 -w 3 -I n6 172.30.26.10'
[2026-09-29 08:22:28.588] [upf_n4 ] [info] handle_receive(150 bytes)
[2026-09-29 08:22:28.588] [upf_app] [info] 
[2026-09-29 08:22:28.588] [upf_app] [info] ╔═════════════════════════════════════════════════════════════════════════════╗
[2026-09-29 08:22:28.588] [upf_app] [info] │             Received N4_SESSION_MODIFICATION_REQUEST seid 0x3               │
[2026-09-29 08:22:28.588] [upf_app] [info] ╚═════════════════════════════════════════════════════════════════════════════╝
[2026-09-29 08:22:28.588] [upf_n4 ] [info] pfcp_session::add(far) seid 0x3 FAR=2
[2026-09-29 08:22:28.588] [upf_n4 ] [info]   └─ Adding new FAR 2 to session 0x3
[2026-09-29 08:22:28.588] [upf_n4 ] [debug]      • Apply Action: FORW 
[2026-09-29 08:22:28.588] [upf_n4 ] [debug]      • Destination Interface: ACCESS
[2026-09-29 08:22:28.588] [upf_n4 ] [debug]      • Outer Header TEID: 0x960612a2
[2026-09-29 08:22:28.588] [upf_n4 ] [debug]      • Remote IP: 172.30.23.20
[2026-09-29 08:22:28.588] [upf_n4 ] [debug]      • Total FARs in session: 2
[2026-09-29 08:22:28.588] [upf_n4 ] [info] pfcp_session::add(pdr) seid 0x3 PDR=2
[2026-09-29 08:22:28.588] [upf_n4 ] [info]   └─ Adding new PDR 2 to session 0x3
[2026-09-29 08:22:28.588] [upf_n4 ] [debug]      • Source Interface: CORE (Downlink)
[2026-09-29 08:22:28.588] [upf_n4 ] [debug]      • UE IP Address: 10.1.0.4
[2026-09-29 08:22:28.588] [upf_n4 ] [debug]      • Precedence: 0
[2026-09-29 08:22:28.588] [upf_n4 ] [debug]      • Linked FAR: 2
[2026-09-29 08:22:28.588] [upf_n4 ] [debug]      • Linked URR: 0
[2026-09-29 08:22:28.588] [upf_n4 ] [debug]      • Total PDRs in session: 2
[2026-09-29 08:22:28.588] [upf_app] [info] Modify datapath
[2026-09-29 08:22:28.588] [upf_app] [debug] ModifySession() seid 0x3
[2026-09-29 08:22:28.588] [upf_app] [info] [N4] Session Modification: seid 0x3
[2026-09-29 08:22:28.588] [upf_app] [info]   └─ Created: 1 PDR, 1 FAR, 0 QER, 0 URR, 0 BAR, 0 MAR
[2026-09-29 08:22:28.588] [upf_app] [debug] [N4] Session Modification: seid 0x3 - Applying pipeline updates
[2026-09-29 08:22:28.588] [upf_app] [debug] [N4] Update Session: seid 0x3 - Modifying eBPF data-path pipeline
[2026-09-29 08:22:28.588] [upf_app] [debug]   → Updated Uplink PDRs (1 rules):
[2026-09-29 08:22:28.588] [upf_app] [debug]     • PDR 1: F-TEID 0x3
[2026-09-29 08:22:28.588] [upf_app] [debug]   → Updated Downlink PDRs (1 rules):
[2026-09-29 08:22:28.588] [upf_app] [debug]     • PDR 2 → FAR 2: TEID 0x960612a2
[2026-09-29 08:22:28.588] [upf_app] [info] [eBPF] Modify Pipeline - Updating pipeline for session 0x3
[2026-09-29 08:22:28.588] [upf_app] [debug] Rules enabled SEID=0x3: 0x2 [QER=off URR=ON BAR=off MAR=off]
[2026-09-29 08:22:28.588] [upf_app] [debug] Setup URRProgram for SEID=0x3
[2026-09-29 08:22:28.588] [upf_app] [debug] URRProgram: config map updated SEID=3 URR_ID=1 triggers=0x15
[2026-09-29 08:22:28.588] [upf_app] [debug] No QER associated with PDR 1
[2026-09-29 08:22:28.588] [upf_app] [debug] No QER associated with PDR 2
[2026-09-29 08:22:28.588] [upf_app] [info] [eBPF] Modify Pipeline - Pipeline modified for session 0x3 with 2 PDRs (1 uplink TEIDs, 1 downlink TEIDs)
[2026-09-29 08:22:28.588] [upf_app] [info] [N4] Update Session: seid 0x3 - eBPF data-path pipeline updated successfully
[2026-09-29 08:22:28.588] [upf_app] [info] [N4] Session Modification: seid 0x3 - Completed successfully [Status: Session updated]

  ┌───────────────────────────────────────────────────────────────────────────────────────────────────────────────────────────────────────────────────────────────────────────────────────────────┐
  │                                                                                PDU SESSION RULES - Session 0x1                                                                                │
  ├────────┬───────┬───────┬───────┬───────┬───────┬────────────┬───────────┬─────────────────┬────────────┬────────────┬───────┬────────────────────────────────┬────────────────────────────────┤
  │  PDR   │  FAR  │  QER  │  URR  │  BAR  │  MAR  │ Precedence │ Direction │    UE IPv4      │   Action   │  Dest If   │  QFI  │       Create Outer Hdr         │       Remove Outer Hdr         │
  ├────────┼───────┼───────┼───────┼───────┼───────┼────────────┼───────────┼─────────────────┼────────────┼────────────┼───────┼────────────────────────────────┼────────────────────────────────┤
  └────────┴───────┴───────┴───────┴───────┴───────┴────────────┴───────────┴─────────────────┴────────────┴────────────┴───────┴────────────────────────────────┴────────────────────────────────┘


  ┌───────────────────────────────────────────────────────────────────────────────────────────────────────────────────────────────────────────────────────────────────────────────────────────────┐
  │                                                                                PDU SESSION RULES - Session 0x2                                                                                │
  ├────────┬───────┬───────┬───────┬───────┬───────┬────────────┬───────────┬─────────────────┬────────────┬────────────┬───────┬────────────────────────────────┬────────────────────────────────┤
  │  PDR   │  FAR  │  QER  │  URR  │  BAR  │  MAR  │ Precedence │ Direction │    UE IPv4      │   Action   │  Dest If   │  QFI  │       Create Outer Hdr         │       Remove Outer Hdr         │
  ├────────┼───────┼───────┼───────┼───────┼───────┼────────────┼───────────┼─────────────────┼────────────┼────────────┼───────┼────────────────────────────────┼────────────────────────────────┤
  └────────┴───────┴───────┴───────┴───────┴───────┴────────────┴───────────┴─────────────────┴────────────┴────────────┴───────┴────────────────────────────────┴────────────────────────────────┘


  ┌───────────────────────────────────────────────────────────────────────────────────────────────────────────────────────────────────────────────────────────────────────────────────────────────┐
  │                                                                                PDU SESSION RULES - Session 0x3                                                                                │
  ├────────┬───────┬───────┬───────┬───────┬───────┬────────────┬───────────┬─────────────────┬────────────┬────────────┬───────┬────────────────────────────────┬────────────────────────────────┤
  │  PDR   │  FAR  │  QER  │  URR  │  BAR  │  MAR  │ Precedence │ Direction │    UE IPv4      │   Action   │  Dest If   │  QFI  │       Create Outer Hdr         │       Remove Outer Hdr         │
  ├────────┼───────┼───────┼───────┼───────┼───────┼────────────┼───────────┼─────────────────┼────────────┼────────────┼───────┼────────────────────────────────┼────────────────────────────────┤
  │ 1      │ 1     │ -     │ 1     │ -     │ -     │ 0          │ UL        │ 10.1.0.4        │ FORW       │ CORE       │ -     │ -                              │ GTP TEID:0x3                   │
  │ 2      │ 2     │ -     │ -     │ -     │ -     │ 0          │ DL        │ 10.1.0.4        │ FORW       │ ACCESS     │ -     │ GTP → 172.30.23.20:0x960612a2  │ -                              │
  └────────┴───────┴───────┴───────┴───────┴───────┴────────────┴───────────┴─────────────────┴────────────┴────────────┴───────┴────────────────────────────────┴────────────────────────────────┘

[2026-09-29 08:22:28.591] [upf_app] [debug] retrieveNextHopMAC: attempt 1/3 on iface='n3' probe='arping -c 2 -w 3 -I n3 172.30.23.20'
[2026-09-29 08:22:30.168] [upf_app] [info] retrieveNextHopMAC: 172.30.26.10 -> 22:95:34:11:cd:1e on n6 (attempt 1/3)
[2026-09-29 08:22:30.168] [upf_app] [debug] ARP: 172.30.26.10 dev n6 lladdr 22:95:34:11:cd:1e [SEID=3]
[2026-09-29 08:22:30.644] [upf_app] [info] retrieveNextHopMAC: 172.30.23.20 -> b2:e8:c7:52:1f:56 on n3 (attempt 1/3)
[2026-09-29 08:22:30.645] [upf_app] [debug] ARP: 172.30.23.20 dev n3 lladdr b2:e8:c7:52:1f:56 [SEID=3]
[2026-09-29 08:22:32.903] [upf_n4 ] [info] TIME-OUT event timer id 5148
[2026-09-29 08:22:32.904] [upf_n4 ] [info] TIME-OUT event timer id 5149
[2026-09-29 08:22:32.904] [upf_n4 ] [info] PFCP HEARTBEAT PROCEDURE hash 169352876 starting
[2026-09-29 08:22:32.904] [upf_n4 ] [info] handle_receive(16 bytes)
[2026-09-29 08:22:32.904] [upf_n4 ] [info] Received SX HEARTBEAT REQUEST
[2026-09-29 08:22:32.904] [upf_n4 ] [info] handle_receive(16 bytes)
[2026-09-29 08:22:32.904] [upf_n4 ] [info] Received SX HEARTBEAT RESPONSE
[2026-09-29 08:22:33.131] [upf_app] [info] TIME-OUT event timer id 5145
[2026-09-29 08:22:33.131] [upf_app] [debug] Send Heartbeat to NRF
[2026-09-29 08:22:33.131] [upf_app] [info] Send NF Update to NRF
[2026-09-29 08:22:33.131] [upf_app] [debug] Send NF Update to NRF (Msg body [{"op":"replace","path":"/nfStatus","value":"REGISTERED"}])
[2026-09-29 08:22:33.131] [upf_app] [debug] Send NF Update to NRF (NRF URL http://oai-nrf.oai-core.svc.cluster.local:80/nnrf-nfm/v1/nf-instances/23f448d9-fc64-4a49-98a4-5c7e36d915b6)
[2026-09-29 08:22:33.131] [upf_app] [debug] Send a simple HTTP request
[2026-09-29 08:22:33.133] [upf_app] [info] Got successful response from NRF
[2026-09-29 08:22:33.133] [upf_app] [debug] Set a timer to the next Heart-beat (10)
[2026-09-29 08:22:37.904] [upf_n4 ] [info] TIME-OUT event timer id 5154
[2026-09-29 08:22:37.904] [upf_n4 ] [info] TIME-OUT event timer id 5156
[2026-09-29 08:22:37.904] [upf_n4 ] [info] PFCP HEARTBEAT PROCEDURE hash 169352876 starting
[2026-09-29 08:22:37.904] [upf_n4 ] [info] handle_receive(16 bytes)
[2026-09-29 08:22:37.904] [upf_n4 ] [info] Received SX HEARTBEAT RESPONSE
[2026-09-29 08:22:42.904] [upf_n4 ] [info] TIME-OUT event timer id 5160
[2026-09-29 08:22:42.904] [upf_n4 ] [info] TIME-OUT event timer id 5161
[2026-09-29 08:22:42.904] [upf_n4 ] [info] PFCP HEARTBEAT PROCEDURE hash 169352876 starting
[2026-09-29 08:22:42.904] [upf_n4 ] [info] handle_receive(16 bytes)
[2026-09-29 08:22:42.904] [upf_n4 ] [info] Received SX HEARTBEAT REQUEST
[2026-09-29 08:22:42.904] [upf_n4 ] [info] handle_receive(16 bytes)
[2026-09-29 08:22:42.904] [upf_n4 ] [info] Received SX HEARTBEAT RESPONSE
[2026-09-29 08:22:43.133] [upf_app] [info] TIME-OUT event timer id 5157
[2026-09-29 08:22:43.133] [upf_app] [debug] Send Heartbeat to NRF
[2026-09-29 08:22:43.133] [upf_app] [info] Send NF Update to NRF
[2026-09-29 08:22:43.133] [upf_app] [debug] Send NF Update to NRF (Msg body [{"op":"replace","path":"/nfStatus","value":"REGISTERED"}])
[2026-09-29 08:22:43.133] [upf_app] [debug] Send NF Update to NRF (NRF URL http://oai-nrf.oai-core.svc.cluster.local:80/nnrf-nfm/v1/nf-instances/23f448d9-fc64-4a49-98a4-5c7e36d915b6)
[2026-09-29 08:22:43.133] [upf_app] [debug] Send a simple HTTP request
[2026-09-29 08:22:43.135] [upf_app] [info] Got successful response from NRF
[2026-09-29 08:22:43.135] [upf_app] [debug] Set a timer to the next Heart-beat (10)
[2026-09-29 08:22:47.904] [upf_n4 ] [info] TIME-OUT event timer id 5164
[2026-09-29 08:22:47.904] [upf_n4 ] [info] TIME-OUT event timer id 5166
[2026-09-29 08:22:47.904] [upf_n4 ] [info] PFCP HEARTBEAT PROCEDURE hash 169352876 starting
[2026-09-29 08:22:47.905] [upf_n4 ] [info] handle_receive(16 bytes)
[2026-09-29 08:22:47.905] [upf_n4 ] [info] Received SX HEARTBEAT RESPONSE
[2026-09-29 08:22:52.905] [upf_n4 ] [info] TIME-OUT event timer id 5170
[2026-09-29 08:22:52.905] [upf_n4 ] [info] handle_receive(16 bytes)
[2026-09-29 08:22:52.905] [upf_n4 ] [info] Received SX HEARTBEAT REQUEST
[2026-09-29 08:22:52.905] [upf_n4 ] [info] TIME-OUT event timer id 5171
[2026-09-29 08:22:52.905] [upf_n4 ] [info] PFCP HEARTBEAT PROCEDURE hash 169352876 starting
[2026-09-29 08:22:52.905] [upf_n4 ] [info] handle_receive(16 bytes)
[2026-09-29 08:22:52.905] [upf_n4 ] [info] Received SX HEARTBEAT RESPONSE
[2026-09-29 08:22:53.135] [upf_app] [info] TIME-OUT event timer id 5167
[2026-09-29 08:22:53.135] [upf_app] [debug] Send Heartbeat to NRF
[2026-09-29 08:22:53.135] [upf_app] [info] Send NF Update to NRF
[2026-09-29 08:22:53.135] [upf_app] [debug] Send NF Update to NRF (Msg body [{"op":"replace","path":"/nfStatus","value":"REGISTERED"}])
[2026-09-29 08:22:53.135] [upf_app] [debug] Send NF Update to NRF (NRF URL http://oai-nrf.oai-core.svc.cluster.local:80/nnrf-nfm/v1/nf-instances/23f448d9-fc64-4a49-98a4-5c7e36d915b6)
[2026-09-29 08:22:53.135] [upf_app] [debug] Send a simple HTTP request
[2026-09-29 08:22:53.138] [upf_app] [info] Got successful response from NRF
[2026-09-29 08:22:53.138] [upf_app] [debug] Set a timer to the next Heart-beat (10)
[2026-09-29 08:22:57.905] [upf_n4 ] [info] TIME-OUT event timer id 5175
[2026-09-29 08:22:57.905] [upf_n4 ] [info] TIME-OUT event timer id 5176
[2026-09-29 08:22:57.905] [upf_n4 ] [info] PFCP HEARTBEAT PROCEDURE hash 169352876 starting
[2026-09-29 08:22:57.905] [upf_n4 ] [info] handle_receive(16 bytes)
[2026-09-29 08:22:57.905] [upf_n4 ] [info] Received SX HEARTBEAT RESPONSE
[2026-09-29 08:23:02.905] [upf_n4 ] [info] TIME-OUT event timer id 5180
[2026-09-29 08:23:02.905] [upf_n4 ] [info] handle_receive(16 bytes)
[2026-09-29 08:23:02.905] [upf_n4 ] [info] Received SX HEARTBEAT REQUEST
[2026-09-29 08:23:02.905] [upf_n4 ] [info] TIME-OUT event timer id 5181
[2026-09-29 08:23:02.905] [upf_n4 ] [info] PFCP HEARTBEAT PROCEDURE hash 169352876 starting
[2026-09-29 08:23:02.905] [upf_n4 ] [info] handle_receive(16 bytes)
[2026-09-29 08:23:02.905] [upf_n4 ] [info] Received SX HEARTBEAT RESPONSE
[2026-09-29 08:23:03.138] [upf_app] [info] TIME-OUT event timer id 5177
[2026-09-29 08:23:03.138] [upf_app] [debug] Send Heartbeat to NRF
[2026-09-29 08:23:03.138] [upf_app] [info] Send NF Update to NRF
[2026-09-29 08:23:03.138] [upf_app] [debug] Send NF Update to NRF (Msg body [{"op":"replace","path":"/nfStatus","value":"REGISTERED"}])
[2026-09-29 08:23:03.138] [upf_app] [debug] Send NF Update to NRF (NRF URL http://oai-nrf.oai-core.svc.cluster.local:80/nnrf-nfm/v1/nf-instances/23f448d9-fc64-4a49-98a4-5c7e36d915b6)
[2026-09-29 08:23:03.138] [upf_app] [debug] Send a simple HTTP request
[2026-09-29 08:23:03.140] [upf_app] [info] Got successful response from NRF
[2026-09-29 08:23:03.140] [upf_app] [debug] Set a timer to the next Heart-beat (10)
[2026-09-29 08:23:07.905] [upf_n4 ] [info] TIME-OUT event timer id 5185
[2026-09-29 08:23:07.905] [upf_n4 ] [info] TIME-OUT event timer id 5186
[2026-09-29 08:23:07.905] [upf_n4 ] [info] PFCP HEARTBEAT PROCEDURE hash 169352876 starting
[2026-09-29 08:23:07.905] [upf_n4 ] [info] handle_receive(16 bytes)
[2026-09-29 08:23:07.905] [upf_n4 ] [info] Received SX HEARTBEAT RESPONSE
[2026-09-29 08:23:12.905] [upf_n4 ] [info] TIME-OUT event timer id 5190
[2026-09-29 08:23:12.905] [upf_n4 ] [info] handle_receive(16 bytes)
[2026-09-29 08:23:12.905] [upf_n4 ] [info] Received SX HEARTBEAT REQUEST
[2026-09-29 08:23:12.905] [upf_n4 ] [info] TIME-OUT event timer id 5191
[2026-09-29 08:23:12.905] [upf_n4 ] [info] PFCP HEARTBEAT PROCEDURE hash 169352876 starting
[2026-09-29 08:23:12.906] [upf_n4 ] [info] handle_receive(16 bytes)
[2026-09-29 08:23:12.906] [upf_n4 ] [info] Received SX HEARTBEAT RESPONSE
[2026-09-29 08:23:13.140] [upf_app] [info] TIME-OUT event timer id 5187
[2026-09-29 08:23:13.140] [upf_app] [debug] Send Heartbeat to NRF
[2026-09-29 08:23:13.140] [upf_app] [info] Send NF Update to NRF
[2026-09-29 08:23:13.140] [upf_app] [debug] Send NF Update to NRF (Msg body [{"op":"replace","path":"/nfStatus","value":"REGISTERED"}])
[2026-09-29 08:23:13.140] [upf_app] [debug] Send NF Update to NRF (NRF URL http://oai-nrf.oai-core.svc.cluster.local:80/nnrf-nfm/v1/nf-instances/23f448d9-fc64-4a49-98a4-5c7e36d915b6)
[2026-09-29 08:23:13.140] [upf_app] [debug] Send a simple HTTP request
[2026-09-29 08:23:13.143] [upf_app] [info] Got successful response from NRF
[2026-09-29 08:23:13.143] [upf_app] [debug] Set a timer to the next Heart-beat (10)
[2026-09-29 08:23:17.906] [upf_n4 ] [info] TIME-OUT event timer id 5195
[2026-09-29 08:23:17.906] [upf_n4 ] [info] TIME-OUT event timer id 5196
[2026-09-29 08:23:17.906] [upf_n4 ] [info] PFCP HEARTBEAT PROCEDURE hash 169352876 starting
[2026-09-29 08:23:17.906] [upf_n4 ] [info] handle_receive(16 bytes)
[2026-09-29 08:23:17.906] [upf_n4 ] [info] Received SX HEARTBEAT RESPONSE
[2026-09-29 08:23:22.906] [upf_n4 ] [info] TIME-OUT event timer id 5200
[2026-09-29 08:23:22.906] [upf_n4 ] [info] handle_receive(16 bytes)
[2026-09-29 08:23:22.906] [upf_n4 ] [info] Received SX HEARTBEAT REQUEST
[2026-09-29 08:23:22.906] [upf_n4 ] [info] TIME-OUT event timer id 5201
[2026-09-29 08:23:22.906] [upf_n4 ] [info] PFCP HEARTBEAT PROCEDURE hash 169352876 starting
[2026-09-29 08:23:22.906] [upf_n4 ] [info] handle_receive(16 bytes)
[2026-09-29 08:23:22.906] [upf_n4 ] [info] Received SX HEARTBEAT RESPONSE
[2026-09-29 08:23:23.143] [upf_app] [info] TIME-OUT event timer id 5197
[2026-09-29 08:23:23.143] [upf_app] [debug] Send Heartbeat to NRF
[2026-09-29 08:23:23.143] [upf_app] [info] Send NF Update to NRF
[2026-09-29 08:23:23.143] [upf_app] [debug] Send NF Update to NRF (Msg body [{"op":"replace","path":"/nfStatus","value":"REGISTERED"}])
[2026-09-29 08:23:23.143] [upf_app] [debug] Send NF Update to NRF (NRF URL http://oai-nrf.oai-core.svc.cluster.local:80/nnrf-nfm/v1/nf-instances/23f448d9-fc64-4a49-98a4-5c7e36d915b6)
[2026-09-29 08:23:23.143] [upf_app] [debug] Send a simple HTTP request
[2026-09-29 08:23:23.145] [upf_app] [info] Got successful response from NRF
[2026-09-29 08:23:23.145] [upf_app] [debug] Set a timer to the next Heart-beat (10)
[2026-09-29 08:23:27.906] [upf_n4 ] [info] TIME-OUT event timer id 5205
[2026-09-29 08:23:27.906] [upf_n4 ] [info] TIME-OUT event timer id 5206
[2026-09-29 08:23:27.906] [upf_n4 ] [info] PFCP HEARTBEAT PROCEDURE hash 169352876 starting
[2026-09-29 08:23:27.906] [upf_n4 ] [info] handle_receive(16 bytes)
[2026-09-29 08:23:27.906] [upf_n4 ] [info] Received SX HEARTBEAT RESPONSE
[2026-09-29 08:23:32.906] [upf_n4 ] [info] TIME-OUT event timer id 5210
[2026-09-29 08:23:32.906] [upf_n4 ] [info] handle_receive(16 bytes)
[2026-09-29 08:23:32.906] [upf_n4 ] [info] Received SX HEARTBEAT REQUEST
[2026-09-29 08:23:32.907] [upf_n4 ] [info] TIME-OUT event timer id 5211
[2026-09-29 08:23:32.907] [upf_n4 ] [info] PFCP HEARTBEAT PROCEDURE hash 169352876 starting
[2026-09-29 08:23:32.907] [upf_n4 ] [info] handle_receive(16 bytes)
[2026-09-29 08:23:32.907] [upf_n4 ] [info] Received SX HEARTBEAT RESPONSE
[2026-09-29 08:23:33.145] [upf_app] [info] TIME-OUT event timer id 5207
[2026-09-29 08:23:33.145] [upf_app] [debug] Send Heartbeat to NRF
[2026-09-29 08:23:33.145] [upf_app] [info] Send NF Update to NRF
[2026-09-29 08:23:33.145] [upf_app] [debug] Send NF Update to NRF (Msg body [{"op":"replace","path":"/nfStatus","value":"REGISTERED"}])
[2026-09-29 08:23:33.145] [upf_app] [debug] Send NF Update to NRF (NRF URL http://oai-nrf.oai-core.svc.cluster.local:80/nnrf-nfm/v1/nf-instances/23f448d9-fc64-4a49-98a4-5c7e36d915b6)
[2026-09-29 08:23:33.145] [upf_app] [debug] Send a simple HTTP request
[2026-09-29 08:23:33.147] [upf_app] [info] Got successful response from NRF
[2026-09-29 08:23:33.147] [upf_app] [debug] Set a timer to the next Heart-beat (10)
[2026-09-29 08:23:37.907] [upf_n4 ] [info] TIME-OUT event timer id 5215
[2026-09-29 08:23:37.907] [upf_n4 ] [info] TIME-OUT event timer id 5216
[2026-09-29 08:23:37.907] [upf_n4 ] [info] PFCP HEARTBEAT PROCEDURE hash 169352876 starting
[2026-09-29 08:23:37.907] [upf_n4 ] [info] handle_receive(16 bytes)
[2026-09-29 08:23:37.907] [upf_n4 ] [info] Received SX HEARTBEAT RESPONSE
[2026-09-29 08:23:42.907] [upf_n4 ] [info] TIME-OUT event timer id 5220
[2026-09-29 08:23:42.907] [upf_n4 ] [info] handle_receive(16 bytes)
[2026-09-29 08:23:42.907] [upf_n4 ] [info] Received SX HEARTBEAT REQUEST
[2026-09-29 08:23:42.907] [upf_n4 ] [info] TIME-OUT event timer id 5221
[2026-09-29 08:23:42.907] [upf_n4 ] [info] PFCP HEARTBEAT PROCEDURE hash 169352876 starting
[2026-09-29 08:23:42.907] [upf_n4 ] [info] handle_receive(16 bytes)
[2026-09-29 08:23:42.907] [upf_n4 ] [info] Received SX HEARTBEAT RESPONSE
[2026-09-29 08:23:43.147] [upf_app] [info] TIME-OUT event timer id 5217
[2026-09-29 08:23:43.147] [upf_app] [debug] Send Heartbeat to NRF
[2026-09-29 08:23:43.147] [upf_app] [info] Send NF Update to NRF
[2026-09-29 08:23:43.147] [upf_app] [debug] Send NF Update to NRF (Msg body [{"op":"replace","path":"/nfStatus","value":"REGISTERED"}])
[2026-09-29 08:23:43.147] [upf_app] [debug] Send NF Update to NRF (NRF URL http://oai-nrf.oai-core.svc.cluster.local:80/nnrf-nfm/v1/nf-instances/23f448d9-fc64-4a49-98a4-5c7e36d915b6)
[2026-09-29 08:23:43.147] [upf_app] [debug] Send a simple HTTP request
[2026-09-29 08:23:43.149] [upf_app] [info] Got successful response from NRF
[2026-09-29 08:23:43.149] [upf_app] [debug] Set a timer to the next Heart-beat (10)
[2026-09-29 08:23:47.907] [upf_n4 ] [info] TIME-OUT event timer id 5225
[2026-09-29 08:23:47.907] [upf_n4 ] [info] TIME-OUT event timer id 5226
[2026-09-29 08:23:47.907] [upf_n4 ] [info] PFCP HEARTBEAT PROCEDURE hash 169352876 starting
[2026-09-29 08:23:47.907] [upf_n4 ] [info] handle_receive(16 bytes)
[2026-09-29 08:23:47.907] [upf_n4 ] [info] Received SX HEARTBEAT RESPONSE
[2026-09-29 08:23:52.907] [upf_n4 ] [info] TIME-OUT event timer id 5230
[2026-09-29 08:23:52.907] [upf_n4 ] [info] handle_receive(16 bytes)
[2026-09-29 08:23:52.907] [upf_n4 ] [info] Received SX HEARTBEAT REQUEST
[2026-09-29 08:23:52.907] [upf_n4 ] [info] TIME-OUT event timer id 5231
[2026-09-29 08:23:52.907] [upf_n4 ] [info] PFCP HEARTBEAT PROCEDURE hash 169352876 starting
[2026-09-29 08:23:52.907] [upf_n4 ] [info] handle_receive(16 bytes)
[2026-09-29 08:23:52.907] [upf_n4 ] [info] Received SX HEARTBEAT RESPONSE
[2026-09-29 08:23:53.149] [upf_app] [info] TIME-OUT event timer id 5227
[2026-09-29 08:23:53.149] [upf_app] [debug] Send Heartbeat to NRF
[2026-09-29 08:23:53.149] [upf_app] [info] Send NF Update to NRF
[2026-09-29 08:23:53.149] [upf_app] [debug] Send NF Update to NRF (Msg body [{"op":"replace","path":"/nfStatus","value":"REGISTERED"}])
[2026-09-29 08:23:53.149] [upf_app] [debug] Send NF Update to NRF (NRF URL http://oai-nrf.oai-core.svc.cluster.local:80/nnrf-nfm/v1/nf-instances/23f448d9-fc64-4a49-98a4-5c7e36d915b6)
[2026-09-29 08:23:53.149] [upf_app] [debug] Send a simple HTTP request
[2026-09-29 08:23:53.151] [upf_app] [info] Got successful response from NRF
[2026-09-29 08:23:53.151] [upf_app] [debug] Set a timer to the next Heart-beat (10)
[2026-09-29 08:23:57.907] [upf_n4 ] [info] TIME-OUT event timer id 5235
[2026-09-29 08:23:57.907] [upf_n4 ] [info] TIME-OUT event timer id 5236
[2026-09-29 08:23:57.907] [upf_n4 ] [info] PFCP HEARTBEAT PROCEDURE hash 169352876 starting
[2026-09-29 08:23:57.907] [upf_n4 ] [info] handle_receive(16 bytes)
[2026-09-29 08:23:57.907] [upf_n4 ] [info] Received SX HEARTBEAT RESPONSE
[2026-09-29 08:24:02.907] [upf_n4 ] [info] TIME-OUT event timer id 5240
[2026-09-29 08:24:02.907] [upf_n4 ] [info] TIME-OUT event timer id 5241
[2026-09-29 08:24:02.907] [upf_n4 ] [info] PFCP HEARTBEAT PROCEDURE hash 169352876 starting
[2026-09-29 08:24:02.908] [upf_n4 ] [info] handle_receive(16 bytes)
[2026-09-29 08:24:02.908] [upf_n4 ] [info] Received SX HEARTBEAT REQUEST
[2026-09-29 08:24:02.908] [upf_n4 ] [info] handle_receive(16 bytes)
[2026-09-29 08:24:02.908] [upf_n4 ] [info] Received SX HEARTBEAT RESPONSE
[2026-09-29 08:24:03.152] [upf_app] [info] TIME-OUT event timer id 5237
[2026-09-29 08:24:03.152] [upf_app] [debug] Send Heartbeat to NRF
[2026-09-29 08:24:03.152] [upf_app] [info] Send NF Update to NRF
[2026-09-29 08:24:03.152] [upf_app] [debug] Send NF Update to NRF (Msg body [{"op":"replace","path":"/nfStatus","value":"REGISTERED"}])
[2026-09-29 08:24:03.152] [upf_app] [debug] Send NF Update to NRF (NRF URL http://oai-nrf.oai-core.svc.cluster.local:80/nnrf-nfm/v1/nf-instances/23f448d9-fc64-4a49-98a4-5c7e36d915b6)
[2026-09-29 08:24:03.152] [upf_app] [debug] Send a simple HTTP request
[2026-09-29 08:24:03.154] [upf_app] [info] Got successful response from NRF
[2026-09-29 08:24:03.154] [upf_app] [debug] Set a timer to the next Heart-beat (10)
[2026-09-29 08:24:07.908] [upf_n4 ] [info] TIME-OUT event timer id 5244
[2026-09-29 08:24:07.908] [upf_n4 ] [info] TIME-OUT event timer id 5246
[2026-09-29 08:24:07.908] [upf_n4 ] [info] PFCP HEARTBEAT PROCEDURE hash 169352876 starting
[2026-09-29 08:24:07.908] [upf_n4 ] [info] handle_receive(16 bytes)
[2026-09-29 08:24:07.908] [upf_n4 ] [info] Received SX HEARTBEAT RESPONSE
[2026-09-29 08:24:12.908] [upf_n4 ] [info] TIME-OUT event timer id 5250
[2026-09-29 08:24:12.908] [upf_n4 ] [info] TIME-OUT event timer id 5251
[2026-09-29 08:24:12.908] [upf_n4 ] [info] PFCP HEARTBEAT PROCEDURE hash 169352876 starting
[2026-09-29 08:24:12.908] [upf_n4 ] [info] handle_receive(16 bytes)
[2026-09-29 08:24:12.908] [upf_n4 ] [info] Received SX HEARTBEAT REQUEST
[2026-09-29 08:24:12.908] [upf_n4 ] [info] handle_receive(16 bytes)
[2026-09-29 08:24:12.908] [upf_n4 ] [info] Received SX HEARTBEAT RESPONSE
[2026-09-29 08:24:13.154] [upf_app] [info] TIME-OUT event timer id 5247
[2026-09-29 08:24:13.154] [upf_app] [debug] Send Heartbeat to NRF
[2026-09-29 08:24:13.154] [upf_app] [info] Send NF Update to NRF
[2026-09-29 08:24:13.154] [upf_app] [debug] Send NF Update to NRF (Msg body [{"op":"replace","path":"/nfStatus","value":"REGISTERED"}])
[2026-09-29 08:24:13.154] [upf_app] [debug] Send NF Update to NRF (NRF URL http://oai-nrf.oai-core.svc.cluster.local:80/nnrf-nfm/v1/nf-instances/23f448d9-fc64-4a49-98a4-5c7e36d915b6)
[2026-09-29 08:24:13.154] [upf_app] [debug] Send a simple HTTP request
[2026-09-29 08:24:13.158] [upf_app] [info] Got successful response from NRF
[2026-09-29 08:24:13.158] [upf_app] [debug] Set a timer to the next Heart-beat (10)
[2026-09-29 08:24:17.908] [upf_n4 ] [info] TIME-OUT event timer id 5254
[2026-09-29 08:24:17.908] [upf_n4 ] [info] TIME-OUT event timer id 5256
[2026-09-29 08:24:17.908] [upf_n4 ] [info] PFCP HEARTBEAT PROCEDURE hash 169352876 starting
[2026-09-29 08:24:17.908] [upf_n4 ] [info] handle_receive(16 bytes)
[2026-09-29 08:24:17.908] [upf_n4 ] [info] Received SX HEARTBEAT RESPONSE
[2026-09-29 08:24:22.908] [upf_n4 ] [info] TIME-OUT event timer id 5260
[2026-09-29 08:24:22.908] [upf_n4 ] [info] handle_receive(16 bytes)
[2026-09-29 08:24:22.908] [upf_n4 ] [info] Received SX HEARTBEAT REQUEST
[2026-09-29 08:24:22.908] [upf_n4 ] [info] TIME-OUT event timer id 5261
[2026-09-29 08:24:22.908] [upf_n4 ] [info] PFCP HEARTBEAT PROCEDURE hash 169352876 starting
[2026-09-29 08:24:22.909] [upf_n4 ] [info] handle_receive(16 bytes)
[2026-09-29 08:24:22.909] [upf_n4 ] [info] Received SX HEARTBEAT RESPONSE
[2026-09-29 08:24:23.158] [upf_app] [info] TIME-OUT event timer id 5257
[2026-09-29 08:24:23.158] [upf_app] [debug] Send Heartbeat to NRF
[2026-09-29 08:24:23.158] [upf_app] [info] Send NF Update to NRF
[2026-09-29 08:24:23.158] [upf_app] [debug] Send NF Update to NRF (Msg body [{"op":"replace","path":"/nfStatus","value":"REGISTERED"}])
[2026-09-29 08:24:23.158] [upf_app] [debug] Send NF Update to NRF (NRF URL http://oai-nrf.oai-core.svc.cluster.local:80/nnrf-nfm/v1/nf-instances/23f448d9-fc64-4a49-98a4-5c7e36d915b6)
[2026-09-29 08:24:23.158] [upf_app] [debug] Send a simple HTTP request
[2026-09-29 08:24:23.160] [upf_app] [info] Got successful response from NRF
[2026-09-29 08:24:23.160] [upf_app] [debug] Set a timer to the next Heart-beat (10)
[2026-09-29 08:24:27.909] [upf_n4 ] [info] TIME-OUT event timer id 5265
[2026-09-29 08:24:27.909] [upf_n4 ] [info] TIME-OUT event timer id 5266
[2026-09-29 08:24:27.909] [upf_n4 ] [info] PFCP HEARTBEAT PROCEDURE hash 169352876 starting
[2026-09-29 08:24:27.909] [upf_n4 ] [info] handle_receive(16 bytes)
[2026-09-29 08:24:27.909] [upf_n4 ] [info] Received SX HEARTBEAT RESPONSE
[2026-09-29 08:24:32.909] [upf_n4 ] [info] TIME-OUT event timer id 5270
[2026-09-29 08:24:32.909] [upf_n4 ] [info] handle_receive(16 bytes)
[2026-09-29 08:24:32.909] [upf_n4 ] [info] Received SX HEARTBEAT REQUEST
[2026-09-29 08:24:32.909] [upf_n4 ] [info] TIME-OUT event timer id 5271
[2026-09-29 08:24:32.909] [upf_n4 ] [info] PFCP HEARTBEAT PROCEDURE hash 169352876 starting
[2026-09-29 08:24:32.909] [upf_n4 ] [info] handle_receive(16 bytes)
[2026-09-29 08:24:32.909] [upf_n4 ] [info] Received SX HEARTBEAT RESPONSE
[2026-09-29 08:24:33.160] [upf_app] [info] TIME-OUT event timer id 5267
[2026-09-29 08:24:33.160] [upf_app] [debug] Send Heartbeat to NRF
[2026-09-29 08:24:33.160] [upf_app] [info] Send NF Update to NRF
[2026-09-29 08:24:33.160] [upf_app] [debug] Send NF Update to NRF (Msg body [{"op":"replace","path":"/nfStatus","value":"REGISTERED"}])
[2026-09-29 08:24:33.160] [upf_app] [debug] Send NF Update to NRF (NRF URL http://oai-nrf.oai-core.svc.cluster.local:80/nnrf-nfm/v1/nf-instances/23f448d9-fc64-4a49-98a4-5c7e36d915b6)
[2026-09-29 08:24:33.160] [upf_app] [debug] Send a simple HTTP request
[2026-09-29 08:24:33.163] [upf_app] [info] Got successful response from NRF
[2026-09-29 08:24:33.163] [upf_app] [debug] Set a timer to the next Heart-beat (10)
[2026-09-29 08:24:37.909] [upf_n4 ] [info] TIME-OUT event timer id 5275
[2026-09-29 08:24:37.909] [upf_n4 ] [info] TIME-OUT event timer id 5276
[2026-09-29 08:24:37.909] [upf_n4 ] [info] PFCP HEARTBEAT PROCEDURE hash 169352876 starting
[2026-09-29 08:24:37.910] [upf_n4 ] [info] handle_receive(16 bytes)
[2026-09-29 08:24:37.910] [upf_n4 ] [info] Received SX HEARTBEAT RESPONSE
[2026-09-29 08:24:42.909] [upf_n4 ] [info] handle_receive(16 bytes)
[2026-09-29 08:24:42.909] [upf_n4 ] [info] Received SX HEARTBEAT REQUEST
[2026-09-29 08:24:42.910] [upf_n4 ] [info] TIME-OUT event timer id 5280
[2026-09-29 08:24:42.910] [upf_n4 ] [info] TIME-OUT event timer id 5281
[2026-09-29 08:24:42.910] [upf_n4 ] [info] PFCP HEARTBEAT PROCEDURE hash 169352876 starting
[2026-09-29 08:24:42.910] [upf_n4 ] [info] handle_receive(16 bytes)
[2026-09-29 08:24:42.910] [upf_n4 ] [info] Received SX HEARTBEAT RESPONSE
[2026-09-29 08:24:43.163] [upf_app] [info] TIME-OUT event timer id 5277
[2026-09-29 08:24:43.163] [upf_app] [debug] Send Heartbeat to NRF
[2026-09-29 08:24:43.163] [upf_app] [info] Send NF Update to NRF
[2026-09-29 08:24:43.163] [upf_app] [debug] Send NF Update to NRF (Msg body [{"op":"replace","path":"/nfStatus","value":"REGISTERED"}])
[2026-09-29 08:24:43.163] [upf_app] [debug] Send NF Update to NRF (NRF URL http://oai-nrf.oai-core.svc.cluster.local:80/nnrf-nfm/v1/nf-instances/23f448d9-fc64-4a49-98a4-5c7e36d915b6)
[2026-09-29 08:24:43.163] [upf_app] [debug] Send a simple HTTP request
[2026-09-29 08:24:43.165] [upf_app] [info] Got successful response from NRF
[2026-09-29 08:24:43.165] [upf_app] [debug] Set a timer to the next Heart-beat (10)
[2026-09-29 08:24:47.910] [upf_n4 ] [info] TIME-OUT event timer id 5285
[2026-09-29 08:24:47.910] [upf_n4 ] [info] TIME-OUT event timer id 5286
[2026-09-29 08:24:47.910] [upf_n4 ] [info] PFCP HEARTBEAT PROCEDURE hash 169352876 starting
[2026-09-29 08:24:47.910] [upf_n4 ] [info] handle_receive(16 bytes)
[2026-09-29 08:24:47.910] [upf_n4 ] [info] Received SX HEARTBEAT RESPONSE
[2026-09-29 08:24:52.910] [upf_n4 ] [info] handle_receive(16 bytes)
[2026-09-29 08:24:52.910] [upf_n4 ] [info] Received SX HEARTBEAT REQUEST
[2026-09-29 08:24:52.910] [upf_n4 ] [info] TIME-OUT event timer id 5290
[2026-09-29 08:24:52.910] [upf_n4 ] [info] TIME-OUT event timer id 5291
[2026-09-29 08:24:52.910] [upf_n4 ] [info] PFCP HEARTBEAT PROCEDURE hash 169352876 starting
[2026-09-29 08:24:52.910] [upf_n4 ] [info] handle_receive(16 bytes)
[2026-09-29 08:24:52.910] [upf_n4 ] [info] Received SX HEARTBEAT RESPONSE
[2026-09-29 08:24:53.165] [upf_app] [info] TIME-OUT event timer id 5287
[2026-09-29 08:24:53.165] [upf_app] [debug] Send Heartbeat to NRF
[2026-09-29 08:24:53.165] [upf_app] [info] Send NF Update to NRF
[2026-09-29 08:24:53.166] [upf_app] [debug] Send NF Update to NRF (Msg body [{"op":"replace","path":"/nfStatus","value":"REGISTERED"}])
[2026-09-29 08:24:53.166] [upf_app] [debug] Send NF Update to NRF (NRF URL http://oai-nrf.oai-core.svc.cluster.local:80/nnrf-nfm/v1/nf-instances/23f448d9-fc64-4a49-98a4-5c7e36d915b6)
[2026-09-29 08:24:53.166] [upf_app] [debug] Send a simple HTTP request
[2026-09-29 08:24:53.168] [upf_app] [info] Got successful response from NRF
[2026-09-29 08:24:53.168] [upf_app] [debug] Set a timer to the next Heart-beat (10)
[2026-09-29 08:24:57.910] [upf_n4 ] [info] TIME-OUT event timer id 5295
[2026-09-29 08:24:57.910] [upf_n4 ] [info] TIME-OUT event timer id 5296
[2026-09-29 08:24:57.910] [upf_n4 ] [info] PFCP HEARTBEAT PROCEDURE hash 169352876 starting
[2026-09-29 08:24:57.910] [upf_n4 ] [info] handle_receive(16 bytes)
[2026-09-29 08:24:57.910] [upf_n4 ] [info] Received SX HEARTBEAT RESPONSE
[2026-09-29 08:25:02.910] [upf_n4 ] [info] handle_receive(16 bytes)
[2026-09-29 08:25:02.910] [upf_n4 ] [info] Received SX HEARTBEAT REQUEST
[2026-09-29 08:25:02.910] [upf_n4 ] [info] TIME-OUT event timer id 5300
[2026-09-29 08:25:02.910] [upf_n4 ] [info] TIME-OUT event timer id 5301
[2026-09-29 08:25:02.910] [upf_n4 ] [info] PFCP HEARTBEAT PROCEDURE hash 169352876 starting
[2026-09-29 08:25:02.910] [upf_n4 ] [info] handle_receive(16 bytes)
[2026-09-29 08:25:02.910] [upf_n4 ] [info] Received SX HEARTBEAT RESPONSE
[2026-09-29 08:25:03.168] [upf_app] [info] TIME-OUT event timer id 5297
[2026-09-29 08:25:03.168] [upf_app] [debug] Send Heartbeat to NRF
[2026-09-29 08:25:03.168] [upf_app] [info] Send NF Update to NRF
[2026-09-29 08:25:03.168] [upf_app] [debug] Send NF Update to NRF (Msg body [{"op":"replace","path":"/nfStatus","value":"REGISTERED"}])
[2026-09-29 08:25:03.168] [upf_app] [debug] Send NF Update to NRF (NRF URL http://oai-nrf.oai-core.svc.cluster.local:80/nnrf-nfm/v1/nf-instances/23f448d9-fc64-4a49-98a4-5c7e36d915b6)
[2026-09-29 08:25:03.168] [upf_app] [debug] Send a simple HTTP request
[2026-09-29 08:25:03.170] [upf_app] [info] Got successful response from NRF
[2026-09-29 08:25:03.170] [upf_app] [debug] Set a timer to the next Heart-beat (10)
[2026-09-29 08:25:07.910] [upf_n4 ] [info] TIME-OUT event timer id 5305
[2026-09-29 08:25:07.910] [upf_n4 ] [info] TIME-OUT event timer id 5306
[2026-09-29 08:25:07.910] [upf_n4 ] [info] PFCP HEARTBEAT PROCEDURE hash 169352876 starting
[2026-09-29 08:25:07.911] [upf_n4 ] [info] handle_receive(16 bytes)
[2026-09-29 08:25:07.911] [upf_n4 ] [info] Received SX HEARTBEAT RESPONSE
[2026-09-29 08:25:12.911] [upf_n4 ] [info] TIME-OUT event timer id 5310
[2026-09-29 08:25:12.911] [upf_n4 ] [info] TIME-OUT event timer id 5311
[2026-09-29 08:25:12.911] [upf_n4 ] [info] PFCP HEARTBEAT PROCEDURE hash 169352876 starting
[2026-09-29 08:25:12.911] [upf_n4 ] [info] handle_receive(16 bytes)
[2026-09-29 08:25:12.911] [upf_n4 ] [info] Received SX HEARTBEAT REQUEST
[2026-09-29 08:25:12.911] [upf_n4 ] [info] handle_receive(16 bytes)
[2026-09-29 08:25:12.911] [upf_n4 ] [info] Received SX HEARTBEAT RESPONSE
[2026-09-29 08:25:13.170] [upf_app] [info] TIME-OUT event timer id 5307
[2026-09-29 08:25:13.170] [upf_app] [debug] Send Heartbeat to NRF
[2026-09-29 08:25:13.170] [upf_app] [info] Send NF Update to NRF
[2026-09-29 08:25:13.170] [upf_app] [debug] Send NF Update to NRF (Msg body [{"op":"replace","path":"/nfStatus","value":"REGISTERED"}])
[2026-09-29 08:25:13.170] [upf_app] [debug] Send NF Update to NRF (NRF URL http://oai-nrf.oai-core.svc.cluster.local:80/nnrf-nfm/v1/nf-instances/23f448d9-fc64-4a49-98a4-5c7e36d915b6)
[2026-09-29 08:25:13.170] [upf_app] [debug] Send a simple HTTP request
[2026-09-29 08:25:13.173] [upf_app] [info] Got successful response from NRF
[2026-09-29 08:25:13.173] [upf_app] [debug] Set a timer to the next Heart-beat (10)
[2026-09-29 08:25:17.911] [upf_n4 ] [info] TIME-OUT event timer id 5314
[2026-09-29 08:25:17.911] [upf_n4 ] [info] TIME-OUT event timer id 5316
[2026-09-29 08:25:17.911] [upf_n4 ] [info] PFCP HEARTBEAT PROCEDURE hash 169352876 starting
[2026-09-29 08:25:17.911] [upf_n4 ] [info] handle_receive(16 bytes)
[2026-09-29 08:25:17.911] [upf_n4 ] [info] Received SX HEARTBEAT RESPONSE
[2026-09-29 08:25:22.911] [upf_n4 ] [info] TIME-OUT event timer id 5320
[2026-09-29 08:25:22.911] [upf_n4 ] [info] TIME-OUT event timer id 5321
[2026-09-29 08:25:22.911] [upf_n4 ] [info] PFCP HEARTBEAT PROCEDURE hash 169352876 starting
[2026-09-29 08:25:22.911] [upf_n4 ] [info] handle_receive(16 bytes)
[2026-09-29 08:25:22.911] [upf_n4 ] [info] Received SX HEARTBEAT REQUEST
[2026-09-29 08:25:22.911] [upf_n4 ] [info] handle_receive(16 bytes)
[2026-09-29 08:25:22.911] [upf_n4 ] [info] Received SX HEARTBEAT RESPONSE
[2026-09-29 08:25:23.173] [upf_app] [info] TIME-OUT event timer id 5317
[2026-09-29 08:25:23.173] [upf_app] [debug] Send Heartbeat to NRF
[2026-09-29 08:25:23.173] [upf_app] [info] Send NF Update to NRF
[2026-09-29 08:25:23.173] [upf_app] [debug] Send NF Update to NRF (Msg body [{"op":"replace","path":"/nfStatus","value":"REGISTERED"}])
[2026-09-29 08:25:23.173] [upf_app] [debug] Send NF Update to NRF (NRF URL http://oai-nrf.oai-core.svc.cluster.local:80/nnrf-nfm/v1/nf-instances/23f448d9-fc64-4a49-98a4-5c7e36d915b6)
[2026-09-29 08:25:23.173] [upf_app] [debug] Send a simple HTTP request
[2026-09-29 08:25:23.175] [upf_app] [info] Got successful response from NRF
[2026-09-29 08:25:23.175] [upf_app] [debug] Set a timer to the next Heart-beat (10)
[2026-09-29 08:25:27.911] [upf_n4 ] [info] TIME-OUT event timer id 5324
[2026-09-29 08:25:27.911] [upf_n4 ] [info] TIME-OUT event timer id 5326
[2026-09-29 08:25:27.911] [upf_n4 ] [info] PFCP HEARTBEAT PROCEDURE hash 169352876 starting
[2026-09-29 08:25:27.912] [upf_n4 ] [info] handle_receive(16 bytes)
[2026-09-29 08:25:27.912] [upf_n4 ] [info] Received SX HEARTBEAT RESPONSE
[2026-09-29 08:25:32.911] [upf_n4 ] [info] TIME-OUT event timer id 5330
[2026-09-29 08:25:32.911] [upf_n4 ] [info] handle_receive(16 bytes)
[2026-09-29 08:25:32.911] [upf_n4 ] [info] Received SX HEARTBEAT REQUEST
[2026-09-29 08:25:32.912] [upf_n4 ] [info] TIME-OUT event timer id 5331
[2026-09-29 08:25:32.912] [upf_n4 ] [info] PFCP HEARTBEAT PROCEDURE hash 169352876 starting
[2026-09-29 08:25:32.912] [upf_n4 ] [info] handle_receive(16 bytes)
[2026-09-29 08:25:32.912] [upf_n4 ] [info] Received SX HEARTBEAT RESPONSE
[2026-09-29 08:25:33.175] [upf_app] [info] TIME-OUT event timer id 5327
[2026-09-29 08:25:33.175] [upf_app] [debug] Send Heartbeat to NRF
[2026-09-29 08:25:33.175] [upf_app] [info] Send NF Update to NRF
[2026-09-29 08:25:33.175] [upf_app] [debug] Send NF Update to NRF (Msg body [{"op":"replace","path":"/nfStatus","value":"REGISTERED"}])
[2026-09-29 08:25:33.175] [upf_app] [debug] Send NF Update to NRF (NRF URL http://oai-nrf.oai-core.svc.cluster.local:80/nnrf-nfm/v1/nf-instances/23f448d9-fc64-4a49-98a4-5c7e36d915b6)
[2026-09-29 08:25:33.175] [upf_app] [debug] Send a simple HTTP request
[2026-09-29 08:25:33.177] [upf_app] [info] Got successful response from NRF
[2026-09-29 08:25:33.177] [upf_app] [debug] Set a timer to the next Heart-beat (10)
[2026-09-29 08:25:37.912] [upf_n4 ] [info] TIME-OUT event timer id 5335
[2026-09-29 08:25:37.912] [upf_n4 ] [info] TIME-OUT event timer id 5336
[2026-09-29 08:25:37.912] [upf_n4 ] [info] PFCP HEARTBEAT PROCEDURE hash 169352876 starting
[2026-09-29 08:25:37.912] [upf_n4 ] [info] handle_receive(16 bytes)
[2026-09-29 08:25:37.912] [upf_n4 ] [info] Received SX HEARTBEAT RESPONSE
[2026-09-29 08:25:42.912] [upf_n4 ] [info] TIME-OUT event timer id 5340
[2026-09-29 08:25:42.912] [upf_n4 ] [info] TIME-OUT event timer id 5341
[2026-09-29 08:25:42.912] [upf_n4 ] [info] PFCP HEARTBEAT PROCEDURE hash 169352876 starting
[2026-09-29 08:25:42.912] [upf_n4 ] [info] handle_receive(16 bytes)
[2026-09-29 08:25:42.912] [upf_n4 ] [info] Received SX HEARTBEAT RESPONSE
[2026-09-29 08:25:42.912] [upf_n4 ] [info] handle_receive(16 bytes)
[2026-09-29 08:25:42.912] [upf_n4 ] [info] Received SX HEARTBEAT REQUEST
[2026-09-29 08:25:43.177] [upf_app] [info] TIME-OUT event timer id 5337
[2026-09-29 08:25:43.177] [upf_app] [debug] Send Heartbeat to NRF
[2026-09-29 08:25:43.178] [upf_app] [info] Send NF Update to NRF
[2026-09-29 08:25:43.178] [upf_app] [debug] Send NF Update to NRF (Msg body [{"op":"replace","path":"/nfStatus","value":"REGISTERED"}])
[2026-09-29 08:25:43.178] [upf_app] [debug] Send NF Update to NRF (NRF URL http://oai-nrf.oai-core.svc.cluster.local:80/nnrf-nfm/v1/nf-instances/23f448d9-fc64-4a49-98a4-5c7e36d915b6)
[2026-09-29 08:25:43.178] [upf_app] [debug] Send a simple HTTP request
[2026-09-29 08:25:43.180] [upf_app] [info] Got successful response from NRF
[2026-09-29 08:25:43.180] [upf_app] [debug] Set a timer to the next Heart-beat (10)
[2026-09-29 08:25:47.912] [upf_n4 ] [info] TIME-OUT event timer id 5344
[2026-09-29 08:25:47.912] [upf_n4 ] [info] TIME-OUT event timer id 5345
[2026-09-29 08:25:47.912] [upf_n4 ] [info] PFCP HEARTBEAT PROCEDURE hash 169352876 starting
[2026-09-29 08:25:47.912] [upf_n4 ] [info] handle_receive(16 bytes)
[2026-09-29 08:25:47.912] [upf_n4 ] [info] Received SX HEARTBEAT RESPONSE
[2026-09-29 08:25:52.912] [upf_n4 ] [info] TIME-OUT event timer id 5350
[2026-09-29 08:25:52.912] [upf_n4 ] [info] TIME-OUT event timer id 5351
[2026-09-29 08:25:52.912] [upf_n4 ] [info] PFCP HEARTBEAT PROCEDURE hash 169352876 starting
[2026-09-29 08:25:52.913] [upf_n4 ] [info] handle_receive(16 bytes)
[2026-09-29 08:25:52.913] [upf_n4 ] [info] Received SX HEARTBEAT RESPONSE
[2026-09-29 08:25:52.913] [upf_n4 ] [info] handle_receive(16 bytes)
[2026-09-29 08:25:52.913] [upf_n4 ] [info] Received SX HEARTBEAT REQUEST
[2026-09-29 08:25:53.180] [upf_app] [info] TIME-OUT event timer id 5347
[2026-09-29 08:25:53.180] [upf_app] [debug] Send Heartbeat to NRF
[2026-09-29 08:25:53.180] [upf_app] [info] Send NF Update to NRF
[2026-09-29 08:25:53.180] [upf_app] [debug] Send NF Update to NRF (Msg body [{"op":"replace","path":"/nfStatus","value":"REGISTERED"}])
[2026-09-29 08:25:53.180] [upf_app] [debug] Send NF Update to NRF (NRF URL http://oai-nrf.oai-core.svc.cluster.local:80/nnrf-nfm/v1/nf-instances/23f448d9-fc64-4a49-98a4-5c7e36d915b6)
[2026-09-29 08:25:53.180] [upf_app] [debug] Send a simple HTTP request
[2026-09-29 08:25:53.182] [upf_app] [info] Got successful response from NRF
[2026-09-29 08:25:53.182] [upf_app] [debug] Set a timer to the next Heart-beat (10)
[2026-09-29 08:25:57.912] [upf_n4 ] [info] TIME-OUT event timer id 5354
[2026-09-29 08:25:57.913] [upf_n4 ] [info] TIME-OUT event timer id 5355
[2026-09-29 08:25:57.913] [upf_n4 ] [info] PFCP HEARTBEAT PROCEDURE hash 169352876 starting
[2026-09-29 08:25:57.913] [upf_n4 ] [info] handle_receive(16 bytes)
[2026-09-29 08:25:57.913] [upf_n4 ] [info] Received SX HEARTBEAT RESPONSE
[2026-09-29 08:26:02.913] [upf_n4 ] [info] TIME-OUT event timer id 5360
[2026-09-29 08:26:02.913] [upf_n4 ] [info] TIME-OUT event timer id 5361
[2026-09-29 08:26:02.913] [upf_n4 ] [info] PFCP HEARTBEAT PROCEDURE hash 169352876 starting
[2026-09-29 08:26:02.913] [upf_n4 ] [info] handle_receive(16 bytes)
[2026-09-29 08:26:02.913] [upf_n4 ] [info] Received SX HEARTBEAT REQUEST
[2026-09-29 08:26:02.913] [upf_n4 ] [info] handle_receive(16 bytes)
[2026-09-29 08:26:02.913] [upf_n4 ] [info] Received SX HEARTBEAT RESPONSE
[2026-09-29 08:26:03.182] [upf_app] [info] TIME-OUT event timer id 5357
[2026-09-29 08:26:03.182] [upf_app] [debug] Send Heartbeat to NRF
[2026-09-29 08:26:03.182] [upf_app] [info] Send NF Update to NRF
[2026-09-29 08:26:03.182] [upf_app] [debug] Send NF Update to NRF (Msg body [{"op":"replace","path":"/nfStatus","value":"REGISTERED"}])
[2026-09-29 08:26:03.182] [upf_app] [debug] Send NF Update to NRF (NRF URL http://oai-nrf.oai-core.svc.cluster.local:80/nnrf-nfm/v1/nf-instances/23f448d9-fc64-4a49-98a4-5c7e36d915b6)
[2026-09-29 08:26:03.182] [upf_app] [debug] Send a simple HTTP request
[2026-09-29 08:26:03.185] [upf_app] [info] Got successful response from NRF
[2026-09-29 08:26:03.185] [upf_app] [debug] Set a timer to the next Heart-beat (10)
[2026-09-29 08:26:07.913] [upf_n4 ] [info] TIME-OUT event timer id 5364
[2026-09-29 08:26:07.913] [upf_n4 ] [info] TIME-OUT event timer id 5366
[2026-09-29 08:26:07.913] [upf_n4 ] [info] PFCP HEARTBEAT PROCEDURE hash 169352876 starting
[2026-09-29 08:26:07.913] [upf_n4 ] [info] handle_receive(16 bytes)
[2026-09-29 08:26:07.913] [upf_n4 ] [info] Received SX HEARTBEAT RESPONSE
[2026-09-29 08:26:12.913] [upf_n4 ] [info] TIME-OUT event timer id 5370
[2026-09-29 08:26:12.913] [upf_n4 ] [info] TIME-OUT event timer id 5371
[2026-09-29 08:26:12.913] [upf_n4 ] [info] PFCP HEARTBEAT PROCEDURE hash 169352876 starting
[2026-09-29 08:26:12.913] [upf_n4 ] [info] handle_receive(16 bytes)
[2026-09-29 08:26:12.913] [upf_n4 ] [info] Received SX HEARTBEAT REQUEST
[2026-09-29 08:26:12.913] [upf_n4 ] [info] handle_receive(16 bytes)
[2026-09-29 08:26:12.913] [upf_n4 ] [info] Received SX HEARTBEAT RESPONSE
[2026-09-29 08:26:13.185] [upf_app] [info] TIME-OUT event timer id 5367
[2026-09-29 08:26:13.185] [upf_app] [debug] Send Heartbeat to NRF
[2026-09-29 08:26:13.185] [upf_app] [info] Send NF Update to NRF
[2026-09-29 08:26:13.185] [upf_app] [debug] Send NF Update to NRF (Msg body [{"op":"replace","path":"/nfStatus","value":"REGISTERED"}])
[2026-09-29 08:26:13.185] [upf_app] [debug] Send NF Update to NRF (NRF URL http://oai-nrf.oai-core.svc.cluster.local:80/nnrf-nfm/v1/nf-instances/23f448d9-fc64-4a49-98a4-5c7e36d915b6)
[2026-09-29 08:26:13.185] [upf_app] [debug] Send a simple HTTP request
[2026-09-29 08:26:13.188] [upf_app] [info] Got successful response from NRF
[2026-09-29 08:26:13.188] [upf_app] [debug] Set a timer to the next Heart-beat (10)
[2026-09-29 08:26:17.913] [upf_n4 ] [info] TIME-OUT event timer id 5374
[2026-09-29 08:26:17.913] [upf_n4 ] [info] TIME-OUT event timer id 5376
[2026-09-29 08:26:17.913] [upf_n4 ] [info] PFCP HEARTBEAT PROCEDURE hash 169352876 starting
[2026-09-29 08:26:17.914] [upf_n4 ] [info] handle_receive(16 bytes)
[2026-09-29 08:26:17.914] [upf_n4 ] [info] Received SX HEARTBEAT RESPONSE
[2026-09-29 08:26:22.913] [upf_n4 ] [info] TIME-OUT event timer id 5380
[2026-09-29 08:26:22.914] [upf_n4 ] [info] handle_receive(16 bytes)
[2026-09-29 08:26:22.914] [upf_n4 ] [info] Received SX HEARTBEAT REQUEST
[2026-09-29 08:26:22.914] [upf_n4 ] [info] TIME-OUT event timer id 5381
[2026-09-29 08:26:22.914] [upf_n4 ] [info] PFCP HEARTBEAT PROCEDURE hash 169352876 starting
[2026-09-29 08:26:22.914] [upf_n4 ] [info] handle_receive(16 bytes)
[2026-09-29 08:26:22.914] [upf_n4 ] [info] Received SX HEARTBEAT RESPONSE
[2026-09-29 08:26:23.188] [upf_app] [info] TIME-OUT event timer id 5377
[2026-09-29 08:26:23.188] [upf_app] [debug] Send Heartbeat to NRF
[2026-09-29 08:26:23.188] [upf_app] [info] Send NF Update to NRF
[2026-09-29 08:26:23.188] [upf_app] [debug] Send NF Update to NRF (Msg body [{"op":"replace","path":"/nfStatus","value":"REGISTERED"}])
[2026-09-29 08:26:23.188] [upf_app] [debug] Send NF Update to NRF (NRF URL http://oai-nrf.oai-core.svc.cluster.local:80/nnrf-nfm/v1/nf-instances/23f448d9-fc64-4a49-98a4-5c7e36d915b6)
[2026-09-29 08:26:23.188] [upf_app] [debug] Send a simple HTTP request
[2026-09-29 08:26:23.190] [upf_app] [info] Got successful response from NRF
[2026-09-29 08:26:23.190] [upf_app] [debug] Set a timer to the next Heart-beat (10)
[2026-09-29 08:26:27.914] [upf_n4 ] [info] TIME-OUT event timer id 5385
[2026-09-29 08:26:27.914] [upf_n4 ] [info] TIME-OUT event timer id 5386
[2026-09-29 08:26:27.914] [upf_n4 ] [info] PFCP HEARTBEAT PROCEDURE hash 169352876 starting
[2026-09-29 08:26:27.915] [upf_n4 ] [info] handle_receive(16 bytes)
[2026-09-29 08:26:27.915] [upf_n4 ] [info] Received SX HEARTBEAT RESPONSE
[2026-09-29 08:26:32.914] [upf_n4 ] [info] TIME-OUT event timer id 5390
[2026-09-29 08:26:32.914] [upf_n4 ] [info] handle_receive(16 bytes)
[2026-09-29 08:26:32.914] [upf_n4 ] [info] Received SX HEARTBEAT REQUEST
[2026-09-29 08:26:32.915] [upf_n4 ] [info] TIME-OUT event timer id 5391
[2026-09-29 08:26:32.915] [upf_n4 ] [info] PFCP HEARTBEAT PROCEDURE hash 169352876 starting
[2026-09-29 08:26:32.915] [upf_n4 ] [info] handle_receive(16 bytes)
[2026-09-29 08:26:32.915] [upf_n4 ] [info] Received SX HEARTBEAT RESPONSE
[2026-09-29 08:26:33.190] [upf_app] [info] TIME-OUT event timer id 5387
[2026-09-29 08:26:33.190] [upf_app] [debug] Send Heartbeat to NRF
[2026-09-29 08:26:33.190] [upf_app] [info] Send NF Update to NRF
[2026-09-29 08:26:33.190] [upf_app] [debug] Send NF Update to NRF (Msg body [{"op":"replace","path":"/nfStatus","value":"REGISTERED"}])
[2026-09-29 08:26:33.190] [upf_app] [debug] Send NF Update to NRF (NRF URL http://oai-nrf.oai-core.svc.cluster.local:80/nnrf-nfm/v1/nf-instances/23f448d9-fc64-4a49-98a4-5c7e36d915b6)
[2026-09-29 08:26:33.190] [upf_app] [debug] Send a simple HTTP request
[2026-09-29 08:26:33.194] [upf_app] [info] Got successful response from NRF
[2026-09-29 08:26:33.194] [upf_app] [debug] Set a timer to the next Heart-beat (10)
[2026-09-29 08:26:37.915] [upf_n4 ] [info] TIME-OUT event timer id 5395
[2026-09-29 08:26:37.915] [upf_n4 ] [info] TIME-OUT event timer id 5396
[2026-09-29 08:26:37.915] [upf_n4 ] [info] PFCP HEARTBEAT PROCEDURE hash 169352876 starting
[2026-09-29 08:26:37.915] [upf_n4 ] [info] handle_receive(16 bytes)
[2026-09-29 08:26:37.915] [upf_n4 ] [info] Received SX HEARTBEAT RESPONSE
[2026-09-29 08:26:42.915] [upf_n4 ] [info] handle_receive(16 bytes)
[2026-09-29 08:26:42.915] [upf_n4 ] [info] Received SX HEARTBEAT REQUEST
[2026-09-29 08:26:42.915] [upf_n4 ] [info] TIME-OUT event timer id 5400
[2026-09-29 08:26:42.915] [upf_n4 ] [info] TIME-OUT event timer id 5401
[2026-09-29 08:26:42.915] [upf_n4 ] [info] PFCP HEARTBEAT PROCEDURE hash 169352876 starting
[2026-09-29 08:26:42.915] [upf_n4 ] [info] handle_receive(16 bytes)
[2026-09-29 08:26:42.915] [upf_n4 ] [info] Received SX HEARTBEAT RESPONSE
[2026-09-29 08:26:43.194] [upf_app] [info] TIME-OUT event timer id 5397
[2026-09-29 08:26:43.194] [upf_app] [debug] Send Heartbeat to NRF
[2026-09-29 08:26:43.194] [upf_app] [info] Send NF Update to NRF
[2026-09-29 08:26:43.194] [upf_app] [debug] Send NF Update to NRF (Msg body [{"op":"replace","path":"/nfStatus","value":"REGISTERED"}])
[2026-09-29 08:26:43.194] [upf_app] [debug] Send NF Update to NRF (NRF URL http://oai-nrf.oai-core.svc.cluster.local:80/nnrf-nfm/v1/nf-instances/23f448d9-fc64-4a49-98a4-5c7e36d915b6)
[2026-09-29 08:26:43.194] [upf_app] [debug] Send a simple HTTP request
[2026-09-29 08:26:43.196] [upf_app] [info] Got successful response from NRF
[2026-09-29 08:26:43.196] [upf_app] [debug] Set a timer to the next Heart-beat (10)
[2026-09-29 08:26:47.915] [upf_n4 ] [info] TIME-OUT event timer id 5405
[2026-09-29 08:26:47.915] [upf_n4 ] [info] TIME-OUT event timer id 5406
[2026-09-29 08:26:47.915] [upf_n4 ] [info] PFCP HEARTBEAT PROCEDURE hash 169352876 starting
[2026-09-29 08:26:47.915] [upf_n4 ] [info] handle_receive(16 bytes)
[2026-09-29 08:26:47.915] [upf_n4 ] [info] Received SX HEARTBEAT RESPONSE
[2026-09-29 08:26:52.915] [upf_n4 ] [info] handle_receive(16 bytes)
[2026-09-29 08:26:52.915] [upf_n4 ] [info] Received SX HEARTBEAT REQUEST
[2026-09-29 08:26:52.915] [upf_n4 ] [info] TIME-OUT event timer id 5410
[2026-09-29 08:26:52.915] [upf_n4 ] [info] TIME-OUT event timer id 5411
[2026-09-29 08:26:52.915] [upf_n4 ] [info] PFCP HEARTBEAT PROCEDURE hash 169352876 starting
[2026-09-29 08:26:52.916] [upf_n4 ] [info] handle_receive(16 bytes)
[2026-09-29 08:26:52.916] [upf_n4 ] [info] Received SX HEARTBEAT RESPONSE
[2026-09-29 08:26:53.197] [upf_app] [info] TIME-OUT event timer id 5407
[2026-09-29 08:26:53.197] [upf_app] [debug] Send Heartbeat to NRF
[2026-09-29 08:26:53.197] [upf_app] [info] Send NF Update to NRF
[2026-09-29 08:26:53.197] [upf_app] [debug] Send NF Update to NRF (Msg body [{"op":"replace","path":"/nfStatus","value":"REGISTERED"}])
[2026-09-29 08:26:53.197] [upf_app] [debug] Send NF Update to NRF (NRF URL http://oai-nrf.oai-core.svc.cluster.local:80/nnrf-nfm/v1/nf-instances/23f448d9-fc64-4a49-98a4-5c7e36d915b6)
[2026-09-29 08:26:53.197] [upf_app] [debug] Send a simple HTTP request
[2026-09-29 08:26:53.200] [upf_app] [info] Got successful response from NRF
[2026-09-29 08:26:53.200] [upf_app] [debug] Set a timer to the next Heart-beat (10)
[2026-09-29 08:26:57.915] [upf_n4 ] [info] TIME-OUT event timer id 5415
[2026-09-29 08:26:57.916] [upf_n4 ] [info] TIME-OUT event timer id 5416
[2026-09-29 08:26:57.916] [upf_n4 ] [info] PFCP HEARTBEAT PROCEDURE hash 169352876 starting
[2026-09-29 08:26:57.916] [upf_n4 ] [info] handle_receive(16 bytes)
[2026-09-29 08:26:57.916] [upf_n4 ] [info] Received SX HEARTBEAT RESPONSE
[2026-09-29 08:27:02.915] [upf_n4 ] [info] handle_receive(16 bytes)
[2026-09-29 08:27:02.915] [upf_n4 ] [info] Received SX HEARTBEAT REQUEST
[2026-09-29 08:27:02.916] [upf_n4 ] [info] TIME-OUT event timer id 5420
[2026-09-29 08:27:02.916] [upf_n4 ] [info] TIME-OUT event timer id 5421
[2026-09-29 08:27:02.916] [upf_n4 ] [info] PFCP HEARTBEAT PROCEDURE hash 169352876 starting
[2026-09-29 08:27:02.916] [upf_n4 ] [info] handle_receive(16 bytes)
[2026-09-29 08:27:02.916] [upf_n4 ] [info] Received SX HEARTBEAT RESPONSE
[2026-09-29 08:27:03.200] [upf_app] [info] TIME-OUT event timer id 5417
[2026-09-29 08:27:03.200] [upf_app] [debug] Send Heartbeat to NRF
[2026-09-29 08:27:03.200] [upf_app] [info] Send NF Update to NRF
[2026-09-29 08:27:03.200] [upf_app] [debug] Send NF Update to NRF (Msg body [{"op":"replace","path":"/nfStatus","value":"REGISTERED"}])
[2026-09-29 08:27:03.200] [upf_app] [debug] Send NF Update to NRF (NRF URL http://oai-nrf.oai-core.svc.cluster.local:80/nnrf-nfm/v1/nf-instances/23f448d9-fc64-4a49-98a4-5c7e36d915b6)
[2026-09-29 08:27:03.200] [upf_app] [debug] Send a simple HTTP request
[2026-09-29 08:27:03.202] [upf_app] [info] Got successful response from NRF
[2026-09-29 08:27:03.202] [upf_app] [debug] Set a timer to the next Heart-beat (10)
[2026-09-29 08:27:07.916] [upf_n4 ] [info] TIME-OUT event timer id 5425
[2026-09-29 08:27:07.916] [upf_n4 ] [info] TIME-OUT event timer id 5426
[2026-09-29 08:27:07.916] [upf_n4 ] [info] PFCP HEARTBEAT PROCEDURE hash 169352876 starting
[2026-09-29 08:27:07.916] [upf_n4 ] [info] handle_receive(16 bytes)
[2026-09-29 08:27:07.916] [upf_n4 ] [info] Received SX HEARTBEAT RESPONSE
[2026-09-29 08:27:12.916] [upf_n4 ] [info] handle_receive(16 bytes)
[2026-09-29 08:27:12.916] [upf_n4 ] [info] Received SX HEARTBEAT REQUEST
[2026-09-29 08:27:12.916] [upf_n4 ] [info] TIME-OUT event timer id 5430
[2026-09-29 08:27:12.916] [upf_n4 ] [info] TIME-OUT event timer id 5431
[2026-09-29 08:27:12.916] [upf_n4 ] [info] PFCP HEARTBEAT PROCEDURE hash 169352876 starting
[2026-09-29 08:27:12.916] [upf_n4 ] [info] handle_receive(16 bytes)
[2026-09-29 08:27:12.916] [upf_n4 ] [info] Received SX HEARTBEAT RESPONSE
[2026-09-29 08:27:13.202] [upf_app] [info] TIME-OUT event timer id 5427
[2026-09-29 08:27:13.202] [upf_app] [debug] Send Heartbeat to NRF
[2026-09-29 08:27:13.202] [upf_app] [info] Send NF Update to NRF
[2026-09-29 08:27:13.202] [upf_app] [debug] Send NF Update to NRF (Msg body [{"op":"replace","path":"/nfStatus","value":"REGISTERED"}])
[2026-09-29 08:27:13.202] [upf_app] [debug] Send NF Update to NRF (NRF URL http://oai-nrf.oai-core.svc.cluster.local:80/nnrf-nfm/v1/nf-instances/23f448d9-fc64-4a49-98a4-5c7e36d915b6)
[2026-09-29 08:27:13.202] [upf_app] [debug] Send a simple HTTP request
[2026-09-29 08:27:13.204] [upf_app] [info] Got successful response from NRF
[2026-09-29 08:27:13.204] [upf_app] [debug] Set a timer to the next Heart-beat (10)
[2026-09-29 08:27:17.916] [upf_n4 ] [info] TIME-OUT event timer id 5435
[2026-09-29 08:27:17.916] [upf_n4 ] [info] TIME-OUT event timer id 5436
[2026-09-29 08:27:17.916] [upf_n4 ] [info] PFCP HEARTBEAT PROCEDURE hash 169352876 starting
[2026-09-29 08:27:17.916] [upf_n4 ] [info] handle_receive(16 bytes)
[2026-09-29 08:27:17.916] [upf_n4 ] [info] Received SX HEARTBEAT RESPONSE
[2026-09-29 08:27:22.916] [upf_n4 ] [info] handle_receive(16 bytes)
[2026-09-29 08:27:22.916] [upf_n4 ] [info] Received SX HEARTBEAT REQUEST
[2026-09-29 08:27:22.916] [upf_n4 ] [info] TIME-OUT event timer id 5440
[2026-09-29 08:27:22.916] [upf_n4 ] [info] TIME-OUT event timer id 5441
[2026-09-29 08:27:22.916] [upf_n4 ] [info] PFCP HEARTBEAT PROCEDURE hash 169352876 starting
[2026-09-29 08:27:22.916] [upf_n4 ] [info] handle_receive(16 bytes)
[2026-09-29 08:27:22.916] [upf_n4 ] [info] Received SX HEARTBEAT RESPONSE
[2026-09-29 08:27:23.204] [upf_app] [info] TIME-OUT event timer id 5437
[2026-09-29 08:27:23.204] [upf_app] [debug] Send Heartbeat to NRF
[2026-09-29 08:27:23.204] [upf_app] [info] Send NF Update to NRF
[2026-09-29 08:27:23.204] [upf_app] [debug] Send NF Update to NRF (Msg body [{"op":"replace","path":"/nfStatus","value":"REGISTERED"}])
[2026-09-29 08:27:23.204] [upf_app] [debug] Send NF Update to NRF (NRF URL http://oai-nrf.oai-core.svc.cluster.local:80/nnrf-nfm/v1/nf-instances/23f448d9-fc64-4a49-98a4-5c7e36d915b6)
[2026-09-29 08:27:23.204] [upf_app] [debug] Send a simple HTTP request
[2026-09-29 08:27:23.206] [upf_app] [info] Got successful response from NRF
[2026-09-29 08:27:23.206] [upf_app] [debug] Set a timer to the next Heart-beat (10)
[2026-09-29 08:27:27.916] [upf_n4 ] [info] TIME-OUT event timer id 5445
[2026-09-29 08:27:27.916] [upf_n4 ] [info] TIME-OUT event timer id 5446
[2026-09-29 08:27:27.916] [upf_n4 ] [info] PFCP HEARTBEAT PROCEDURE hash 169352876 starting
[2026-09-29 08:27:27.917] [upf_n4 ] [info] handle_receive(16 bytes)
[2026-09-29 08:27:27.917] [upf_n4 ] [info] Received SX HEARTBEAT RESPONSE
[2026-09-29 08:27:32.916] [upf_n4 ] [info] handle_receive(16 bytes)
[2026-09-29 08:27:32.916] [upf_n4 ] [info] Received SX HEARTBEAT REQUEST
[2026-09-29 08:27:32.916] [upf_n4 ] [info] TIME-OUT event timer id 5450
[2026-09-29 08:27:32.917] [upf_n4 ] [info] TIME-OUT event timer id 5451
[2026-09-29 08:27:32.917] [upf_n4 ] [info] PFCP HEARTBEAT PROCEDURE hash 169352876 starting
[2026-09-29 08:27:32.917] [upf_n4 ] [info] handle_receive(16 bytes)
[2026-09-29 08:27:32.917] [upf_n4 ] [info] Received SX HEARTBEAT RESPONSE
[2026-09-29 08:27:33.206] [upf_app] [info] TIME-OUT event timer id 5447
[2026-09-29 08:27:33.206] [upf_app] [debug] Send Heartbeat to NRF
[2026-09-29 08:27:33.206] [upf_app] [info] Send NF Update to NRF
[2026-09-29 08:27:33.206] [upf_app] [debug] Send NF Update to NRF (Msg body [{"op":"replace","path":"/nfStatus","value":"REGISTERED"}])
[2026-09-29 08:27:33.206] [upf_app] [debug] Send NF Update to NRF (NRF URL http://oai-nrf.oai-core.svc.cluster.local:80/nnrf-nfm/v1/nf-instances/23f448d9-fc64-4a49-98a4-5c7e36d915b6)
[2026-09-29 08:27:33.206] [upf_app] [debug] Send a simple HTTP request
[2026-09-29 08:27:33.208] [upf_app] [info] Got successful response from NRF
[2026-09-29 08:27:33.208] [upf_app] [debug] Set a timer to the next Heart-beat (10)
[2026-09-29 08:27:37.917] [upf_n4 ] [info] TIME-OUT event timer id 5455
[2026-09-29 08:27:37.917] [upf_n4 ] [info] TIME-OUT event timer id 5456
[2026-09-29 08:27:37.917] [upf_n4 ] [info] PFCP HEARTBEAT PROCEDURE hash 169352876 starting
[2026-09-29 08:27:37.917] [upf_n4 ] [info] handle_receive(16 bytes)
[2026-09-29 08:27:37.917] [upf_n4 ] [info] Received SX HEARTBEAT RESPONSE
[2026-09-29 08:27:42.917] [upf_n4 ] [info] handle_receive(16 bytes)
[2026-09-29 08:27:42.917] [upf_n4 ] [info] Received SX HEARTBEAT REQUEST
[2026-09-29 08:27:42.917] [upf_n4 ] [info] TIME-OUT event timer id 5460
[2026-09-29 08:27:42.917] [upf_n4 ] [info] TIME-OUT event timer id 5461
[2026-09-29 08:27:42.917] [upf_n4 ] [info] PFCP HEARTBEAT PROCEDURE hash 169352876 starting
[2026-09-29 08:27:42.917] [upf_n4 ] [info] handle_receive(16 bytes)
[2026-09-29 08:27:42.917] [upf_n4 ] [info] Received SX HEARTBEAT RESPONSE
[2026-09-29 08:27:43.208] [upf_app] [info] TIME-OUT event timer id 5457
[2026-09-29 08:27:43.208] [upf_app] [debug] Send Heartbeat to NRF
[2026-09-29 08:27:43.208] [upf_app] [info] Send NF Update to NRF
[2026-09-29 08:27:43.208] [upf_app] [debug] Send NF Update to NRF (Msg body [{"op":"replace","path":"/nfStatus","value":"REGISTERED"}])
[2026-09-29 08:27:43.208] [upf_app] [debug] Send NF Update to NRF (NRF URL http://oai-nrf.oai-core.svc.cluster.local:80/nnrf-nfm/v1/nf-instances/23f448d9-fc64-4a49-98a4-5c7e36d915b6)
[2026-09-29 08:27:43.208] [upf_app] [debug] Send a simple HTTP request
[2026-09-29 08:27:43.210] [upf_app] [info] Got successful response from NRF
[2026-09-29 08:27:43.210] [upf_app] [debug] Set a timer to the next Heart-beat (10)
[2026-09-29 08:27:47.917] [upf_n4 ] [info] TIME-OUT event timer id 5465
[2026-09-29 08:27:47.917] [upf_n4 ] [info] TIME-OUT event timer id 5466
[2026-09-29 08:27:47.917] [upf_n4 ] [info] PFCP HEARTBEAT PROCEDURE hash 169352876 starting
[2026-09-29 08:27:47.917] [upf_n4 ] [info] handle_receive(16 bytes)
[2026-09-29 08:27:47.917] [upf_n4 ] [info] Received SX HEARTBEAT RESPONSE
[2026-09-29 08:27:52.917] [upf_n4 ] [info] handle_receive(16 bytes)
[2026-09-29 08:27:52.917] [upf_n4 ] [info] Received SX HEARTBEAT REQUEST
[2026-09-29 08:27:52.917] [upf_n4 ] [info] TIME-OUT event timer id 5470
[2026-09-29 08:27:52.917] [upf_n4 ] [info] TIME-OUT event timer id 5471
[2026-09-29 08:27:52.917] [upf_n4 ] [info] PFCP HEARTBEAT PROCEDURE hash 169352876 starting
[2026-09-29 08:27:52.917] [upf_n4 ] [info] handle_receive(16 bytes)
[2026-09-29 08:27:52.917] [upf_n4 ] [info] Received SX HEARTBEAT RESPONSE
[2026-09-29 08:27:53.210] [upf_app] [info] TIME-OUT event timer id 5467
[2026-09-29 08:27:53.210] [upf_app] [debug] Send Heartbeat to NRF
[2026-09-29 08:27:53.210] [upf_app] [info] Send NF Update to NRF
[2026-09-29 08:27:53.210] [upf_app] [debug] Send NF Update to NRF (Msg body [{"op":"replace","path":"/nfStatus","value":"REGISTERED"}])
[2026-09-29 08:27:53.210] [upf_app] [debug] Send NF Update to NRF (NRF URL http://oai-nrf.oai-core.svc.cluster.local:80/nnrf-nfm/v1/nf-instances/23f448d9-fc64-4a49-98a4-5c7e36d915b6)
[2026-09-29 08:27:53.210] [upf_app] [debug] Send a simple HTTP request
[2026-09-29 08:27:53.213] [upf_app] [info] Got successful response from NRF
[2026-09-29 08:27:53.213] [upf_app] [debug] Set a timer to the next Heart-beat (10)
[2026-09-29 08:27:57.917] [upf_n4 ] [info] TIME-OUT event timer id 5475
[2026-09-29 08:27:57.917] [upf_n4 ] [info] TIME-OUT event timer id 5476
[2026-09-29 08:27:57.917] [upf_n4 ] [info] PFCP HEARTBEAT PROCEDURE hash 169352876 starting
[2026-09-29 08:27:57.917] [upf_n4 ] [info] handle_receive(16 bytes)
[2026-09-29 08:27:57.917] [upf_n4 ] [info] Received SX HEARTBEAT RESPONSE
[2026-09-29 08:28:01.978] [upf_app] [info] Queued PFCP Usage Report SEID=3 URR_ID=1 UR-SEQN=1 trigger=0x04 total_bytes=1556
[2026-09-29 08:28:01.978] [upf_app] [info] Queued PFCP Usage Report SEID=3 URR_ID=1 UR-SEQN=2 trigger=0x10 total_bytes=1556
[2026-09-29 08:28:01.980] [upf_n4 ] [info] handle_receive(21 bytes)
[2026-09-29 08:28:01.980] [upf_n4 ] [info] handle_receive(21 bytes)
[2026-09-29 08:28:01.980] [upf_app] [info] 
[2026-09-29 08:28:01.980] [upf_app] [info] ╔═════════════════════════════════════════════════════════════════════════════╗
[2026-09-29 08:28:01.980] [upf_app] [info] │             Received N4_SESSION_REPORT_RESPONSE seid 0x3               │
[2026-09-29 08:28:01.980] [upf_app] [info] ╚═════════════════════════════════════════════════════════════════════════════╝
[2026-09-29 08:28:01.980] [upf_app] [info] 
[2026-09-29 08:28:01.980] [upf_app] [info] ╔═════════════════════════════════════════════════════════════════════════════╗
[2026-09-29 08:28:01.980] [upf_app] [info] │             Received N4_SESSION_REPORT_RESPONSE seid 0x3               │
[2026-09-29 08:28:01.980] [upf_app] [info] ╚═════════════════════════════════════════════════════════════════════════════╝
[2026-09-29 08:28:02.917] [upf_n4 ] [info] handle_receive(16 bytes)
[2026-09-29 08:28:02.917] [upf_n4 ] [info] Received SX HEARTBEAT REQUEST
[2026-09-29 08:28:02.917] [upf_n4 ] [info] TIME-OUT event timer id 5480
[2026-09-29 08:28:02.917] [upf_n4 ] [info] TIME-OUT event timer id 5481
[2026-09-29 08:28:02.917] [upf_n4 ] [info] PFCP HEARTBEAT PROCEDURE hash 169352876 starting
[2026-09-29 08:28:02.918] [upf_n4 ] [info] handle_receive(16 bytes)
[2026-09-29 08:28:02.918] [upf_n4 ] [info] Received SX HEARTBEAT RESPONSE
[2026-09-29 08:28:03.213] [upf_app] [info] TIME-OUT event timer id 5477
[2026-09-29 08:28:03.213] [upf_app] [debug] Send Heartbeat to NRF
[2026-09-29 08:28:03.213] [upf_app] [info] Send NF Update to NRF
[2026-09-29 08:28:03.213] [upf_app] [debug] Send NF Update to NRF (Msg body [{"op":"replace","path":"/nfStatus","value":"REGISTERED"}])
[2026-09-29 08:28:03.213] [upf_app] [debug] Send NF Update to NRF (NRF URL http://oai-nrf.oai-core.svc.cluster.local:80/nnrf-nfm/v1/nf-instances/23f448d9-fc64-4a49-98a4-5c7e36d915b6)
[2026-09-29 08:28:03.213] [upf_app] [debug] Send a simple HTTP request
[2026-09-29 08:28:03.216] [upf_app] [info] Got successful response from NRF
[2026-09-29 08:28:03.216] [upf_app] [debug] Set a timer to the next Heart-beat (10)
[2026-09-29 08:28:06.979] [upf_n4 ] [info] TIME-OUT event timer id 5483
[2026-09-29 08:28:06.979] [upf_n4 ] [info] TIME-OUT event timer id 5485
[2026-09-29 08:28:07.918] [upf_n4 ] [info] TIME-OUT event timer id 5489
[2026-09-29 08:28:07.918] [upf_n4 ] [info] TIME-OUT event timer id 5490
[2026-09-29 08:28:07.918] [upf_n4 ] [info] PFCP HEARTBEAT PROCEDURE hash 169352876 starting
[2026-09-29 08:28:07.918] [upf_n4 ] [info] handle_receive(16 bytes)
[2026-09-29 08:28:07.918] [upf_n4 ] [info] Received SX HEARTBEAT RESPONSE
[2026-09-29 08:28:11.993] [upf_app] [info] Queued PFCP Usage Report SEID=3 URR_ID=1 UR-SEQN=3 trigger=0x10 total_bytes=681528
[2026-09-29 08:28:11.993] [upf_n4 ] [info] handle_receive(21 bytes)
[2026-09-29 08:28:11.993] [upf_app] [info] 
[2026-09-29 08:28:11.993] [upf_app] [info] ╔═════════════════════════════════════════════════════════════════════════════╗
[2026-09-29 08:28:11.993] [upf_app] [info] │             Received N4_SESSION_REPORT_RESPONSE seid 0x3               │
[2026-09-29 08:28:11.993] [upf_app] [info] ╚═════════════════════════════════════════════════════════════════════════════╝
[2026-09-29 08:28:12.918] [upf_n4 ] [info] handle_receive(16 bytes)
[2026-09-29 08:28:12.918] [upf_n4 ] [info] Received SX HEARTBEAT REQUEST
[2026-09-29 08:28:12.918] [upf_n4 ] [info] TIME-OUT event timer id 5494
[2026-09-29 08:28:12.918] [upf_n4 ] [info] TIME-OUT event timer id 5495
[2026-09-29 08:28:12.918] [upf_n4 ] [info] PFCP HEARTBEAT PROCEDURE hash 169352876 starting
[2026-09-29 08:28:12.918] [upf_n4 ] [info] handle_receive(16 bytes)
[2026-09-29 08:28:12.918] [upf_n4 ] [info] Received SX HEARTBEAT RESPONSE
[2026-09-29 08:28:13.216] [upf_app] [info] TIME-OUT event timer id 5491
[2026-09-29 08:28:13.216] [upf_app] [debug] Send Heartbeat to NRF
[2026-09-29 08:28:13.216] [upf_app] [info] Send NF Update to NRF
[2026-09-29 08:28:13.216] [upf_app] [debug] Send NF Update to NRF (Msg body [{"op":"replace","path":"/nfStatus","value":"REGISTERED"}])
[2026-09-29 08:28:13.216] [upf_app] [debug] Send NF Update to NRF (NRF URL http://oai-nrf.oai-core.svc.cluster.local:80/nnrf-nfm/v1/nf-instances/23f448d9-fc64-4a49-98a4-5c7e36d915b6)
[2026-09-29 08:28:13.216] [upf_app] [debug] Send a simple HTTP request
[2026-09-29 08:28:13.218] [upf_app] [info] Got successful response from NRF
[2026-09-29 08:28:13.218] [upf_app] [debug] Set a timer to the next Heart-beat (10)
[2026-09-29 08:28:16.993] [upf_n4 ] [info] TIME-OUT event timer id 5497
[2026-09-29 08:28:17.918] [upf_n4 ] [info] TIME-OUT event timer id 5501
[2026-09-29 08:28:17.918] [upf_n4 ] [info] TIME-OUT event timer id 5502
[2026-09-29 08:28:17.918] [upf_n4 ] [info] PFCP HEARTBEAT PROCEDURE hash 169352876 starting
[2026-09-29 08:28:17.918] [upf_n4 ] [info] handle_receive(16 bytes)
[2026-09-29 08:28:17.918] [upf_n4 ] [info] Received SX HEARTBEAT RESPONSE
[2026-09-29 08:28:22.918] [upf_n4 ] [info] handle_receive(16 bytes)
[2026-09-29 08:28:22.918] [upf_n4 ] [info] Received SX HEARTBEAT REQUEST
[2026-09-29 08:28:22.918] [upf_n4 ] [info] TIME-OUT event timer id 5506
[2026-09-29 08:28:22.918] [upf_n4 ] [info] TIME-OUT event timer id 5507
[2026-09-29 08:28:22.918] [upf_n4 ] [info] PFCP HEARTBEAT PROCEDURE hash 169352876 starting
[2026-09-29 08:28:22.918] [upf_n4 ] [info] handle_receive(16 bytes)
[2026-09-29 08:28:22.918] [upf_n4 ] [info] Received SX HEARTBEAT RESPONSE
[2026-09-29 08:28:23.218] [upf_app] [info] TIME-OUT event timer id 5503
[2026-09-29 08:28:23.218] [upf_app] [debug] Send Heartbeat to NRF
[2026-09-29 08:28:23.218] [upf_app] [info] Send NF Update to NRF
[2026-09-29 08:28:23.218] [upf_app] [debug] Send NF Update to NRF (Msg body [{"op":"replace","path":"/nfStatus","value":"REGISTERED"}])
[2026-09-29 08:28:23.218] [upf_app] [debug] Send NF Update to NRF (NRF URL http://oai-nrf.oai-core.svc.cluster.local:80/nnrf-nfm/v1/nf-instances/23f448d9-fc64-4a49-98a4-5c7e36d915b6)
[2026-09-29 08:28:23.218] [upf_app] [debug] Send a simple HTTP request
[2026-09-29 08:28:23.222] [upf_app] [info] Got successful response from NRF
[2026-09-29 08:28:23.222] [upf_app] [debug] Set a timer to the next Heart-beat (10)
[2026-09-29 08:28:27.918] [upf_n4 ] [info] TIME-OUT event timer id 5511
[2026-09-29 08:28:27.918] [upf_n4 ] [info] TIME-OUT event timer id 5512
[2026-09-29 08:28:27.918] [upf_n4 ] [info] PFCP HEARTBEAT PROCEDURE hash 169352876 starting
[2026-09-29 08:28:27.919] [upf_n4 ] [info] handle_receive(16 bytes)
[2026-09-29 08:28:27.919] [upf_n4 ] [info] Received SX HEARTBEAT RESPONSE
[2026-09-29 08:28:32.918] [upf_n4 ] [info] handle_receive(16 bytes)
[2026-09-29 08:28:32.918] [upf_n4 ] [info] Received SX HEARTBEAT REQUEST
[2026-09-29 08:28:32.919] [upf_n4 ] [info] TIME-OUT event timer id 5516
[2026-09-29 08:28:32.919] [upf_n4 ] [info] TIME-OUT event timer id 5517
[2026-09-29 08:28:32.919] [upf_n4 ] [info] PFCP HEARTBEAT PROCEDURE hash 169352876 starting
[2026-09-29 08:28:32.919] [upf_n4 ] [info] handle_receive(16 bytes)
[2026-09-29 08:28:32.919] [upf_n4 ] [info] Received SX HEARTBEAT RESPONSE
[2026-09-29 08:28:33.222] [upf_app] [info] TIME-OUT event timer id 5513
[2026-09-29 08:28:33.222] [upf_app] [debug] Send Heartbeat to NRF
[2026-09-29 08:28:33.222] [upf_app] [info] Send NF Update to NRF
[2026-09-29 08:28:33.222] [upf_app] [debug] Send NF Update to NRF (Msg body [{"op":"replace","path":"/nfStatus","value":"REGISTERED"}])
[2026-09-29 08:28:33.222] [upf_app] [debug] Send NF Update to NRF (NRF URL http://oai-nrf.oai-core.svc.cluster.local:80/nnrf-nfm/v1/nf-instances/23f448d9-fc64-4a49-98a4-5c7e36d915b6)
[2026-09-29 08:28:33.222] [upf_app] [debug] Send a simple HTTP request
[2026-09-29 08:28:33.225] [upf_app] [info] Got successful response from NRF
[2026-09-29 08:28:33.225] [upf_app] [debug] Set a timer to the next Heart-beat (10)
[2026-09-29 08:28:37.919] [upf_n4 ] [info] TIME-OUT event timer id 5521
[2026-09-29 08:28:37.919] [upf_n4 ] [info] TIME-OUT event timer id 5522
[2026-09-29 08:28:37.919] [upf_n4 ] [info] PFCP HEARTBEAT PROCEDURE hash 169352876 starting
[2026-09-29 08:28:37.919] [upf_n4 ] [info] handle_receive(16 bytes)
[2026-09-29 08:28:37.919] [upf_n4 ] [info] Received SX HEARTBEAT RESPONSE
[2026-09-29 08:28:42.919] [upf_n4 ] [info] handle_receive(16 bytes)
[2026-09-29 08:28:42.919] [upf_n4 ] [info] Received SX HEARTBEAT REQUEST
[2026-09-29 08:28:42.919] [upf_n4 ] [info] TIME-OUT event timer id 5526
[2026-09-29 08:28:42.919] [upf_n4 ] [info] TIME-OUT event timer id 5527
[2026-09-29 08:28:42.919] [upf_n4 ] [info] PFCP HEARTBEAT PROCEDURE hash 169352876 starting
[2026-09-29 08:28:42.919] [upf_n4 ] [info] handle_receive(16 bytes)
[2026-09-29 08:28:42.919] [upf_n4 ] [info] Received SX HEARTBEAT RESPONSE
[2026-09-29 08:28:43.225] [upf_app] [info] TIME-OUT event timer id 5523
[2026-09-29 08:28:43.225] [upf_app] [debug] Send Heartbeat to NRF
[2026-09-29 08:28:43.226] [upf_app] [info] Send NF Update to NRF
[2026-09-29 08:28:43.226] [upf_app] [debug] Send NF Update to NRF (Msg body [{"op":"replace","path":"/nfStatus","value":"REGISTERED"}])
[2026-09-29 08:28:43.226] [upf_app] [debug] Send NF Update to NRF (NRF URL http://oai-nrf.oai-core.svc.cluster.local:80/nnrf-nfm/v1/nf-instances/23f448d9-fc64-4a49-98a4-5c7e36d915b6)
[2026-09-29 08:28:43.226] [upf_app] [debug] Send a simple HTTP request
[2026-09-29 08:28:43.228] [upf_app] [info] Got successful response from NRF
[2026-09-29 08:28:43.228] [upf_app] [debug] Set a timer to the next Heart-beat (10)
[2026-09-29 08:28:47.926] [upf_n4 ] [info] TIME-OUT event timer id 5531
[2026-09-29 08:28:47.926] [upf_n4 ] [info] TIME-OUT event timer id 5532
[2026-09-29 08:28:47.926] [upf_n4 ] [info] PFCP HEARTBEAT PROCEDURE hash 169352876 starting
[2026-09-29 08:28:47.926] [upf_n4 ] [info] handle_receive(16 bytes)
[2026-09-29 08:28:47.926] [upf_n4 ] [info] Received SX HEARTBEAT RESPONSE
[2026-09-29 08:28:52.919] [upf_n4 ] [info] handle_receive(16 bytes)
[2026-09-29 08:28:52.919] [upf_n4 ] [info] Received SX HEARTBEAT REQUEST
[2026-09-29 08:28:52.926] [upf_n4 ] [info] TIME-OUT event timer id 5536
[2026-09-29 08:28:52.926] [upf_n4 ] [info] TIME-OUT event timer id 5537
[2026-09-29 08:28:52.926] [upf_n4 ] [info] PFCP HEARTBEAT PROCEDURE hash 169352876 starting
[2026-09-29 08:28:52.927] [upf_n4 ] [info] handle_receive(16 bytes)
[2026-09-29 08:28:52.927] [upf_n4 ] [info] Received SX HEARTBEAT RESPONSE
[2026-09-29 08:28:53.228] [upf_app] [info] TIME-OUT event timer id 5533
[2026-09-29 08:28:53.228] [upf_app] [debug] Send Heartbeat to NRF
[2026-09-29 08:28:53.228] [upf_app] [info] Send NF Update to NRF
[2026-09-29 08:28:53.228] [upf_app] [debug] Send NF Update to NRF (Msg body [{"op":"replace","path":"/nfStatus","value":"REGISTERED"}])
[2026-09-29 08:28:53.228] [upf_app] [debug] Send NF Update to NRF (NRF URL http://oai-nrf.oai-core.svc.cluster.local:80/nnrf-nfm/v1/nf-instances/23f448d9-fc64-4a49-98a4-5c7e36d915b6)
[2026-09-29 08:28:53.228] [upf_app] [debug] Send a simple HTTP request
[2026-09-29 08:28:53.230] [upf_app] [info] Got successful response from NRF
[2026-09-29 08:28:53.231] [upf_app] [debug] Set a timer to the next Heart-beat (10)
[2026-09-29 08:28:57.927] [upf_n4 ] [info] TIME-OUT event timer id 5541
[2026-09-29 08:28:57.927] [upf_n4 ] [info] TIME-OUT event timer id 5542
[2026-09-29 08:28:57.927] [upf_n4 ] [info] PFCP HEARTBEAT PROCEDURE hash 169352876 starting
[2026-09-29 08:28:57.927] [upf_n4 ] [info] handle_receive(16 bytes)
[2026-09-29 08:28:57.927] [upf_n4 ] [info] Received SX HEARTBEAT RESPONSE
[2026-09-29 08:29:02.919] [upf_n4 ] [info] handle_receive(16 bytes)
[2026-09-29 08:29:02.919] [upf_n4 ] [info] Received SX HEARTBEAT REQUEST
[2026-09-29 08:29:02.927] [upf_n4 ] [info] TIME-OUT event timer id 5546
[2026-09-29 08:29:02.927] [upf_n4 ] [info] TIME-OUT event timer id 5547
[2026-09-29 08:29:02.927] [upf_n4 ] [info] PFCP HEARTBEAT PROCEDURE hash 169352876 starting
[2026-09-29 08:29:02.927] [upf_n4 ] [info] handle_receive(16 bytes)
[2026-09-29 08:29:02.927] [upf_n4 ] [info] Received SX HEARTBEAT RESPONSE
[2026-09-29 08:29:03.231] [upf_app] [info] TIME-OUT event timer id 5543
[2026-09-29 08:29:03.231] [upf_app] [debug] Send Heartbeat to NRF
[2026-09-29 08:29:03.231] [upf_app] [info] Send NF Update to NRF
[2026-09-29 08:29:03.231] [upf_app] [debug] Send NF Update to NRF (Msg body [{"op":"replace","path":"/nfStatus","value":"REGISTERED"}])
[2026-09-29 08:29:03.231] [upf_app] [debug] Send NF Update to NRF (NRF URL http://oai-nrf.oai-core.svc.cluster.local:80/nnrf-nfm/v1/nf-instances/23f448d9-fc64-4a49-98a4-5c7e36d915b6)
[2026-09-29 08:29:03.231] [upf_app] [debug] Send a simple HTTP request
[2026-09-29 08:29:03.233] [upf_app] [info] Got successful response from NRF
[2026-09-29 08:29:03.233] [upf_app] [debug] Set a timer to the next Heart-beat (10)
[2026-09-29 08:29:07.927] [upf_n4 ] [info] TIME-OUT event timer id 5551
[2026-09-29 08:29:07.927] [upf_n4 ] [info] TIME-OUT event timer id 5552
[2026-09-29 08:29:07.927] [upf_n4 ] [info] PFCP HEARTBEAT PROCEDURE hash 169352876 starting
[2026-09-29 08:29:07.927] [upf_n4 ] [info] handle_receive(16 bytes)
[2026-09-29 08:29:07.927] [upf_n4 ] [info] Received SX HEARTBEAT RESPONSE
[2026-09-29 08:29:12.920] [upf_n4 ] [info] handle_receive(16 bytes)
[2026-09-29 08:29:12.920] [upf_n4 ] [info] Received SX HEARTBEAT REQUEST
[2026-09-29 08:29:12.927] [upf_n4 ] [info] TIME-OUT event timer id 5556
[2026-09-29 08:29:12.927] [upf_n4 ] [info] TIME-OUT event timer id 5557
[2026-09-29 08:29:12.927] [upf_n4 ] [info] PFCP HEARTBEAT PROCEDURE hash 169352876 starting
[2026-09-29 08:29:12.927] [upf_n4 ] [info] handle_receive(16 bytes)
[2026-09-29 08:29:12.927] [upf_n4 ] [info] Received SX HEARTBEAT RESPONSE
[2026-09-29 08:29:13.233] [upf_app] [info] TIME-OUT event timer id 5553
[2026-09-29 08:29:13.233] [upf_app] [debug] Send Heartbeat to NRF
[2026-09-29 08:29:13.233] [upf_app] [info] Send NF Update to NRF
[2026-09-29 08:29:13.233] [upf_app] [debug] Send NF Update to NRF (Msg body [{"op":"replace","path":"/nfStatus","value":"REGISTERED"}])
[2026-09-29 08:29:13.233] [upf_app] [debug] Send NF Update to NRF (NRF URL http://oai-nrf.oai-core.svc.cluster.local:80/nnrf-nfm/v1/nf-instances/23f448d9-fc64-4a49-98a4-5c7e36d915b6)
[2026-09-29 08:29:13.233] [upf_app] [debug] Send a simple HTTP request
[2026-09-29 08:29:13.235] [upf_app] [info] Got successful response from NRF
[2026-09-29 08:29:13.235] [upf_app] [debug] Set a timer to the next Heart-beat (10)
[2026-09-29 08:29:17.927] [upf_n4 ] [info] TIME-OUT event timer id 5561
[2026-09-29 08:29:17.927] [upf_n4 ] [info] TIME-OUT event timer id 5562
[2026-09-29 08:29:17.927] [upf_n4 ] [info] PFCP HEARTBEAT PROCEDURE hash 169352876 starting
[2026-09-29 08:29:17.928] [upf_n4 ] [info] handle_receive(16 bytes)
[2026-09-29 08:29:17.928] [upf_n4 ] [info] Received SX HEARTBEAT RESPONSE
[2026-09-29 08:29:22.920] [upf_n4 ] [info] handle_receive(16 bytes)
[2026-09-29 08:29:22.920] [upf_n4 ] [info] Received SX HEARTBEAT REQUEST
[2026-09-29 08:29:22.928] [upf_n4 ] [info] TIME-OUT event timer id 5566
[2026-09-29 08:29:22.928] [upf_n4 ] [info] TIME-OUT event timer id 5567
[2026-09-29 08:29:22.928] [upf_n4 ] [info] PFCP HEARTBEAT PROCEDURE hash 169352876 starting
[2026-09-29 08:29:22.928] [upf_n4 ] [info] handle_receive(16 bytes)
[2026-09-29 08:29:22.928] [upf_n4 ] [info] Received SX HEARTBEAT RESPONSE
[2026-09-29 08:29:23.235] [upf_app] [info] TIME-OUT event timer id 5563
[2026-09-29 08:29:23.235] [upf_app] [debug] Send Heartbeat to NRF
[2026-09-29 08:29:23.235] [upf_app] [info] Send NF Update to NRF
[2026-09-29 08:29:23.235] [upf_app] [debug] Send NF Update to NRF (Msg body [{"op":"replace","path":"/nfStatus","value":"REGISTERED"}])
[2026-09-29 08:29:23.235] [upf_app] [debug] Send NF Update to NRF (NRF URL http://oai-nrf.oai-core.svc.cluster.local:80/nnrf-nfm/v1/nf-instances/23f448d9-fc64-4a49-98a4-5c7e36d915b6)
[2026-09-29 08:29:23.235] [upf_app] [debug] Send a simple HTTP request
[2026-09-29 08:29:23.237] [upf_app] [info] Got successful response from NRF
[2026-09-29 08:29:23.237] [upf_app] [debug] Set a timer to the next Heart-beat (10)
[2026-09-29 08:29:27.928] [upf_n4 ] [info] TIME-OUT event timer id 5571
[2026-09-29 08:29:27.928] [upf_n4 ] [info] TIME-OUT event timer id 5572
[2026-09-29 08:29:27.928] [upf_n4 ] [info] PFCP HEARTBEAT PROCEDURE hash 169352876 starting
[2026-09-29 08:29:27.928] [upf_n4 ] [info] handle_receive(16 bytes)
[2026-09-29 08:29:27.928] [upf_n4 ] [info] Received SX HEARTBEAT RESPONSE
[2026-09-29 08:29:32.920] [upf_n4 ] [info] handle_receive(16 bytes)
[2026-09-29 08:29:32.920] [upf_n4 ] [info] Received SX HEARTBEAT REQUEST
[2026-09-29 08:29:32.928] [upf_n4 ] [info] TIME-OUT event timer id 5576
[2026-09-29 08:29:32.929] [upf_n4 ] [info] TIME-OUT event timer id 5577
[2026-09-29 08:29:32.929] [upf_n4 ] [info] PFCP HEARTBEAT PROCEDURE hash 169352876 starting
[2026-09-29 08:29:32.929] [upf_n4 ] [info] handle_receive(16 bytes)
[2026-09-29 08:29:32.929] [upf_n4 ] [info] Received SX HEARTBEAT RESPONSE
[2026-09-29 08:29:33.237] [upf_app] [info] TIME-OUT event timer id 5573
[2026-09-29 08:29:33.237] [upf_app] [debug] Send Heartbeat to NRF
[2026-09-29 08:29:33.238] [upf_app] [info] Send NF Update to NRF
[2026-09-29 08:29:33.238] [upf_app] [debug] Send NF Update to NRF (Msg body [{"op":"replace","path":"/nfStatus","value":"REGISTERED"}])
[2026-09-29 08:29:33.238] [upf_app] [debug] Send NF Update to NRF (NRF URL http://oai-nrf.oai-core.svc.cluster.local:80/nnrf-nfm/v1/nf-instances/23f448d9-fc64-4a49-98a4-5c7e36d915b6)
[2026-09-29 08:29:33.238] [upf_app] [debug] Send a simple HTTP request
[2026-09-29 08:29:33.241] [upf_app] [info] Got successful response from NRF
[2026-09-29 08:29:33.241] [upf_app] [debug] Set a timer to the next Heart-beat (10)
[2026-09-29 08:29:37.929] [upf_n4 ] [info] TIME-OUT event timer id 5581
[2026-09-29 08:29:37.929] [upf_n4 ] [info] TIME-OUT event timer id 5582
[2026-09-29 08:29:37.929] [upf_n4 ] [info] PFCP HEARTBEAT PROCEDURE hash 169352876 starting
[2026-09-29 08:29:37.929] [upf_n4 ] [info] handle_receive(16 bytes)
[2026-09-29 08:29:37.929] [upf_n4 ] [info] Received SX HEARTBEAT RESPONSE
[2026-09-29 08:29:42.920] [upf_n4 ] [info] handle_receive(16 bytes)
[2026-09-29 08:29:42.921] [upf_n4 ] [info] Received SX HEARTBEAT REQUEST
[2026-09-29 08:29:42.929] [upf_n4 ] [info] TIME-OUT event timer id 5586
[2026-09-29 08:29:42.929] [upf_n4 ] [info] TIME-OUT event timer id 5587
[2026-09-29 08:29:42.929] [upf_n4 ] [info] PFCP HEARTBEAT PROCEDURE hash 169352876 starting
[2026-09-29 08:29:42.929] [upf_n4 ] [info] handle_receive(16 bytes)
[2026-09-29 08:29:42.929] [upf_n4 ] [info] Received SX HEARTBEAT RESPONSE
[2026-09-29 08:29:43.241] [upf_app] [info] TIME-OUT event timer id 5583
[2026-09-29 08:29:43.241] [upf_app] [debug] Send Heartbeat to NRF
[2026-09-29 08:29:43.241] [upf_app] [info] Send NF Update to NRF
[2026-09-29 08:29:43.241] [upf_app] [debug] Send NF Update to NRF (Msg body [{"op":"replace","path":"/nfStatus","value":"REGISTERED"}])
[2026-09-29 08:29:43.241] [upf_app] [debug] Send NF Update to NRF (NRF URL http://oai-nrf.oai-core.svc.cluster.local:80/nnrf-nfm/v1/nf-instances/23f448d9-fc64-4a49-98a4-5c7e36d915b6)
[2026-09-29 08:29:43.241] [upf_app] [debug] Send a simple HTTP request
[2026-09-29 08:29:43.244] [upf_app] [info] Got successful response from NRF
[2026-09-29 08:29:43.244] [upf_app] [debug] Set a timer to the next Heart-beat (10)
[2026-09-29 08:29:47.929] [upf_n4 ] [info] TIME-OUT event timer id 5591
[2026-09-29 08:29:47.929] [upf_n4 ] [info] TIME-OUT event timer id 5592
[2026-09-29 08:29:47.929] [upf_n4 ] [info] PFCP HEARTBEAT PROCEDURE hash 169352876 starting
[2026-09-29 08:29:47.929] [upf_n4 ] [info] handle_receive(16 bytes)
[2026-09-29 08:29:47.929] [upf_n4 ] [info] Received SX HEARTBEAT RESPONSE
[2026-09-29 08:29:52.921] [upf_n4 ] [info] handle_receive(16 bytes)
[2026-09-29 08:29:52.921] [upf_n4 ] [info] Received SX HEARTBEAT REQUEST
[2026-09-29 08:29:52.929] [upf_n4 ] [info] TIME-OUT event timer id 5596
[2026-09-29 08:29:52.929] [upf_n4 ] [info] TIME-OUT event timer id 5597
[2026-09-29 08:29:52.929] [upf_n4 ] [info] PFCP HEARTBEAT PROCEDURE hash 169352876 starting
[2026-09-29 08:29:52.929] [upf_n4 ] [info] handle_receive(16 bytes)
[2026-09-29 08:29:52.929] [upf_n4 ] [info] Received SX HEARTBEAT RESPONSE
[2026-09-29 08:29:53.244] [upf_app] [info] TIME-OUT event timer id 5593
[2026-09-29 08:29:53.244] [upf_app] [debug] Send Heartbeat to NRF
[2026-09-29 08:29:53.244] [upf_app] [info] Send NF Update to NRF
[2026-09-29 08:29:53.244] [upf_app] [debug] Send NF Update to NRF (Msg body [{"op":"replace","path":"/nfStatus","value":"REGISTERED"}])
[2026-09-29 08:29:53.244] [upf_app] [debug] Send NF Update to NRF (NRF URL http://oai-nrf.oai-core.svc.cluster.local:80/nnrf-nfm/v1/nf-instances/23f448d9-fc64-4a49-98a4-5c7e36d915b6)
[2026-09-29 08:29:53.244] [upf_app] [debug] Send a simple HTTP request
[2026-09-29 08:29:53.246] [upf_app] [info] Got successful response from NRF
[2026-09-29 08:29:53.246] [upf_app] [debug] Set a timer to the next Heart-beat (10)
[2026-09-29 08:29:57.929] [upf_n4 ] [info] TIME-OUT event timer id 5601
[2026-09-29 08:29:57.929] [upf_n4 ] [info] TIME-OUT event timer id 5602
[2026-09-29 08:29:57.929] [upf_n4 ] [info] PFCP HEARTBEAT PROCEDURE hash 169352876 starting
[2026-09-29 08:29:57.930] [upf_n4 ] [info] handle_receive(16 bytes)
[2026-09-29 08:29:57.930] [upf_n4 ] [info] Received SX HEARTBEAT RESPONSE
[2026-09-29 08:30:02.921] [upf_n4 ] [info] handle_receive(16 bytes)
[2026-09-29 08:30:02.921] [upf_n4 ] [info] Received SX HEARTBEAT REQUEST
[2026-09-29 08:30:02.930] [upf_n4 ] [info] TIME-OUT event timer id 5606
[2026-09-29 08:30:02.930] [upf_n4 ] [info] TIME-OUT event timer id 5607
[2026-09-29 08:30:02.930] [upf_n4 ] [info] PFCP HEARTBEAT PROCEDURE hash 169352876 starting
[2026-09-29 08:30:02.930] [upf_n4 ] [info] handle_receive(16 bytes)
[2026-09-29 08:30:02.930] [upf_n4 ] [info] Received SX HEARTBEAT RESPONSE
[2026-09-29 08:30:03.246] [upf_app] [info] TIME-OUT event timer id 5603
[2026-09-29 08:30:03.246] [upf_app] [debug] Send Heartbeat to NRF
[2026-09-29 08:30:03.246] [upf_app] [info] Send NF Update to NRF
[2026-09-29 08:30:03.246] [upf_app] [debug] Send NF Update to NRF (Msg body [{"op":"replace","path":"/nfStatus","value":"REGISTERED"}])
[2026-09-29 08:30:03.246] [upf_app] [debug] Send NF Update to NRF (NRF URL http://oai-nrf.oai-core.svc.cluster.local:80/nnrf-nfm/v1/nf-instances/23f448d9-fc64-4a49-98a4-5c7e36d915b6)
[2026-09-29 08:30:03.246] [upf_app] [debug] Send a simple HTTP request
[2026-09-29 08:30:03.248] [upf_app] [info] Got successful response from NRF
[2026-09-29 08:30:03.248] [upf_app] [debug] Set a timer to the next Heart-beat (10)
[2026-09-29 08:30:07.930] [upf_n4 ] [info] TIME-OUT event timer id 5611
[2026-09-29 08:30:07.930] [upf_n4 ] [info] TIME-OUT event timer id 5612
[2026-09-29 08:30:07.930] [upf_n4 ] [info] PFCP HEARTBEAT PROCEDURE hash 169352876 starting
[2026-09-29 08:30:07.930] [upf_n4 ] [info] handle_receive(16 bytes)
[2026-09-29 08:30:07.930] [upf_n4 ] [info] Received SX HEARTBEAT RESPONSE
[2026-09-29 08:30:09.598] [upf_n4 ] [info] handle_receive(60 bytes)
[2026-09-29 08:30:09.598] [upf_app] [info] 
[2026-09-29 08:30:09.598] [upf_app] [info] ╔═════════════════════════════════════════════════════════════════════════════╗
[2026-09-29 08:30:09.598] [upf_app] [info] │             Received N4_SESSION_MODIFICATION_REQUEST seid 0x3               │
[2026-09-29 08:30:09.598] [upf_app] [info] ╚═════════════════════════════════════════════════════════════════════════════╝
[2026-09-29 08:30:09.598] [upf_app] [info] Modify datapath: remove(pdr)
[2026-09-29 08:30:09.598] [upf_app] [debug] ModifySession() seid 0x3
[2026-09-29 08:30:09.598] [upf_app] [info] [eBPF] Modify Pipeline - Updating pipeline for session 0x3
[2026-09-29 08:30:09.598] [upf_app] [debug] Rules enabled SEID=0x3: 0x2 [QER=off URR=ON BAR=off MAR=off]
[2026-09-29 08:30:09.598] [upf_app] [debug] Setup URRProgram for SEID=0x3
[2026-09-29 08:30:09.598] [upf_app] [debug] URRProgram: config map updated SEID=3 URR_ID=1 triggers=0x15
[2026-09-29 08:30:09.598] [upf_app] [debug] No QER associated with PDR 1
[2026-09-29 08:30:09.598] [upf_app] [info] [eBPF] Modify Pipeline - Pipeline modified for session 0x3 with 1 PDRs (1 uplink TEIDs, 0 downlink TEIDs)
[2026-09-29 08:30:09.598] [upf_app] [info] Removed PDR 2 from session 0x3
[2026-09-29 08:30:09.598] [upf_app] [info] [eBPF] Modify Pipeline - Updating pipeline for session 0x3
[2026-09-29 08:30:09.598] [upf_app] [warning] Missing UE IP for IP PDU session 0x3 — session mapping may be incomplete
[2026-09-29 08:30:09.598] [upf_app] [debug] Rules enabled SEID=0x3: 0x0 [QER=off URR=off BAR=off MAR=off]
[2026-09-29 08:30:09.598] [upf_app] [warning] Session 0x3 has no TEIDs - PDU session mapping not updated
[2026-09-29 08:30:09.598] [upf_app] [info] [eBPF] Modify Pipeline - Pipeline modified for session 0x3 with 0 PDRs (0 uplink TEIDs, 0 downlink TEIDs)
[2026-09-29 08:30:09.598] [upf_app] [info] Removed PDR 1 from session 0x3
[2026-09-29 08:30:09.598] [upf_app] [info] [eBPF] Modify Pipeline - Updating pipeline for session 0x3
[2026-09-29 08:30:09.598] [upf_app] [warning] Missing UE IP for IP PDU session 0x3 — session mapping may be incomplete
[2026-09-29 08:30:09.598] [upf_app] [debug] Rules enabled SEID=0x3: 0x0 [QER=off URR=off BAR=off MAR=off]
[2026-09-29 08:30:09.598] [upf_app] [warning] Session 0x3 has no TEIDs - PDU session mapping not updated
[2026-09-29 08:30:09.598] [upf_app] [info] [eBPF] Modify Pipeline - Pipeline modified for session 0x3 with 0 PDRs (0 uplink TEIDs, 0 downlink TEIDs)
[2026-09-29 08:30:09.598] [upf_app] [info] Removed FAR 1 from session 0x3
[2026-09-29 08:30:09.598] [upf_app] [info] [eBPF] Modify Pipeline - Updating pipeline for session 0x3
[2026-09-29 08:30:09.598] [upf_app] [warning] Missing UE IP for IP PDU session 0x3 — session mapping may be incomplete
[2026-09-29 08:30:09.598] [upf_app] [warning] Missing gNB IP for session 0x3 — N3 ARP will not be updated
[2026-09-29 08:30:09.598] [upf_app] [debug] Rules enabled SEID=0x3: 0x0 [QER=off URR=off BAR=off MAR=off]
[2026-09-29 08:30:09.598] [upf_app] [warning] Session 0x3 has no TEIDs - PDU session mapping not updated
[2026-09-29 08:30:09.598] [upf_app] [info] [eBPF] Modify Pipeline - Pipeline modified for session 0x3 with 0 PDRs (0 uplink TEIDs, 0 downlink TEIDs)
[2026-09-29 08:30:09.598] [upf_app] [info] Removed FAR 2 from session 0x3
[2026-09-29 08:30:09.598] [upf_app] [info] [N4] Session Modification: seid 0x3
[2026-09-29 08:30:09.598] [upf_app] [info]   └─ Removed: 2 PDR, 2 FAR, 0 QER, 0 URR, 0 BAR, 0 MAR
[2026-09-29 08:30:09.598] [upf_app] [debug] [N4] Session Modification: seid 0x3 - Applying pipeline updates
[2026-09-29 08:30:09.598] [upf_app] [debug] [N4] Update Session: seid 0x3 - Modifying eBPF data-path pipeline
[2026-09-29 08:30:09.598] [upf_app] [debug]   → Updated Uplink PDRs (1 rules):
[2026-09-29 08:30:09.598] [upf_app] [debug]     • PDR 1: F-TEID 0x3
[2026-09-29 08:30:09.598] [upf_app] [debug]   → Updated Downlink PDRs (1 rules):
[2026-09-29 08:30:09.598] [upf_app] [debug]     • PDR 2 → FAR 2: TEID 0x960612a2
[2026-09-29 08:30:09.598] [upf_app] [info] [eBPF] Modify Pipeline - Updating pipeline for session 0x3
[2026-09-29 08:30:09.598] [upf_app] [debug] Rules enabled SEID=0x3: 0x2 [QER=off URR=ON BAR=off MAR=off]
[2026-09-29 08:30:09.598] [upf_app] [debug] Setup URRProgram for SEID=0x3
[2026-09-29 08:30:09.598] [upf_app] [debug] URRProgram: config map updated SEID=3 URR_ID=1 triggers=0x15
[2026-09-29 08:30:09.598] [upf_app] [debug] No QER associated with PDR 1
[2026-09-29 08:30:09.598] [upf_app] [debug] No QER associated with PDR 2
[2026-09-29 08:30:09.598] [upf_app] [info] [eBPF] Modify Pipeline - Pipeline modified for session 0x3 with 2 PDRs (1 uplink TEIDs, 1 downlink TEIDs)
[2026-09-29 08:30:09.598] [upf_app] [info] [N4] Update Session: seid 0x3 - eBPF data-path pipeline updated successfully
[2026-09-29 08:30:09.598] [upf_app] [info] [N4] Session Modification: seid 0x3 - Completed successfully [Status: Session updated]
[2026-09-29 08:30:09.598] [upf_n4 ] [info] pfcp_session::remove(pdr) seid 0x3 PDR=2
[2026-09-29 08:30:09.598] [upf_n4 ] [info]   └─ Removing PDR 2 from session 0x3
[2026-09-29 08:30:09.598] [upf_n4 ] [debug]      • Direction: Downlink
[2026-09-29 08:30:09.598] [upf_n4 ] [debug]      • Was linked to FAR 2
[2026-09-29 08:30:09.598] [upf_n4 ] [debug]      • Total PDRs remaining: 1
[2026-09-29 08:30:09.598] [upf_app] [info] Modify datapath: remove(pdr)
[2026-09-29 08:30:09.598] [upf_app] [debug] ModifySession() seid 0x3
[2026-09-29 08:30:09.598] [upf_app] [info] [eBPF] Modify Pipeline - Updating pipeline for session 0x3
[2026-09-29 08:30:09.598] [upf_app] [debug] Rules enabled SEID=0x3: 0x2 [QER=off URR=ON BAR=off MAR=off]
[2026-09-29 08:30:09.598] [upf_app] [debug] Setup URRProgram for SEID=0x3
[2026-09-29 08:30:09.598] [upf_app] [debug] URRProgram: config map updated SEID=3 URR_ID=1 triggers=0x15
[2026-09-29 08:30:09.598] [upf_app] [debug] No QER associated with PDR 1
[2026-09-29 08:30:09.599] [upf_app] [info] [eBPF] Modify Pipeline - Pipeline modified for session 0x3 with 1 PDRs (1 uplink TEIDs, 0 downlink TEIDs)
[2026-09-29 08:30:09.599] [upf_app] [info] Removed PDR 2 from session 0x3
[2026-09-29 08:30:09.599] [upf_app] [info] [eBPF] Modify Pipeline - Updating pipeline for session 0x3
[2026-09-29 08:30:09.599] [upf_app] [warning] Missing UE IP for IP PDU session 0x3 — session mapping may be incomplete
[2026-09-29 08:30:09.599] [upf_app] [debug] Rules enabled SEID=0x3: 0x0 [QER=off URR=off BAR=off MAR=off]
[2026-09-29 08:30:09.599] [upf_app] [warning] Session 0x3 has no TEIDs - PDU session mapping not updated
[2026-09-29 08:30:09.599] [upf_app] [info] [eBPF] Modify Pipeline - Pipeline modified for session 0x3 with 0 PDRs (0 uplink TEIDs, 0 downlink TEIDs)
[2026-09-29 08:30:09.599] [upf_app] [info] Removed PDR 1 from session 0x3
[2026-09-29 08:30:09.599] [upf_app] [info] [eBPF] Modify Pipeline - Updating pipeline for session 0x3
[2026-09-29 08:30:09.599] [upf_app] [warning] Missing UE IP for IP PDU session 0x3 — session mapping may be incomplete
[2026-09-29 08:30:09.599] [upf_app] [debug] Rules enabled SEID=0x3: 0x0 [QER=off URR=off BAR=off MAR=off]
[2026-09-29 08:30:09.599] [upf_app] [warning] Session 0x3 has no TEIDs - PDU session mapping not updated
[2026-09-29 08:30:09.599] [upf_app] [info] [eBPF] Modify Pipeline - Pipeline modified for session 0x3 with 0 PDRs (0 uplink TEIDs, 0 downlink TEIDs)
[2026-09-29 08:30:09.599] [upf_app] [info] Removed FAR 1 from session 0x3
[2026-09-29 08:30:09.599] [upf_app] [info] [eBPF] Modify Pipeline - Updating pipeline for session 0x3
[2026-09-29 08:30:09.599] [upf_app] [warning] Missing UE IP for IP PDU session 0x3 — session mapping may be incomplete
[2026-09-29 08:30:09.599] [upf_app] [warning] Missing gNB IP for session 0x3 — N3 ARP will not be updated
[2026-09-29 08:30:09.599] [upf_app] [debug] Rules enabled SEID=0x3: 0x0 [QER=off URR=off BAR=off MAR=off]
[2026-09-29 08:30:09.599] [upf_app] [warning] Session 0x3 has no TEIDs - PDU session mapping not updated
[2026-09-29 08:30:09.599] [upf_app] [info] [eBPF] Modify Pipeline - Pipeline modified for session 0x3 with 0 PDRs (0 uplink TEIDs, 0 downlink TEIDs)
[2026-09-29 08:30:09.599] [upf_app] [info] Removed FAR 2 from session 0x3
[2026-09-29 08:30:09.599] [upf_app] [info] [N4] Session Modification: seid 0x3
[2026-09-29 08:30:09.599] [upf_app] [info]   └─ Removed: 2 PDR, 2 FAR, 0 QER, 0 URR, 0 BAR, 0 MAR
[2026-09-29 08:30:09.599] [upf_app] [debug] [N4] Session Modification: seid 0x3 - Applying pipeline updates
[2026-09-29 08:30:09.599] [upf_app] [debug] [N4] Update Session: seid 0x3 - Modifying eBPF data-path pipeline
[2026-09-29 08:30:09.599] [upf_app] [debug]   → Updated Uplink PDRs (1 rules):
[2026-09-29 08:30:09.599] [upf_app] [debug]     • PDR 1: F-TEID 0x3
[2026-09-29 08:30:09.599] [upf_app] [info] [eBPF] Modify Pipeline - Updating pipeline for session 0x3
[2026-09-29 08:30:09.599] [upf_app] [debug] Rules enabled SEID=0x3: 0x2 [QER=off URR=ON BAR=off MAR=off]
[2026-09-29 08:30:09.599] [upf_app] [debug] Setup URRProgram for SEID=0x3
[2026-09-29 08:30:09.599] [upf_app] [debug] URRProgram: config map updated SEID=3 URR_ID=1 triggers=0x15
[2026-09-29 08:30:09.599] [upf_app] [debug] No QER associated with PDR 1
[2026-09-29 08:30:09.599] [upf_app] [info] [eBPF] Modify Pipeline - Pipeline modified for session 0x3 with 1 PDRs (1 uplink TEIDs, 0 downlink TEIDs)
[2026-09-29 08:30:09.599] [upf_app] [info] [N4] Update Session: seid 0x3 - eBPF data-path pipeline updated successfully
[2026-09-29 08:30:09.599] [upf_app] [info] [N4] Session Modification: seid 0x3 - Completed successfully [Status: Session updated]
[2026-09-29 08:30:09.599] [upf_n4 ] [info] pfcp_session::remove(pdr) seid 0x3 PDR=1
[2026-09-29 08:30:09.599] [upf_n4 ] [info]   └─ Removing PDR 1 from session 0x3
[2026-09-29 08:30:09.599] [upf_n4 ] [debug]      • Direction: Uplink
[2026-09-29 08:30:09.599] [upf_n4 ] [debug]      • Was linked to FAR 1
[2026-09-29 08:30:09.599] [upf_n4 ] [debug]      • Total PDRs remaining: 0
[2026-09-29 08:30:09.599] [upf_app] [info] Modify datapath: remove(far)
[2026-09-29 08:30:09.599] [upf_app] [debug] ModifySession() seid 0x3
[2026-09-29 08:30:09.599] [upf_app] [info] [eBPF] Modify Pipeline - Updating pipeline for session 0x3
[2026-09-29 08:30:09.599] [upf_app] [debug] Rules enabled SEID=0x3: 0x2 [QER=off URR=ON BAR=off MAR=off]
[2026-09-29 08:30:09.599] [upf_app] [debug] Setup URRProgram for SEID=0x3
[2026-09-29 08:30:09.599] [upf_app] [debug] URRProgram: config map updated SEID=3 URR_ID=1 triggers=0x15
[2026-09-29 08:30:09.599] [upf_app] [debug] No QER associated with PDR 1
[2026-09-29 08:30:09.599] [upf_app] [info] [eBPF] Modify Pipeline - Pipeline modified for session 0x3 with 1 PDRs (1 uplink TEIDs, 0 downlink TEIDs)
[2026-09-29 08:30:09.599] [upf_app] [info] Removed PDR 2 from session 0x3
[2026-09-29 08:30:09.599] [upf_app] [info] [eBPF] Modify Pipeline - Updating pipeline for session 0x3
[2026-09-29 08:30:09.599] [upf_app] [warning] Missing UE IP for IP PDU session 0x3 — session mapping may be incomplete
[2026-09-29 08:30:09.599] [upf_app] [debug] Rules enabled SEID=0x3: 0x0 [QER=off URR=off BAR=off MAR=off]
[2026-09-29 08:30:09.599] [upf_app] [warning] Session 0x3 has no TEIDs - PDU session mapping not updated
[2026-09-29 08:30:09.599] [upf_app] [info] [eBPF] Modify Pipeline - Pipeline modified for session 0x3 with 0 PDRs (0 uplink TEIDs, 0 downlink TEIDs)
[2026-09-29 08:30:09.599] [upf_app] [info] Removed PDR 1 from session 0x3
[2026-09-29 08:30:09.599] [upf_app] [info] [eBPF] Modify Pipeline - Updating pipeline for session 0x3
[2026-09-29 08:30:09.599] [upf_app] [warning] Missing UE IP for IP PDU session 0x3 — session mapping may be incomplete
[2026-09-29 08:30:09.599] [upf_app] [debug] Rules enabled SEID=0x3: 0x0 [QER=off URR=off BAR=off MAR=off]
[2026-09-29 08:30:09.599] [upf_app] [warning] Session 0x3 has no TEIDs - PDU session mapping not updated
[2026-09-29 08:30:09.599] [upf_app] [info] [eBPF] Modify Pipeline - Pipeline modified for session 0x3 with 0 PDRs (0 uplink TEIDs, 0 downlink TEIDs)
[2026-09-29 08:30:09.599] [upf_app] [info] Removed FAR 1 from session 0x3
[2026-09-29 08:30:09.599] [upf_app] [info] [eBPF] Modify Pipeline - Updating pipeline for session 0x3
[2026-09-29 08:30:09.599] [upf_app] [warning] Missing UE IP for IP PDU session 0x3 — session mapping may be incomplete
[2026-09-29 08:30:09.599] [upf_app] [warning] Missing gNB IP for session 0x3 — N3 ARP will not be updated
[2026-09-29 08:30:09.599] [upf_app] [debug] Rules enabled SEID=0x3: 0x0 [QER=off URR=off BAR=off MAR=off]
[2026-09-29 08:30:09.599] [upf_app] [warning] Session 0x3 has no TEIDs - PDU session mapping not updated
[2026-09-29 08:30:09.599] [upf_app] [info] [eBPF] Modify Pipeline - Pipeline modified for session 0x3 with 0 PDRs (0 uplink TEIDs, 0 downlink TEIDs)
[2026-09-29 08:30:09.599] [upf_app] [info] Removed FAR 2 from session 0x3
[2026-09-29 08:30:09.599] [upf_app] [info] [N4] Session Modification: seid 0x3
[2026-09-29 08:30:09.599] [upf_app] [info]   └─ Removed: 2 PDR, 2 FAR, 0 QER, 0 URR, 0 BAR, 0 MAR
[2026-09-29 08:30:09.599] [upf_app] [debug] [N4] Session Modification: seid 0x3 - Applying pipeline updates
[2026-09-29 08:30:09.599] [upf_app] [debug] [N4] Update Session: seid 0x3 - Modifying eBPF data-path pipeline
[2026-09-29 08:30:09.599] [upf_app] [info] [eBPF] Modify Pipeline - Updating pipeline for session 0x3
[2026-09-29 08:30:09.599] [upf_app] [warning] Missing UE IP for IP PDU session 0x3 — session mapping may be incomplete
[2026-09-29 08:30:09.599] [upf_app] [debug] Rules enabled SEID=0x3: 0x0 [QER=off URR=off BAR=off MAR=off]
[2026-09-29 08:30:09.599] [upf_app] [warning] Session 0x3 has no TEIDs - PDU session mapping not updated
[2026-09-29 08:30:09.599] [upf_app] [info] [eBPF] Modify Pipeline - Pipeline modified for session 0x3 with 0 PDRs (0 uplink TEIDs, 0 downlink TEIDs)
[2026-09-29 08:30:09.599] [upf_app] [info] [N4] Update Session: seid 0x3 - eBPF data-path pipeline updated successfully
[2026-09-29 08:30:09.599] [upf_app] [info] [N4] Session Modification: seid 0x3 - Completed successfully [Status: Session updated]
[2026-09-29 08:30:09.599] [upf_n4 ] [info] pfcp_session::remove(far) seid 0x3 FAR=1
[2026-09-29 08:30:09.599] [upf_n4 ] [info]   └─ Removing FAR 1 from session 0x3
[2026-09-29 08:30:09.599] [upf_n4 ] [debug]      • Had Action: FORW 
[2026-09-29 08:30:09.599] [upf_n4 ] [debug]      • Destination: CORE
[2026-09-29 08:30:09.599] [upf_n4 ] [debug]      • Total FARs remaining: 1
[2026-09-29 08:30:09.599] [upf_app] [info] Modify datapath: remove(far)
[2026-09-29 08:30:09.599] [upf_app] [debug] ModifySession() seid 0x3
[2026-09-29 08:30:09.599] [upf_app] [info] [eBPF] Modify Pipeline - Updating pipeline for session 0x3
[2026-09-29 08:30:09.599] [upf_app] [warning] Missing UE IP for IP PDU session 0x3 — session mapping may be incomplete
[2026-09-29 08:30:09.599] [upf_app] [debug] Rules enabled SEID=0x3: 0x0 [QER=off URR=off BAR=off MAR=off]
[2026-09-29 08:30:09.599] [upf_app] [warning] Session 0x3 has no TEIDs - PDU session mapping not updated
[2026-09-29 08:30:09.599] [upf_app] [info] [eBPF] Modify Pipeline - Pipeline modified for session 0x3 with 0 PDRs (0 uplink TEIDs, 0 downlink TEIDs)
[2026-09-29 08:30:09.599] [upf_app] [info] Removed PDR 2 from session 0x3
[2026-09-29 08:30:09.599] [upf_app] [info] [eBPF] Modify Pipeline - Updating pipeline for session 0x3
[2026-09-29 08:30:09.599] [upf_app] [warning] Missing UE IP for IP PDU session 0x3 — session mapping may be incomplete
[2026-09-29 08:30:09.599] [upf_app] [debug] Rules enabled SEID=0x3: 0x0 [QER=off URR=off BAR=off MAR=off]
[2026-09-29 08:30:09.599] [upf_app] [warning] Session 0x3 has no TEIDs - PDU session mapping not updated
[2026-09-29 08:30:09.599] [upf_app] [info] [eBPF] Modify Pipeline - Pipeline modified for session 0x3 with 0 PDRs (0 uplink TEIDs, 0 downlink TEIDs)
[2026-09-29 08:30:09.599] [upf_app] [info] Removed PDR 1 from session 0x3
[2026-09-29 08:30:09.599] [upf_app] [info] [eBPF] Modify Pipeline - Updating pipeline for session 0x3
[2026-09-29 08:30:09.599] [upf_app] [warning] Missing UE IP for IP PDU session 0x3 — session mapping may be incomplete
[2026-09-29 08:30:09.599] [upf_app] [debug] Rules enabled SEID=0x3: 0x0 [QER=off URR=off BAR=off MAR=off]
[2026-09-29 08:30:09.599] [upf_app] [warning] Session 0x3 has no TEIDs - PDU session mapping not updated
[2026-09-29 08:30:09.599] [upf_app] [info] [eBPF] Modify Pipeline - Pipeline modified for session 0x3 with 0 PDRs (0 uplink TEIDs, 0 downlink TEIDs)
[2026-09-29 08:30:09.599] [upf_app] [info] Removed FAR 1 from session 0x3
[2026-09-29 08:30:09.599] [upf_app] [info] [eBPF] Modify Pipeline - Updating pipeline for session 0x3
[2026-09-29 08:30:09.599] [upf_app] [warning] Missing UE IP for IP PDU session 0x3 — session mapping may be incomplete
[2026-09-29 08:30:09.599] [upf_app] [warning] Missing gNB IP for session 0x3 — N3 ARP will not be updated
[2026-09-29 08:30:09.599] [upf_app] [debug] Rules enabled SEID=0x3: 0x0 [QER=off URR=off BAR=off MAR=off]
[2026-09-29 08:30:09.599] [upf_app] [warning] Session 0x3 has no TEIDs - PDU session mapping not updated
[2026-09-29 08:30:09.599] [upf_app] [info] [eBPF] Modify Pipeline - Pipeline modified for session 0x3 with 0 PDRs (0 uplink TEIDs, 0 downlink TEIDs)
[2026-09-29 08:30:09.599] [upf_app] [info] Removed FAR 2 from session 0x3
[2026-09-29 08:30:09.599] [upf_app] [info] [N4] Session Modification: seid 0x3
[2026-09-29 08:30:09.599] [upf_app] [info]   └─ Removed: 2 PDR, 2 FAR, 0 QER, 0 URR, 0 BAR, 0 MAR
[2026-09-29 08:30:09.599] [upf_app] [debug] [N4] Session Modification: seid 0x3 - Applying pipeline updates
[2026-09-29 08:30:09.599] [upf_app] [debug] [N4] Update Session: seid 0x3 - Modifying eBPF data-path pipeline
[2026-09-29 08:30:09.599] [upf_app] [info] [eBPF] Modify Pipeline - Updating pipeline for session 0x3
[2026-09-29 08:30:09.599] [upf_app] [warning] Missing UE IP for IP PDU session 0x3 — session mapping may be incomplete
[2026-09-29 08:30:09.599] [upf_app] [debug] Rules enabled SEID=0x3: 0x0 [QER=off URR=off BAR=off MAR=off]
[2026-09-29 08:30:09.599] [upf_app] [warning] Session 0x3 has no TEIDs - PDU session mapping not updated
[2026-09-29 08:30:09.599] [upf_app] [info] [eBPF] Modify Pipeline - Pipeline modified for session 0x3 with 0 PDRs (0 uplink TEIDs, 0 downlink TEIDs)
[2026-09-29 08:30:09.599] [upf_app] [info] [N4] Update Session: seid 0x3 - eBPF data-path pipeline updated successfully
[2026-09-29 08:30:09.599] [upf_app] [info] [N4] Session Modification: seid 0x3 - Completed successfully [Status: Session updated]
[2026-09-29 08:30:09.599] [upf_n4 ] [info] pfcp_session::remove(far) seid 0x3 FAR=2
[2026-09-29 08:30:09.599] [upf_n4 ] [info]   └─ Removing FAR 2 from session 0x3
[2026-09-29 08:30:09.599] [upf_n4 ] [debug]      • Had Action: FORW 
[2026-09-29 08:30:09.599] [upf_n4 ] [debug]      • Destination: ACCESS
[2026-09-29 08:30:09.599] [upf_n4 ] [debug]      • Total FARs remaining: 0
[2026-09-29 08:30:09.599] [upf_app] [info] Modify datapath
[2026-09-29 08:30:09.599] [upf_app] [debug] ModifySession() seid 0x3
[2026-09-29 08:30:09.599] [upf_app] [info] [eBPF] Modify Pipeline - Updating pipeline for session 0x3
[2026-09-29 08:30:09.599] [upf_app] [warning] Missing UE IP for IP PDU session 0x3 — session mapping may be incomplete
[2026-09-29 08:30:09.599] [upf_app] [debug] Rules enabled SEID=0x3: 0x0 [QER=off URR=off BAR=off MAR=off]
[2026-09-29 08:30:09.599] [upf_app] [warning] Session 0x3 has no TEIDs - PDU session mapping not updated
[2026-09-29 08:30:09.599] [upf_app] [info] [eBPF] Modify Pipeline - Pipeline modified for session 0x3 with 0 PDRs (0 uplink TEIDs, 0 downlink TEIDs)
[2026-09-29 08:30:09.599] [upf_app] [info] Removed PDR 2 from session 0x3
[2026-09-29 08:30:09.599] [upf_app] [info] [eBPF] Modify Pipeline - Updating pipeline for session 0x3
[2026-09-29 08:30:09.599] [upf_app] [warning] Missing UE IP for IP PDU session 0x3 — session mapping may be incomplete
[2026-09-29 08:30:09.599] [upf_app] [debug] Rules enabled SEID=0x3: 0x0 [QER=off URR=off BAR=off MAR=off]
[2026-09-29 08:30:09.599] [upf_app] [warning] Session 0x3 has no TEIDs - PDU session mapping not updated
[2026-09-29 08:30:09.599] [upf_app] [info] [eBPF] Modify Pipeline - Pipeline modified for session 0x3 with 0 PDRs (0 uplink TEIDs, 0 downlink TEIDs)
[2026-09-29 08:30:09.599] [upf_app] [info] Removed PDR 1 from session 0x3
[2026-09-29 08:30:09.599] [upf_app] [info] [eBPF] Modify Pipeline - Updating pipeline for session 0x3
[2026-09-29 08:30:09.599] [upf_app] [warning] Missing UE IP for IP PDU session 0x3 — session mapping may be incomplete
[2026-09-29 08:30:09.599] [upf_app] [debug] Rules enabled SEID=0x3: 0x0 [QER=off URR=off BAR=off MAR=off]
[2026-09-29 08:30:09.599] [upf_app] [warning] Session 0x3 has no TEIDs - PDU session mapping not updated
[2026-09-29 08:30:09.599] [upf_app] [info] [eBPF] Modify Pipeline - Pipeline modified for session 0x3 with 0 PDRs (0 uplink TEIDs, 0 downlink TEIDs)
[2026-09-29 08:30:09.599] [upf_app] [info] Removed FAR 1 from session 0x3
[2026-09-29 08:30:09.599] [upf_app] [info] [eBPF] Modify Pipeline - Updating pipeline for session 0x3
[2026-09-29 08:30:09.599] [upf_app] [warning] Missing UE IP for IP PDU session 0x3 — session mapping may be incomplete
[2026-09-29 08:30:09.599] [upf_app] [warning] Missing gNB IP for session 0x3 — N3 ARP will not be updated
[2026-09-29 08:30:09.599] [upf_app] [debug] Rules enabled SEID=0x3: 0x0 [QER=off URR=off BAR=off MAR=off]
[2026-09-29 08:30:09.599] [upf_app] [warning] Session 0x3 has no TEIDs - PDU session mapping not updated
[2026-09-29 08:30:09.599] [upf_app] [info] [eBPF] Modify Pipeline - Pipeline modified for session 0x3 with 0 PDRs (0 uplink TEIDs, 0 downlink TEIDs)
[2026-09-29 08:30:09.599] [upf_app] [info] Removed FAR 2 from session 0x3
[2026-09-29 08:30:09.599] [upf_app] [info] [N4] Session Modification: seid 0x3
[2026-09-29 08:30:09.599] [upf_app] [info]   └─ Removed: 2 PDR, 2 FAR, 0 QER, 0 URR, 0 BAR, 0 MAR
[2026-09-29 08:30:09.599] [upf_app] [debug] [N4] Session Modification: seid 0x3 - Applying pipeline updates
[2026-09-29 08:30:09.599] [upf_app] [debug] [N4] Update Session: seid 0x3 - Modifying eBPF data-path pipeline
[2026-09-29 08:30:09.599] [upf_app] [info] [eBPF] Modify Pipeline - Updating pipeline for session 0x3
[2026-09-29 08:30:09.599] [upf_app] [warning] Missing UE IP for IP PDU session 0x3 — session mapping may be incomplete
[2026-09-29 08:30:09.599] [upf_app] [warning] Missing gNB IP for session 0x3 — N3 ARP will not be updated
[2026-09-29 08:30:09.599] [upf_app] [debug] Rules enabled SEID=0x3: 0x0 [QER=off URR=off BAR=off MAR=off]
[2026-09-29 08:30:09.599] [upf_app] [warning] Session 0x3 has no TEIDs - PDU session mapping not updated
[2026-09-29 08:30:09.599] [upf_app] [info] [eBPF] Modify Pipeline - Pipeline modified for session 0x3 with 0 PDRs (0 uplink TEIDs, 0 downlink TEIDs)
[2026-09-29 08:30:09.599] [upf_app] [info] [N4] Update Session: seid 0x3 - eBPF data-path pipeline updated successfully
[2026-09-29 08:30:09.599] [upf_app] [info] [N4] Session Modification: seid 0x3 - Completed successfully [Status: Session updated]

  ┌───────────────────────────────────────────────────────────────────────────────────────────────────────────────────────────────────────────────────────────────────────────────────────────────┐
  │                                                                                PDU SESSION RULES - Session 0x1                                                                                │
  ├────────┬───────┬───────┬───────┬───────┬───────┬────────────┬───────────┬─────────────────┬────────────┬────────────┬───────┬────────────────────────────────┬────────────────────────────────┤
  │  PDR   │  FAR  │  QER  │  URR  │  BAR  │  MAR  │ Precedence │ Direction │    UE IPv4      │   Action   │  Dest If   │  QFI  │       Create Outer Hdr         │       Remove Outer Hdr         │
  ├────────┼───────┼───────┼───────┼───────┼───────┼────────────┼───────────┼─────────────────┼────────────┼────────────┼───────┼────────────────────────────────┼────────────────────────────────┤
  └────────┴───────┴───────┴───────┴───────┴───────┴────────────┴───────────┴─────────────────┴────────────┴────────────┴───────┴────────────────────────────────┴────────────────────────────────┘


  ┌───────────────────────────────────────────────────────────────────────────────────────────────────────────────────────────────────────────────────────────────────────────────────────────────┐
  │                                                                                PDU SESSION RULES - Session 0x2                                                                                │
  ├────────┬───────┬───────┬───────┬───────┬───────┬────────────┬───────────┬─────────────────┬────────────┬────────────┬───────┬────────────────────────────────┬────────────────────────────────┤
  │  PDR   │  FAR  │  QER  │  URR  │  BAR  │  MAR  │ Precedence │ Direction │    UE IPv4      │   Action   │  Dest If   │  QFI  │       Create Outer Hdr         │       Remove Outer Hdr         │
  ├────────┼───────┼───────┼───────┼───────┼───────┼────────────┼───────────┼─────────────────┼────────────┼────────────┼───────┼────────────────────────────────┼────────────────────────────────┤
  └────────┴───────┴───────┴───────┴───────┴───────┴────────────┴───────────┴─────────────────┴────────────┴────────────┴───────┴────────────────────────────────┴────────────────────────────────┘


  ┌───────────────────────────────────────────────────────────────────────────────────────────────────────────────────────────────────────────────────────────────────────────────────────────────┐
  │                                                                                PDU SESSION RULES - Session 0x3                                                                                │
  ├────────┬───────┬───────┬───────┬───────┬───────┬────────────┬───────────┬─────────────────┬────────────┬────────────┬───────┬────────────────────────────────┬────────────────────────────────┤
  │  PDR   │  FAR  │  QER  │  URR  │  BAR  │  MAR  │ Precedence │ Direction │    UE IPv4      │   Action   │  Dest If   │  QFI  │       Create Outer Hdr         │       Remove Outer Hdr         │
  ├────────┼───────┼───────┼───────┼───────┼───────┼────────────┼───────────┼─────────────────┼────────────┼────────────┼───────┼────────────────────────────────┼────────────────────────────────┤
  └────────┴───────┴───────┴───────┴───────┴───────┴────────────┴───────────┴─────────────────┴────────────┴────────────┴───────┴────────────────────────────────┴────────────────────────────────┘

[2026-09-29 08:30:12.922] [upf_n4 ] [info] handle_receive(16 bytes)
[2026-09-29 08:30:12.922] [upf_n4 ] [info] Received SX HEARTBEAT REQUEST
[2026-09-29 08:30:12.930] [upf_n4 ] [info] TIME-OUT event timer id 5616
[2026-09-29 08:30:12.930] [upf_n4 ] [info] TIME-OUT event timer id 5617
[2026-09-29 08:30:12.930] [upf_n4 ] [info] PFCP HEARTBEAT PROCEDURE hash 169352876 starting
[2026-09-29 08:30:12.930] [upf_n4 ] [info] handle_receive(16 bytes)
[2026-09-29 08:30:12.930] [upf_n4 ] [info] Received SX HEARTBEAT RESPONSE
[2026-09-29 08:30:13.248] [upf_app] [info] TIME-OUT event timer id 5613
[2026-09-29 08:30:13.248] [upf_app] [debug] Send Heartbeat to NRF
[2026-09-29 08:30:13.248] [upf_app] [info] Send NF Update to NRF
[2026-09-29 08:30:13.248] [upf_app] [debug] Send NF Update to NRF (Msg body [{"op":"replace","path":"/nfStatus","value":"REGISTERED"}])
[2026-09-29 08:30:13.248] [upf_app] [debug] Send NF Update to NRF (NRF URL http://oai-nrf.oai-core.svc.cluster.local:80/nnrf-nfm/v1/nf-instances/23f448d9-fc64-4a49-98a4-5c7e36d915b6)
[2026-09-29 08:30:13.248] [upf_app] [debug] Send a simple HTTP request
[2026-09-29 08:30:13.251] [upf_app] [info] Got successful response from NRF
[2026-09-29 08:30:13.251] [upf_app] [debug] Set a timer to the next Heart-beat (10)
[2026-09-29 08:30:17.930] [upf_n4 ] [info] TIME-OUT event timer id 5622
[2026-09-29 08:30:17.930] [upf_n4 ] [info] TIME-OUT event timer id 5623
[2026-09-29 08:30:17.930] [upf_n4 ] [info] PFCP HEARTBEAT PROCEDURE hash 169352876 starting
[2026-09-29 08:30:17.930] [upf_n4 ] [info] handle_receive(16 bytes)
[2026-09-29 08:30:17.930] [upf_n4 ] [info] Received SX HEARTBEAT RESPONSE
[2026-09-29 08:30:22.922] [upf_n4 ] [info] handle_receive(16 bytes)
[2026-09-29 08:30:22.922] [upf_n4 ] [info] Received SX HEARTBEAT REQUEST
[2026-09-29 08:30:22.930] [upf_n4 ] [info] TIME-OUT event timer id 5627
[2026-09-29 08:30:22.930] [upf_n4 ] [info] TIME-OUT event timer id 5628
[2026-09-29 08:30:22.930] [upf_n4 ] [info] PFCP HEARTBEAT PROCEDURE hash 169352876 starting
[2026-09-29 08:30:22.931] [upf_n4 ] [info] handle_receive(16 bytes)
[2026-09-29 08:30:22.931] [upf_n4 ] [info] Received SX HEARTBEAT RESPONSE
[2026-09-29 08:30:23.251] [upf_app] [info] TIME-OUT event timer id 5624
[2026-09-29 08:30:23.251] [upf_app] [debug] Send Heartbeat to NRF
[2026-09-29 08:30:23.251] [upf_app] [info] Send NF Update to NRF
[2026-09-29 08:30:23.251] [upf_app] [debug] Send NF Update to NRF (Msg body [{"op":"replace","path":"/nfStatus","value":"REGISTERED"}])
[2026-09-29 08:30:23.251] [upf_app] [debug] Send NF Update to NRF (NRF URL http://oai-nrf.oai-core.svc.cluster.local:80/nnrf-nfm/v1/nf-instances/23f448d9-fc64-4a49-98a4-5c7e36d915b6)
[2026-09-29 08:30:23.251] [upf_app] [debug] Send a simple HTTP request
[2026-09-29 08:30:23.253] [upf_app] [info] Got successful response from NRF
[2026-09-29 08:30:23.253] [upf_app] [debug] Set a timer to the next Heart-beat (10)
[2026-09-29 08:30:27.930] [upf_n4 ] [info] TIME-OUT event timer id 5632
[2026-09-29 08:30:27.931] [upf_n4 ] [info] TIME-OUT event timer id 5633
[2026-09-29 08:30:27.931] [upf_n4 ] [info] PFCP HEARTBEAT PROCEDURE hash 169352876 starting
[2026-09-29 08:30:27.931] [upf_n4 ] [info] handle_receive(16 bytes)
[2026-09-29 08:30:27.931] [upf_n4 ] [info] Received SX HEARTBEAT RESPONSE
[2026-09-29 08:30:32.922] [upf_n4 ] [info] handle_receive(16 bytes)
[2026-09-29 08:30:32.922] [upf_n4 ] [info] Received SX HEARTBEAT REQUEST
[2026-09-29 08:30:32.931] [upf_n4 ] [info] TIME-OUT event timer id 5637
[2026-09-29 08:30:32.931] [upf_n4 ] [info] TIME-OUT event timer id 5638
[2026-09-29 08:30:32.931] [upf_n4 ] [info] PFCP HEARTBEAT PROCEDURE hash 169352876 starting
[2026-09-29 08:30:32.931] [upf_n4 ] [info] handle_receive(16 bytes)
[2026-09-29 08:30:32.931] [upf_n4 ] [info] Received SX HEARTBEAT RESPONSE
[2026-09-29 08:30:33.253] [upf_app] [info] TIME-OUT event timer id 5634
[2026-09-29 08:30:33.253] [upf_app] [debug] Send Heartbeat to NRF
[2026-09-29 08:30:33.253] [upf_app] [info] Send NF Update to NRF
[2026-09-29 08:30:33.253] [upf_app] [debug] Send NF Update to NRF (Msg body [{"op":"replace","path":"/nfStatus","value":"REGISTERED"}])
[2026-09-29 08:30:33.253] [upf_app] [debug] Send NF Update to NRF (NRF URL http://oai-nrf.oai-core.svc.cluster.local:80/nnrf-nfm/v1/nf-instances/23f448d9-fc64-4a49-98a4-5c7e36d915b6)
[2026-09-29 08:30:33.253] [upf_app] [debug] Send a simple HTTP request
[2026-09-29 08:30:33.255] [upf_app] [info] Got successful response from NRF
[2026-09-29 08:30:33.255] [upf_app] [debug] Set a timer to the next Heart-beat (10)
[2026-09-29 08:30:37.931] [upf_n4 ] [info] TIME-OUT event timer id 5642
[2026-09-29 08:30:37.931] [upf_n4 ] [info] TIME-OUT event timer id 5643
[2026-09-29 08:30:37.931] [upf_n4 ] [info] PFCP HEARTBEAT PROCEDURE hash 169352876 starting
[2026-09-29 08:30:37.931] [upf_n4 ] [info] handle_receive(16 bytes)
[2026-09-29 08:30:37.931] [upf_n4 ] [info] Received SX HEARTBEAT RESPONSE
[2026-09-29 08:30:42.923] [upf_n4 ] [info] handle_receive(16 bytes)
[2026-09-29 08:30:42.923] [upf_n4 ] [info] Received SX HEARTBEAT REQUEST
[2026-09-29 08:30:42.931] [upf_n4 ] [info] TIME-OUT event timer id 5647
[2026-09-29 08:30:42.931] [upf_n4 ] [info] TIME-OUT event timer id 5648
[2026-09-29 08:30:42.931] [upf_n4 ] [info] PFCP HEARTBEAT PROCEDURE hash 169352876 starting
[2026-09-29 08:30:42.931] [upf_n4 ] [info] handle_receive(16 bytes)
[2026-09-29 08:30:42.931] [upf_n4 ] [info] Received SX HEARTBEAT RESPONSE
[2026-09-29 08:30:43.255] [upf_app] [info] TIME-OUT event timer id 5644
[2026-09-29 08:30:43.255] [upf_app] [debug] Send Heartbeat to NRF
[2026-09-29 08:30:43.255] [upf_app] [info] Send NF Update to NRF
[2026-09-29 08:30:43.255] [upf_app] [debug] Send NF Update to NRF (Msg body [{"op":"replace","path":"/nfStatus","value":"REGISTERED"}])
[2026-09-29 08:30:43.255] [upf_app] [debug] Send NF Update to NRF (NRF URL http://oai-nrf.oai-core.svc.cluster.local:80/nnrf-nfm/v1/nf-instances/23f448d9-fc64-4a49-98a4-5c7e36d915b6)
[2026-09-29 08:30:43.255] [upf_app] [debug] Send a simple HTTP request
[2026-09-29 08:30:43.258] [upf_app] [info] Got successful response from NRF
[2026-09-29 08:30:43.258] [upf_app] [debug] Set a timer to the next Heart-beat (10)
[2026-09-29 08:30:47.931] [upf_n4 ] [info] TIME-OUT event timer id 5652
[2026-09-29 08:30:47.931] [upf_n4 ] [info] TIME-OUT event timer id 5653
[2026-09-29 08:30:47.931] [upf_n4 ] [info] PFCP HEARTBEAT PROCEDURE hash 169352876 starting
[2026-09-29 08:30:47.931] [upf_n4 ] [info] handle_receive(16 bytes)
[2026-09-29 08:30:47.931] [upf_n4 ] [info] Received SX HEARTBEAT RESPONSE
[2026-09-29 08:30:52.923] [upf_n4 ] [info] handle_receive(16 bytes)
[2026-09-29 08:30:52.923] [upf_n4 ] [info] Received SX HEARTBEAT REQUEST
[2026-09-29 08:30:52.931] [upf_n4 ] [info] TIME-OUT event timer id 5657
[2026-09-29 08:30:52.931] [upf_n4 ] [info] TIME-OUT event timer id 5658
[2026-09-29 08:30:52.931] [upf_n4 ] [info] PFCP HEARTBEAT PROCEDURE hash 169352876 starting
[2026-09-29 08:30:52.932] [upf_n4 ] [info] handle_receive(16 bytes)
[2026-09-29 08:30:52.932] [upf_n4 ] [info] Received SX HEARTBEAT RESPONSE
[2026-09-29 08:30:53.258] [upf_app] [info] TIME-OUT event timer id 5654
[2026-09-29 08:30:53.258] [upf_app] [debug] Send Heartbeat to NRF
[2026-09-29 08:30:53.258] [upf_app] [info] Send NF Update to NRF
[2026-09-29 08:30:53.258] [upf_app] [debug] Send NF Update to NRF (Msg body [{"op":"replace","path":"/nfStatus","value":"REGISTERED"}])
[2026-09-29 08:30:53.258] [upf_app] [debug] Send NF Update to NRF (NRF URL http://oai-nrf.oai-core.svc.cluster.local:80/nnrf-nfm/v1/nf-instances/23f448d9-fc64-4a49-98a4-5c7e36d915b6)
[2026-09-29 08:30:53.258] [upf_app] [debug] Send a simple HTTP request
[2026-09-29 08:30:53.260] [upf_app] [info] Got successful response from NRF
[2026-09-29 08:30:53.260] [upf_app] [debug] Set a timer to the next Heart-beat (10)
[2026-09-29 08:30:57.932] [upf_n4 ] [info] TIME-OUT event timer id 5662
[2026-09-29 08:30:57.932] [upf_n4 ] [info] TIME-OUT event timer id 5663
[2026-09-29 08:30:57.932] [upf_n4 ] [info] PFCP HEARTBEAT PROCEDURE hash 169352876 starting
[2026-09-29 08:30:57.932] [upf_n4 ] [info] handle_receive(16 bytes)
[2026-09-29 08:30:57.932] [upf_n4 ] [info] Received SX HEARTBEAT RESPONSE
[2026-09-29 08:31:02.923] [upf_n4 ] [info] handle_receive(16 bytes)
[2026-09-29 08:31:02.923] [upf_n4 ] [info] Received SX HEARTBEAT REQUEST
[2026-09-29 08:31:02.932] [upf_n4 ] [info] TIME-OUT event timer id 5667
[2026-09-29 08:31:02.932] [upf_n4 ] [info] TIME-OUT event timer id 5668
[2026-09-29 08:31:02.932] [upf_n4 ] [info] PFCP HEARTBEAT PROCEDURE hash 169352876 starting
[2026-09-29 08:31:02.932] [upf_n4 ] [info] handle_receive(16 bytes)
[2026-09-29 08:31:02.932] [upf_n4 ] [info] Received SX HEARTBEAT RESPONSE
[2026-09-29 08:31:03.260] [upf_app] [info] TIME-OUT event timer id 5664
[2026-09-29 08:31:03.260] [upf_app] [debug] Send Heartbeat to NRF
[2026-09-29 08:31:03.260] [upf_app] [info] Send NF Update to NRF
[2026-09-29 08:31:03.260] [upf_app] [debug] Send NF Update to NRF (Msg body [{"op":"replace","path":"/nfStatus","value":"REGISTERED"}])
[2026-09-29 08:31:03.260] [upf_app] [debug] Send NF Update to NRF (NRF URL http://oai-nrf.oai-core.svc.cluster.local:80/nnrf-nfm/v1/nf-instances/23f448d9-fc64-4a49-98a4-5c7e36d915b6)
[2026-09-29 08:31:03.260] [upf_app] [debug] Send a simple HTTP request
[2026-09-29 08:31:03.262] [upf_app] [info] Got successful response from NRF
[2026-09-29 08:31:03.262] [upf_app] [debug] Set a timer to the next Heart-beat (10)
