#0 building with "default" instance using docker driver

#1 [internal] load build definition from Dockerfile.radio
#1 transferring dockerfile: 3.14kB done
#1 DONE 0.0s

#2 [internal] load metadata for docker.io/library/ubuntu:24.04
#2 DONE 2.0s

#3 [internal] load .dockerignore
#3 transferring context: 148B done
#3 DONE 0.0s

#4 [flexric-builder 1/5] FROM docker.io/library/ubuntu:24.04@sha256:008173c23f95b170204355c12626cb5a965d779a7e1283b09e9cffbb1bf33ca3
#4 DONE 0.0s

#5 [internal] load build context
#5 transferring context: 440.35kB 0.2s done
#5 DONE 0.2s

#6 [flexric-builder 3/5] RUN git clone https://github.com/mouse07410/asn1c /tmp/asn1c && cd /tmp/asn1c && git checkout 940dd5fa9f3917913fd487b13dfddfacd0ded06e && autoreconf -iv && CFLAGS="-O2 -fno-strict-aliasing" ./configure --prefix=/opt/asn1c && make -j2 && make install && rm -rf /tmp/asn1c
#6 CACHED

#7 [flexric-builder 2/5] RUN apt-get update && apt-get install -y --no-install-recommends build-essential gcc-13 g++-13 cmake ninja-build make git sudo python3 python3-dev python3-pip pkg-config autoconf automake libtool bison flex swig libsctp-dev libpcre2-dev libssl-dev libconfig-dev libfftw3-dev libgmp-dev libyaml-cpp-dev libboost-all-dev libblas-dev liblapack-dev liblapacke-dev libjson-c-dev libcurl4-openssl-dev libczmq-dev libzmq3-dev libelf-dev libdw-dev libmicrohttpd-dev libsqlite3-dev zlib1g-dev xxd wget ca-certificates
#7 CACHED

#8 [flexric-builder 4/5] COPY src/flexric /source/flexric
#8 CACHED

#9 [flexric-builder 5/5] RUN rm -rf /source/flexric/build && cmake -S /source/flexric -B /source/flexric/build -DE2AP_VERSION=E2AP_V3 -DKPM_VERSION=KPM_V3_00 -DXAPP_DB=NONE_XAPP -DCMAKE_INSTALL_PREFIX=/opt/oai -DUNIT_TEST=FALSE && cmake --build /source/flexric/build -j2 --target nearRT-RIC xapp_kpm_moni_write_to_csv mac_sm rlc_sm pdcp_sm slice_sm tc_sm gtp_sm kpm_sm rc_sm && cmake --install /source/flexric/build
#9 0.330 -- The C compiler identification is GNU 13.3.0
#9 0.349 -- Detecting C compiler ABI info
#9 0.427 -- Detecting C compiler ABI info - done
#9 0.432 -- Check for working C compiler: /usr/bin/cc - skipped
#9 0.433 -- Detecting C compile features
#9 0.433 -- Detecting C compile features - done
#9 0.433 -- Ccache not found, please consider installing it for faster compilation running the command: sudo apt install -y ccache
#9 0.434 -- Setting build type to 'Debug' as none was specified.
#9 0.434 -- Selected SANITIZER TYPE: NONE
#9 0.434 -- Selected LIBRARY TYPE: STATIC
#9 0.434 -- Selected xApp DB : NONE_XAPP
#9 0.434 -- Selected xApp dir : /tmp/
#9 0.434 -- xApp multilanguage support e.g., python : OFF
#9 0.434 -- Selected E2AP_ENCODING: ASN
#9 0.434 -- Selected E2AP_VERSION: E2AP_V3
#9 0.434 -- Selected KPM SM_ENCODING: ASN
#9 0.434 -- Selected KPM Version: KPM_V3_00
#9 0.434 -- Selected RC SM_ENCODING: ASN
#9 0.434 -- Selected MAC SM_ENCODING: PLAIN
#9 0.434 -- Selected RLC SM_ENCODING: PLAIN
#9 0.434 -- Selected PDCP SM_ENCODING: PLAIN
#9 0.434 -- Selected SLICE SM_ENCODING: PLAIN
#9 0.434 -- Selected GTP SM_ENCODING: PLAIN
#9 0.489 -- The CXX compiler identification is GNU 13.3.0
#9 0.499 -- Detecting CXX compiler ABI info
#9 0.605 -- Detecting CXX compiler ABI info - done
#9 0.614 -- Check for working CXX compiler: /usr/bin/c++ - skipped
#9 0.615 -- Detecting CXX compile features
#9 0.615 -- Detecting CXX compile features - done
#9 0.635 -- Selected SM_ENCODING: PLAIN
#9 0.673 -- install prefix path /opt/oai/flexric
#9 0.677 -- Configuring done (0.4s)
#9 1.438 -- Generating done (0.5s)
#9 1.448 -- Build files have been written to: /source/flexric/build
#9 1.538 [  0%] Building C object src/util/CMakeFiles/e2_ngran_obj.dir/ngran_types.c.o
#9 1.541 [  0%] Building C object src/lib/e2ap/v3_01/e2ap_types/CMakeFiles/e2ap_types_obj.dir/ric_subscription_request.c.o
#9 1.565 [  0%] Built target e2_ngran_obj
#9 1.573 [  0%] Building C object src/lib/e2ap/v3_01/e2ap_types/CMakeFiles/e2ap_types_obj.dir/ric_subscription_response.c.o
#9 1.587 [  0%] Building C object src/lib/e2ap/v3_01/free/CMakeFiles/e2ap_msg_free_obj.dir/e2ap_msg_free.c.o
#9 1.610 [  0%] Building C object src/lib/e2ap/v3_01/e2ap_types/CMakeFiles/e2ap_types_obj.dir/ric_subscription_failure.c.o
#9 1.640 [  0%] Building C object src/lib/e2ap/v3_01/e2ap_types/CMakeFiles/e2ap_types_obj.dir/ric_indication.c.o
#9 1.667 [  0%] Built target e2ap_msg_free_obj
#9 1.668 [  0%] Building C object src/lib/e2ap/v3_01/e2ap_types/CMakeFiles/e2ap_types_obj.dir/ric_subscription_delete_request.c.o
#9 1.697 [  0%] Building C object src/lib/e2ap/v3_01/e2ap_types/CMakeFiles/e2ap_types_obj.dir/ric_subscription_delete_response.c.o
#9 1.705 [  0%] Building C object src/lib/e2ap/v3_01/ie/asn/CMakeFiles/e2ap_asn1_obj.dir/AMFName.c.o
#9 1.729 [  0%] Building C object src/lib/e2ap/v3_01/e2ap_types/CMakeFiles/e2ap_types_obj.dir/ric_subscription_delete_failure.c.o
#9 1.743 [  0%] Building C object src/lib/e2ap/v3_01/ie/asn/CMakeFiles/e2ap_asn1_obj.dir/ANY_aper.c.o
#9 1.758 [  8%] Building C object src/lib/e2ap/v3_01/e2ap_types/CMakeFiles/e2ap_types_obj.dir/ric_control_request.c.o
#9 1.790 [  8%] Building C object src/lib/e2ap/v3_01/e2ap_types/CMakeFiles/e2ap_types_obj.dir/ric_control_ack.c.o
#9 1.798 [  8%] Building C object src/lib/e2ap/v3_01/ie/asn/CMakeFiles/e2ap_asn1_obj.dir/ANY_ber.c.o
#9 1.825 [  8%] Building C object src/lib/e2ap/v3_01/e2ap_types/CMakeFiles/e2ap_types_obj.dir/ric_control_failure.c.o
#9 1.848 [  8%] Building C object src/lib/e2ap/v3_01/ie/asn/CMakeFiles/e2ap_asn1_obj.dir/ANY.c.o
#9 1.857 [  8%] Building C object src/lib/e2ap/v3_01/e2ap_types/CMakeFiles/e2ap_types_obj.dir/e2ap_error_indication.c.o
#9 1.881 [  8%] Building C object src/lib/e2ap/v3_01/e2ap_types/CMakeFiles/e2ap_types_obj.dir/e2_setup_request.c.o
#9 1.881 [  8%] Building C object src/lib/e2ap/v3_01/ie/asn/CMakeFiles/e2ap_asn1_obj.dir/ANY_jer.c.o
#9 1.921 [  8%] Building C object src/lib/e2ap/v3_01/ie/asn/CMakeFiles/e2ap_asn1_obj.dir/ANY_uper.c.o
#9 1.924 [  8%] Building C object src/lib/e2ap/v3_01/e2ap_types/CMakeFiles/e2ap_types_obj.dir/e2_setup_response.c.o
#9 1.967 [  8%] Building C object src/lib/e2ap/v3_01/e2ap_types/CMakeFiles/e2ap_types_obj.dir/e2_setup_failure.c.o
#9 1.971 [  8%] Building C object src/lib/e2ap/v3_01/ie/asn/CMakeFiles/e2ap_asn1_obj.dir/ANY_xer.c.o
#9 1.990 [  8%] Building C object src/lib/e2ap/v3_01/e2ap_types/CMakeFiles/e2ap_types_obj.dir/e42_setup_request.c.o
#9 2.013 [  8%] Building C object src/lib/e2ap/v3_01/ie/asn/CMakeFiles/e2ap_asn1_obj.dir/aper_decoder.c.o
#9 2.019 [  8%] Building C object src/lib/e2ap/v3_01/e2ap_types/CMakeFiles/e2ap_types_obj.dir/e42_setup_response.c.o
#9 2.055 [  8%] Building C object src/lib/e2ap/v3_01/ie/asn/CMakeFiles/e2ap_asn1_obj.dir/aper_encoder.c.o
#9 2.058 [  8%] Building C object src/lib/e2ap/v3_01/e2ap_types/CMakeFiles/e2ap_types_obj.dir/e42_ric_control_request.c.o
#9 2.082 [  8%] Building C object src/lib/e2ap/v3_01/e2ap_types/CMakeFiles/e2ap_types_obj.dir/e2_node_connected.c.o
#9 2.103 [  8%] Building C object src/lib/e2ap/v3_01/ie/asn/CMakeFiles/e2ap_asn1_obj.dir/aper_opentype.c.o
#9 2.123 [  8%] Building C object src/lib/e2ap/v3_01/e2ap_types/CMakeFiles/e2ap_types_obj.dir/e42_ric_subscription_request.c.o
#9 2.142 [  8%] Building C object src/lib/e2ap/v3_01/ie/asn/CMakeFiles/e2ap_asn1_obj.dir/aper_support.c.o
#9 2.158 [  8%] Building C object src/lib/e2ap/v3_01/e2ap_types/CMakeFiles/e2ap_types_obj.dir/e42_ric_subscription_delete_request.c.o
#9 2.183 [  8%] Building C object src/lib/e2ap/v3_01/ie/asn/CMakeFiles/e2ap_asn1_obj.dir/asn_application.c.o
#9 2.191 [  8%] Building C object src/lib/e2ap/v3_01/e2ap_types/CMakeFiles/e2ap_types_obj.dir/e2ap_reset_request.c.o
#9 2.219 [  8%] Building C object src/lib/e2ap/v3_01/e2ap_types/CMakeFiles/e2ap_types_obj.dir/e2ap_reset_response.c.o
#9 2.245 [  8%] Building C object src/lib/e2ap/v3_01/e2ap_types/CMakeFiles/e2ap_types_obj.dir/ric_service_update.c.o
#9 2.246 [  8%] Building C object src/lib/e2ap/v3_01/ie/asn/CMakeFiles/e2ap_asn1_obj.dir/asn_bit_data.c.o
#9 2.278 [  8%] Building C object src/lib/e2ap/v3_01/e2ap_types/CMakeFiles/e2ap_types_obj.dir/ric_service_update_ack.c.o
#9 2.292 [  8%] Building C object src/lib/e2ap/v3_01/ie/asn/CMakeFiles/e2ap_asn1_obj.dir/asn_codecs_prim_ber.c.o
#9 2.309 [  8%] Building C object src/lib/e2ap/v3_01/e2ap_types/CMakeFiles/e2ap_types_obj.dir/ric_service_update_failure.c.o
#9 2.333 [  8%] Building C object src/lib/e2ap/v3_01/ie/asn/CMakeFiles/e2ap_asn1_obj.dir/asn_codecs_prim.c.o
#9 2.340 [  8%] Building C object src/lib/e2ap/v3_01/e2ap_types/CMakeFiles/e2ap_types_obj.dir/ric_service_query.c.o
#9 2.367 [  8%] Building C object src/lib/e2ap/v3_01/e2ap_types/CMakeFiles/e2ap_types_obj.dir/e2_node_configuration_update.c.o
#9 2.376 [  8%] Building C object src/lib/e2ap/v3_01/ie/asn/CMakeFiles/e2ap_asn1_obj.dir/asn_codecs_prim_xer.c.o
#9 2.399 [  8%] Building C object src/lib/e2ap/v3_01/e2ap_types/CMakeFiles/e2ap_types_obj.dir/common/e2ap_ran_function_id_rev.c.o
#9 2.424 [  8%] Building C object src/lib/e2ap/v3_01/e2ap_types/CMakeFiles/e2ap_types_obj.dir/common/e2ap_ran_function_id.c.o
#9 2.424 [  8%] Building C object src/lib/e2ap/v3_01/ie/asn/CMakeFiles/e2ap_asn1_obj.dir/asn_internal.c.o
#9 2.452 [  8%] Building C object src/lib/e2ap/v3_01/e2ap_types/CMakeFiles/e2ap_types_obj.dir/common/ric_action.c.o
#9 2.456 [  8%] Building C object src/lib/e2ap/v3_01/ie/asn/CMakeFiles/e2ap_asn1_obj.dir/asn_random_fill.c.o
#9 2.483 [  8%] Building C object src/lib/e2ap/v3_01/e2ap_types/CMakeFiles/e2ap_types_obj.dir/common/ric_gen_id.c.o
#9 2.501 [  8%] Building C object src/lib/e2ap/v3_01/ie/asn/CMakeFiles/e2ap_asn1_obj.dir/asn_SEQUENCE_OF.c.o
#9 2.512 [  8%] Building C object src/lib/e2ap/v3_01/e2ap_types/CMakeFiles/e2ap_types_obj.dir/common/ric_action_admitted.c.o
#9 2.533 [  8%] Building C object src/lib/e2ap/v3_01/ie/asn/CMakeFiles/e2ap_asn1_obj.dir/asn_SET_OF.c.o
#9 2.543 [  8%] Building C object src/lib/e2ap/v3_01/e2ap_types/CMakeFiles/e2ap_types_obj.dir/common/ric_action_not_admitted.c.o
#9 2.567 [  8%] Building C object src/lib/e2ap/v3_01/e2ap_types/CMakeFiles/e2ap_types_obj.dir/common/e2ap_criticality_diagnostics.c.o
#9 2.575 [  8%] Building C object src/lib/e2ap/v3_01/ie/asn/CMakeFiles/e2ap_asn1_obj.dir/ber_decoder.c.o
#9 2.602 [  8%] Building C object src/lib/e2ap/v3_01/e2ap_types/CMakeFiles/e2ap_types_obj.dir/common/e2ap_ie_criticality_diagnostics.c.o
#9 2.628 [  8%] Building C object src/lib/e2ap/v3_01/ie/asn/CMakeFiles/e2ap_asn1_obj.dir/ber_tlv_length.c.o
#9 2.629 [  8%] Building C object src/lib/e2ap/v3_01/e2ap_types/CMakeFiles/e2ap_types_obj.dir/common/e2ap_cause.c.o
#9 2.659 [  8%] Building C object src/lib/e2ap/v3_01/e2ap_types/CMakeFiles/e2ap_types_obj.dir/common/e2ap_global_node_id.c.o
#9 2.670 [  8%] Building C object src/lib/e2ap/v3_01/ie/asn/CMakeFiles/e2ap_asn1_obj.dir/ber_tlv_tag.c.o
#9 2.705 [  8%] Building C object src/lib/e2ap/v3_01/e2ap_types/CMakeFiles/e2ap_types_obj.dir/common/e2ap_global_ric_id.c.o
#9 2.706 [  8%] Building C object src/lib/e2ap/v3_01/ie/asn/CMakeFiles/e2ap_asn1_obj.dir/BIT_STRING.c.o
#9 2.737 [  8%] Building C object src/lib/e2ap/v3_01/e2ap_types/CMakeFiles/e2ap_types_obj.dir/common/e2ap_ran_function.c.o
#9 2.749 [  8%] Building C object src/lib/e2ap/v3_01/ie/asn/CMakeFiles/e2ap_asn1_obj.dir/BIT_STRING_jer.c.o
#9 2.775 [  8%] Building C object src/lib/e2ap/v3_01/e2ap_types/CMakeFiles/e2ap_types_obj.dir/common/e2ap_time_to_wait.c.o
#9 2.784 [  8%] Building C object src/lib/e2ap/v3_01/ie/asn/CMakeFiles/e2ap_asn1_obj.dir/BIT_STRING_print.c.o
#9 2.801 [  8%] Building C object src/lib/e2ap/v3_01/e2ap_types/CMakeFiles/e2ap_types_obj.dir/common/e2ap_rejected_ran_function.c.o
#9 2.830 [  8%] Building C object src/lib/e2ap/v3_01/ie/asn/CMakeFiles/e2ap_asn1_obj.dir/BIT_STRING_rfill.c.o
#9 2.830 [  8%] Building C object src/lib/e2ap/v3_01/e2ap_types/CMakeFiles/e2ap_types_obj.dir/common/e2ap_node_component_config_update.c.o
#9 2.863 [  8%] Building C object src/lib/e2ap/v3_01/e2ap_types/CMakeFiles/e2ap_types_obj.dir/common/transport_layer_info.c.o
#9 2.877 [  8%] Building C object src/lib/e2ap/v3_01/ie/asn/CMakeFiles/e2ap_asn1_obj.dir/BIT_STRING_uper.c.o
#9 2.888 [  8%] Building C object src/lib/e2ap/v3_01/e2ap_types/CMakeFiles/e2ap_types_obj.dir/common/e2ap_plmn.c.o
#9 2.921 [  8%] Building C object src/lib/e2ap/v3_01/e2ap_types/CMakeFiles/e2ap_types_obj.dir/common/ric_subsequent_action.c.o
#9 2.933 [  8%] Building C object src/lib/e2ap/v3_01/ie/asn/CMakeFiles/e2ap_asn1_obj.dir/BIT_STRING_xer.c.o
#9 2.952 [ 16%] Building C object src/lib/e2ap/v3_01/e2ap_types/CMakeFiles/e2ap_types_obj.dir/common/e2ap_node_component_config_add.c.o
#9 2.982 [ 16%] Building C object src/lib/e2ap/v3_01/ie/asn/CMakeFiles/e2ap_asn1_obj.dir/Cause.c.o
#9 2.984 [ 16%] Building C object src/lib/e2ap/v3_01/e2ap_types/CMakeFiles/e2ap_types_obj.dir/common/e2ap_node_comp_id.c.o
#9 3.020 [ 16%] Building C object src/lib/e2ap/v3_01/ie/asn/CMakeFiles/e2ap_asn1_obj.dir/CauseE2node.c.o
#9 3.022 [ 16%] Building C object src/lib/e2ap/v3_01/e2ap_types/CMakeFiles/e2ap_types_obj.dir/common/e2ap_node_comp_conf_add_ack.c.o
#9 3.056 [ 16%] Building C object src/lib/e2ap/v3_01/e2ap_types/CMakeFiles/e2ap_types_obj.dir/common/e2ap_node_comp_conf.c.o
#9 3.061 [ 25%] Building C object src/lib/e2ap/v3_01/ie/asn/CMakeFiles/e2ap_asn1_obj.dir/CauseMisc.c.o
#9 3.090 [ 25%] Building C object src/lib/e2ap/v3_01/e2ap_types/CMakeFiles/e2ap_types_obj.dir/common/e2ap_node_comp_config_add_ack.c.o
#9 3.101 [ 25%] Building C object src/lib/e2ap/v3_01/ie/asn/CMakeFiles/e2ap_asn1_obj.dir/CauseProtocol.c.o
#9 3.131 [ 25%] Built target e2ap_types_obj
#9 3.140 [ 25%] Building C object src/lib/e2ap/v3_01/ie/asn/CMakeFiles/e2ap_asn1_obj.dir/CauseRICrequest.c.o
#9 3.152 [ 25%] Building C object src/lib/ep/CMakeFiles/e2ap_ep_obj.dir/e2ap_ep.c.o
#9 3.172 [ 25%] Building C object src/lib/e2ap/v3_01/ie/asn/CMakeFiles/e2ap_asn1_obj.dir/CauseRICservice.c.o
#9 3.181 /source/flexric/src/lib/ep/e2ap_ep.c: In function 'cp_sn_assoc_change':
#9 3.181 /source/flexric/src/lib/ep/e2ap_ep.c:73:1: note: the ABI of passing struct with a flexible array member has changed in GCC 4.4
#9 3.181    73 | {
#9 3.181       | ^
#9 3.207 [ 25%] Building C object src/lib/e2ap/v3_01/ie/asn/CMakeFiles/e2ap_asn1_obj.dir/CauseTransport.c.o
#9 3.220 [ 25%] Building C object src/lib/ep/CMakeFiles/e2ap_ep_obj.dir/sctp_msg.c.o
#9 3.250 [ 25%] Building C object src/lib/e2ap/v3_01/ie/asn/CMakeFiles/e2ap_asn1_obj.dir/constraints.c.o
#9 3.259 [ 25%] Built target e2ap_ep_obj
#9 3.279 [ 25%] Building C object src/lib/3gpp/ie/CMakeFiles/3gpp_derived_ie_obj.dir/e2sm_gummei.c.o
#9 3.295 [ 25%] Building C object src/lib/e2ap/v3_01/ie/asn/CMakeFiles/e2ap_asn1_obj.dir/constr_CHOICE_aper.c.o
#9 3.315 [ 25%] Building C object src/lib/3gpp/ie/CMakeFiles/3gpp_derived_ie_obj.dir/e2ap_gnb_id.c.o
#9 3.344 [ 25%] Building C object src/lib/3gpp/ie/CMakeFiles/3gpp_derived_ie_obj.dir/enb.c.o
#9 3.346 [ 25%] Building C object src/lib/e2ap/v3_01/ie/asn/CMakeFiles/e2ap_asn1_obj.dir/constr_CHOICE_ber.c.o
#9 3.376 [ 25%] Building C object src/lib/3gpp/ie/CMakeFiles/3gpp_derived_ie_obj.dir/en_gnb.c.o
#9 3.406 [ 25%] Building C object src/lib/e2ap/v3_01/ie/asn/CMakeFiles/e2ap_asn1_obj.dir/constr_CHOICE.c.o
#9 3.415 [ 25%] Building C object src/lib/3gpp/ie/CMakeFiles/3gpp_derived_ie_obj.dir/eutra_cgi.c.o
#9 3.448 [ 25%] Building C object src/lib/3gpp/ie/CMakeFiles/3gpp_derived_ie_obj.dir/global_enb_id.c.o
#9 3.464 [ 25%] Building C object src/lib/e2ap/v3_01/ie/asn/CMakeFiles/e2ap_asn1_obj.dir/constr_CHOICE_jer.c.o
#9 3.472 [ 25%] Building C object src/lib/3gpp/ie/CMakeFiles/3gpp_derived_ie_obj.dir/global_gnb_id.c.o
#9 3.494 [ 25%] Building C object src/lib/e2ap/v3_01/ie/asn/CMakeFiles/e2ap_asn1_obj.dir/constr_CHOICE_print.c.o
#9 3.497 [ 25%] Building C object src/lib/3gpp/ie/CMakeFiles/3gpp_derived_ie_obj.dir/global_ng_enb_id.c.o
#9 3.525 [ 25%] Building C object src/lib/e2ap/v3_01/ie/asn/CMakeFiles/e2ap_asn1_obj.dir/constr_CHOICE_rfill.c.o
#9 3.527 [ 25%] Building C object src/lib/3gpp/ie/CMakeFiles/3gpp_derived_ie_obj.dir/global_ng_ran_node_id.c.o
#9 3.551 [ 25%] Building C object src/lib/3gpp/ie/CMakeFiles/3gpp_derived_ie_obj.dir/gnb.c.o
#9 3.562 [ 25%] Building C object src/lib/e2ap/v3_01/ie/asn/CMakeFiles/e2ap_asn1_obj.dir/constr_CHOICE_uper.c.o
#9 3.581 [ 25%] Building C object src/lib/3gpp/ie/CMakeFiles/3gpp_derived_ie_obj.dir/gnb_cu_up.c.o
#9 3.599 [ 25%] Building C object src/lib/e2ap/v3_01/ie/asn/CMakeFiles/e2ap_asn1_obj.dir/constr_CHOICE_xer.c.o
#9 3.610 [ 25%] Building C object src/lib/3gpp/ie/CMakeFiles/3gpp_derived_ie_obj.dir/gnb_du.c.o
#9 3.634 [ 25%] Building C object src/lib/e2ap/v3_01/ie/asn/CMakeFiles/e2ap_asn1_obj.dir/constr_SEQUENCE_aper.c.o
#9 3.639 [ 25%] Building C object src/lib/3gpp/ie/CMakeFiles/3gpp_derived_ie_obj.dir/guami.c.o
#9 3.665 [ 25%] Building C object src/lib/3gpp/ie/CMakeFiles/3gpp_derived_ie_obj.dir/ng_enb.c.o
#9 3.694 [ 25%] Building C object src/lib/3gpp/ie/CMakeFiles/3gpp_derived_ie_obj.dir/ng_enb_du.c.o
#9 3.694 [ 25%] Building C object src/lib/e2ap/v3_01/ie/asn/CMakeFiles/e2ap_asn1_obj.dir/constr_SEQUENCE_ber.c.o
#9 3.728 [ 25%] Building C object src/lib/3gpp/ie/CMakeFiles/3gpp_derived_ie_obj.dir/nr_cgi.c.o
#9 3.743 [ 25%] Building C object src/lib/e2ap/v3_01/ie/asn/CMakeFiles/e2ap_asn1_obj.dir/constr_SEQUENCE.c.o
#9 3.750 [ 25%] Building C object src/lib/3gpp/ie/CMakeFiles/3gpp_derived_ie_obj.dir/plmn_identity.c.o
#9 3.776 [ 25%] Building C object src/lib/3gpp/ie/CMakeFiles/3gpp_derived_ie_obj.dir/rrc_msg_id.c.o
#9 3.788 [ 25%] Building C object src/lib/e2ap/v3_01/ie/asn/CMakeFiles/e2ap_asn1_obj.dir/constr_SEQUENCE_jer.c.o
#9 3.806 [ 25%] Building C object src/lib/3gpp/ie/CMakeFiles/3gpp_derived_ie_obj.dir/s_nssai.c.o
#9 3.824 [ 25%] Building C object src/lib/e2ap/v3_01/ie/asn/CMakeFiles/e2ap_asn1_obj.dir/constr_SEQUENCE_OF_aper.c.o
#9 3.829 [ 25%] Built target 3gpp_derived_ie_obj
#9 3.848 [ 25%] Building C object src/lib/msg_hand/CMakeFiles/msg_hand_obj.dir/reg_e2_nodes.c.o
#9 3.858 [ 25%] Building C object src/lib/e2ap/v3_01/ie/asn/CMakeFiles/e2ap_asn1_obj.dir/constr_SEQUENCE_OF_ber.c.o
#9 3.902 [ 25%] Building C object src/lib/e2ap/v3_01/ie/asn/CMakeFiles/e2ap_asn1_obj.dir/constr_SEQUENCE_OF.c.o
#9 3.915 [ 25%] Building C object src/lib/msg_hand/CMakeFiles/msg_hand_obj.dir/e2_node_arr.c.o
#9 3.929 [ 25%] Building C object src/lib/e2ap/v3_01/ie/asn/CMakeFiles/e2ap_asn1_obj.dir/constr_SEQUENCE_OF_jer.c.o
#9 3.947 [ 25%] Built target msg_hand_obj
#9 3.964 [ 25%] Building C object src/lib/e2ap/v3_01/ie/asn/CMakeFiles/e2ap_asn1_obj.dir/constr_SEQUENCE_OF_uper.c.o
#9 3.964 [ 25%] Building C object src/util/CMakeFiles/e2_conf_obj.dir/conf_file.c.o
#9 4.001 [ 25%] Building C object src/lib/e2ap/v3_01/ie/asn/CMakeFiles/e2ap_asn1_obj.dir/constr_SEQUENCE_OF_xer.c.o
#9 4.008 [ 25%] Built target e2_conf_obj
#9 4.021 [ 25%] Building C object src/util/CMakeFiles/e2ap_ds_obj.dir/byte_array.c.o
#9 4.043 [ 25%] Building C object src/lib/e2ap/v3_01/ie/asn/CMakeFiles/e2ap_asn1_obj.dir/constr_SEQUENCE_print.c.o
#9 4.049 [ 25%] Building C object src/util/CMakeFiles/e2ap_ds_obj.dir/alg_ds/ds/seq_container/seq_arr.c.o
#9 4.075 [ 25%] Building C object src/lib/e2ap/v3_01/ie/asn/CMakeFiles/e2ap_asn1_obj.dir/constr_SEQUENCE_rfill.c.o
#9 4.091 [ 25%] Building C object src/util/CMakeFiles/e2ap_ds_obj.dir/alg_ds/ds/seq_container/seq_ring.c.o
#9 4.110 [ 25%] Building C object src/lib/e2ap/v3_01/ie/asn/CMakeFiles/e2ap_asn1_obj.dir/constr_SEQUENCE_uper.c.o
#9 4.129 [ 25%] Building C object src/util/CMakeFiles/e2ap_ds_obj.dir/alg_ds/ds/assoc_container/assoc_rb_tree.c.o
#9 4.154 [ 25%] Building C object src/lib/e2ap/v3_01/ie/asn/CMakeFiles/e2ap_asn1_obj.dir/constr_SEQUENCE_xer.c.o
#9 4.175 [ 25%] Building C object src/util/CMakeFiles/e2ap_ds_obj.dir/alg_ds/ds/assoc_container/bimap.c.o
#9 4.197 [ 25%] Building C object src/lib/e2ap/v3_01/ie/asn/CMakeFiles/e2ap_asn1_obj.dir/constr_SET_OF_aper.c.o
#9 4.208 [ 25%] Building C object src/util/CMakeFiles/e2ap_ds_obj.dir/alg_ds/ds/assoc_container/assoc_reg.c.o
#9 4.237 [ 25%] Building C object src/lib/e2ap/v3_01/ie/asn/CMakeFiles/e2ap_asn1_obj.dir/constr_SET_OF_ber.c.o
#9 4.255 [ 25%] Building C object src/util/CMakeFiles/e2ap_ds_obj.dir/alg_ds/ds/tsn_queue/tsn_queue.c.o
#9 4.281 [ 25%] Building C object src/lib/e2ap/v3_01/ie/asn/CMakeFiles/e2ap_asn1_obj.dir/constr_SET_OF.c.o
#9 4.304 [ 25%] Building C object src/util/CMakeFiles/e2ap_ds_obj.dir/alg_ds/ds/tsq/tsq.c.o
#9 4.324 [ 25%] Building C object src/lib/e2ap/v3_01/ie/asn/CMakeFiles/e2ap_asn1_obj.dir/constr_SET_OF_jer.c.o
#9 4.342 [ 25%] Building C object src/util/CMakeFiles/e2ap_ds_obj.dir/alg_ds/ds/task_man/task_manager.c.o
#9 4.360 [ 25%] Building C object src/lib/e2ap/v3_01/ie/asn/CMakeFiles/e2ap_asn1_obj.dir/constr_SET_OF_print.c.o
#9 4.395 [ 25%] Built target e2ap_ds_obj
#9 4.400 [ 25%] Building C object src/lib/e2ap/v3_01/ie/asn/CMakeFiles/e2ap_asn1_obj.dir/constr_SET_OF_rfill.c.o
#9 4.413 [ 25%] Building C object src/util/CMakeFiles/e2_conv_obj.dir/conversions.c.o
#9 4.433 [ 25%] Building C object src/lib/e2ap/v3_01/ie/asn/CMakeFiles/e2ap_asn1_obj.dir/constr_SET_OF_uper.c.o
#9 4.462 [ 25%] Built target e2_conv_obj
#9 4.468 [ 25%] Building C object src/lib/e2ap/v3_01/ie/asn/CMakeFiles/e2ap_asn1_obj.dir/constr_SET_OF_xer.c.o
#9 4.483 [ 25%] Building C object src/lib/e2ap/v3_01/ie/asn/CMakeFiles/e2ap_asn1_obj.dir/constr_TYPE.c.o
#9 4.513 [ 25%] Building C object src/lib/e2ap/v3_01/ie/asn/CMakeFiles/e2ap_asn1_obj.dir/Criticality.c.o
#9 4.522 [ 25%] Building C object src/lib/e2ap/v3_01/ie/asn/CMakeFiles/e2ap_asn1_obj.dir/CriticalityDiagnostics.c.o
#9 4.542 [ 33%] Building C object src/lib/e2ap/v3_01/ie/asn/CMakeFiles/e2ap_asn1_obj.dir/CriticalityDiagnostics-IE-Item.c.o
#9 4.553 [ 33%] Building C object src/lib/e2ap/v3_01/ie/asn/CMakeFiles/e2ap_asn1_obj.dir/CriticalityDiagnostics-IE-List.c.o
#9 4.572 [ 33%] Building C object src/lib/e2ap/v3_01/ie/asn/CMakeFiles/e2ap_asn1_obj.dir/der_encoder.c.o
#9 4.581 [ 33%] Building C object src/lib/e2ap/v3_01/ie/asn/CMakeFiles/e2ap_asn1_obj.dir/E2AP-PDU.c.o
#9 4.619 [ 33%] Building C object src/lib/e2ap/v3_01/ie/asn/CMakeFiles/e2ap_asn1_obj.dir/E2connectionSetupFailed-List.c.o
#9 4.619 [ 33%] Building C object src/lib/e2ap/v3_01/ie/asn/CMakeFiles/e2ap_asn1_obj.dir/E2connectionSetupFailed-Item.c.o
#9 4.649 [ 33%] Building C object src/lib/e2ap/v3_01/ie/asn/CMakeFiles/e2ap_asn1_obj.dir/E2connectionUpdateAcknowledge.c.o
#9 4.664 [ 33%] Building C object src/lib/e2ap/v3_01/ie/asn/CMakeFiles/e2ap_asn1_obj.dir/E2connectionUpdate.c.o
#9 4.678 [ 33%] Building C object src/lib/e2ap/v3_01/ie/asn/CMakeFiles/e2ap_asn1_obj.dir/E2connectionUpdateFailure.c.o
#9 4.695 [ 33%] Building C object src/lib/e2ap/v3_01/ie/asn/CMakeFiles/e2ap_asn1_obj.dir/E2connectionUpdate-Item.c.o
#9 4.710 [ 33%] Building C object src/lib/e2ap/v3_01/ie/asn/CMakeFiles/e2ap_asn1_obj.dir/E2connectionUpdate-List.c.o
#9 4.737 [ 33%] Building C object src/lib/e2ap/v3_01/ie/asn/CMakeFiles/e2ap_asn1_obj.dir/E2connectionUpdateRemove-Item.c.o
#9 4.754 [ 33%] Building C object src/lib/e2ap/v3_01/ie/asn/CMakeFiles/e2ap_asn1_obj.dir/E2connectionUpdateRemove-List.c.o
#9 4.770 [ 33%] Building C object src/lib/e2ap/v3_01/ie/asn/CMakeFiles/e2ap_asn1_obj.dir/E2nodeComponentConfigAdditionAck-Item.c.o
#9 4.792 [ 33%] Building C object src/lib/e2ap/v3_01/ie/asn/CMakeFiles/e2ap_asn1_obj.dir/E2nodeComponentConfigAdditionAck-List.c.o
#9 4.803 [ 33%] Building C object src/lib/e2ap/v3_01/ie/asn/CMakeFiles/e2ap_asn1_obj.dir/E2nodeComponentConfigAddition-Item.c.o
#9 4.825 [ 33%] Building C object src/lib/e2ap/v3_01/ie/asn/CMakeFiles/e2ap_asn1_obj.dir/E2nodeComponentConfigAddition-List.c.o
#9 4.847 [ 33%] Building C object src/lib/e2ap/v3_01/ie/asn/CMakeFiles/e2ap_asn1_obj.dir/E2nodeComponentConfigRemovalAck-Item.c.o
#9 4.864 [ 33%] Building C object src/lib/e2ap/v3_01/ie/asn/CMakeFiles/e2ap_asn1_obj.dir/E2nodeComponentConfigRemovalAck-List.c.o
#9 4.879 [ 33%] Building C object src/lib/e2ap/v3_01/ie/asn/CMakeFiles/e2ap_asn1_obj.dir/E2nodeComponentConfigRemoval-Item.c.o
#9 4.905 [ 33%] Building C object src/lib/e2ap/v3_01/ie/asn/CMakeFiles/e2ap_asn1_obj.dir/E2nodeComponentConfigRemoval-List.c.o
#9 4.924 [ 33%] Building C object src/util/CMakeFiles/e2_time_obj.dir/time_now_us.c.o
#9 4.944 [ 33%] Building C object src/lib/e2ap/v3_01/ie/asn/CMakeFiles/e2ap_asn1_obj.dir/E2nodeComponentConfigUpdateAck-Item.c.o
#9 4.946 [ 33%] Built target e2_time_obj
#9 4.952 [ 33%] Building C object src/lib/e2ap/v3_01/ie/asn/CMakeFiles/e2ap_asn1_obj.dir/E2nodeComponentConfigUpdateAck-List.c.o
#9 4.975 [ 33%] Building C object src/lib/e2ap/v3_01/ie/asn/CMakeFiles/e2ap_asn1_obj.dir/E2nodeComponentConfigUpdate-Item.c.o
#9 4.990 [ 33%] Building C object src/lib/e2ap/v3_01/ie/asn/CMakeFiles/e2ap_asn1_obj.dir/E2nodeComponentConfigUpdate-List.c.o
#9 5.003 [ 33%] Building C object src/lib/e2ap/v3_01/ie/asn/CMakeFiles/e2ap_asn1_obj.dir/E2nodeComponentConfigurationAck.c.o
#9 5.044 [ 33%] Building C object src/lib/e2ap/v3_01/ie/asn/CMakeFiles/e2ap_asn1_obj.dir/E2nodeComponentConfiguration.c.o
#9 5.052 [ 33%] Building C object src/util/CMakeFiles/e2ap_alg_obj.dir/alg_ds/alg/accumulate.c.o
#9 5.078 [ 33%] Building C object src/util/CMakeFiles/e2ap_alg_obj.dir/alg_ds/alg/defer.c.o
#9 5.084 [ 33%] Building C object src/lib/e2ap/v3_01/ie/asn/CMakeFiles/e2ap_asn1_obj.dir/E2nodeComponentID.c.o
#9 5.104 [ 33%] Building C object src/util/CMakeFiles/e2ap_alg_obj.dir/alg_ds/alg/lower_bound.c.o
#9 5.127 [ 33%] Building C object src/lib/e2ap/v3_01/ie/asn/CMakeFiles/e2ap_asn1_obj.dir/E2nodeComponentInterfaceE1.c.o
#9 5.130 [ 33%] Building C object src/util/CMakeFiles/e2ap_alg_obj.dir/alg_ds/alg/eq_float.c.o
#9 5.157 [ 33%] Building C object src/lib/e2ap/v3_01/ie/asn/CMakeFiles/e2ap_asn1_obj.dir/E2nodeComponentInterfaceF1.c.o
#9 5.160 [ 41%] Building C object src/util/CMakeFiles/e2ap_alg_obj.dir/alg_ds/alg/find.c.o
#9 5.186 [ 41%] Building C object src/lib/e2ap/v3_01/ie/asn/CMakeFiles/e2ap_asn1_obj.dir/E2nodeComponentInterfaceNG.c.o
#9 5.200 [ 41%] Building C object src/util/CMakeFiles/e2ap_alg_obj.dir/alg_ds/alg/for_each.c.o
#9 5.215 [ 41%] Building C object src/lib/e2ap/v3_01/ie/asn/CMakeFiles/e2ap_asn1_obj.dir/E2nodeComponentInterfaceS1.c.o
#9 5.228 [ 41%] Building C object src/util/CMakeFiles/e2ap_alg_obj.dir/alg_ds/alg/iter_swap.c.o
#9 5.245 [ 41%] Building C object src/lib/e2ap/v3_01/ie/asn/CMakeFiles/e2ap_asn1_obj.dir/E2nodeComponentInterfaceType.c.o
#9 5.250 [ 41%] Building C object src/util/CMakeFiles/e2ap_alg_obj.dir/alg_ds/alg/rotate.c.o
#9 5.275 [ 41%] Building C object src/lib/e2ap/v3_01/ie/asn/CMakeFiles/e2ap_asn1_obj.dir/E2nodeComponentInterfaceW1.c.o
#9 5.281 [ 41%] Building C object src/util/CMakeFiles/e2ap_alg_obj.dir/alg_ds/alg/string/search_naive.c.o
#9 5.301 [ 41%] Building C object src/util/CMakeFiles/e2ap_alg_obj.dir/alg_ds/alg/string/booyer_moore.c.o
#9 5.318 [ 41%] Building C object src/lib/e2ap/v3_01/ie/asn/CMakeFiles/e2ap_asn1_obj.dir/E2nodeComponentInterfaceX2.c.o
#9 5.331 [ 41%] Built target e2ap_alg_obj
#9 5.339 [ 41%] Building C object src/lib/e2ap/v3_01/ie/asn/CMakeFiles/e2ap_asn1_obj.dir/E2nodeComponentInterfaceXn.c.o
#9 5.345 [ 41%] Building C object src/lib/e2ap/v3_01/ie/asn/CMakeFiles/e2ap_asn1_obj.dir/E2nodeConfigurationUpdateAcknowledge.c.o
#9 5.370 [ 41%] Building C object src/lib/e2ap/v3_01/ie/asn/CMakeFiles/e2ap_asn1_obj.dir/E2nodeConfigurationUpdate.c.o
#9 5.379 [ 41%] Building C object src/lib/e2ap/v3_01/ie/asn/CMakeFiles/e2ap_asn1_obj.dir/E2nodeConfigurationUpdateFailure.c.o
#9 5.401 [ 50%] Building C object src/lib/e2ap/v3_01/ie/asn/CMakeFiles/e2ap_asn1_obj.dir/E2nodeConnected-List.c.o
#9 5.413 [ 50%] Building C object src/lib/e2ap/v3_01/ie/asn/CMakeFiles/e2ap_asn1_obj.dir/E2nodeTNLassociationRemoval-Item.c.o
#9 5.439 [ 50%] Building C object src/lib/e2ap/v3_01/ie/asn/CMakeFiles/e2ap_asn1_obj.dir/E2nodeTNLassociationRemoval-List.c.o
#9 5.444 [ 50%] Building C object src/lib/e2ap/v3_01/ie/asn/CMakeFiles/e2ap_asn1_obj.dir/E2RemovalFailure.c.o
#9 5.476 [ 50%] Building C object src/lib/e2ap/v3_01/ie/asn/CMakeFiles/e2ap_asn1_obj.dir/E2RemovalRequest.c.o
#9 5.485 [ 50%] Building C object src/lib/e2ap/v3_01/ie/asn/CMakeFiles/e2ap_asn1_obj.dir/E2RemovalResponse.c.o
#9 5.509 [ 50%] Building C object src/lib/e2ap/v3_01/ie/asn/CMakeFiles/e2ap_asn1_obj.dir/E2setupFailure.c.o
#9 5.521 [ 50%] Building C object src/lib/e2ap/v3_01/ie/asn/CMakeFiles/e2ap_asn1_obj.dir/E2setupRequest.c.o
#9 5.547 [ 50%] Building C object src/lib/e2ap/v3_01/ie/asn/CMakeFiles/e2ap_asn1_obj.dir/E2setupResponse.c.o
#9 5.555 [ 50%] Building C object src/lib/e2ap/v3_01/ie/asn/CMakeFiles/e2ap_asn1_obj.dir/E42RICcontrolRequest.c.o
#9 5.588 [ 50%] Building C object src/lib/e2ap/v3_01/ie/asn/CMakeFiles/e2ap_asn1_obj.dir/E42RICsubscriptionDeleteRequest.c.o
#9 5.591 [ 50%] Building C object src/lib/e2ap/v3_01/ie/asn/CMakeFiles/e2ap_asn1_obj.dir/E42RICsubscriptionRequest.c.o
#9 5.620 [ 50%] Building C object src/lib/e2ap/v3_01/ie/asn/CMakeFiles/e2ap_asn1_obj.dir/E42setupRequest.c.o
#9 5.633 [ 50%] Building C object src/lib/e2ap/v3_01/ie/asn/CMakeFiles/e2ap_asn1_obj.dir/E42setupResponse.c.o
#9 5.656 [ 50%] Building C object src/lib/e2ap/v3_01/ie/asn/CMakeFiles/e2ap_asn1_obj.dir/ENB-ID.c.o
#9 5.666 [ 50%] Building C object src/lib/e2ap/v3_01/ie/asn/CMakeFiles/e2ap_asn1_obj.dir/ENB-ID-Choice.c.o
#9 5.690 [ 50%] Building C object src/lib/e2ap/v3_01/ie/asn/CMakeFiles/e2ap_asn1_obj.dir/ENGNB-ID.c.o
#9 5.703 [ 50%] Building C object src/lib/e2ap/v3_01/ie/asn/CMakeFiles/e2ap_asn1_obj.dir/ErrorIndication.c.o
#9 5.731 [ 50%] Building C object src/lib/e2ap/v3_01/ie/asn/CMakeFiles/e2ap_asn1_obj.dir/EXTERNAL.c.o
#9 5.739 [ 50%] Building C object src/lib/e2ap/v3_01/ie/asn/CMakeFiles/e2ap_asn1_obj.dir/GlobalE2node-eNB-ID.c.o
#9 5.760 [ 50%] Building C object src/lib/e2ap/v3_01/ie/asn/CMakeFiles/e2ap_asn1_obj.dir/GlobalE2node-en-gNB-ID.c.o
#9 5.776 [ 50%] Building C object src/lib/e2ap/v3_01/ie/asn/CMakeFiles/e2ap_asn1_obj.dir/GlobalE2node-gNB-ID.c.o
#9 5.790 [ 50%] Building C object src/lib/e2ap/v3_01/ie/asn/CMakeFiles/e2ap_asn1_obj.dir/GlobalE2node-ID.c.o
#9 5.803 [ 50%] Building C object src/lib/e2ap/v3_01/ie/asn/CMakeFiles/e2ap_asn1_obj.dir/GlobalE2node-ng-eNB-ID.c.o
#9 5.831 [ 50%] Building C object src/lib/e2ap/v3_01/ie/asn/CMakeFiles/e2ap_asn1_obj.dir/GlobalENB-ID.c.o
#9 5.833 [ 50%] Building C object src/lib/e2ap/v3_01/ie/asn/CMakeFiles/e2ap_asn1_obj.dir/GlobalenGNB-ID.c.o
#9 5.863 [ 50%] Building C object src/lib/e2ap/v3_01/ie/asn/CMakeFiles/e2ap_asn1_obj.dir/GlobalngeNB-ID.c.o
#9 5.864 [ 50%] Building C object src/lib/e2ap/v3_01/ie/asn/CMakeFiles/e2ap_asn1_obj.dir/GlobalgNB-ID.c.o
#9 5.903 [ 50%] Building C object src/lib/e2ap/v3_01/ie/asn/CMakeFiles/e2ap_asn1_obj.dir/GlobalNG-RANNode-ID.c.o
#9 5.903 [ 50%] Building C object src/lib/e2ap/v3_01/ie/asn/CMakeFiles/e2ap_asn1_obj.dir/GlobalRIC-ID.c.o
#9 5.933 [ 50%] Building C object src/lib/e2ap/v3_01/ie/asn/CMakeFiles/e2ap_asn1_obj.dir/GNB-DU-ID.c.o
#9 5.936 [ 50%] Building C object src/lib/e2ap/v3_01/ie/asn/CMakeFiles/e2ap_asn1_obj.dir/GNB-CU-UP-ID.c.o
#9 5.963 [ 50%] Building C object src/lib/e2ap/v3_01/ie/asn/CMakeFiles/e2ap_asn1_obj.dir/GNB-ID-Choice.c.o
#9 5.972 [ 50%] Building C object src/lib/e2ap/v3_01/ie/asn/CMakeFiles/e2ap_asn1_obj.dir/GraphicString.c.o
#9 5.998 [ 50%] Building C object src/lib/e2ap/v3_01/ie/asn/CMakeFiles/e2ap_asn1_obj.dir/InitiatingMessage.c.o
#9 6.010 [ 50%] Building C object src/lib/e2ap/v3_01/ie/asn/CMakeFiles/e2ap_asn1_obj.dir/INTEGER_aper.c.o
#9 6.053 [ 50%] Building C object src/lib/e2ap/v3_01/ie/asn/CMakeFiles/e2ap_asn1_obj.dir/INTEGER_ber.c.o
#9 6.062 [ 50%] Building C object src/lib/e2ap/v3_01/ie/asn/CMakeFiles/e2ap_asn1_obj.dir/INTEGER.c.o
#9 6.098 [ 58%] Building C object src/lib/e2ap/v3_01/ie/asn/CMakeFiles/e2ap_asn1_obj.dir/INTEGER_jer.c.o
#9 6.116 [ 58%] Building C object src/lib/e2ap/v3_01/ie/asn/CMakeFiles/e2ap_asn1_obj.dir/INTEGER_print.c.o
#9 6.137 [ 58%] Building C object src/lib/e2ap/v3_01/ie/asn/CMakeFiles/e2ap_asn1_obj.dir/INTEGER_rfill.c.o
#9 6.150 [ 58%] Building C object src/lib/e2ap/v3_01/ie/asn/CMakeFiles/e2ap_asn1_obj.dir/INTEGER_uper.c.o
#9 6.170 [ 58%] Building C object src/lib/e2ap/v3_01/ie/asn/CMakeFiles/e2ap_asn1_obj.dir/INTEGER_xer.c.o
#9 6.205 [ 58%] Building C object src/lib/e2ap/v3_01/ie/asn/CMakeFiles/e2ap_asn1_obj.dir/jer_encoder.c.o
#9 6.208 [ 58%] Building C object src/lib/e2ap/v3_01/ie/asn/CMakeFiles/e2ap_asn1_obj.dir/MMEname.c.o
#9 6.238 [ 58%] Building C object src/lib/e2ap/v3_01/ie/asn/CMakeFiles/e2ap_asn1_obj.dir/NativeEnumerated_aper.c.o
#9 6.244 [ 58%] Building C object src/lib/e2ap/v3_01/ie/asn/CMakeFiles/e2ap_asn1_obj.dir/NativeEnumerated.c.o
#9 6.276 [ 58%] Building C object src/lib/e2ap/v3_01/ie/asn/CMakeFiles/e2ap_asn1_obj.dir/NativeEnumerated_jer.c.o
#9 6.278 [ 58%] Building C object src/lib/e2ap/v3_01/ie/asn/CMakeFiles/e2ap_asn1_obj.dir/NativeEnumerated_uper.c.o
#9 6.307 [ 58%] Building C object src/lib/e2ap/v3_01/ie/asn/CMakeFiles/e2ap_asn1_obj.dir/NativeEnumerated_xer.c.o
#9 6.316 [ 58%] Building C object src/lib/e2ap/v3_01/ie/asn/CMakeFiles/e2ap_asn1_obj.dir/NativeInteger_aper.c.o
#9 6.348 [ 58%] Building C object src/lib/e2ap/v3_01/ie/asn/CMakeFiles/e2ap_asn1_obj.dir/NativeInteger_ber.c.o
#9 6.349 [ 58%] Building C object src/lib/e2ap/v3_01/ie/asn/CMakeFiles/e2ap_asn1_obj.dir/NativeInteger.c.o
#9 6.380 [ 58%] Building C object src/lib/e2ap/v3_01/ie/asn/CMakeFiles/e2ap_asn1_obj.dir/NativeInteger_jer.c.o
#9 6.392 [ 58%] Building C object src/lib/e2ap/v3_01/ie/asn/CMakeFiles/e2ap_asn1_obj.dir/NativeInteger_print.c.o
#9 6.415 [ 58%] Building C object src/lib/e2ap/v3_01/ie/asn/CMakeFiles/e2ap_asn1_obj.dir/NativeInteger_rfill.c.o
#9 6.424 [ 58%] Building C object src/lib/e2ap/v3_01/ie/asn/CMakeFiles/e2ap_asn1_obj.dir/NativeInteger_uper.c.o
#9 6.457 [ 58%] Building C object src/lib/e2ap/v3_01/ie/asn/CMakeFiles/e2ap_asn1_obj.dir/NativeInteger_xer.c.o
#9 6.461 [ 58%] Building C object src/lib/e2ap/v3_01/ie/asn/CMakeFiles/e2ap_asn1_obj.dir/NGENB-DU-ID.c.o
#9 6.490 [ 58%] Building C object src/lib/e2ap/v3_01/ie/asn/CMakeFiles/e2ap_asn1_obj.dir/ObjectDescriptor.c.o
#9 6.504 [ 58%] Building C object src/lib/e2ap/v3_01/ie/asn/CMakeFiles/e2ap_asn1_obj.dir/OBJECT_IDENTIFIER.c.o
#9 6.531 [ 58%] Building C object src/lib/e2ap/v3_01/ie/asn/CMakeFiles/e2ap_asn1_obj.dir/OBJECT_IDENTIFIER_jer.c.o
#9 6.544 [ 58%] Building C object src/lib/e2ap/v3_01/ie/asn/CMakeFiles/e2ap_asn1_obj.dir/OBJECT_IDENTIFIER_print.c.o
#9 6.573 [ 58%] Building C object src/lib/e2ap/v3_01/ie/asn/CMakeFiles/e2ap_asn1_obj.dir/OBJECT_IDENTIFIER_rfill.c.o
#9 6.575 [ 58%] Building C object src/lib/e2ap/v3_01/ie/asn/CMakeFiles/e2ap_asn1_obj.dir/OBJECT_IDENTIFIER_xer.c.o
#9 6.606 [ 58%] Building C object src/lib/e2ap/v3_01/ie/asn/CMakeFiles/e2ap_asn1_obj.dir/OCTET_STRING_aper.c.o
#9 6.618 [ 58%] Building C object src/lib/e2ap/v3_01/ie/asn/CMakeFiles/e2ap_asn1_obj.dir/OCTET_STRING_ber.c.o
#9 6.648 [ 58%] Building C object src/lib/e2ap/v3_01/ie/asn/CMakeFiles/e2ap_asn1_obj.dir/OCTET_STRING.c.o
#9 6.681 [ 58%] Building C object src/lib/e2ap/v3_01/ie/asn/CMakeFiles/e2ap_asn1_obj.dir/OCTET_STRING_jer.c.o
#9 6.705 [ 58%] Building C object src/lib/e2ap/v3_01/ie/asn/CMakeFiles/e2ap_asn1_obj.dir/OCTET_STRING_print.c.o
#9 6.713 [ 58%] Building C object src/lib/e2ap/v3_01/ie/asn/CMakeFiles/e2ap_asn1_obj.dir/OCTET_STRING_rfill.c.o
#9 6.754 [ 58%] Building C object src/lib/e2ap/v3_01/ie/asn/CMakeFiles/e2ap_asn1_obj.dir/OCTET_STRING_uper.c.o
#9 6.756 [ 58%] Building C object src/lib/e2ap/v3_01/ie/asn/CMakeFiles/e2ap_asn1_obj.dir/OCTET_STRING_xer.c.o
#9 6.807 [ 58%] Building C object src/lib/e2ap/v3_01/ie/asn/CMakeFiles/e2ap_asn1_obj.dir/OPEN_TYPE_aper.c.o
#9 6.809 [ 58%] Building C object src/lib/e2ap/v3_01/ie/asn/CMakeFiles/e2ap_asn1_obj.dir/OPEN_TYPE_ber.c.o
#9 6.849 [ 58%] Building C object src/lib/e2ap/v3_01/ie/asn/CMakeFiles/e2ap_asn1_obj.dir/OPEN_TYPE.c.o
#9 6.853 [ 58%] Building C object src/lib/e2ap/v3_01/ie/asn/CMakeFiles/e2ap_asn1_obj.dir/OPEN_TYPE_uper.c.o
#9 6.892 [ 66%] Building C object src/lib/e2ap/v3_01/ie/asn/CMakeFiles/e2ap_asn1_obj.dir/OPEN_TYPE_xer.c.o
#9 6.902 [ 66%] Building C object src/lib/e2ap/v3_01/ie/asn/CMakeFiles/e2ap_asn1_obj.dir/per_decoder.c.o
#9 6.931 [ 66%] Building C object src/lib/e2ap/v3_01/ie/asn/CMakeFiles/e2ap_asn1_obj.dir/per_encoder.c.o
#9 6.939 [ 66%] Building C object src/lib/e2ap/v3_01/ie/asn/CMakeFiles/e2ap_asn1_obj.dir/per_opentype.c.o
#9 6.964 [ 66%] Building C object src/lib/e2ap/v3_01/ie/asn/CMakeFiles/e2ap_asn1_obj.dir/per_support.c.o
#9 6.981 [ 66%] Building C object src/lib/e2ap/v3_01/ie/asn/CMakeFiles/e2ap_asn1_obj.dir/PLMN-Identity.c.o
#9 7.005 [ 66%] Building C object src/lib/e2ap/v3_01/ie/asn/CMakeFiles/e2ap_asn1_obj.dir/Presence.c.o
#9 7.010 [ 66%] Building C object src/lib/e2ap/v3_01/ie/asn/CMakeFiles/e2ap_asn1_obj.dir/PrintableString.c.o
#9 7.039 [ 66%] Building C object src/lib/e2ap/v3_01/ie/asn/CMakeFiles/e2ap_asn1_obj.dir/ProcedureCode.c.o
#9 7.056 [ 66%] Building C object src/lib/e2ap/v3_01/ie/asn/CMakeFiles/e2ap_asn1_obj.dir/ProtocolIE-Container.c.o
#9 7.083 [ 66%] Building C object src/lib/e2ap/v3_01/ie/asn/CMakeFiles/e2ap_asn1_obj.dir/ProtocolIE-ContainerList.c.o
#9 7.104 [ 66%] Building C object src/lib/e2ap/v3_01/ie/asn/CMakeFiles/e2ap_asn1_obj.dir/ProtocolIE-ContainerPair.c.o
#9 7.110 [ 66%] Building C object src/lib/e2ap/v3_01/ie/asn/CMakeFiles/e2ap_asn1_obj.dir/ProtocolIE-ContainerPairList.c.o
#9 7.136 [ 66%] Building C object src/lib/e2ap/v3_01/ie/asn/CMakeFiles/e2ap_asn1_obj.dir/ProtocolIE-Field.c.o
#9 7.146 [ 66%] Building C object src/lib/e2ap/v3_01/ie/asn/CMakeFiles/e2ap_asn1_obj.dir/ProtocolIE-FieldPair.c.o
#9 7.178 [ 66%] Building C object src/lib/e2ap/v3_01/ie/asn/CMakeFiles/e2ap_asn1_obj.dir/ProtocolIE-ID.c.o
#9 7.211 [ 66%] Building C object src/lib/e2ap/v3_01/ie/asn/CMakeFiles/e2ap_asn1_obj.dir/ProtocolIE-SingleContainer.c.o
#9 7.272 [ 66%] Building C object src/lib/e2ap/v3_01/ie/asn/CMakeFiles/e2ap_asn1_obj.dir/RANfunctionDefinition.c.o
#9 7.313 [ 66%] Building C object src/lib/e2ap/v3_01/ie/asn/CMakeFiles/e2ap_asn1_obj.dir/RANfunctionID.c.o
#9 7.347 [ 66%] Building C object src/lib/e2ap/v3_01/ie/asn/CMakeFiles/e2ap_asn1_obj.dir/RANfunctionIDcause-Item.c.o
#9 7.386 [ 66%] Building C object src/lib/e2ap/v3_01/ie/asn/CMakeFiles/e2ap_asn1_obj.dir/RANfunctionID-Item.c.o
#9 7.428 [ 66%] Building C object src/lib/e2ap/v3_01/ie/asn/CMakeFiles/e2ap_asn1_obj.dir/RANfunction-Item.c.o
#9 7.467 [ 66%] Building C object src/lib/e2ap/v3_01/ie/asn/CMakeFiles/e2ap_asn1_obj.dir/RANfunctionOID.c.o
#9 7.508 [ 66%] Building C object src/lib/e2ap/v3_01/ie/asn/CMakeFiles/e2ap_asn1_obj.dir/RANfunctionRevision.c.o
#9 7.550 [ 66%] Building C object src/lib/e2ap/v3_01/ie/asn/CMakeFiles/e2ap_asn1_obj.dir/RANfunctionsIDcause-List.c.o
#9 7.591 [ 66%] Building C object src/lib/e2ap/v3_01/ie/asn/CMakeFiles/e2ap_asn1_obj.dir/RANfunctionsID-List.c.o
#9 7.604 [ 66%] Building C object src/lib/e2ap/v3_01/ie/asn/CMakeFiles/e2ap_asn1_obj.dir/RANfunctions-List.c.o
#9 7.635 [ 66%] Building C object src/lib/e2ap/v3_01/ie/asn/CMakeFiles/e2ap_asn1_obj.dir/ResetRequest.c.o
#9 7.644 [ 66%] Building C object src/lib/e2ap/v3_01/ie/asn/CMakeFiles/e2ap_asn1_obj.dir/ResetResponse.c.o
#9 7.680 [ 66%] Building C object src/lib/e2ap/v3_01/ie/asn/CMakeFiles/e2ap_asn1_obj.dir/RICaction-Admitted-Item.c.o
#9 7.680 [ 66%] Building C object src/lib/e2ap/v3_01/ie/asn/CMakeFiles/e2ap_asn1_obj.dir/RICaction-AddedForModification-Item.c.o
#9 7.723 [ 66%] Building C object src/lib/e2ap/v3_01/ie/asn/CMakeFiles/e2ap_asn1_obj.dir/RICaction-Admitted-List.c.o
#9 7.723 [ 66%] Building C object src/lib/e2ap/v3_01/ie/asn/CMakeFiles/e2ap_asn1_obj.dir/RICaction-ConfirmedForModification-Item.c.o
#9 7.765 [ 66%] Building C object src/lib/e2ap/v3_01/ie/asn/CMakeFiles/e2ap_asn1_obj.dir/RICaction-ConfirmedForRemoval-Item.c.o
#9 7.766 [ 66%] Building C object src/lib/e2ap/v3_01/ie/asn/CMakeFiles/e2ap_asn1_obj.dir/RICactionDefinition.c.o
#9 7.803 [ 66%] Building C object src/lib/e2ap/v3_01/ie/asn/CMakeFiles/e2ap_asn1_obj.dir/RICactionExecutionOrder.c.o
#9 7.804 [ 66%] Building C object src/lib/e2ap/v3_01/ie/asn/CMakeFiles/e2ap_asn1_obj.dir/RICaction-FailedToBeAddedForModification-Item.c.o
#9 7.846 [ 66%] Building C object src/lib/e2ap/v3_01/ie/asn/CMakeFiles/e2ap_asn1_obj.dir/RICaction-FailedToBeModifiedForModification-Item.c.o
#9 7.846 [ 66%] Building C object src/lib/e2ap/v3_01/ie/asn/CMakeFiles/e2ap_asn1_obj.dir/RICaction-FailedToBeRemovedForModification-Item.c.o
#9 7.879 [ 75%] Building C object src/lib/e2ap/v3_01/ie/asn/CMakeFiles/e2ap_asn1_obj.dir/RICactionID.c.o
#9 7.888 [ 75%] Building C object src/lib/e2ap/v3_01/ie/asn/CMakeFiles/e2ap_asn1_obj.dir/RICaction-ModifiedForModification-Item.c.o
#9 7.924 [ 75%] Building C object src/lib/e2ap/v3_01/ie/asn/CMakeFiles/e2ap_asn1_obj.dir/RICaction-NotAdmitted-Item.c.o
#9 7.932 [ 75%] Building C object src/lib/e2ap/v3_01/ie/asn/CMakeFiles/e2ap_asn1_obj.dir/RICaction-NotAdmitted-List.c.o
#9 7.971 [ 75%] Building C object src/lib/e2ap/v3_01/ie/asn/CMakeFiles/e2ap_asn1_obj.dir/RICaction-RefusedToBeModified-Item.c.o
#9 7.990 [ 75%] Building C object src/lib/e2ap/v3_01/ie/asn/CMakeFiles/e2ap_asn1_obj.dir/RICaction-RefusedToBeRemoved-Item.c.o
#9 8.014 [ 75%] Building C object src/lib/e2ap/v3_01/ie/asn/CMakeFiles/e2ap_asn1_obj.dir/RICaction-RemovedForModification-Item.c.o
#9 8.032 [ 75%] Building C object src/lib/e2ap/v3_01/ie/asn/CMakeFiles/e2ap_asn1_obj.dir/RICaction-RequiredToBeModified-Item.c.o
#9 8.058 [ 75%] Building C object src/lib/e2ap/v3_01/ie/asn/CMakeFiles/e2ap_asn1_obj.dir/RICaction-RequiredToBeRemoved-Item.c.o
#9 8.077 [ 75%] Building C object src/lib/e2ap/v3_01/ie/asn/CMakeFiles/e2ap_asn1_obj.dir/RICactions-AddedForModification-List.c.o
#9 8.104 [ 75%] Building C object src/lib/e2ap/v3_01/ie/asn/CMakeFiles/e2ap_asn1_obj.dir/RICactions-ConfirmedForModification-List.c.o
#9 8.128 [ 75%] Building C object src/lib/e2ap/v3_01/ie/asn/CMakeFiles/e2ap_asn1_obj.dir/RICactions-ConfirmedForRemoval-List.c.o
#9 8.150 [ 75%] Building C object src/lib/e2ap/v3_01/ie/asn/CMakeFiles/e2ap_asn1_obj.dir/RICactions-FailedToBeAddedForModification-List.c.o
#9 8.186 [ 75%] Building C object src/lib/e2ap/v3_01/ie/asn/CMakeFiles/e2ap_asn1_obj.dir/RICactions-FailedToBeModifiedForModification-List.c.o
#9 8.202 [ 75%] Building C object src/lib/e2ap/v3_01/ie/asn/CMakeFiles/e2ap_asn1_obj.dir/RICactions-FailedToBeRemovedForModification-List.c.o
#9 8.237 [ 75%] Building C object src/lib/e2ap/v3_01/ie/asn/CMakeFiles/e2ap_asn1_obj.dir/RICactions-ModifiedForModification-List.c.o
#9 8.254 [ 75%] Building C object src/lib/e2ap/v3_01/ie/asn/CMakeFiles/e2ap_asn1_obj.dir/RICactions-RefusedToBeModified-List.c.o
#9 8.295 [ 75%] Building C object src/lib/e2ap/v3_01/ie/asn/CMakeFiles/e2ap_asn1_obj.dir/RICactions-RefusedToBeRemoved-List.c.o
#9 8.314 [ 75%] Building C object src/lib/e2ap/v3_01/ie/asn/CMakeFiles/e2ap_asn1_obj.dir/RICactions-RemovedForModification-List.c.o
#9 8.354 [ 75%] Building C object src/lib/e2ap/v3_01/ie/asn/CMakeFiles/e2ap_asn1_obj.dir/RICactions-RequiredToBeModified-List.c.o
#9 8.373 [ 75%] Building C object src/lib/e2ap/v3_01/ie/asn/CMakeFiles/e2ap_asn1_obj.dir/RICactions-RequiredToBeRemoved-List.c.o
#9 8.413 [ 75%] Building C object src/lib/e2ap/v3_01/ie/asn/CMakeFiles/e2ap_asn1_obj.dir/RICactions-ToBeAddedForModification-List.c.o
#9 8.431 [ 75%] Building C object src/lib/e2ap/v3_01/ie/asn/CMakeFiles/e2ap_asn1_obj.dir/RICactions-ToBeModifiedForModification-List.c.o
#9 8.473 [ 75%] Building C object src/lib/e2ap/v3_01/ie/asn/CMakeFiles/e2ap_asn1_obj.dir/RICactions-ToBeRemovedForModification-List.c.o
#9 8.484 [ 75%] Building C object src/lib/e2ap/v3_01/ie/asn/CMakeFiles/e2ap_asn1_obj.dir/RICactions-ToBeSetup-List.c.o
#9 8.516 [ 75%] Building C object src/lib/e2ap/v3_01/ie/asn/CMakeFiles/e2ap_asn1_obj.dir/RICaction-ToBeAddedForModification-Item.c.o
#9 8.538 [ 75%] Building C object src/lib/e2ap/v3_01/ie/asn/CMakeFiles/e2ap_asn1_obj.dir/RICaction-ToBeModifiedForModification-Item.c.o
#9 8.554 [ 75%] Building C object src/lib/e2ap/v3_01/ie/asn/CMakeFiles/e2ap_asn1_obj.dir/RICaction-ToBeRemovedForModification-Item.c.o
#9 8.580 [ 75%] Building C object src/lib/e2ap/v3_01/ie/asn/CMakeFiles/e2ap_asn1_obj.dir/RICaction-ToBeSetup-Item.c.o
#9 8.595 [ 75%] Building C object src/lib/e2ap/v3_01/ie/asn/CMakeFiles/e2ap_asn1_obj.dir/RICactionType.c.o
#9 8.624 [ 75%] Building C object src/lib/e2ap/v3_01/ie/asn/CMakeFiles/e2ap_asn1_obj.dir/RICcallProcessID.c.o
#9 8.637 [ 75%] Building C object src/lib/e2ap/v3_01/ie/asn/CMakeFiles/e2ap_asn1_obj.dir/RICcontrolAcknowledge.c.o
#9 8.665 [ 75%] Building C object src/lib/e2ap/v3_01/ie/asn/CMakeFiles/e2ap_asn1_obj.dir/RICcontrolAckRequest.c.o
#9 8.674 [ 75%] Building C object src/lib/e2ap/v3_01/ie/asn/CMakeFiles/e2ap_asn1_obj.dir/RICcontrolFailure.c.o
#9 8.702 [ 75%] Building C object src/lib/e2ap/v3_01/ie/asn/CMakeFiles/e2ap_asn1_obj.dir/RICcontrolHeader.c.o
#9 8.705 [ 75%] Building C object src/lib/e2ap/v3_01/ie/asn/CMakeFiles/e2ap_asn1_obj.dir/RICcontrolMessage.c.o
#9 8.730 [ 75%] Building C object src/lib/e2ap/v3_01/ie/asn/CMakeFiles/e2ap_asn1_obj.dir/RICcontrolOutcome.c.o
#9 8.744 [ 75%] Building C object src/lib/e2ap/v3_01/ie/asn/CMakeFiles/e2ap_asn1_obj.dir/RICcontrolRequest.c.o
#9 8.771 [ 83%] Building C object src/lib/e2ap/v3_01/ie/asn/CMakeFiles/e2ap_asn1_obj.dir/RICeventTriggerDefinition.c.o
#9 8.774 [ 83%] Building C object src/lib/e2ap/v3_01/ie/asn/CMakeFiles/e2ap_asn1_obj.dir/RICindication.c.o
#9 8.801 [ 83%] Building C object src/lib/e2ap/v3_01/ie/asn/CMakeFiles/e2ap_asn1_obj.dir/RICindicationHeader.c.o
#9 8.813 [ 83%] Building C object src/lib/e2ap/v3_01/ie/asn/CMakeFiles/e2ap_asn1_obj.dir/RICindicationMessage.c.o
#9 8.842 [ 83%] Building C object src/lib/e2ap/v3_01/ie/asn/CMakeFiles/e2ap_asn1_obj.dir/RICindicationSN.c.o
#9 8.848 [ 83%] Building C object src/lib/e2ap/v3_01/ie/asn/CMakeFiles/e2ap_asn1_obj.dir/RICindicationType.c.o
#9 8.876 [ 83%] Building C object src/lib/e2ap/v3_01/ie/asn/CMakeFiles/e2ap_asn1_obj.dir/RICqueryDefinition.c.o
#9 8.888 [ 83%] Building C object src/lib/e2ap/v3_01/ie/asn/CMakeFiles/e2ap_asn1_obj.dir/RICQueryFailure.c.o
#9 8.918 [ 83%] Building C object src/lib/e2ap/v3_01/ie/asn/CMakeFiles/e2ap_asn1_obj.dir/RICqueryHeader.c.o
#9 8.932 [ 83%] Building C object src/lib/e2ap/v3_01/ie/asn/CMakeFiles/e2ap_asn1_obj.dir/RICqueryOutcome.c.o
#9 8.961 [ 83%] Building C object src/lib/e2ap/v3_01/ie/asn/CMakeFiles/e2ap_asn1_obj.dir/RICQueryRequest.c.o
#9 8.974 [ 83%] Building C object src/lib/e2ap/v3_01/ie/asn/CMakeFiles/e2ap_asn1_obj.dir/RICQueryResponse.c.o
#9 9.006 [ 83%] Building C object src/lib/e2ap/v3_01/ie/asn/CMakeFiles/e2ap_asn1_obj.dir/RICrequestID.c.o
#9 9.017 [ 83%] Building C object src/lib/e2ap/v3_01/ie/asn/CMakeFiles/e2ap_asn1_obj.dir/RICserviceQuery.c.o
#9 9.054 [ 83%] Building C object src/lib/e2ap/v3_01/ie/asn/CMakeFiles/e2ap_asn1_obj.dir/RICserviceUpdateAcknowledge.c.o
#9 9.059 [ 83%] Building C object src/lib/e2ap/v3_01/ie/asn/CMakeFiles/e2ap_asn1_obj.dir/RICserviceUpdate.c.o
#9 9.097 [ 83%] Building C object src/lib/e2ap/v3_01/ie/asn/CMakeFiles/e2ap_asn1_obj.dir/RICserviceUpdateFailure.c.o
#9 9.098 [ 83%] Building C object src/lib/e2ap/v3_01/ie/asn/CMakeFiles/e2ap_asn1_obj.dir/RICsubscriptionDeleteFailure.c.o
#9 9.141 [ 83%] Building C object src/lib/e2ap/v3_01/ie/asn/CMakeFiles/e2ap_asn1_obj.dir/RICsubscriptionDeleteRequired.c.o
#9 9.141 [ 83%] Building C object src/lib/e2ap/v3_01/ie/asn/CMakeFiles/e2ap_asn1_obj.dir/RICsubscriptionDeleteRequest.c.o
#9 9.186 [ 83%] Building C object src/lib/e2ap/v3_01/ie/asn/CMakeFiles/e2ap_asn1_obj.dir/RICsubscriptionDetails.c.o
#9 9.186 [ 83%] Building C object src/lib/e2ap/v3_01/ie/asn/CMakeFiles/e2ap_asn1_obj.dir/RICsubscriptionDeleteResponse.c.o
#9 9.223 [ 83%] Building C object src/lib/e2ap/v3_01/ie/asn/CMakeFiles/e2ap_asn1_obj.dir/RICsubscriptionFailure.c.o
#9 9.231 [ 83%] Building C object src/lib/e2ap/v3_01/ie/asn/CMakeFiles/e2ap_asn1_obj.dir/RICsubscription-List-withCause.c.o
#9 9.258 [ 83%] Building C object src/lib/e2ap/v3_01/ie/asn/CMakeFiles/e2ap_asn1_obj.dir/RICsubscriptionModificationConfirm.c.o
#9 9.290 [ 83%] Building C object src/lib/e2ap/v3_01/ie/asn/CMakeFiles/e2ap_asn1_obj.dir/RICsubscriptionModificationFailure.c.o
#9 9.302 [ 83%] Building C object src/lib/e2ap/v3_01/ie/asn/CMakeFiles/e2ap_asn1_obj.dir/RICsubscriptionModificationRefuse.c.o
#9 9.332 [ 83%] Building C object src/lib/e2ap/v3_01/ie/asn/CMakeFiles/e2ap_asn1_obj.dir/RICsubscriptionModificationRequest.c.o
#9 9.343 [ 83%] Building C object src/lib/e2ap/v3_01/ie/asn/CMakeFiles/e2ap_asn1_obj.dir/RICsubscriptionModificationRequired.c.o
#9 9.377 [ 83%] Building C object src/lib/e2ap/v3_01/ie/asn/CMakeFiles/e2ap_asn1_obj.dir/RICsubscriptionModificationResponse.c.o
#9 9.386 [ 83%] Building C object src/lib/e2ap/v3_01/ie/asn/CMakeFiles/e2ap_asn1_obj.dir/RICsubscriptionRequest.c.o
#9 9.423 [ 83%] Building C object src/lib/e2ap/v3_01/ie/asn/CMakeFiles/e2ap_asn1_obj.dir/RICsubscriptionResponse.c.o
#9 9.433 [ 83%] Building C object src/lib/e2ap/v3_01/ie/asn/CMakeFiles/e2ap_asn1_obj.dir/RICsubscriptionTime.c.o
#9 9.469 [ 83%] Building C object src/lib/e2ap/v3_01/ie/asn/CMakeFiles/e2ap_asn1_obj.dir/RICsubscription-withCause-Item.c.o
#9 9.474 [ 83%] Building C object src/lib/e2ap/v3_01/ie/asn/CMakeFiles/e2ap_asn1_obj.dir/RICsubsequentAction.c.o
#9 9.508 [ 83%] Building C object src/lib/e2ap/v3_01/ie/asn/CMakeFiles/e2ap_asn1_obj.dir/RICsubsequentActionType.c.o
#9 9.515 [ 83%] Building C object src/lib/e2ap/v3_01/ie/asn/CMakeFiles/e2ap_asn1_obj.dir/RICtimeToWait.c.o
#9 9.543 [ 83%] Building C object src/lib/e2ap/v3_01/ie/asn/CMakeFiles/e2ap_asn1_obj.dir/SuccessfulOutcome.c.o
#9 9.556 [ 83%] Building C object src/lib/e2ap/v3_01/ie/asn/CMakeFiles/e2ap_asn1_obj.dir/TimeToWait.c.o
#9 9.589 [ 91%] Building C object src/lib/e2ap/v3_01/ie/asn/CMakeFiles/e2ap_asn1_obj.dir/TNLinformation.c.o
#9 9.609 [ 91%] Building C object src/lib/e2ap/v3_01/ie/asn/CMakeFiles/e2ap_asn1_obj.dir/TNLusage.c.o
#9 9.635 [ 91%] Building C object src/lib/e2ap/v3_01/ie/asn/CMakeFiles/e2ap_asn1_obj.dir/TransactionID.c.o
#9 9.654 [ 91%] Building C object src/lib/e2ap/v3_01/ie/asn/CMakeFiles/e2ap_asn1_obj.dir/TriggeringMessage.c.o
#9 9.682 [ 91%] Building C object src/lib/e2ap/v3_01/ie/asn/CMakeFiles/e2ap_asn1_obj.dir/TypeOfError.c.o
#9 9.701 [ 91%] Building C object src/lib/e2ap/v3_01/ie/asn/CMakeFiles/e2ap_asn1_obj.dir/UnsuccessfulOutcome.c.o
#9 9.725 [ 91%] Building C object src/lib/e2ap/v3_01/ie/asn/CMakeFiles/e2ap_asn1_obj.dir/uper_decoder.c.o
#9 9.762 [ 91%] Building C object src/lib/e2ap/v3_01/ie/asn/CMakeFiles/e2ap_asn1_obj.dir/uper_encoder.c.o
#9 9.766 [ 91%] Building C object src/lib/e2ap/v3_01/ie/asn/CMakeFiles/e2ap_asn1_obj.dir/uper_opentype.c.o
#9 9.812 [ 91%] Building C object src/lib/e2ap/v3_01/ie/asn/CMakeFiles/e2ap_asn1_obj.dir/uper_support.c.o
#9 9.822 [ 91%] Building C object src/lib/e2ap/v3_01/ie/asn/CMakeFiles/e2ap_asn1_obj.dir/XAPP-ID.c.o
#9 9.864 [ 91%] Building C object src/lib/e2ap/v3_01/ie/asn/CMakeFiles/e2ap_asn1_obj.dir/xer_decoder.c.o
#9 9.871 [ 91%] Building C object src/lib/e2ap/v3_01/ie/asn/CMakeFiles/e2ap_asn1_obj.dir/xer_encoder.c.o
#9 9.913 [ 91%] Building C object src/lib/e2ap/v3_01/ie/asn/CMakeFiles/e2ap_asn1_obj.dir/xer_support.c.o
#9 9.949 [ 91%] Linking C static library libe2ap_asn1_obj.a
#9 10.10 [ 91%] Built target e2ap_asn1_obj
#9 10.12 [ 91%] Building C object src/lib/e2ap/v3_01/enc/CMakeFiles/e2ap_msg_enc_obj.dir/e2ap_msg_enc_asn.c.o
#9 10.12 [ 91%] Building C object src/lib/e2ap/v3_01/dec/CMakeFiles/e2ap_msg_dec_obj.dir/e2ap_msg_dec_asn.c.o
#9 10.32 [ 91%] Built target e2ap_msg_dec_obj
#9 10.34 [ 91%] Built target e2ap_msg_enc_obj
#9 10.36 [ 91%] Building C object src/lib/e2ap/v3_01/CMakeFiles/e2ap_ap_obj.dir/e2ap_ap_asn.c.o
#9 10.40 [ 91%] Built target e2ap_ap_obj
#9 10.43 [ 91%] Building C object src/lib/CMakeFiles/pending_events_obj.dir/pending_events.c.o
#9 10.43 [ 91%] Building C object src/lib/CMakeFiles/pending_events_obj.dir/pending_event_ric.c.o
#9 10.46 [ 91%] Building C object src/lib/CMakeFiles/pending_events_obj.dir/ind_event.c.o
#9 10.46 [ 91%] Building C object src/lib/CMakeFiles/pending_events_obj.dir/sig_handler.c.o
#9 10.50 [ 91%] Built target pending_events_obj
#9 10.53 [ 91%] Building C object src/ric/iApp/CMakeFiles/e42_iapp.dir/asio_iapp.c.o
#9 10.53 [ 91%] Building C object src/ric/iApp/CMakeFiles/e42_iapp.dir/e2ap_iapp.c.o
#9 10.58 [ 91%] Building C object src/ric/iApp/CMakeFiles/e42_iapp.dir/e2_node_ric_id.c.o
#9 10.58 [ 91%] Building C object src/ric/iApp/CMakeFiles/e42_iapp.dir/e42_iapp.c.o
#9 10.61 [ 91%] Building C object src/ric/iApp/CMakeFiles/e42_iapp.dir/e42_iapp_api.c.o
#9 10.66 [ 91%] Building C object src/ric/iApp/CMakeFiles/e42_iapp.dir/endpoint_iapp.c.o
#9 10.67 [ 91%] Building C object src/ric/iApp/CMakeFiles/e42_iapp.dir/msg_handler_iapp.c.o
#9 10.72 [ 91%] Building C object src/ric/iApp/CMakeFiles/e42_iapp.dir/map_ric_id.c.o
#9 10.78 [ 91%] Building C object src/ric/iApp/CMakeFiles/e42_iapp.dir/xapp_ric_id.c.o
#9 10.78 [ 91%] Building C object src/ric/iApp/CMakeFiles/e42_iapp.dir/map_xapps_sockaddr.c.o
#9 10.82 [ 91%] Linking C static library libe42_iapp.a
#9 11.01 [ 91%] Built target e42_iapp
#9 11.03 [ 91%] Building C object src/ric/CMakeFiles/near_ric.dir/e2_node.c.o
#9 11.03 [ 91%] Building C object src/ric/CMakeFiles/near_ric.dir/e2ap_ric.c.o
#9 11.08 [ 91%] Building C object src/ric/CMakeFiles/near_ric.dir/asio_ric.c.o
#9 11.09 [ 91%] Building C object src/ric/CMakeFiles/near_ric.dir/endpoint_ric.c.o
#9 11.13 [ 91%] Building C object src/ric/CMakeFiles/near_ric.dir/msg_handler_ric.c.o
#9 11.15 [100%] Building C object src/ric/CMakeFiles/near_ric.dir/near_ric.c.o
#9 11.23 [100%] Building C object src/ric/CMakeFiles/near_ric.dir/near_ric_api.c.o
#9 11.28 [100%] Building C object src/ric/CMakeFiles/near_ric.dir/iApps/redis.c.o
#9 11.30 [100%] Building C object src/ric/CMakeFiles/near_ric.dir/iApps/stdout.c.o
#9 11.32 [100%] Building C object src/ric/CMakeFiles/near_ric.dir/iApps/influx.c.o
#9 11.37 [100%] Building C object src/ric/CMakeFiles/near_ric.dir/iApps/string_parser.c.o
#9 11.39 [100%] Building C object src/ric/CMakeFiles/near_ric.dir/generate_setup_response.c.o
#9 11.42 [100%] Building C object src/ric/CMakeFiles/near_ric.dir/generate_setup_failure.c.o
#9 11.45 [100%] Building C object src/ric/CMakeFiles/near_ric.dir/plugin_ric.c.o
#9 11.48 [100%] Building C object src/ric/CMakeFiles/near_ric.dir/map_e2_node_sockaddr.c.o
#9 11.52 [100%] Building C object src/ric/CMakeFiles/near_ric.dir/not_handler_ric.c.o
#9 11.57 [100%] Linking C static library libnear_ric.a
#9 11.79 [100%] Built target near_ric
#9 11.80 [100%] Building C object examples/ric/CMakeFiles/nearRT-RIC.dir/near_ric.c.o
#9 11.84 [100%] Linking C executable nearRT-RIC
#9 11.88 /usr/bin/ld: warning: conf_file.c.o: requires executable stack (because the .note.GNU-stack section is executable)
#9 11.92 [100%] Built target nearRT-RIC
#9 11.96 [  0%] Building C object src/lib/3gpp/dec/CMakeFiles/3gpp_derived_ie_dec_asn_obj_rc.dir/dec_enb.c.o
#9 12.01 [  0%] Building C object src/lib/3gpp/dec/CMakeFiles/3gpp_derived_ie_dec_asn_obj_rc.dir/dec_en_gnb.c.o
#9 12.02 [  0%] Generating NR RRC source files from nr-rrc-17.3.0.asn1
#9 12.05 [  0%] Building C object src/lib/3gpp/dec/CMakeFiles/3gpp_derived_ie_dec_asn_obj_rc.dir/dec_global_enb_id.c.o
#9 12.09 [  0%] Building C object src/lib/3gpp/dec/CMakeFiles/3gpp_derived_ie_dec_asn_obj_rc.dir/dec_global_gnb_id.c.o
#9 12.11 [  0%] Building C object src/lib/3gpp/dec/CMakeFiles/3gpp_derived_ie_dec_asn_obj_rc.dir/dec_global_ng_enb.c.o
#9 12.15 [  0%] Building C object src/lib/3gpp/dec/CMakeFiles/3gpp_derived_ie_dec_asn_obj_rc.dir/dec_global_ng_ran.c.o
#9 12.18 [  0%] Building C object src/lib/3gpp/dec/CMakeFiles/3gpp_derived_ie_dec_asn_obj_rc.dir/dec_gnb.c.o
#9 12.22 [  0%] Building C object src/lib/3gpp/dec/CMakeFiles/3gpp_derived_ie_dec_asn_obj_rc.dir/dec_gnb_cu_up.c.o
#9 12.24 [  0%] Building C object src/lib/3gpp/dec/CMakeFiles/3gpp_derived_ie_dec_asn_obj_rc.dir/dec_gnb_du.c.o
#9 12.27 [  0%] Building C object src/lib/3gpp/dec/CMakeFiles/3gpp_derived_ie_dec_asn_obj_rc.dir/dec_ng_enb.c.o
#9 12.30 [  0%] Building C object src/lib/3gpp/dec/CMakeFiles/3gpp_derived_ie_dec_asn_obj_rc.dir/dec_ng_enb_du.c.o
#9 12.33 [  0%] Built target 3gpp_derived_ie_dec_asn_obj_rc
#9 12.34 [  0%] Building C object src/lib/sm/dec/CMakeFiles/sm_common_dec_asn_obj_rc.dir/dec_cell_global_id.c.o
#9 12.37 [  0%] Building C object src/lib/sm/dec/CMakeFiles/sm_common_dec_asn_obj_rc.dir/dec_ran_func_name.c.o
#9 12.40 [  0%] Building C object src/lib/sm/dec/CMakeFiles/sm_common_dec_asn_obj_rc.dir/dec_ue_id.c.o
#9 12.43 [  0%] Built target sm_common_dec_asn_obj_rc
#9 12.46 [  2%] Built target e2ap_types_obj
#9 12.47 [  2%] Built target e2ap_msg_free_obj
#9 12.59 [ 14%] Built target e2ap_asn1_obj
#9 12.61 [ 14%] Built target e2ap_ep_obj
#9 12.63 [ 14%] Built target 3gpp_derived_ie_obj
#9 12.65 [ 14%] Built target msg_hand_obj
#9 12.67 [ 14%] Building C object src/lib/sm/ie/CMakeFiles/sm_common_ie_obj.dir/ue_id.c.o
#9 12.70 [ 14%] Building C object src/lib/sm/ie/CMakeFiles/sm_common_ie_obj.dir/cell_global_id.c.o
#9 12.73 [ 14%] Building C object src/lib/sm/ie/CMakeFiles/sm_common_ie_obj.dir/ran_function_name.c.o
#9 12.76 [ 14%] Built target sm_common_ie_obj
#9 12.79 [ 14%] Building C object src/sm/kpm_sm/kpm_sm_v03.00/ie/kpm_data_ie/data/CMakeFiles/kpm_ric_info_common_obj.dir/label_info_lst.c.o
#9 12.84 [ 14%] Building C object src/sm/kpm_sm/kpm_sm_v03.00/ie/kpm_data_ie/data/CMakeFiles/kpm_ric_info_common_obj.dir/test_info_lst.c.o
#9 12.88 [ 14%] Building C object src/sm/kpm_sm/kpm_sm_v03.00/ie/kpm_data_ie/data/CMakeFiles/kpm_ric_info_common_obj.dir/meas_info_frm_1_lst.c.o
#9 12.91 [ 14%] Building C object src/sm/kpm_sm/kpm_sm_v03.00/ie/kpm_data_ie/data/CMakeFiles/kpm_ric_info_common_obj.dir/meas_data_lst.c.o
#9 12.95 [ 14%] Building C object src/sm/kpm_sm/kpm_sm_v03.00/ie/kpm_data_ie/data/CMakeFiles/kpm_ric_info_common_obj.dir/meas_type.c.o
#9 12.98 [ 14%] Building C object src/sm/kpm_sm/kpm_sm_v03.00/ie/kpm_data_ie/data/CMakeFiles/kpm_ric_info_common_obj.dir/matching_cond_frm_3_lst.c.o
#9 13.01 [ 14%] Building C object src/sm/kpm_sm/kpm_sm_v03.00/ie/kpm_data_ie/data/CMakeFiles/kpm_ric_info_common_obj.dir/meas_info_frm_3_lst.c.o
#9 13.04 [ 14%] Building C object src/sm/kpm_sm/kpm_sm_v03.00/ie/kpm_data_ie/data/CMakeFiles/kpm_ric_info_common_obj.dir/meas_info_cond_ue_lst.c.o
#9 13.09 [ 14%] Building C object src/sm/kpm_sm/kpm_sm_v03.00/ie/kpm_data_ie/data/CMakeFiles/kpm_ric_info_common_obj.dir/matching_cond_frm_4_lst.c.o
#9 13.13 [ 14%] Building C object src/sm/kpm_sm/kpm_sm_v03.00/ie/kpm_data_ie/data/CMakeFiles/kpm_ric_info_common_obj.dir/ue_id_gran_period_lst.c.o
#9 13.17 [ 14%] Building C object src/sm/kpm_sm/kpm_sm_v03.00/ie/kpm_data_ie/data/CMakeFiles/kpm_ric_info_common_obj.dir/bin_range_def.c.o
#9 13.20 [ 14%] Building C object src/sm/kpm_sm/kpm_sm_v03.00/ie/kpm_data_ie/data/CMakeFiles/kpm_ric_info_common_obj.dir/meas_bin_range_info_lst.c.o
#9 13.24 [ 14%] Built target kpm_ric_info_common_obj
#9 13.26 [ 14%] Building C object src/sm/kpm_sm/kpm_sm_v03.00/ie/kpm_data_ie/kpm_ric_info/CMakeFiles/kpm_ric_info_obj.dir/kpm_ran_function_def.c.o
#9 13.31 [ 14%] Building C object src/sm/kpm_sm/kpm_sm_v03.00/ie/kpm_data_ie/kpm_ric_info/CMakeFiles/kpm_ric_info_obj.dir/kpm_ric_action_def.c.o
#9 13.34 [ 15%] Building C object src/sm/kpm_sm/kpm_sm_v03.00/ie/kpm_data_ie/kpm_ric_info/CMakeFiles/kpm_ric_info_obj.dir/kpm_ric_action_def_frm_1.c.o
#9 13.38 [ 15%] Building C object src/sm/kpm_sm/kpm_sm_v03.00/ie/kpm_data_ie/kpm_ric_info/CMakeFiles/kpm_ric_info_obj.dir/kpm_ric_action_def_frm_2.c.o
#9 13.41 [ 15%] Building C object src/sm/kpm_sm/kpm_sm_v03.00/ie/kpm_data_ie/kpm_ric_info/CMakeFiles/kpm_ric_info_obj.dir/kpm_ric_action_def_frm_3.c.o
#9 13.44 [ 15%] Building C object src/sm/kpm_sm/kpm_sm_v03.00/ie/kpm_data_ie/kpm_ric_info/CMakeFiles/kpm_ric_info_obj.dir/kpm_ric_action_def_frm_4.c.o
#9 13.47 [ 15%] Building C object src/sm/kpm_sm/kpm_sm_v03.00/ie/kpm_data_ie/kpm_ric_info/CMakeFiles/kpm_ric_info_obj.dir/kpm_ric_action_def_frm_5.c.o
#9 13.51 [ 15%] Building C object src/sm/kpm_sm/kpm_sm_v03.00/ie/kpm_data_ie/kpm_ric_info/CMakeFiles/kpm_ric_info_obj.dir/kpm_ric_event_trigger_def.c.o
#9 13.54 [ 15%] Building C object src/sm/kpm_sm/kpm_sm_v03.00/ie/kpm_data_ie/kpm_ric_info/CMakeFiles/kpm_ric_info_obj.dir/kpm_ric_ind_hdr.c.o
#9 13.58 [ 15%] Building C object src/sm/kpm_sm/kpm_sm_v03.00/ie/kpm_data_ie/kpm_ric_info/CMakeFiles/kpm_ric_info_obj.dir/kpm_ric_ind_hdr_frm_1.c.o
#9 13.62 [ 15%] Building C object src/sm/kpm_sm/kpm_sm_v03.00/ie/kpm_data_ie/kpm_ric_info/CMakeFiles/kpm_ric_info_obj.dir/kpm_ric_ind_msg.c.o
#9 13.65 [ 15%] Building C object src/sm/kpm_sm/kpm_sm_v03.00/ie/kpm_data_ie/kpm_ric_info/CMakeFiles/kpm_ric_info_obj.dir/kpm_ric_ind_msg_frm_1.c.o
#9 13.68 [ 15%] Building C object src/sm/kpm_sm/kpm_sm_v03.00/ie/kpm_data_ie/kpm_ric_info/CMakeFiles/kpm_ric_info_obj.dir/kpm_ric_ind_msg_frm_2.c.o
#9 13.72 [ 15%] Building C object src/sm/kpm_sm/kpm_sm_v03.00/ie/kpm_data_ie/kpm_ric_info/CMakeFiles/kpm_ric_info_obj.dir/kpm_ric_ind_msg_frm_3.c.o
#9 13.76 [ 15%] Built target kpm_ric_info_obj
#9 13.81 [ 15%] Building C object src/sm/rc_sm/ie/ir/CMakeFiles/e2sm_rc_ir_obj.dir/call_proc_break.c.o
#9 13.85 [ 15%] Building C object src/sm/rc_sm/ie/ir/CMakeFiles/e2sm_rc_ir_obj.dir/e2_node_info_chng.c.o
#9 13.88 [ 15%] Building C object src/sm/rc_sm/ie/ir/CMakeFiles/e2sm_rc_ir_obj.dir/e2sm_rc_act_def_frmt_1.c.o
#9 13.92 [ 15%] Building C object src/sm/rc_sm/ie/ir/CMakeFiles/e2sm_rc_ir_obj.dir/e2sm_rc_act_def_frmt_2.c.o
#9 13.96 [ 15%] Building C object src/sm/rc_sm/ie/ir/CMakeFiles/e2sm_rc_ir_obj.dir/e2sm_rc_act_def_frmt_3.c.o
#9 14.00 [ 15%] Building C object src/sm/rc_sm/ie/ir/CMakeFiles/e2sm_rc_ir_obj.dir/e2sm_rc_act_def_frmt_4.c.o
#9 14.03 [ 15%] Building C object src/sm/rc_sm/ie/ir/CMakeFiles/e2sm_rc_ir_obj.dir/e2sm_rc_ctrl_hdr_frmt_1.c.o
#9 14.06 [ 15%] Building C object src/sm/rc_sm/ie/ir/CMakeFiles/e2sm_rc_ir_obj.dir/e2sm_rc_ctrl_hdr_frmt_2.c.o
#9 14.09 [ 15%] Building C object src/sm/rc_sm/ie/ir/CMakeFiles/e2sm_rc_ir_obj.dir/e2sm_rc_ctrl_msg_frmt_1.c.o
#9 14.13 [ 15%] Building C object src/sm/rc_sm/ie/ir/CMakeFiles/e2sm_rc_ir_obj.dir/e2sm_rc_ctrl_msg_frmt_2.c.o
#9 14.16 [ 15%] Building C object src/sm/rc_sm/ie/ir/CMakeFiles/e2sm_rc_ir_obj.dir/e2sm_rc_ctrl_out_frmt_1.c.o
#9 14.20 [ 15%] Building C object src/sm/rc_sm/ie/ir/CMakeFiles/e2sm_rc_ir_obj.dir/e2sm_rc_ctrl_out_frmt_2.c.o
#9 14.24 [ 15%] Building C object src/sm/rc_sm/ie/ir/CMakeFiles/e2sm_rc_ir_obj.dir/e2sm_rc_ctrl_out_frmt_3.c.o
#9 14.28 [ 15%] Building C object src/sm/rc_sm/ie/ir/CMakeFiles/e2sm_rc_ir_obj.dir/e2sm_rc_ev_trg_frmt_1.c.o
#9 14.32 [ 15%] Building C object src/sm/rc_sm/ie/ir/CMakeFiles/e2sm_rc_ir_obj.dir/e2sm_rc_ev_trg_frmt_2.c.o
#9 14.36 [ 15%] Building C object src/sm/rc_sm/ie/ir/CMakeFiles/e2sm_rc_ir_obj.dir/e2sm_rc_ev_trg_frmt_3.c.o
#9 14.39 [ 15%] Building C object src/sm/rc_sm/ie/ir/CMakeFiles/e2sm_rc_ir_obj.dir/e2sm_rc_ev_trg_frmt_4.c.o
#9 14.43 [ 15%] Building C object src/sm/rc_sm/ie/ir/CMakeFiles/e2sm_rc_ir_obj.dir/e2sm_rc_ev_trg_frmt_5.c.o
#9 14.46 [ 15%] Building C object src/sm/rc_sm/ie/ir/CMakeFiles/e2sm_rc_ir_obj.dir/e2sm_rc_ind_hdr_frmt_1.c.o
#9 14.50 [ 15%] Building C object src/sm/rc_sm/ie/ir/CMakeFiles/e2sm_rc_ir_obj.dir/e2sm_rc_ind_hdr_frmt_2.c.o
#9 14.53 [ 15%] Building C object src/sm/rc_sm/ie/ir/CMakeFiles/e2sm_rc_ir_obj.dir/e2sm_rc_ind_hdr_frmt_3.c.o
#9 14.56 [ 15%] Building C object src/sm/rc_sm/ie/ir/CMakeFiles/e2sm_rc_ir_obj.dir/e2sm_rc_ind_msg_frmt_1.c.o
#9 14.60 [ 15%] Building C object src/sm/rc_sm/ie/ir/CMakeFiles/e2sm_rc_ir_obj.dir/e2sm_rc_ind_msg_frmt_2.c.o
#9 14.63 [ 15%] Building C object src/sm/rc_sm/ie/ir/CMakeFiles/e2sm_rc_ir_obj.dir/e2sm_rc_ind_msg_frmt_3.c.o
#9 14.67 [ 15%] Building C object src/sm/rc_sm/ie/ir/CMakeFiles/e2sm_rc_ir_obj.dir/e2sm_rc_ind_msg_frmt_4.c.o
#9 14.72 [ 15%] Building C object src/sm/rc_sm/ie/ir/CMakeFiles/e2sm_rc_ir_obj.dir/e2sm_rc_ind_msg_frmt_5.c.o
#9 14.75 [ 16%] Building C object src/sm/rc_sm/ie/ir/CMakeFiles/e2sm_rc_ir_obj.dir/e2sm_rc_ind_msg_frmt_6.c.o
#9 14.78 [ 16%] Building C object src/sm/rc_sm/ie/ir/CMakeFiles/e2sm_rc_ir_obj.dir/lst_ran_param.c.o
#9 14.82 [ 16%] Building C object src/sm/rc_sm/ie/ir/CMakeFiles/e2sm_rc_ir_obj.dir/msg_ev_trg.c.o
#9 14.86 [ 16%] Building C object src/sm/rc_sm/ie/ir/CMakeFiles/e2sm_rc_ir_obj.dir/network_interface_e2rc.c.o
#9 14.90 [ 16%] Building C object src/sm/rc_sm/ie/ir/CMakeFiles/e2sm_rc_ir_obj.dir/param_report_def.c.o
#9 14.94 [ 16%] Building C object src/sm/rc_sm/ie/ir/CMakeFiles/e2sm_rc_ir_obj.dir/policy_action.c.o
#9 14.98 [ 16%] Building C object src/sm/rc_sm/ie/ir/CMakeFiles/e2sm_rc_ir_obj.dir/policy_cond.c.o
#9 15.02 [ 16%] Building C object src/sm/rc_sm/ie/ir/CMakeFiles/e2sm_rc_ir_obj.dir/ran_func_def_ctrl.c.o
#9 15.07 [ 16%] Building C object src/sm/rc_sm/ie/ir/CMakeFiles/e2sm_rc_ir_obj.dir/ran_func_def_ev_trig.c.o
#9 15.12 [ 16%] Building C object src/sm/rc_sm/ie/ir/CMakeFiles/e2sm_rc_ir_obj.dir/ran_func_def_insert.c.o
#9 15.16 [ 16%] Building C object src/sm/rc_sm/ie/ir/CMakeFiles/e2sm_rc_ir_obj.dir/ran_func_def_policy.c.o
#9 15.20 [ 16%] Building C object src/sm/rc_sm/ie/ir/CMakeFiles/e2sm_rc_ir_obj.dir/ran_func_def_report.c.o
#9 15.23 [ 16%] Building C object src/sm/rc_sm/ie/ir/CMakeFiles/e2sm_rc_ir_obj.dir/ran_param_cond_crit_def.c.o
#9 15.27 [ 16%] Building C object src/sm/rc_sm/ie/ir/CMakeFiles/e2sm_rc_ir_obj.dir/ran_param_elm_key_false.c.o
#9 15.31 [ 16%] Building C object src/sm/rc_sm/ie/ir/CMakeFiles/e2sm_rc_ir_obj.dir/ran_param_elm_key_true.c.o
#9 15.35 [ 16%] Building C object src/sm/rc_sm/ie/ir/CMakeFiles/e2sm_rc_ir_obj.dir/ran_parameter_test_condition.c.o
#9 15.39 [ 16%] Building C object src/sm/rc_sm/ie/ir/CMakeFiles/e2sm_rc_ir_obj.dir/ran_parameter_value.c.o
#9 15.42 [ 16%] Building C object src/sm/rc_sm/ie/ir/CMakeFiles/e2sm_rc_ir_obj.dir/ran_parameter_value_type.c.o
#9 15.47 [ 16%] Building C object src/sm/rc_sm/ie/ir/CMakeFiles/e2sm_rc_ir_obj.dir/ran_param_def.c.o
#9 15.51 [ 16%] Building C object src/sm/rc_sm/ie/ir/CMakeFiles/e2sm_rc_ir_obj.dir/ran_param_insertion.c.o
#9 15.53 [ 16%] Building C object src/sm/rc_sm/ie/ir/CMakeFiles/e2sm_rc_ir_obj.dir/ran_param_ins_ind.c.o
#9 15.57 [ 16%] Building C object src/sm/rc_sm/ie/ir/CMakeFiles/e2sm_rc_ir_obj.dir/ran_param_list.c.o
#9 15.61 [ 16%] Building C object src/sm/rc_sm/ie/ir/CMakeFiles/e2sm_rc_ir_obj.dir/ran_param_lst_struct.c.o
#9 15.65 [ 16%] Building C object src/sm/rc_sm/ie/ir/CMakeFiles/e2sm_rc_ir_obj.dir/ran_param_req.c.o
#9 15.69 [ 16%] Building C object src/sm/rc_sm/ie/ir/CMakeFiles/e2sm_rc_ir_obj.dir/ran_param_struct.c.o
#9 15.73 [ 16%] Building C object src/sm/rc_sm/ie/ir/CMakeFiles/e2sm_rc_ir_obj.dir/ran_param_test.c.o
#9 15.76 [ 16%] Building C object src/sm/rc_sm/ie/ir/CMakeFiles/e2sm_rc_ir_obj.dir/ran_param_test_list.c.o
#9 15.80 [ 16%] Building C object src/sm/rc_sm/ie/ir/CMakeFiles/e2sm_rc_ir_obj.dir/ran_param_test_struct.c.o
#9 15.84 [ 16%] Building C object src/sm/rc_sm/ie/ir/CMakeFiles/e2sm_rc_ir_obj.dir/ran_param_type.c.o
#9 15.88 [ 16%] Building C object src/sm/rc_sm/ie/ir/CMakeFiles/e2sm_rc_ir_obj.dir/rrc_state.c.o
#9 15.91 [ 16%] Building C object src/sm/rc_sm/ie/ir/CMakeFiles/e2sm_rc_ir_obj.dir/rrc_state_lst.c.o
#9 15.95 [ 16%] Building C object src/sm/rc_sm/ie/ir/CMakeFiles/e2sm_rc_ir_obj.dir/seq_call_proc_type.c.o
#9 15.99 [ 16%] Building C object src/sm/rc_sm/ie/ir/CMakeFiles/e2sm_rc_ir_obj.dir/seq_cell_info_2.c.o
#9 16.02 [ 16%] Building C object src/sm/rc_sm/ie/ir/CMakeFiles/e2sm_rc_ir_obj.dir/seq_cell_info.c.o
#9 16.06 [ 16%] Building C object src/sm/rc_sm/ie/ir/CMakeFiles/e2sm_rc_ir_obj.dir/seq_ctrl_act.c.o
#9 16.09 [ 16%] Building C object src/sm/rc_sm/ie/ir/CMakeFiles/e2sm_rc_ir_obj.dir/seq_ctrl_act_2.c.o
#9 16.14 [ 16%] Building C object src/sm/rc_sm/ie/ir/CMakeFiles/e2sm_rc_ir_obj.dir/seq_ctrl_act_out.c.o
#9 16.18 [ 16%] Building C object src/sm/rc_sm/ie/ir/CMakeFiles/e2sm_rc_ir_obj.dir/seq_ctrl_sma.c.o
#9 16.21 [ 16%] Building C object src/sm/rc_sm/ie/ir/CMakeFiles/e2sm_rc_ir_obj.dir/seq_ctrl_style.c.o
#9 16.26 [ 18%] Building C object src/sm/rc_sm/ie/ir/CMakeFiles/e2sm_rc_ir_obj.dir/seq_ctrl_sty_mul_out.c.o
#9 16.30 [ 18%] Building C object src/sm/rc_sm/ie/ir/CMakeFiles/e2sm_rc_ir_obj.dir/seq_ev_trg_style.c.o
#9 16.34 [ 18%] Building C object src/sm/rc_sm/ie/ir/CMakeFiles/e2sm_rc_ir_obj.dir/seq_ins_ind.c.o
#9 16.38 [ 18%] Building C object src/sm/rc_sm/ie/ir/CMakeFiles/e2sm_rc_ir_obj.dir/seq_ins_ind_act_2.c.o
#9 16.42 [ 18%] Building C object src/sm/rc_sm/ie/ir/CMakeFiles/e2sm_rc_ir_obj.dir/seq_ins_ind_act_def.c.o
#9 16.46 [ 18%] Building C object src/sm/rc_sm/ie/ir/CMakeFiles/e2sm_rc_ir_obj.dir/seq_ins_sty.c.o
#9 16.51 [ 18%] Building C object src/sm/rc_sm/ie/ir/CMakeFiles/e2sm_rc_ir_obj.dir/seq_ins_style_2.c.o
#9 16.54 [ 18%] Building C object src/sm/rc_sm/ie/ir/CMakeFiles/e2sm_rc_ir_obj.dir/seq_ins_style_multiple_action.c.o
#9 16.58 [ 18%] Building C object src/sm/rc_sm/ie/ir/CMakeFiles/e2sm_rc_ir_obj.dir/seq_pol_action.c.o
#9 16.62 [ 18%] Building C object src/sm/rc_sm/ie/ir/CMakeFiles/e2sm_rc_ir_obj.dir/seq_policy_sty.c.o
#9 16.66 [ 18%] Building C object src/sm/rc_sm/ie/ir/CMakeFiles/e2sm_rc_ir_obj.dir/seq_ran_param_3.c.o
#9 16.70 [ 18%] Building C object src/sm/rc_sm/ie/ir/CMakeFiles/e2sm_rc_ir_obj.dir/seq_ran_param_2.c.o
#9 16.74 [ 18%] Building C object src/sm/rc_sm/ie/ir/CMakeFiles/e2sm_rc_ir_obj.dir/seq_ran_param.c.o
#9 16.77 [ 18%] Building C object src/sm/rc_sm/ie/ir/CMakeFiles/e2sm_rc_ir_obj.dir/seq_report_sty.c.o
#9 16.81 [ 18%] Building C object src/sm/rc_sm/ie/ir/CMakeFiles/e2sm_rc_ir_obj.dir/seq_ue_id.c.o
#9 16.85 [ 18%] Building C object src/sm/rc_sm/ie/ir/CMakeFiles/e2sm_rc_ir_obj.dir/seq_ue_info.c.o
#9 16.89 [ 18%] Building C object src/sm/rc_sm/ie/ir/CMakeFiles/e2sm_rc_ir_obj.dir/ue_info_chng.c.o
#9 16.93 [ 18%] Built target e2sm_rc_ir_obj
#9 16.96 [ 18%] Built target e2ap_ds_obj
#9 16.98 [ 18%] Built target e2_conf_obj
#9 17.00 [ 18%] Built target e2_conv_obj
#9 17.02 [ 18%] Building C object src/xApp/db/CMakeFiles/e42_xapp_db_obj.dir/db.c.o
#9 17.10 [ 18%] Building C object src/xApp/db/CMakeFiles/e42_xapp_db_obj.dir/__/__/util/time_now_us.c.o
#9 17.12 [ 18%] Built target e42_xapp_db_obj
#9 17.16 [ 18%] Built target e2ap_msg_enc_obj
#9 17.19 [ 18%] Built target e2ap_msg_dec_obj
#9 17.22 [ 19%] Built target e2ap_alg_obj
#9 17.24 [ 19%] Built target e2ap_ap_obj
#9 17.28 [ 19%] Built target pending_events_obj
#9 31.22 [ 19%] Built target asn1_nr_rrc_hdrs
#9 31.48 [ 19%] Building C object examples/xApp/c/monitor/RRC_MESSAGES/CMakeFiles/asn1_nr_rrc.dir/ANY.c.o
#9 31.48 [ 19%] Building C object examples/xApp/c/monitor/RRC_MESSAGES/CMakeFiles/asn1_nr_rrc.dir/ANY_aper.c.o
#9 31.52 [ 19%] Building C object examples/xApp/c/monitor/RRC_MESSAGES/CMakeFiles/asn1_nr_rrc.dir/ANY_uper.c.o
#9 31.53 [ 19%] Building C object examples/xApp/c/monitor/RRC_MESSAGES/CMakeFiles/asn1_nr_rrc.dir/ANY_xer.c.o
#9 31.57 [ 19%] Building C object examples/xApp/c/monitor/RRC_MESSAGES/CMakeFiles/asn1_nr_rrc.dir/aper_decoder.c.o
#9 31.57 [ 19%] Building C object examples/xApp/c/monitor/RRC_MESSAGES/CMakeFiles/asn1_nr_rrc.dir/aper_encoder.c.o
#9 31.62 [ 19%] Building C object examples/xApp/c/monitor/RRC_MESSAGES/CMakeFiles/asn1_nr_rrc.dir/aper_opentype.c.o
#9 31.62 [ 19%] Building C object examples/xApp/c/monitor/RRC_MESSAGES/CMakeFiles/asn1_nr_rrc.dir/aper_support.c.o
#9 31.67 [ 19%] Building C object examples/xApp/c/monitor/RRC_MESSAGES/CMakeFiles/asn1_nr_rrc.dir/asn_application.c.o
#9 31.67 [ 19%] Building C object examples/xApp/c/monitor/RRC_MESSAGES/CMakeFiles/asn1_nr_rrc.dir/asn_bit_data.c.o
#9 31.72 [ 19%] Building C object examples/xApp/c/monitor/RRC_MESSAGES/CMakeFiles/asn1_nr_rrc.dir/asn_codecs_prim.c.o
#9 31.73 [ 19%] Building C object examples/xApp/c/monitor/RRC_MESSAGES/CMakeFiles/asn1_nr_rrc.dir/asn_codecs_prim_xer.c.o
#9 31.76 [ 19%] Building C object examples/xApp/c/monitor/RRC_MESSAGES/CMakeFiles/asn1_nr_rrc.dir/asn_internal.c.o
#9 31.76 [ 21%] Building C object examples/xApp/c/monitor/RRC_MESSAGES/CMakeFiles/asn1_nr_rrc.dir/asn_random_fill.c.o
#9 31.80 [ 21%] Building C object examples/xApp/c/monitor/RRC_MESSAGES/CMakeFiles/asn1_nr_rrc.dir/asn_SEQUENCE_OF.c.o
#9 31.81 [ 21%] Building C object examples/xApp/c/monitor/RRC_MESSAGES/CMakeFiles/asn1_nr_rrc.dir/asn_SET_OF.c.o
#9 31.84 [ 21%] Building C object examples/xApp/c/monitor/RRC_MESSAGES/CMakeFiles/asn1_nr_rrc.dir/ber_tlv_length.c.o
#9 31.85 [ 21%] Building C object examples/xApp/c/monitor/RRC_MESSAGES/CMakeFiles/asn1_nr_rrc.dir/ber_tlv_tag.c.o
#9 31.88 [ 21%] Building C object examples/xApp/c/monitor/RRC_MESSAGES/CMakeFiles/asn1_nr_rrc.dir/BIT_STRING.c.o
#9 31.89 [ 21%] Building C object examples/xApp/c/monitor/RRC_MESSAGES/CMakeFiles/asn1_nr_rrc.dir/BIT_STRING_print.c.o
#9 31.93 [ 21%] Building C object examples/xApp/c/monitor/RRC_MESSAGES/CMakeFiles/asn1_nr_rrc.dir/BIT_STRING_rfill.c.o
#9 31.94 [ 21%] Building C object examples/xApp/c/monitor/RRC_MESSAGES/CMakeFiles/asn1_nr_rrc.dir/BIT_STRING_uper.c.o
#9 31.96 [ 21%] Building C object examples/xApp/c/monitor/RRC_MESSAGES/CMakeFiles/asn1_nr_rrc.dir/BIT_STRING_xer.c.o
#9 32.00 [ 21%] Building C object examples/xApp/c/monitor/RRC_MESSAGES/CMakeFiles/asn1_nr_rrc.dir/BOOLEAN_aper.c.o
#9 32.01 [ 21%] Building C object examples/xApp/c/monitor/RRC_MESSAGES/CMakeFiles/asn1_nr_rrc.dir/BOOLEAN.c.o
#9 32.03 [ 21%] Building C object examples/xApp/c/monitor/RRC_MESSAGES/CMakeFiles/asn1_nr_rrc.dir/BOOLEAN_print.c.o
#9 32.06 [ 21%] Building C object examples/xApp/c/monitor/RRC_MESSAGES/CMakeFiles/asn1_nr_rrc.dir/BOOLEAN_rfill.c.o
#9 32.08 [ 21%] Building C object examples/xApp/c/monitor/RRC_MESSAGES/CMakeFiles/asn1_nr_rrc.dir/BOOLEAN_uper.c.o
#9 32.11 [ 21%] Building C object examples/xApp/c/monitor/RRC_MESSAGES/CMakeFiles/asn1_nr_rrc.dir/BOOLEAN_xer.c.o
#9 32.12 [ 21%] Building C object examples/xApp/c/monitor/RRC_MESSAGES/CMakeFiles/asn1_nr_rrc.dir/constraints.c.o
#9 32.15 [ 21%] Building C object examples/xApp/c/monitor/RRC_MESSAGES/CMakeFiles/asn1_nr_rrc.dir/constr_CHOICE_aper.c.o
#9 32.16 [ 21%] Building C object examples/xApp/c/monitor/RRC_MESSAGES/CMakeFiles/asn1_nr_rrc.dir/constr_CHOICE.c.o
#9 32.20 [ 21%] Building C object examples/xApp/c/monitor/RRC_MESSAGES/CMakeFiles/asn1_nr_rrc.dir/constr_CHOICE_print.c.o
#9 32.22 [ 21%] Building C object examples/xApp/c/monitor/RRC_MESSAGES/CMakeFiles/asn1_nr_rrc.dir/constr_CHOICE_rfill.c.o
#9 32.24 [ 21%] Building C object examples/xApp/c/monitor/RRC_MESSAGES/CMakeFiles/asn1_nr_rrc.dir/constr_CHOICE_uper.c.o
#9 32.27 [ 21%] Building C object examples/xApp/c/monitor/RRC_MESSAGES/CMakeFiles/asn1_nr_rrc.dir/constr_CHOICE_xer.c.o
#9 32.29 [ 21%] Building C object examples/xApp/c/monitor/RRC_MESSAGES/CMakeFiles/asn1_nr_rrc.dir/constr_SEQUENCE_aper.c.o
#9 32.33 [ 21%] Building C object examples/xApp/c/monitor/RRC_MESSAGES/CMakeFiles/asn1_nr_rrc.dir/constr_SEQUENCE.c.o
#9 32.35 [ 21%] Building C object examples/xApp/c/monitor/RRC_MESSAGES/CMakeFiles/asn1_nr_rrc.dir/constr_SEQUENCE_OF_aper.c.o
#9 32.38 [ 21%] Building C object examples/xApp/c/monitor/RRC_MESSAGES/CMakeFiles/asn1_nr_rrc.dir/constr_SEQUENCE_OF.c.o
#9 32.40 [ 21%] Building C object examples/xApp/c/monitor/RRC_MESSAGES/CMakeFiles/asn1_nr_rrc.dir/constr_SEQUENCE_OF_uper.c.o
#9 32.43 [ 21%] Building C object examples/xApp/c/monitor/RRC_MESSAGES/CMakeFiles/asn1_nr_rrc.dir/constr_SEQUENCE_OF_xer.c.o
#9 32.44 [ 21%] Building C object examples/xApp/c/monitor/RRC_MESSAGES/CMakeFiles/asn1_nr_rrc.dir/constr_SEQUENCE_print.c.o
#9 32.48 [ 21%] Building C object examples/xApp/c/monitor/RRC_MESSAGES/CMakeFiles/asn1_nr_rrc.dir/constr_SEQUENCE_rfill.c.o
#9 32.49 [ 21%] Building C object examples/xApp/c/monitor/RRC_MESSAGES/CMakeFiles/asn1_nr_rrc.dir/constr_SEQUENCE_uper.c.o
#9 32.53 [ 21%] Building C object examples/xApp/c/monitor/RRC_MESSAGES/CMakeFiles/asn1_nr_rrc.dir/constr_SEQUENCE_xer.c.o
#9 32.55 [ 21%] Building C object examples/xApp/c/monitor/RRC_MESSAGES/CMakeFiles/asn1_nr_rrc.dir/constr_SET_OF_aper.c.o
#9 32.59 [ 21%] Building C object examples/xApp/c/monitor/RRC_MESSAGES/CMakeFiles/asn1_nr_rrc.dir/constr_SET_OF.c.o
#9 32.59 [ 21%] Building C object examples/xApp/c/monitor/RRC_MESSAGES/CMakeFiles/asn1_nr_rrc.dir/constr_SET_OF_print.c.o
#9 32.63 [ 21%] Building C object examples/xApp/c/monitor/RRC_MESSAGES/CMakeFiles/asn1_nr_rrc.dir/constr_SET_OF_rfill.c.o
#9 32.64 [ 21%] Building C object examples/xApp/c/monitor/RRC_MESSAGES/CMakeFiles/asn1_nr_rrc.dir/constr_SET_OF_uper.c.o
#9 32.68 [ 22%] Building C object examples/xApp/c/monitor/RRC_MESSAGES/CMakeFiles/asn1_nr_rrc.dir/constr_SET_OF_xer.c.o
#9 32.68 [ 22%] Building C object examples/xApp/c/monitor/RRC_MESSAGES/CMakeFiles/asn1_nr_rrc.dir/constr_TYPE.c.o
#9 32.73 [ 22%] Building C object examples/xApp/c/monitor/RRC_MESSAGES/CMakeFiles/asn1_nr_rrc.dir/GraphicString.c.o
#9 32.73 [ 22%] Building C object examples/xApp/c/monitor/RRC_MESSAGES/CMakeFiles/asn1_nr_rrc.dir/INTEGER_aper.c.o
#9 32.77 [ 22%] Building C object examples/xApp/c/monitor/RRC_MESSAGES/CMakeFiles/asn1_nr_rrc.dir/INTEGER.c.o
#9 32.78 [ 22%] Building C object examples/xApp/c/monitor/RRC_MESSAGES/CMakeFiles/asn1_nr_rrc.dir/INTEGER_print.c.o
#9 32.82 [ 22%] Building C object examples/xApp/c/monitor/RRC_MESSAGES/CMakeFiles/asn1_nr_rrc.dir/INTEGER_rfill.c.o
#9 32.85 [ 22%] Building C object examples/xApp/c/monitor/RRC_MESSAGES/CMakeFiles/asn1_nr_rrc.dir/INTEGER_uper.c.o
#9 32.86 [ 22%] Building C object examples/xApp/c/monitor/RRC_MESSAGES/CMakeFiles/asn1_nr_rrc.dir/INTEGER_xer.c.o
#9 32.92 [ 22%] Building C object examples/xApp/c/monitor/RRC_MESSAGES/CMakeFiles/asn1_nr_rrc.dir/NativeEnumerated.c.o
#9 32.92 [ 22%] Building C object examples/xApp/c/monitor/RRC_MESSAGES/CMakeFiles/asn1_nr_rrc.dir/NativeEnumerated_aper.c.o
#9 32.97 [ 22%] Building C object examples/xApp/c/monitor/RRC_MESSAGES/CMakeFiles/asn1_nr_rrc.dir/NativeEnumerated_uper.c.o
#9 32.97 [ 22%] Building C object examples/xApp/c/monitor/RRC_MESSAGES/CMakeFiles/asn1_nr_rrc.dir/NativeEnumerated_xer.c.o
#9 33.01 [ 22%] Building C object examples/xApp/c/monitor/RRC_MESSAGES/CMakeFiles/asn1_nr_rrc.dir/NativeInteger.c.o
#9 33.01 [ 22%] Building C object examples/xApp/c/monitor/RRC_MESSAGES/CMakeFiles/asn1_nr_rrc.dir/NativeInteger_aper.c.o
#9 33.06 [ 22%] Building C object examples/xApp/c/monitor/RRC_MESSAGES/CMakeFiles/asn1_nr_rrc.dir/NativeInteger_rfill.c.o
#9 33.06 [ 22%] Building C object examples/xApp/c/monitor/RRC_MESSAGES/CMakeFiles/asn1_nr_rrc.dir/NativeInteger_print.c.o
#9 33.10 [ 22%] Building C object examples/xApp/c/monitor/RRC_MESSAGES/CMakeFiles/asn1_nr_rrc.dir/NativeInteger_xer.c.o
#9 33.10 [ 22%] Building C object examples/xApp/c/monitor/RRC_MESSAGES/CMakeFiles/asn1_nr_rrc.dir/NativeInteger_uper.c.o
#9 33.14 [ 22%] Building C object examples/xApp/c/monitor/RRC_MESSAGES/CMakeFiles/asn1_nr_rrc.dir/NR_AbsoluteTimeInfo-r16.c.o
#9 33.15 [ 22%] Building C object examples/xApp/c/monitor/RRC_MESSAGES/CMakeFiles/asn1_nr_rrc.dir/NR_AccessStratumRelease.c.o
#9 33.19 [ 22%] Building C object examples/xApp/c/monitor/RRC_MESSAGES/CMakeFiles/asn1_nr_rrc.dir/NR_AccessStratumReleaseSidelink-r16.c.o
#9 33.19 [ 22%] Building C object examples/xApp/c/monitor/RRC_MESSAGES/CMakeFiles/asn1_nr_rrc.dir/NR_AdditionalPCIIndex-r17.c.o
#9 33.23 [ 22%] Building C object examples/xApp/c/monitor/RRC_MESSAGES/CMakeFiles/asn1_nr_rrc.dir/NR_AdditionalRACH-ConfigList-r17.c.o
#9 33.23 [ 22%] Building C object examples/xApp/c/monitor/RRC_MESSAGES/CMakeFiles/asn1_nr_rrc.dir/NR_AdditionalRACH-Config-r17.c.o
#9 33.27 [ 22%] Building C object examples/xApp/c/monitor/RRC_MESSAGES/CMakeFiles/asn1_nr_rrc.dir/NR_AdditionalSpectrumEmission.c.o
#9 33.28 [ 22%] Building C object examples/xApp/c/monitor/RRC_MESSAGES/CMakeFiles/asn1_nr_rrc.dir/NR_AffectedCarrierFreqCombEUTRA.c.o
#9 33.31 [ 22%] Building C object examples/xApp/c/monitor/RRC_MESSAGES/CMakeFiles/asn1_nr_rrc.dir/NR_AffectedCarrierFreqCombInfoMRDC.c.o
#9 33.32 [ 22%] Building C object examples/xApp/c/monitor/RRC_MESSAGES/CMakeFiles/asn1_nr_rrc.dir/NR_AffectedCarrierFreqCombList-r16.c.o
#9 33.36 [ 22%] Building C object examples/xApp/c/monitor/RRC_MESSAGES/CMakeFiles/asn1_nr_rrc.dir/NR_AffectedCarrierFreqCombNR.c.o
#9 33.36 [ 22%] Building C object examples/xApp/c/monitor/RRC_MESSAGES/CMakeFiles/asn1_nr_rrc.dir/NR_AffectedCarrierFreqComb-r16.c.o
#9 33.39 [ 22%] Building C object examples/xApp/c/monitor/RRC_MESSAGES/CMakeFiles/asn1_nr_rrc.dir/NR_AffectedCarrierFreqList-r16.c.o
#9 33.40 [ 22%] Building C object examples/xApp/c/monitor/RRC_MESSAGES/CMakeFiles/asn1_nr_rrc.dir/NR_AffectedCarrierFreq-r16.c.o
#9 33.43 [ 22%] Building C object examples/xApp/c/monitor/RRC_MESSAGES/CMakeFiles/asn1_nr_rrc.dir/NR_AggregatedBandwidth.c.o
#9 33.44 [ 22%] Building C object examples/xApp/c/monitor/RRC_MESSAGES/CMakeFiles/asn1_nr_rrc.dir/NR_AI-RNTI-r16.c.o
#9 33.47 [ 22%] Building C object examples/xApp/c/monitor/RRC_MESSAGES/CMakeFiles/asn1_nr_rrc.dir/NR_Alpha.c.o
#9 33.48 [ 22%] Building C object examples/xApp/c/monitor/RRC_MESSAGES/CMakeFiles/asn1_nr_rrc.dir/NR_AMF-Identifier.c.o
#9 33.51 [ 22%] Building C object examples/xApp/c/monitor/RRC_MESSAGES/CMakeFiles/asn1_nr_rrc.dir/NR_AppLayerBufferLevel-r17.c.o
#9 33.52 [ 22%] Building C object examples/xApp/c/monitor/RRC_MESSAGES/CMakeFiles/asn1_nr_rrc.dir/NR_AppLayerMeasConfig-r17.c.o
#9 33.55 [ 23%] Building C object examples/xApp/c/monitor/RRC_MESSAGES/CMakeFiles/asn1_nr_rrc.dir/NR_AppLayerMeasParameters-r17.c.o
#9 33.60 [ 23%] Building C object examples/xApp/c/monitor/RRC_MESSAGES/CMakeFiles/asn1_nr_rrc.dir/NR_ApplicableDisasterInfo-r17.c.o
#9 33.65 [ 23%] Building C object examples/xApp/c/monitor/RRC_MESSAGES/CMakeFiles/asn1_nr_rrc.dir/NR_AreaConfig-r16.c.o
#9 33.67 [ 23%] Building C object examples/xApp/c/monitor/RRC_MESSAGES/CMakeFiles/asn1_nr_rrc.dir/NR_AreaConfiguration-r16.c.o
#9 33.68 [ 23%] Building C object examples/xApp/c/monitor/RRC_MESSAGES/CMakeFiles/asn1_nr_rrc.dir/NR_AreaConfiguration-v1700.c.o
#9 33.70 [ 23%] Building C object examples/xApp/c/monitor/RRC_MESSAGES/CMakeFiles/asn1_nr_rrc.dir/NR_ARFCN-ValueEUTRA.c.o
#9 33.72 [ 23%] Building C object examples/xApp/c/monitor/RRC_MESSAGES/CMakeFiles/asn1_nr_rrc.dir/NR_ARFCN-ValueNR.c.o
#9 33.73 [ 23%] Building C object examples/xApp/c/monitor/RRC_MESSAGES/CMakeFiles/asn1_nr_rrc.dir/NR_ARFCN-ValueUTRA-FDD-r16.c.o
#9 33.74 [ 23%] Building C object examples/xApp/c/monitor/RRC_MESSAGES/CMakeFiles/asn1_nr_rrc.dir/NR_AS-Config.c.o
#9 33.76 [ 23%] Building C object examples/xApp/c/monitor/RRC_MESSAGES/CMakeFiles/asn1_nr_rrc.dir/NR_AS-Context.c.o
#9 33.81 [ 23%] Building C object examples/xApp/c/monitor/RRC_MESSAGES/CMakeFiles/asn1_nr_rrc.dir/NR_AvailabilityCombinationId-r16.c.o
#9 33.85 [ 23%] Building C object examples/xApp/c/monitor/RRC_MESSAGES/CMakeFiles/asn1_nr_rrc.dir/NR_AvailabilityCombinationRB-Groups-r17.c.o
#9 33.85 [ 23%] Building C object examples/xApp/c/monitor/RRC_MESSAGES/CMakeFiles/asn1_nr_rrc.dir/NR_AvailabilityCombination-r16.c.o
#9 33.89 [ 23%] Building C object examples/xApp/c/monitor/RRC_MESSAGES/CMakeFiles/asn1_nr_rrc.dir/NR_AvailabilityCombinationsPerCellIndex-r16.c.o
#9 33.89 [ 23%] Building C object examples/xApp/c/monitor/RRC_MESSAGES/CMakeFiles/asn1_nr_rrc.dir/NR_AvailabilityCombinationsPerCell-r16.c.o
#9 33.92 [ 23%] Building C object examples/xApp/c/monitor/RRC_MESSAGES/CMakeFiles/asn1_nr_rrc.dir/NR_AvailabilityIndicator-r16.c.o
#9 33.93 [ 23%] Building C object examples/xApp/c/monitor/RRC_MESSAGES/CMakeFiles/asn1_nr_rrc.dir/NR_AvailableRB-SetsPerCell-r16.c.o
#9 33.95 [ 23%] Building C object examples/xApp/c/monitor/RRC_MESSAGES/CMakeFiles/asn1_nr_rrc.dir/NR_AvailableSlotOffset-r17.c.o
#9 33.96 [ 23%] Building C object examples/xApp/c/monitor/RRC_MESSAGES/CMakeFiles/asn1_nr_rrc.dir/NR_BandCombination.c.o
#9 33.99 [ 23%] Building C object examples/xApp/c/monitor/RRC_MESSAGES/CMakeFiles/asn1_nr_rrc.dir/NR_BandCombinationIndex.c.o
#9 34.00 [ 23%] Building C object examples/xApp/c/monitor/RRC_MESSAGES/CMakeFiles/asn1_nr_rrc.dir/NR_BandCombinationInfo.c.o
#9 34.02 [ 23%] Building C object examples/xApp/c/monitor/RRC_MESSAGES/CMakeFiles/asn1_nr_rrc.dir/NR_BandCombinationInfoList.c.o
#9 34.04 [ 23%] Building C object examples/xApp/c/monitor/RRC_MESSAGES/CMakeFiles/asn1_nr_rrc.dir/NR_BandCombinationInfoSN.c.o
#9 34.05 [ 23%] Building C object examples/xApp/c/monitor/RRC_MESSAGES/CMakeFiles/asn1_nr_rrc.dir/NR_BandCombinationList.c.o
#9 34.07 [ 23%] Building C object examples/xApp/c/monitor/RRC_MESSAGES/CMakeFiles/asn1_nr_rrc.dir/NR_BandCombinationListSidelinkEUTRA-NR-r16.c.o
#9 34.08 [ 23%] Building C object examples/xApp/c/monitor/RRC_MESSAGES/CMakeFiles/asn1_nr_rrc.dir/NR_BandCombinationListSidelinkEUTRA-NR-v1630.c.o
#9 34.10 [ 23%] Building C object examples/xApp/c/monitor/RRC_MESSAGES/CMakeFiles/asn1_nr_rrc.dir/NR_BandCombinationListSidelinkEUTRA-NR-v1710.c.o
#9 34.11 [ 23%] Building C object examples/xApp/c/monitor/RRC_MESSAGES/CMakeFiles/asn1_nr_rrc.dir/NR_BandCombinationListSidelinkNR-r16.c.o
#9 34.13 [ 23%] Building C object examples/xApp/c/monitor/RRC_MESSAGES/CMakeFiles/asn1_nr_rrc.dir/NR_BandCombinationListSidelinkNR-v1710.c.o
#9 34.14 [ 23%] Building C object examples/xApp/c/monitor/RRC_MESSAGES/CMakeFiles/asn1_nr_rrc.dir/NR_BandCombinationListSL-Discovery-r17.c.o
#9 34.16 [ 23%] Building C object examples/xApp/c/monitor/RRC_MESSAGES/CMakeFiles/asn1_nr_rrc.dir/NR_BandCombinationList-UplinkTxSwitch-r16.c.o
#9 34.18 [ 23%] Building C object examples/xApp/c/monitor/RRC_MESSAGES/CMakeFiles/asn1_nr_rrc.dir/NR_BandCombinationList-UplinkTxSwitch-v1630.c.o
#9 34.19 [ 23%] Building C object examples/xApp/c/monitor/RRC_MESSAGES/CMakeFiles/asn1_nr_rrc.dir/NR_BandCombinationList-UplinkTxSwitch-v1640.c.o
#9 34.21 [ 23%] Building C object examples/xApp/c/monitor/RRC_MESSAGES/CMakeFiles/asn1_nr_rrc.dir/NR_BandCombinationList-UplinkTxSwitch-v1650.c.o
#9 34.23 [ 23%] Building C object examples/xApp/c/monitor/RRC_MESSAGES/CMakeFiles/asn1_nr_rrc.dir/NR_BandCombinationList-UplinkTxSwitch-v1670.c.o
#9 34.23 [ 23%] Building C object examples/xApp/c/monitor/RRC_MESSAGES/CMakeFiles/asn1_nr_rrc.dir/NR_BandCombinationList-UplinkTxSwitch-v1690.c.o
#9 34.26 [ 23%] Building C object examples/xApp/c/monitor/RRC_MESSAGES/CMakeFiles/asn1_nr_rrc.dir/NR_BandCombinationList-UplinkTxSwitch-v16a0.c.o
#9 34.26 [ 23%] Building C object examples/xApp/c/monitor/RRC_MESSAGES/CMakeFiles/asn1_nr_rrc.dir/NR_BandCombinationList-UplinkTxSwitch-v1700.c.o
#9 34.29 [ 23%] Building C object examples/xApp/c/monitor/RRC_MESSAGES/CMakeFiles/asn1_nr_rrc.dir/NR_BandCombinationList-UplinkTxSwitch-v1720.c.o
#9 34.30 [ 25%] Building C object examples/xApp/c/monitor/RRC_MESSAGES/CMakeFiles/asn1_nr_rrc.dir/NR_BandCombinationList-UplinkTxSwitch-v1730.c.o
#9 34.32 [ 25%] Building C object examples/xApp/c/monitor/RRC_MESSAGES/CMakeFiles/asn1_nr_rrc.dir/NR_BandCombinationList-v1540.c.o
#9 34.34 [ 25%] Building C object examples/xApp/c/monitor/RRC_MESSAGES/CMakeFiles/asn1_nr_rrc.dir/NR_BandCombinationList-v1550.c.o
#9 34.35 [ 25%] Building C object examples/xApp/c/monitor/RRC_MESSAGES/CMakeFiles/asn1_nr_rrc.dir/NR_BandCombinationList-v1560.c.o
#9 34.37 [ 25%] Building C object examples/xApp/c/monitor/RRC_MESSAGES/CMakeFiles/asn1_nr_rrc.dir/NR_BandCombinationList-v1570.c.o
#9 34.38 [ 25%] Building C object examples/xApp/c/monitor/RRC_MESSAGES/CMakeFiles/asn1_nr_rrc.dir/NR_BandCombinationList-v1580.c.o
#9 34.40 [ 25%] Building C object examples/xApp/c/monitor/RRC_MESSAGES/CMakeFiles/asn1_nr_rrc.dir/NR_BandCombinationList-v1590.c.o
#9 34.41 [ 25%] Building C object examples/xApp/c/monitor/RRC_MESSAGES/CMakeFiles/asn1_nr_rrc.dir/NR_BandCombinationList-v15g0.c.o
#9 34.43 [ 25%] Building C object examples/xApp/c/monitor/RRC_MESSAGES/CMakeFiles/asn1_nr_rrc.dir/NR_BandCombinationList-v1610.c.o
#9 34.44 [ 25%] Building C object examples/xApp/c/monitor/RRC_MESSAGES/CMakeFiles/asn1_nr_rrc.dir/NR_BandCombinationList-v1630.c.o
#9 34.47 [ 25%] Building C object examples/xApp/c/monitor/RRC_MESSAGES/CMakeFiles/asn1_nr_rrc.dir/NR_BandCombinationList-v1640.c.o
#9 34.47 [ 25%] Building C object examples/xApp/c/monitor/RRC_MESSAGES/CMakeFiles/asn1_nr_rrc.dir/NR_BandCombinationList-v1650.c.o
#9 34.50 [ 25%] Building C object examples/xApp/c/monitor/RRC_MESSAGES/CMakeFiles/asn1_nr_rrc.dir/NR_BandCombinationList-v1680.c.o
#9 34.51 [ 25%] Building C object examples/xApp/c/monitor/RRC_MESSAGES/CMakeFiles/asn1_nr_rrc.dir/NR_BandCombinationList-v1690.c.o
#9 34.53 [ 25%] Building C object examples/xApp/c/monitor/RRC_MESSAGES/CMakeFiles/asn1_nr_rrc.dir/NR_BandCombinationList-v16a0.c.o
#9 34.54 [ 25%] Building C object examples/xApp/c/monitor/RRC_MESSAGES/CMakeFiles/asn1_nr_rrc.dir/NR_BandCombinationList-v1700.c.o
#9 34.55 [ 25%] Building C object examples/xApp/c/monitor/RRC_MESSAGES/CMakeFiles/asn1_nr_rrc.dir/NR_BandCombinationList-v1720.c.o
#9 34.58 [ 25%] Building C object examples/xApp/c/monitor/RRC_MESSAGES/CMakeFiles/asn1_nr_rrc.dir/NR_BandCombinationList-v1730.c.o
#9 34.59 [ 25%] Building C object examples/xApp/c/monitor/RRC_MESSAGES/CMakeFiles/asn1_nr_rrc.dir/NR_BandCombinationParametersSidelinkEUTRA-NR-r16.c.o
#9 34.61 [ 25%] Building C object examples/xApp/c/monitor/RRC_MESSAGES/CMakeFiles/asn1_nr_rrc.dir/NR_BandCombinationParametersSidelinkEUTRA-NR-v1630.c.o
#9 34.62 [ 25%] Building C object examples/xApp/c/monitor/RRC_MESSAGES/CMakeFiles/asn1_nr_rrc.dir/NR_BandCombinationParametersSidelinkEUTRA-NR-v1710.c.o
#9 34.65 [ 25%] Building C object examples/xApp/c/monitor/RRC_MESSAGES/CMakeFiles/asn1_nr_rrc.dir/NR_BandCombinationParametersSidelinkNR-r16.c.o
#9 34.66 [ 25%] Building C object examples/xApp/c/monitor/RRC_MESSAGES/CMakeFiles/asn1_nr_rrc.dir/NR_BandCombinationParametersSidelinkNR-v1710.c.o
#9 34.68 [ 25%] Building C object examples/xApp/c/monitor/RRC_MESSAGES/CMakeFiles/asn1_nr_rrc.dir/NR_BandCombination-UplinkTxSwitch-r16.c.o
#9 34.69 [ 25%] Building C object examples/xApp/c/monitor/RRC_MESSAGES/CMakeFiles/asn1_nr_rrc.dir/NR_BandCombination-UplinkTxSwitch-v1630.c.o
#9 34.72 [ 25%] Building C object examples/xApp/c/monitor/RRC_MESSAGES/CMakeFiles/asn1_nr_rrc.dir/NR_BandCombination-UplinkTxSwitch-v1640.c.o
#9 34.73 [ 25%] Building C object examples/xApp/c/monitor/RRC_MESSAGES/CMakeFiles/asn1_nr_rrc.dir/NR_BandCombination-UplinkTxSwitch-v1650.c.o
#9 34.75 [ 25%] Building C object examples/xApp/c/monitor/RRC_MESSAGES/CMakeFiles/asn1_nr_rrc.dir/NR_BandCombination-UplinkTxSwitch-v1670.c.o
#9 34.76 [ 25%] Building C object examples/xApp/c/monitor/RRC_MESSAGES/CMakeFiles/asn1_nr_rrc.dir/NR_BandCombination-UplinkTxSwitch-v1690.c.o
#9 34.78 [ 25%] Building C object examples/xApp/c/monitor/RRC_MESSAGES/CMakeFiles/asn1_nr_rrc.dir/NR_BandCombination-UplinkTxSwitch-v16a0.c.o
#9 34.79 [ 25%] Building C object examples/xApp/c/monitor/RRC_MESSAGES/CMakeFiles/asn1_nr_rrc.dir/NR_BandCombination-UplinkTxSwitch-v1700.c.o
#9 34.82 [ 25%] Building C object examples/xApp/c/monitor/RRC_MESSAGES/CMakeFiles/asn1_nr_rrc.dir/NR_BandCombination-UplinkTxSwitch-v1720.c.o
#9 34.83 [ 25%] Building C object examples/xApp/c/monitor/RRC_MESSAGES/CMakeFiles/asn1_nr_rrc.dir/NR_BandCombination-UplinkTxSwitch-v1730.c.o
#9 34.85 [ 25%] Building C object examples/xApp/c/monitor/RRC_MESSAGES/CMakeFiles/asn1_nr_rrc.dir/NR_BandCombination-v1540.c.o
#9 34.87 [ 25%] Building C object examples/xApp/c/monitor/RRC_MESSAGES/CMakeFiles/asn1_nr_rrc.dir/NR_BandCombination-v1550.c.o
#9 34.88 [ 25%] Building C object examples/xApp/c/monitor/RRC_MESSAGES/CMakeFiles/asn1_nr_rrc.dir/NR_BandCombination-v1560.c.o
#9 34.90 [ 25%] Building C object examples/xApp/c/monitor/RRC_MESSAGES/CMakeFiles/asn1_nr_rrc.dir/NR_BandCombination-v1570.c.o
#9 34.92 [ 26%] Building C object examples/xApp/c/monitor/RRC_MESSAGES/CMakeFiles/asn1_nr_rrc.dir/NR_BandCombination-v1590.c.o
#9 34.92 [ 26%] Building C object examples/xApp/c/monitor/RRC_MESSAGES/CMakeFiles/asn1_nr_rrc.dir/NR_BandCombination-v1580.c.o
#9 34.95 [ 26%] Building C object examples/xApp/c/monitor/RRC_MESSAGES/CMakeFiles/asn1_nr_rrc.dir/NR_BandCombination-v15g0.c.o
#9 34.96 [ 26%] Building C object examples/xApp/c/monitor/RRC_MESSAGES/CMakeFiles/asn1_nr_rrc.dir/NR_BandCombination-v1610.c.o
#9 34.98 [ 26%] Building C object examples/xApp/c/monitor/RRC_MESSAGES/CMakeFiles/asn1_nr_rrc.dir/NR_BandCombination-v1630.c.o
#9 35.01 [ 26%] Building C object examples/xApp/c/monitor/RRC_MESSAGES/CMakeFiles/asn1_nr_rrc.dir/NR_BandCombination-v1640.c.o
#9 35.01 [ 26%] Building C object examples/xApp/c/monitor/RRC_MESSAGES/CMakeFiles/asn1_nr_rrc.dir/NR_BandCombination-v1650.c.o
#9 35.04 [ 26%] Building C object examples/xApp/c/monitor/RRC_MESSAGES/CMakeFiles/asn1_nr_rrc.dir/NR_BandCombination-v1680.c.o
#9 35.05 [ 26%] Building C object examples/xApp/c/monitor/RRC_MESSAGES/CMakeFiles/asn1_nr_rrc.dir/NR_BandCombination-v1690.c.o
#9 35.08 [ 26%] Building C object examples/xApp/c/monitor/RRC_MESSAGES/CMakeFiles/asn1_nr_rrc.dir/NR_BandCombination-v16a0.c.o
#9 35.08 [ 26%] Building C object examples/xApp/c/monitor/RRC_MESSAGES/CMakeFiles/asn1_nr_rrc.dir/NR_BandCombination-v1700.c.o
#9 35.11 [ 26%] Building C object examples/xApp/c/monitor/RRC_MESSAGES/CMakeFiles/asn1_nr_rrc.dir/NR_BandCombination-v1720.c.o
#9 35.11 [ 26%] Building C object examples/xApp/c/monitor/RRC_MESSAGES/CMakeFiles/asn1_nr_rrc.dir/NR_BandCombination-v1730.c.o
#9 35.14 [ 26%] Building C object examples/xApp/c/monitor/RRC_MESSAGES/CMakeFiles/asn1_nr_rrc.dir/NR_BandEntryIndex.c.o
#9 35.15 [ 26%] Building C object examples/xApp/c/monitor/RRC_MESSAGES/CMakeFiles/asn1_nr_rrc.dir/NR_BandNR.c.o
#9 35.18 [ 26%] Building C object examples/xApp/c/monitor/RRC_MESSAGES/CMakeFiles/asn1_nr_rrc.dir/NR_BandParameters.c.o
#9 35.22 [ 26%] Building C object examples/xApp/c/monitor/RRC_MESSAGES/CMakeFiles/asn1_nr_rrc.dir/NR_BandParametersSidelinkDiscovery-r17.c.o
#9 35.25 [ 26%] Building C object examples/xApp/c/monitor/RRC_MESSAGES/CMakeFiles/asn1_nr_rrc.dir/NR_BandParametersSidelinkEUTRA-NR-r16.c.o
#9 35.26 [ 26%] Building C object examples/xApp/c/monitor/RRC_MESSAGES/CMakeFiles/asn1_nr_rrc.dir/NR_BandParametersSidelinkEUTRA-NR-v1630.c.o
#9 35.29 [ 26%] Building C object examples/xApp/c/monitor/RRC_MESSAGES/CMakeFiles/asn1_nr_rrc.dir/NR_BandParametersSidelinkEUTRA-NR-v1710.c.o
#9 35.31 [ 26%] Building C object examples/xApp/c/monitor/RRC_MESSAGES/CMakeFiles/asn1_nr_rrc.dir/NR_BandParametersSidelink-r16.c.o
#9 35.33 [ 26%] Building C object examples/xApp/c/monitor/RRC_MESSAGES/CMakeFiles/asn1_nr_rrc.dir/NR_BandParametersSidelink-v1710.c.o
#9 35.34 [ 26%] Building C object examples/xApp/c/monitor/RRC_MESSAGES/CMakeFiles/asn1_nr_rrc.dir/NR_BandParameters-v1540.c.o
#9 35.36 [ 26%] Building C object examples/xApp/c/monitor/RRC_MESSAGES/CMakeFiles/asn1_nr_rrc.dir/NR_BandParameters-v1610.c.o
#9 35.38 [ 26%] Building C object examples/xApp/c/monitor/RRC_MESSAGES/CMakeFiles/asn1_nr_rrc.dir/NR_BandParameters-v1710.c.o
#9 35.39 [ 26%] Building C object examples/xApp/c/monitor/RRC_MESSAGES/CMakeFiles/asn1_nr_rrc.dir/NR_BandParameters-v1730.c.o
#9 35.42 [ 26%] Building C object examples/xApp/c/monitor/RRC_MESSAGES/CMakeFiles/asn1_nr_rrc.dir/NR_BandSidelinkEUTRA-r16.c.o
#9 35.42 [ 26%] Building C object examples/xApp/c/monitor/RRC_MESSAGES/CMakeFiles/asn1_nr_rrc.dir/NR_BandSidelinkPC5-r16.c.o
#9 35.45 [ 26%] Building C object examples/xApp/c/monitor/RRC_MESSAGES/CMakeFiles/asn1_nr_rrc.dir/NR_BandSidelink-r16.c.o
#9 35.47 [ 26%] Building C object examples/xApp/c/monitor/RRC_MESSAGES/CMakeFiles/asn1_nr_rrc.dir/NR_BAP-Config-r16.c.o
#9 35.50 [ 26%] Building C object examples/xApp/c/monitor/RRC_MESSAGES/CMakeFiles/asn1_nr_rrc.dir/NR_BAP-Parameters-r16.c.o
#9 35.50 [ 26%] Building C object examples/xApp/c/monitor/RRC_MESSAGES/CMakeFiles/asn1_nr_rrc.dir/NR_BAP-Parameters-v1700.c.o
#9 35.53 [ 26%] Building C object examples/xApp/c/monitor/RRC_MESSAGES/CMakeFiles/asn1_nr_rrc.dir/NR_BAP-RoutingID-r16.c.o
#9 35.54 [ 26%] Building C object examples/xApp/c/monitor/RRC_MESSAGES/CMakeFiles/asn1_nr_rrc.dir/NR_BCCH-BCH-Message.c.o
#9 35.56 [ 26%] Building C object examples/xApp/c/monitor/RRC_MESSAGES/CMakeFiles/asn1_nr_rrc.dir/NR_BCCH-BCH-MessageType.c.o
#9 35.58 [ 26%] Building C object examples/xApp/c/monitor/RRC_MESSAGES/CMakeFiles/asn1_nr_rrc.dir/NR_BCCH-Config.c.o
#9 35.60 [ 26%] Building C object examples/xApp/c/monitor/RRC_MESSAGES/CMakeFiles/asn1_nr_rrc.dir/NR_BCCH-DL-SCH-Message.c.o
#9 35.61 [ 26%] Building C object examples/xApp/c/monitor/RRC_MESSAGES/CMakeFiles/asn1_nr_rrc.dir/NR_BCCH-DL-SCH-MessageType.c.o
#9 35.74 [ 26%] Building C object examples/xApp/c/monitor/RRC_MESSAGES/CMakeFiles/asn1_nr_rrc.dir/NR_BeamFailureDetection-r17.c.o
#9 35.75 [ 26%] Building C object examples/xApp/c/monitor/RRC_MESSAGES/CMakeFiles/asn1_nr_rrc.dir/NR_BeamFailureDetectionSet-r17.c.o
#9 35.78 [ 28%] Building C object examples/xApp/c/monitor/RRC_MESSAGES/CMakeFiles/asn1_nr_rrc.dir/NR_BeamFailureRecoveryConfig.c.o
#9 35.80 [ 28%] Building C object examples/xApp/c/monitor/RRC_MESSAGES/CMakeFiles/asn1_nr_rrc.dir/NR_BeamFailureRecoveryRSConfig-r16.c.o
#9 35.84 [ 28%] Building C object examples/xApp/c/monitor/RRC_MESSAGES/CMakeFiles/asn1_nr_rrc.dir/NR_BeamLinkMonitoringRS-Id-r17.c.o
#9 35.88 [ 28%] Building C object examples/xApp/c/monitor/RRC_MESSAGES/CMakeFiles/asn1_nr_rrc.dir/NR_BeamLinkMonitoringRS-r17.c.o
#9 35.90 [ 28%] Building C object examples/xApp/c/monitor/RRC_MESSAGES/CMakeFiles/asn1_nr_rrc.dir/NR_BeamManagementSSB-CSI-RS.c.o
#9 35.93 [ 28%] Building C object examples/xApp/c/monitor/RRC_MESSAGES/CMakeFiles/asn1_nr_rrc.dir/NR_BeamMeasConfigIdle-NR-r16.c.o
#9 35.94 [ 28%] Building C object examples/xApp/c/monitor/RRC_MESSAGES/CMakeFiles/asn1_nr_rrc.dir/NR_BetaOffsets.c.o
#9 35.96 [ 28%] Building C object examples/xApp/c/monitor/RRC_MESSAGES/CMakeFiles/asn1_nr_rrc.dir/NR_BetaOffsetsCrossPri-r17.c.o
#9 35.99 [ 28%] Building C object examples/xApp/c/monitor/RRC_MESSAGES/CMakeFiles/asn1_nr_rrc.dir/NR_BetaOffsetsCrossPriSelCG-r17.c.o
#9 36.00 [ 28%] Building C object examples/xApp/c/monitor/RRC_MESSAGES/CMakeFiles/asn1_nr_rrc.dir/NR_BetaOffsetsCrossPriSelDCI-0-2-r17.c.o
#9 36.02 [ 28%] Building C object examples/xApp/c/monitor/RRC_MESSAGES/CMakeFiles/asn1_nr_rrc.dir/NR_BetaOffsetsCrossPriSel-r17.c.o
#9 36.05 [ 28%] Building C object examples/xApp/c/monitor/RRC_MESSAGES/CMakeFiles/asn1_nr_rrc.dir/NR_BFD-RelaxationReportingConfig-r17.c.o
#9 36.06 [ 28%] Building C object examples/xApp/c/monitor/RRC_MESSAGES/CMakeFiles/asn1_nr_rrc.dir/NR_BFR-CSIRS-Resource.c.o
#9 36.09 [ 28%] Building C object examples/xApp/c/monitor/RRC_MESSAGES/CMakeFiles/asn1_nr_rrc.dir/NR_BH-LogicalChannelIdentity-Ext-r16.c.o
#9 36.09 [ 28%] Building C object examples/xApp/c/monitor/RRC_MESSAGES/CMakeFiles/asn1_nr_rrc.dir/NR_BFR-SSB-Resource.c.o
#9 36.13 [ 28%] Building C object examples/xApp/c/monitor/RRC_MESSAGES/CMakeFiles/asn1_nr_rrc.dir/NR_BH-LogicalChannelIdentity-r16.c.o
#9 36.14 [ 28%] Building C object examples/xApp/c/monitor/RRC_MESSAGES/CMakeFiles/asn1_nr_rrc.dir/NR_BH-RLC-ChannelConfig-r16.c.o
#9 36.17 [ 28%] Building C object examples/xApp/c/monitor/RRC_MESSAGES/CMakeFiles/asn1_nr_rrc.dir/NR_BH-RLC-ChannelID-r16.c.o
#9 36.17 [ 28%] Building C object examples/xApp/c/monitor/RRC_MESSAGES/CMakeFiles/asn1_nr_rrc.dir/NR_BSR-Config.c.o
#9 36.20 [ 28%] Building C object examples/xApp/c/monitor/RRC_MESSAGES/CMakeFiles/asn1_nr_rrc.dir/NR_BT-NameList-r16.c.o
#9 36.20 [ 28%] Building C object examples/xApp/c/monitor/RRC_MESSAGES/CMakeFiles/asn1_nr_rrc.dir/NR_BT-Name-r16.c.o
#9 36.23 [ 28%] Building C object examples/xApp/c/monitor/RRC_MESSAGES/CMakeFiles/asn1_nr_rrc.dir/NR_BWP-Downlink.c.o
#9 36.23 [ 28%] Building C object examples/xApp/c/monitor/RRC_MESSAGES/CMakeFiles/asn1_nr_rrc.dir/NR_BWP.c.o
#9 36.26 [ 28%] Building C object examples/xApp/c/monitor/RRC_MESSAGES/CMakeFiles/asn1_nr_rrc.dir/NR_BWP-DownlinkCommon.c.o
#9 36.34 [ 28%] Building C object examples/xApp/c/monitor/RRC_MESSAGES/CMakeFiles/asn1_nr_rrc.dir/NR_BWP-DownlinkDedicated.c.o
#9 36.38 [ 28%] Building C object examples/xApp/c/monitor/RRC_MESSAGES/CMakeFiles/asn1_nr_rrc.dir/NR_BWP-DownlinkDedicatedSDT-r17.c.o
#9 36.46 [ 28%] Building C object examples/xApp/c/monitor/RRC_MESSAGES/CMakeFiles/asn1_nr_rrc.dir/NR_BWP-Id.c.o
#9 36.49 [ 28%] Building C object examples/xApp/c/monitor/RRC_MESSAGES/CMakeFiles/asn1_nr_rrc.dir/NR_BWP-Uplink.c.o
#9 36.50 [ 28%] Building C object examples/xApp/c/monitor/RRC_MESSAGES/CMakeFiles/asn1_nr_rrc.dir/NR_BWP-UplinkCommon.c.o
#9 36.62 [ 28%] Building C object examples/xApp/c/monitor/RRC_MESSAGES/CMakeFiles/asn1_nr_rrc.dir/NR_BWP-UplinkDedicated.c.o
#9 36.63 [ 28%] Building C object examples/xApp/c/monitor/RRC_MESSAGES/CMakeFiles/asn1_nr_rrc.dir/NR_BWP-UplinkDedicatedSDT-r17.c.o
#9 36.73 [ 28%] Building C object examples/xApp/c/monitor/RRC_MESSAGES/CMakeFiles/asn1_nr_rrc.dir/NR_CA-BandwidthClassEUTRA.c.o
#9 36.74 [ 28%] Building C object examples/xApp/c/monitor/RRC_MESSAGES/CMakeFiles/asn1_nr_rrc.dir/NR_CA-BandwidthClassNR.c.o
#9 36.76 [ 28%] Building C object examples/xApp/c/monitor/RRC_MESSAGES/CMakeFiles/asn1_nr_rrc.dir/NR_CAG-IdentityInfo-r16.c.o
#9 36.77 [ 28%] Building C object examples/xApp/c/monitor/RRC_MESSAGES/CMakeFiles/asn1_nr_rrc.dir/NR_CandidateBeamRSListExt-r16.c.o
#9 36.79 [ 28%] Building C object examples/xApp/c/monitor/RRC_MESSAGES/CMakeFiles/asn1_nr_rrc.dir/NR_CandidateBeamRS-r16.c.o
#9 36.79 [ 28%] Building C object examples/xApp/c/monitor/RRC_MESSAGES/CMakeFiles/asn1_nr_rrc.dir/NR_CandidateCellCPC-r17.c.o
#9 36.81 [ 28%] Building C object examples/xApp/c/monitor/RRC_MESSAGES/CMakeFiles/asn1_nr_rrc.dir/NR_CandidateCellInfoListCPC-r17.c.o
#9 36.82 [ 28%] Building C object examples/xApp/c/monitor/RRC_MESSAGES/CMakeFiles/asn1_nr_rrc.dir/NR_CandidateCellInfo-r17.c.o
#9 36.84 [ 29%] Building C object examples/xApp/c/monitor/RRC_MESSAGES/CMakeFiles/asn1_nr_rrc.dir/NR_CandidateCellListCPC-r17.c.o
#9 36.85 [ 29%] Building C object examples/xApp/c/monitor/RRC_MESSAGES/CMakeFiles/asn1_nr_rrc.dir/NR_CandidateCell-r17.c.o
#9 36.87 [ 29%] Building C object examples/xApp/c/monitor/RRC_MESSAGES/CMakeFiles/asn1_nr_rrc.dir/NR_CandidateServingFreqListEUTRA.c.o
#9 36.87 [ 29%] Building C object examples/xApp/c/monitor/RRC_MESSAGES/CMakeFiles/asn1_nr_rrc.dir/NR_CandidateServingFreqListNR.c.o
#9 36.89 [ 29%] Building C object examples/xApp/c/monitor/RRC_MESSAGES/CMakeFiles/asn1_nr_rrc.dir/NR_CandidateServingFreqListNR-r16.c.o
#9 36.90 [ 29%] Building C object examples/xApp/c/monitor/RRC_MESSAGES/CMakeFiles/asn1_nr_rrc.dir/NR_CA-ParametersEUTRA.c.o
#9 36.92 [ 29%] Building C object examples/xApp/c/monitor/RRC_MESSAGES/CMakeFiles/asn1_nr_rrc.dir/NR_CA-ParametersEUTRA-v1560.c.o
#9 36.93 [ 29%] Building C object examples/xApp/c/monitor/RRC_MESSAGES/CMakeFiles/asn1_nr_rrc.dir/NR_CA-ParametersEUTRA-v1570.c.o
#9 36.94 [ 29%] Building C object examples/xApp/c/monitor/RRC_MESSAGES/CMakeFiles/asn1_nr_rrc.dir/NR_CA-ParametersNR.c.o
#9 36.96 [ 29%] Building C object examples/xApp/c/monitor/RRC_MESSAGES/CMakeFiles/asn1_nr_rrc.dir/NR_CA-ParametersNRDC.c.o
#9 36.97 [ 29%] Building C object examples/xApp/c/monitor/RRC_MESSAGES/CMakeFiles/asn1_nr_rrc.dir/NR_CA-ParametersNRDC-v15g0.c.o
#9 36.98 [ 29%] Building C object examples/xApp/c/monitor/RRC_MESSAGES/CMakeFiles/asn1_nr_rrc.dir/NR_CA-ParametersNRDC-v1610.c.o
#9 37.00 [ 29%] Building C object examples/xApp/c/monitor/RRC_MESSAGES/CMakeFiles/asn1_nr_rrc.dir/NR_CA-ParametersNRDC-v1630.c.o
#9 37.01 [ 29%] Building C object examples/xApp/c/monitor/RRC_MESSAGES/CMakeFiles/asn1_nr_rrc.dir/NR_CA-ParametersNRDC-v1640.c.o
#9 37.02 [ 29%] Building C object examples/xApp/c/monitor/RRC_MESSAGES/CMakeFiles/asn1_nr_rrc.dir/NR_CA-ParametersNRDC-v1650.c.o
#9 37.03 [ 29%] Building C object examples/xApp/c/monitor/RRC_MESSAGES/CMakeFiles/asn1_nr_rrc.dir/NR_CA-ParametersNRDC-v16a0.c.o
#9 37.05 [ 29%] Building C object examples/xApp/c/monitor/RRC_MESSAGES/CMakeFiles/asn1_nr_rrc.dir/NR_CA-ParametersNRDC-v1700.c.o
#9 37.06 [ 29%] Building C object examples/xApp/c/monitor/RRC_MESSAGES/CMakeFiles/asn1_nr_rrc.dir/NR_CA-ParametersNRDC-v1720.c.o
#9 37.08 [ 29%] Building C object examples/xApp/c/monitor/RRC_MESSAGES/CMakeFiles/asn1_nr_rrc.dir/NR_CA-ParametersNRDC-v1730.c.o
#9 37.09 [ 29%] Building C object examples/xApp/c/monitor/RRC_MESSAGES/CMakeFiles/asn1_nr_rrc.dir/NR_CA-ParametersNR-v1540.c.o
#9 37.11 [ 29%] Building C object examples/xApp/c/monitor/RRC_MESSAGES/CMakeFiles/asn1_nr_rrc.dir/NR_CA-ParametersNR-v1550.c.o
#9 37.12 [ 29%] Building C object examples/xApp/c/monitor/RRC_MESSAGES/CMakeFiles/asn1_nr_rrc.dir/NR_CA-ParametersNR-v1560.c.o
#9 37.14 [ 29%] Building C object examples/xApp/c/monitor/RRC_MESSAGES/CMakeFiles/asn1_nr_rrc.dir/NR_CA-ParametersNR-v15g0.c.o
#9 37.15 [ 29%] Building C object examples/xApp/c/monitor/RRC_MESSAGES/CMakeFiles/asn1_nr_rrc.dir/NR_CA-ParametersNR-v1610.c.o
#9 37.17 [ 29%] Building C object examples/xApp/c/monitor/RRC_MESSAGES/CMakeFiles/asn1_nr_rrc.dir/NR_CA-ParametersNR-v1630.c.o
#9 37.20 [ 29%] Building C object examples/xApp/c/monitor/RRC_MESSAGES/CMakeFiles/asn1_nr_rrc.dir/NR_CA-ParametersNR-v1640.c.o
#9 37.20 [ 29%] Building C object examples/xApp/c/monitor/RRC_MESSAGES/CMakeFiles/asn1_nr_rrc.dir/NR_CA-ParametersNR-v1690.c.o
#9 37.23 [ 29%] Building C object examples/xApp/c/monitor/RRC_MESSAGES/CMakeFiles/asn1_nr_rrc.dir/NR_CA-ParametersNR-v16a0.c.o
#9 37.23 [ 29%] Building C object examples/xApp/c/monitor/RRC_MESSAGES/CMakeFiles/asn1_nr_rrc.dir/NR_CA-ParametersNR-v1700.c.o
#9 37.26 [ 29%] Building C object examples/xApp/c/monitor/RRC_MESSAGES/CMakeFiles/asn1_nr_rrc.dir/NR_CA-ParametersNR-v1720.c.o
#9 37.27 [ 29%] Building C object examples/xApp/c/monitor/RRC_MESSAGES/CMakeFiles/asn1_nr_rrc.dir/NR_CA-ParametersNR-v1730.c.o
#9 37.30 [ 29%] Building C object examples/xApp/c/monitor/RRC_MESSAGES/CMakeFiles/asn1_nr_rrc.dir/NR_CarrierAggregationVariant.c.o
#9 37.30 [ 29%] Building C object examples/xApp/c/monitor/RRC_MESSAGES/CMakeFiles/asn1_nr_rrc.dir/NR_CarrierFreqEUTRA.c.o
#9 37.32 [ 29%] Building C object examples/xApp/c/monitor/RRC_MESSAGES/CMakeFiles/asn1_nr_rrc.dir/NR_CarrierFreqEUTRA-v1610.c.o
#9 37.33 [ 29%] Building C object examples/xApp/c/monitor/RRC_MESSAGES/CMakeFiles/asn1_nr_rrc.dir/NR_CarrierFreqEUTRA-v1700.c.o
#9 37.35 [ 29%] Building C object examples/xApp/c/monitor/RRC_MESSAGES/CMakeFiles/asn1_nr_rrc.dir/NR_CarrierFreqListEUTRA.c.o
#9 37.36 [ 29%] Building C object examples/xApp/c/monitor/RRC_MESSAGES/CMakeFiles/asn1_nr_rrc.dir/NR_CarrierFreqListEUTRA-v1610.c.o
#9 37.38 [ 29%] Building C object examples/xApp/c/monitor/RRC_MESSAGES/CMakeFiles/asn1_nr_rrc.dir/NR_CarrierFreqListEUTRA-v1700.c.o
#9 37.39 [ 30%] Building C object examples/xApp/c/monitor/RRC_MESSAGES/CMakeFiles/asn1_nr_rrc.dir/NR_CarrierFreqListMBS-r17.c.o
#9 37.40 [ 30%] Building C object examples/xApp/c/monitor/RRC_MESSAGES/CMakeFiles/asn1_nr_rrc.dir/NR_CarrierInfoNR.c.o
#9 37.42 [ 30%] Building C object examples/xApp/c/monitor/RRC_MESSAGES/CMakeFiles/asn1_nr_rrc.dir/NR_CarrierState-r17.c.o
#9 37.44 [ 30%] Building C object examples/xApp/c/monitor/RRC_MESSAGES/CMakeFiles/asn1_nr_rrc.dir/NR_CarrierTypePair-r16.c.o
#9 37.45 [ 30%] Building C object examples/xApp/c/monitor/RRC_MESSAGES/CMakeFiles/asn1_nr_rrc.dir/NR_CC-Group-r17.c.o
#9 37.46 [ 30%] Building C object examples/xApp/c/monitor/RRC_MESSAGES/CMakeFiles/asn1_nr_rrc.dir/NR_CC-State-r17.c.o
#9 37.48 [ 30%] Building C object examples/xApp/c/monitor/RRC_MESSAGES/CMakeFiles/asn1_nr_rrc.dir/NR_CellAccessRelatedInfo.c.o
#9 37.49 [ 30%] Building C object examples/xApp/c/monitor/RRC_MESSAGES/CMakeFiles/asn1_nr_rrc.dir/NR_CellAccessRelatedInfo-EUTRA-5GC.c.o
#9 37.51 [ 30%] Building C object examples/xApp/c/monitor/RRC_MESSAGES/CMakeFiles/asn1_nr_rrc.dir/NR_CellAccessRelatedInfo-EUTRA-EPC.c.o
#9 37.52 [ 30%] Building C object examples/xApp/c/monitor/RRC_MESSAGES/CMakeFiles/asn1_nr_rrc.dir/NR_CellGlobalIdList-r16.c.o
#9 37.54 [ 30%] Building C object examples/xApp/c/monitor/RRC_MESSAGES/CMakeFiles/asn1_nr_rrc.dir/NR_CellGroupConfig.c.o
#9 37.55 [ 30%] Building C object examples/xApp/c/monitor/RRC_MESSAGES/CMakeFiles/asn1_nr_rrc.dir/NR_CellGroupForSwitch-r16.c.o
#9 37.58 [ 30%] Building C object examples/xApp/c/monitor/RRC_MESSAGES/CMakeFiles/asn1_nr_rrc.dir/NR_CellGroupId.c.o
#9 37.61 [ 30%] Building C object examples/xApp/c/monitor/RRC_MESSAGES/CMakeFiles/asn1_nr_rrc.dir/NR_CellGrouping-r16.c.o
#9 37.65 [ 30%] Building C object examples/xApp/c/monitor/RRC_MESSAGES/CMakeFiles/asn1_nr_rrc.dir/NR_CellIdentity.c.o
#9 37.67 [ 30%] Building C object examples/xApp/c/monitor/RRC_MESSAGES/CMakeFiles/asn1_nr_rrc.dir/NR_CellIdentity-EUTRA-5GC.c.o
#9 37.70 [ 30%] Building C object examples/xApp/c/monitor/RRC_MESSAGES/CMakeFiles/asn1_nr_rrc.dir/NR_CellListEUTRA-r16.c.o
#9 37.71 [ 30%] Building C object examples/xApp/c/monitor/RRC_MESSAGES/CMakeFiles/asn1_nr_rrc.dir/NR_CellListNR-r16.c.o
#9 37.72 [ 30%] Building C object examples/xApp/c/monitor/RRC_MESSAGES/CMakeFiles/asn1_nr_rrc.dir/NR_CellReselectionPriorities.c.o
#9 37.74 [ 30%] Building C object examples/xApp/c/monitor/RRC_MESSAGES/CMakeFiles/asn1_nr_rrc.dir/NR_CellReselectionPriority.c.o
#9 37.75 [ 30%] Building C object examples/xApp/c/monitor/RRC_MESSAGES/CMakeFiles/asn1_nr_rrc.dir/NR_CellReselectionSubPriority.c.o
#9 37.77 [ 30%] Building C object examples/xApp/c/monitor/RRC_MESSAGES/CMakeFiles/asn1_nr_rrc.dir/NR_CellsToAddMod.c.o
#9 37.78 [ 30%] Building C object examples/xApp/c/monitor/RRC_MESSAGES/CMakeFiles/asn1_nr_rrc.dir/NR_CellsToAddModExt-v1710.c.o
#9 37.79 [ 30%] Building C object examples/xApp/c/monitor/RRC_MESSAGES/CMakeFiles/asn1_nr_rrc.dir/NR_CellsToAddModList.c.o
#9 37.81 [ 30%] Building C object examples/xApp/c/monitor/RRC_MESSAGES/CMakeFiles/asn1_nr_rrc.dir/NR_CellsToAddModListExt-v1710.c.o
#9 37.82 [ 30%] Building C object examples/xApp/c/monitor/RRC_MESSAGES/CMakeFiles/asn1_nr_rrc.dir/NR_CellsToAddModListUTRA-FDD-r16.c.o
#9 37.84 [ 30%] Building C object examples/xApp/c/monitor/RRC_MESSAGES/CMakeFiles/asn1_nr_rrc.dir/NR_CellsToAddModUTRA-FDD-r16.c.o
#9 37.85 [ 30%] Building C object examples/xApp/c/monitor/RRC_MESSAGES/CMakeFiles/asn1_nr_rrc.dir/NR_CellsTriggeredList.c.o
#9 37.87 [ 30%] Building C object examples/xApp/c/monitor/RRC_MESSAGES/CMakeFiles/asn1_nr_rrc.dir/NR_CFRA.c.o
#9 37.88 [ 30%] Building C object examples/xApp/c/monitor/RRC_MESSAGES/CMakeFiles/asn1_nr_rrc.dir/NR_CFRA-CSIRS-Resource.c.o
#9 37.91 [ 30%] Building C object examples/xApp/c/monitor/RRC_MESSAGES/CMakeFiles/asn1_nr_rrc.dir/NR_CFRA-SSB-Resource.c.o
#9 37.91 [ 30%] Building C object examples/xApp/c/monitor/RRC_MESSAGES/CMakeFiles/asn1_nr_rrc.dir/NR_CFRA-TwoStep-r16.c.o
#9 37.94 [ 30%] Building C object examples/xApp/c/monitor/RRC_MESSAGES/CMakeFiles/asn1_nr_rrc.dir/NR_CFR-ConfigMCCH-MTCH-r17.c.o
#9 37.94 [ 30%] Building C object examples/xApp/c/monitor/RRC_MESSAGES/CMakeFiles/asn1_nr_rrc.dir/NR_CFR-ConfigMulticast-r17.c.o
#9 37.98 [ 30%] Building C object examples/xApp/c/monitor/RRC_MESSAGES/CMakeFiles/asn1_nr_rrc.dir/NR_CG-CandidateInfoId-r17.c.o
#9 38.01 [ 30%] Building C object examples/xApp/c/monitor/RRC_MESSAGES/CMakeFiles/asn1_nr_rrc.dir/NR_CG-CandidateInfo-r17.c.o
#9 38.04 [ 30%] Building C object examples/xApp/c/monitor/RRC_MESSAGES/CMakeFiles/asn1_nr_rrc.dir/NR_CG-CandidateList.c.o
#9 38.04 [ 30%] Building C object examples/xApp/c/monitor/RRC_MESSAGES/CMakeFiles/asn1_nr_rrc.dir/NR_CG-CandidateList-r17-IEs.c.o
#9 38.07 [ 30%] Building C object examples/xApp/c/monitor/RRC_MESSAGES/CMakeFiles/asn1_nr_rrc.dir/NR_CG-Config.c.o
#9 38.08 [ 32%] Building C object examples/xApp/c/monitor/RRC_MESSAGES/CMakeFiles/asn1_nr_rrc.dir/NR_CG-Config-IEs.c.o
#9 38.10 [ 32%] Building C object examples/xApp/c/monitor/RRC_MESSAGES/CMakeFiles/asn1_nr_rrc.dir/NR_CG-ConfigInfo.c.o
#9 38.11 [ 32%] Building C object examples/xApp/c/monitor/RRC_MESSAGES/CMakeFiles/asn1_nr_rrc.dir/NR_CG-ConfigInfo-IEs.c.o
#9 38.22 [ 32%] Building C object examples/xApp/c/monitor/RRC_MESSAGES/CMakeFiles/asn1_nr_rrc.dir/NR_CG-ConfigInfo-v1540-IEs.c.o
#9 38.23 [ 32%] Building C object examples/xApp/c/monitor/RRC_MESSAGES/CMakeFiles/asn1_nr_rrc.dir/NR_CG-ConfigInfo-v1560-IEs.c.o
#9 38.26 [ 32%] Building C object examples/xApp/c/monitor/RRC_MESSAGES/CMakeFiles/asn1_nr_rrc.dir/NR_CG-ConfigInfo-v1570-IEs.c.o
#9 38.27 [ 32%] Building C object examples/xApp/c/monitor/RRC_MESSAGES/CMakeFiles/asn1_nr_rrc.dir/NR_CG-ConfigInfo-v1590-IEs.c.o
#9 38.30 [ 32%] Building C object examples/xApp/c/monitor/RRC_MESSAGES/CMakeFiles/asn1_nr_rrc.dir/NR_CG-ConfigInfo-v1610-IEs.c.o
#9 38.31 [ 32%] Building C object examples/xApp/c/monitor/RRC_MESSAGES/CMakeFiles/asn1_nr_rrc.dir/NR_CG-ConfigInfo-v1620-IEs.c.o
#9 38.33 [ 32%] Building C object examples/xApp/c/monitor/RRC_MESSAGES/CMakeFiles/asn1_nr_rrc.dir/NR_CG-ConfigInfo-v1640-IEs.c.o
#9 38.33 [ 32%] Building C object examples/xApp/c/monitor/RRC_MESSAGES/CMakeFiles/asn1_nr_rrc.dir/NR_CG-ConfigInfo-v1700-IEs.c.o
#9 38.36 [ 32%] Building C object examples/xApp/c/monitor/RRC_MESSAGES/CMakeFiles/asn1_nr_rrc.dir/NR_CG-Config-v1540-IEs.c.o
#9 38.36 [ 32%] Building C object examples/xApp/c/monitor/RRC_MESSAGES/CMakeFiles/asn1_nr_rrc.dir/NR_CG-ConfigInfo-v1730-IEs.c.o
#9 38.39 [ 32%] Building C object examples/xApp/c/monitor/RRC_MESSAGES/CMakeFiles/asn1_nr_rrc.dir/NR_CG-Config-v1560-IEs.c.o
#9 38.40 [ 32%] Building C object examples/xApp/c/monitor/RRC_MESSAGES/CMakeFiles/asn1_nr_rrc.dir/NR_CG-Config-v1590-IEs.c.o
#9 38.43 [ 32%] Building C object examples/xApp/c/monitor/RRC_MESSAGES/CMakeFiles/asn1_nr_rrc.dir/NR_CG-Config-v1620-IEs.c.o
#9 38.43 [ 32%] Building C object examples/xApp/c/monitor/RRC_MESSAGES/CMakeFiles/asn1_nr_rrc.dir/NR_CG-Config-v1610-IEs.c.o
#9 38.46 [ 32%] Building C object examples/xApp/c/monitor/RRC_MESSAGES/CMakeFiles/asn1_nr_rrc.dir/NR_CG-Config-v1630-IEs.c.o
#9 38.46 [ 32%] Building C object examples/xApp/c/monitor/RRC_MESSAGES/CMakeFiles/asn1_nr_rrc.dir/NR_CG-Config-v1640-IEs.c.o
#9 38.49 [ 32%] Building C object examples/xApp/c/monitor/RRC_MESSAGES/CMakeFiles/asn1_nr_rrc.dir/NR_CG-Config-v1730-IEs.c.o
#9 38.49 [ 32%] Building C object examples/xApp/c/monitor/RRC_MESSAGES/CMakeFiles/asn1_nr_rrc.dir/NR_CG-Config-v1700-IEs.c.o
#9 38.52 [ 32%] Building C object examples/xApp/c/monitor/RRC_MESSAGES/CMakeFiles/asn1_nr_rrc.dir/NR_CG-COT-Sharing-r16.c.o
#9 38.52 [ 32%] Building C object examples/xApp/c/monitor/RRC_MESSAGES/CMakeFiles/asn1_nr_rrc.dir/NR_CG-COT-Sharing-r17.c.o
#9 38.55 [ 32%] Building C object examples/xApp/c/monitor/RRC_MESSAGES/CMakeFiles/asn1_nr_rrc.dir/NR_CGI-InfoEUTRALogging.c.o
#9 38.55 [ 32%] Building C object examples/xApp/c/monitor/RRC_MESSAGES/CMakeFiles/asn1_nr_rrc.dir/NR_CGI-InfoEUTRA.c.o
#9 38.58 [ 32%] Building C object examples/xApp/c/monitor/RRC_MESSAGES/CMakeFiles/asn1_nr_rrc.dir/NR_CGI-Info-Logging-r16.c.o
#9 38.59 [ 32%] Building C object examples/xApp/c/monitor/RRC_MESSAGES/CMakeFiles/asn1_nr_rrc.dir/NR_CGI-InfoNR.c.o
#9 38.62 [ 32%] Building C object examples/xApp/c/monitor/RRC_MESSAGES/CMakeFiles/asn1_nr_rrc.dir/NR_CG-SDT-ConfigLCH-Restriction-r17.c.o
#9 38.62 [ 32%] Building C object examples/xApp/c/monitor/RRC_MESSAGES/CMakeFiles/asn1_nr_rrc.dir/NR_CG-SDT-Configuration-r17.c.o
#9 38.64 [ 32%] Building C object examples/xApp/c/monitor/RRC_MESSAGES/CMakeFiles/asn1_nr_rrc.dir/NR_CG-SDT-TA-ValidationConfig-r17.c.o
#9 38.66 [ 32%] Building C object examples/xApp/c/monitor/RRC_MESSAGES/CMakeFiles/asn1_nr_rrc.dir/NR_CG-StartingOffsets-r16.c.o
#9 38.67 [ 32%] Building C object examples/xApp/c/monitor/RRC_MESSAGES/CMakeFiles/asn1_nr_rrc.dir/NR_CG-UCI-OnPUSCH.c.o
#9 38.70 [ 32%] Building C object examples/xApp/c/monitor/RRC_MESSAGES/CMakeFiles/asn1_nr_rrc.dir/NR_ChannelAccessConfig-r16.c.o
#9 38.71 [ 32%] Building C object examples/xApp/c/monitor/RRC_MESSAGES/CMakeFiles/asn1_nr_rrc.dir/NR_ChoCandidateCellList-r17.c.o
#9 38.73 [ 32%] Building C object examples/xApp/c/monitor/RRC_MESSAGES/CMakeFiles/asn1_nr_rrc.dir/NR_ChoCandidateCell-r17.c.o
#9 38.74 [ 32%] Building C object examples/xApp/c/monitor/RRC_MESSAGES/CMakeFiles/asn1_nr_rrc.dir/NR_CI-ConfigurationPerServingCell-r16.c.o
#9 38.76 [ 32%] Building C object examples/xApp/c/monitor/RRC_MESSAGES/CMakeFiles/asn1_nr_rrc.dir/NR_CipheringAlgorithm.c.o
#9 38.77 [ 32%] Building C object examples/xApp/c/monitor/RRC_MESSAGES/CMakeFiles/asn1_nr_rrc.dir/NR_CLI-EventTriggerConfig-r16.c.o
#9 38.79 [ 32%] Building C object examples/xApp/c/monitor/RRC_MESSAGES/CMakeFiles/asn1_nr_rrc.dir/NR_CLI-PeriodicalReportConfig-r16.c.o
#9 38.80 [ 33%] Building C object examples/xApp/c/monitor/RRC_MESSAGES/CMakeFiles/asn1_nr_rrc.dir/NR_CLI-ResourceConfig-r16.c.o
#9 38.82 [ 33%] Building C object examples/xApp/c/monitor/RRC_MESSAGES/CMakeFiles/asn1_nr_rrc.dir/NR_CLI-RSSI-Range-r16.c.o
#9 38.86 [ 33%] Building C object examples/xApp/c/monitor/RRC_MESSAGES/CMakeFiles/asn1_nr_rrc.dir/NR_CLI-RSSI-TriggeredList-r16.c.o
#9 38.89 [ 33%] Building C object examples/xApp/c/monitor/RRC_MESSAGES/CMakeFiles/asn1_nr_rrc.dir/NR_CLI-TriggeredList-r16.c.o
#9 38.91 [ 33%] Building C object examples/xApp/c/monitor/RRC_MESSAGES/CMakeFiles/asn1_nr_rrc.dir/NR_CMRGroupingAndPairing-r17.c.o
#9 38.93 [ 33%] Building C object examples/xApp/c/monitor/RRC_MESSAGES/CMakeFiles/asn1_nr_rrc.dir/NR_CodebookComboParameterMixedTypePerBC-r17.c.o
#9 38.94 [ 33%] Building C object examples/xApp/c/monitor/RRC_MESSAGES/CMakeFiles/asn1_nr_rrc.dir/NR_CodebookComboParameterMixedType-r17.c.o
#9 38.99 [ 33%] Building C object examples/xApp/c/monitor/RRC_MESSAGES/CMakeFiles/asn1_nr_rrc.dir/NR_CodebookComboParameterMultiTRP-r17.c.o
#9 38.99 [ 33%] Building C object examples/xApp/c/monitor/RRC_MESSAGES/CMakeFiles/asn1_nr_rrc.dir/NR_CodebookComboParameterMultiTRP-PerBC-r17.c.o
#9 39.07 [ 33%] Building C object examples/xApp/c/monitor/RRC_MESSAGES/CMakeFiles/asn1_nr_rrc.dir/NR_CodebookComboParametersAdditionPerBC-r16.c.o
#9 39.07 [ 33%] Building C object examples/xApp/c/monitor/RRC_MESSAGES/CMakeFiles/asn1_nr_rrc.dir/NR_CodebookComboParametersAddition-r16.c.o
#9 39.12 [ 33%] Building C object examples/xApp/c/monitor/RRC_MESSAGES/CMakeFiles/asn1_nr_rrc.dir/NR_CodebookConfig.c.o
#9 39.13 [ 33%] Building C object examples/xApp/c/monitor/RRC_MESSAGES/CMakeFiles/asn1_nr_rrc.dir/NR_CodebookConfig-r16.c.o
#9 39.18 [ 33%] Building C object examples/xApp/c/monitor/RRC_MESSAGES/CMakeFiles/asn1_nr_rrc.dir/NR_CodebookConfig-r17.c.o
#9 39.22 [ 33%] Building C object examples/xApp/c/monitor/RRC_MESSAGES/CMakeFiles/asn1_nr_rrc.dir/NR_CodebookConfig-v1730.c.o
#9 39.24 [ 33%] Building C object examples/xApp/c/monitor/RRC_MESSAGES/CMakeFiles/asn1_nr_rrc.dir/NR_CodebookParametersAdditionPerBC-r16.c.o
#9 39.25 [ 33%] Building C object examples/xApp/c/monitor/RRC_MESSAGES/CMakeFiles/asn1_nr_rrc.dir/NR_CodebookParametersAddition-r16.c.o
#9 39.29 [ 33%] Building C object examples/xApp/c/monitor/RRC_MESSAGES/CMakeFiles/asn1_nr_rrc.dir/NR_CodebookParameters.c.o
#9 39.30 [ 33%] Building C object examples/xApp/c/monitor/RRC_MESSAGES/CMakeFiles/asn1_nr_rrc.dir/NR_CodebookParametersfetype2PerBC-r17.c.o
#9 39.33 [ 33%] Building C object examples/xApp/c/monitor/RRC_MESSAGES/CMakeFiles/asn1_nr_rrc.dir/NR_CodebookParametersfetype2-r17.c.o
#9 39.33 [ 33%] Building C object examples/xApp/c/monitor/RRC_MESSAGES/CMakeFiles/asn1_nr_rrc.dir/NR_CodebookParameters-v1610.c.o
#9 39.37 [ 33%] Building C object examples/xApp/c/monitor/RRC_MESSAGES/CMakeFiles/asn1_nr_rrc.dir/NR_CodebookVariantsList-r16.c.o
#9 39.38 [ 33%] Building C object examples/xApp/c/monitor/RRC_MESSAGES/CMakeFiles/asn1_nr_rrc.dir/NR_CO-Duration-r16.c.o
#9 39.40 [ 33%] Building C object examples/xApp/c/monitor/RRC_MESSAGES/CMakeFiles/asn1_nr_rrc.dir/NR_CO-Duration-r17.c.o
#9 39.41 [ 33%] Building C object examples/xApp/c/monitor/RRC_MESSAGES/CMakeFiles/asn1_nr_rrc.dir/NR_CO-DurationsPerCell-r16.c.o
#9 39.44 [ 33%] Building C object examples/xApp/c/monitor/RRC_MESSAGES/CMakeFiles/asn1_nr_rrc.dir/NR_CommonLocationInfo-r16.c.o
#9 39.44 [ 33%] Building C object examples/xApp/c/monitor/RRC_MESSAGES/CMakeFiles/asn1_nr_rrc.dir/NR_CO-DurationsPerCell-r17.c.o
#9 39.47 [ 33%] Building C object examples/xApp/c/monitor/RRC_MESSAGES/CMakeFiles/asn1_nr_rrc.dir/NR_ConditionalReconfiguration-r16.c.o
#9 39.48 [ 33%] Building C object examples/xApp/c/monitor/RRC_MESSAGES/CMakeFiles/asn1_nr_rrc.dir/NR_CondReconfigExecCondSCG-r17.c.o
#9 39.51 [ 33%] Building C object examples/xApp/c/monitor/RRC_MESSAGES/CMakeFiles/asn1_nr_rrc.dir/NR_CondReconfigId-r16.c.o
#9 39.53 [ 33%] Building C object examples/xApp/c/monitor/RRC_MESSAGES/CMakeFiles/asn1_nr_rrc.dir/NR_CondReconfigToAddModList-r16.c.o
#9 39.54 [ 33%] Building C object examples/xApp/c/monitor/RRC_MESSAGES/CMakeFiles/asn1_nr_rrc.dir/NR_CondReconfigToAddMod-r16.c.o
#9 39.56 [ 33%] Building C object examples/xApp/c/monitor/RRC_MESSAGES/CMakeFiles/asn1_nr_rrc.dir/NR_CondReconfigToRemoveList-r16.c.o
#9 39.59 [ 33%] Building C object examples/xApp/c/monitor/RRC_MESSAGES/CMakeFiles/asn1_nr_rrc.dir/NR_CondTriggerConfig-r16.c.o
#9 39.60 [ 33%] Building C object examples/xApp/c/monitor/RRC_MESSAGES/CMakeFiles/asn1_nr_rrc.dir/NR_ConfigRestrictInfoDAPS-r16.c.o
#9 39.63 [ 33%] Building C object examples/xApp/c/monitor/RRC_MESSAGES/CMakeFiles/asn1_nr_rrc.dir/NR_ConfigRestrictInfoDAPS-v1640.c.o
#9 39.64 [ 33%] Building C object examples/xApp/c/monitor/RRC_MESSAGES/CMakeFiles/asn1_nr_rrc.dir/NR_ConfigRestrictInfoSCG.c.o
#9 39.66 [ 33%] Building C object examples/xApp/c/monitor/RRC_MESSAGES/CMakeFiles/asn1_nr_rrc.dir/NR_ConfigRestrictModReqSCG.c.o
#9 39.69 [ 35%] Building C object examples/xApp/c/monitor/RRC_MESSAGES/CMakeFiles/asn1_nr_rrc.dir/NR_ConfiguredGrantConfig.c.o
#9 39.71 [ 35%] Building C object examples/xApp/c/monitor/RRC_MESSAGES/CMakeFiles/asn1_nr_rrc.dir/NR_ConfiguredGrantConfigIndexMAC-r16.c.o
#9 39.74 [ 35%] Building C object examples/xApp/c/monitor/RRC_MESSAGES/CMakeFiles/asn1_nr_rrc.dir/NR_ConfiguredGrantConfigIndex-r16.c.o
#9 39.78 [ 35%] Building C object examples/xApp/c/monitor/RRC_MESSAGES/CMakeFiles/asn1_nr_rrc.dir/NR_ConfiguredGrantConfigToAddModList-r16.c.o
#9 39.83 [ 35%] Building C object examples/xApp/c/monitor/RRC_MESSAGES/CMakeFiles/asn1_nr_rrc.dir/NR_ConfiguredGrantConfigToReleaseList-r16.c.o
#9 39.87 [ 35%] Building C object examples/xApp/c/monitor/RRC_MESSAGES/CMakeFiles/asn1_nr_rrc.dir/NR_ConfiguredGrantConfigType2DeactivationStateList-r16.c.o
#9 39.91 [ 35%] Building C object examples/xApp/c/monitor/RRC_MESSAGES/CMakeFiles/asn1_nr_rrc.dir/NR_ConnEstFailReportList-r17.c.o
#9 39.91 [ 35%] Building C object examples/xApp/c/monitor/RRC_MESSAGES/CMakeFiles/asn1_nr_rrc.dir/NR_ConfiguredGrantConfigType2DeactivationState-r16.c.o
#9 39.94 [ 35%] Building C object examples/xApp/c/monitor/RRC_MESSAGES/CMakeFiles/asn1_nr_rrc.dir/NR_ConnEstFailReport-r16.c.o
#9 39.94 [ 35%] Building C object examples/xApp/c/monitor/RRC_MESSAGES/CMakeFiles/asn1_nr_rrc.dir/NR_ConnEstFailureControl.c.o
#9 39.97 [ 35%] Building C object examples/xApp/c/monitor/RRC_MESSAGES/CMakeFiles/asn1_nr_rrc.dir/NR_ControlResourceSet.c.o
#9 39.99 [ 35%] Building C object examples/xApp/c/monitor/RRC_MESSAGES/CMakeFiles/asn1_nr_rrc.dir/NR_ControlResourceSetId.c.o
#9 40.03 [ 35%] Building C object examples/xApp/c/monitor/RRC_MESSAGES/CMakeFiles/asn1_nr_rrc.dir/NR_ControlResourceSetId-r16.c.o
#9 40.03 [ 35%] Building C object examples/xApp/c/monitor/RRC_MESSAGES/CMakeFiles/asn1_nr_rrc.dir/NR_ControlResourceSetId-v1610.c.o
#9 40.07 [ 35%] Building C object examples/xApp/c/monitor/RRC_MESSAGES/CMakeFiles/asn1_nr_rrc.dir/NR_ControlResourceSetZero.c.o
#9 40.08 [ 35%] Building C object examples/xApp/c/monitor/RRC_MESSAGES/CMakeFiles/asn1_nr_rrc.dir/NR_CounterCheck.c.o
#9 40.11 [ 35%] Building C object examples/xApp/c/monitor/RRC_MESSAGES/CMakeFiles/asn1_nr_rrc.dir/NR_CounterCheck-IEs.c.o
#9 40.11 [ 35%] Building C object examples/xApp/c/monitor/RRC_MESSAGES/CMakeFiles/asn1_nr_rrc.dir/NR_CounterCheckResponse.c.o
#9 40.14 [ 35%] Building C object examples/xApp/c/monitor/RRC_MESSAGES/CMakeFiles/asn1_nr_rrc.dir/NR_CounterCheckResponse-IEs.c.o
#9 40.15 [ 35%] Building C object examples/xApp/c/monitor/RRC_MESSAGES/CMakeFiles/asn1_nr_rrc.dir/NR_CrossCarrierSchedulingConfig.c.o
#9 40.18 [ 35%] Building C object examples/xApp/c/monitor/RRC_MESSAGES/CMakeFiles/asn1_nr_rrc.dir/NR_CrossCarrierSchedulingSCell-SpCell-r17.c.o
#9 40.20 [ 35%] Building C object examples/xApp/c/monitor/RRC_MESSAGES/CMakeFiles/asn1_nr_rrc.dir/NR_CRS-InterfMitigation-r17.c.o
#9 40.22 [ 35%] Building C object examples/xApp/c/monitor/RRC_MESSAGES/CMakeFiles/asn1_nr_rrc.dir/NR_CSI-AperiodicTriggerState.c.o
#9 40.23 [ 35%] Building C object examples/xApp/c/monitor/RRC_MESSAGES/CMakeFiles/asn1_nr_rrc.dir/NR_CSI-AperiodicTriggerStateList.c.o
#9 40.27 [ 35%] Building C object examples/xApp/c/monitor/RRC_MESSAGES/CMakeFiles/asn1_nr_rrc.dir/NR_CSI-AssociatedReportConfigInfo.c.o
#9 40.28 [ 35%] Building C object examples/xApp/c/monitor/RRC_MESSAGES/CMakeFiles/asn1_nr_rrc.dir/NR_CSI-FrequencyOccupation.c.o
#9 40.33 [ 35%] Building C object examples/xApp/c/monitor/RRC_MESSAGES/CMakeFiles/asn1_nr_rrc.dir/NR_CSI-IM-Resource.c.o
#9 40.33 [ 35%] Building C object examples/xApp/c/monitor/RRC_MESSAGES/CMakeFiles/asn1_nr_rrc.dir/NR_CSI-IM-ResourceId.c.o
#9 40.36 [ 35%] Building C object examples/xApp/c/monitor/RRC_MESSAGES/CMakeFiles/asn1_nr_rrc.dir/NR_CSI-IM-ResourceSet.c.o
#9 40.37 [ 35%] Building C object examples/xApp/c/monitor/RRC_MESSAGES/CMakeFiles/asn1_nr_rrc.dir/NR_CSI-IM-ResourceSetId.c.o
#9 40.40 [ 35%] Building C object examples/xApp/c/monitor/RRC_MESSAGES/CMakeFiles/asn1_nr_rrc.dir/NR_CSI-MeasConfig.c.o
#9 40.41 [ 35%] Building C object examples/xApp/c/monitor/RRC_MESSAGES/CMakeFiles/asn1_nr_rrc.dir/NR_CSI-MultiTRP-SupportedCombinations-r17.c.o
#9 40.45 [ 35%] Building C object examples/xApp/c/monitor/RRC_MESSAGES/CMakeFiles/asn1_nr_rrc.dir/NR_CSI-ReportConfig.c.o
#9 40.53 [ 35%] Building C object examples/xApp/c/monitor/RRC_MESSAGES/CMakeFiles/asn1_nr_rrc.dir/NR_CSI-ReportConfigId.c.o
#9 40.55 [ 35%] Building C object examples/xApp/c/monitor/RRC_MESSAGES/CMakeFiles/asn1_nr_rrc.dir/NR_CSI-ReportFramework.c.o
#9 40.58 [ 35%] Building C object examples/xApp/c/monitor/RRC_MESSAGES/CMakeFiles/asn1_nr_rrc.dir/NR_CSI-ReportFrameworkExt-r16.c.o
#9 40.60 [ 35%] Building C object examples/xApp/c/monitor/RRC_MESSAGES/CMakeFiles/asn1_nr_rrc.dir/NR_CSI-ReportPeriodicityAndOffset.c.o
#9 40.61 [ 35%] Building C object examples/xApp/c/monitor/RRC_MESSAGES/CMakeFiles/asn1_nr_rrc.dir/NR_CSI-ResourceConfig.c.o
#9 40.65 [ 35%] Building C object examples/xApp/c/monitor/RRC_MESSAGES/CMakeFiles/asn1_nr_rrc.dir/NR_CSI-ResourceConfigId.c.o
#9 40.66 [ 36%] Building C object examples/xApp/c/monitor/RRC_MESSAGES/CMakeFiles/asn1_nr_rrc.dir/NR_CSI-ResourcePeriodicityAndOffset.c.o
#9 40.70 [ 36%] Building C object examples/xApp/c/monitor/RRC_MESSAGES/CMakeFiles/asn1_nr_rrc.dir/NR_CSI-RS-CellMobility.c.o
#9 40.70 [ 36%] Building C object examples/xApp/c/monitor/RRC_MESSAGES/CMakeFiles/asn1_nr_rrc.dir/NR_CSI-RS-ForTracking.c.o
#9 40.74 [ 36%] Building C object examples/xApp/c/monitor/RRC_MESSAGES/CMakeFiles/asn1_nr_rrc.dir/NR_CSI-RS-IM-ReceptionForFeedback.c.o
#9 40.75 [ 36%] Building C object examples/xApp/c/monitor/RRC_MESSAGES/CMakeFiles/asn1_nr_rrc.dir/NR_CSI-RS-Index.c.o
#9 40.78 [ 36%] Building C object examples/xApp/c/monitor/RRC_MESSAGES/CMakeFiles/asn1_nr_rrc.dir/NR_CSI-RS-ProcFrameworkForSRS.c.o
#9 40.79 [ 36%] Building C object examples/xApp/c/monitor/RRC_MESSAGES/CMakeFiles/asn1_nr_rrc.dir/NR_CSI-RS-ResourceConfigMobility.c.o
#9 40.82 [ 36%] Building C object examples/xApp/c/monitor/RRC_MESSAGES/CMakeFiles/asn1_nr_rrc.dir/NR_CSI-RS-ResourceMapping.c.o
#9 40.83 [ 36%] Building C object examples/xApp/c/monitor/RRC_MESSAGES/CMakeFiles/asn1_nr_rrc.dir/NR_CSI-RS-Resource-Mobility.c.o
#9 40.87 [ 36%] Building C object examples/xApp/c/monitor/RRC_MESSAGES/CMakeFiles/asn1_nr_rrc.dir/NR_CSI-SemiPersistentOnPUSCH-TriggerState.c.o
#9 40.88 [ 36%] Building C object examples/xApp/c/monitor/RRC_MESSAGES/CMakeFiles/asn1_nr_rrc.dir/NR_CSI-SemiPersistentOnPUSCH-TriggerStateList.c.o
#9 40.91 [ 36%] Building C object examples/xApp/c/monitor/RRC_MESSAGES/CMakeFiles/asn1_nr_rrc.dir/NR_CSI-SSB-ResourceSet.c.o
#9 40.92 [ 36%] Building C object examples/xApp/c/monitor/RRC_MESSAGES/CMakeFiles/asn1_nr_rrc.dir/NR_CSI-SSB-ResourceSetId.c.o
#9 40.94 [ 36%] Building C object examples/xApp/c/monitor/RRC_MESSAGES/CMakeFiles/asn1_nr_rrc.dir/NR_DAPS-UplinkPowerConfig-r16.c.o
#9 40.95 [ 36%] Building C object examples/xApp/c/monitor/RRC_MESSAGES/CMakeFiles/asn1_nr_rrc.dir/NR_DataInactivityTimer.c.o
#9 40.97 [ 36%] Building C object examples/xApp/c/monitor/RRC_MESSAGES/CMakeFiles/asn1_nr_rrc.dir/NR_DCP-Config-r16.c.o
#9 40.98 [ 36%] Building C object examples/xApp/c/monitor/RRC_MESSAGES/CMakeFiles/asn1_nr_rrc.dir/NR_DeactivatedSCG-Config-r17.c.o
#9 41.01 [ 36%] Building C object examples/xApp/c/monitor/RRC_MESSAGES/CMakeFiles/asn1_nr_rrc.dir/NR_DedicatedInfoF1c-r17.c.o
#9 41.01 [ 36%] Building C object examples/xApp/c/monitor/RRC_MESSAGES/CMakeFiles/asn1_nr_rrc.dir/NR_DedicatedNAS-Message.c.o
#9 41.04 [ 36%] Building C object examples/xApp/c/monitor/RRC_MESSAGES/CMakeFiles/asn1_nr_rrc.dir/NR_DedicatedSIBRequest-r16.c.o
#9 41.05 [ 36%] Building C object examples/xApp/c/monitor/RRC_MESSAGES/CMakeFiles/asn1_nr_rrc.dir/NR_DedicatedSIBRequest-r16-IEs.c.o
#9 41.07 [ 36%] Building C object examples/xApp/c/monitor/RRC_MESSAGES/CMakeFiles/asn1_nr_rrc.dir/NR_DefaultDC-Location-r17.c.o
#9 41.09 [ 36%] Building C object examples/xApp/c/monitor/RRC_MESSAGES/CMakeFiles/asn1_nr_rrc.dir/NR_DelayBudgetReport.c.o
#9 41.10 [ 36%] Building C object examples/xApp/c/monitor/RRC_MESSAGES/CMakeFiles/asn1_nr_rrc.dir/NR_DiscardTimerExt2-r17.c.o
#9 41.12 [ 36%] Building C object examples/xApp/c/monitor/RRC_MESSAGES/CMakeFiles/asn1_nr_rrc.dir/NR_DiscardTimerExt-r16.c.o
#9 41.14 [ 36%] Building C object examples/xApp/c/monitor/RRC_MESSAGES/CMakeFiles/asn1_nr_rrc.dir/NR_DL-AM-RLC.c.o
#9 41.15 [ 36%] Building C object examples/xApp/c/monitor/RRC_MESSAGES/CMakeFiles/asn1_nr_rrc.dir/NR_DL-AM-RLC-v1610.c.o
#9 41.18 [ 36%] Building C object examples/xApp/c/monitor/RRC_MESSAGES/CMakeFiles/asn1_nr_rrc.dir/NR_DL-AM-RLC-v1700.c.o
#9 41.18 [ 36%] Building C object examples/xApp/c/monitor/RRC_MESSAGES/CMakeFiles/asn1_nr_rrc.dir/NR_DL-CCCH-Message.c.o
#9 41.21 [ 36%] Building C object examples/xApp/c/monitor/RRC_MESSAGES/CMakeFiles/asn1_nr_rrc.dir/NR_DL-CCCH-MessageType.c.o
#9 41.29 [ 36%] Building C object examples/xApp/c/monitor/RRC_MESSAGES/CMakeFiles/asn1_nr_rrc.dir/NR_DL-DataToUL-ACK-DCI-1-2-r16.c.o
#9 41.33 [ 36%] Building C object examples/xApp/c/monitor/RRC_MESSAGES/CMakeFiles/asn1_nr_rrc.dir/NR_DL-DataToUL-ACK-DCI-1-2-r17.c.o
#9 41.33 [ 36%] Building C object examples/xApp/c/monitor/RRC_MESSAGES/CMakeFiles/asn1_nr_rrc.dir/NR_DL-DataToUL-ACK-MulticastDCI-Format4-1-r17.c.o
#9 41.36 [ 36%] Building C object examples/xApp/c/monitor/RRC_MESSAGES/CMakeFiles/asn1_nr_rrc.dir/NR_DL-DataToUL-ACK-r16.c.o
#9 41.38 [ 36%] Building C object examples/xApp/c/monitor/RRC_MESSAGES/CMakeFiles/asn1_nr_rrc.dir/NR_DL-DataToUL-ACK-r17.c.o
#9 41.40 [ 36%] Building C object examples/xApp/c/monitor/RRC_MESSAGES/CMakeFiles/asn1_nr_rrc.dir/NR_DL-DataToUL-ACK-v1700.c.o
#9 41.42 [ 36%] Building C object examples/xApp/c/monitor/RRC_MESSAGES/CMakeFiles/asn1_nr_rrc.dir/NR_DL-DCCH-Message.c.o
#9 41.43 [ 36%] Building C object examples/xApp/c/monitor/RRC_MESSAGES/CMakeFiles/asn1_nr_rrc.dir/NR_DL-DCCH-MessageType.c.o
#9 41.59 [ 36%] Building C object examples/xApp/c/monitor/RRC_MESSAGES/CMakeFiles/asn1_nr_rrc.dir/NR_DLDedicatedMessageSegment-r16.c.o
#9 41.62 [ 38%] Building C object examples/xApp/c/monitor/RRC_MESSAGES/CMakeFiles/asn1_nr_rrc.dir/NR_DLDedicatedMessageSegment-r16-IEs.c.o
#9 41.62 [ 38%] Building C object examples/xApp/c/monitor/RRC_MESSAGES/CMakeFiles/asn1_nr_rrc.dir/NR_DLInformationTransfer.c.o
#9 41.65 [ 38%] Building C object examples/xApp/c/monitor/RRC_MESSAGES/CMakeFiles/asn1_nr_rrc.dir/NR_DLInformationTransfer-IEs.c.o
#9 41.67 [ 38%] Building C object examples/xApp/c/monitor/RRC_MESSAGES/CMakeFiles/asn1_nr_rrc.dir/NR_DLInformationTransferMRDC-r16.c.o
#9 41.69 [ 38%] Building C object examples/xApp/c/monitor/RRC_MESSAGES/CMakeFiles/asn1_nr_rrc.dir/NR_DLInformationTransferMRDC-r16-IEs.c.o
#9 41.71 [ 38%] Building C object examples/xApp/c/monitor/RRC_MESSAGES/CMakeFiles/asn1_nr_rrc.dir/NR_DLInformationTransfer-v1610-IEs.c.o
#9 41.73 [ 38%] Building C object examples/xApp/c/monitor/RRC_MESSAGES/CMakeFiles/asn1_nr_rrc.dir/NR_DLInformationTransfer-v1700-IEs.c.o
#9 41.74 [ 38%] Building C object examples/xApp/c/monitor/RRC_MESSAGES/CMakeFiles/asn1_nr_rrc.dir/NR_DL-PPW-ID-r17.c.o
#9 41.77 [ 38%] Building C object examples/xApp/c/monitor/RRC_MESSAGES/CMakeFiles/asn1_nr_rrc.dir/NR_DL-PPW-PeriodicityAndStartSlot-r17.c.o
#9 41.77 [ 38%] Building C object examples/xApp/c/monitor/RRC_MESSAGES/CMakeFiles/asn1_nr_rrc.dir/NR_DL-PPW-PreConfig-r17.c.o
#9 41.82 [ 38%] Building C object examples/xApp/c/monitor/RRC_MESSAGES/CMakeFiles/asn1_nr_rrc.dir/NR_DL-PPW-PreConfigToAddModList-r17.c.o
#9 41.85 [ 38%] Building C object examples/xApp/c/monitor/RRC_MESSAGES/CMakeFiles/asn1_nr_rrc.dir/NR_DL-PPW-PreConfigToReleaseList-r17.c.o
#9 41.86 [ 38%] Building C object examples/xApp/c/monitor/RRC_MESSAGES/CMakeFiles/asn1_nr_rrc.dir/NR_DL-PRS-Info-r16.c.o
#9 41.89 [ 38%] Building C object examples/xApp/c/monitor/RRC_MESSAGES/CMakeFiles/asn1_nr_rrc.dir/NR_DL-PRS-QCL-Info-r17.c.o
#9 41.90 [ 38%] Building C object examples/xApp/c/monitor/RRC_MESSAGES/CMakeFiles/asn1_nr_rrc.dir/NR_DL-UM-RLC.c.o
#9 41.93 [ 38%] Building C object examples/xApp/c/monitor/RRC_MESSAGES/CMakeFiles/asn1_nr_rrc.dir/NR_DL-UM-RLC-v1700.c.o
#9 41.94 [ 38%] Building C object examples/xApp/c/monitor/RRC_MESSAGES/CMakeFiles/asn1_nr_rrc.dir/NR_DMRS-BundlingPUCCH-Config-r17.c.o
#9 41.98 [ 38%] Building C object examples/xApp/c/monitor/RRC_MESSAGES/CMakeFiles/asn1_nr_rrc.dir/NR_DMRS-BundlingPUSCH-Config-r17.c.o
#9 41.99 [ 38%] Building C object examples/xApp/c/monitor/RRC_MESSAGES/CMakeFiles/asn1_nr_rrc.dir/NR_DMRS-DownlinkConfig.c.o
#9 42.03 [ 38%] Building C object examples/xApp/c/monitor/RRC_MESSAGES/CMakeFiles/asn1_nr_rrc.dir/NR_DMRS-UplinkConfig.c.o
#9 42.09 [ 38%] Building C object examples/xApp/c/monitor/RRC_MESSAGES/CMakeFiles/asn1_nr_rrc.dir/NR_DMRS-UplinkTransformPrecoding-r16.c.o
#9 42.13 [ 38%] Building C object examples/xApp/c/monitor/RRC_MESSAGES/CMakeFiles/asn1_nr_rrc.dir/NR_DormancyGroupID-r16.c.o
#9 42.15 [ 38%] Building C object examples/xApp/c/monitor/RRC_MESSAGES/CMakeFiles/asn1_nr_rrc.dir/NR_DormantBWP-Config-r16.c.o
#9 42.18 [ 38%] Building C object examples/xApp/c/monitor/RRC_MESSAGES/CMakeFiles/asn1_nr_rrc.dir/NR_DownlinkConfigCommon.c.o
#9 42.25 [ 38%] Building C object examples/xApp/c/monitor/RRC_MESSAGES/CMakeFiles/asn1_nr_rrc.dir/NR_DownlinkConfigCommonSIB.c.o
#9 42.30 [ 38%] Building C object examples/xApp/c/monitor/RRC_MESSAGES/CMakeFiles/asn1_nr_rrc.dir/NR_DownlinkHARQ-FeedbackDisabled-r17.c.o
#9 42.34 [ 38%] Building C object examples/xApp/c/monitor/RRC_MESSAGES/CMakeFiles/asn1_nr_rrc.dir/NR_DownlinkPreemption.c.o
#9 42.37 [ 38%] Building C object examples/xApp/c/monitor/RRC_MESSAGES/CMakeFiles/asn1_nr_rrc.dir/NR_DRB-CountInfo.c.o
#9 42.39 [ 38%] Building C object examples/xApp/c/monitor/RRC_MESSAGES/CMakeFiles/asn1_nr_rrc.dir/NR_DRB-CountInfoList.c.o
#9 42.42 [ 38%] Building C object examples/xApp/c/monitor/RRC_MESSAGES/CMakeFiles/asn1_nr_rrc.dir/NR_DRB-CountMSB-Info.c.o
#9 42.42 [ 38%] Building C object examples/xApp/c/monitor/RRC_MESSAGES/CMakeFiles/asn1_nr_rrc.dir/NR_DRB-CountMSB-InfoList.c.o
#9 42.45 [ 38%] Building C object examples/xApp/c/monitor/RRC_MESSAGES/CMakeFiles/asn1_nr_rrc.dir/NR_DRB-Identity.c.o
#9 42.46 [ 38%] Building C object examples/xApp/c/monitor/RRC_MESSAGES/CMakeFiles/asn1_nr_rrc.dir/NR_DRB-ToAddMod.c.o
#9 42.49 [ 38%] Building C object examples/xApp/c/monitor/RRC_MESSAGES/CMakeFiles/asn1_nr_rrc.dir/NR_DRB-ToAddModList.c.o
#9 42.59 [ 38%] Building C object examples/xApp/c/monitor/RRC_MESSAGES/CMakeFiles/asn1_nr_rrc.dir/NR_DRB-ToReleaseList.c.o
#9 42.59 [ 38%] Building C object examples/xApp/c/monitor/RRC_MESSAGES/CMakeFiles/asn1_nr_rrc.dir/NR_DRX-Config.c.o
#9 42.63 [ 38%] Building C object examples/xApp/c/monitor/RRC_MESSAGES/CMakeFiles/asn1_nr_rrc.dir/NR_DRX-ConfigExt-v1700.c.o
#9 42.65 [ 38%] Building C object examples/xApp/c/monitor/RRC_MESSAGES/CMakeFiles/asn1_nr_rrc.dir/NR_DRX-ConfigPTM-Index-r17.c.o
#9 42.66 [ 39%] Building C object examples/xApp/c/monitor/RRC_MESSAGES/CMakeFiles/asn1_nr_rrc.dir/NR_DRX-ConfigPTM-r17.c.o
#9 42.69 [ 39%] Building C object examples/xApp/c/monitor/RRC_MESSAGES/CMakeFiles/asn1_nr_rrc.dir/NR_DRX-ConfigSecondaryGroup-r16.c.o
#9 42.74 [ 39%] Building C object examples/xApp/c/monitor/RRC_MESSAGES/CMakeFiles/asn1_nr_rrc.dir/NR_DRX-ConfigSL-r17.c.o
#9 42.74 [ 39%] Building C object examples/xApp/c/monitor/RRC_MESSAGES/CMakeFiles/asn1_nr_rrc.dir/NR_DRX-Info2.c.o
#9 42.77 [ 39%] Building C object examples/xApp/c/monitor/RRC_MESSAGES/CMakeFiles/asn1_nr_rrc.dir/NR_DRX-Info.c.o
#9 42.78 [ 39%] Building C object examples/xApp/c/monitor/RRC_MESSAGES/CMakeFiles/asn1_nr_rrc.dir/NR_DRX-PreferenceConfig-r16.c.o
#9 42.83 [ 39%] Building C object examples/xApp/c/monitor/RRC_MESSAGES/CMakeFiles/asn1_nr_rrc.dir/NR_DRX-Preference-r16.c.o
#9 42.83 [ 39%] Building C object examples/xApp/c/monitor/RRC_MESSAGES/CMakeFiles/asn1_nr_rrc.dir/NR_DummyA.c.o
#9 42.86 [ 39%] Building C object examples/xApp/c/monitor/RRC_MESSAGES/CMakeFiles/asn1_nr_rrc.dir/NR_DummyB.c.o
#9 42.87 [ 39%] Building C object examples/xApp/c/monitor/RRC_MESSAGES/CMakeFiles/asn1_nr_rrc.dir/NR_DummyC.c.o
#9 42.91 [ 39%] Building C object examples/xApp/c/monitor/RRC_MESSAGES/CMakeFiles/asn1_nr_rrc.dir/NR_DummyD.c.o
#9 42.91 [ 39%] Building C object examples/xApp/c/monitor/RRC_MESSAGES/CMakeFiles/asn1_nr_rrc.dir/NR_DummyE.c.o
#9 42.95 [ 39%] Building C object examples/xApp/c/monitor/RRC_MESSAGES/CMakeFiles/asn1_nr_rrc.dir/NR_DummyF.c.o
#9 42.96 [ 39%] Building C object examples/xApp/c/monitor/RRC_MESSAGES/CMakeFiles/asn1_nr_rrc.dir/NR_DummyG.c.o
#9 42.99 [ 39%] Building C object examples/xApp/c/monitor/RRC_MESSAGES/CMakeFiles/asn1_nr_rrc.dir/NR_DummyH.c.o
#9 42.99 [ 39%] Building C object examples/xApp/c/monitor/RRC_MESSAGES/CMakeFiles/asn1_nr_rrc.dir/NR_DummyI.c.o
#9 43.03 [ 39%] Building C object examples/xApp/c/monitor/RRC_MESSAGES/CMakeFiles/asn1_nr_rrc.dir/NR_DummyJ.c.o
#9 43.04 [ 39%] Building C object examples/xApp/c/monitor/RRC_MESSAGES/CMakeFiles/asn1_nr_rrc.dir/NR_DummyPathlossReferenceRS-v1710.c.o
#9 43.08 [ 39%] Building C object examples/xApp/c/monitor/RRC_MESSAGES/CMakeFiles/asn1_nr_rrc.dir/NR_Dummy-TDRA-List.c.o
#9 43.09 [ 39%] Building C object examples/xApp/c/monitor/RRC_MESSAGES/CMakeFiles/asn1_nr_rrc.dir/NR_EphemerisInfo-r17.c.o
#9 43.13 [ 39%] Building C object examples/xApp/c/monitor/RRC_MESSAGES/CMakeFiles/asn1_nr_rrc.dir/NR_EstablishmentCause.c.o
#9 43.13 [ 39%] Building C object examples/xApp/c/monitor/RRC_MESSAGES/CMakeFiles/asn1_nr_rrc.dir/NR_EpochTime-r17.c.o
#9 43.17 [ 39%] Building C object examples/xApp/c/monitor/RRC_MESSAGES/CMakeFiles/asn1_nr_rrc.dir/NR_EthernetHeaderCompression-r16.c.o
#9 43.17 [ 39%] Building C object examples/xApp/c/monitor/RRC_MESSAGES/CMakeFiles/asn1_nr_rrc.dir/NR_EUTRA-AllowedMeasBandwidth.c.o
#9 43.21 [ 39%] Building C object examples/xApp/c/monitor/RRC_MESSAGES/CMakeFiles/asn1_nr_rrc.dir/NR_EUTRA-CellIndex.c.o
#9 43.21 [ 39%] Building C object examples/xApp/c/monitor/RRC_MESSAGES/CMakeFiles/asn1_nr_rrc.dir/NR_EUTRA-Cell.c.o
#9 43.26 [ 39%] Building C object examples/xApp/c/monitor/RRC_MESSAGES/CMakeFiles/asn1_nr_rrc.dir/NR_EUTRA-ExcludedCell.c.o
#9 43.26 [ 39%] Building C object examples/xApp/c/monitor/RRC_MESSAGES/CMakeFiles/asn1_nr_rrc.dir/NR_EUTRA-CellIndexList.c.o
#9 43.30 [ 39%] Building C object examples/xApp/c/monitor/RRC_MESSAGES/CMakeFiles/asn1_nr_rrc.dir/NR_EUTRA-FreqNeighCellInfo.c.o
#9 43.30 [ 39%] Building C object examples/xApp/c/monitor/RRC_MESSAGES/CMakeFiles/asn1_nr_rrc.dir/NR_EUTRA-FreqExcludedCellList.c.o
#9 43.33 [ 39%] Building C object examples/xApp/c/monitor/RRC_MESSAGES/CMakeFiles/asn1_nr_rrc.dir/NR_EUTRA-FreqNeighCellList.c.o
#9 43.34 [ 39%] Building C object examples/xApp/c/monitor/RRC_MESSAGES/CMakeFiles/asn1_nr_rrc.dir/NR_EUTRA-FreqNeighHSDN-CellList-r17.c.o
#9 43.36 [ 39%] Building C object examples/xApp/c/monitor/RRC_MESSAGES/CMakeFiles/asn1_nr_rrc.dir/NR_EUTRA-MBSFN-SubframeConfig.c.o
#9 43.39 [ 39%] Building C object examples/xApp/c/monitor/RRC_MESSAGES/CMakeFiles/asn1_nr_rrc.dir/NR_EUTRA-MBSFN-SubframeConfigList.c.o
#9 43.41 [ 39%] Building C object examples/xApp/c/monitor/RRC_MESSAGES/CMakeFiles/asn1_nr_rrc.dir/NR_EUTRA-MultiBandInfo.c.o
#9 43.43 [ 39%] Building C object examples/xApp/c/monitor/RRC_MESSAGES/CMakeFiles/asn1_nr_rrc.dir/NR_EUTRA-MultiBandInfoList.c.o
#9 43.45 [ 39%] Building C object examples/xApp/c/monitor/RRC_MESSAGES/CMakeFiles/asn1_nr_rrc.dir/NR_EUTRA-NS-PmaxList.c.o
#9 43.46 [ 39%] Building C object examples/xApp/c/monitor/RRC_MESSAGES/CMakeFiles/asn1_nr_rrc.dir/NR_EUTRA-NS-PmaxValue.c.o
#9 43.49 [ 39%] Building C object examples/xApp/c/monitor/RRC_MESSAGES/CMakeFiles/asn1_nr_rrc.dir/NR_EUTRA-Parameters.c.o
#9 43.50 [ 40%] Building C object examples/xApp/c/monitor/RRC_MESSAGES/CMakeFiles/asn1_nr_rrc.dir/NR_EUTRA-ParametersCommon.c.o
#9 43.53 [ 40%] Building C object examples/xApp/c/monitor/RRC_MESSAGES/CMakeFiles/asn1_nr_rrc.dir/NR_EUTRA-ParametersXDD-Diff.c.o
#9 43.55 [ 40%] Building C object examples/xApp/c/monitor/RRC_MESSAGES/CMakeFiles/asn1_nr_rrc.dir/NR_EUTRA-PhysCellId.c.o
#9 43.56 [ 40%] Building C object examples/xApp/c/monitor/RRC_MESSAGES/CMakeFiles/asn1_nr_rrc.dir/NR_EUTRA-PhysCellIdRange.c.o
#9 43.59 [ 40%] Building C object examples/xApp/c/monitor/RRC_MESSAGES/CMakeFiles/asn1_nr_rrc.dir/NR_EUTRA-PresenceAntennaPort1.c.o
#9 43.59 [ 40%] Building C object examples/xApp/c/monitor/RRC_MESSAGES/CMakeFiles/asn1_nr_rrc.dir/NR_EUTRA-Q-OffsetRange.c.o
#9 43.63 [ 40%] Building C object examples/xApp/c/monitor/RRC_MESSAGES/CMakeFiles/asn1_nr_rrc.dir/NR_EUTRA-RSTD-Info.c.o
#9 43.63 [ 40%] Building C object examples/xApp/c/monitor/RRC_MESSAGES/CMakeFiles/asn1_nr_rrc.dir/NR_EUTRA-RSTD-InfoList.c.o
#9 43.66 [ 40%] Building C object examples/xApp/c/monitor/RRC_MESSAGES/CMakeFiles/asn1_nr_rrc.dir/NR_EventTriggerConfig.c.o
#9 43.67 [ 40%] Building C object examples/xApp/c/monitor/RRC_MESSAGES/CMakeFiles/asn1_nr_rrc.dir/NR_EventTriggerConfigInterRAT.c.o
#9 43.77 [ 40%] Building C object examples/xApp/c/monitor/RRC_MESSAGES/CMakeFiles/asn1_nr_rrc.dir/NR_EventTriggerConfigNR-SL-r16.c.o
#9 43.81 [ 40%] Building C object examples/xApp/c/monitor/RRC_MESSAGES/CMakeFiles/asn1_nr_rrc.dir/NR_EventType-r16.c.o
#9 43.84 [ 40%] Building C object examples/xApp/c/monitor/RRC_MESSAGES/CMakeFiles/asn1_nr_rrc.dir/NR_ExcessDelay-DRB-IdentityInfo-r17.c.o
#9 43.85 [ 40%] Building C object examples/xApp/c/monitor/RRC_MESSAGES/CMakeFiles/asn1_nr_rrc.dir/NR_ExtendedPagingCycle-r17.c.o
#9 43.88 [ 40%] Building C object examples/xApp/c/monitor/RRC_MESSAGES/CMakeFiles/asn1_nr_rrc.dir/NR_EXTERNAL.c.o
#9 43.89 [ 40%] Building C object examples/xApp/c/monitor/RRC_MESSAGES/CMakeFiles/asn1_nr_rrc.dir/NR_FailureInfoDAPS-r16.c.o
#9 43.92 [ 40%] Building C object examples/xApp/c/monitor/RRC_MESSAGES/CMakeFiles/asn1_nr_rrc.dir/NR_FailureInfoRLC-Bearer.c.o
#9 43.94 [ 40%] Building C object examples/xApp/c/monitor/RRC_MESSAGES/CMakeFiles/asn1_nr_rrc.dir/NR_FailureInformation.c.o
#9 43.96 [ 40%] Building C object examples/xApp/c/monitor/RRC_MESSAGES/CMakeFiles/asn1_nr_rrc.dir/NR_FailureInformation-IEs.c.o
#9 43.98 [ 40%] Building C object examples/xApp/c/monitor/RRC_MESSAGES/CMakeFiles/asn1_nr_rrc.dir/NR_FailureInformation-v1610-IEs.c.o
#9 44.01 [ 40%] Building C object examples/xApp/c/monitor/RRC_MESSAGES/CMakeFiles/asn1_nr_rrc.dir/NR_FailureReportMCG-r16.c.o
#9 44.02 [ 40%] Building C object examples/xApp/c/monitor/RRC_MESSAGES/CMakeFiles/asn1_nr_rrc.dir/NR_FailureReportSCG.c.o
#9 44.06 [ 40%] Building C object examples/xApp/c/monitor/RRC_MESSAGES/CMakeFiles/asn1_nr_rrc.dir/NR_FailureReportSCG-EUTRA.c.o
#9 44.06 [ 40%] Building C object examples/xApp/c/monitor/RRC_MESSAGES/CMakeFiles/asn1_nr_rrc.dir/NR_FDM-TDM-r16.c.o
#9 44.09 [ 40%] Building C object examples/xApp/c/monitor/RRC_MESSAGES/CMakeFiles/asn1_nr_rrc.dir/NR_FeatureCombinationPreambles-r17.c.o
#9 44.10 [ 40%] Building C object examples/xApp/c/monitor/RRC_MESSAGES/CMakeFiles/asn1_nr_rrc.dir/NR_FeatureCombination-r17.c.o
#9 44.13 [ 40%] Building C object examples/xApp/c/monitor/RRC_MESSAGES/CMakeFiles/asn1_nr_rrc.dir/NR_FeaturePriority-r17.c.o
#9 44.14 [ 40%] Building C object examples/xApp/c/monitor/RRC_MESSAGES/CMakeFiles/asn1_nr_rrc.dir/NR_FeatureSet.c.o
#9 44.17 [ 40%] Building C object examples/xApp/c/monitor/RRC_MESSAGES/CMakeFiles/asn1_nr_rrc.dir/NR_FeatureSetCombination.c.o
#9 44.17 [ 40%] Building C object examples/xApp/c/monitor/RRC_MESSAGES/CMakeFiles/asn1_nr_rrc.dir/NR_FeatureSetCombinationId.c.o
#9 44.21 [ 40%] Building C object examples/xApp/c/monitor/RRC_MESSAGES/CMakeFiles/asn1_nr_rrc.dir/NR_FeatureSetDownlink.c.o
#9 44.21 [ 40%] Building C object examples/xApp/c/monitor/RRC_MESSAGES/CMakeFiles/asn1_nr_rrc.dir/NR_FeatureSetDownlinkId.c.o
#9 44.25 [ 40%] Building C object examples/xApp/c/monitor/RRC_MESSAGES/CMakeFiles/asn1_nr_rrc.dir/NR_FeatureSetDownlinkPerCC.c.o
#9 44.25 [ 40%] Building C object examples/xApp/c/monitor/RRC_MESSAGES/CMakeFiles/asn1_nr_rrc.dir/NR_FeatureSetDownlinkPerCC-Id.c.o
#9 44.29 [ 40%] Building C object examples/xApp/c/monitor/RRC_MESSAGES/CMakeFiles/asn1_nr_rrc.dir/NR_FeatureSetDownlinkPerCC-v1620.c.o
#9 44.29 [ 40%] Building C object examples/xApp/c/monitor/RRC_MESSAGES/CMakeFiles/asn1_nr_rrc.dir/NR_FeatureSetDownlinkPerCC-v1700.c.o
#9 44.32 [ 40%] Building C object examples/xApp/c/monitor/RRC_MESSAGES/CMakeFiles/asn1_nr_rrc.dir/NR_FeatureSetDownlinkPerCC-v1720.c.o
#9 44.34 [ 40%] Building C object examples/xApp/c/monitor/RRC_MESSAGES/CMakeFiles/asn1_nr_rrc.dir/NR_FeatureSetDownlinkPerCC-v1730.c.o
#9 44.36 [ 40%] Building C object examples/xApp/c/monitor/RRC_MESSAGES/CMakeFiles/asn1_nr_rrc.dir/NR_FeatureSetDownlink-v1540.c.o
#9 44.38 [ 42%] Building C object examples/xApp/c/monitor/RRC_MESSAGES/CMakeFiles/asn1_nr_rrc.dir/NR_FeatureSetDownlink-v15a0.c.o
#9 44.40 [ 42%] Building C object examples/xApp/c/monitor/RRC_MESSAGES/CMakeFiles/asn1_nr_rrc.dir/NR_FeatureSetDownlink-v1610.c.o
#9 44.42 [ 42%] Building C object examples/xApp/c/monitor/RRC_MESSAGES/CMakeFiles/asn1_nr_rrc.dir/NR_FeatureSetDownlink-v1700.c.o
#9 44.44 [ 42%] Building C object examples/xApp/c/monitor/RRC_MESSAGES/CMakeFiles/asn1_nr_rrc.dir/NR_FeatureSetDownlink-v1720.c.o
#9 44.47 [ 42%] Building C object examples/xApp/c/monitor/RRC_MESSAGES/CMakeFiles/asn1_nr_rrc.dir/NR_FeatureSetDownlink-v1730.c.o
#9 44.49 [ 42%] Building C object examples/xApp/c/monitor/RRC_MESSAGES/CMakeFiles/asn1_nr_rrc.dir/NR_FeatureSetEntryIndex.c.o
#9 44.51 [ 42%] Building C object examples/xApp/c/monitor/RRC_MESSAGES/CMakeFiles/asn1_nr_rrc.dir/NR_FeatureSetEUTRA-DownlinkId.c.o
#9 44.52 [ 42%] Building C object examples/xApp/c/monitor/RRC_MESSAGES/CMakeFiles/asn1_nr_rrc.dir/NR_FeatureSetEUTRA-UplinkId.c.o
#9 44.56 [ 42%] Building C object examples/xApp/c/monitor/RRC_MESSAGES/CMakeFiles/asn1_nr_rrc.dir/NR_FeatureSets.c.o
#9 44.56 [ 42%] Building C object examples/xApp/c/monitor/RRC_MESSAGES/CMakeFiles/asn1_nr_rrc.dir/NR_FeatureSetsPerBand.c.o
#9 44.61 [ 42%] Building C object examples/xApp/c/monitor/RRC_MESSAGES/CMakeFiles/asn1_nr_rrc.dir/NR_FeatureSetUplink.c.o
#9 44.64 [ 42%] Building C object examples/xApp/c/monitor/RRC_MESSAGES/CMakeFiles/asn1_nr_rrc.dir/NR_FeatureSetUplinkId.c.o
#9 44.65 [ 42%] Building C object examples/xApp/c/monitor/RRC_MESSAGES/CMakeFiles/asn1_nr_rrc.dir/NR_FeatureSetUplinkPerCC.c.o
#9 44.67 [ 42%] Building C object examples/xApp/c/monitor/RRC_MESSAGES/CMakeFiles/asn1_nr_rrc.dir/NR_FeatureSetUplinkPerCC-Id.c.o
#9 44.68 [ 42%] Building C object examples/xApp/c/monitor/RRC_MESSAGES/CMakeFiles/asn1_nr_rrc.dir/NR_FeatureSetUplinkPerCC-v1540.c.o
#9 44.70 [ 42%] Building C object examples/xApp/c/monitor/RRC_MESSAGES/CMakeFiles/asn1_nr_rrc.dir/NR_FeatureSetUplinkPerCC-v1700.c.o
#9 44.71 [ 42%] Building C object examples/xApp/c/monitor/RRC_MESSAGES/CMakeFiles/asn1_nr_rrc.dir/NR_FeatureSetUplink-v1540.c.o
#9 44.73 [ 42%] Building C object examples/xApp/c/monitor/RRC_MESSAGES/CMakeFiles/asn1_nr_rrc.dir/NR_FeatureSetUplink-v1610.c.o
#9 44.76 [ 42%] Building C object examples/xApp/c/monitor/RRC_MESSAGES/CMakeFiles/asn1_nr_rrc.dir/NR_FeatureSetUplink-v1630.c.o
#9 44.77 [ 42%] Building C object examples/xApp/c/monitor/RRC_MESSAGES/CMakeFiles/asn1_nr_rrc.dir/NR_FeatureSetUplink-v1640.c.o
#9 44.79 [ 42%] Building C object examples/xApp/c/monitor/RRC_MESSAGES/CMakeFiles/asn1_nr_rrc.dir/NR_FeatureSetUplink-v1710.c.o
#9 44.80 [ 42%] Building C object examples/xApp/c/monitor/RRC_MESSAGES/CMakeFiles/asn1_nr_rrc.dir/NR_FeatureSetUplink-v1720.c.o
#9 44.82 [ 42%] Building C object examples/xApp/c/monitor/RRC_MESSAGES/CMakeFiles/asn1_nr_rrc.dir/NR_FilterCoefficient.c.o
#9 44.83 [ 42%] Building C object examples/xApp/c/monitor/RRC_MESSAGES/CMakeFiles/asn1_nr_rrc.dir/NR_FilterConfig.c.o
#9 44.86 [ 42%] Building C object examples/xApp/c/monitor/RRC_MESSAGES/CMakeFiles/asn1_nr_rrc.dir/NR_FilterConfigCLI-r16.c.o
#9 44.87 [ 42%] Building C object examples/xApp/c/monitor/RRC_MESSAGES/CMakeFiles/asn1_nr_rrc.dir/NR_FR2-2-AccessParamsPerBand-r17.c.o
#9 44.89 [ 42%] Building C object examples/xApp/c/monitor/RRC_MESSAGES/CMakeFiles/asn1_nr_rrc.dir/NR_FreqBandIndicatorEUTRA.c.o
#9 44.90 [ 42%] Building C object examples/xApp/c/monitor/RRC_MESSAGES/CMakeFiles/asn1_nr_rrc.dir/NR_FreqBandIndicatorNR.c.o
#9 44.92 [ 42%] Building C object examples/xApp/c/monitor/RRC_MESSAGES/CMakeFiles/asn1_nr_rrc.dir/NR_FreqBandInformation.c.o
#9 44.93 [ 42%] Building C object examples/xApp/c/monitor/RRC_MESSAGES/CMakeFiles/asn1_nr_rrc.dir/NR_FreqBandInformationEUTRA.c.o
#9 44.95 [ 42%] Building C object examples/xApp/c/monitor/RRC_MESSAGES/CMakeFiles/asn1_nr_rrc.dir/NR_FreqBandInformationNR.c.o
#9 44.97 [ 42%] Building C object examples/xApp/c/monitor/RRC_MESSAGES/CMakeFiles/asn1_nr_rrc.dir/NR_FreqBandList.c.o
#9 44.99 [ 42%] Building C object examples/xApp/c/monitor/RRC_MESSAGES/CMakeFiles/asn1_nr_rrc.dir/NR_FreqPriorityDedicatedSlicing-r17.c.o
#9 45.00 [ 42%] Building C object examples/xApp/c/monitor/RRC_MESSAGES/CMakeFiles/asn1_nr_rrc.dir/NR_FreqPriorityEUTRA.c.o
#9 45.01 [ 42%] Building C object examples/xApp/c/monitor/RRC_MESSAGES/CMakeFiles/asn1_nr_rrc.dir/NR_FreqPriorityListDedicatedSlicing-r17.c.o
#9 45.03 [ 42%] Building C object examples/xApp/c/monitor/RRC_MESSAGES/CMakeFiles/asn1_nr_rrc.dir/NR_FreqPriorityListEUTRA.c.o
#9 45.05 [ 42%] Building C object examples/xApp/c/monitor/RRC_MESSAGES/CMakeFiles/asn1_nr_rrc.dir/NR_FreqPriorityListNR.c.o
#9 45.06 [ 42%] Building C object examples/xApp/c/monitor/RRC_MESSAGES/CMakeFiles/asn1_nr_rrc.dir/NR_FreqPriorityListSlicing-r17.c.o
#9 45.08 [ 43%] Building C object examples/xApp/c/monitor/RRC_MESSAGES/CMakeFiles/asn1_nr_rrc.dir/NR_FreqPriorityNR.c.o
#9 45.09 [ 43%] Building C object examples/xApp/c/monitor/RRC_MESSAGES/CMakeFiles/asn1_nr_rrc.dir/NR_FreqPrioritySlicing-r17.c.o
#9 45.11 [ 43%] Building C object examples/xApp/c/monitor/RRC_MESSAGES/CMakeFiles/asn1_nr_rrc.dir/NR_FreqSeparationClass.c.o
#9 45.12 [ 43%] Building C object examples/xApp/c/monitor/RRC_MESSAGES/CMakeFiles/asn1_nr_rrc.dir/NR_FreqSeparationClassDL-Only-r16.c.o
#9 45.14 [ 43%] Building C object examples/xApp/c/monitor/RRC_MESSAGES/CMakeFiles/asn1_nr_rrc.dir/NR_FreqSeparationClassDL-v1620.c.o
#9 45.14 [ 43%] Building C object examples/xApp/c/monitor/RRC_MESSAGES/CMakeFiles/asn1_nr_rrc.dir/NR_FreqSeparationClassUL-v1620.c.o
#9 45.17 [ 43%] Building C object examples/xApp/c/monitor/RRC_MESSAGES/CMakeFiles/asn1_nr_rrc.dir/NR_FrequencyComponent-r17.c.o
#9 45.18 [ 43%] Building C object examples/xApp/c/monitor/RRC_MESSAGES/CMakeFiles/asn1_nr_rrc.dir/NR_FrequencyConfig-NR-r16.c.o
#9 45.20 [ 43%] Building C object examples/xApp/c/monitor/RRC_MESSAGES/CMakeFiles/asn1_nr_rrc.dir/NR_FrequencyHoppingOffsetListsDCI-0-2-r16.c.o
#9 45.21 [ 43%] Building C object examples/xApp/c/monitor/RRC_MESSAGES/CMakeFiles/asn1_nr_rrc.dir/NR_FrequencyInfoDL.c.o
#9 45.23 [ 43%] Building C object examples/xApp/c/monitor/RRC_MESSAGES/CMakeFiles/asn1_nr_rrc.dir/NR_FrequencyInfoDL-SIB.c.o
#9 45.24 [ 43%] Building C object examples/xApp/c/monitor/RRC_MESSAGES/CMakeFiles/asn1_nr_rrc.dir/NR_FrequencyInfoUL.c.o
#9 45.26 [ 43%] Building C object examples/xApp/c/monitor/RRC_MESSAGES/CMakeFiles/asn1_nr_rrc.dir/NR_FrequencyInfoUL-SIB.c.o
#9 45.27 [ 43%] Building C object examples/xApp/c/monitor/RRC_MESSAGES/CMakeFiles/asn1_nr_rrc.dir/NR_FR-Info.c.o
#9 45.29 [ 43%] Building C object examples/xApp/c/monitor/RRC_MESSAGES/CMakeFiles/asn1_nr_rrc.dir/NR_FR-InfoList.c.o
#9 45.30 [ 43%] Building C object examples/xApp/c/monitor/RRC_MESSAGES/CMakeFiles/asn1_nr_rrc.dir/NR_GapConfig.c.o
#9 45.32 [ 43%] Building C object examples/xApp/c/monitor/RRC_MESSAGES/CMakeFiles/asn1_nr_rrc.dir/NR_GapConfig-r17.c.o
#9 45.34 [ 43%] Building C object examples/xApp/c/monitor/RRC_MESSAGES/CMakeFiles/asn1_nr_rrc.dir/NR_GapPriority-r17.c.o
#9 45.35 [ 43%] Building C object examples/xApp/c/monitor/RRC_MESSAGES/CMakeFiles/asn1_nr_rrc.dir/NR_GeneralParametersMRDC-v1610.c.o
#9 45.37 [ 43%] Building C object examples/xApp/c/monitor/RRC_MESSAGES/CMakeFiles/asn1_nr_rrc.dir/NR_GeneralParametersMRDC-XDD-Diff.c.o
#9 45.38 [ 43%] Building C object examples/xApp/c/monitor/RRC_MESSAGES/CMakeFiles/asn1_nr_rrc.dir/NR_GIN-Element-r17.c.o
#9 45.40 [ 43%] Building C object examples/xApp/c/monitor/RRC_MESSAGES/CMakeFiles/asn1_nr_rrc.dir/NR_GINs-PerSNPN-r17.c.o
#9 45.41 [ 43%] Building C object examples/xApp/c/monitor/RRC_MESSAGES/CMakeFiles/asn1_nr_rrc.dir/NR_GNSS-ID-r16.c.o
#9 45.43 [ 43%] Building C object examples/xApp/c/monitor/RRC_MESSAGES/CMakeFiles/asn1_nr_rrc.dir/NR_GoodServingCellEvaluation-r17.c.o
#9 45.44 [ 43%] Building C object examples/xApp/c/monitor/RRC_MESSAGES/CMakeFiles/asn1_nr_rrc.dir/NR_GroupB-ConfiguredTwoStepRA-r16.c.o
#9 45.45 [ 43%] Building C object examples/xApp/c/monitor/RRC_MESSAGES/CMakeFiles/asn1_nr_rrc.dir/NR_GuardBand-r16.c.o
#9 45.48 [ 43%] Building C object examples/xApp/c/monitor/RRC_MESSAGES/CMakeFiles/asn1_nr_rrc.dir/NR_HandoverCommand-IEs.c.o
#9 45.48 [ 43%] Building C object examples/xApp/c/monitor/RRC_MESSAGES/CMakeFiles/asn1_nr_rrc.dir/NR_HandoverCommand.c.o
#9 45.50 [ 43%] Building C object examples/xApp/c/monitor/RRC_MESSAGES/CMakeFiles/asn1_nr_rrc.dir/NR_HandoverPreparationInformation.c.o
#9 45.52 [ 43%] Building C object examples/xApp/c/monitor/RRC_MESSAGES/CMakeFiles/asn1_nr_rrc.dir/NR_HandoverPreparationInformation-IEs.c.o
#9 45.61 [ 43%] Building C object examples/xApp/c/monitor/RRC_MESSAGES/CMakeFiles/asn1_nr_rrc.dir/NR_HighSpeedConfigFR2-r17.c.o
#9 45.64 [ 43%] Building C object examples/xApp/c/monitor/RRC_MESSAGES/CMakeFiles/asn1_nr_rrc.dir/NR_HighSpeedConfig-r16.c.o
#9 45.64 [ 43%] Building C object examples/xApp/c/monitor/RRC_MESSAGES/CMakeFiles/asn1_nr_rrc.dir/NR_HighSpeedConfig-v1700.c.o
#9 45.67 [ 43%] Building C object examples/xApp/c/monitor/RRC_MESSAGES/CMakeFiles/asn1_nr_rrc.dir/NR_HighSpeedParameters-r16.c.o
#9 45.67 [ 43%] Building C object examples/xApp/c/monitor/RRC_MESSAGES/CMakeFiles/asn1_nr_rrc.dir/NR_HighSpeedParameters-v1650.c.o
#9 45.70 [ 43%] Building C object examples/xApp/c/monitor/RRC_MESSAGES/CMakeFiles/asn1_nr_rrc.dir/NR_HighSpeedParameters-v1700.c.o
#9 45.70 [ 43%] Building C object examples/xApp/c/monitor/RRC_MESSAGES/CMakeFiles/asn1_nr_rrc.dir/NR_HRNN-List-r16.c.o
#9 45.73 [ 43%] Building C object examples/xApp/c/monitor/RRC_MESSAGES/CMakeFiles/asn1_nr_rrc.dir/NR_HRNN-r16.c.o
#9 45.74 [ 43%] Building C object examples/xApp/c/monitor/RRC_MESSAGES/CMakeFiles/asn1_nr_rrc.dir/NR_Hysteresis.c.o
#9 45.76 [ 45%] Building C object examples/xApp/c/monitor/RRC_MESSAGES/CMakeFiles/asn1_nr_rrc.dir/NR_HysteresisLocation-r17.c.o
#9 45.77 [ 45%] Building C object examples/xApp/c/monitor/RRC_MESSAGES/CMakeFiles/asn1_nr_rrc.dir/NR_IAB-IP-AddressAndTraffic-r16.c.o
#9 45.79 [ 45%] Building C object examples/xApp/c/monitor/RRC_MESSAGES/CMakeFiles/asn1_nr_rrc.dir/NR_IAB-IP-AddressConfigurationList-r16.c.o
#9 45.80 [ 45%] Building C object examples/xApp/c/monitor/RRC_MESSAGES/CMakeFiles/asn1_nr_rrc.dir/NR_IAB-IP-AddressConfiguration-r16.c.o
#9 45.83 [ 45%] Building C object examples/xApp/c/monitor/RRC_MESSAGES/CMakeFiles/asn1_nr_rrc.dir/NR_IAB-IP-AddressIndex-r16.c.o
#9 45.84 [ 45%] Building C object examples/xApp/c/monitor/RRC_MESSAGES/CMakeFiles/asn1_nr_rrc.dir/NR_IAB-IP-AddressNumReq-r16.c.o
#9 45.87 [ 45%] Building C object examples/xApp/c/monitor/RRC_MESSAGES/CMakeFiles/asn1_nr_rrc.dir/NR_IAB-IP-AddressPrefixReq-r16.c.o
#9 45.87 [ 45%] Building C object examples/xApp/c/monitor/RRC_MESSAGES/CMakeFiles/asn1_nr_rrc.dir/NR_IAB-IP-Address-r16.c.o
#9 45.90 [ 45%] Building C object examples/xApp/c/monitor/RRC_MESSAGES/CMakeFiles/asn1_nr_rrc.dir/NR_IAB-IP-Usage-r16.c.o
#9 45.90 [ 45%] Building C object examples/xApp/c/monitor/RRC_MESSAGES/CMakeFiles/asn1_nr_rrc.dir/NR_IAB-IP-PrefixAndTraffic-r16.c.o
#9 45.93 [ 45%] Building C object examples/xApp/c/monitor/RRC_MESSAGES/CMakeFiles/asn1_nr_rrc.dir/NR_IABOtherInformation-r16.c.o
#9 45.94 [ 45%] Building C object examples/xApp/c/monitor/RRC_MESSAGES/CMakeFiles/asn1_nr_rrc.dir/NR_IABOtherInformation-r16-IEs.c.o
#9 45.97 [ 45%] Building C object examples/xApp/c/monitor/RRC_MESSAGES/CMakeFiles/asn1_nr_rrc.dir/NR_IAB-ResourceConfigID-r17.c.o
#9 45.97 [ 45%] Building C object examples/xApp/c/monitor/RRC_MESSAGES/CMakeFiles/asn1_nr_rrc.dir/NR_IAB-ResourceConfig-r17.c.o
#9 46.00 [ 45%] Building C object examples/xApp/c/monitor/RRC_MESSAGES/CMakeFiles/asn1_nr_rrc.dir/NR_IDC-AssistanceConfig-r16.c.o
#9 46.01 [ 45%] Building C object examples/xApp/c/monitor/RRC_MESSAGES/CMakeFiles/asn1_nr_rrc.dir/NR_IDC-Assistance-r16.c.o
#9 46.03 [ 45%] Building C object examples/xApp/c/monitor/RRC_MESSAGES/CMakeFiles/asn1_nr_rrc.dir/NR_IMS-Parameters.c.o
#9 46.04 [ 45%] Building C object examples/xApp/c/monitor/RRC_MESSAGES/CMakeFiles/asn1_nr_rrc.dir/NR_IMS-ParametersCommon.c.o
#9 46.06 [ 45%] Building C object examples/xApp/c/monitor/RRC_MESSAGES/CMakeFiles/asn1_nr_rrc.dir/NR_IMS-ParametersFR2-2-r17.c.o
#9 46.07 [ 45%] Building C object examples/xApp/c/monitor/RRC_MESSAGES/CMakeFiles/asn1_nr_rrc.dir/NR_IMS-ParametersFRX-Diff.c.o
#9 46.09 [ 45%] Building C object examples/xApp/c/monitor/RRC_MESSAGES/CMakeFiles/asn1_nr_rrc.dir/NR_IMS-Parameters-v1700.c.o
#9 46.10 [ 45%] Building C object examples/xApp/c/monitor/RRC_MESSAGES/CMakeFiles/asn1_nr_rrc.dir/NR_InitialUE-Identity.c.o
#9 46.12 [ 45%] Building C object examples/xApp/c/monitor/RRC_MESSAGES/CMakeFiles/asn1_nr_rrc.dir/NR_INT-ConfigurationPerServingCell.c.o
#9 46.14 [ 45%] Building C object examples/xApp/c/monitor/RRC_MESSAGES/CMakeFiles/asn1_nr_rrc.dir/NR_IntegrityProtAlgorithm.c.o
#9 46.15 [ 45%] Building C object examples/xApp/c/monitor/RRC_MESSAGES/CMakeFiles/asn1_nr_rrc.dir/NR_InterFreqAllowedCellList-r16.c.o
#9 46.18 [ 45%] Building C object examples/xApp/c/monitor/RRC_MESSAGES/CMakeFiles/asn1_nr_rrc.dir/NR_InterFreqCAG-CellListPerPLMN-r16.c.o
#9 46.18 [ 45%] Building C object examples/xApp/c/monitor/RRC_MESSAGES/CMakeFiles/asn1_nr_rrc.dir/NR_InterFreqCarrierFreqInfo.c.o
#9 46.21 [ 45%] Building C object examples/xApp/c/monitor/RRC_MESSAGES/CMakeFiles/asn1_nr_rrc.dir/NR_InterFreqCarrierFreqInfo-v1610.c.o
#9 46.23 [ 45%] Building C object examples/xApp/c/monitor/RRC_MESSAGES/CMakeFiles/asn1_nr_rrc.dir/NR_InterFreqCarrierFreqInfo-v1700.c.o
#9 46.24 [ 45%] Building C object examples/xApp/c/monitor/RRC_MESSAGES/CMakeFiles/asn1_nr_rrc.dir/NR_InterFreqCarrierFreqInfo-v1720.c.o
#9 46.26 [ 45%] Building C object examples/xApp/c/monitor/RRC_MESSAGES/CMakeFiles/asn1_nr_rrc.dir/NR_InterFreqCarrierFreqInfo-v1730.c.o
#9 46.27 [ 45%] Building C object examples/xApp/c/monitor/RRC_MESSAGES/CMakeFiles/asn1_nr_rrc.dir/NR_InterFreqCarrierFreqList.c.o
#9 46.30 [ 45%] Building C object examples/xApp/c/monitor/RRC_MESSAGES/CMakeFiles/asn1_nr_rrc.dir/NR_InterFreqCarrierFreqList-v1610.c.o
#9 46.30 [ 45%] Building C object examples/xApp/c/monitor/RRC_MESSAGES/CMakeFiles/asn1_nr_rrc.dir/NR_InterFreqCarrierFreqList-v1700.c.o
#9 46.33 [ 45%] Building C object examples/xApp/c/monitor/RRC_MESSAGES/CMakeFiles/asn1_nr_rrc.dir/NR_InterFreqCarrierFreqList-v1720.c.o
#9 46.34 [ 45%] Building C object examples/xApp/c/monitor/RRC_MESSAGES/CMakeFiles/asn1_nr_rrc.dir/NR_InterFreqCarrierFreqList-v1730.c.o
#9 46.36 [ 45%] Building C object examples/xApp/c/monitor/RRC_MESSAGES/CMakeFiles/asn1_nr_rrc.dir/NR_InterFreqExcludedCellList.c.o
#9 46.38 [ 45%] Building C object examples/xApp/c/monitor/RRC_MESSAGES/CMakeFiles/asn1_nr_rrc.dir/NR_InterFreqNeighCellInfo.c.o
#9 46.40 [ 45%] Building C object examples/xApp/c/monitor/RRC_MESSAGES/CMakeFiles/asn1_nr_rrc.dir/NR_InterFreqNeighCellInfo-v1610.c.o
#9 46.41 [ 46%] Building C object examples/xApp/c/monitor/RRC_MESSAGES/CMakeFiles/asn1_nr_rrc.dir/NR_InterFreqNeighCellInfo-v1710.c.o
#9 46.44 [ 46%] Building C object examples/xApp/c/monitor/RRC_MESSAGES/CMakeFiles/asn1_nr_rrc.dir/NR_InterFreqNeighCellList.c.o
#9 46.44 [ 46%] Building C object examples/xApp/c/monitor/RRC_MESSAGES/CMakeFiles/asn1_nr_rrc.dir/NR_InterFreqNeighCellList-v1610.c.o
#9 46.47 [ 46%] Building C object examples/xApp/c/monitor/RRC_MESSAGES/CMakeFiles/asn1_nr_rrc.dir/NR_InterFreqNeighCellList-v1710.c.o
#9 46.48 [ 46%] Building C object examples/xApp/c/monitor/RRC_MESSAGES/CMakeFiles/asn1_nr_rrc.dir/NR_InterFreqNeighHSDN-CellList-r17.c.o
#9 46.50 [ 46%] Building C object examples/xApp/c/monitor/RRC_MESSAGES/CMakeFiles/asn1_nr_rrc.dir/NR_InterFreqTargetInfo-r16.c.o
#9 46.51 [ 46%] Building C object examples/xApp/c/monitor/RRC_MESSAGES/CMakeFiles/asn1_nr_rrc.dir/NR_InterRAT-Parameters.c.o
#9 46.53 [ 46%] Building C object examples/xApp/c/monitor/RRC_MESSAGES/CMakeFiles/asn1_nr_rrc.dir/NR_IntraBandCC-Combination-r17.c.o
#9 46.55 [ 46%] Building C object examples/xApp/c/monitor/RRC_MESSAGES/CMakeFiles/asn1_nr_rrc.dir/NR_IntraBandCC-CombinationReqList-r17.c.o
#9 46.56 [ 46%] Building C object examples/xApp/c/monitor/RRC_MESSAGES/CMakeFiles/asn1_nr_rrc.dir/NR_IntraBandPowerClass-r16.c.o
#9 46.58 [ 46%] Building C object examples/xApp/c/monitor/RRC_MESSAGES/CMakeFiles/asn1_nr_rrc.dir/NR_IntraCellGuardBandsPerSCS-r16.c.o
#9 46.59 [ 46%] Building C object examples/xApp/c/monitor/RRC_MESSAGES/CMakeFiles/asn1_nr_rrc.dir/NR_IntraFreqAllowedCellList-r16.c.o
#9 46.61 [ 46%] Building C object examples/xApp/c/monitor/RRC_MESSAGES/CMakeFiles/asn1_nr_rrc.dir/NR_IntraFreqCAG-CellListPerPLMN-r16.c.o
#9 46.64 [ 46%] Building C object examples/xApp/c/monitor/RRC_MESSAGES/CMakeFiles/asn1_nr_rrc.dir/NR_IntraFreqExcludedCellList.c.o
#9 46.64 [ 46%] Building C object examples/xApp/c/monitor/RRC_MESSAGES/CMakeFiles/asn1_nr_rrc.dir/NR_IntraFreqNeighCellInfo.c.o
#9 46.66 [ 46%] Building C object examples/xApp/c/monitor/RRC_MESSAGES/CMakeFiles/asn1_nr_rrc.dir/NR_IntraFreqNeighCellInfo-v1610.c.o
#9 46.68 [ 46%] Building C object examples/xApp/c/monitor/RRC_MESSAGES/CMakeFiles/asn1_nr_rrc.dir/NR_IntraFreqNeighCellInfo-v1710.c.o
#9 46.69 [ 46%] Building C object examples/xApp/c/monitor/RRC_MESSAGES/CMakeFiles/asn1_nr_rrc.dir/NR_IntraFreqNeighCellList.c.o
#9 46.71 [ 46%] Building C object examples/xApp/c/monitor/RRC_MESSAGES/CMakeFiles/asn1_nr_rrc.dir/NR_IntraFreqNeighCellList-v1610.c.o
#9 46.72 [ 46%] Building C object examples/xApp/c/monitor/RRC_MESSAGES/CMakeFiles/asn1_nr_rrc.dir/NR_IntraFreqNeighCellList-v1710.c.o
#9 46.75 [ 46%] Building C object examples/xApp/c/monitor/RRC_MESSAGES/CMakeFiles/asn1_nr_rrc.dir/NR_IntraFreqNeighHSDN-CellList-r17.c.o
#9 46.75 [ 46%] Building C object examples/xApp/c/monitor/RRC_MESSAGES/CMakeFiles/asn1_nr_rrc.dir/NR_InvalidSymbolPattern-r16.c.o
#9 46.78 [ 46%] Building C object examples/xApp/c/monitor/RRC_MESSAGES/CMakeFiles/asn1_nr_rrc.dir/NR_I-RNTI-Value.c.o
#9 46.79 [ 46%] Building C object examples/xApp/c/monitor/RRC_MESSAGES/CMakeFiles/asn1_nr_rrc.dir/NR_LBT-FailureRecoveryConfig-r16.c.o
#9 46.82 [ 46%] Building C object examples/xApp/c/monitor/RRC_MESSAGES/CMakeFiles/asn1_nr_rrc.dir/NR_LocationAndBandwidthBroadcast-r17.c.o
#9 46.84 [ 46%] Building C object examples/xApp/c/monitor/RRC_MESSAGES/CMakeFiles/asn1_nr_rrc.dir/NR_LocationInfo-r16.c.o
#9 46.85 [ 46%] Building C object examples/xApp/c/monitor/RRC_MESSAGES/CMakeFiles/asn1_nr_rrc.dir/NR_LocationMeasurementIndication.c.o
#9 46.87 [ 46%] Building C object examples/xApp/c/monitor/RRC_MESSAGES/CMakeFiles/asn1_nr_rrc.dir/NR_LocationMeasurementIndication-IEs.c.o
#9 46.98 [ 46%] Building C object examples/xApp/c/monitor/RRC_MESSAGES/CMakeFiles/asn1_nr_rrc.dir/NR_LocationMeasurementInfo.c.o
#9 46.98 [ 46%] Building C object examples/xApp/c/monitor/RRC_MESSAGES/CMakeFiles/asn1_nr_rrc.dir/NR_LoggedEventTriggerConfig-r16.c.o
#9 47.01 [ 46%] Building C object examples/xApp/c/monitor/RRC_MESSAGES/CMakeFiles/asn1_nr_rrc.dir/NR_LoggedMeasurementConfiguration-r16.c.o
#9 47.02 [ 46%] Building C object examples/xApp/c/monitor/RRC_MESSAGES/CMakeFiles/asn1_nr_rrc.dir/NR_LoggedMeasurementConfiguration-r16-IEs.c.o
#9 47.12 [ 46%] Building C object examples/xApp/c/monitor/RRC_MESSAGES/CMakeFiles/asn1_nr_rrc.dir/NR_LoggedMeasurementConfiguration-v1700-IEs.c.o
#9 47.15 [ 46%] Building C object examples/xApp/c/monitor/RRC_MESSAGES/CMakeFiles/asn1_nr_rrc.dir/NR_LoggedPeriodicalReportConfig-r16.c.o
#9 47.18 [ 46%] Building C object examples/xApp/c/monitor/RRC_MESSAGES/CMakeFiles/asn1_nr_rrc.dir/NR_LoggingDuration-r16.c.o
#9 47.18 [ 46%] Building C object examples/xApp/c/monitor/RRC_MESSAGES/CMakeFiles/asn1_nr_rrc.dir/NR_LoggingInterval-r16.c.o
#9 47.21 [ 46%] Building C object examples/xApp/c/monitor/RRC_MESSAGES/CMakeFiles/asn1_nr_rrc.dir/NR_LogicalChannelConfig.c.o
#9 47.22 [ 46%] Building C object examples/xApp/c/monitor/RRC_MESSAGES/CMakeFiles/asn1_nr_rrc.dir/NR_LogicalChannelIdentity.c.o
#9 47.25 [ 47%] Building C object examples/xApp/c/monitor/RRC_MESSAGES/CMakeFiles/asn1_nr_rrc.dir/NR_LogicalChannelIdentityExt-r17.c.o
#9 47.25 [ 47%] Building C object examples/xApp/c/monitor/RRC_MESSAGES/CMakeFiles/asn1_nr_rrc.dir/NR_LogMeasInfoList-r16.c.o
#9 47.28 [ 47%] Building C object examples/xApp/c/monitor/RRC_MESSAGES/CMakeFiles/asn1_nr_rrc.dir/NR_LogMeasInfo-r16.c.o
#9 47.30 [ 47%] Building C object examples/xApp/c/monitor/RRC_MESSAGES/CMakeFiles/asn1_nr_rrc.dir/NR_LogMeasReport-r16.c.o
#9 47.31 [ 47%] Building C object examples/xApp/c/monitor/RRC_MESSAGES/CMakeFiles/asn1_nr_rrc.dir/NR_LogMeasResultBT-r16.c.o
#9 47.34 [ 47%] Building C object examples/xApp/c/monitor/RRC_MESSAGES/CMakeFiles/asn1_nr_rrc.dir/NR_LogMeasResultListWLAN-r16.c.o
#9 47.34 [ 47%] Building C object examples/xApp/c/monitor/RRC_MESSAGES/CMakeFiles/asn1_nr_rrc.dir/NR_LogMeasResultListBT-r16.c.o
#9 47.37 [ 47%] Building C object examples/xApp/c/monitor/RRC_MESSAGES/CMakeFiles/asn1_nr_rrc.dir/NR_LogMeasResultWLAN-r16.c.o
#9 47.38 [ 47%] Building C object examples/xApp/c/monitor/RRC_MESSAGES/CMakeFiles/asn1_nr_rrc.dir/NR_LTE-CRS-PatternList-r16.c.o
#9 47.41 [ 47%] Building C object examples/xApp/c/monitor/RRC_MESSAGES/CMakeFiles/asn1_nr_rrc.dir/NR_LTE-NeighCellsCRS-AssistInfoList-r17.c.o
#9 47.41 [ 47%] Building C object examples/xApp/c/monitor/RRC_MESSAGES/CMakeFiles/asn1_nr_rrc.dir/NR_LTE-NeighCellsCRS-AssistInfo-r17.c.o
#9 47.44 [ 47%] Building C object examples/xApp/c/monitor/RRC_MESSAGES/CMakeFiles/asn1_nr_rrc.dir/NR_MAC-CellGroupConfig.c.o
#9 47.44 [ 47%] Building C object examples/xApp/c/monitor/RRC_MESSAGES/CMakeFiles/asn1_nr_rrc.dir/NR_MAC-MainConfigSL-r16.c.o
#9 47.48 [ 47%] Building C object examples/xApp/c/monitor/RRC_MESSAGES/CMakeFiles/asn1_nr_rrc.dir/NR_MAC-Parameters.c.o
#9 47.51 [ 47%] Building C object examples/xApp/c/monitor/RRC_MESSAGES/CMakeFiles/asn1_nr_rrc.dir/NR_MAC-ParametersCommon.c.o
#9 47.55 [ 47%] Building C object examples/xApp/c/monitor/RRC_MESSAGES/CMakeFiles/asn1_nr_rrc.dir/NR_MAC-ParametersFR2-2-r17.c.o
#9 47.56 [ 47%] Building C object examples/xApp/c/monitor/RRC_MESSAGES/CMakeFiles/asn1_nr_rrc.dir/NR_MAC-ParametersFRX-Diff-r16.c.o
#9 47.58 [ 47%] Building C object examples/xApp/c/monitor/RRC_MESSAGES/CMakeFiles/asn1_nr_rrc.dir/NR_MAC-ParametersSidelinkCommon-r16.c.o
#9 47.60 [ 47%] Building C object examples/xApp/c/monitor/RRC_MESSAGES/CMakeFiles/asn1_nr_rrc.dir/NR_MAC-ParametersSidelink-r16.c.o
#9 47.61 [ 47%] Building C object examples/xApp/c/monitor/RRC_MESSAGES/CMakeFiles/asn1_nr_rrc.dir/NR_MAC-ParametersSidelink-r17.c.o
#9 47.64 [ 47%] Building C object examples/xApp/c/monitor/RRC_MESSAGES/CMakeFiles/asn1_nr_rrc.dir/NR_MAC-ParametersSidelinkXDD-Diff-r16.c.o
#9 47.64 [ 47%] Building C object examples/xApp/c/monitor/RRC_MESSAGES/CMakeFiles/asn1_nr_rrc.dir/NR_MAC-Parameters-v1610.c.o
#9 47.68 [ 47%] Building C object examples/xApp/c/monitor/RRC_MESSAGES/CMakeFiles/asn1_nr_rrc.dir/NR_MAC-Parameters-v1700.c.o
#9 47.68 [ 47%] Building C object examples/xApp/c/monitor/RRC_MESSAGES/CMakeFiles/asn1_nr_rrc.dir/NR_MAC-ParametersXDD-Diff.c.o
#9 47.72 [ 47%] Building C object examples/xApp/c/monitor/RRC_MESSAGES/CMakeFiles/asn1_nr_rrc.dir/NR_MasterInformationBlockSidelink.c.o
#9 47.72 [ 47%] Building C object examples/xApp/c/monitor/RRC_MESSAGES/CMakeFiles/asn1_nr_rrc.dir/NR_MasterKeyUpdate.c.o
#9 47.75 [ 47%] Building C object examples/xApp/c/monitor/RRC_MESSAGES/CMakeFiles/asn1_nr_rrc.dir/NR_MaxBW-PreferenceConfig-r16.c.o
#9 47.75 [ 47%] Building C object examples/xApp/c/monitor/RRC_MESSAGES/CMakeFiles/asn1_nr_rrc.dir/NR_MaxBW-PreferenceFR2-2-r17.c.o
#9 47.78 [ 47%] Building C object examples/xApp/c/monitor/RRC_MESSAGES/CMakeFiles/asn1_nr_rrc.dir/NR_MaxBW-Preference-r16.c.o
#9 47.79 [ 47%] Building C object examples/xApp/c/monitor/RRC_MESSAGES/CMakeFiles/asn1_nr_rrc.dir/NR_MaxCC-PreferenceConfig-r16.c.o
#9 47.81 [ 47%] Building C object examples/xApp/c/monitor/RRC_MESSAGES/CMakeFiles/asn1_nr_rrc.dir/NR_MaxCC-Preference-r16.c.o
#9 47.83 [ 47%] Building C object examples/xApp/c/monitor/RRC_MESSAGES/CMakeFiles/asn1_nr_rrc.dir/NR_MaxMIMO-LayerPreferenceConfig-r16.c.o
#9 47.85 [ 47%] Building C object examples/xApp/c/monitor/RRC_MESSAGES/CMakeFiles/asn1_nr_rrc.dir/NR_MaxMIMO-LayerPreferenceFR2-2-r17.c.o
#9 47.85 [ 47%] Building C object examples/xApp/c/monitor/RRC_MESSAGES/CMakeFiles/asn1_nr_rrc.dir/NR_MaxMIMO-LayerPreference-r16.c.o
#9 47.89 [ 47%] Building C object examples/xApp/c/monitor/RRC_MESSAGES/CMakeFiles/asn1_nr_rrc.dir/NR_MaxMIMO-LayersDCI-0-2-r16.c.o
#9 47.90 [ 47%] Building C object examples/xApp/c/monitor/RRC_MESSAGES/CMakeFiles/asn1_nr_rrc.dir/NR_MaxMIMO-LayersDL-r16.c.o
#9 47.92 [ 47%] Building C object examples/xApp/c/monitor/RRC_MESSAGES/CMakeFiles/asn1_nr_rrc.dir/NR_MBSBroadcastConfiguration-r17.c.o
#9 47.94 [ 47%] Building C object examples/xApp/c/monitor/RRC_MESSAGES/CMakeFiles/asn1_nr_rrc.dir/NR_MBSBroadcastConfiguration-r17-IEs.c.o
#9 47.96 [ 47%] Building C object examples/xApp/c/monitor/RRC_MESSAGES/CMakeFiles/asn1_nr_rrc.dir/NR_MBS-FSAI-InterFreqList-r17.c.o
#9 47.97 [ 49%] Building C object examples/xApp/c/monitor/RRC_MESSAGES/CMakeFiles/asn1_nr_rrc.dir/NR_MBS-FSAI-InterFreq-r17.c.o
#9 48.00 [ 49%] Building C object examples/xApp/c/monitor/RRC_MESSAGES/CMakeFiles/asn1_nr_rrc.dir/NR_MBS-FSAI-List-r17.c.o
#9 48.01 [ 49%] Building C object examples/xApp/c/monitor/RRC_MESSAGES/CMakeFiles/asn1_nr_rrc.dir/NR_MBS-FSAI-r17.c.o
#9 48.04 [ 49%] Building C object examples/xApp/c/monitor/RRC_MESSAGES/CMakeFiles/asn1_nr_rrc.dir/NR_MBSInterestIndication-r17.c.o
#9 48.04 [ 49%] Building C object examples/xApp/c/monitor/RRC_MESSAGES/CMakeFiles/asn1_nr_rrc.dir/NR_MBSInterestIndication-r17-IEs.c.o
#9 48.07 [ 49%] Building C object examples/xApp/c/monitor/RRC_MESSAGES/CMakeFiles/asn1_nr_rrc.dir/NR_MBS-NeighbourCellList-r17.c.o
#9 48.08 [ 49%] Building C object examples/xApp/c/monitor/RRC_MESSAGES/CMakeFiles/asn1_nr_rrc.dir/NR_MBS-NeighbourCell-r17.c.o
#9 48.11 [ 49%] Building C object examples/xApp/c/monitor/RRC_MESSAGES/CMakeFiles/asn1_nr_rrc.dir/NR_MBS-Parameters-r17.c.o
#9 48.12 [ 49%] Building C object examples/xApp/c/monitor/RRC_MESSAGES/CMakeFiles/asn1_nr_rrc.dir/NR_MBS-RNTI-SpecificConfigId-r17.c.o
#9 48.16 [ 49%] Building C object examples/xApp/c/monitor/RRC_MESSAGES/CMakeFiles/asn1_nr_rrc.dir/NR_MBS-ServiceInfo-r17.c.o
#9 48.16 [ 49%] Building C object examples/xApp/c/monitor/RRC_MESSAGES/CMakeFiles/asn1_nr_rrc.dir/NR_MBS-RNTI-SpecificConfig-r17.c.o
#9 48.19 [ 49%] Building C object examples/xApp/c/monitor/RRC_MESSAGES/CMakeFiles/asn1_nr_rrc.dir/NR_MBS-ServiceList-r17.c.o
#9 48.23 [ 49%] Building C object examples/xApp/c/monitor/RRC_MESSAGES/CMakeFiles/asn1_nr_rrc.dir/NR_MBS-SessionInfoList-r17.c.o
#9 48.27 [ 49%] Building C object examples/xApp/c/monitor/RRC_MESSAGES/CMakeFiles/asn1_nr_rrc.dir/NR_MBS-SessionInfo-r17.c.o
#9 48.30 [ 49%] Building C object examples/xApp/c/monitor/RRC_MESSAGES/CMakeFiles/asn1_nr_rrc.dir/NR_MCC.c.o
#9 48.31 [ 49%] Building C object examples/xApp/c/monitor/RRC_MESSAGES/CMakeFiles/asn1_nr_rrc.dir/NR_MCCH-Config-r17.c.o
#9 48.34 [ 49%] Building C object examples/xApp/c/monitor/RRC_MESSAGES/CMakeFiles/asn1_nr_rrc.dir/NR_MCCH-Message-r17.c.o
#9 48.35 [ 49%] Building C object examples/xApp/c/monitor/RRC_MESSAGES/CMakeFiles/asn1_nr_rrc.dir/NR_MCCH-MessageType-r17.c.o
#9 48.39 [ 49%] Building C object examples/xApp/c/monitor/RRC_MESSAGES/CMakeFiles/asn1_nr_rrc.dir/NR_MCCH-RepetitionPeriodAndOffset-r17.c.o
#9 48.40 [ 49%] Building C object examples/xApp/c/monitor/RRC_MESSAGES/CMakeFiles/asn1_nr_rrc.dir/NR_MCC-MNC-Digit.c.o
#9 48.43 [ 49%] Building C object examples/xApp/c/monitor/RRC_MESSAGES/CMakeFiles/asn1_nr_rrc.dir/NR_MCGFailureInformation-r16.c.o
#9 48.44 [ 49%] Building C object examples/xApp/c/monitor/RRC_MESSAGES/CMakeFiles/asn1_nr_rrc.dir/NR_MCGFailureInformation-r16-IEs.c.o
#9 48.47 [ 49%] Building C object examples/xApp/c/monitor/RRC_MESSAGES/CMakeFiles/asn1_nr_rrc.dir/NR_MeasAndMobParameters.c.o
#9 48.49 [ 49%] Building C object examples/xApp/c/monitor/RRC_MESSAGES/CMakeFiles/asn1_nr_rrc.dir/NR_MeasAndMobParametersCommon.c.o
#9 48.51 [ 49%] Building C object examples/xApp/c/monitor/RRC_MESSAGES/CMakeFiles/asn1_nr_rrc.dir/NR_MeasAndMobParametersFR2-2-r17.c.o
#9 48.54 [ 49%] Building C object examples/xApp/c/monitor/RRC_MESSAGES/CMakeFiles/asn1_nr_rrc.dir/NR_MeasAndMobParametersFRX-Diff.c.o
#9 48.54 [ 49%] Building C object examples/xApp/c/monitor/RRC_MESSAGES/CMakeFiles/asn1_nr_rrc.dir/NR_MeasAndMobParametersMRDC.c.o
#9 48.58 [ 49%] Building C object examples/xApp/c/monitor/RRC_MESSAGES/CMakeFiles/asn1_nr_rrc.dir/NR_MeasAndMobParametersMRDC-Common.c.o
#9 48.58 [ 49%] Building C object examples/xApp/c/monitor/RRC_MESSAGES/CMakeFiles/asn1_nr_rrc.dir/NR_MeasAndMobParametersMRDC-Common-v1610.c.o
#9 48.61 [ 49%] Building C object examples/xApp/c/monitor/RRC_MESSAGES/CMakeFiles/asn1_nr_rrc.dir/NR_MeasAndMobParametersMRDC-Common-v1700.c.o
#9 48.63 [ 49%] Building C object examples/xApp/c/monitor/RRC_MESSAGES/CMakeFiles/asn1_nr_rrc.dir/NR_MeasAndMobParametersMRDC-Common-v1730.c.o
#9 48.65 [ 49%] Building C object examples/xApp/c/monitor/RRC_MESSAGES/CMakeFiles/asn1_nr_rrc.dir/NR_MeasAndMobParametersMRDC-FRX-Diff.c.o
#9 48.66 [ 49%] Building C object examples/xApp/c/monitor/RRC_MESSAGES/CMakeFiles/asn1_nr_rrc.dir/NR_MeasAndMobParametersMRDC-v1560.c.o
#9 48.69 [ 49%] Building C object examples/xApp/c/monitor/RRC_MESSAGES/CMakeFiles/asn1_nr_rrc.dir/NR_MeasAndMobParametersMRDC-v1610.c.o
#9 48.70 [ 49%] Building C object examples/xApp/c/monitor/RRC_MESSAGES/CMakeFiles/asn1_nr_rrc.dir/NR_MeasAndMobParametersMRDC-v1700.c.o
#9 48.72 [ 49%] Building C object examples/xApp/c/monitor/RRC_MESSAGES/CMakeFiles/asn1_nr_rrc.dir/NR_MeasAndMobParametersMRDC-v1730.c.o
#9 48.74 [ 49%] Building C object examples/xApp/c/monitor/RRC_MESSAGES/CMakeFiles/asn1_nr_rrc.dir/NR_MeasAndMobParametersMRDC-XDD-Diff.c.o
#9 48.75 [ 49%] Building C object examples/xApp/c/monitor/RRC_MESSAGES/CMakeFiles/asn1_nr_rrc.dir/NR_MeasAndMobParametersMRDC-XDD-Diff-v1560.c.o
#9 48.78 [ 49%] Building C object examples/xApp/c/monitor/RRC_MESSAGES/CMakeFiles/asn1_nr_rrc.dir/NR_MeasAndMobParameters-v1700.c.o
#9 48.78 [ 50%] Building C object examples/xApp/c/monitor/RRC_MESSAGES/CMakeFiles/asn1_nr_rrc.dir/NR_MeasAndMobParametersXDD-Diff.c.o
#9 48.82 [ 50%] Building C object examples/xApp/c/monitor/RRC_MESSAGES/CMakeFiles/asn1_nr_rrc.dir/NR_MeasConfigAppLayerId-r17.c.o
#9 48.83 [ 50%] Building C object examples/xApp/c/monitor/RRC_MESSAGES/CMakeFiles/asn1_nr_rrc.dir/NR_MeasConfigAppLayer-r17.c.o
#9 48.87 [ 50%] Building C object examples/xApp/c/monitor/RRC_MESSAGES/CMakeFiles/asn1_nr_rrc.dir/NR_MeasConfig.c.o
#9 49.00 [ 50%] Building C object examples/xApp/c/monitor/RRC_MESSAGES/CMakeFiles/asn1_nr_rrc.dir/NR_MeasConfigMN.c.o
#9 49.01 [ 50%] Building C object examples/xApp/c/monitor/RRC_MESSAGES/CMakeFiles/asn1_nr_rrc.dir/NR_MeasConfigSN.c.o
#9 49.04 [ 50%] Building C object examples/xApp/c/monitor/RRC_MESSAGES/CMakeFiles/asn1_nr_rrc.dir/NR_MeasGapConfig.c.o
#9 49.12 [ 50%] Building C object examples/xApp/c/monitor/RRC_MESSAGES/CMakeFiles/asn1_nr_rrc.dir/NR_MeasGapId-r17.c.o
#9 49.15 [ 50%] Building C object examples/xApp/c/monitor/RRC_MESSAGES/CMakeFiles/asn1_nr_rrc.dir/NR_MeasGapSharingConfig.c.o
#9 49.15 [ 50%] Building C object examples/xApp/c/monitor/RRC_MESSAGES/CMakeFiles/asn1_nr_rrc.dir/NR_MeasGapSharingScheme.c.o
#9 49.19 [ 50%] Building C object examples/xApp/c/monitor/RRC_MESSAGES/CMakeFiles/asn1_nr_rrc.dir/NR_MeasId.c.o
#9 49.22 [ 50%] Building C object examples/xApp/c/monitor/RRC_MESSAGES/CMakeFiles/asn1_nr_rrc.dir/NR_MeasIdleCarrierEUTRA-r16.c.o
#9 49.27 [ 50%] Building C object examples/xApp/c/monitor/RRC_MESSAGES/CMakeFiles/asn1_nr_rrc.dir/NR_MeasIdleCarrierNR-r16.c.o
#9 49.29 [ 50%] Building C object examples/xApp/c/monitor/RRC_MESSAGES/CMakeFiles/asn1_nr_rrc.dir/NR_MeasIdleConfigDedicated-r16.c.o
#9 49.30 [ 50%] Building C object examples/xApp/c/monitor/RRC_MESSAGES/CMakeFiles/asn1_nr_rrc.dir/NR_MeasIdleConfigSIB-r16.c.o
#9 49.34 [ 50%] Building C object examples/xApp/c/monitor/RRC_MESSAGES/CMakeFiles/asn1_nr_rrc.dir/NR_MeasIdToAddMod.c.o
#9 49.34 [ 50%] Building C object examples/xApp/c/monitor/RRC_MESSAGES/CMakeFiles/asn1_nr_rrc.dir/NR_MeasIdToAddModList.c.o
#9 49.38 [ 50%] Building C object examples/xApp/c/monitor/RRC_MESSAGES/CMakeFiles/asn1_nr_rrc.dir/NR_MeasIdToRemoveList.c.o
#9 49.38 [ 50%] Building C object examples/xApp/c/monitor/RRC_MESSAGES/CMakeFiles/asn1_nr_rrc.dir/NR_MeasObjectCLI-r16.c.o
#9 49.42 [ 50%] Building C object examples/xApp/c/monitor/RRC_MESSAGES/CMakeFiles/asn1_nr_rrc.dir/NR_MeasObjectEUTRA.c.o
#9 49.47 [ 50%] Building C object examples/xApp/c/monitor/RRC_MESSAGES/CMakeFiles/asn1_nr_rrc.dir/NR_MeasObjectId.c.o
#9 49.49 [ 50%] Building C object examples/xApp/c/monitor/RRC_MESSAGES/CMakeFiles/asn1_nr_rrc.dir/NR_MeasObjectNR.c.o
#9 49.51 [ 50%] Building C object examples/xApp/c/monitor/RRC_MESSAGES/CMakeFiles/asn1_nr_rrc.dir/NR_MeasObjectNR-SL-r16.c.o
#9 49.55 [ 50%] Building C object examples/xApp/c/monitor/RRC_MESSAGES/CMakeFiles/asn1_nr_rrc.dir/NR_MeasObjectRxTxDiff-r17.c.o
#9 49.59 [ 50%] Building C object examples/xApp/c/monitor/RRC_MESSAGES/CMakeFiles/asn1_nr_rrc.dir/NR_MeasObjectToAddMod.c.o
#9 49.62 [ 50%] Building C object examples/xApp/c/monitor/RRC_MESSAGES/CMakeFiles/asn1_nr_rrc.dir/NR_MeasObjectToAddModList.c.o
#9 49.71 [ 50%] Building C object examples/xApp/c/monitor/RRC_MESSAGES/CMakeFiles/asn1_nr_rrc.dir/NR_MeasObjectToRemoveList.c.o
#9 49.73 [ 50%] Building C object examples/xApp/c/monitor/RRC_MESSAGES/CMakeFiles/asn1_nr_rrc.dir/NR_MeasObjectUTRA-FDD-r16.c.o
#9 49.75 [ 50%] Building C object examples/xApp/c/monitor/RRC_MESSAGES/CMakeFiles/asn1_nr_rrc.dir/NR_MeasPosPreConfigGapId-r17.c.o
#9 49.76 [ 50%] Building C object examples/xApp/c/monitor/RRC_MESSAGES/CMakeFiles/asn1_nr_rrc.dir/NR_MeasQuantityResults.c.o
#9 49.79 [ 50%] Building C object examples/xApp/c/monitor/RRC_MESSAGES/CMakeFiles/asn1_nr_rrc.dir/NR_MeasReportAppLayer-r17.c.o
#9 49.79 [ 50%] Building C object examples/xApp/c/monitor/RRC_MESSAGES/CMakeFiles/asn1_nr_rrc.dir/NR_MeasQuantityResultsEUTRA.c.o
#9 49.83 [ 50%] Building C object examples/xApp/c/monitor/RRC_MESSAGES/CMakeFiles/asn1_nr_rrc.dir/NR_MeasReportQuantity.c.o
#9 49.84 [ 50%] Building C object examples/xApp/c/monitor/RRC_MESSAGES/CMakeFiles/asn1_nr_rrc.dir/NR_MeasReportQuantityCLI-r16.c.o
#9 49.87 [ 50%] Building C object examples/xApp/c/monitor/RRC_MESSAGES/CMakeFiles/asn1_nr_rrc.dir/NR_MeasReportQuantity-r16.c.o
#9 49.87 [ 50%] Building C object examples/xApp/c/monitor/RRC_MESSAGES/CMakeFiles/asn1_nr_rrc.dir/NR_MeasReportQuantityUTRA-FDD-r16.c.o
#9 49.90 [ 50%] Building C object examples/xApp/c/monitor/RRC_MESSAGES/CMakeFiles/asn1_nr_rrc.dir/NR_MeasResult2EUTRA.c.o
#9 49.91 [ 50%] Building C object examples/xApp/c/monitor/RRC_MESSAGES/CMakeFiles/asn1_nr_rrc.dir/NR_MeasResult2EUTRA-r16.c.o
#9 49.94 [ 52%] Building C object examples/xApp/c/monitor/RRC_MESSAGES/CMakeFiles/asn1_nr_rrc.dir/NR_MeasResult2NR.c.o
#9 49.95 [ 52%] Building C object examples/xApp/c/monitor/RRC_MESSAGES/CMakeFiles/asn1_nr_rrc.dir/NR_MeasResult2NR-r16.c.o
#9 49.99 [ 52%] Building C object examples/xApp/c/monitor/RRC_MESSAGES/CMakeFiles/asn1_nr_rrc.dir/NR_MeasResult2UTRA-FDD-r16.c.o
#9 50.00 [ 52%] Building C object examples/xApp/c/monitor/RRC_MESSAGES/CMakeFiles/asn1_nr_rrc.dir/NR_MeasResultCBR-NR-r16.c.o
#9 50.03 [ 52%] Building C object examples/xApp/c/monitor/RRC_MESSAGES/CMakeFiles/asn1_nr_rrc.dir/NR_MeasResultCellListSFTD-EUTRA.c.o
#9 50.03 [ 52%] Building C object examples/xApp/c/monitor/RRC_MESSAGES/CMakeFiles/asn1_nr_rrc.dir/NR_MeasResultCellListSFTD-NR.c.o
#9 50.07 [ 52%] Building C object examples/xApp/c/monitor/RRC_MESSAGES/CMakeFiles/asn1_nr_rrc.dir/NR_MeasResultCellSFTD-NR.c.o
#9 50.08 [ 52%] Building C object examples/xApp/c/monitor/RRC_MESSAGES/CMakeFiles/asn1_nr_rrc.dir/NR_MeasResultCLI-r16.c.o
#9 50.11 [ 52%] Building C object examples/xApp/c/monitor/RRC_MESSAGES/CMakeFiles/asn1_nr_rrc.dir/NR_MeasResultCLI-RSSI-r16.c.o
#9 50.11 [ 52%] Building C object examples/xApp/c/monitor/RRC_MESSAGES/CMakeFiles/asn1_nr_rrc.dir/NR_MeasResultEUTRA.c.o
#9 50.15 [ 52%] Building C object examples/xApp/c/monitor/RRC_MESSAGES/CMakeFiles/asn1_nr_rrc.dir/NR_MeasResultFailedCell-r16.c.o
#9 50.16 [ 52%] Building C object examples/xApp/c/monitor/RRC_MESSAGES/CMakeFiles/asn1_nr_rrc.dir/NR_MeasResultForRSSI-r16.c.o
#9 50.20 [ 52%] Building C object examples/xApp/c/monitor/RRC_MESSAGES/CMakeFiles/asn1_nr_rrc.dir/NR_MeasResultFreqList.c.o
#9 50.20 [ 52%] Building C object examples/xApp/c/monitor/RRC_MESSAGES/CMakeFiles/asn1_nr_rrc.dir/NR_MeasResultFreqListFailMRDC.c.o
#9 50.24 [ 52%] Building C object examples/xApp/c/monitor/RRC_MESSAGES/CMakeFiles/asn1_nr_rrc.dir/NR_MeasResultIdleEUTRA-r16.c.o
#9 50.24 [ 52%] Building C object examples/xApp/c/monitor/RRC_MESSAGES/CMakeFiles/asn1_nr_rrc.dir/NR_MeasResultIdleNR-r16.c.o
#9 50.28 [ 52%] Building C object examples/xApp/c/monitor/RRC_MESSAGES/CMakeFiles/asn1_nr_rrc.dir/NR_MeasResultList2EUTRA.c.o
#9 50.28 [ 52%] Building C object examples/xApp/c/monitor/RRC_MESSAGES/CMakeFiles/asn1_nr_rrc.dir/NR_MeasResultList2EUTRA-r16.c.o
#9 50.32 [ 52%] Building C object examples/xApp/c/monitor/RRC_MESSAGES/CMakeFiles/asn1_nr_rrc.dir/NR_MeasResultList2NR.c.o
#9 50.32 [ 52%] Building C object examples/xApp/c/monitor/RRC_MESSAGES/CMakeFiles/asn1_nr_rrc.dir/NR_MeasResultList2NR-r16.c.o
#9 50.37 [ 52%] Building C object examples/xApp/c/monitor/RRC_MESSAGES/CMakeFiles/asn1_nr_rrc.dir/NR_MeasResultList2UTRA.c.o
#9 50.37 [ 52%] Building C object examples/xApp/c/monitor/RRC_MESSAGES/CMakeFiles/asn1_nr_rrc.dir/NR_MeasResultListCLI-RSSI-r16.c.o
#9 50.41 [ 52%] Building C object examples/xApp/c/monitor/RRC_MESSAGES/CMakeFiles/asn1_nr_rrc.dir/NR_MeasResultListEUTRA.c.o
#9 50.41 [ 52%] Building C object examples/xApp/c/monitor/RRC_MESSAGES/CMakeFiles/asn1_nr_rrc.dir/NR_MeasResultListLogging2NR-r16.c.o
#9 50.45 [ 52%] Building C object examples/xApp/c/monitor/RRC_MESSAGES/CMakeFiles/asn1_nr_rrc.dir/NR_MeasResultListLoggingNR-r16.c.o
#9 50.45 [ 52%] Building C object examples/xApp/c/monitor/RRC_MESSAGES/CMakeFiles/asn1_nr_rrc.dir/NR_MeasResultListNR.c.o
#9 50.49 [ 52%] Building C object examples/xApp/c/monitor/RRC_MESSAGES/CMakeFiles/asn1_nr_rrc.dir/NR_MeasResultListSRS-RSRP-r16.c.o
#9 50.49 [ 52%] Building C object examples/xApp/c/monitor/RRC_MESSAGES/CMakeFiles/asn1_nr_rrc.dir/NR_MeasResultListUTRA-FDD-r16.c.o
#9 50.53 [ 52%] Building C object examples/xApp/c/monitor/RRC_MESSAGES/CMakeFiles/asn1_nr_rrc.dir/NR_MeasResultLoggingNR-r16.c.o
#9 50.53 [ 52%] Building C object examples/xApp/c/monitor/RRC_MESSAGES/CMakeFiles/asn1_nr_rrc.dir/NR_MeasResultLogging2NR-r16.c.o
#9 50.57 [ 52%] Building C object examples/xApp/c/monitor/RRC_MESSAGES/CMakeFiles/asn1_nr_rrc.dir/NR_MeasResultNR.c.o
#9 50.58 [ 52%] Building C object examples/xApp/c/monitor/RRC_MESSAGES/CMakeFiles/asn1_nr_rrc.dir/NR_MeasResultNR-SL-r16.c.o
#9 50.61 [ 52%] Building C object examples/xApp/c/monitor/RRC_MESSAGES/CMakeFiles/asn1_nr_rrc.dir/NR_MeasResultRLFNR-r16.c.o
#9 50.62 [ 52%] Building C object examples/xApp/c/monitor/RRC_MESSAGES/CMakeFiles/asn1_nr_rrc.dir/NR_MeasResultRxTxTimeDiff-r17.c.o
#9 50.66 [ 52%] Building C object examples/xApp/c/monitor/RRC_MESSAGES/CMakeFiles/asn1_nr_rrc.dir/NR_MeasResults.c.o
#9 50.66 [ 52%] Building C object examples/xApp/c/monitor/RRC_MESSAGES/CMakeFiles/asn1_nr_rrc.dir/NR_MeasResultSCG-Failure.c.o
#9 50.70 [ 52%] Building C object examples/xApp/c/monitor/RRC_MESSAGES/CMakeFiles/asn1_nr_rrc.dir/NR_MeasResultServFreqListEUTRA-SCG.c.o
#9 50.70 [ 52%] Building C object examples/xApp/c/monitor/RRC_MESSAGES/CMakeFiles/asn1_nr_rrc.dir/NR_MeasResultServFreqListNR-SCG.c.o
#9 50.74 [ 52%] Building C object examples/xApp/c/monitor/RRC_MESSAGES/CMakeFiles/asn1_nr_rrc.dir/NR_MeasResultServingCell-r16.c.o
#9 50.74 [ 53%] Building C object examples/xApp/c/monitor/RRC_MESSAGES/CMakeFiles/asn1_nr_rrc.dir/NR_MeasResultServMO.c.o
#9 50.77 [ 53%] Building C object examples/xApp/c/monitor/RRC_MESSAGES/CMakeFiles/asn1_nr_rrc.dir/NR_MeasResultServMOList.c.o
#9 50.79 [ 53%] Building C object examples/xApp/c/monitor/RRC_MESSAGES/CMakeFiles/asn1_nr_rrc.dir/NR_MeasResultSFTD-EUTRA.c.o
#9 50.82 [ 53%] Building C object examples/xApp/c/monitor/RRC_MESSAGES/CMakeFiles/asn1_nr_rrc.dir/NR_MeasResultsPerCarrierIdleEUTRA-r16.c.o
#9 50.83 [ 53%] Building C object examples/xApp/c/monitor/RRC_MESSAGES/CMakeFiles/asn1_nr_rrc.dir/NR_MeasResultsPerCarrierIdleNR-r16.c.o
#9 50.87 [ 53%] Building C object examples/xApp/c/monitor/RRC_MESSAGES/CMakeFiles/asn1_nr_rrc.dir/NR_MeasResultsPerCellIdleEUTRA-r16.c.o
#9 50.88 [ 53%] Building C object examples/xApp/c/monitor/RRC_MESSAGES/CMakeFiles/asn1_nr_rrc.dir/NR_MeasResultsPerCellIdleNR-r16.c.o
#9 50.90 [ 53%] Building C object examples/xApp/c/monitor/RRC_MESSAGES/CMakeFiles/asn1_nr_rrc.dir/NR_MeasResultSRS-RSRP-r16.c.o
#9 50.92 [ 53%] Building C object examples/xApp/c/monitor/RRC_MESSAGES/CMakeFiles/asn1_nr_rrc.dir/NR_MeasResultsSL-r16.c.o
#9 50.94 [ 53%] Building C object examples/xApp/c/monitor/RRC_MESSAGES/CMakeFiles/asn1_nr_rrc.dir/NR_MeasResultSuccessHONR-r17.c.o
#9 50.97 [ 53%] Building C object examples/xApp/c/monitor/RRC_MESSAGES/CMakeFiles/asn1_nr_rrc.dir/NR_MeasResultUTRA-FDD-r16.c.o
#9 50.99 [ 53%] Building C object examples/xApp/c/monitor/RRC_MESSAGES/CMakeFiles/asn1_nr_rrc.dir/NR_MeasRSSI-ReportConfig-r16.c.o
#9 51.01 [ 53%] Building C object examples/xApp/c/monitor/RRC_MESSAGES/CMakeFiles/asn1_nr_rrc.dir/NR_MeasTiming.c.o
#9 51.03 [ 53%] Building C object examples/xApp/c/monitor/RRC_MESSAGES/CMakeFiles/asn1_nr_rrc.dir/NR_MeasTimingList.c.o
#9 51.06 [ 53%] Building C object examples/xApp/c/monitor/RRC_MESSAGES/CMakeFiles/asn1_nr_rrc.dir/NR_MeasTriggerQuantity.c.o
#9 51.07 [ 53%] Building C object examples/xApp/c/monitor/RRC_MESSAGES/CMakeFiles/asn1_nr_rrc.dir/NR_MeasTriggerQuantityCLI-r16.c.o
#9 51.09 [ 53%] Building C object examples/xApp/c/monitor/RRC_MESSAGES/CMakeFiles/asn1_nr_rrc.dir/NR_MeasTriggerQuantityEUTRA.c.o
#9 51.11 [ 53%] Building C object examples/xApp/c/monitor/RRC_MESSAGES/CMakeFiles/asn1_nr_rrc.dir/NR_MeasTriggerQuantityOffset.c.o
#9 51.14 [ 53%] Building C object examples/xApp/c/monitor/RRC_MESSAGES/CMakeFiles/asn1_nr_rrc.dir/NR_MeasTriggerQuantityUTRA-FDD-r16.c.o
#9 51.15 [ 53%] Building C object examples/xApp/c/monitor/RRC_MESSAGES/CMakeFiles/asn1_nr_rrc.dir/NR_MeasurementReportAppLayerList-r17.c.o
#9 51.18 [ 53%] Building C object examples/xApp/c/monitor/RRC_MESSAGES/CMakeFiles/asn1_nr_rrc.dir/NR_MeasurementReportAppLayer-r17.c.o
#9 51.20 [ 53%] Building C object examples/xApp/c/monitor/RRC_MESSAGES/CMakeFiles/asn1_nr_rrc.dir/NR_MeasurementReportAppLayer-r17-IEs.c.o
#9 51.23 [ 53%] Building C object examples/xApp/c/monitor/RRC_MESSAGES/CMakeFiles/asn1_nr_rrc.dir/NR_MeasurementReport.c.o
#9 51.24 [ 53%] Building C object examples/xApp/c/monitor/RRC_MESSAGES/CMakeFiles/asn1_nr_rrc.dir/NR_MeasurementReport-IEs.c.o
#9 51.28 [ 53%] Building C object examples/xApp/c/monitor/RRC_MESSAGES/CMakeFiles/asn1_nr_rrc.dir/NR_MeasurementReportSidelink.c.o
#9 51.29 [ 53%] Building C object examples/xApp/c/monitor/RRC_MESSAGES/CMakeFiles/asn1_nr_rrc.dir/NR_MeasurementReportSidelink-r16-IEs.c.o
#9 51.32 [ 53%] Building C object examples/xApp/c/monitor/RRC_MESSAGES/CMakeFiles/asn1_nr_rrc.dir/NR_MeasurementTimingConfiguration-IEs.c.o
#9 51.32 [ 53%] Building C object examples/xApp/c/monitor/RRC_MESSAGES/CMakeFiles/asn1_nr_rrc.dir/NR_MeasurementTimingConfiguration.c.o
#9 51.37 [ 53%] Building C object examples/xApp/c/monitor/RRC_MESSAGES/CMakeFiles/asn1_nr_rrc.dir/NR_MeasurementTimingConfiguration-v1550-IEs.c.o
#9 51.37 [ 53%] Building C object examples/xApp/c/monitor/RRC_MESSAGES/CMakeFiles/asn1_nr_rrc.dir/NR_MeasurementTimingConfiguration-v1610-IEs.c.o
#9 51.41 [ 53%] Building C object examples/xApp/c/monitor/RRC_MESSAGES/CMakeFiles/asn1_nr_rrc.dir/NR_MIB.c.o
#9 51.41 [ 53%] Building C object examples/xApp/c/monitor/RRC_MESSAGES/CMakeFiles/asn1_nr_rrc.dir/NR_MIMO-LayersDL.c.o
#9 51.45 [ 53%] Building C object examples/xApp/c/monitor/RRC_MESSAGES/CMakeFiles/asn1_nr_rrc.dir/NR_MIMO-LayersUL.c.o
#9 51.46 [ 53%] Building C object examples/xApp/c/monitor/RRC_MESSAGES/CMakeFiles/asn1_nr_rrc.dir/NR_MIMO-ParametersPerBand.c.o
#9 51.49 [ 53%] Building C object examples/xApp/c/monitor/RRC_MESSAGES/CMakeFiles/asn1_nr_rrc.dir/NR_MIMOParam-r17.c.o
#9 51.55 [ 53%] Building C object examples/xApp/c/monitor/RRC_MESSAGES/CMakeFiles/asn1_nr_rrc.dir/NR_MinSchedulingOffsetK0-Values-r16.c.o
#9 51.59 [ 53%] Building C object examples/xApp/c/monitor/RRC_MESSAGES/CMakeFiles/asn1_nr_rrc.dir/NR_MinSchedulingOffsetK0-Values-r17.c.o
#9 51.60 [ 53%] Building C object examples/xApp/c/monitor/RRC_MESSAGES/CMakeFiles/asn1_nr_rrc.dir/NR_MinSchedulingOffsetK2-Values-r16.c.o
#9 51.63 [ 53%] Building C object examples/xApp/c/monitor/RRC_MESSAGES/CMakeFiles/asn1_nr_rrc.dir/NR_MinSchedulingOffsetK2-Values-r17.c.o
#9 51.64 [ 54%] Building C object examples/xApp/c/monitor/RRC_MESSAGES/CMakeFiles/asn1_nr_rrc.dir/NR_MinSchedulingOffsetPreferenceConfig-r16.c.o
#9 51.67 [ 54%] Building C object examples/xApp/c/monitor/RRC_MESSAGES/CMakeFiles/asn1_nr_rrc.dir/NR_MinSchedulingOffsetPreferenceExt-r17.c.o
#9 51.67 [ 54%] Building C object examples/xApp/c/monitor/RRC_MESSAGES/CMakeFiles/asn1_nr_rrc.dir/NR_MinSchedulingOffsetPreference-r16.c.o
#9 51.70 [ 54%] Building C object examples/xApp/c/monitor/RRC_MESSAGES/CMakeFiles/asn1_nr_rrc.dir/NR_MinTimeGapFR2-2-r17.c.o
#9 51.72 [ 54%] Building C object examples/xApp/c/monitor/RRC_MESSAGES/CMakeFiles/asn1_nr_rrc.dir/NR_MinTimeGap-r16.c.o
#9 51.74 [ 54%] Building C object examples/xApp/c/monitor/RRC_MESSAGES/CMakeFiles/asn1_nr_rrc.dir/NR_MNC.c.o
#9 51.76 [ 54%] Building C object examples/xApp/c/monitor/RRC_MESSAGES/CMakeFiles/asn1_nr_rrc.dir/NR_MobilityFromNRCommand.c.o
#9 51.79 [ 54%] Building C object examples/xApp/c/monitor/RRC_MESSAGES/CMakeFiles/asn1_nr_rrc.dir/NR_MobilityFromNRCommand-IEs.c.o
#9 51.81 [ 54%] Building C object examples/xApp/c/monitor/RRC_MESSAGES/CMakeFiles/asn1_nr_rrc.dir/NR_MobilityFromNRCommand-v1610-IEs.c.o
#9 51.83 [ 54%] Building C object examples/xApp/c/monitor/RRC_MESSAGES/CMakeFiles/asn1_nr_rrc.dir/NR_MobilityHistoryReport-r16.c.o
#9 51.85 [ 54%] Building C object examples/xApp/c/monitor/RRC_MESSAGES/CMakeFiles/asn1_nr_rrc.dir/NR_MobilityStateParameters.c.o
#9 51.88 [ 54%] Building C object examples/xApp/c/monitor/RRC_MESSAGES/CMakeFiles/asn1_nr_rrc.dir/NR_ModulationOrder.c.o
#9 51.90 [ 54%] Building C object examples/xApp/c/monitor/RRC_MESSAGES/CMakeFiles/asn1_nr_rrc.dir/NR_MPE-Config-FR2-r16.c.o
#9 51.91 [ 54%] Building C object examples/xApp/c/monitor/RRC_MESSAGES/CMakeFiles/asn1_nr_rrc.dir/NR_MPE-Config-FR2-r17.c.o
#9 51.94 [ 54%] Building C object examples/xApp/c/monitor/RRC_MESSAGES/CMakeFiles/asn1_nr_rrc.dir/NR_MPE-ResourceId-r17.c.o
#9 51.95 [ 54%] Building C object examples/xApp/c/monitor/RRC_MESSAGES/CMakeFiles/asn1_nr_rrc.dir/NR_MPE-Resource-r17.c.o
#9 51.99 [ 54%] Building C object examples/xApp/c/monitor/RRC_MESSAGES/CMakeFiles/asn1_nr_rrc.dir/NR_MRB-Identity-r17.c.o
#9 52.00 [ 54%] Building C object examples/xApp/c/monitor/RRC_MESSAGES/CMakeFiles/asn1_nr_rrc.dir/NR_MRB-InfoBroadcast-r17.c.o
#9 52.02 [ 54%] Building C object examples/xApp/c/monitor/RRC_MESSAGES/CMakeFiles/asn1_nr_rrc.dir/NR_MRB-ListBroadcast-r17.c.o
#9 52.04 [ 54%] Building C object examples/xApp/c/monitor/RRC_MESSAGES/CMakeFiles/asn1_nr_rrc.dir/NR_MRB-PDCP-ConfigBroadcast-r17.c.o
#9 52.06 [ 54%] Building C object examples/xApp/c/monitor/RRC_MESSAGES/CMakeFiles/asn1_nr_rrc.dir/NR_MRB-RLC-ConfigBroadcast-r17.c.o
#9 52.08 [ 54%] Building C object examples/xApp/c/monitor/RRC_MESSAGES/CMakeFiles/asn1_nr_rrc.dir/NR_MRB-ToAddModList-r17.c.o
#9 52.10 [ 54%] Building C object examples/xApp/c/monitor/RRC_MESSAGES/CMakeFiles/asn1_nr_rrc.dir/NR_MRB-ToAddMod-r17.c.o
#9 52.21 [ 54%] Building C object examples/xApp/c/monitor/RRC_MESSAGES/CMakeFiles/asn1_nr_rrc.dir/NR_MRDC-AssistanceInfo.c.o
#9 52.21 [ 54%] Building C object examples/xApp/c/monitor/RRC_MESSAGES/CMakeFiles/asn1_nr_rrc.dir/NR_MRB-ToReleaseList-r17.c.o
#9 52.25 [ 54%] Building C object examples/xApp/c/monitor/RRC_MESSAGES/CMakeFiles/asn1_nr_rrc.dir/NR_MRDC-Parameters.c.o
#9 52.26 [ 54%] Building C object examples/xApp/c/monitor/RRC_MESSAGES/CMakeFiles/asn1_nr_rrc.dir/NR_MRDC-Parameters-v1580.c.o
#9 52.29 [ 54%] Building C object examples/xApp/c/monitor/RRC_MESSAGES/CMakeFiles/asn1_nr_rrc.dir/NR_MRDC-Parameters-v15g0.c.o
#9 52.29 [ 54%] Building C object examples/xApp/c/monitor/RRC_MESSAGES/CMakeFiles/asn1_nr_rrc.dir/NR_MRDC-Parameters-v1590.c.o
#9 52.32 [ 54%] Building C object examples/xApp/c/monitor/RRC_MESSAGES/CMakeFiles/asn1_nr_rrc.dir/NR_MRDC-Parameters-v1620.c.o
#9 52.32 [ 54%] Building C object examples/xApp/c/monitor/RRC_MESSAGES/CMakeFiles/asn1_nr_rrc.dir/NR_MRDC-Parameters-v1630.c.o
#9 52.35 [ 54%] Building C object examples/xApp/c/monitor/RRC_MESSAGES/CMakeFiles/asn1_nr_rrc.dir/NR_MRDC-Parameters-v1700.c.o
#9 52.37 [ 54%] Building C object examples/xApp/c/monitor/RRC_MESSAGES/CMakeFiles/asn1_nr_rrc.dir/NR_MRDC-SecondaryCellGroupConfig.c.o
#9 52.39 [ 54%] Building C object examples/xApp/c/monitor/RRC_MESSAGES/CMakeFiles/asn1_nr_rrc.dir/NR_MsgA-ConfigCommon-r16.c.o
#9 52.41 [ 54%] Building C object examples/xApp/c/monitor/RRC_MESSAGES/CMakeFiles/asn1_nr_rrc.dir/NR_MsgA-DMRS-Config-r16.c.o
#9 52.44 [ 54%] Building C object examples/xApp/c/monitor/RRC_MESSAGES/CMakeFiles/asn1_nr_rrc.dir/NR_MsgA-PUSCH-Config-r16.c.o
#9 52.46 [ 54%] Building C object examples/xApp/c/monitor/RRC_MESSAGES/CMakeFiles/asn1_nr_rrc.dir/NR_MsgA-PUSCH-Resource-r16.c.o
#9 52.49 [ 54%] Building C object examples/xApp/c/monitor/RRC_MESSAGES/CMakeFiles/asn1_nr_rrc.dir/NR_MTCH-SSB-MappingWindowCycleOffset-r17.c.o
#9 52.52 [ 56%] Building C object examples/xApp/c/monitor/RRC_MESSAGES/CMakeFiles/asn1_nr_rrc.dir/NR_MTCH-SSB-MappingWindowIndex-r17.c.o
#9 52.54 [ 56%] Building C object examples/xApp/c/monitor/RRC_MESSAGES/CMakeFiles/asn1_nr_rrc.dir/NR_MTCH-SSB-MappingWindowList-r17.c.o
#9 52.56 [ 56%] Building C object examples/xApp/c/monitor/RRC_MESSAGES/CMakeFiles/asn1_nr_rrc.dir/NR_MultiBandInfoListEUTRA.c.o
#9 52.57 [ 56%] Building C object examples/xApp/c/monitor/RRC_MESSAGES/CMakeFiles/asn1_nr_rrc.dir/NR_MulticastConfig-r17.c.o
#9 52.61 [ 56%] Building C object examples/xApp/c/monitor/RRC_MESSAGES/CMakeFiles/asn1_nr_rrc.dir/NR_MulticastRLC-BearerConfig-r17.c.o
#9 52.65 [ 56%] Building C object examples/xApp/c/monitor/RRC_MESSAGES/CMakeFiles/asn1_nr_rrc.dir/NR_MultiDCI-MultiTRP-r16.c.o
#9 52.68 [ 56%] Building C object examples/xApp/c/monitor/RRC_MESSAGES/CMakeFiles/asn1_nr_rrc.dir/NR_MultiFrequencyBandListNR.c.o
#9 52.71 [ 56%] Building C object examples/xApp/c/monitor/RRC_MESSAGES/CMakeFiles/asn1_nr_rrc.dir/NR_MultiPDSCH-TDRA-List-r17.c.o
#9 52.72 [ 56%] Building C object examples/xApp/c/monitor/RRC_MESSAGES/CMakeFiles/asn1_nr_rrc.dir/NR_MultiFrequencyBandListNR-SIB.c.o
#9 52.76 [ 56%] Building C object examples/xApp/c/monitor/RRC_MESSAGES/CMakeFiles/asn1_nr_rrc.dir/NR_MUSIM-Assistance-r17.c.o
#9 52.76 [ 56%] Building C object examples/xApp/c/monitor/RRC_MESSAGES/CMakeFiles/asn1_nr_rrc.dir/NR_MultiPDSCH-TDRA-r17.c.o
#9 52.79 [ 56%] Building C object examples/xApp/c/monitor/RRC_MESSAGES/CMakeFiles/asn1_nr_rrc.dir/NR_MUSIM-GapAssistanceConfig-r17.c.o
#9 52.80 [ 56%] Building C object examples/xApp/c/monitor/RRC_MESSAGES/CMakeFiles/asn1_nr_rrc.dir/NR_MUSIM-GapConfig-r17.c.o
#9 52.84 [ 56%] Building C object examples/xApp/c/monitor/RRC_MESSAGES/CMakeFiles/asn1_nr_rrc.dir/NR_MUSIM-GapId-r17.c.o
#9 52.85 [ 56%] Building C object examples/xApp/c/monitor/RRC_MESSAGES/CMakeFiles/asn1_nr_rrc.dir/NR_MUSIM-GapInfo-r17.c.o
#9 52.89 [ 56%] Building C object examples/xApp/c/monitor/RRC_MESSAGES/CMakeFiles/asn1_nr_rrc.dir/NR_MUSIM-GapPreferenceList-r17.c.o
#9 52.89 [ 56%] Building C object examples/xApp/c/monitor/RRC_MESSAGES/CMakeFiles/asn1_nr_rrc.dir/NR_MUSIM-Gap-r17.c.o
#9 52.93 [ 56%] Building C object examples/xApp/c/monitor/RRC_MESSAGES/CMakeFiles/asn1_nr_rrc.dir/NR_MUSIM-Starting-SFN-AndSubframe-r17.c.o
#9 52.93 [ 56%] Building C object examples/xApp/c/monitor/RRC_MESSAGES/CMakeFiles/asn1_nr_rrc.dir/NR_MUSIM-LeaveAssistanceConfig-r17.c.o
#9 52.97 [ 56%] Building C object examples/xApp/c/monitor/RRC_MESSAGES/CMakeFiles/asn1_nr_rrc.dir/NR_NAICS-Capability-Entry.c.o
#9 52.98 [ 56%] Building C object examples/xApp/c/monitor/RRC_MESSAGES/CMakeFiles/asn1_nr_rrc.dir/NR_NeedForGapNCSG-ConfigEUTRA-r17.c.o
#9 53.02 [ 56%] Building C object examples/xApp/c/monitor/RRC_MESSAGES/CMakeFiles/asn1_nr_rrc.dir/NR_NeedForGapNCSG-ConfigNR-r17.c.o
#9 53.02 [ 56%] Building C object examples/xApp/c/monitor/RRC_MESSAGES/CMakeFiles/asn1_nr_rrc.dir/NR_NeedForGapNCSG-InfoEUTRA-r17.c.o
#9 53.06 [ 56%] Building C object examples/xApp/c/monitor/RRC_MESSAGES/CMakeFiles/asn1_nr_rrc.dir/NR_NeedForGapsBandListNR-r16.c.o
#9 53.06 [ 56%] Building C object examples/xApp/c/monitor/RRC_MESSAGES/CMakeFiles/asn1_nr_rrc.dir/NR_NeedForGapNCSG-InfoNR-r17.c.o
#9 53.10 [ 56%] Building C object examples/xApp/c/monitor/RRC_MESSAGES/CMakeFiles/asn1_nr_rrc.dir/NR_NeedForGapsConfigNR-r16.c.o
#9 53.10 [ 56%] Building C object examples/xApp/c/monitor/RRC_MESSAGES/CMakeFiles/asn1_nr_rrc.dir/NR_NeedForGapsInfoNR-r16.c.o
#9 53.14 [ 56%] Building C object examples/xApp/c/monitor/RRC_MESSAGES/CMakeFiles/asn1_nr_rrc.dir/NR_NeedForGapsIntraFreqList-r16.c.o
#9 53.14 [ 56%] Building C object examples/xApp/c/monitor/RRC_MESSAGES/CMakeFiles/asn1_nr_rrc.dir/NR_NeedForGapsIntraFreq-r16.c.o
#9 53.18 [ 56%] Building C object examples/xApp/c/monitor/RRC_MESSAGES/CMakeFiles/asn1_nr_rrc.dir/NR_NeedForGapsNR-r16.c.o
#9 53.19 [ 56%] Building C object examples/xApp/c/monitor/RRC_MESSAGES/CMakeFiles/asn1_nr_rrc.dir/NR_NeedForNCSG-BandListNR-r17.c.o
#9 53.22 [ 56%] Building C object examples/xApp/c/monitor/RRC_MESSAGES/CMakeFiles/asn1_nr_rrc.dir/NR_NeedForNCSG-EUTRA-r17.c.o
#9 53.22 [ 56%] Building C object examples/xApp/c/monitor/RRC_MESSAGES/CMakeFiles/asn1_nr_rrc.dir/NR_NeedForNCSG-IntraFreqList-r17.c.o
#9 53.26 [ 56%] Building C object examples/xApp/c/monitor/RRC_MESSAGES/CMakeFiles/asn1_nr_rrc.dir/NR_NeedForNCSG-IntraFreq-r17.c.o
#9 53.26 [ 56%] Building C object examples/xApp/c/monitor/RRC_MESSAGES/CMakeFiles/asn1_nr_rrc.dir/NR_NeedForNCSG-NR-r17.c.o
#9 53.30 [ 56%] Building C object examples/xApp/c/monitor/RRC_MESSAGES/CMakeFiles/asn1_nr_rrc.dir/NR_NeighbourCellInfo-r17.c.o
#9 53.31 [ 56%] Building C object examples/xApp/c/monitor/RRC_MESSAGES/CMakeFiles/asn1_nr_rrc.dir/NR_NextHopChainingCount.c.o
#9 53.34 [ 56%] Building C object examples/xApp/c/monitor/RRC_MESSAGES/CMakeFiles/asn1_nr_rrc.dir/NR_NG-5G-S-TMSI.c.o
#9 53.35 [ 56%] Building C object examples/xApp/c/monitor/RRC_MESSAGES/CMakeFiles/asn1_nr_rrc.dir/NR_NID-r16.c.o
#9 53.38 [ 57%] Building C object examples/xApp/c/monitor/RRC_MESSAGES/CMakeFiles/asn1_nr_rrc.dir/NR_NonCellDefiningSSB-r17.c.o
#9 53.39 [ 57%] Building C object examples/xApp/c/monitor/RRC_MESSAGES/CMakeFiles/asn1_nr_rrc.dir/NR_NotificationMessageSidelink-r17.c.o
#9 53.43 [ 57%] Building C object examples/xApp/c/monitor/RRC_MESSAGES/CMakeFiles/asn1_nr_rrc.dir/NR_NotificationMessageSidelink-r17-IEs.c.o
#9 53.43 [ 57%] Building C object examples/xApp/c/monitor/RRC_MESSAGES/CMakeFiles/asn1_nr_rrc.dir/NR_NPN-IdentityInfoList-r16.c.o
#9 53.47 [ 57%] Building C object examples/xApp/c/monitor/RRC_MESSAGES/CMakeFiles/asn1_nr_rrc.dir/NR_NPN-Identity-r16.c.o
#9 53.47 [ 57%] Building C object examples/xApp/c/monitor/RRC_MESSAGES/CMakeFiles/asn1_nr_rrc.dir/NR_NPN-IdentityInfo-r16.c.o
#9 53.52 [ 57%] Building C object examples/xApp/c/monitor/RRC_MESSAGES/CMakeFiles/asn1_nr_rrc.dir/NR_NRDC-Parameters.c.o
#9 53.52 [ 57%] Building C object examples/xApp/c/monitor/RRC_MESSAGES/CMakeFiles/asn1_nr_rrc.dir/NR_NRDC-Parameters-v1570.c.o
#9 53.56 [ 57%] Building C object examples/xApp/c/monitor/RRC_MESSAGES/CMakeFiles/asn1_nr_rrc.dir/NR_NRDC-Parameters-v1610.c.o
#9 53.56 [ 57%] Building C object examples/xApp/c/monitor/RRC_MESSAGES/CMakeFiles/asn1_nr_rrc.dir/NR_NRDC-Parameters-v15c0.c.o
#9 53.60 [ 57%] Building C object examples/xApp/c/monitor/RRC_MESSAGES/CMakeFiles/asn1_nr_rrc.dir/NR_NRDC-Parameters-v1700.c.o
#9 53.60 [ 57%] Building C object examples/xApp/c/monitor/RRC_MESSAGES/CMakeFiles/asn1_nr_rrc.dir/NR_NR-DL-PRS-PDC-Info-r17.c.o
#9 53.63 [ 57%] Building C object examples/xApp/c/monitor/RRC_MESSAGES/CMakeFiles/asn1_nr_rrc.dir/NR_NR-DL-PRS-PDC-ResourceSet-r17.c.o
#9 53.65 [ 57%] Building C object examples/xApp/c/monitor/RRC_MESSAGES/CMakeFiles/asn1_nr_rrc.dir/NR_NR-DL-PRS-Periodicity-and-ResourceSetSlotOffset-r17.c.o
#9 53.68 [ 57%] Building C object examples/xApp/c/monitor/RRC_MESSAGES/CMakeFiles/asn1_nr_rrc.dir/NR_NR-DL-PRS-ResourceID-r17.c.o
#9 53.73 [ 57%] Building C object examples/xApp/c/monitor/RRC_MESSAGES/CMakeFiles/asn1_nr_rrc.dir/NR_NR-DL-PRS-Resource-r17.c.o
#9 53.76 [ 57%] Building C object examples/xApp/c/monitor/RRC_MESSAGES/CMakeFiles/asn1_nr_rrc.dir/NR_NR-FreqInfo.c.o
#9 53.76 [ 57%] Building C object examples/xApp/c/monitor/RRC_MESSAGES/CMakeFiles/asn1_nr_rrc.dir/NR_NR-MultiBandInfo.c.o
#9 53.80 [ 57%] Building C object examples/xApp/c/monitor/RRC_MESSAGES/CMakeFiles/asn1_nr_rrc.dir/NR_NR-NS-PmaxList.c.o
#9 53.81 [ 57%] Building C object examples/xApp/c/monitor/RRC_MESSAGES/CMakeFiles/asn1_nr_rrc.dir/NR_NR-NS-PmaxValue.c.o
#9 53.84 [ 57%] Building C object examples/xApp/c/monitor/RRC_MESSAGES/CMakeFiles/asn1_nr_rrc.dir/NR_NR-PRS-MeasurementInfoList-r16.c.o
#9 53.85 [ 57%] Building C object examples/xApp/c/monitor/RRC_MESSAGES/CMakeFiles/asn1_nr_rrc.dir/NR_NR-PRS-MeasurementInfo-r16.c.o
#9 53.88 [ 57%] Building C object examples/xApp/c/monitor/RRC_MESSAGES/CMakeFiles/asn1_nr_rrc.dir/NR_NR-RS-Type.c.o
#9 53.89 [ 57%] Building C object examples/xApp/c/monitor/RRC_MESSAGES/CMakeFiles/asn1_nr_rrc.dir/NR_NR-TimeStamp-r17.c.o
#9 53.92 [ 57%] Building C object examples/xApp/c/monitor/RRC_MESSAGES/CMakeFiles/asn1_nr_rrc.dir/NR_NSAG-IdentityInfo-r17.c.o
#9 53.94 [ 57%] Building C object examples/xApp/c/monitor/RRC_MESSAGES/CMakeFiles/asn1_nr_rrc.dir/NR_NSAG-ID-r17.c.o
#9 53.97 [ 57%] Building C object examples/xApp/c/monitor/RRC_MESSAGES/CMakeFiles/asn1_nr_rrc.dir/NR_NSAG-List-r17.c.o
#9 53.99 [ 57%] Building C object examples/xApp/c/monitor/RRC_MESSAGES/CMakeFiles/asn1_nr_rrc.dir/NR_NTN-Config-r17.c.o
#9 54.01 [ 57%] Building C object examples/xApp/c/monitor/RRC_MESSAGES/CMakeFiles/asn1_nr_rrc.dir/NR_NTN-NeighCellConfigList-r17.c.o
#9 54.04 [ 57%] Building C object examples/xApp/c/monitor/RRC_MESSAGES/CMakeFiles/asn1_nr_rrc.dir/NR_NTN-NeighCellConfig-r17.c.o
#9 54.05 [ 57%] Building C object examples/xApp/c/monitor/RRC_MESSAGES/CMakeFiles/asn1_nr_rrc.dir/NR_NTN-Parameters-r17.c.o
#9 54.08 [ 57%] Building C object examples/xApp/c/monitor/RRC_MESSAGES/CMakeFiles/asn1_nr_rrc.dir/NR_NumberOfCarriers.c.o
#9 54.10 [ 57%] Building C object examples/xApp/c/monitor/RRC_MESSAGES/CMakeFiles/asn1_nr_rrc.dir/NR_NumberOfMsg3-Repetitions-r17.c.o
#9 54.12 [ 57%] Building C object examples/xApp/c/monitor/RRC_MESSAGES/CMakeFiles/asn1_nr_rrc.dir/NR_NZP-CSI-RS-Pairing-r17.c.o
#9 54.13 [ 57%] Building C object examples/xApp/c/monitor/RRC_MESSAGES/CMakeFiles/asn1_nr_rrc.dir/NR_NZP-CSI-RS-Resource.c.o
#9 54.16 [ 57%] Building C object examples/xApp/c/monitor/RRC_MESSAGES/CMakeFiles/asn1_nr_rrc.dir/NR_NZP-CSI-RS-ResourceId.c.o
#9 54.18 [ 57%] Building C object examples/xApp/c/monitor/RRC_MESSAGES/CMakeFiles/asn1_nr_rrc.dir/NR_NZP-CSI-RS-ResourceSet.c.o
#9 54.21 [ 57%] Building C object examples/xApp/c/monitor/RRC_MESSAGES/CMakeFiles/asn1_nr_rrc.dir/NR_NZP-CSI-RS-ResourceSetId.c.o
#9 54.22 [ 57%] Building C object examples/xApp/c/monitor/RRC_MESSAGES/CMakeFiles/asn1_nr_rrc.dir/NR_OffsetValue-r17.c.o
#9 54.25 [ 59%] Building C object examples/xApp/c/monitor/RRC_MESSAGES/CMakeFiles/asn1_nr_rrc.dir/NR_OLPC-SRS-Pos-r16.c.o
#9 54.26 [ 59%] Building C object examples/xApp/c/monitor/RRC_MESSAGES/CMakeFiles/asn1_nr_rrc.dir/NR_OnDemandSIB-Request-r16.c.o
#9 54.29 [ 59%] Building C object examples/xApp/c/monitor/RRC_MESSAGES/CMakeFiles/asn1_nr_rrc.dir/NR_Orbital-r17.c.o
#9 54.30 [ 59%] Building C object examples/xApp/c/monitor/RRC_MESSAGES/CMakeFiles/asn1_nr_rrc.dir/NR_OtherConfig.c.o
#9 54.34 [ 59%] Building C object examples/xApp/c/monitor/RRC_MESSAGES/CMakeFiles/asn1_nr_rrc.dir/NR_OtherConfig-v1540.c.o
#9 54.34 [ 59%] Building C object examples/xApp/c/monitor/RRC_MESSAGES/CMakeFiles/asn1_nr_rrc.dir/NR_OtherConfig-v1610.c.o
#9 54.46 [ 59%] Building C object examples/xApp/c/monitor/RRC_MESSAGES/CMakeFiles/asn1_nr_rrc.dir/NR_OtherConfig-v1700.c.o
#9 54.46 [ 59%] Building C object examples/xApp/c/monitor/RRC_MESSAGES/CMakeFiles/asn1_nr_rrc.dir/NR_OutsideActiveTimeConfig-r16.c.o
#9 54.50 [ 59%] Building C object examples/xApp/c/monitor/RRC_MESSAGES/CMakeFiles/asn1_nr_rrc.dir/NR_OverheatingAssistance.c.o
#9 54.54 [ 59%] Building C object examples/xApp/c/monitor/RRC_MESSAGES/CMakeFiles/asn1_nr_rrc.dir/NR_OverheatingAssistanceConfig.c.o
#9 54.58 [ 59%] Building C object examples/xApp/c/monitor/RRC_MESSAGES/CMakeFiles/asn1_nr_rrc.dir/NR_OverheatingAssistance-r17.c.o
#9 54.60 [ 59%] Building C object examples/xApp/c/monitor/RRC_MESSAGES/CMakeFiles/asn1_nr_rrc.dir/NR_P0AlphaSet-r17.c.o
#9 54.62 [ 59%] Building C object examples/xApp/c/monitor/RRC_MESSAGES/CMakeFiles/asn1_nr_rrc.dir/NR_P0-PUCCH.c.o
#9 54.64 [ 59%] Building C object examples/xApp/c/monitor/RRC_MESSAGES/CMakeFiles/asn1_nr_rrc.dir/NR_P0-PUCCH-Id.c.o
#9 54.66 [ 59%] Building C object examples/xApp/c/monitor/RRC_MESSAGES/CMakeFiles/asn1_nr_rrc.dir/NR_P0-PUSCH-AlphaSet.c.o
#9 54.67 [ 59%] Building C object examples/xApp/c/monitor/RRC_MESSAGES/CMakeFiles/asn1_nr_rrc.dir/NR_P0-PUSCH-AlphaSetId.c.o
#9 54.71 [ 59%] Building C object examples/xApp/c/monitor/RRC_MESSAGES/CMakeFiles/asn1_nr_rrc.dir/NR_P0-PUSCH-SetId-r16.c.o
#9 54.71 [ 59%] Building C object examples/xApp/c/monitor/RRC_MESSAGES/CMakeFiles/asn1_nr_rrc.dir/NR_P0-PUSCH-r16.c.o
#9 54.75 [ 59%] Building C object examples/xApp/c/monitor/RRC_MESSAGES/CMakeFiles/asn1_nr_rrc.dir/NR_P0-PUSCH-Set-r16.c.o
#9 54.75 [ 59%] Building C object examples/xApp/c/monitor/RRC_MESSAGES/CMakeFiles/asn1_nr_rrc.dir/NR_Paging.c.o
#9 54.79 [ 59%] Building C object examples/xApp/c/monitor/RRC_MESSAGES/CMakeFiles/asn1_nr_rrc.dir/NR_PagingCycle.c.o
#9 54.79 [ 59%] Building C object examples/xApp/c/monitor/RRC_MESSAGES/CMakeFiles/asn1_nr_rrc.dir/NR_PagingGroupList-r17.c.o
#9 54.83 [ 59%] Building C object examples/xApp/c/monitor/RRC_MESSAGES/CMakeFiles/asn1_nr_rrc.dir/NR_PagingRecord.c.o
#9 54.84 [ 59%] Building C object examples/xApp/c/monitor/RRC_MESSAGES/CMakeFiles/asn1_nr_rrc.dir/NR_PagingRecordList.c.o
#9 54.87 [ 59%] Building C object examples/xApp/c/monitor/RRC_MESSAGES/CMakeFiles/asn1_nr_rrc.dir/NR_PagingRecordList-v1700.c.o
#9 54.88 [ 59%] Building C object examples/xApp/c/monitor/RRC_MESSAGES/CMakeFiles/asn1_nr_rrc.dir/NR_PagingRecord-v1700.c.o
#9 54.92 [ 59%] Building C object examples/xApp/c/monitor/RRC_MESSAGES/CMakeFiles/asn1_nr_rrc.dir/NR_PagingUE-Identity.c.o
#9 54.92 [ 59%] Building C object examples/xApp/c/monitor/RRC_MESSAGES/CMakeFiles/asn1_nr_rrc.dir/NR_Paging-v1700-IEs.c.o
#9 54.96 [ 59%] Building C object examples/xApp/c/monitor/RRC_MESSAGES/CMakeFiles/asn1_nr_rrc.dir/NR_PathlossReferenceRS-Config.c.o
#9 54.96 [ 59%] Building C object examples/xApp/c/monitor/RRC_MESSAGES/CMakeFiles/asn1_nr_rrc.dir/NR_PathlossReferenceRS-Id-r17.c.o
#9 54.99 [ 59%] Building C object examples/xApp/c/monitor/RRC_MESSAGES/CMakeFiles/asn1_nr_rrc.dir/NR_PathlossReferenceRSList-r16.c.o
#9 55.00 [ 59%] Building C object examples/xApp/c/monitor/RRC_MESSAGES/CMakeFiles/asn1_nr_rrc.dir/NR_PathlossReferenceRS-r16.c.o
#9 55.04 [ 59%] Building C object examples/xApp/c/monitor/RRC_MESSAGES/CMakeFiles/asn1_nr_rrc.dir/NR_PathlossReferenceRS-r17.c.o
#9 55.05 [ 59%] Building C object examples/xApp/c/monitor/RRC_MESSAGES/CMakeFiles/asn1_nr_rrc.dir/NR_PathlossReferenceRSs-v1610.c.o
#9 55.08 [ 59%] Building C object examples/xApp/c/monitor/RRC_MESSAGES/CMakeFiles/asn1_nr_rrc.dir/NR_PCCH-Config.c.o
#9 55.09 [ 59%] Building C object examples/xApp/c/monitor/RRC_MESSAGES/CMakeFiles/asn1_nr_rrc.dir/NR_PCCH-Message.c.o
#9 55.12 [ 59%] Building C object examples/xApp/c/monitor/RRC_MESSAGES/CMakeFiles/asn1_nr_rrc.dir/NR_PCCH-MessageType.c.o
#9 55.16 [ 59%] Building C object examples/xApp/c/monitor/RRC_MESSAGES/CMakeFiles/asn1_nr_rrc.dir/NR_PCI-ARFCN-EUTRA-r16.c.o
#9 55.16 [ 60%] Building C object examples/xApp/c/monitor/RRC_MESSAGES/CMakeFiles/asn1_nr_rrc.dir/NR_PCI-ARFCN-NR-r16.c.o
#9 55.20 [ 60%] Building C object examples/xApp/c/monitor/RRC_MESSAGES/CMakeFiles/asn1_nr_rrc.dir/NR_PCI-List.c.o
#9 55.20 [ 60%] Building C object examples/xApp/c/monitor/RRC_MESSAGES/CMakeFiles/asn1_nr_rrc.dir/NR_PCI-Range.c.o
#9 55.24 [ 60%] Building C object examples/xApp/c/monitor/RRC_MESSAGES/CMakeFiles/asn1_nr_rrc.dir/NR_PCI-RangeElement.c.o
#9 55.24 [ 60%] Building C object examples/xApp/c/monitor/RRC_MESSAGES/CMakeFiles/asn1_nr_rrc.dir/NR_PCI-RangeIndex.c.o
#9 55.28 [ 60%] Building C object examples/xApp/c/monitor/RRC_MESSAGES/CMakeFiles/asn1_nr_rrc.dir/NR_PCI-RangeIndexList.c.o
#9 55.28 [ 60%] Building C object examples/xApp/c/monitor/RRC_MESSAGES/CMakeFiles/asn1_nr_rrc.dir/NR_PDCCH-BlindDetection2-r16.c.o
#9 55.32 [ 60%] Building C object examples/xApp/c/monitor/RRC_MESSAGES/CMakeFiles/asn1_nr_rrc.dir/NR_PDCCH-BlindDetection3-r16.c.o
#9 55.33 [ 60%] Building C object examples/xApp/c/monitor/RRC_MESSAGES/CMakeFiles/asn1_nr_rrc.dir/NR_PDCCH-BlindDetection.c.o
#9 55.37 [ 60%] Building C object examples/xApp/c/monitor/RRC_MESSAGES/CMakeFiles/asn1_nr_rrc.dir/NR_PDCCH-BlindDetectionCA-CombIndicator-r16.c.o
#9 55.37 [ 60%] Building C object examples/xApp/c/monitor/RRC_MESSAGES/CMakeFiles/asn1_nr_rrc.dir/NR_PDCCH-BlindDetectionCA-CombIndicator-r17.c.o
#9 55.41 [ 60%] Building C object examples/xApp/c/monitor/RRC_MESSAGES/CMakeFiles/asn1_nr_rrc.dir/NR_PDCCH-BlindDetectionCA-Mixed1-r17.c.o
#9 55.41 [ 60%] Building C object examples/xApp/c/monitor/RRC_MESSAGES/CMakeFiles/asn1_nr_rrc.dir/NR_PDCCH-BlindDetectionCA-MixedExt-r16.c.o
#9 55.45 [ 60%] Building C object examples/xApp/c/monitor/RRC_MESSAGES/CMakeFiles/asn1_nr_rrc.dir/NR_PDCCH-BlindDetectionCG-UE-Mixed1-r17.c.o
#9 55.45 [ 60%] Building C object examples/xApp/c/monitor/RRC_MESSAGES/CMakeFiles/asn1_nr_rrc.dir/NR_PDCCH-BlindDetectionCA-Mixed-r17.c.o
#9 55.49 [ 60%] Building C object examples/xApp/c/monitor/RRC_MESSAGES/CMakeFiles/asn1_nr_rrc.dir/NR_PDCCH-BlindDetectionCG-UE-MixedExt-r16.c.o
#9 55.49 [ 60%] Building C object examples/xApp/c/monitor/RRC_MESSAGES/CMakeFiles/asn1_nr_rrc.dir/NR_PDCCH-BlindDetectionCG-UE-Mixed-r17.c.o
#9 55.53 [ 60%] Building C object examples/xApp/c/monitor/RRC_MESSAGES/CMakeFiles/asn1_nr_rrc.dir/NR_PDCCH-BlindDetectionMCG-SCG-r17.c.o
#9 55.53 [ 60%] Building C object examples/xApp/c/monitor/RRC_MESSAGES/CMakeFiles/asn1_nr_rrc.dir/NR_PDCCH-BlindDetectionMixed1-r17.c.o
#9 55.57 [ 60%] Building C object examples/xApp/c/monitor/RRC_MESSAGES/CMakeFiles/asn1_nr_rrc.dir/NR_PDCCH-BlindDetectionMixedList-r16.c.o
#9 55.57 [ 60%] Building C object examples/xApp/c/monitor/RRC_MESSAGES/CMakeFiles/asn1_nr_rrc.dir/NR_PDCCH-BlindDetectionMixed-r17.c.o
#9 55.61 [ 60%] Building C object examples/xApp/c/monitor/RRC_MESSAGES/CMakeFiles/asn1_nr_rrc.dir/NR_PDCCH-ConfigCommon.c.o
#9 55.61 [ 60%] Building C object examples/xApp/c/monitor/RRC_MESSAGES/CMakeFiles/asn1_nr_rrc.dir/NR_PDCCH-Config.c.o
#9 55.69 [ 60%] Building C object examples/xApp/c/monitor/RRC_MESSAGES/CMakeFiles/asn1_nr_rrc.dir/NR_PDCCH-ConfigSIB1.c.o
#9 55.73 [ 60%] Building C object examples/xApp/c/monitor/RRC_MESSAGES/CMakeFiles/asn1_nr_rrc.dir/NR_PDCCH-MonitoringOccasions-r16.c.o
#9 55.73 [ 60%] Building C object examples/xApp/c/monitor/RRC_MESSAGES/CMakeFiles/asn1_nr_rrc.dir/NR_PDCCH-RepetitionParameters-r17.c.o
#9 55.77 [ 60%] Building C object examples/xApp/c/monitor/RRC_MESSAGES/CMakeFiles/asn1_nr_rrc.dir/NR_PDCCH-ServingCellConfig.c.o
#9 55.77 [ 60%] Building C object examples/xApp/c/monitor/RRC_MESSAGES/CMakeFiles/asn1_nr_rrc.dir/NR_PDCP-Config.c.o
#9 55.88 [ 60%] Building C object examples/xApp/c/monitor/RRC_MESSAGES/CMakeFiles/asn1_nr_rrc.dir/NR_PDCP-Parameters.c.o
#9 55.92 [ 60%] Building C object examples/xApp/c/monitor/RRC_MESSAGES/CMakeFiles/asn1_nr_rrc.dir/NR_PDCP-ParametersMRDC.c.o
#9 55.96 [ 60%] Building C object examples/xApp/c/monitor/RRC_MESSAGES/CMakeFiles/asn1_nr_rrc.dir/NR_PDCP-ParametersMRDC-v1610.c.o
#9 55.99 [ 60%] Building C object examples/xApp/c/monitor/RRC_MESSAGES/CMakeFiles/asn1_nr_rrc.dir/NR_PDCP-ParametersSidelink-r16.c.o
#9 56.00 [ 60%] Building C object examples/xApp/c/monitor/RRC_MESSAGES/CMakeFiles/asn1_nr_rrc.dir/NR_PDSCH-CodeBlockGroupTransmission.c.o
#9 56.03 [ 60%] Building C object examples/xApp/c/monitor/RRC_MESSAGES/CMakeFiles/asn1_nr_rrc.dir/NR_PDSCH-CodeBlockGroupTransmissionList-r16.c.o
#9 56.04 [ 60%] Building C object examples/xApp/c/monitor/RRC_MESSAGES/CMakeFiles/asn1_nr_rrc.dir/NR_PDSCH-ConfigBroadcast-r17.c.o
#9 56.07 [ 60%] Building C object examples/xApp/c/monitor/RRC_MESSAGES/CMakeFiles/asn1_nr_rrc.dir/NR_PDSCH-Config.c.o
#9 56.08 [ 60%] Building C object examples/xApp/c/monitor/RRC_MESSAGES/CMakeFiles/asn1_nr_rrc.dir/NR_PDSCH-ConfigCommon.c.o
#9 56.12 [ 60%] Building C object examples/xApp/c/monitor/RRC_MESSAGES/CMakeFiles/asn1_nr_rrc.dir/NR_PDSCH-ConfigIndex-r17.c.o
#9 56.17 [ 60%] Building C object examples/xApp/c/monitor/RRC_MESSAGES/CMakeFiles/asn1_nr_rrc.dir/NR_PDSCH-ConfigPTM-r17.c.o
#9 56.20 [ 61%] Building C object examples/xApp/c/monitor/RRC_MESSAGES/CMakeFiles/asn1_nr_rrc.dir/NR_PDSCH-HARQ-ACK-CodebookList-r16.c.o
#9 56.20 [ 61%] Building C object examples/xApp/c/monitor/RRC_MESSAGES/CMakeFiles/asn1_nr_rrc.dir/NR_PDSCH-HARQ-ACK-EnhType3Index-r17.c.o
#9 56.24 [ 61%] Building C object examples/xApp/c/monitor/RRC_MESSAGES/CMakeFiles/asn1_nr_rrc.dir/NR_PDSCH-HARQ-ACK-EnhType3-r17.c.o
#9 56.24 [ 61%] Building C object examples/xApp/c/monitor/RRC_MESSAGES/CMakeFiles/asn1_nr_rrc.dir/NR_PDSCH-ServingCellConfig.c.o
#9 56.29 [ 61%] Building C object examples/xApp/c/monitor/RRC_MESSAGES/CMakeFiles/asn1_nr_rrc.dir/NR_PDSCH-TimeDomainResourceAllocation.c.o
#9 56.33 [ 61%] Building C object examples/xApp/c/monitor/RRC_MESSAGES/CMakeFiles/asn1_nr_rrc.dir/NR_PDSCH-TimeDomainResourceAllocationList.c.o
#9 56.37 [ 61%] Building C object examples/xApp/c/monitor/RRC_MESSAGES/CMakeFiles/asn1_nr_rrc.dir/NR_PDSCH-TimeDomainResourceAllocationList-r16.c.o
#9 56.41 [ 61%] Building C object examples/xApp/c/monitor/RRC_MESSAGES/CMakeFiles/asn1_nr_rrc.dir/NR_PDSCH-TimeDomainResourceAllocation-r16.c.o
#9 56.43 [ 61%] Building C object examples/xApp/c/monitor/RRC_MESSAGES/CMakeFiles/asn1_nr_rrc.dir/NR_PDU-SessionID.c.o
#9 56.45 [ 61%] Building C object examples/xApp/c/monitor/RRC_MESSAGES/CMakeFiles/asn1_nr_rrc.dir/NR_PEI-Config-r17.c.o
#9 56.47 [ 61%] Building C object examples/xApp/c/monitor/RRC_MESSAGES/CMakeFiles/asn1_nr_rrc.dir/NR_PeriodicalReportConfig.c.o
#9 56.49 [ 61%] Building C object examples/xApp/c/monitor/RRC_MESSAGES/CMakeFiles/asn1_nr_rrc.dir/NR_PeriodicalReportConfigInterRAT.c.o
#9 56.60 [ 61%] Building C object examples/xApp/c/monitor/RRC_MESSAGES/CMakeFiles/asn1_nr_rrc.dir/NR_PeriodicalReportConfigNR-SL-r16.c.o
#9 56.63 [ 61%] Building C object examples/xApp/c/monitor/RRC_MESSAGES/CMakeFiles/asn1_nr_rrc.dir/NR_PeriodicRNAU-TimerValue.c.o
#9 56.63 [ 61%] Building C object examples/xApp/c/monitor/RRC_MESSAGES/CMakeFiles/asn1_nr_rrc.dir/NR_PerRAAttemptInfoList-r16.c.o
#9 56.67 [ 61%] Building C object examples/xApp/c/monitor/RRC_MESSAGES/CMakeFiles/asn1_nr_rrc.dir/NR_PerRAAttemptInfo-r16.c.o
#9 56.68 [ 61%] Building C object examples/xApp/c/monitor/RRC_MESSAGES/CMakeFiles/asn1_nr_rrc.dir/NR_PerRACSI-RSInfo-r16.c.o
#9 56.71 [ 61%] Building C object examples/xApp/c/monitor/RRC_MESSAGES/CMakeFiles/asn1_nr_rrc.dir/NR_PerRACSI-RSInfo-v1660.c.o
#9 56.72 [ 61%] Building C object examples/xApp/c/monitor/RRC_MESSAGES/CMakeFiles/asn1_nr_rrc.dir/NR_PerRAInfoList-r16.c.o
#9 56.74 [ 61%] Building C object examples/xApp/c/monitor/RRC_MESSAGES/CMakeFiles/asn1_nr_rrc.dir/NR_PerRAInfoList-v1660.c.o
#9 56.76 [ 61%] Building C object examples/xApp/c/monitor/RRC_MESSAGES/CMakeFiles/asn1_nr_rrc.dir/NR_PerRAInfo-r16.c.o
#9 56.78 [ 61%] Building C object examples/xApp/c/monitor/RRC_MESSAGES/CMakeFiles/asn1_nr_rrc.dir/NR_PerRASSBInfo-r16.c.o
#9 56.80 [ 61%] Building C object examples/xApp/c/monitor/RRC_MESSAGES/CMakeFiles/asn1_nr_rrc.dir/NR_PH-InfoMCG.c.o
#9 56.82 [ 61%] Building C object examples/xApp/c/monitor/RRC_MESSAGES/CMakeFiles/asn1_nr_rrc.dir/NR_PH-InfoSCG.c.o
#9 56.85 [ 61%] Building C object examples/xApp/c/monitor/RRC_MESSAGES/CMakeFiles/asn1_nr_rrc.dir/NR_PHR-Config.c.o
#9 56.86 [ 61%] Building C object examples/xApp/c/monitor/RRC_MESSAGES/CMakeFiles/asn1_nr_rrc.dir/NR_PH-TypeListMCG.c.o
#9 56.90 [ 61%] Building C object examples/xApp/c/monitor/RRC_MESSAGES/CMakeFiles/asn1_nr_rrc.dir/NR_PH-TypeListSCG.c.o
#9 56.94 [ 61%] Building C object examples/xApp/c/monitor/RRC_MESSAGES/CMakeFiles/asn1_nr_rrc.dir/NR_PH-UplinkCarrierMCG.c.o
#9 56.96 [ 61%] Building C object examples/xApp/c/monitor/RRC_MESSAGES/CMakeFiles/asn1_nr_rrc.dir/NR_PH-UplinkCarrierSCG.c.o
#9 56.98 [ 61%] Building C object examples/xApp/c/monitor/RRC_MESSAGES/CMakeFiles/asn1_nr_rrc.dir/NR_Phy-Parameters.c.o
#9 57.00 [ 61%] Building C object examples/xApp/c/monitor/RRC_MESSAGES/CMakeFiles/asn1_nr_rrc.dir/NR_Phy-ParametersCommon.c.o
#9 57.01 [ 61%] Building C object examples/xApp/c/monitor/RRC_MESSAGES/CMakeFiles/asn1_nr_rrc.dir/NR_Phy-ParametersCommon-v16a0.c.o
#9 57.04 [ 61%] Building C object examples/xApp/c/monitor/RRC_MESSAGES/CMakeFiles/asn1_nr_rrc.dir/NR_Phy-ParametersFR1.c.o
#9 57.06 [ 61%] Building C object examples/xApp/c/monitor/RRC_MESSAGES/CMakeFiles/asn1_nr_rrc.dir/NR_Phy-ParametersFR2.c.o
#9 57.09 [ 61%] Building C object examples/xApp/c/monitor/RRC_MESSAGES/CMakeFiles/asn1_nr_rrc.dir/NR_Phy-ParametersFRX-Diff.c.o
#9 57.11 [ 61%] Building C object examples/xApp/c/monitor/RRC_MESSAGES/CMakeFiles/asn1_nr_rrc.dir/NR_Phy-ParametersMRDC.c.o
#9 57.15 [ 61%] Building C object examples/xApp/c/monitor/RRC_MESSAGES/CMakeFiles/asn1_nr_rrc.dir/NR_Phy-ParametersSharedSpectrumChAccess-r16.c.o
#9 57.16 [ 61%] Building C object examples/xApp/c/monitor/RRC_MESSAGES/CMakeFiles/asn1_nr_rrc.dir/NR_Phy-Parameters-v16a0.c.o
#9 57.19 [ 61%] Building C object examples/xApp/c/monitor/RRC_MESSAGES/CMakeFiles/asn1_nr_rrc.dir/NR_Phy-ParametersXDD-Diff.c.o
#9 57.20 [ 63%] Building C object examples/xApp/c/monitor/RRC_MESSAGES/CMakeFiles/asn1_nr_rrc.dir/NR_PhysCellId.c.o
#9 57.22 [ 63%] Building C object examples/xApp/c/monitor/RRC_MESSAGES/CMakeFiles/asn1_nr_rrc.dir/NR_PhysCellIdUTRA-FDD-r16.c.o
#9 57.24 [ 63%] Building C object examples/xApp/c/monitor/RRC_MESSAGES/CMakeFiles/asn1_nr_rrc.dir/NR_PhysicalCellGroupConfig.c.o
#9 57.27 [ 63%] Building C object examples/xApp/c/monitor/RRC_MESSAGES/CMakeFiles/asn1_nr_rrc.dir/NR_PLMN-Identity.c.o
#9 57.31 [ 63%] Building C object examples/xApp/c/monitor/RRC_MESSAGES/CMakeFiles/asn1_nr_rrc.dir/NR_PLMN-Identity-EUTRA-5GC.c.o
#9 57.36 [ 63%] Building C object examples/xApp/c/monitor/RRC_MESSAGES/CMakeFiles/asn1_nr_rrc.dir/NR_PLMN-IdentityInfo.c.o
#9 57.40 [ 63%] Building C object examples/xApp/c/monitor/RRC_MESSAGES/CMakeFiles/asn1_nr_rrc.dir/NR_PLMN-IdentityInfoList.c.o
#9 57.43 [ 63%] Building C object examples/xApp/c/monitor/RRC_MESSAGES/CMakeFiles/asn1_nr_rrc.dir/NR_PLMN-IdentityList2-r16.c.o
#9 57.44 [ 63%] Building C object examples/xApp/c/monitor/RRC_MESSAGES/CMakeFiles/asn1_nr_rrc.dir/NR_PLMN-IdentityList-EUTRA-5GC.c.o
#9 57.47 [ 63%] Building C object examples/xApp/c/monitor/RRC_MESSAGES/CMakeFiles/asn1_nr_rrc.dir/NR_PLMN-IdentityList-EUTRA-EPC.c.o
#9 57.48 [ 63%] Building C object examples/xApp/c/monitor/RRC_MESSAGES/CMakeFiles/asn1_nr_rrc.dir/NR_PLMN-IdentityList-r16.c.o
#9 57.52 [ 63%] Building C object examples/xApp/c/monitor/RRC_MESSAGES/CMakeFiles/asn1_nr_rrc.dir/NR_PLMN-RAN-AreaCell.c.o
#9 57.52 [ 63%] Building C object examples/xApp/c/monitor/RRC_MESSAGES/CMakeFiles/asn1_nr_rrc.dir/NR_PLMN-RAN-AreaCellList.c.o
#9 57.56 [ 63%] Building C object examples/xApp/c/monitor/RRC_MESSAGES/CMakeFiles/asn1_nr_rrc.dir/NR_PLMN-RAN-AreaConfigList.c.o
#9 57.56 [ 63%] Building C object examples/xApp/c/monitor/RRC_MESSAGES/CMakeFiles/asn1_nr_rrc.dir/NR_PLMN-RAN-AreaConfig.c.o
#9 57.60 [ 63%] Building C object examples/xApp/c/monitor/RRC_MESSAGES/CMakeFiles/asn1_nr_rrc.dir/NR_P-Max.c.o
#9 57.60 [ 63%] Building C object examples/xApp/c/monitor/RRC_MESSAGES/CMakeFiles/asn1_nr_rrc.dir/NR_PollByte.c.o
#9 57.64 [ 63%] Building C object examples/xApp/c/monitor/RRC_MESSAGES/CMakeFiles/asn1_nr_rrc.dir/NR_PollPDU.c.o
#9 57.64 [ 63%] Building C object examples/xApp/c/monitor/RRC_MESSAGES/CMakeFiles/asn1_nr_rrc.dir/NR_PortIndex2.c.o
#9 57.67 [ 63%] Building C object examples/xApp/c/monitor/RRC_MESSAGES/CMakeFiles/asn1_nr_rrc.dir/NR_PortIndex4.c.o
#9 57.68 [ 63%] Building C object examples/xApp/c/monitor/RRC_MESSAGES/CMakeFiles/asn1_nr_rrc.dir/NR_PortIndex8.c.o
#9 57.72 [ 63%] Building C object examples/xApp/c/monitor/RRC_MESSAGES/CMakeFiles/asn1_nr_rrc.dir/NR_PortIndexFor8Ranks.c.o
#9 57.72 [ 63%] Building C object examples/xApp/c/monitor/RRC_MESSAGES/CMakeFiles/asn1_nr_rrc.dir/NR_PosGapConfig-r17.c.o
#9 57.76 [ 63%] Building C object examples/xApp/c/monitor/RRC_MESSAGES/CMakeFiles/asn1_nr_rrc.dir/NR_PositionStateVector-r17.c.o
#9 57.78 [ 63%] Building C object examples/xApp/c/monitor/RRC_MESSAGES/CMakeFiles/asn1_nr_rrc.dir/NR_PositionVelocity-r17.c.o
#9 57.81 [ 63%] Building C object examples/xApp/c/monitor/RRC_MESSAGES/CMakeFiles/asn1_nr_rrc.dir/NR_PosMeasGapPreConfigToAddModList-r17.c.o
#9 57.82 [ 63%] Building C object examples/xApp/c/monitor/RRC_MESSAGES/CMakeFiles/asn1_nr_rrc.dir/NR_PosMeasGapPreConfigToReleaseList-r17.c.o
#9 57.85 [ 63%] Building C object examples/xApp/c/monitor/RRC_MESSAGES/CMakeFiles/asn1_nr_rrc.dir/NR_PosSchedulingInfo-r16.c.o
#9 57.86 [ 63%] Building C object examples/xApp/c/monitor/RRC_MESSAGES/CMakeFiles/asn1_nr_rrc.dir/NR_PosSIB-MappingInfo-r16.c.o
#9 57.89 [ 63%] Building C object examples/xApp/c/monitor/RRC_MESSAGES/CMakeFiles/asn1_nr_rrc.dir/NR_PosSIB-ReqInfo-r16.c.o
#9 57.89 [ 63%] Building C object examples/xApp/c/monitor/RRC_MESSAGES/CMakeFiles/asn1_nr_rrc.dir/NR_PosSIB-Type-r16.c.o
#9 57.92 [ 63%] Building C object examples/xApp/c/monitor/RRC_MESSAGES/CMakeFiles/asn1_nr_rrc.dir/NR_PosSI-SchedulingInfo-r16.c.o
#9 57.94 [ 63%] Building C object examples/xApp/c/monitor/RRC_MESSAGES/CMakeFiles/asn1_nr_rrc.dir/NR_PosSRS-RRC-Inactive-OutsideInitialUL-BWP-r17.c.o
#9 57.97 [ 63%] Building C object examples/xApp/c/monitor/RRC_MESSAGES/CMakeFiles/asn1_nr_rrc.dir/NR_PosSystemInformation-r16-IEs.c.o
#9 57.97 [ 63%] Building C object examples/xApp/c/monitor/RRC_MESSAGES/CMakeFiles/asn1_nr_rrc.dir/NR_PowSav-ParametersCommon-r16.c.o
#9 58.01 [ 63%] Building C object examples/xApp/c/monitor/RRC_MESSAGES/CMakeFiles/asn1_nr_rrc.dir/NR_PowSav-ParametersFR2-2-r17.c.o
#9 58.02 [ 63%] Building C object examples/xApp/c/monitor/RRC_MESSAGES/CMakeFiles/asn1_nr_rrc.dir/NR_PowSav-ParametersFRX-Diff-r16.c.o
#9 58.05 [ 63%] Building C object examples/xApp/c/monitor/RRC_MESSAGES/CMakeFiles/asn1_nr_rrc.dir/NR_PowSav-Parameters-r16.c.o
#9 58.06 [ 64%] Building C object examples/xApp/c/monitor/RRC_MESSAGES/CMakeFiles/asn1_nr_rrc.dir/NR_PowSav-Parameters-v1700.c.o
#9 58.09 [ 64%] Building C object examples/xApp/c/monitor/RRC_MESSAGES/CMakeFiles/asn1_nr_rrc.dir/NR_PRACH-ResourceDedicatedBFR.c.o
#9 58.10 [ 64%] Building C object examples/xApp/c/monitor/RRC_MESSAGES/CMakeFiles/asn1_nr_rrc.dir/NR_PRB-Id.c.o
#9 58.13 [ 64%] Building C object examples/xApp/c/monitor/RRC_MESSAGES/CMakeFiles/asn1_nr_rrc.dir/NR_ProcessingParameters.c.o
#9 58.15 [ 64%] Building C object examples/xApp/c/monitor/RRC_MESSAGES/CMakeFiles/asn1_nr_rrc.dir/NR_PropagationDelayDifference-r17.c.o
#9 58.18 [ 64%] Building C object examples/xApp/c/monitor/RRC_MESSAGES/CMakeFiles/asn1_nr_rrc.dir/NR_PropDelayDiffReportConfig-r17.c.o
#9 58.18 [ 64%] Building C object examples/xApp/c/monitor/RRC_MESSAGES/CMakeFiles/asn1_nr_rrc.dir/NR_PRS-ProcessingCapabilityOutsideMGinPPWperType-r17.c.o
#9 58.23 [ 64%] Building C object examples/xApp/c/monitor/RRC_MESSAGES/CMakeFiles/asn1_nr_rrc.dir/NR_PTRS-DensityRecommendationDL.c.o
#9 58.23 [ 64%] Building C object examples/xApp/c/monitor/RRC_MESSAGES/CMakeFiles/asn1_nr_rrc.dir/NR_PTRS-DensityRecommendationUL.c.o
#9 58.26 [ 64%] Building C object examples/xApp/c/monitor/RRC_MESSAGES/CMakeFiles/asn1_nr_rrc.dir/NR_PTRS-DownlinkConfig.c.o
#9 58.29 [ 64%] Building C object examples/xApp/c/monitor/RRC_MESSAGES/CMakeFiles/asn1_nr_rrc.dir/NR_PTRS-UplinkConfig.c.o
#9 58.32 [ 64%] Building C object examples/xApp/c/monitor/RRC_MESSAGES/CMakeFiles/asn1_nr_rrc.dir/NR_PUCCH-Config.c.o
#9 58.34 [ 64%] Building C object examples/xApp/c/monitor/RRC_MESSAGES/CMakeFiles/asn1_nr_rrc.dir/NR_PUCCH-ConfigCommon.c.o
#9 58.37 [ 64%] Building C object examples/xApp/c/monitor/RRC_MESSAGES/CMakeFiles/asn1_nr_rrc.dir/NR_PUCCH-ConfigurationList-r16.c.o
#9 58.52 [ 64%] Building C object examples/xApp/c/monitor/RRC_MESSAGES/CMakeFiles/asn1_nr_rrc.dir/NR_PUCCH-CSI-Resource.c.o
#9 58.55 [ 64%] Building C object examples/xApp/c/monitor/RRC_MESSAGES/CMakeFiles/asn1_nr_rrc.dir/NR_PUCCH-format0.c.o
#9 58.55 [ 64%] Building C object examples/xApp/c/monitor/RRC_MESSAGES/CMakeFiles/asn1_nr_rrc.dir/NR_PUCCH-format1.c.o
#9 58.59 [ 64%] Building C object examples/xApp/c/monitor/RRC_MESSAGES/CMakeFiles/asn1_nr_rrc.dir/NR_PUCCH-format3.c.o
#9 58.59 [ 64%] Building C object examples/xApp/c/monitor/RRC_MESSAGES/CMakeFiles/asn1_nr_rrc.dir/NR_PUCCH-format2.c.o
#9 58.63 [ 64%] Building C object examples/xApp/c/monitor/RRC_MESSAGES/CMakeFiles/asn1_nr_rrc.dir/NR_PUCCH-format4.c.o
#9 58.63 [ 64%] Building C object examples/xApp/c/monitor/RRC_MESSAGES/CMakeFiles/asn1_nr_rrc.dir/NR_PUCCH-FormatConfig.c.o
#9 58.66 [ 64%] Building C object examples/xApp/c/monitor/RRC_MESSAGES/CMakeFiles/asn1_nr_rrc.dir/NR_PUCCH-FormatConfigExt-r17.c.o
#9 58.68 [ 64%] Building C object examples/xApp/c/monitor/RRC_MESSAGES/CMakeFiles/asn1_nr_rrc.dir/NR_PUCCH-Group-Config-r17.c.o
#9 58.71 [ 64%] Building C object examples/xApp/c/monitor/RRC_MESSAGES/CMakeFiles/asn1_nr_rrc.dir/NR_PUCCH-Grp-CarrierTypes-r16.c.o
#9 58.72 [ 64%] Building C object examples/xApp/c/monitor/RRC_MESSAGES/CMakeFiles/asn1_nr_rrc.dir/NR_PUCCH-MaxCodeRate.c.o
#9 58.75 [ 64%] Building C object examples/xApp/c/monitor/RRC_MESSAGES/CMakeFiles/asn1_nr_rrc.dir/NR_PUCCH-PathlossReferenceRS.c.o
#9 58.75 [ 64%] Building C object examples/xApp/c/monitor/RRC_MESSAGES/CMakeFiles/asn1_nr_rrc.dir/NR_PUCCH-PathlossReferenceRS-Id.c.o
#9 58.79 [ 64%] Building C object examples/xApp/c/monitor/RRC_MESSAGES/CMakeFiles/asn1_nr_rrc.dir/NR_PUCCH-PathlossReferenceRS-Id-r17.c.o
#9 58.79 [ 64%] Building C object examples/xApp/c/monitor/RRC_MESSAGES/CMakeFiles/asn1_nr_rrc.dir/NR_PUCCH-PathlossReferenceRS-Id-v1610.c.o
#9 58.83 [ 64%] Building C object examples/xApp/c/monitor/RRC_MESSAGES/CMakeFiles/asn1_nr_rrc.dir/NR_PUCCH-PathlossReferenceRS-r16.c.o
#9 58.83 [ 64%] Building C object examples/xApp/c/monitor/RRC_MESSAGES/CMakeFiles/asn1_nr_rrc.dir/NR_PUCCH-PowerControl.c.o
#9 58.87 [ 64%] Building C object examples/xApp/c/monitor/RRC_MESSAGES/CMakeFiles/asn1_nr_rrc.dir/NR_PUCCH-PowerControlSetInfoId-r17.c.o
#9 58.91 [ 64%] Building C object examples/xApp/c/monitor/RRC_MESSAGES/CMakeFiles/asn1_nr_rrc.dir/NR_PUCCH-PowerControlSetInfo-r17.c.o
#9 58.95 [ 64%] Building C object examples/xApp/c/monitor/RRC_MESSAGES/CMakeFiles/asn1_nr_rrc.dir/NR_PUCCH-Resource.c.o
#9 58.95 [ 64%] Building C object examples/xApp/c/monitor/RRC_MESSAGES/CMakeFiles/asn1_nr_rrc.dir/NR_PUCCH-ResourceExt-v1610.c.o
#9 58.99 [ 64%] Building C object examples/xApp/c/monitor/RRC_MESSAGES/CMakeFiles/asn1_nr_rrc.dir/NR_PUCCH-ResourceGroupId-r16.c.o
#9 59.00 [ 64%] Building C object examples/xApp/c/monitor/RRC_MESSAGES/CMakeFiles/asn1_nr_rrc.dir/NR_PUCCH-ResourceGroup-r16.c.o
#9 59.02 [ 64%] Building C object examples/xApp/c/monitor/RRC_MESSAGES/CMakeFiles/asn1_nr_rrc.dir/NR_PUCCH-ResourceId.c.o
#9 59.04 [ 64%] Building C object examples/xApp/c/monitor/RRC_MESSAGES/CMakeFiles/asn1_nr_rrc.dir/NR_PUCCH-ResourceSet.c.o
#9 59.06 [ 66%] Building C object examples/xApp/c/monitor/RRC_MESSAGES/CMakeFiles/asn1_nr_rrc.dir/NR_PUCCH-ResourceSetId.c.o
#9 59.09 [ 66%] Building C object examples/xApp/c/monitor/RRC_MESSAGES/CMakeFiles/asn1_nr_rrc.dir/NR_PUCCH-SpatialRelationInfoExt-r16.c.o
#9 59.09 [ 66%] Building C object examples/xApp/c/monitor/RRC_MESSAGES/CMakeFiles/asn1_nr_rrc.dir/NR_PUCCH-SpatialRelationInfo.c.o
#9 59.13 [ 66%] Building C object examples/xApp/c/monitor/RRC_MESSAGES/CMakeFiles/asn1_nr_rrc.dir/NR_PUCCH-SpatialRelationInfoId.c.o
#9 59.13 [ 66%] Building C object examples/xApp/c/monitor/RRC_MESSAGES/CMakeFiles/asn1_nr_rrc.dir/NR_PUCCH-SpatialRelationInfoId-r16.c.o
#9 59.16 [ 66%] Building C object examples/xApp/c/monitor/RRC_MESSAGES/CMakeFiles/asn1_nr_rrc.dir/NR_PUCCH-SpatialRelationInfoId-v1610.c.o
#9 59.16 [ 66%] Building C object examples/xApp/c/monitor/RRC_MESSAGES/CMakeFiles/asn1_nr_rrc.dir/NR_PUCCH-SRS.c.o
#9 59.21 [ 66%] Building C object examples/xApp/c/monitor/RRC_MESSAGES/CMakeFiles/asn1_nr_rrc.dir/NR_PUSCH-Allocation-r16.c.o
#9 59.21 [ 66%] Building C object examples/xApp/c/monitor/RRC_MESSAGES/CMakeFiles/asn1_nr_rrc.dir/NR_PUCCH-TPC-CommandConfig.c.o
#9 59.25 [ 66%] Building C object examples/xApp/c/monitor/RRC_MESSAGES/CMakeFiles/asn1_nr_rrc.dir/NR_PUSCH-CodeBlockGroupTransmission.c.o
#9 59.26 [ 66%] Building C object examples/xApp/c/monitor/RRC_MESSAGES/CMakeFiles/asn1_nr_rrc.dir/NR_PUSCH-Config.c.o
#9 59.29 [ 66%] Building C object examples/xApp/c/monitor/RRC_MESSAGES/CMakeFiles/asn1_nr_rrc.dir/NR_PUSCH-ConfigCommon.c.o
#9 59.34 [ 66%] Building C object examples/xApp/c/monitor/RRC_MESSAGES/CMakeFiles/asn1_nr_rrc.dir/NR_PUSCH-PathlossReferenceRS.c.o
#9 59.37 [ 66%] Building C object examples/xApp/c/monitor/RRC_MESSAGES/CMakeFiles/asn1_nr_rrc.dir/NR_PUSCH-PathlossReferenceRS-Id.c.o
#9 59.39 [ 66%] Building C object examples/xApp/c/monitor/RRC_MESSAGES/CMakeFiles/asn1_nr_rrc.dir/NR_PUSCH-PathlossReferenceRS-Id-r17.c.o
#9 59.41 [ 66%] Building C object examples/xApp/c/monitor/RRC_MESSAGES/CMakeFiles/asn1_nr_rrc.dir/NR_PUSCH-PathlossReferenceRS-Id-v1610.c.o
#9 59.43 [ 66%] Building C object examples/xApp/c/monitor/RRC_MESSAGES/CMakeFiles/asn1_nr_rrc.dir/NR_PUSCH-PathlossReferenceRS-r16.c.o
#9 59.45 [ 66%] Building C object examples/xApp/c/monitor/RRC_MESSAGES/CMakeFiles/asn1_nr_rrc.dir/NR_PUSCH-PowerControl.c.o
#9 59.47 [ 66%] Building C object examples/xApp/c/monitor/RRC_MESSAGES/CMakeFiles/asn1_nr_rrc.dir/NR_PUSCH-PowerControl-v1610.c.o
#9 59.50 [ 66%] Building C object examples/xApp/c/monitor/RRC_MESSAGES/CMakeFiles/asn1_nr_rrc.dir/NR_PUSCH-ServingCellConfig.c.o
#9 59.53 [ 66%] Building C object examples/xApp/c/monitor/RRC_MESSAGES/CMakeFiles/asn1_nr_rrc.dir/NR_PUSCH-TimeDomainResourceAllocation.c.o
#9 59.57 [ 66%] Building C object examples/xApp/c/monitor/RRC_MESSAGES/CMakeFiles/asn1_nr_rrc.dir/NR_PUSCH-TimeDomainResourceAllocationList.c.o
#9 59.61 [ 66%] Building C object examples/xApp/c/monitor/RRC_MESSAGES/CMakeFiles/asn1_nr_rrc.dir/NR_PUSCH-TimeDomainResourceAllocationList-r16.c.o
#9 59.61 [ 66%] Building C object examples/xApp/c/monitor/RRC_MESSAGES/CMakeFiles/asn1_nr_rrc.dir/NR_PUSCH-TimeDomainResourceAllocation-r16.c.o
#9 59.65 [ 66%] Building C object examples/xApp/c/monitor/RRC_MESSAGES/CMakeFiles/asn1_nr_rrc.dir/NR_PUSCH-TPC-CommandConfig.c.o
#9 59.65 [ 66%] Building C object examples/xApp/c/monitor/RRC_MESSAGES/CMakeFiles/asn1_nr_rrc.dir/NR_QCL-Info.c.o
#9 59.68 [ 66%] Building C object examples/xApp/c/monitor/RRC_MESSAGES/CMakeFiles/asn1_nr_rrc.dir/NR_QFI.c.o
#9 59.70 [ 66%] Building C object examples/xApp/c/monitor/RRC_MESSAGES/CMakeFiles/asn1_nr_rrc.dir/NR_Q-OffsetRange.c.o
#9 59.73 [ 66%] Building C object examples/xApp/c/monitor/RRC_MESSAGES/CMakeFiles/asn1_nr_rrc.dir/NR_Q-OffsetRangeList.c.o
#9 59.74 [ 66%] Building C object examples/xApp/c/monitor/RRC_MESSAGES/CMakeFiles/asn1_nr_rrc.dir/NR_Q-QualMin.c.o
#9 59.76 [ 66%] Building C object examples/xApp/c/monitor/RRC_MESSAGES/CMakeFiles/asn1_nr_rrc.dir/NR_Q-RxLevMin.c.o
#9 59.78 [ 66%] Building C object examples/xApp/c/monitor/RRC_MESSAGES/CMakeFiles/asn1_nr_rrc.dir/NR_QuantityConfig.c.o
#9 59.80 [ 66%] Building C object examples/xApp/c/monitor/RRC_MESSAGES/CMakeFiles/asn1_nr_rrc.dir/NR_QuantityConfigNR.c.o
#9 59.83 [ 66%] Building C object examples/xApp/c/monitor/RRC_MESSAGES/CMakeFiles/asn1_nr_rrc.dir/NR_QuantityConfigRS.c.o
#9 59.84 [ 66%] Building C object examples/xApp/c/monitor/RRC_MESSAGES/CMakeFiles/asn1_nr_rrc.dir/NR_QuantityConfigUTRA-FDD-r16.c.o
#9 59.87 [ 66%] Building C object examples/xApp/c/monitor/RRC_MESSAGES/CMakeFiles/asn1_nr_rrc.dir/NR_RACH-ConfigCommon.c.o
#9 59.88 [ 66%] Building C object examples/xApp/c/monitor/RRC_MESSAGES/CMakeFiles/asn1_nr_rrc.dir/NR_RACH-ConfigCommonTwoStepRA-r16.c.o
#9 59.92 [ 66%] Building C object examples/xApp/c/monitor/RRC_MESSAGES/CMakeFiles/asn1_nr_rrc.dir/NR_RACH-ConfigDedicated.c.o
#9 59.95 [ 66%] Building C object examples/xApp/c/monitor/RRC_MESSAGES/CMakeFiles/asn1_nr_rrc.dir/NR_RACH-ConfigGeneric.c.o
#9 59.95 [ 67%] Building C object examples/xApp/c/monitor/RRC_MESSAGES/CMakeFiles/asn1_nr_rrc.dir/NR_RACH-ConfigGenericTwoStepRA-r16.c.o
#9 59.99 [ 67%] Building C object examples/xApp/c/monitor/RRC_MESSAGES/CMakeFiles/asn1_nr_rrc.dir/NR_RadioBearerConfig.c.o
#9 60.00 [ 67%] Building C object examples/xApp/c/monitor/RRC_MESSAGES/CMakeFiles/asn1_nr_rrc.dir/NR_RadioLinkMonitoringConfig.c.o
#9 60.03 [ 67%] Building C object examples/xApp/c/monitor/RRC_MESSAGES/CMakeFiles/asn1_nr_rrc.dir/NR_RadioLinkMonitoringRS.c.o
#9 60.07 [ 67%] Building C object examples/xApp/c/monitor/RRC_MESSAGES/CMakeFiles/asn1_nr_rrc.dir/NR_RadioLinkMonitoringRS-Id.c.o
#9 60.11 [ 67%] Building C object examples/xApp/c/monitor/RRC_MESSAGES/CMakeFiles/asn1_nr_rrc.dir/NR_RA-InformationCommon-r16.c.o
#9 60.13 [ 67%] Building C object examples/xApp/c/monitor/RRC_MESSAGES/CMakeFiles/asn1_nr_rrc.dir/NR_RAN-AreaCode.c.o
#9 60.17 [ 67%] Building C object examples/xApp/c/monitor/RRC_MESSAGES/CMakeFiles/asn1_nr_rrc.dir/NR_RangeToBestCell.c.o
#9 60.17 [ 67%] Building C object examples/xApp/c/monitor/RRC_MESSAGES/CMakeFiles/asn1_nr_rrc.dir/NR_RAN-AreaConfig.c.o
#9 60.21 [ 67%] Building C object examples/xApp/c/monitor/RRC_MESSAGES/CMakeFiles/asn1_nr_rrc.dir/NR_RAN-NotificationAreaInfo.c.o
#9 60.21 [ 67%] Building C object examples/xApp/c/monitor/RRC_MESSAGES/CMakeFiles/asn1_nr_rrc.dir/NR_RAN-VisibleMeasurements-r17.c.o
#9 60.25 [ 67%] Building C object examples/xApp/c/monitor/RRC_MESSAGES/CMakeFiles/asn1_nr_rrc.dir/NR_RAN-VisibleParameters-r17.c.o
#9 60.26 [ 67%] Building C object examples/xApp/c/monitor/RRC_MESSAGES/CMakeFiles/asn1_nr_rrc.dir/NR_RA-Prioritization.c.o
#9 60.29 [ 67%] Building C object examples/xApp/c/monitor/RRC_MESSAGES/CMakeFiles/asn1_nr_rrc.dir/NR_RA-PrioritizationForSlicing-r17.c.o
#9 60.30 [ 67%] Building C object examples/xApp/c/monitor/RRC_MESSAGES/CMakeFiles/asn1_nr_rrc.dir/NR_RA-PrioritizationSliceInfoList-r17.c.o
#9 60.33 [ 67%] Building C object examples/xApp/c/monitor/RRC_MESSAGES/CMakeFiles/asn1_nr_rrc.dir/NR_RA-PrioritizationSliceInfo-r17.c.o
#9 60.34 [ 67%] Building C object examples/xApp/c/monitor/RRC_MESSAGES/CMakeFiles/asn1_nr_rrc.dir/NR_RA-ReportList-r16.c.o
#9 60.37 [ 67%] Building C object examples/xApp/c/monitor/RRC_MESSAGES/CMakeFiles/asn1_nr_rrc.dir/NR_RA-Report-r16.c.o
#9 60.37 [ 67%] Building C object examples/xApp/c/monitor/RRC_MESSAGES/CMakeFiles/asn1_nr_rrc.dir/NR_RateMatchPattern.c.o
#9 60.41 [ 67%] Building C object examples/xApp/c/monitor/RRC_MESSAGES/CMakeFiles/asn1_nr_rrc.dir/NR_RateMatchPatternGroup.c.o
#9 60.43 [ 67%] Building C object examples/xApp/c/monitor/RRC_MESSAGES/CMakeFiles/asn1_nr_rrc.dir/NR_RateMatchPatternId.c.o
#9 60.45 [ 67%] Building C object examples/xApp/c/monitor/RRC_MESSAGES/CMakeFiles/asn1_nr_rrc.dir/NR_RateMatchPatternLTE-CRS.c.o
#9 60.46 [ 67%] Building C object examples/xApp/c/monitor/RRC_MESSAGES/CMakeFiles/asn1_nr_rrc.dir/NR_RAT-Type.c.o
#9 60.49 [ 67%] Building C object examples/xApp/c/monitor/RRC_MESSAGES/CMakeFiles/asn1_nr_rrc.dir/NR_RB-SetGroup-r17.c.o
#9 60.51 [ 67%] Building C object examples/xApp/c/monitor/RRC_MESSAGES/CMakeFiles/asn1_nr_rrc.dir/NR_ReconfigurationWithSync.c.o
#9 60.53 [ 67%] Building C object examples/xApp/c/monitor/RRC_MESSAGES/CMakeFiles/asn1_nr_rrc.dir/NR_RedCap-ConfigCommonSIB-r17.c.o
#9 60.57 [ 67%] Building C object examples/xApp/c/monitor/RRC_MESSAGES/CMakeFiles/asn1_nr_rrc.dir/NR_RedCapParameters-r17.c.o
#9 60.60 [ 67%] Building C object examples/xApp/c/monitor/RRC_MESSAGES/CMakeFiles/asn1_nr_rrc.dir/NR_RedirectedCarrierInfo.c.o
#9 60.64 [ 67%] Building C object examples/xApp/c/monitor/RRC_MESSAGES/CMakeFiles/asn1_nr_rrc.dir/NR_RedirectedCarrierInfo-EUTRA.c.o
#9 60.65 [ 67%] Building C object examples/xApp/c/monitor/RRC_MESSAGES/CMakeFiles/asn1_nr_rrc.dir/NR_ReducedAggregatedBandwidth.c.o
#9 60.69 [ 67%] Building C object examples/xApp/c/monitor/RRC_MESSAGES/CMakeFiles/asn1_nr_rrc.dir/NR_ReducedAggregatedBandwidth-r17.c.o
#9 60.69 [ 67%] Building C object examples/xApp/c/monitor/RRC_MESSAGES/CMakeFiles/asn1_nr_rrc.dir/NR_ReducedMaxBW-FRx-r16.c.o
#9 60.73 [ 67%] Building C object examples/xApp/c/monitor/RRC_MESSAGES/CMakeFiles/asn1_nr_rrc.dir/NR_ReducedMaxCCs-r16.c.o
#9 60.73 [ 67%] Building C object examples/xApp/c/monitor/RRC_MESSAGES/CMakeFiles/asn1_nr_rrc.dir/NR_ReestablishmentCause.c.o
#9 60.77 [ 67%] Building C object examples/xApp/c/monitor/RRC_MESSAGES/CMakeFiles/asn1_nr_rrc.dir/NR_ReestabNCellInfo.c.o
#9 60.77 [ 67%] Building C object examples/xApp/c/monitor/RRC_MESSAGES/CMakeFiles/asn1_nr_rrc.dir/NR_ReestablishmentInfo.c.o
#9 60.81 [ 67%] Building C object examples/xApp/c/monitor/RRC_MESSAGES/CMakeFiles/asn1_nr_rrc.dir/NR_ReestabNCellInfoList.c.o
#9 60.81 [ 67%] Building C object examples/xApp/c/monitor/RRC_MESSAGES/CMakeFiles/asn1_nr_rrc.dir/NR_ReestabUE-Identity.c.o
#9 60.84 [ 69%] Building C object examples/xApp/c/monitor/RRC_MESSAGES/CMakeFiles/asn1_nr_rrc.dir/NR_ReferenceLocation-r17.c.o
#9 60.85 [ 69%] Building C object examples/xApp/c/monitor/RRC_MESSAGES/CMakeFiles/asn1_nr_rrc.dir/NR_ReferenceSignalConfig.c.o
#9 60.88 [ 69%] Building C object examples/xApp/c/monitor/RRC_MESSAGES/CMakeFiles/asn1_nr_rrc.dir/NR_ReferenceTimeInfo-r16.c.o
#9 60.92 [ 69%] Building C object examples/xApp/c/monitor/RRC_MESSAGES/CMakeFiles/asn1_nr_rrc.dir/NR_ReferenceTime-r16.c.o
#9 60.96 [ 69%] Building C object examples/xApp/c/monitor/RRC_MESSAGES/CMakeFiles/asn1_nr_rrc.dir/NR_RegisteredAMF.c.o
#9 60.97 [ 69%] Building C object examples/xApp/c/monitor/RRC_MESSAGES/CMakeFiles/asn1_nr_rrc.dir/NR_RejectWaitTime.c.o
#9 61.01 [ 69%] Building C object examples/xApp/c/monitor/RRC_MESSAGES/CMakeFiles/asn1_nr_rrc.dir/NR_RelayParameters-r17.c.o
#9 61.02 [ 69%] Building C object examples/xApp/c/monitor/RRC_MESSAGES/CMakeFiles/asn1_nr_rrc.dir/NR_RelaysTriggeredList-r17.c.o
#9 61.05 [ 69%] Building C object examples/xApp/c/monitor/RRC_MESSAGES/CMakeFiles/asn1_nr_rrc.dir/NR_ReleasePreferenceConfig-r16.c.o
#9 61.06 [ 69%] Building C object examples/xApp/c/monitor/RRC_MESSAGES/CMakeFiles/asn1_nr_rrc.dir/NR_ReleasePreference-r16.c.o
#9 61.09 [ 69%] Building C object examples/xApp/c/monitor/RRC_MESSAGES/CMakeFiles/asn1_nr_rrc.dir/NR_RemoteUEInformationSidelink-r17.c.o
#9 61.10 [ 69%] Building C object examples/xApp/c/monitor/RRC_MESSAGES/CMakeFiles/asn1_nr_rrc.dir/NR_RemoteUEInformationSidelink-r17-IEs.c.o
#9 61.22 [ 69%] Building C object examples/xApp/c/monitor/RRC_MESSAGES/CMakeFiles/asn1_nr_rrc.dir/NR_RepetitionSchemeConfig-r16.c.o
#9 61.30 [ 69%] Building C object examples/xApp/c/monitor/RRC_MESSAGES/CMakeFiles/asn1_nr_rrc.dir/NR_RepetitionSchemeConfig-v1630.c.o
#9 61.39 [ 69%] Building C object examples/xApp/c/monitor/RRC_MESSAGES/CMakeFiles/asn1_nr_rrc.dir/NR_RepFactorAndTimeGap-r17.c.o
#9 61.41 [ 69%] Building C object examples/xApp/c/monitor/RRC_MESSAGES/CMakeFiles/asn1_nr_rrc.dir/NR_ReportCGI.c.o
#9 61.43 [ 69%] Building C object examples/xApp/c/monitor/RRC_MESSAGES/CMakeFiles/asn1_nr_rrc.dir/NR_ReportCGI-EUTRA.c.o
#9 61.46 [ 69%] Building C object examples/xApp/c/monitor/RRC_MESSAGES/CMakeFiles/asn1_nr_rrc.dir/NR_ReportConfigId.c.o
#9 61.48 [ 69%] Building C object examples/xApp/c/monitor/RRC_MESSAGES/CMakeFiles/asn1_nr_rrc.dir/NR_ReportConfigInterRAT.c.o
#9 61.50 [ 69%] Building C object examples/xApp/c/monitor/RRC_MESSAGES/CMakeFiles/asn1_nr_rrc.dir/NR_ReportConfigNR.c.o
#9 61.65 [ 69%] Building C object examples/xApp/c/monitor/RRC_MESSAGES/CMakeFiles/asn1_nr_rrc.dir/NR_ReportConfigNR-SL-r16.c.o
#9 61.68 [ 69%] Building C object examples/xApp/c/monitor/RRC_MESSAGES/CMakeFiles/asn1_nr_rrc.dir/NR_ReportConfigToAddMod.c.o
#9 61.69 [ 69%] Building C object examples/xApp/c/monitor/RRC_MESSAGES/CMakeFiles/asn1_nr_rrc.dir/NR_ReportConfigToAddModList.c.o
#9 61.79 [ 69%] Building C object examples/xApp/c/monitor/RRC_MESSAGES/CMakeFiles/asn1_nr_rrc.dir/NR_ReportConfigToRemoveList.c.o
#9 61.82 [ 69%] Building C object examples/xApp/c/monitor/RRC_MESSAGES/CMakeFiles/asn1_nr_rrc.dir/NR_ReportInterval.c.o
#9 61.83 [ 69%] Building C object examples/xApp/c/monitor/RRC_MESSAGES/CMakeFiles/asn1_nr_rrc.dir/NR_ReportSFTD-EUTRA.c.o
#9 61.86 [ 69%] Building C object examples/xApp/c/monitor/RRC_MESSAGES/CMakeFiles/asn1_nr_rrc.dir/NR_ReportSFTD-NR.c.o
#9 61.87 [ 69%] Building C object examples/xApp/c/monitor/RRC_MESSAGES/CMakeFiles/asn1_nr_rrc.dir/NR_ReportUplinkTxDirectCurrentMoreCarrier-r17.c.o
#9 61.90 [ 69%] Building C object examples/xApp/c/monitor/RRC_MESSAGES/CMakeFiles/asn1_nr_rrc.dir/NR_ReselectionThreshold.c.o
#9 61.91 [ 69%] Building C object examples/xApp/c/monitor/RRC_MESSAGES/CMakeFiles/asn1_nr_rrc.dir/NR_ReselectionThresholdQ.c.o
#9 61.95 [ 69%] Building C object examples/xApp/c/monitor/RRC_MESSAGES/CMakeFiles/asn1_nr_rrc.dir/NR_ResultsPerCSI-RS-Index.c.o
#9 61.96 [ 69%] Building C object examples/xApp/c/monitor/RRC_MESSAGES/CMakeFiles/asn1_nr_rrc.dir/NR_ResultsPerCSI-RS-IndexList.c.o
#9 61.99 [ 69%] Building C object examples/xApp/c/monitor/RRC_MESSAGES/CMakeFiles/asn1_nr_rrc.dir/NR_ResultsPerSSB-Index.c.o
#9 62.00 [ 69%] Building C object examples/xApp/c/monitor/RRC_MESSAGES/CMakeFiles/asn1_nr_rrc.dir/NR_ResultsPerSSB-IndexIdle-r16.c.o
#9 62.03 [ 69%] Building C object examples/xApp/c/monitor/RRC_MESSAGES/CMakeFiles/asn1_nr_rrc.dir/NR_ResultsPerSSB-IndexList.c.o
#9 62.04 [ 69%] Building C object examples/xApp/c/monitor/RRC_MESSAGES/CMakeFiles/asn1_nr_rrc.dir/NR_ResultsPerSSB-IndexList-r16.c.o
#9 62.07 [ 69%] Building C object examples/xApp/c/monitor/RRC_MESSAGES/CMakeFiles/asn1_nr_rrc.dir/NR_ResumeCause.c.o
#9 62.08 [ 69%] Building C object examples/xApp/c/monitor/RRC_MESSAGES/CMakeFiles/asn1_nr_rrc.dir/NR_RF-Parameters.c.o
#9 62.11 [ 69%] Building C object examples/xApp/c/monitor/RRC_MESSAGES/CMakeFiles/asn1_nr_rrc.dir/NR_RF-ParametersMRDC.c.o
#9 62.15 [ 70%] Building C object examples/xApp/c/monitor/RRC_MESSAGES/CMakeFiles/asn1_nr_rrc.dir/NR_RF-ParametersMRDC-v15g0.c.o
#9 62.17 [ 70%] Building C object examples/xApp/c/monitor/RRC_MESSAGES/CMakeFiles/asn1_nr_rrc.dir/NR_RF-Parameters-v15g0.c.o
#9 62.20 [ 70%] Building C object examples/xApp/c/monitor/RRC_MESSAGES/CMakeFiles/asn1_nr_rrc.dir/NR_RF-Parameters-v16a0.c.o
#9 62.22 [ 70%] Building C object examples/xApp/c/monitor/RRC_MESSAGES/CMakeFiles/asn1_nr_rrc.dir/NR_RLC-BearerConfig.c.o
#9 62.24 [ 70%] Building C object examples/xApp/c/monitor/RRC_MESSAGES/CMakeFiles/asn1_nr_rrc.dir/NR_RLC-Config.c.o
#9 62.26 [ 70%] Building C object examples/xApp/c/monitor/RRC_MESSAGES/CMakeFiles/asn1_nr_rrc.dir/NR_RLC-Config-v1610.c.o
#9 62.29 [ 70%] Building C object examples/xApp/c/monitor/RRC_MESSAGES/CMakeFiles/asn1_nr_rrc.dir/NR_RLC-Config-v1700.c.o
#9 62.30 [ 70%] Building C object examples/xApp/c/monitor/RRC_MESSAGES/CMakeFiles/asn1_nr_rrc.dir/NR_RLC-Parameters.c.o
#9 62.34 [ 70%] Building C object examples/xApp/c/monitor/RRC_MESSAGES/CMakeFiles/asn1_nr_rrc.dir/NR_RLC-ParametersSidelink-r16.c.o
#9 62.34 [ 70%] Building C object examples/xApp/c/monitor/RRC_MESSAGES/CMakeFiles/asn1_nr_rrc.dir/NR_RLF-Report-r16.c.o
#9 62.38 [ 70%] Building C object examples/xApp/c/monitor/RRC_MESSAGES/CMakeFiles/asn1_nr_rrc.dir/NR_RLF-TimersAndConstants.c.o
#9 62.40 [ 70%] Building C object examples/xApp/c/monitor/RRC_MESSAGES/CMakeFiles/asn1_nr_rrc.dir/NR_RLM-RelaxationReportingConfig-r17.c.o
#9 62.42 [ 70%] Building C object examples/xApp/c/monitor/RRC_MESSAGES/CMakeFiles/asn1_nr_rrc.dir/NR_RMTC-Config-r16.c.o
#9 62.44 [ 70%] Building C object examples/xApp/c/monitor/RRC_MESSAGES/CMakeFiles/asn1_nr_rrc.dir/NR_RNTI-Value.c.o
#9 62.46 [ 70%] Building C object examples/xApp/c/monitor/RRC_MESSAGES/CMakeFiles/asn1_nr_rrc.dir/NR_RRC-PosSystemInfoRequest-r16-IEs.c.o
#9 62.49 [ 70%] Building C object examples/xApp/c/monitor/RRC_MESSAGES/CMakeFiles/asn1_nr_rrc.dir/NR_RRCReconfiguration.c.o
#9 62.50 [ 70%] Building C object examples/xApp/c/monitor/RRC_MESSAGES/CMakeFiles/asn1_nr_rrc.dir/NR_RRCReconfigurationComplete.c.o
#9 62.55 [ 70%] Building C object examples/xApp/c/monitor/RRC_MESSAGES/CMakeFiles/asn1_nr_rrc.dir/NR_RRCReconfigurationComplete-IEs.c.o
#9 62.59 [ 70%] Building C object examples/xApp/c/monitor/RRC_MESSAGES/CMakeFiles/asn1_nr_rrc.dir/NR_RRCReconfigurationCompleteSidelink.c.o
#9 62.62 [ 70%] Building C object examples/xApp/c/monitor/RRC_MESSAGES/CMakeFiles/asn1_nr_rrc.dir/NR_RRCReconfigurationCompleteSidelink-r16-IEs.c.o
#9 62.66 [ 70%] Building C object examples/xApp/c/monitor/RRC_MESSAGES/CMakeFiles/asn1_nr_rrc.dir/NR_RRCReconfigurationCompleteSidelink-v1710-IEs.c.o
#9 62.66 [ 70%] Building C object examples/xApp/c/monitor/RRC_MESSAGES/CMakeFiles/asn1_nr_rrc.dir/NR_RRCReconfigurationCompleteSidelink-v1720-IEs.c.o
#9 62.70 [ 70%] Building C object examples/xApp/c/monitor/RRC_MESSAGES/CMakeFiles/asn1_nr_rrc.dir/NR_RRCReconfigurationComplete-v1530-IEs.c.o
#9 62.70 [ 70%] Building C object examples/xApp/c/monitor/RRC_MESSAGES/CMakeFiles/asn1_nr_rrc.dir/NR_RRCReconfigurationComplete-v1560-IEs.c.o
#9 62.74 [ 70%] Building C object examples/xApp/c/monitor/RRC_MESSAGES/CMakeFiles/asn1_nr_rrc.dir/NR_RRCReconfigurationComplete-v1610-IEs.c.o
#9 62.74 [ 70%] Building C object examples/xApp/c/monitor/RRC_MESSAGES/CMakeFiles/asn1_nr_rrc.dir/NR_RRCReconfigurationComplete-v1640-IEs.c.o
#9 62.78 [ 70%] Building C object examples/xApp/c/monitor/RRC_MESSAGES/CMakeFiles/asn1_nr_rrc.dir/NR_RRCReconfigurationComplete-v1720-IEs.c.o
#9 62.78 [ 70%] Building C object examples/xApp/c/monitor/RRC_MESSAGES/CMakeFiles/asn1_nr_rrc.dir/NR_RRCReconfigurationComplete-v1700-IEs.c.o
#9 62.83 [ 70%] Building C object examples/xApp/c/monitor/RRC_MESSAGES/CMakeFiles/asn1_nr_rrc.dir/NR_RRCReconfigurationFailureSidelink-r16-IEs.c.o
#9 62.83 [ 70%] Building C object examples/xApp/c/monitor/RRC_MESSAGES/CMakeFiles/asn1_nr_rrc.dir/NR_RRCReconfigurationFailureSidelink.c.o
#9 62.87 [ 70%] Building C object examples/xApp/c/monitor/RRC_MESSAGES/CMakeFiles/asn1_nr_rrc.dir/NR_RRCReconfigurationSidelink.c.o
#9 62.87 [ 70%] Building C object examples/xApp/c/monitor/RRC_MESSAGES/CMakeFiles/asn1_nr_rrc.dir/NR_RRCReconfiguration-IEs.c.o
#9 63.00 [ 70%] Building C object examples/xApp/c/monitor/RRC_MESSAGES/CMakeFiles/asn1_nr_rrc.dir/NR_RRCReconfigurationSidelink-r16-IEs.c.o
#9 63.12 [ 70%] Building C object examples/xApp/c/monitor/RRC_MESSAGES/CMakeFiles/asn1_nr_rrc.dir/NR_RRCReconfigurationSidelink-v1700-IEs.c.o
#9 63.14 [ 70%] Building C object examples/xApp/c/monitor/RRC_MESSAGES/CMakeFiles/asn1_nr_rrc.dir/NR_RRCReconfiguration-v1530-IEs.c.o
#9 63.26 [ 70%] Building C object examples/xApp/c/monitor/RRC_MESSAGES/CMakeFiles/asn1_nr_rrc.dir/NR_RRCReconfiguration-v1540-IEs.c.o
#9 63.32 [ 70%] Building C object examples/xApp/c/monitor/RRC_MESSAGES/CMakeFiles/asn1_nr_rrc.dir/NR_RRCReconfiguration-v1560-IEs.c.o
#9 63.43 [ 70%] Building C object examples/xApp/c/monitor/RRC_MESSAGES/CMakeFiles/asn1_nr_rrc.dir/NR_RRCReconfiguration-v1610-IEs.c.o
#9 63.45 [ 70%] Building C object examples/xApp/c/monitor/RRC_MESSAGES/CMakeFiles/asn1_nr_rrc.dir/NR_RRCReconfiguration-v1700-IEs.c.o
#9 63.55 [ 71%] Building C object examples/xApp/c/monitor/RRC_MESSAGES/CMakeFiles/asn1_nr_rrc.dir/NR_RRCReestablishment.c.o
#9 63.56 [ 71%] Building C object examples/xApp/c/monitor/RRC_MESSAGES/CMakeFiles/asn1_nr_rrc.dir/NR_RRCReestablishmentComplete.c.o
#9 63.61 [ 71%] Building C object examples/xApp/c/monitor/RRC_MESSAGES/CMakeFiles/asn1_nr_rrc.dir/NR_RRCReestablishmentComplete-IEs.c.o
#9 63.65 [ 71%] Building C object examples/xApp/c/monitor/RRC_MESSAGES/CMakeFiles/asn1_nr_rrc.dir/NR_RRCReestablishmentComplete-v1610-IEs.c.o
#9 63.66 [ 71%] Building C object examples/xApp/c/monitor/RRC_MESSAGES/CMakeFiles/asn1_nr_rrc.dir/NR_RRCReestablishment-IEs.c.o
#9 63.69 [ 71%] Building C object examples/xApp/c/monitor/RRC_MESSAGES/CMakeFiles/asn1_nr_rrc.dir/NR_RRCReestablishmentRequest.c.o
#9 63.74 [ 71%] Building C object examples/xApp/c/monitor/RRC_MESSAGES/CMakeFiles/asn1_nr_rrc.dir/NR_RRCReestablishmentRequest-IEs.c.o
#9 63.77 [ 71%] Building C object examples/xApp/c/monitor/RRC_MESSAGES/CMakeFiles/asn1_nr_rrc.dir/NR_RRCReestablishment-v1700-IEs.c.o
#9 63.77 [ 71%] Building C object examples/xApp/c/monitor/RRC_MESSAGES/CMakeFiles/asn1_nr_rrc.dir/NR_RRCReject.c.o
#9 63.82 [ 71%] Building C object examples/xApp/c/monitor/RRC_MESSAGES/CMakeFiles/asn1_nr_rrc.dir/NR_RRCReject-IEs.c.o
#9 63.86 [ 71%] Building C object examples/xApp/c/monitor/RRC_MESSAGES/CMakeFiles/asn1_nr_rrc.dir/NR_RRCRelease.c.o
#9 63.89 [ 71%] Building C object examples/xApp/c/monitor/RRC_MESSAGES/CMakeFiles/asn1_nr_rrc.dir/NR_RRCRelease-IEs.c.o
#9 64.02 [ 71%] Building C object examples/xApp/c/monitor/RRC_MESSAGES/CMakeFiles/asn1_nr_rrc.dir/NR_RRCRelease-v1540-IEs.c.o
#9 64.07 [ 71%] Building C object examples/xApp/c/monitor/RRC_MESSAGES/CMakeFiles/asn1_nr_rrc.dir/NR_RRCRelease-v1610-IEs.c.o
#9 64.12 [ 71%] Building C object examples/xApp/c/monitor/RRC_MESSAGES/CMakeFiles/asn1_nr_rrc.dir/NR_RRCRelease-v1650-IEs.c.o
#9 64.15 [ 71%] Building C object examples/xApp/c/monitor/RRC_MESSAGES/CMakeFiles/asn1_nr_rrc.dir/NR_RRCRelease-v1710-IEs.c.o
#9 64.20 [ 71%] Building C object examples/xApp/c/monitor/RRC_MESSAGES/CMakeFiles/asn1_nr_rrc.dir/NR_RRCResume.c.o
#9 64.26 [ 71%] Building C object examples/xApp/c/monitor/RRC_MESSAGES/CMakeFiles/asn1_nr_rrc.dir/NR_RRCResumeComplete.c.o
#9 64.29 [ 71%] Building C object examples/xApp/c/monitor/RRC_MESSAGES/CMakeFiles/asn1_nr_rrc.dir/NR_RRCResumeComplete-IEs.c.o
#9 64.34 [ 71%] Building C object examples/xApp/c/monitor/RRC_MESSAGES/CMakeFiles/asn1_nr_rrc.dir/NR_RRCResumeComplete-v1610-IEs.c.o
#9 64.39 [ 71%] Building C object examples/xApp/c/monitor/RRC_MESSAGES/CMakeFiles/asn1_nr_rrc.dir/NR_RRCResumeComplete-v1640-IEs.c.o
#9 64.42 [ 71%] Building C object examples/xApp/c/monitor/RRC_MESSAGES/CMakeFiles/asn1_nr_rrc.dir/NR_RRCResumeComplete-v1700-IEs.c.o
#9 64.43 [ 71%] Building C object examples/xApp/c/monitor/RRC_MESSAGES/CMakeFiles/asn1_nr_rrc.dir/NR_RRCResumeComplete-v1720-IEs.c.o
#9 64.46 [ 71%] Building C object examples/xApp/c/monitor/RRC_MESSAGES/CMakeFiles/asn1_nr_rrc.dir/NR_RRCResume-IEs.c.o
#9 64.46 [ 71%] Building C object examples/xApp/c/monitor/RRC_MESSAGES/CMakeFiles/asn1_nr_rrc.dir/NR_RRCResumeRequest1.c.o
#9 64.49 [ 71%] Building C object examples/xApp/c/monitor/RRC_MESSAGES/CMakeFiles/asn1_nr_rrc.dir/NR_RRCResumeRequest1-IEs.c.o
#9 64.53 [ 71%] Building C object examples/xApp/c/monitor/RRC_MESSAGES/CMakeFiles/asn1_nr_rrc.dir/NR_RRCResumeRequest.c.o
#9 64.56 [ 71%] Building C object examples/xApp/c/monitor/RRC_MESSAGES/CMakeFiles/asn1_nr_rrc.dir/NR_RRCResumeRequest-IEs.c.o
#9 64.59 [ 71%] Building C object examples/xApp/c/monitor/RRC_MESSAGES/CMakeFiles/asn1_nr_rrc.dir/NR_RRCResume-v1560-IEs.c.o
#9 64.68 [ 71%] Building C object examples/xApp/c/monitor/RRC_MESSAGES/CMakeFiles/asn1_nr_rrc.dir/NR_RRCResume-v1610-IEs.c.o
#9 64.71 [ 71%] Building C object examples/xApp/c/monitor/RRC_MESSAGES/CMakeFiles/asn1_nr_rrc.dir/NR_RRCResume-v1700-IEs.c.o
#9 64.79 [ 71%] Building C object examples/xApp/c/monitor/RRC_MESSAGES/CMakeFiles/asn1_nr_rrc.dir/NR_RRCSetup.c.o
#9 64.82 [ 71%] Building C object examples/xApp/c/monitor/RRC_MESSAGES/CMakeFiles/asn1_nr_rrc.dir/NR_RRCSetupComplete.c.o
#9 64.86 [ 71%] Building C object examples/xApp/c/monitor/RRC_MESSAGES/CMakeFiles/asn1_nr_rrc.dir/NR_RRCSetupComplete-IEs.c.o
#9 64.91 [ 71%] Building C object examples/xApp/c/monitor/RRC_MESSAGES/CMakeFiles/asn1_nr_rrc.dir/NR_RRCSetupComplete-v1610-IEs.c.o
#9 64.95 [ 71%] Building C object examples/xApp/c/monitor/RRC_MESSAGES/CMakeFiles/asn1_nr_rrc.dir/NR_RRCSetupComplete-v1690-IEs.c.o
#9 64.99 [ 71%] Building C object examples/xApp/c/monitor/RRC_MESSAGES/CMakeFiles/asn1_nr_rrc.dir/NR_RRCSetupComplete-v1700-IEs.c.o
#9 64.99 [ 71%] Building C object examples/xApp/c/monitor/RRC_MESSAGES/CMakeFiles/asn1_nr_rrc.dir/NR_RRCSetup-IEs.c.o
#9 65.03 [ 73%] Building C object examples/xApp/c/monitor/RRC_MESSAGES/CMakeFiles/asn1_nr_rrc.dir/NR_RRCSetupRequest.c.o
#9 65.07 [ 73%] Building C object examples/xApp/c/monitor/RRC_MESSAGES/CMakeFiles/asn1_nr_rrc.dir/NR_RRCSetupRequest-IEs.c.o
#9 65.11 [ 73%] Building C object examples/xApp/c/monitor/RRC_MESSAGES/CMakeFiles/asn1_nr_rrc.dir/NR_RRCSetup-v1700-IEs.c.o
#9 65.13 [ 73%] Building C object examples/xApp/c/monitor/RRC_MESSAGES/CMakeFiles/asn1_nr_rrc.dir/NR_RRCSystemInfoRequest.c.o
#9 65.16 [ 73%] Building C object examples/xApp/c/monitor/RRC_MESSAGES/CMakeFiles/asn1_nr_rrc.dir/NR_RRCSystemInfoRequest-IEs.c.o
#9 65.19 [ 73%] Building C object examples/xApp/c/monitor/RRC_MESSAGES/CMakeFiles/asn1_nr_rrc.dir/NR_RRC-TransactionIdentifier.c.o
#9 65.24 [ 73%] Building C object examples/xApp/c/monitor/RRC_MESSAGES/CMakeFiles/asn1_nr_rrc.dir/NR_RRM-Config.c.o
#9 65.29 [ 73%] Building C object examples/xApp/c/monitor/RRC_MESSAGES/CMakeFiles/asn1_nr_rrc.dir/NR_RRM-MeasRelaxationReportingConfig-r17.c.o
#9 65.32 [ 73%] Building C object examples/xApp/c/monitor/RRC_MESSAGES/CMakeFiles/asn1_nr_rrc.dir/NR_RSRP-ChangeThreshold-r17.c.o
#9 65.33 [ 73%] Building C object examples/xApp/c/monitor/RRC_MESSAGES/CMakeFiles/asn1_nr_rrc.dir/NR_RSRP-Range.c.o
#9 65.37 [ 73%] Building C object examples/xApp/c/monitor/RRC_MESSAGES/CMakeFiles/asn1_nr_rrc.dir/NR_RSRP-RangeEUTRA.c.o
#9 65.37 [ 73%] Building C object examples/xApp/c/monitor/RRC_MESSAGES/CMakeFiles/asn1_nr_rrc.dir/NR_RSRQ-Range.c.o
#9 65.41 [ 73%] Building C object examples/xApp/c/monitor/RRC_MESSAGES/CMakeFiles/asn1_nr_rrc.dir/NR_RSRQ-RangeEUTRA.c.o
#9 65.42 [ 73%] Building C object examples/xApp/c/monitor/RRC_MESSAGES/CMakeFiles/asn1_nr_rrc.dir/NR_RSRQ-RangeEUTRA-r16.c.o
#9 65.45 [ 73%] Building C object examples/xApp/c/monitor/RRC_MESSAGES/CMakeFiles/asn1_nr_rrc.dir/NR_RSSI-PeriodicityAndOffset-r16.c.o
#9 65.46 [ 73%] Building C object examples/xApp/c/monitor/RRC_MESSAGES/CMakeFiles/asn1_nr_rrc.dir/NR_RSSI-Range-r16.c.o
#9 65.49 [ 73%] Building C object examples/xApp/c/monitor/RRC_MESSAGES/CMakeFiles/asn1_nr_rrc.dir/NR_RSSI-ResourceConfigCLI-r16.c.o
#9 65.50 [ 73%] Building C object examples/xApp/c/monitor/RRC_MESSAGES/CMakeFiles/asn1_nr_rrc.dir/NR_RSSI-ResourceId-r16.c.o
#9 65.53 [ 73%] Building C object examples/xApp/c/monitor/RRC_MESSAGES/CMakeFiles/asn1_nr_rrc.dir/NR_RSSI-ResourceListConfigCLI-r16.c.o
#9 65.54 [ 73%] Building C object examples/xApp/c/monitor/RRC_MESSAGES/CMakeFiles/asn1_nr_rrc.dir/NR_RxTxPeriodical-r17.c.o
#9 65.58 [ 73%] Building C object examples/xApp/c/monitor/RRC_MESSAGES/CMakeFiles/asn1_nr_rrc.dir/NR_RxTxReportInterval-r17.c.o
#9 65.58 [ 73%] Building C object examples/xApp/c/monitor/RRC_MESSAGES/CMakeFiles/asn1_nr_rrc.dir/NR_RxTxTimeDiff-r17.c.o
#9 65.61 [ 73%] Building C object examples/xApp/c/monitor/RRC_MESSAGES/CMakeFiles/asn1_nr_rrc.dir/NR_SBAS-ID-r16.c.o
#9 65.62 [ 73%] Building C object examples/xApp/c/monitor/RRC_MESSAGES/CMakeFiles/asn1_nr_rrc.dir/NR_SBCCH-SL-BCH-Message.c.o
#9 65.65 [ 73%] Building C object examples/xApp/c/monitor/RRC_MESSAGES/CMakeFiles/asn1_nr_rrc.dir/NR_SBCCH-SL-BCH-MessageType.c.o
#9 65.65 [ 73%] Building C object examples/xApp/c/monitor/RRC_MESSAGES/CMakeFiles/asn1_nr_rrc.dir/NR_ScalingFactorSidelink-r16.c.o
#9 65.68 [ 73%] Building C object examples/xApp/c/monitor/RRC_MESSAGES/CMakeFiles/asn1_nr_rrc.dir/NR_SCCH-Message.c.o
#9 65.69 [ 73%] Building C object examples/xApp/c/monitor/RRC_MESSAGES/CMakeFiles/asn1_nr_rrc.dir/NR_SCCH-MessageType.c.o
#9 65.82 [ 73%] Building C object examples/xApp/c/monitor/RRC_MESSAGES/CMakeFiles/asn1_nr_rrc.dir/NR_SCellActivationRS-ConfigId-r17.c.o
#9 65.82 [ 73%] Building C object examples/xApp/c/monitor/RRC_MESSAGES/CMakeFiles/asn1_nr_rrc.dir/NR_SCellActivationRS-Config-r17.c.o
#9 65.86 [ 73%] Building C object examples/xApp/c/monitor/RRC_MESSAGES/CMakeFiles/asn1_nr_rrc.dir/NR_SCellConfig.c.o
#9 65.86 [ 73%] Building C object examples/xApp/c/monitor/RRC_MESSAGES/CMakeFiles/asn1_nr_rrc.dir/NR_SCellIndex.c.o
#9 65.91 [ 73%] Building C object examples/xApp/c/monitor/RRC_MESSAGES/CMakeFiles/asn1_nr_rrc.dir/NR_SCellSIB20-r17.c.o
#9 65.95 [ 73%] Building C object examples/xApp/c/monitor/RRC_MESSAGES/CMakeFiles/asn1_nr_rrc.dir/NR_SCG-DeactivationPreferenceConfig-r17.c.o
#9 65.99 [ 73%] Building C object examples/xApp/c/monitor/RRC_MESSAGES/CMakeFiles/asn1_nr_rrc.dir/NR_SCGFailureInformation.c.o
#9 65.99 [ 73%] Building C object examples/xApp/c/monitor/RRC_MESSAGES/CMakeFiles/asn1_nr_rrc.dir/NR_SCGFailureInformationEUTRA.c.o
#9 66.03 [ 73%] Building C object examples/xApp/c/monitor/RRC_MESSAGES/CMakeFiles/asn1_nr_rrc.dir/NR_SCGFailureInformationEUTRA-IEs.c.o
#9 66.04 [ 73%] Building C object examples/xApp/c/monitor/RRC_MESSAGES/CMakeFiles/asn1_nr_rrc.dir/NR_SCGFailureInformationEUTRA-v1590-IEs.c.o
#9 66.08 [ 73%] Building C object examples/xApp/c/monitor/RRC_MESSAGES/CMakeFiles/asn1_nr_rrc.dir/NR_SCGFailureInformation-IEs.c.o
#9 66.08 [ 74%] Building C object examples/xApp/c/monitor/RRC_MESSAGES/CMakeFiles/asn1_nr_rrc.dir/NR_SCGFailureInformation-v1590-IEs.c.o
#9 66.12 [ 74%] Building C object examples/xApp/c/monitor/RRC_MESSAGES/CMakeFiles/asn1_nr_rrc.dir/NR_SchedulingInfo2-r17.c.o
#9 66.12 [ 74%] Building C object examples/xApp/c/monitor/RRC_MESSAGES/CMakeFiles/asn1_nr_rrc.dir/NR_SchedulingInfo.c.o
#9 66.15 [ 74%] Building C object examples/xApp/c/monitor/RRC_MESSAGES/CMakeFiles/asn1_nr_rrc.dir/NR_SchedulingRequestConfig.c.o
#9 66.16 [ 74%] Building C object examples/xApp/c/monitor/RRC_MESSAGES/CMakeFiles/asn1_nr_rrc.dir/NR_SchedulingRequestConfig-v1700.c.o
#9 66.19 [ 74%] Building C object examples/xApp/c/monitor/RRC_MESSAGES/CMakeFiles/asn1_nr_rrc.dir/NR_SchedulingRequestId.c.o
#9 66.20 [ 74%] Building C object examples/xApp/c/monitor/RRC_MESSAGES/CMakeFiles/asn1_nr_rrc.dir/NR_SchedulingRequestResourceConfig.c.o
#9 66.23 [ 74%] Building C object examples/xApp/c/monitor/RRC_MESSAGES/CMakeFiles/asn1_nr_rrc.dir/NR_SchedulingRequestResourceConfigExt-v1610.c.o
#9 66.25 [ 74%] Building C object examples/xApp/c/monitor/RRC_MESSAGES/CMakeFiles/asn1_nr_rrc.dir/NR_SchedulingRequestResourceConfigExt-v1700.c.o
#9 66.28 [ 74%] Building C object examples/xApp/c/monitor/RRC_MESSAGES/CMakeFiles/asn1_nr_rrc.dir/NR_SchedulingRequestResourceId.c.o
#9 66.30 [ 74%] Building C object examples/xApp/c/monitor/RRC_MESSAGES/CMakeFiles/asn1_nr_rrc.dir/NR_SchedulingRequestToAddMod.c.o
#9 66.32 [ 74%] Building C object examples/xApp/c/monitor/RRC_MESSAGES/CMakeFiles/asn1_nr_rrc.dir/NR_SchedulingRequestToAddModExt-v1700.c.o
#9 66.35 [ 74%] Building C object examples/xApp/c/monitor/RRC_MESSAGES/CMakeFiles/asn1_nr_rrc.dir/NR_ScramblingId.c.o
#9 66.36 [ 74%] Building C object examples/xApp/c/monitor/RRC_MESSAGES/CMakeFiles/asn1_nr_rrc.dir/NR_SCS-SpecificCarrier.c.o
#9 66.39 [ 74%] Building C object examples/xApp/c/monitor/RRC_MESSAGES/CMakeFiles/asn1_nr_rrc.dir/NR_SCS-SpecificDuration-r17.c.o
#9 66.39 [ 74%] Building C object examples/xApp/c/monitor/RRC_MESSAGES/CMakeFiles/asn1_nr_rrc.dir/NR_SDAP-Config.c.o
#9 66.43 [ 74%] Building C object examples/xApp/c/monitor/RRC_MESSAGES/CMakeFiles/asn1_nr_rrc.dir/NR_SDAP-Parameters.c.o
#9 66.44 [ 74%] Building C object examples/xApp/c/monitor/RRC_MESSAGES/CMakeFiles/asn1_nr_rrc.dir/NR_SDT-CG-Config-r17.c.o
#9 66.48 [ 74%] Building C object examples/xApp/c/monitor/RRC_MESSAGES/CMakeFiles/asn1_nr_rrc.dir/NR_SDT-ConfigCommonSIB-r17.c.o
#9 66.49 [ 74%] Building C object examples/xApp/c/monitor/RRC_MESSAGES/CMakeFiles/asn1_nr_rrc.dir/NR_SDT-Config-r17.c.o
#9 66.52 [ 74%] Building C object examples/xApp/c/monitor/RRC_MESSAGES/CMakeFiles/asn1_nr_rrc.dir/NR_SDT-MAC-PHY-CG-Config-r17.c.o
#9 66.63 [ 74%] Building C object examples/xApp/c/monitor/RRC_MESSAGES/CMakeFiles/asn1_nr_rrc.dir/NR_SearchSpace.c.o
#9 66.63 [ 74%] Building C object examples/xApp/c/monitor/RRC_MESSAGES/CMakeFiles/asn1_nr_rrc.dir/NR_SearchSpaceExt-r16.c.o
#9 66.67 [ 74%] Building C object examples/xApp/c/monitor/RRC_MESSAGES/CMakeFiles/asn1_nr_rrc.dir/NR_SearchSpaceExt-v1700.c.o
#9 66.68 [ 74%] Building C object examples/xApp/c/monitor/RRC_MESSAGES/CMakeFiles/asn1_nr_rrc.dir/NR_SearchSpaceId.c.o
#9 66.72 [ 74%] Building C object examples/xApp/c/monitor/RRC_MESSAGES/CMakeFiles/asn1_nr_rrc.dir/NR_SearchSpaceSwitchConfig-r16.c.o
#9 66.73 [ 74%] Building C object examples/xApp/c/monitor/RRC_MESSAGES/CMakeFiles/asn1_nr_rrc.dir/NR_SearchSpaceSwitchConfig-r17.c.o
#9 66.77 [ 74%] Building C object examples/xApp/c/monitor/RRC_MESSAGES/CMakeFiles/asn1_nr_rrc.dir/NR_SearchSpaceZero.c.o
#9 66.77 [ 74%] Building C object examples/xApp/c/monitor/RRC_MESSAGES/CMakeFiles/asn1_nr_rrc.dir/NR_SearchSpaceSwitchTrigger-r16.c.o
#9 66.81 [ 74%] Building C object examples/xApp/c/monitor/RRC_MESSAGES/CMakeFiles/asn1_nr_rrc.dir/NR_SecurityAlgorithmConfig.c.o
#9 66.81 [ 74%] Building C object examples/xApp/c/monitor/RRC_MESSAGES/CMakeFiles/asn1_nr_rrc.dir/NR_SecurityConfig.c.o
#9 66.86 [ 74%] Building C object examples/xApp/c/monitor/RRC_MESSAGES/CMakeFiles/asn1_nr_rrc.dir/NR_SecurityModeCommand.c.o
#9 66.86 [ 74%] Building C object examples/xApp/c/monitor/RRC_MESSAGES/CMakeFiles/asn1_nr_rrc.dir/NR_SecurityConfigSMC.c.o
#9 66.90 [ 74%] Building C object examples/xApp/c/monitor/RRC_MESSAGES/CMakeFiles/asn1_nr_rrc.dir/NR_SecurityModeCommand-IEs.c.o
#9 66.90 [ 74%] Building C object examples/xApp/c/monitor/RRC_MESSAGES/CMakeFiles/asn1_nr_rrc.dir/NR_SecurityModeComplete.c.o
#9 66.94 [ 74%] Building C object examples/xApp/c/monitor/RRC_MESSAGES/CMakeFiles/asn1_nr_rrc.dir/NR_SecurityModeComplete-IEs.c.o
#9 66.94 [ 74%] Building C object examples/xApp/c/monitor/RRC_MESSAGES/CMakeFiles/asn1_nr_rrc.dir/NR_SecurityModeFailure.c.o
#9 66.98 [ 74%] Building C object examples/xApp/c/monitor/RRC_MESSAGES/CMakeFiles/asn1_nr_rrc.dir/NR_SecurityModeFailure-IEs.c.o
#9 66.99 [ 74%] Building C object examples/xApp/c/monitor/RRC_MESSAGES/CMakeFiles/asn1_nr_rrc.dir/NR_SelectedBandEntriesMN.c.o
#9 67.02 [ 76%] Building C object examples/xApp/c/monitor/RRC_MESSAGES/CMakeFiles/asn1_nr_rrc.dir/NR_SemiStaticChannelAccessConfig-r16.c.o
#9 67.03 [ 76%] Building C object examples/xApp/c/monitor/RRC_MESSAGES/CMakeFiles/asn1_nr_rrc.dir/NR_SemiStaticChannelAccessConfigUE-r17.c.o
#9 67.05 [ 76%] Building C object examples/xApp/c/monitor/RRC_MESSAGES/CMakeFiles/asn1_nr_rrc.dir/NR_Sensor-LocationInfo-r16.c.o
#9 67.07 [ 76%] Building C object examples/xApp/c/monitor/RRC_MESSAGES/CMakeFiles/asn1_nr_rrc.dir/NR_Sensor-NameList-r16.c.o
#9 67.10 [ 76%] Building C object examples/xApp/c/monitor/RRC_MESSAGES/CMakeFiles/asn1_nr_rrc.dir/NR_ServCellIndex.c.o
#9 67.11 [ 76%] Building C object examples/xApp/c/monitor/RRC_MESSAGES/CMakeFiles/asn1_nr_rrc.dir/NR_ServCellInfoListMCG-EUTRA-r16.c.o
#9 67.14 [ 76%] Building C object examples/xApp/c/monitor/RRC_MESSAGES/CMakeFiles/asn1_nr_rrc.dir/NR_ServCellInfoListMCG-NR-r16.c.o
#9 67.15 [ 76%] Building C object examples/xApp/c/monitor/RRC_MESSAGES/CMakeFiles/asn1_nr_rrc.dir/NR_ServCellInfoListSCG-EUTRA-r16.c.o
#9 67.18 [ 76%] Building C object examples/xApp/c/monitor/RRC_MESSAGES/CMakeFiles/asn1_nr_rrc.dir/NR_ServCellInfoListSCG-NR-r16.c.o
#9 67.19 [ 76%] Building C object examples/xApp/c/monitor/RRC_MESSAGES/CMakeFiles/asn1_nr_rrc.dir/NR_ServCellInfoXCG-EUTRA-r16.c.o
#9 67.22 [ 76%] Building C object examples/xApp/c/monitor/RRC_MESSAGES/CMakeFiles/asn1_nr_rrc.dir/NR_ServingAdditionalPCIIndex-r17.c.o
#9 67.22 [ 76%] Building C object examples/xApp/c/monitor/RRC_MESSAGES/CMakeFiles/asn1_nr_rrc.dir/NR_ServCellInfoXCG-NR-r16.c.o
#9 67.27 [ 76%] Building C object examples/xApp/c/monitor/RRC_MESSAGES/CMakeFiles/asn1_nr_rrc.dir/NR_ServingCellAndBWP-Id-r17.c.o
#9 67.27 [ 76%] Building C object examples/xApp/c/monitor/RRC_MESSAGES/CMakeFiles/asn1_nr_rrc.dir/NR_ServingCellConfig.c.o
#9 67.30 [ 76%] Building C object examples/xApp/c/monitor/RRC_MESSAGES/CMakeFiles/asn1_nr_rrc.dir/NR_ServingCellConfigCommon.c.o
#9 67.40 [ 76%] Building C object examples/xApp/c/monitor/RRC_MESSAGES/CMakeFiles/asn1_nr_rrc.dir/NR_ServingCellConfigCommonSIB.c.o
#9 67.43 [ 76%] Building C object examples/xApp/c/monitor/RRC_MESSAGES/CMakeFiles/asn1_nr_rrc.dir/NR_SetupRelease.c.o
#9 67.57 [ 76%] Building C object examples/xApp/c/monitor/RRC_MESSAGES/CMakeFiles/asn1_nr_rrc.dir/NR_SFTD-FrequencyList-EUTRA.c.o
#9 67.61 [ 76%] Building C object examples/xApp/c/monitor/RRC_MESSAGES/CMakeFiles/asn1_nr_rrc.dir/NR_SFTD-FrequencyList-NR.c.o
#9 67.61 [ 76%] Building C object examples/xApp/c/monitor/RRC_MESSAGES/CMakeFiles/asn1_nr_rrc.dir/NR_SharedSpectrumChAccessParamsPerBand-r16.c.o
#9 67.64 [ 76%] Building C object examples/xApp/c/monitor/RRC_MESSAGES/CMakeFiles/asn1_nr_rrc.dir/NR_SharedSpectrumChAccessParamsPerBand-v1630.c.o
#9 67.66 [ 76%] Building C object examples/xApp/c/monitor/RRC_MESSAGES/CMakeFiles/asn1_nr_rrc.dir/NR_SharedSpectrumChAccessParamsPerBand-v1640.c.o
#9 67.68 [ 76%] Building C object examples/xApp/c/monitor/RRC_MESSAGES/CMakeFiles/asn1_nr_rrc.dir/NR_SharedSpectrumChAccessParamsPerBand-v1650.c.o
#9 67.71 [ 76%] Building C object examples/xApp/c/monitor/RRC_MESSAGES/CMakeFiles/asn1_nr_rrc.dir/NR_SharedSpectrumChAccessParamsPerBand-v1710.c.o
#9 67.71 [ 76%] Building C object examples/xApp/c/monitor/RRC_MESSAGES/CMakeFiles/asn1_nr_rrc.dir/NR_ShortI-RNTI-Value.c.o
#9 67.74 [ 76%] Building C object examples/xApp/c/monitor/RRC_MESSAGES/CMakeFiles/asn1_nr_rrc.dir/NR_ShortMAC-I.c.o
#9 67.76 [ 76%] Building C object examples/xApp/c/monitor/RRC_MESSAGES/CMakeFiles/asn1_nr_rrc.dir/NR_SHR-Cause-r17.c.o
#9 67.78 [ 76%] Building C object examples/xApp/c/monitor/RRC_MESSAGES/CMakeFiles/asn1_nr_rrc.dir/NR_SIB10-r16.c.o
#9 67.79 [ 76%] Building C object examples/xApp/c/monitor/RRC_MESSAGES/CMakeFiles/asn1_nr_rrc.dir/NR_SIB11-r16.c.o
#9 67.82 [ 76%] Building C object examples/xApp/c/monitor/RRC_MESSAGES/CMakeFiles/asn1_nr_rrc.dir/NR_SIB12-IEs-r16.c.o
#9 67.84 [ 76%] Building C object examples/xApp/c/monitor/RRC_MESSAGES/CMakeFiles/asn1_nr_rrc.dir/NR_SIB12-r16.c.o
#9 67.87 [ 76%] Building C object examples/xApp/c/monitor/RRC_MESSAGES/CMakeFiles/asn1_nr_rrc.dir/NR_SIB13-r16.c.o
#9 67.91 [ 76%] Building C object examples/xApp/c/monitor/RRC_MESSAGES/CMakeFiles/asn1_nr_rrc.dir/NR_SIB14-r16.c.o
#9 67.93 [ 76%] Building C object examples/xApp/c/monitor/RRC_MESSAGES/CMakeFiles/asn1_nr_rrc.dir/NR_SIB15-r17.c.o
#9 67.94 [ 76%] Building C object examples/xApp/c/monitor/RRC_MESSAGES/CMakeFiles/asn1_nr_rrc.dir/NR_SIB16-r17.c.o
#9 67.97 [ 76%] Building C object examples/xApp/c/monitor/RRC_MESSAGES/CMakeFiles/asn1_nr_rrc.dir/NR_SIB17-IEs-r17.c.o
#9 67.99 [ 76%] Building C object examples/xApp/c/monitor/RRC_MESSAGES/CMakeFiles/asn1_nr_rrc.dir/NR_SIB17-r17.c.o
#9 68.01 [ 76%] Building C object examples/xApp/c/monitor/RRC_MESSAGES/CMakeFiles/asn1_nr_rrc.dir/NR_SIB18-r17.c.o
#9 68.03 [ 77%] Building C object examples/xApp/c/monitor/RRC_MESSAGES/CMakeFiles/asn1_nr_rrc.dir/NR_SIB19-r17.c.o
#9 68.05 [ 77%] Building C object examples/xApp/c/monitor/RRC_MESSAGES/CMakeFiles/asn1_nr_rrc.dir/NR_SIB1.c.o
#9 68.08 [ 77%] Building C object examples/xApp/c/monitor/RRC_MESSAGES/CMakeFiles/asn1_nr_rrc.dir/NR_SIB1-v1610-IEs.c.o
#9 68.12 [ 77%] Building C object examples/xApp/c/monitor/RRC_MESSAGES/CMakeFiles/asn1_nr_rrc.dir/NR_SIB1-v1630-IEs.c.o
#9 68.17 [ 77%] Building C object examples/xApp/c/monitor/RRC_MESSAGES/CMakeFiles/asn1_nr_rrc.dir/NR_SIB1-v1700-IEs.c.o
#9 68.21 [ 77%] Building C object examples/xApp/c/monitor/RRC_MESSAGES/CMakeFiles/asn1_nr_rrc.dir/NR_SIB20-r17.c.o
#9 68.21 [ 77%] Building C object examples/xApp/c/monitor/RRC_MESSAGES/CMakeFiles/asn1_nr_rrc.dir/NR_SIB21-r17.c.o
#9 68.25 [ 77%] Building C object examples/xApp/c/monitor/RRC_MESSAGES/CMakeFiles/asn1_nr_rrc.dir/NR_SIB2.c.o
#9 68.26 [ 77%] Building C object examples/xApp/c/monitor/RRC_MESSAGES/CMakeFiles/asn1_nr_rrc.dir/NR_SIB3.c.o
#9 68.30 [ 77%] Building C object examples/xApp/c/monitor/RRC_MESSAGES/CMakeFiles/asn1_nr_rrc.dir/NR_SIB4.c.o
#9 68.30 [ 77%] Building C object examples/xApp/c/monitor/RRC_MESSAGES/CMakeFiles/asn1_nr_rrc.dir/NR_SIB5.c.o
#9 68.34 [ 77%] Building C object examples/xApp/c/monitor/RRC_MESSAGES/CMakeFiles/asn1_nr_rrc.dir/NR_SIB6.c.o
#9 68.35 [ 77%] Building C object examples/xApp/c/monitor/RRC_MESSAGES/CMakeFiles/asn1_nr_rrc.dir/NR_SIB7.c.o
#9 68.38 [ 77%] Building C object examples/xApp/c/monitor/RRC_MESSAGES/CMakeFiles/asn1_nr_rrc.dir/NR_SIB8.c.o
#9 68.40 [ 77%] Building C object examples/xApp/c/monitor/RRC_MESSAGES/CMakeFiles/asn1_nr_rrc.dir/NR_SIB9.c.o
#9 68.43 [ 77%] Building C object examples/xApp/c/monitor/RRC_MESSAGES/CMakeFiles/asn1_nr_rrc.dir/NR_SIB-Mapping.c.o
#9 68.45 [ 77%] Building C object examples/xApp/c/monitor/RRC_MESSAGES/CMakeFiles/asn1_nr_rrc.dir/NR_SIB-Mapping-v1700.c.o
#9 68.47 [ 77%] Building C object examples/xApp/c/monitor/RRC_MESSAGES/CMakeFiles/asn1_nr_rrc.dir/NR_SIBpos-r16.c.o
#9 68.49 [ 77%] Building C object examples/xApp/c/monitor/RRC_MESSAGES/CMakeFiles/asn1_nr_rrc.dir/NR_SIB-ReqInfo-r16.c.o
#9 68.51 [ 77%] Building C object examples/xApp/c/monitor/RRC_MESSAGES/CMakeFiles/asn1_nr_rrc.dir/NR_SIB-TypeInfo.c.o
#9 68.53 [ 77%] Building C object examples/xApp/c/monitor/RRC_MESSAGES/CMakeFiles/asn1_nr_rrc.dir/NR_SIB-TypeInfo-v1700.c.o
#9 68.55 [ 77%] Building C object examples/xApp/c/monitor/RRC_MESSAGES/CMakeFiles/asn1_nr_rrc.dir/NR_SIB-Type-r17.c.o
#9 68.58 [ 77%] Building C object examples/xApp/c/monitor/RRC_MESSAGES/CMakeFiles/asn1_nr_rrc.dir/NR_SidelinkParametersEUTRA-r16.c.o
#9 68.59 [ 77%] Building C object examples/xApp/c/monitor/RRC_MESSAGES/CMakeFiles/asn1_nr_rrc.dir/NR_SidelinkParametersNR-r16.c.o
#9 68.62 [ 77%] Building C object examples/xApp/c/monitor/RRC_MESSAGES/CMakeFiles/asn1_nr_rrc.dir/NR_SidelinkParameters-r16.c.o
#9 68.64 [ 77%] Building C object examples/xApp/c/monitor/RRC_MESSAGES/CMakeFiles/asn1_nr_rrc.dir/NR_SidelinkPreconfigNR-r16.c.o
#9 68.66 [ 77%] Building C object examples/xApp/c/monitor/RRC_MESSAGES/CMakeFiles/asn1_nr_rrc.dir/NR_SidelinkUEInformationNR-r16.c.o
#9 68.70 [ 77%] Building C object examples/xApp/c/monitor/RRC_MESSAGES/CMakeFiles/asn1_nr_rrc.dir/NR_SidelinkUEInformationNR-r16-IEs.c.o
#9 68.74 [ 77%] Building C object examples/xApp/c/monitor/RRC_MESSAGES/CMakeFiles/asn1_nr_rrc.dir/NR_SidelinkUEInformationNR-v1700-IEs.c.o
#9 68.77 [ 77%] Building C object examples/xApp/c/monitor/RRC_MESSAGES/CMakeFiles/asn1_nr_rrc.dir/NR_SimulSRS-ForAntennaSwitching-r16.c.o
#9 68.81 [ 77%] Building C object examples/xApp/c/monitor/RRC_MESSAGES/CMakeFiles/asn1_nr_rrc.dir/NR_SimultaneousRxTxPerBandPair.c.o
#9 68.82 [ 77%] Building C object examples/xApp/c/monitor/RRC_MESSAGES/CMakeFiles/asn1_nr_rrc.dir/NR_SINR-Range.c.o
#9 68.86 [ 77%] Building C object examples/xApp/c/monitor/RRC_MESSAGES/CMakeFiles/asn1_nr_rrc.dir/NR_SINR-RangeEUTRA.c.o
#9 68.86 [ 77%] Building C object examples/xApp/c/monitor/RRC_MESSAGES/CMakeFiles/asn1_nr_rrc.dir/NR_SI-RequestConfig.c.o
#9 68.90 [ 77%] Building C object examples/xApp/c/monitor/RRC_MESSAGES/CMakeFiles/asn1_nr_rrc.dir/NR_SI-RequestResources.c.o
#9 68.90 [ 77%] Building C object examples/xApp/c/monitor/RRC_MESSAGES/CMakeFiles/asn1_nr_rrc.dir/NR_SI-SchedulingInfo.c.o
#9 68.93 [ 77%] Building C object examples/xApp/c/monitor/RRC_MESSAGES/CMakeFiles/asn1_nr_rrc.dir/NR_SI-SchedulingInfo-v1700.c.o
#9 68.94 [ 77%] Building C object examples/xApp/c/monitor/RRC_MESSAGES/CMakeFiles/asn1_nr_rrc.dir/NR_SK-Counter.c.o
#9 68.98 [ 77%] Building C object examples/xApp/c/monitor/RRC_MESSAGES/CMakeFiles/asn1_nr_rrc.dir/NR_SL-AccessInfo-L2U2N-r17.c.o
#9 68.98 [ 78%] Building C object examples/xApp/c/monitor/RRC_MESSAGES/CMakeFiles/asn1_nr_rrc.dir/NR_SL-BetaOffsets-r16.c.o
#9 69.01 [ 78%] Building C object examples/xApp/c/monitor/RRC_MESSAGES/CMakeFiles/asn1_nr_rrc.dir/NR_SL-BWP-ConfigCommon-r16.c.o
#9 69.02 [ 78%] Building C object examples/xApp/c/monitor/RRC_MESSAGES/CMakeFiles/asn1_nr_rrc.dir/NR_SL-BWP-Config-r16.c.o
#9 69.12 [ 78%] Building C object examples/xApp/c/monitor/RRC_MESSAGES/CMakeFiles/asn1_nr_rrc.dir/NR_SL-BWP-DiscPoolConfigCommon-r17.c.o
#9 69.14 [ 78%] Building C object examples/xApp/c/monitor/RRC_MESSAGES/CMakeFiles/asn1_nr_rrc.dir/NR_SL-BWP-DiscPoolConfig-r17.c.o
#9 69.23 [ 78%] Building C object examples/xApp/c/monitor/RRC_MESSAGES/CMakeFiles/asn1_nr_rrc.dir/NR_SL-BWP-Generic-r16.c.o
#9 69.27 [ 78%] Building C object examples/xApp/c/monitor/RRC_MESSAGES/CMakeFiles/asn1_nr_rrc.dir/NR_SL-BWP-PoolConfigCommon-r16.c.o
#9 69.37 [ 78%] Building C object examples/xApp/c/monitor/RRC_MESSAGES/CMakeFiles/asn1_nr_rrc.dir/NR_SL-BWP-PoolConfig-r16.c.o
#9 69.40 [ 78%] Building C object examples/xApp/c/monitor/RRC_MESSAGES/CMakeFiles/asn1_nr_rrc.dir/NR_SL-CBR-CommonTxConfigList-r16.c.o
#9 69.45 [ 78%] Building C object examples/xApp/c/monitor/RRC_MESSAGES/CMakeFiles/asn1_nr_rrc.dir/NR_SL-CBR-LevelsConfig-r16.c.o
#9 69.48 [ 78%] Building C object examples/xApp/c/monitor/RRC_MESSAGES/CMakeFiles/asn1_nr_rrc.dir/NR_SL-CBR-PriorityTxConfigList-r16.c.o
#9 69.50 [ 78%] Building C object examples/xApp/c/monitor/RRC_MESSAGES/CMakeFiles/asn1_nr_rrc.dir/NR_SL-CBR-PriorityTxConfigList-v1650.c.o
#9 69.53 [ 78%] Building C object examples/xApp/c/monitor/RRC_MESSAGES/CMakeFiles/asn1_nr_rrc.dir/NR_SL-CBR-PSSCH-TxConfig-r16.c.o
#9 69.54 [ 78%] Building C object examples/xApp/c/monitor/RRC_MESSAGES/CMakeFiles/asn1_nr_rrc.dir/NR_SL-CBR-r16.c.o
#9 69.56 [ 78%] Building C object examples/xApp/c/monitor/RRC_MESSAGES/CMakeFiles/asn1_nr_rrc.dir/NR_SL-CG-MaxTransNumList-r16.c.o
#9 69.57 [ 78%] Building C object examples/xApp/c/monitor/RRC_MESSAGES/CMakeFiles/asn1_nr_rrc.dir/NR_SL-CG-MaxTransNum-r16.c.o
#9 69.59 [ 78%] Building C object examples/xApp/c/monitor/RRC_MESSAGES/CMakeFiles/asn1_nr_rrc.dir/NR_SL-ConfigCommonNR-r16.c.o
#9 69.60 [ 78%] Building C object examples/xApp/c/monitor/RRC_MESSAGES/CMakeFiles/asn1_nr_rrc.dir/NR_SL-ConfigDedicatedEUTRA-Info-r16.c.o
#9 69.63 [ 78%] Building C object examples/xApp/c/monitor/RRC_MESSAGES/CMakeFiles/asn1_nr_rrc.dir/NR_SL-ConfigDedicatedNR-r16.c.o
#9 69.72 [ 78%] Building C object examples/xApp/c/monitor/RRC_MESSAGES/CMakeFiles/asn1_nr_rrc.dir/NR_SL-ConfigIndexCG-r16.c.o
#9 69.75 [ 78%] Building C object examples/xApp/c/monitor/RRC_MESSAGES/CMakeFiles/asn1_nr_rrc.dir/NR_SL-ConfiguredGrantConfigList-r16.c.o
#9 69.75 [ 78%] Building C object examples/xApp/c/monitor/RRC_MESSAGES/CMakeFiles/asn1_nr_rrc.dir/NR_SL-ConfiguredGrantConfig-r16.c.o
#9 69.78 [ 78%] Building C object examples/xApp/c/monitor/RRC_MESSAGES/CMakeFiles/asn1_nr_rrc.dir/NR_SL-CSI-RS-Config-r16.c.o
#9 69.79 [ 78%] Building C object examples/xApp/c/monitor/RRC_MESSAGES/CMakeFiles/asn1_nr_rrc.dir/NR_SL-DestinationIdentity-r16.c.o
#9 69.83 [ 78%] Building C object examples/xApp/c/monitor/RRC_MESSAGES/CMakeFiles/asn1_nr_rrc.dir/NR_SL-DestinationIndex-r16.c.o
#9 69.83 [ 78%] Building C object examples/xApp/c/monitor/RRC_MESSAGES/CMakeFiles/asn1_nr_rrc.dir/NR_SL-DiscConfigCommon-r17.c.o
#9 69.86 [ 78%] Building C object examples/xApp/c/monitor/RRC_MESSAGES/CMakeFiles/asn1_nr_rrc.dir/NR_SL-DiscConfig-r17.c.o
#9 69.87 [ 78%] Building C object examples/xApp/c/monitor/RRC_MESSAGES/CMakeFiles/asn1_nr_rrc.dir/NR_SL-DRX-ConfigGC-BC-r17.c.o
#9 69.91 [ 78%] Building C object examples/xApp/c/monitor/RRC_MESSAGES/CMakeFiles/asn1_nr_rrc.dir/NR_SL-DRX-Config-r17.c.o
#9 69.96 [ 78%] Building C object examples/xApp/c/monitor/RRC_MESSAGES/CMakeFiles/asn1_nr_rrc.dir/NR_SL-DRX-ConfigUC-Info-r17.c.o
#9 69.97 [ 78%] Building C object examples/xApp/c/monitor/RRC_MESSAGES/CMakeFiles/asn1_nr_rrc.dir/NR_SL-DRX-ConfigUC-r17.c.o
#9 70.00 [ 78%] Building C object examples/xApp/c/monitor/RRC_MESSAGES/CMakeFiles/asn1_nr_rrc.dir/NR_SL-DRX-ConfigUC-SemiStatic-r17.c.o
#9 70.03 [ 78%] Building C object examples/xApp/c/monitor/RRC_MESSAGES/CMakeFiles/asn1_nr_rrc.dir/NR_SL-DRX-GC-BC-QoS-r17.c.o
#9 70.05 [ 78%] Building C object examples/xApp/c/monitor/RRC_MESSAGES/CMakeFiles/asn1_nr_rrc.dir/NR_SL-DRX-GC-Generic-r17.c.o
#9 70.07 [ 78%] Building C object examples/xApp/c/monitor/RRC_MESSAGES/CMakeFiles/asn1_nr_rrc.dir/NR_SL-EUTRA-AnchorCarrierFreqList-r16.c.o
#9 70.08 [ 78%] Building C object examples/xApp/c/monitor/RRC_MESSAGES/CMakeFiles/asn1_nr_rrc.dir/NR_SL-EventTriggerConfig-r16.c.o
#9 70.10 [ 78%] Building C object examples/xApp/c/monitor/RRC_MESSAGES/CMakeFiles/asn1_nr_rrc.dir/NR_SL-FailureList-r16.c.o
#9 70.11 [ 78%] Building C object examples/xApp/c/monitor/RRC_MESSAGES/CMakeFiles/asn1_nr_rrc.dir/NR_SL-Failure-r16.c.o
#9 70.13 [ 78%] Building C object examples/xApp/c/monitor/RRC_MESSAGES/CMakeFiles/asn1_nr_rrc.dir/NR_SL-FreqConfigCommon-r16.c.o
#9 70.14 [ 80%] Building C object examples/xApp/c/monitor/RRC_MESSAGES/CMakeFiles/asn1_nr_rrc.dir/NR_SL-FreqConfig-r16.c.o
#9 70.24 [ 80%] Building C object examples/xApp/c/monitor/RRC_MESSAGES/CMakeFiles/asn1_nr_rrc.dir/NR_SL-Freq-Id-r16.c.o
#9 70.24 [ 80%] Building C object examples/xApp/c/monitor/RRC_MESSAGES/CMakeFiles/asn1_nr_rrc.dir/NR_SliceCellListNR-r17.c.o
#9 70.27 [ 80%] Building C object examples/xApp/c/monitor/RRC_MESSAGES/CMakeFiles/asn1_nr_rrc.dir/NR_SliceInfoDedicated-r17.c.o
#9 70.28 [ 80%] Building C object examples/xApp/c/monitor/RRC_MESSAGES/CMakeFiles/asn1_nr_rrc.dir/NR_SliceInfoListDedicated-r17.c.o
#9 70.30 [ 80%] Building C object examples/xApp/c/monitor/RRC_MESSAGES/CMakeFiles/asn1_nr_rrc.dir/NR_SliceInfoList-r17.c.o
#9 70.31 [ 80%] Building C object examples/xApp/c/monitor/RRC_MESSAGES/CMakeFiles/asn1_nr_rrc.dir/NR_SliceInfo-r17.c.o
#9 70.33 [ 80%] Building C object examples/xApp/c/monitor/RRC_MESSAGES/CMakeFiles/asn1_nr_rrc.dir/NR_SL-InterestedFreqList-r16.c.o
#9 70.35 [ 80%] Building C object examples/xApp/c/monitor/RRC_MESSAGES/CMakeFiles/asn1_nr_rrc.dir/NR_SL-InterUE-CoordinationConfig-r17.c.o
#9 70.36 [ 80%] Building C object examples/xApp/c/monitor/RRC_MESSAGES/CMakeFiles/asn1_nr_rrc.dir/NR_SL-InterUE-CoordinationScheme1-r17.c.o
#9 70.38 [ 80%] Building C object examples/xApp/c/monitor/RRC_MESSAGES/CMakeFiles/asn1_nr_rrc.dir/NR_SL-InterUE-CoordinationScheme2-r17.c.o
#9 70.40 [ 80%] Building C object examples/xApp/c/monitor/RRC_MESSAGES/CMakeFiles/asn1_nr_rrc.dir/NR_SL-L2RelayUE-Config-r17.c.o
#9 70.42 [ 80%] Building C object examples/xApp/c/monitor/RRC_MESSAGES/CMakeFiles/asn1_nr_rrc.dir/NR_SL-L2RemoteUE-Config-r17.c.o
#9 70.44 [ 80%] Building C object examples/xApp/c/monitor/RRC_MESSAGES/CMakeFiles/asn1_nr_rrc.dir/NR_SL-LatencyBoundIUC-Report-r17.c.o
#9 70.45 [ 80%] Building C object examples/xApp/c/monitor/RRC_MESSAGES/CMakeFiles/asn1_nr_rrc.dir/NR_SL-LogicalChannelConfigPC5-r16.c.o
#9 70.47 [ 80%] Building C object examples/xApp/c/monitor/RRC_MESSAGES/CMakeFiles/asn1_nr_rrc.dir/NR_SL-LogicalChannelConfig-r16.c.o
#9 70.47 [ 80%] Building C object examples/xApp/c/monitor/RRC_MESSAGES/CMakeFiles/asn1_nr_rrc.dir/NR_SL-MappedQoS-FlowsListDedicated-r16.c.o
#9 70.50 [ 80%] Building C object examples/xApp/c/monitor/RRC_MESSAGES/CMakeFiles/asn1_nr_rrc.dir/NR_SL-MeasConfigCommon-r16.c.o
#9 70.50 [ 80%] Building C object examples/xApp/c/monitor/RRC_MESSAGES/CMakeFiles/asn1_nr_rrc.dir/NR_SL-MappingToAddMod-r17.c.o
#9 70.53 [ 80%] Building C object examples/xApp/c/monitor/RRC_MESSAGES/CMakeFiles/asn1_nr_rrc.dir/NR_SL-MeasConfigInfo-r16.c.o
#9 70.54 [ 80%] Building C object examples/xApp/c/monitor/RRC_MESSAGES/CMakeFiles/asn1_nr_rrc.dir/NR_SL-MeasConfig-r16.c.o
#9 70.56 [ 80%] Building C object examples/xApp/c/monitor/RRC_MESSAGES/CMakeFiles/asn1_nr_rrc.dir/NR_SL-MeasIdInfo-r16.c.o
#9 70.57 [ 80%] Building C object examples/xApp/c/monitor/RRC_MESSAGES/CMakeFiles/asn1_nr_rrc.dir/NR_SL-MeasIdList-r16.c.o
#9 70.59 [ 80%] Building C object examples/xApp/c/monitor/RRC_MESSAGES/CMakeFiles/asn1_nr_rrc.dir/NR_SL-MeasId-r16.c.o
#9 70.60 [ 80%] Building C object examples/xApp/c/monitor/RRC_MESSAGES/CMakeFiles/asn1_nr_rrc.dir/NR_SL-MeasIdToRemoveList-r16.c.o
#9 70.62 [ 80%] Building C object examples/xApp/c/monitor/RRC_MESSAGES/CMakeFiles/asn1_nr_rrc.dir/NR_SL-MeasObjectId-r16.c.o
#9 70.64 [ 80%] Building C object examples/xApp/c/monitor/RRC_MESSAGES/CMakeFiles/asn1_nr_rrc.dir/NR_SL-MeasObjectInfo-r16.c.o
#9 70.66 [ 80%] Building C object examples/xApp/c/monitor/RRC_MESSAGES/CMakeFiles/asn1_nr_rrc.dir/NR_SL-MeasObjectList-r16.c.o
#9 70.66 [ 80%] Building C object examples/xApp/c/monitor/RRC_MESSAGES/CMakeFiles/asn1_nr_rrc.dir/NR_SL-MeasObject-r16.c.o
#9 70.69 [ 80%] Building C object examples/xApp/c/monitor/RRC_MESSAGES/CMakeFiles/asn1_nr_rrc.dir/NR_SL-MeasObjectToRemoveList-r16.c.o
#9 70.70 [ 80%] Building C object examples/xApp/c/monitor/RRC_MESSAGES/CMakeFiles/asn1_nr_rrc.dir/NR_SL-MeasQuantityResult-r16.c.o
#9 70.72 [ 80%] Building C object examples/xApp/c/monitor/RRC_MESSAGES/CMakeFiles/asn1_nr_rrc.dir/NR_SL-MeasReportQuantity-r16.c.o
#9 70.72 [ 80%] Building C object examples/xApp/c/monitor/RRC_MESSAGES/CMakeFiles/asn1_nr_rrc.dir/NR_SL-MeasResultListRelay-r17.c.o
#9 70.75 [ 80%] Building C object examples/xApp/c/monitor/RRC_MESSAGES/CMakeFiles/asn1_nr_rrc.dir/NR_SL-MeasResult-r16.c.o
#9 70.77 [ 80%] Building C object examples/xApp/c/monitor/RRC_MESSAGES/CMakeFiles/asn1_nr_rrc.dir/NR_SL-MeasResultRelay-r17.c.o
#9 70.78 [ 80%] Building C object examples/xApp/c/monitor/RRC_MESSAGES/CMakeFiles/asn1_nr_rrc.dir/NR_SL-MeasResults-r16.c.o
#9 70.80 [ 80%] Building C object examples/xApp/c/monitor/RRC_MESSAGES/CMakeFiles/asn1_nr_rrc.dir/NR_SL-MeasTriggerQuantity-r16.c.o
#9 70.81 [ 80%] Building C object examples/xApp/c/monitor/RRC_MESSAGES/CMakeFiles/asn1_nr_rrc.dir/NR_SL-MinMaxMCS-Config-r16.c.o
#9 70.83 [ 81%] Building C object examples/xApp/c/monitor/RRC_MESSAGES/CMakeFiles/asn1_nr_rrc.dir/NR_SL-MinMaxMCS-List-r16.c.o
#9 70.84 [ 81%] Building C object examples/xApp/c/monitor/RRC_MESSAGES/CMakeFiles/asn1_nr_rrc.dir/NR_SL-NR-AnchorCarrierFreqList-r16.c.o
#9 70.86 [ 81%] Building C object examples/xApp/c/monitor/RRC_MESSAGES/CMakeFiles/asn1_nr_rrc.dir/NR_SlotBased-r16.c.o
#9 70.87 [ 81%] Building C object examples/xApp/c/monitor/RRC_MESSAGES/CMakeFiles/asn1_nr_rrc.dir/NR_SlotBased-v1630.c.o
#9 70.89 [ 81%] Building C object examples/xApp/c/monitor/RRC_MESSAGES/CMakeFiles/asn1_nr_rrc.dir/NR_SlotFormatCombination.c.o
#9 70.91 [ 81%] Building C object examples/xApp/c/monitor/RRC_MESSAGES/CMakeFiles/asn1_nr_rrc.dir/NR_SlotFormatCombinationId.c.o
#9 70.93 [ 81%] Building C object examples/xApp/c/monitor/RRC_MESSAGES/CMakeFiles/asn1_nr_rrc.dir/NR_SlotFormatCombinationsPerCell.c.o
#9 70.94 [ 81%] Building C object examples/xApp/c/monitor/RRC_MESSAGES/CMakeFiles/asn1_nr_rrc.dir/NR_SlotFormatIndicator.c.o
#9 70.97 [ 81%] Building C object examples/xApp/c/monitor/RRC_MESSAGES/CMakeFiles/asn1_nr_rrc.dir/NR_SL-PagingIdentityRemoteUE-r17.c.o
#9 70.98 [ 81%] Building C object examples/xApp/c/monitor/RRC_MESSAGES/CMakeFiles/asn1_nr_rrc.dir/NR_SL-PagingInfo-RemoteUE-r17.c.o
#9 71.01 [ 81%] Building C object examples/xApp/c/monitor/RRC_MESSAGES/CMakeFiles/asn1_nr_rrc.dir/NR_SL-PathSwitchConfig-r17.c.o
#9 71.01 [ 81%] Building C object examples/xApp/c/monitor/RRC_MESSAGES/CMakeFiles/asn1_nr_rrc.dir/NR_SL-PBPS-CPS-Config-r17.c.o
#9 71.04 [ 81%] Building C object examples/xApp/c/monitor/RRC_MESSAGES/CMakeFiles/asn1_nr_rrc.dir/NR_SL-PDCP-ConfigPC5-r16.c.o
#9 71.05 [ 81%] Building C object examples/xApp/c/monitor/RRC_MESSAGES/CMakeFiles/asn1_nr_rrc.dir/NR_SL-PDCP-Config-r16.c.o
#9 71.07 [ 81%] Building C object examples/xApp/c/monitor/RRC_MESSAGES/CMakeFiles/asn1_nr_rrc.dir/NR_SL-PeriodCG-r16.c.o
#9 71.08 [ 81%] Building C object examples/xApp/c/monitor/RRC_MESSAGES/CMakeFiles/asn1_nr_rrc.dir/NR_SL-PeriodicalReportConfig-r16.c.o
#9 71.10 [ 81%] Building C object examples/xApp/c/monitor/RRC_MESSAGES/CMakeFiles/asn1_nr_rrc.dir/NR_SL-PHY-MAC-RLC-Config-r16.c.o
#9 71.11 [ 81%] Building C object examples/xApp/c/monitor/RRC_MESSAGES/CMakeFiles/asn1_nr_rrc.dir/NR_SL-PHY-MAC-RLC-Config-v1700.c.o
#9 71.16 [ 81%] Building C object examples/xApp/c/monitor/RRC_MESSAGES/CMakeFiles/asn1_nr_rrc.dir/NR_SL-PowerControl-r16.c.o
#9 71.20 [ 81%] Building C object examples/xApp/c/monitor/RRC_MESSAGES/CMakeFiles/asn1_nr_rrc.dir/NR_SL-PQFI-r16.c.o
#9 71.21 [ 81%] Building C object examples/xApp/c/monitor/RRC_MESSAGES/CMakeFiles/asn1_nr_rrc.dir/NR_SL-PQI-r16.c.o
#9 71.23 [ 81%] Building C object examples/xApp/c/monitor/RRC_MESSAGES/CMakeFiles/asn1_nr_rrc.dir/NR_SL-PreconfigGeneral-r16.c.o
#9 71.25 [ 81%] Building C object examples/xApp/c/monitor/RRC_MESSAGES/CMakeFiles/asn1_nr_rrc.dir/NR_SL-PreconfigurationNR-r16.c.o
#9 71.26 [ 81%] Building C object examples/xApp/c/monitor/RRC_MESSAGES/CMakeFiles/asn1_nr_rrc.dir/NR_SL-PriorityTxConfigIndex-r16.c.o
#9 71.30 [ 81%] Building C object examples/xApp/c/monitor/RRC_MESSAGES/CMakeFiles/asn1_nr_rrc.dir/NR_SL-PriorityTxConfigIndex-v1650.c.o
#9 71.34 [ 81%] Building C object examples/xApp/c/monitor/RRC_MESSAGES/CMakeFiles/asn1_nr_rrc.dir/NR_SL-PSBCH-Config-r16.c.o
#9 71.37 [ 81%] Building C object examples/xApp/c/monitor/RRC_MESSAGES/CMakeFiles/asn1_nr_rrc.dir/NR_SL-PSCCH-Config-r16.c.o
#9 71.37 [ 81%] Building C object examples/xApp/c/monitor/RRC_MESSAGES/CMakeFiles/asn1_nr_rrc.dir/NR_SL-PSFCH-Config-r16.c.o
#9 71.40 [ 81%] Building C object examples/xApp/c/monitor/RRC_MESSAGES/CMakeFiles/asn1_nr_rrc.dir/NR_SL-PSSCH-Config-r16.c.o
#9 71.41 [ 81%] Building C object examples/xApp/c/monitor/RRC_MESSAGES/CMakeFiles/asn1_nr_rrc.dir/NR_SL-PSSCH-TxConfigList-r16.c.o
#9 71.43 [ 81%] Building C object examples/xApp/c/monitor/RRC_MESSAGES/CMakeFiles/asn1_nr_rrc.dir/NR_SL-PSSCH-TxParameters-r16.c.o
#9 71.44 [ 81%] Building C object examples/xApp/c/monitor/RRC_MESSAGES/CMakeFiles/asn1_nr_rrc.dir/NR_SL-PSSCH-TxConfig-r16.c.o
#9 71.47 [ 81%] Building C object examples/xApp/c/monitor/RRC_MESSAGES/CMakeFiles/asn1_nr_rrc.dir/NR_SL-PTRS-Config-r16.c.o
#9 71.48 [ 81%] Building C object examples/xApp/c/monitor/RRC_MESSAGES/CMakeFiles/asn1_nr_rrc.dir/NR_SL-QoS-FlowIdentity-r16.c.o
#9 71.50 [ 81%] Building C object examples/xApp/c/monitor/RRC_MESSAGES/CMakeFiles/asn1_nr_rrc.dir/NR_SL-QoS-Info-r16.c.o
#9 71.51 [ 81%] Building C object examples/xApp/c/monitor/RRC_MESSAGES/CMakeFiles/asn1_nr_rrc.dir/NR_SL-QoS-Profile-r16.c.o
#9 71.54 [ 81%] Building C object examples/xApp/c/monitor/RRC_MESSAGES/CMakeFiles/asn1_nr_rrc.dir/NR_SL-RadioBearerConfig-r16.c.o
#9 71.54 [ 81%] Building C object examples/xApp/c/monitor/RRC_MESSAGES/CMakeFiles/asn1_nr_rrc.dir/NR_SL-QuantityConfig-r16.c.o
#9 71.57 [ 81%] Building C object examples/xApp/c/monitor/RRC_MESSAGES/CMakeFiles/asn1_nr_rrc.dir/NR_SLRB-Config-r16.c.o
#9 71.58 [ 83%] Building C object examples/xApp/c/monitor/RRC_MESSAGES/CMakeFiles/asn1_nr_rrc.dir/NR_SLRB-PC5-ConfigIndex-r16.c.o
#9 71.61 [ 83%] Building C object examples/xApp/c/monitor/RRC_MESSAGES/CMakeFiles/asn1_nr_rrc.dir/NR_SLRB-Uu-ConfigIndex-r16.c.o
#9 71.61 [ 83%] Building C object examples/xApp/c/monitor/RRC_MESSAGES/CMakeFiles/asn1_nr_rrc.dir/NR_SL-RelayUE-Config-r17.c.o
#9 71.65 [ 83%] Building C object examples/xApp/c/monitor/RRC_MESSAGES/CMakeFiles/asn1_nr_rrc.dir/NR_SL-RemoteUE-Config-r17.c.o
#9 71.65 [ 83%] Building C object examples/xApp/c/monitor/RRC_MESSAGES/CMakeFiles/asn1_nr_rrc.dir/NR_SL-RemoteUE-RB-Identity-r17.c.o
#9 71.68 [ 83%] Building C object examples/xApp/c/monitor/RRC_MESSAGES/CMakeFiles/asn1_nr_rrc.dir/NR_SL-RemoteUE-ToAddMod-r17.c.o
#9 71.69 [ 83%] Building C object examples/xApp/c/monitor/RRC_MESSAGES/CMakeFiles/asn1_nr_rrc.dir/NR_SL-ReportConfigId-r16.c.o
#9 71.72 [ 83%] Building C object examples/xApp/c/monitor/RRC_MESSAGES/CMakeFiles/asn1_nr_rrc.dir/NR_SL-ReportConfigInfo-r16.c.o
#9 71.72 [ 83%] Building C object examples/xApp/c/monitor/RRC_MESSAGES/CMakeFiles/asn1_nr_rrc.dir/NR_SL-ReportConfigList-r16.c.o
#9 71.76 [ 83%] Building C object examples/xApp/c/monitor/RRC_MESSAGES/CMakeFiles/asn1_nr_rrc.dir/NR_SL-ReportConfig-r16.c.o
#9 71.76 [ 83%] Building C object examples/xApp/c/monitor/RRC_MESSAGES/CMakeFiles/asn1_nr_rrc.dir/NR_SL-ReportConfigToRemoveList-r16.c.o
#9 71.80 [ 83%] Building C object examples/xApp/c/monitor/RRC_MESSAGES/CMakeFiles/asn1_nr_rrc.dir/NR_SL-RequestedSIB-List-r17.c.o
#9 71.80 [ 83%] Building C object examples/xApp/c/monitor/RRC_MESSAGES/CMakeFiles/asn1_nr_rrc.dir/NR_SL-ReselectionConfig-r17.c.o
#9 71.83 [ 83%] Building C object examples/xApp/c/monitor/RRC_MESSAGES/CMakeFiles/asn1_nr_rrc.dir/NR_SL-ResourcePoolConfig-r16.c.o
#9 71.84 [ 83%] Building C object examples/xApp/c/monitor/RRC_MESSAGES/CMakeFiles/asn1_nr_rrc.dir/NR_SL-ResourcePoolID-r16.c.o
#9 71.87 [ 83%] Building C object examples/xApp/c/monitor/RRC_MESSAGES/CMakeFiles/asn1_nr_rrc.dir/NR_SL-ResourcePool-r16.c.o
#9 72.02 [ 83%] Building C object examples/xApp/c/monitor/RRC_MESSAGES/CMakeFiles/asn1_nr_rrc.dir/NR_SL-ResourceReservePeriod-r16.c.o
#9 72.05 [ 83%] Building C object examples/xApp/c/monitor/RRC_MESSAGES/CMakeFiles/asn1_nr_rrc.dir/NR_SL-RLC-BearerConfigIndex-r16.c.o
#9 72.05 [ 83%] Building C object examples/xApp/c/monitor/RRC_MESSAGES/CMakeFiles/asn1_nr_rrc.dir/NR_SL-RLC-BearerConfig-r16.c.o
#9 72.08 [ 83%] Building C object examples/xApp/c/monitor/RRC_MESSAGES/CMakeFiles/asn1_nr_rrc.dir/NR_SL-RLC-ChannelConfigPC5-r17.c.o
#9 72.09 [ 83%] Building C object examples/xApp/c/monitor/RRC_MESSAGES/CMakeFiles/asn1_nr_rrc.dir/NR_SL-RLC-ChannelConfig-r17.c.o
#9 72.11 [ 83%] Building C object examples/xApp/c/monitor/RRC_MESSAGES/CMakeFiles/asn1_nr_rrc.dir/NR_SL-RLC-ChannelID-r17.c.o
#9 72.13 [ 83%] Building C object examples/xApp/c/monitor/RRC_MESSAGES/CMakeFiles/asn1_nr_rrc.dir/NR_SL-RLC-ConfigPC5-r16.c.o
#9 72.14 [ 83%] Building C object examples/xApp/c/monitor/RRC_MESSAGES/CMakeFiles/asn1_nr_rrc.dir/NR_SL-RLC-Config-r16.c.o
#9 72.17 [ 83%] Building C object examples/xApp/c/monitor/RRC_MESSAGES/CMakeFiles/asn1_nr_rrc.dir/NR_SL-RLC-ModeIndication-r16.c.o
#9 72.19 [ 83%] Building C object examples/xApp/c/monitor/RRC_MESSAGES/CMakeFiles/asn1_nr_rrc.dir/NR_SL-RoHC-Profiles-r16.c.o
#9 72.22 [ 83%] Building C object examples/xApp/c/monitor/RRC_MESSAGES/CMakeFiles/asn1_nr_rrc.dir/NR_SL-RSRP-Range-r16.c.o
#9 72.22 [ 83%] Building C object examples/xApp/c/monitor/RRC_MESSAGES/CMakeFiles/asn1_nr_rrc.dir/NR_SL-RS-Type-r16.c.o
#9 72.26 [ 83%] Building C object examples/xApp/c/monitor/RRC_MESSAGES/CMakeFiles/asn1_nr_rrc.dir/NR_SL-RxDRX-ReportList-v1700.c.o
#9 72.26 [ 83%] Building C object examples/xApp/c/monitor/RRC_MESSAGES/CMakeFiles/asn1_nr_rrc.dir/NR_SL-RxDRX-Report-v1700.c.o
#9 72.29 [ 83%] Building C object examples/xApp/c/monitor/RRC_MESSAGES/CMakeFiles/asn1_nr_rrc.dir/NR_SL-RxInterestedGC-BC-DestList-r17.c.o
#9 72.29 [ 83%] Building C object examples/xApp/c/monitor/RRC_MESSAGES/CMakeFiles/asn1_nr_rrc.dir/NR_SL-RxInterestedGC-BC-Dest-r17.c.o
#9 72.32 [ 83%] Building C object examples/xApp/c/monitor/RRC_MESSAGES/CMakeFiles/asn1_nr_rrc.dir/NR_SL-ScheduledConfig-r16.c.o
#9 72.34 [ 83%] Building C object examples/xApp/c/monitor/RRC_MESSAGES/CMakeFiles/asn1_nr_rrc.dir/NR_SL-SDAP-ConfigPC5-r16.c.o
#9 72.36 [ 83%] Building C object examples/xApp/c/monitor/RRC_MESSAGES/CMakeFiles/asn1_nr_rrc.dir/NR_SL-SDAP-Config-r16.c.o
#9 72.38 [ 83%] Building C object examples/xApp/c/monitor/RRC_MESSAGES/CMakeFiles/asn1_nr_rrc.dir/NR_SL-SelectionWindowConfig-r16.c.o
#9 72.39 [ 83%] Building C object examples/xApp/c/monitor/RRC_MESSAGES/CMakeFiles/asn1_nr_rrc.dir/NR_SL-SelectionWindowList-r16.c.o
#9 72.42 [ 83%] Building C object examples/xApp/c/monitor/RRC_MESSAGES/CMakeFiles/asn1_nr_rrc.dir/NR_SL-ServingCellInfo-r17.c.o
#9 72.43 [ 83%] Building C object examples/xApp/c/monitor/RRC_MESSAGES/CMakeFiles/asn1_nr_rrc.dir/NR_SL-SIB-ReqInfo-r17.c.o
#9 72.45 [ 84%] Building C object examples/xApp/c/monitor/RRC_MESSAGES/CMakeFiles/asn1_nr_rrc.dir/NR_SL-SourceIdentity-r17.c.o
#9 72.47 [ 84%] Building C object examples/xApp/c/monitor/RRC_MESSAGES/CMakeFiles/asn1_nr_rrc.dir/NR_SL-SRAP-Config-r17.c.o
#9 72.49 [ 84%] Building C object examples/xApp/c/monitor/RRC_MESSAGES/CMakeFiles/asn1_nr_rrc.dir/NR_SL-SSB-TimeAllocation-r16.c.o
#9 72.50 [ 84%] Building C object examples/xApp/c/monitor/RRC_MESSAGES/CMakeFiles/asn1_nr_rrc.dir/NR_SL-SyncAllowed-r16.c.o
#9 72.52 [ 84%] Building C object examples/xApp/c/monitor/RRC_MESSAGES/CMakeFiles/asn1_nr_rrc.dir/NR_SL-SyncConfigList-r16.c.o
#9 72.55 [ 84%] Building C object examples/xApp/c/monitor/RRC_MESSAGES/CMakeFiles/asn1_nr_rrc.dir/NR_SL-SyncConfig-r16.c.o
#9 72.56 [ 84%] Building C object examples/xApp/c/monitor/RRC_MESSAGES/CMakeFiles/asn1_nr_rrc.dir/NR_SL-ThresholdRSRP-Condition1-B-1-r17.c.o
#9 72.58 [ 84%] Building C object examples/xApp/c/monitor/RRC_MESSAGES/CMakeFiles/asn1_nr_rrc.dir/NR_SL-Thres-RSRP-List-r16.c.o
#9 72.60 [ 84%] Building C object examples/xApp/c/monitor/RRC_MESSAGES/CMakeFiles/asn1_nr_rrc.dir/NR_SL-Thres-RSRP-r16.c.o
#9 72.62 [ 84%] Building C object examples/xApp/c/monitor/RRC_MESSAGES/CMakeFiles/asn1_nr_rrc.dir/NR_SL-TimeOffsetEUTRA-r16.c.o
#9 72.64 [ 84%] Building C object examples/xApp/c/monitor/RRC_MESSAGES/CMakeFiles/asn1_nr_rrc.dir/NR_SL-TrafficPatternInfo-r16.c.o
#9 72.66 [ 84%] Building C object examples/xApp/c/monitor/RRC_MESSAGES/CMakeFiles/asn1_nr_rrc.dir/NR_SL-TxConfigIndex-r16.c.o
#9 72.68 [ 84%] Building C object examples/xApp/c/monitor/RRC_MESSAGES/CMakeFiles/asn1_nr_rrc.dir/NR_SL-TxInterestedFreqList-r16.c.o
#9 72.71 [ 84%] Building C object examples/xApp/c/monitor/RRC_MESSAGES/CMakeFiles/asn1_nr_rrc.dir/NR_SL-TxPercentageConfig-r16.c.o
#9 72.71 [ 84%] Building C object examples/xApp/c/monitor/RRC_MESSAGES/CMakeFiles/asn1_nr_rrc.dir/NR_SL-TxPercentageList-r16.c.o
#9 72.73 [ 84%] Building C object examples/xApp/c/monitor/RRC_MESSAGES/CMakeFiles/asn1_nr_rrc.dir/NR_SL-TxPoolDedicated-r16.c.o
#9 72.75 [ 84%] Building C object examples/xApp/c/monitor/RRC_MESSAGES/CMakeFiles/asn1_nr_rrc.dir/NR_SL-TxPower-r16.c.o
#9 72.78 [ 84%] Building C object examples/xApp/c/monitor/RRC_MESSAGES/CMakeFiles/asn1_nr_rrc.dir/NR_SL-TxProfileList-r17.c.o
#9 72.80 [ 84%] Building C object examples/xApp/c/monitor/RRC_MESSAGES/CMakeFiles/asn1_nr_rrc.dir/NR_SL-TxProfile-r17.c.o
#9 72.83 [ 84%] Building C object examples/xApp/c/monitor/RRC_MESSAGES/CMakeFiles/asn1_nr_rrc.dir/NR_SL-TxResourceReqCommRelayInfo-r17.c.o
#9 72.84 [ 84%] Building C object examples/xApp/c/monitor/RRC_MESSAGES/CMakeFiles/asn1_nr_rrc.dir/NR_SL-TxResourceReqCommRelay-r17.c.o
#9 72.86 [ 84%] Building C object examples/xApp/c/monitor/RRC_MESSAGES/CMakeFiles/asn1_nr_rrc.dir/NR_SL-TxResourceReqDisc-r17.c.o
#9 72.86 [ 84%] Building C object examples/xApp/c/monitor/RRC_MESSAGES/CMakeFiles/asn1_nr_rrc.dir/NR_SL-TxResourceReqL2U2N-Relay-r17.c.o
#9 72.89 [ 84%] Building C object examples/xApp/c/monitor/RRC_MESSAGES/CMakeFiles/asn1_nr_rrc.dir/NR_SL-TxResourceReqListCommRelay-r17.c.o
#9 72.90 [ 84%] Building C object examples/xApp/c/monitor/RRC_MESSAGES/CMakeFiles/asn1_nr_rrc.dir/NR_SL-TxResourceReqListDisc-r17.c.o
#9 72.92 [ 84%] Building C object examples/xApp/c/monitor/RRC_MESSAGES/CMakeFiles/asn1_nr_rrc.dir/NR_SL-TxResourceReqList-r16.c.o
#9 72.93 [ 84%] Building C object examples/xApp/c/monitor/RRC_MESSAGES/CMakeFiles/asn1_nr_rrc.dir/NR_SL-TxResourceReqList-v1700.c.o
#9 72.95 [ 84%] Building C object examples/xApp/c/monitor/RRC_MESSAGES/CMakeFiles/asn1_nr_rrc.dir/NR_SL-TxResourceReq-r16.c.o
#9 72.96 [ 84%] Building C object examples/xApp/c/monitor/RRC_MESSAGES/CMakeFiles/asn1_nr_rrc.dir/NR_SL-TxResourceReq-v1700.c.o
#9 72.98 [ 84%] Building C object examples/xApp/c/monitor/RRC_MESSAGES/CMakeFiles/asn1_nr_rrc.dir/NR_SL-TypeTxSync-r16.c.o
#9 72.99 [ 84%] Building C object examples/xApp/c/monitor/RRC_MESSAGES/CMakeFiles/asn1_nr_rrc.dir/NR_SL-UE-AssistanceInformationNR-r16.c.o
#9 73.00 [ 84%] Building C object examples/xApp/c/monitor/RRC_MESSAGES/CMakeFiles/asn1_nr_rrc.dir/NR_SL-UE-SelectedConfig-r16.c.o
#9 73.01 [ 84%] Building C object examples/xApp/c/monitor/RRC_MESSAGES/CMakeFiles/asn1_nr_rrc.dir/NR_SL-UE-SelectedConfigRP-r16.c.o
#9 73.03 [ 84%] Building C object examples/xApp/c/monitor/RRC_MESSAGES/CMakeFiles/asn1_nr_rrc.dir/NR_SL-ZoneConfigMCR-r16.c.o
#9 73.04 [ 84%] Building C object examples/xApp/c/monitor/RRC_MESSAGES/CMakeFiles/asn1_nr_rrc.dir/NR_SL-ZoneConfig-r16.c.o
#9 73.06 [ 84%] Building C object examples/xApp/c/monitor/RRC_MESSAGES/CMakeFiles/asn1_nr_rrc.dir/NR_SN-FieldLengthAM.c.o
#9 73.07 [ 84%] Building C object examples/xApp/c/monitor/RRC_MESSAGES/CMakeFiles/asn1_nr_rrc.dir/NR_SN-FieldLengthUM.c.o
#9 73.08 [ 84%] Building C object examples/xApp/c/monitor/RRC_MESSAGES/CMakeFiles/asn1_nr_rrc.dir/NR_SNPN-AccessInfo-r17.c.o
#9 73.10 [ 85%] Building C object examples/xApp/c/monitor/RRC_MESSAGES/CMakeFiles/asn1_nr_rrc.dir/NR_S-NSSAI.c.o
#9 73.11 [ 85%] Building C object examples/xApp/c/monitor/RRC_MESSAGES/CMakeFiles/asn1_nr_rrc.dir/NR_SON-Parameters-r16.c.o
#9 73.12 [ 85%] Building C object examples/xApp/c/monitor/RRC_MESSAGES/CMakeFiles/asn1_nr_rrc.dir/NR_SpatialRelationInfo-PDC-r17.c.o
#9 73.13 [ 85%] Building C object examples/xApp/c/monitor/RRC_MESSAGES/CMakeFiles/asn1_nr_rrc.dir/NR_SpatialRelations.c.o
#9 73.15 [ 85%] Building C object examples/xApp/c/monitor/RRC_MESSAGES/CMakeFiles/asn1_nr_rrc.dir/NR_SpatialRelationsSRS-Pos-r16.c.o
#9 73.16 [ 85%] Building C object examples/xApp/c/monitor/RRC_MESSAGES/CMakeFiles/asn1_nr_rrc.dir/NR_SpCellConfig.c.o
#9 73.17 [ 85%] Building C object examples/xApp/c/monitor/RRC_MESSAGES/CMakeFiles/asn1_nr_rrc.dir/NR_SpeedStateScaleFactors.c.o
#9 73.20 [ 85%] Building C object examples/xApp/c/monitor/RRC_MESSAGES/CMakeFiles/asn1_nr_rrc.dir/NR_SPS-Config.c.o
#9 73.23 [ 85%] Building C object examples/xApp/c/monitor/RRC_MESSAGES/CMakeFiles/asn1_nr_rrc.dir/NR_SPS-ConfigDeactivationStateList-r16.c.o
#9 73.26 [ 85%] Building C object examples/xApp/c/monitor/RRC_MESSAGES/CMakeFiles/asn1_nr_rrc.dir/NR_SPS-ConfigDeactivationState-r16.c.o
#9 73.28 [ 85%] Building C object examples/xApp/c/monitor/RRC_MESSAGES/CMakeFiles/asn1_nr_rrc.dir/NR_SPS-ConfigIndex-r16.c.o
#9 73.28 [ 85%] Building C object examples/xApp/c/monitor/RRC_MESSAGES/CMakeFiles/asn1_nr_rrc.dir/NR_SPS-ConfigMulticastToAddModList-r17.c.o
#9 73.31 [ 85%] Building C object examples/xApp/c/monitor/RRC_MESSAGES/CMakeFiles/asn1_nr_rrc.dir/NR_SPS-ConfigMulticastToReleaseList-r17.c.o
#9 73.31 [ 85%] Building C object examples/xApp/c/monitor/RRC_MESSAGES/CMakeFiles/asn1_nr_rrc.dir/NR_SPS-ConfigToAddModList-r16.c.o
#9 73.34 [ 85%] Building C object examples/xApp/c/monitor/RRC_MESSAGES/CMakeFiles/asn1_nr_rrc.dir/NR_SPS-ConfigToReleaseList-r16.c.o
#9 73.34 [ 85%] Building C object examples/xApp/c/monitor/RRC_MESSAGES/CMakeFiles/asn1_nr_rrc.dir/NR_SPS-PUCCH-AN-List-r16.c.o
#9 73.37 [ 85%] Building C object examples/xApp/c/monitor/RRC_MESSAGES/CMakeFiles/asn1_nr_rrc.dir/NR_SPS-PUCCH-AN-r16.c.o
#9 73.37 [ 85%] Building C object examples/xApp/c/monitor/RRC_MESSAGES/CMakeFiles/asn1_nr_rrc.dir/NR_SRB-Identity.c.o
#9 73.40 [ 85%] Building C object examples/xApp/c/monitor/RRC_MESSAGES/CMakeFiles/asn1_nr_rrc.dir/NR_SRB-Identity-v1700.c.o
#9 73.40 [ 85%] Building C object examples/xApp/c/monitor/RRC_MESSAGES/CMakeFiles/asn1_nr_rrc.dir/NR_SRB-ToAddMod.c.o
#9 73.43 [ 85%] Building C object examples/xApp/c/monitor/RRC_MESSAGES/CMakeFiles/asn1_nr_rrc.dir/NR_SRB-ToAddModList.c.o
#9 73.50 [ 85%] Building C object examples/xApp/c/monitor/RRC_MESSAGES/CMakeFiles/asn1_nr_rrc.dir/NR_SRI-PUSCH-PowerControl.c.o
#9 73.52 [ 85%] Building C object examples/xApp/c/monitor/RRC_MESSAGES/CMakeFiles/asn1_nr_rrc.dir/NR_SRI-PUSCH-PowerControlId.c.o
#9 73.54 [ 85%] Building C object examples/xApp/c/monitor/RRC_MESSAGES/CMakeFiles/asn1_nr_rrc.dir/NR_SRS-AllPosResources-r16.c.o
#9 73.55 [ 85%] Building C object examples/xApp/c/monitor/RRC_MESSAGES/CMakeFiles/asn1_nr_rrc.dir/NR_SRS-AllPosResourcesRRC-Inactive-r17.c.o
#9 73.57 [ 85%] Building C object examples/xApp/c/monitor/RRC_MESSAGES/CMakeFiles/asn1_nr_rrc.dir/NR_SRS-CarrierSwitching.c.o
#9 73.58 [ 85%] Building C object examples/xApp/c/monitor/RRC_MESSAGES/CMakeFiles/asn1_nr_rrc.dir/NR_SRS-CC-SetIndex.c.o
#9 73.60 [ 85%] Building C object examples/xApp/c/monitor/RRC_MESSAGES/CMakeFiles/asn1_nr_rrc.dir/NR_SRS-Config.c.o
#9 73.60 [ 85%] Building C object examples/xApp/c/monitor/RRC_MESSAGES/CMakeFiles/asn1_nr_rrc.dir/NR_SRS-PathlossReferenceRS-Id-r16.c.o
#9 73.63 [ 85%] Building C object examples/xApp/c/monitor/RRC_MESSAGES/CMakeFiles/asn1_nr_rrc.dir/NR_SRS-PeriodicityAndOffset.c.o
#9 73.67 [ 85%] Building C object examples/xApp/c/monitor/RRC_MESSAGES/CMakeFiles/asn1_nr_rrc.dir/NR_SRS-PeriodicityAndOffsetExt-r16.c.o
#9 73.70 [ 85%] Building C object examples/xApp/c/monitor/RRC_MESSAGES/CMakeFiles/asn1_nr_rrc.dir/NR_SRS-PeriodicityAndOffset-r16.c.o
#9 73.71 [ 85%] Building C object examples/xApp/c/monitor/RRC_MESSAGES/CMakeFiles/asn1_nr_rrc.dir/NR_SRS-PosConfig-r17.c.o
#9 73.73 [ 85%] Building C object examples/xApp/c/monitor/RRC_MESSAGES/CMakeFiles/asn1_nr_rrc.dir/NR_SRS-PosResourceAP-r16.c.o
#9 73.74 [ 85%] Building C object examples/xApp/c/monitor/RRC_MESSAGES/CMakeFiles/asn1_nr_rrc.dir/NR_SRS-PosResourceId-r16.c.o
#9 73.76 [ 85%] Building C object examples/xApp/c/monitor/RRC_MESSAGES/CMakeFiles/asn1_nr_rrc.dir/NR_SRS-PosResource-r16.c.o
#9 73.76 [ 85%] Building C object examples/xApp/c/monitor/RRC_MESSAGES/CMakeFiles/asn1_nr_rrc.dir/NR_SRS-PosResourceSetId-r16.c.o
#9 73.79 [ 85%] Building C object examples/xApp/c/monitor/RRC_MESSAGES/CMakeFiles/asn1_nr_rrc.dir/NR_SRS-PosResourceSet-r16.c.o
#9 73.80 [ 85%] Building C object examples/xApp/c/monitor/RRC_MESSAGES/CMakeFiles/asn1_nr_rrc.dir/NR_SRS-PosResourceSP-r16.c.o
#9 73.82 [ 87%] Building C object examples/xApp/c/monitor/RRC_MESSAGES/CMakeFiles/asn1_nr_rrc.dir/NR_SRS-PosResources-r16.c.o
#9 73.83 [ 87%] Building C object examples/xApp/c/monitor/RRC_MESSAGES/CMakeFiles/asn1_nr_rrc.dir/NR_SRS-PosRRC-InactiveConfig-r17.c.o
#9 73.85 [ 87%] Building C object examples/xApp/c/monitor/RRC_MESSAGES/CMakeFiles/asn1_nr_rrc.dir/NR_SRS-PosRRC-Inactive-r17.c.o
#9 73.86 [ 87%] Building C object examples/xApp/c/monitor/RRC_MESSAGES/CMakeFiles/asn1_nr_rrc.dir/NR_SRS-Resource.c.o
#9 73.87 [ 87%] Building C object examples/xApp/c/monitor/RRC_MESSAGES/CMakeFiles/asn1_nr_rrc.dir/NR_SRS-ResourceConfigCLI-r16.c.o
#9 73.97 [ 87%] Building C object examples/xApp/c/monitor/RRC_MESSAGES/CMakeFiles/asn1_nr_rrc.dir/NR_SRS-ResourceId.c.o
#9 73.98 [ 87%] Building C object examples/xApp/c/monitor/RRC_MESSAGES/CMakeFiles/asn1_nr_rrc.dir/NR_SRS-ResourceListConfigCLI-r16.c.o
#9 74.01 [ 87%] Building C object examples/xApp/c/monitor/RRC_MESSAGES/CMakeFiles/asn1_nr_rrc.dir/NR_SRS-Resources.c.o
#9 74.04 [ 87%] Building C object examples/xApp/c/monitor/RRC_MESSAGES/CMakeFiles/asn1_nr_rrc.dir/NR_SRS-ResourceSet.c.o
#9 74.08 [ 87%] Building C object examples/xApp/c/monitor/RRC_MESSAGES/CMakeFiles/asn1_nr_rrc.dir/NR_SRS-ResourceSetId.c.o
#9 74.11 [ 87%] Building C object examples/xApp/c/monitor/RRC_MESSAGES/CMakeFiles/asn1_nr_rrc.dir/NR_SRS-RSRP-Range-r16.c.o
#9 74.14 [ 87%] Building C object examples/xApp/c/monitor/RRC_MESSAGES/CMakeFiles/asn1_nr_rrc.dir/NR_SRS-RSRP-TriggeredList-r16.c.o
#9 74.14 [ 87%] Building C object examples/xApp/c/monitor/RRC_MESSAGES/CMakeFiles/asn1_nr_rrc.dir/NR_SRS-SpatialRelationInfo.c.o
#9 74.17 [ 87%] Building C object examples/xApp/c/monitor/RRC_MESSAGES/CMakeFiles/asn1_nr_rrc.dir/NR_SRS-SwitchingAffectedBandsNR-r17.c.o
#9 74.17 [ 87%] Building C object examples/xApp/c/monitor/RRC_MESSAGES/CMakeFiles/asn1_nr_rrc.dir/NR_SRS-SpatialRelationInfoPos-r16.c.o
#9 74.20 [ 87%] Building C object examples/xApp/c/monitor/RRC_MESSAGES/CMakeFiles/asn1_nr_rrc.dir/NR_SRS-SwitchingTimeNR.c.o
#9 74.20 [ 87%] Building C object examples/xApp/c/monitor/RRC_MESSAGES/CMakeFiles/asn1_nr_rrc.dir/NR_SRS-SwitchingTimeEUTRA.c.o
#9 74.23 [ 87%] Building C object examples/xApp/c/monitor/RRC_MESSAGES/CMakeFiles/asn1_nr_rrc.dir/NR_SRS-TPC-CommandConfig.c.o
#9 74.23 [ 87%] Building C object examples/xApp/c/monitor/RRC_MESSAGES/CMakeFiles/asn1_nr_rrc.dir/NR_SRS-TPC-PDCCH-Config.c.o
#9 74.27 [ 87%] Building C object examples/xApp/c/monitor/RRC_MESSAGES/CMakeFiles/asn1_nr_rrc.dir/NR_SSB-ConfigMobility.c.o
#9 74.27 [ 87%] Building C object examples/xApp/c/monitor/RRC_MESSAGES/CMakeFiles/asn1_nr_rrc.dir/NR_SSB-Configuration-r16.c.o
#9 74.30 [ 87%] Building C object examples/xApp/c/monitor/RRC_MESSAGES/CMakeFiles/asn1_nr_rrc.dir/NR_SSB-Index.c.o
#9 74.34 [ 87%] Building C object examples/xApp/c/monitor/RRC_MESSAGES/CMakeFiles/asn1_nr_rrc.dir/NR_SSB-InfoNcell-r16.c.o
#9 74.37 [ 87%] Building C object examples/xApp/c/monitor/RRC_MESSAGES/CMakeFiles/asn1_nr_rrc.dir/NR_SSB-MTC2.c.o
#9 74.38 [ 87%] Building C object examples/xApp/c/monitor/RRC_MESSAGES/CMakeFiles/asn1_nr_rrc.dir/NR_SSB-MTC2-LP-r16.c.o
#9 74.41 [ 87%] Building C object examples/xApp/c/monitor/RRC_MESSAGES/CMakeFiles/asn1_nr_rrc.dir/NR_SSB-MTC3List-r16.c.o
#9 74.41 [ 87%] Building C object examples/xApp/c/monitor/RRC_MESSAGES/CMakeFiles/asn1_nr_rrc.dir/NR_SSB-MTC3-r16.c.o
#9 74.51 [ 87%] Building C object examples/xApp/c/monitor/RRC_MESSAGES/CMakeFiles/asn1_nr_rrc.dir/NR_SSB-MTC4List-r17.c.o
#9 74.52 [ 87%] Building C object examples/xApp/c/monitor/RRC_MESSAGES/CMakeFiles/asn1_nr_rrc.dir/NR_SSB-MTC4-r17.c.o
#9 74.54 [ 87%] Building C object examples/xApp/c/monitor/RRC_MESSAGES/CMakeFiles/asn1_nr_rrc.dir/NR_SSB-MTC-AdditionalPCI-r17.c.o
#9 74.55 [ 87%] Building C object examples/xApp/c/monitor/RRC_MESSAGES/CMakeFiles/asn1_nr_rrc.dir/NR_SSB-MTC.c.o
#9 74.57 [ 87%] Building C object examples/xApp/c/monitor/RRC_MESSAGES/CMakeFiles/asn1_nr_rrc.dir/NR_SSB-PositionQCL-CellList-r17.c.o
#9 74.58 [ 87%] Building C object examples/xApp/c/monitor/RRC_MESSAGES/CMakeFiles/asn1_nr_rrc.dir/NR_SSB-PositionQCL-Cell-r17.c.o
#9 74.60 [ 87%] Building C object examples/xApp/c/monitor/RRC_MESSAGES/CMakeFiles/asn1_nr_rrc.dir/NR_SSB-PositionQCL-CellsToAddModList-r16.c.o
#9 74.61 [ 87%] Building C object examples/xApp/c/monitor/RRC_MESSAGES/CMakeFiles/asn1_nr_rrc.dir/NR_SSB-PositionQCL-CellsToAddMod-r16.c.o
#9 74.63 [ 87%] Building C object examples/xApp/c/monitor/RRC_MESSAGES/CMakeFiles/asn1_nr_rrc.dir/NR_SSB-PositionQCL-Relation-r16.c.o
#9 74.64 [ 87%] Building C object examples/xApp/c/monitor/RRC_MESSAGES/CMakeFiles/asn1_nr_rrc.dir/NR_SSB-PositionQCL-Relation-r17.c.o
#9 74.66 [ 87%] Building C object examples/xApp/c/monitor/RRC_MESSAGES/CMakeFiles/asn1_nr_rrc.dir/NR_SSB-ToMeasure.c.o
#9 74.68 [ 88%] Building C object examples/xApp/c/monitor/RRC_MESSAGES/CMakeFiles/asn1_nr_rrc.dir/NR_SS-RSSI-Measurement.c.o
#9 74.69 [ 88%] Building C object examples/xApp/c/monitor/RRC_MESSAGES/CMakeFiles/asn1_nr_rrc.dir/NR_SubcarrierSpacing.c.o
#9 74.72 [ 88%] Building C object examples/xApp/c/monitor/RRC_MESSAGES/CMakeFiles/asn1_nr_rrc.dir/NR_SubgroupConfig-r17.c.o
#9 74.72 [ 88%] Building C object examples/xApp/c/monitor/RRC_MESSAGES/CMakeFiles/asn1_nr_rrc.dir/NR_SubSlot-Config-r16.c.o
#9 74.75 [ 88%] Building C object examples/xApp/c/monitor/RRC_MESSAGES/CMakeFiles/asn1_nr_rrc.dir/NR_SuccessHO-Config-r17.c.o
#9 74.75 [ 88%] Building C object examples/xApp/c/monitor/RRC_MESSAGES/CMakeFiles/asn1_nr_rrc.dir/NR_SuccessHO-Report-r17.c.o
#9 74.78 [ 88%] Building C object examples/xApp/c/monitor/RRC_MESSAGES/CMakeFiles/asn1_nr_rrc.dir/NR_SupportedBandUTRA-FDD-r16.c.o
#9 74.79 [ 88%] Building C object examples/xApp/c/monitor/RRC_MESSAGES/CMakeFiles/asn1_nr_rrc.dir/NR_SupportedBandwidth.c.o
#9 74.81 [ 88%] Building C object examples/xApp/c/monitor/RRC_MESSAGES/CMakeFiles/asn1_nr_rrc.dir/NR_SupportedBandwidth-v1700.c.o
#9 74.83 [ 88%] Building C object examples/xApp/c/monitor/RRC_MESSAGES/CMakeFiles/asn1_nr_rrc.dir/NR_SupportedCSI-RS-Resource.c.o
#9 74.84 [ 88%] Building C object examples/xApp/c/monitor/RRC_MESSAGES/CMakeFiles/asn1_nr_rrc.dir/NR_SuspendConfig.c.o
#9 74.86 [ 88%] Building C object examples/xApp/c/monitor/RRC_MESSAGES/CMakeFiles/asn1_nr_rrc.dir/NR_SystemInformation.c.o
#9 74.90 [ 88%] Building C object examples/xApp/c/monitor/RRC_MESSAGES/CMakeFiles/asn1_nr_rrc.dir/NR_SystemInformation-IEs.c.o
#9 74.94 [ 88%] Building C object examples/xApp/c/monitor/RRC_MESSAGES/CMakeFiles/asn1_nr_rrc.dir/NR_T312-r16.c.o
#9 74.95 [ 88%] Building C object examples/xApp/c/monitor/RRC_MESSAGES/CMakeFiles/asn1_nr_rrc.dir/NR_T316-r16.c.o
#9 74.97 [ 88%] Building C object examples/xApp/c/monitor/RRC_MESSAGES/CMakeFiles/asn1_nr_rrc.dir/NR_TAG.c.o
#9 74.98 [ 88%] Building C object examples/xApp/c/monitor/RRC_MESSAGES/CMakeFiles/asn1_nr_rrc.dir/NR_TAG-Config.c.o
#9 75.01 [ 88%] Building C object examples/xApp/c/monitor/RRC_MESSAGES/CMakeFiles/asn1_nr_rrc.dir/NR_TAG-Id.c.o
#9 75.01 [ 88%] Building C object examples/xApp/c/monitor/RRC_MESSAGES/CMakeFiles/asn1_nr_rrc.dir/NR_TA-Info-r17.c.o
#9 75.04 [ 88%] Building C object examples/xApp/c/monitor/RRC_MESSAGES/CMakeFiles/asn1_nr_rrc.dir/NR_TAR-Config-r17.c.o
#9 75.04 [ 88%] Building C object examples/xApp/c/monitor/RRC_MESSAGES/CMakeFiles/asn1_nr_rrc.dir/NR_TCI-ActivatedConfig-r17.c.o
#9 75.07 [ 88%] Building C object examples/xApp/c/monitor/RRC_MESSAGES/CMakeFiles/asn1_nr_rrc.dir/NR_TCI-State.c.o
#9 75.08 [ 88%] Building C object examples/xApp/c/monitor/RRC_MESSAGES/CMakeFiles/asn1_nr_rrc.dir/NR_TCI-StateId.c.o
#9 75.10 [ 88%] Building C object examples/xApp/c/monitor/RRC_MESSAGES/CMakeFiles/asn1_nr_rrc.dir/NR_TCI-UL-State-Id-r17.c.o
#9 75.11 [ 88%] Building C object examples/xApp/c/monitor/RRC_MESSAGES/CMakeFiles/asn1_nr_rrc.dir/NR_TCI-UL-State-r17.c.o
#9 75.13 [ 88%] Building C object examples/xApp/c/monitor/RRC_MESSAGES/CMakeFiles/asn1_nr_rrc.dir/NR_TDD-UL-DL-ConfigCommon.c.o
#9 75.14 [ 88%] Building C object examples/xApp/c/monitor/RRC_MESSAGES/CMakeFiles/asn1_nr_rrc.dir/NR_TDD-UL-DL-ConfigDedicated.c.o
#9 75.16 [ 88%] Building C object examples/xApp/c/monitor/RRC_MESSAGES/CMakeFiles/asn1_nr_rrc.dir/NR_TDD-UL-DL-ConfigDedicated-IAB-MT-r16.c.o
#9 75.17 [ 88%] Building C object examples/xApp/c/monitor/RRC_MESSAGES/CMakeFiles/asn1_nr_rrc.dir/NR_TDD-UL-DL-Pattern.c.o
#9 75.20 [ 88%] Building C object examples/xApp/c/monitor/RRC_MESSAGES/CMakeFiles/asn1_nr_rrc.dir/NR_TDD-UL-DL-SlotConfig.c.o
#9 75.21 [ 88%] Building C object examples/xApp/c/monitor/RRC_MESSAGES/CMakeFiles/asn1_nr_rrc.dir/NR_TDD-UL-DL-SlotConfig-IAB-MT-r16.c.o
#9 75.23 [ 88%] Building C object examples/xApp/c/monitor/RRC_MESSAGES/CMakeFiles/asn1_nr_rrc.dir/NR_TDD-UL-DL-SlotIndex.c.o
#9 75.24 [ 88%] Building C object examples/xApp/c/monitor/RRC_MESSAGES/CMakeFiles/asn1_nr_rrc.dir/NR_ThresholdNR.c.o
#9 75.27 [ 88%] Building C object examples/xApp/c/monitor/RRC_MESSAGES/CMakeFiles/asn1_nr_rrc.dir/NR_TimeAlignmentTimer.c.o
#9 75.29 [ 88%] Building C object examples/xApp/c/monitor/RRC_MESSAGES/CMakeFiles/asn1_nr_rrc.dir/NR_TimeBetweenEvent-r17.c.o
#9 75.31 [ 88%] Building C object examples/xApp/c/monitor/RRC_MESSAGES/CMakeFiles/asn1_nr_rrc.dir/NR_TimeConnSourceDAPS-Failure-r17.c.o
#9 75.31 [ 88%] Building C object examples/xApp/c/monitor/RRC_MESSAGES/CMakeFiles/asn1_nr_rrc.dir/NR_TimeSinceCHO-Reconfig-r17.c.o
#9 75.35 [ 88%] Building C object examples/xApp/c/monitor/RRC_MESSAGES/CMakeFiles/asn1_nr_rrc.dir/NR_TimeSinceFailure-r16.c.o
#9 75.35 [ 88%] Building C object examples/xApp/c/monitor/RRC_MESSAGES/CMakeFiles/asn1_nr_rrc.dir/NR_TimeToTrigger.c.o
#9 75.38 [ 90%] Building C object examples/xApp/c/monitor/RRC_MESSAGES/CMakeFiles/asn1_nr_rrc.dir/NR_TimeUntilReconnection-r16.c.o
#9 75.39 [ 90%] Building C object examples/xApp/c/monitor/RRC_MESSAGES/CMakeFiles/asn1_nr_rrc.dir/NR_TMGI-r17.c.o
#9 75.42 [ 90%] Building C object examples/xApp/c/monitor/RRC_MESSAGES/CMakeFiles/asn1_nr_rrc.dir/NR_T-Offset-r16.c.o
#9 75.42 [ 90%] Building C object examples/xApp/c/monitor/RRC_MESSAGES/CMakeFiles/asn1_nr_rrc.dir/NR_T-PollRetransmit.c.o
#9 75.45 [ 90%] Building C object examples/xApp/c/monitor/RRC_MESSAGES/CMakeFiles/asn1_nr_rrc.dir/NR_TraceReference-r16.c.o
#9 75.45 [ 90%] Building C object examples/xApp/c/monitor/RRC_MESSAGES/CMakeFiles/asn1_nr_rrc.dir/NR_TrackingAreaCode.c.o
#9 75.48 [ 90%] Building C object examples/xApp/c/monitor/RRC_MESSAGES/CMakeFiles/asn1_nr_rrc.dir/NR_TrackingAreaCodeList-r16.c.o
#9 75.49 [ 90%] Building C object examples/xApp/c/monitor/RRC_MESSAGES/CMakeFiles/asn1_nr_rrc.dir/NR_TrackingAreaIdentityList-r16.c.o
#9 75.51 [ 90%] Building C object examples/xApp/c/monitor/RRC_MESSAGES/CMakeFiles/asn1_nr_rrc.dir/NR_TrackingAreaIdentity-r16.c.o
#9 75.52 [ 90%] Building C object examples/xApp/c/monitor/RRC_MESSAGES/CMakeFiles/asn1_nr_rrc.dir/NR_TransmissionBandwidth-EUTRA-r16.c.o
#9 75.55 [ 90%] Building C object examples/xApp/c/monitor/RRC_MESSAGES/CMakeFiles/asn1_nr_rrc.dir/NR_T-Reassembly.c.o
#9 75.57 [ 90%] Building C object examples/xApp/c/monitor/RRC_MESSAGES/CMakeFiles/asn1_nr_rrc.dir/NR_T-ReassemblyExt-r17.c.o
#9 75.58 [ 90%] Building C object examples/xApp/c/monitor/RRC_MESSAGES/CMakeFiles/asn1_nr_rrc.dir/NR_T-Reselection.c.o
#9 75.59 [ 90%] Building C object examples/xApp/c/monitor/RRC_MESSAGES/CMakeFiles/asn1_nr_rrc.dir/NR_TRS-ResourceSet-r17.c.o
#9 75.61 [ 90%] Building C object examples/xApp/c/monitor/RRC_MESSAGES/CMakeFiles/asn1_nr_rrc.dir/NR_T-StatusProhibit.c.o
#9 75.64 [ 90%] Building C object examples/xApp/c/monitor/RRC_MESSAGES/CMakeFiles/asn1_nr_rrc.dir/NR_T-StatusProhibit-v1610.c.o
#9 75.65 [ 90%] Building C object examples/xApp/c/monitor/RRC_MESSAGES/CMakeFiles/asn1_nr_rrc.dir/NR_TwoPUCCH-Grp-ConfigParams-r16.c.o
#9 75.67 [ 90%] Building C object examples/xApp/c/monitor/RRC_MESSAGES/CMakeFiles/asn1_nr_rrc.dir/NR_TwoPUCCH-Grp-Configurations-r16.c.o
#9 75.68 [ 90%] Building C object examples/xApp/c/monitor/RRC_MESSAGES/CMakeFiles/asn1_nr_rrc.dir/NR_TwoPUCCH-Grp-Configurations-r17.c.o
#9 75.70 [ 90%] Building C object examples/xApp/c/monitor/RRC_MESSAGES/CMakeFiles/asn1_nr_rrc.dir/NR_Tx-PoolMeasList-r16.c.o
#9 75.71 [ 90%] Building C object examples/xApp/c/monitor/RRC_MESSAGES/CMakeFiles/asn1_nr_rrc.dir/NR_UAC-AC1-SelectAssistInfo-r16.c.o
#9 75.73 [ 90%] Building C object examples/xApp/c/monitor/RRC_MESSAGES/CMakeFiles/asn1_nr_rrc.dir/NR_UAC-AccessCategory1-SelectionAssistanceInfo.c.o
#9 75.75 [ 90%] Building C object examples/xApp/c/monitor/RRC_MESSAGES/CMakeFiles/asn1_nr_rrc.dir/NR_UAC-BarringInfoSet.c.o
#9 75.76 [ 90%] Building C object examples/xApp/c/monitor/RRC_MESSAGES/CMakeFiles/asn1_nr_rrc.dir/NR_UAC-BarringInfoSetIndex.c.o
#9 75.78 [ 90%] Building C object examples/xApp/c/monitor/RRC_MESSAGES/CMakeFiles/asn1_nr_rrc.dir/NR_UAC-BarringInfoSetList.c.o
#9 75.80 [ 90%] Building C object examples/xApp/c/monitor/RRC_MESSAGES/CMakeFiles/asn1_nr_rrc.dir/NR_UAC-BarringInfoSetList-v1700.c.o
#9 75.82 [ 90%] Building C object examples/xApp/c/monitor/RRC_MESSAGES/CMakeFiles/asn1_nr_rrc.dir/NR_UAC-BarringInfoSet-v1700.c.o
#9 75.83 [ 90%] Building C object examples/xApp/c/monitor/RRC_MESSAGES/CMakeFiles/asn1_nr_rrc.dir/NR_UAC-BarringPerCat.c.o
#9 75.86 [ 90%] Building C object examples/xApp/c/monitor/RRC_MESSAGES/CMakeFiles/asn1_nr_rrc.dir/NR_UAC-BarringPerCatList.c.o
#9 75.86 [ 90%] Building C object examples/xApp/c/monitor/RRC_MESSAGES/CMakeFiles/asn1_nr_rrc.dir/NR_UAC-BarringPerPLMN.c.o
#9 75.90 [ 90%] Building C object examples/xApp/c/monitor/RRC_MESSAGES/CMakeFiles/asn1_nr_rrc.dir/NR_UAC-BarringPerPLMN-List.c.o
#9 75.91 [ 90%] Building C object examples/xApp/c/monitor/RRC_MESSAGES/CMakeFiles/asn1_nr_rrc.dir/NR_UCI-OnPUSCH.c.o
#9 75.94 [ 90%] Building C object examples/xApp/c/monitor/RRC_MESSAGES/CMakeFiles/asn1_nr_rrc.dir/NR_UCI-OnPUSCH-ListDCI-0-1-r16.c.o
#9 75.94 [ 90%] Building C object examples/xApp/c/monitor/RRC_MESSAGES/CMakeFiles/asn1_nr_rrc.dir/NR_UCI-OnPUSCH-DCI-0-2-r16.c.o
#9 75.98 [ 90%] Building C object examples/xApp/c/monitor/RRC_MESSAGES/CMakeFiles/asn1_nr_rrc.dir/NR_UCI-OnPUSCH-ListDCI-0-2-r16.c.o
#9 75.99 [ 90%] Building C object examples/xApp/c/monitor/RRC_MESSAGES/CMakeFiles/asn1_nr_rrc.dir/NR_UEAssistanceInformation.c.o
#9 76.01 [ 90%] Building C object examples/xApp/c/monitor/RRC_MESSAGES/CMakeFiles/asn1_nr_rrc.dir/NR_UEAssistanceInformation-IEs.c.o
#9 76.03 [ 90%] Building C object examples/xApp/c/monitor/RRC_MESSAGES/CMakeFiles/asn1_nr_rrc.dir/NR_UEAssistanceInformationSidelink-r17.c.o
#9 76.04 [ 90%] Building C object examples/xApp/c/monitor/RRC_MESSAGES/CMakeFiles/asn1_nr_rrc.dir/NR_UEAssistanceInformationSidelink-r17-IEs.c.o
#9 76.07 [ 91%] Building C object examples/xApp/c/monitor/RRC_MESSAGES/CMakeFiles/asn1_nr_rrc.dir/NR_UEAssistanceInformation-v1540-IEs.c.o
#9 76.08 [ 91%] Building C object examples/xApp/c/monitor/RRC_MESSAGES/CMakeFiles/asn1_nr_rrc.dir/NR_UEAssistanceInformation-v1610-IEs.c.o
#9 76.11 [ 91%] Building C object examples/xApp/c/monitor/RRC_MESSAGES/CMakeFiles/asn1_nr_rrc.dir/NR_UEAssistanceInformation-v1700-IEs.c.o
#9 76.12 [ 91%] Building C object examples/xApp/c/monitor/RRC_MESSAGES/CMakeFiles/asn1_nr_rrc.dir/NR_UE-BasedPerfMeas-Parameters-r16.c.o
#9 76.15 [ 91%] Building C object examples/xApp/c/monitor/RRC_MESSAGES/CMakeFiles/asn1_nr_rrc.dir/NR_UECapabilityEnquiry.c.o
#9 76.15 [ 91%] Building C object examples/xApp/c/monitor/RRC_MESSAGES/CMakeFiles/asn1_nr_rrc.dir/NR_UECapabilityEnquiry-IEs.c.o
#9 76.18 [ 91%] Building C object examples/xApp/c/monitor/RRC_MESSAGES/CMakeFiles/asn1_nr_rrc.dir/NR_UECapabilityEnquirySidelink.c.o
#9 76.20 [ 91%] Building C object examples/xApp/c/monitor/RRC_MESSAGES/CMakeFiles/asn1_nr_rrc.dir/NR_UECapabilityEnquirySidelink-r16-IEs.c.o
#9 76.22 [ 91%] Building C object examples/xApp/c/monitor/RRC_MESSAGES/CMakeFiles/asn1_nr_rrc.dir/NR_UECapabilityEnquiry-v1560-IEs.c.o
#9 76.23 [ 91%] Building C object examples/xApp/c/monitor/RRC_MESSAGES/CMakeFiles/asn1_nr_rrc.dir/NR_UECapabilityEnquiry-v1610-IEs.c.o
#9 76.26 [ 91%] Building C object examples/xApp/c/monitor/RRC_MESSAGES/CMakeFiles/asn1_nr_rrc.dir/NR_UECapabilityInformation.c.o
#9 76.28 [ 91%] Building C object examples/xApp/c/monitor/RRC_MESSAGES/CMakeFiles/asn1_nr_rrc.dir/NR_UECapabilityInformation-IEs.c.o
#9 76.30 [ 91%] Building C object examples/xApp/c/monitor/RRC_MESSAGES/CMakeFiles/asn1_nr_rrc.dir/NR_UECapabilityInformationSidelink.c.o
#9 76.31 [ 91%] Building C object examples/xApp/c/monitor/RRC_MESSAGES/CMakeFiles/asn1_nr_rrc.dir/NR_UECapabilityInformationSidelink-r16-IEs.c.o
#9 76.33 [ 91%] Building C object examples/xApp/c/monitor/RRC_MESSAGES/CMakeFiles/asn1_nr_rrc.dir/NR_UECapabilityInformationSidelink-v1700-IEs.c.o
#9 76.34 [ 91%] Building C object examples/xApp/c/monitor/RRC_MESSAGES/CMakeFiles/asn1_nr_rrc.dir/NR_UE-CapabilityRAT-Container.c.o
#9 76.37 [ 91%] Building C object examples/xApp/c/monitor/RRC_MESSAGES/CMakeFiles/asn1_nr_rrc.dir/NR_UE-CapabilityRAT-ContainerList.c.o
#9 76.38 [ 91%] Building C object examples/xApp/c/monitor/RRC_MESSAGES/CMakeFiles/asn1_nr_rrc.dir/NR_UE-CapabilityRAT-Request.c.o
#9 76.40 [ 91%] Building C object examples/xApp/c/monitor/RRC_MESSAGES/CMakeFiles/asn1_nr_rrc.dir/NR_UE-CapabilityRAT-RequestList.c.o
#9 76.42 [ 91%] Building C object examples/xApp/c/monitor/RRC_MESSAGES/CMakeFiles/asn1_nr_rrc.dir/NR_UE-CapabilityRequestFilterCommon.c.o
#9 76.44 [ 91%] Building C object examples/xApp/c/monitor/RRC_MESSAGES/CMakeFiles/asn1_nr_rrc.dir/NR_UE-CapabilityRequestFilterNR.c.o
#9 76.46 [ 91%] Building C object examples/xApp/c/monitor/RRC_MESSAGES/CMakeFiles/asn1_nr_rrc.dir/NR_UE-CapabilityRequestFilterNR-v1540.c.o
#9 76.49 [ 91%] Building C object examples/xApp/c/monitor/RRC_MESSAGES/CMakeFiles/asn1_nr_rrc.dir/NR_UE-CapabilityRequestFilterNR-v1710.c.o
#9 76.50 [ 91%] Building C object examples/xApp/c/monitor/RRC_MESSAGES/CMakeFiles/asn1_nr_rrc.dir/NR_UEInformationRequest-r16.c.o
#9 76.53 [ 91%] Building C object examples/xApp/c/monitor/RRC_MESSAGES/CMakeFiles/asn1_nr_rrc.dir/NR_UEInformationRequest-r16-IEs.c.o
#9 76.55 [ 91%] Building C object examples/xApp/c/monitor/RRC_MESSAGES/CMakeFiles/asn1_nr_rrc.dir/NR_UEInformationRequest-v1700-IEs.c.o
#9 76.56 [ 91%] Building C object examples/xApp/c/monitor/RRC_MESSAGES/CMakeFiles/asn1_nr_rrc.dir/NR_UEInformationResponse-r16.c.o
#9 76.59 [ 91%] Building C object examples/xApp/c/monitor/RRC_MESSAGES/CMakeFiles/asn1_nr_rrc.dir/NR_UEInformationResponse-r16-IEs.c.o
#9 76.61 [ 91%] Building C object examples/xApp/c/monitor/RRC_MESSAGES/CMakeFiles/asn1_nr_rrc.dir/NR_UEInformationResponse-v1700-IEs.c.o
#9 76.63 [ 91%] Building C object examples/xApp/c/monitor/RRC_MESSAGES/CMakeFiles/asn1_nr_rrc.dir/NR_UE-MeasurementsAvailable-r16.c.o
#9 76.65 [ 91%] Building C object examples/xApp/c/monitor/RRC_MESSAGES/CMakeFiles/asn1_nr_rrc.dir/NR_UE-MRDC-CapabilityAddFRX-Mode.c.o
#9 76.66 [ 91%] Building C object examples/xApp/c/monitor/RRC_MESSAGES/CMakeFiles/asn1_nr_rrc.dir/NR_UE-MRDC-CapabilityAddXDD-Mode.c.o
#9 76.69 [ 91%] Building C object examples/xApp/c/monitor/RRC_MESSAGES/CMakeFiles/asn1_nr_rrc.dir/NR_UE-MRDC-CapabilityAddXDD-Mode-v1560.c.o
#9 76.70 [ 91%] Building C object examples/xApp/c/monitor/RRC_MESSAGES/CMakeFiles/asn1_nr_rrc.dir/NR_UE-MRDC-Capability.c.o
#9 76.73 [ 91%] Building C object examples/xApp/c/monitor/RRC_MESSAGES/CMakeFiles/asn1_nr_rrc.dir/NR_UE-MRDC-Capability-v1560.c.o
#9 76.74 [ 91%] Building C object examples/xApp/c/monitor/RRC_MESSAGES/CMakeFiles/asn1_nr_rrc.dir/NR_UE-MRDC-Capability-v15g0.c.o
#9 76.78 [ 91%] Building C object examples/xApp/c/monitor/RRC_MESSAGES/CMakeFiles/asn1_nr_rrc.dir/NR_UE-MRDC-Capability-v1610.c.o
#9 76.78 [ 91%] Building C object examples/xApp/c/monitor/RRC_MESSAGES/CMakeFiles/asn1_nr_rrc.dir/NR_UE-MRDC-Capability-v1700.c.o
#9 76.81 [ 92%] Building C object examples/xApp/c/monitor/RRC_MESSAGES/CMakeFiles/asn1_nr_rrc.dir/NR_UE-MRDC-Capability-v1730.c.o
#9 76.82 [ 92%] Building C object examples/xApp/c/monitor/RRC_MESSAGES/CMakeFiles/asn1_nr_rrc.dir/NR_UE-NR-CapabilityAddFRX-Mode.c.o
#9 76.86 [ 92%] Building C object examples/xApp/c/monitor/RRC_MESSAGES/CMakeFiles/asn1_nr_rrc.dir/NR_UE-NR-CapabilityAddFRX-Mode-v1540.c.o
#9 76.87 [ 92%] Building C object examples/xApp/c/monitor/RRC_MESSAGES/CMakeFiles/asn1_nr_rrc.dir/NR_UE-NR-CapabilityAddFRX-Mode-v1610.c.o
#9 76.90 [ 92%] Building C object examples/xApp/c/monitor/RRC_MESSAGES/CMakeFiles/asn1_nr_rrc.dir/NR_UE-NR-CapabilityAddXDD-Mode.c.o
#9 76.91 [ 92%] Building C object examples/xApp/c/monitor/RRC_MESSAGES/CMakeFiles/asn1_nr_rrc.dir/NR_UE-NR-CapabilityAddXDD-Mode-v1530.c.o
#9 76.93 [ 92%] Building C object examples/xApp/c/monitor/RRC_MESSAGES/CMakeFiles/asn1_nr_rrc.dir/NR_UE-NR-Capability.c.o
#9 76.94 [ 92%] Building C object examples/xApp/c/monitor/RRC_MESSAGES/CMakeFiles/asn1_nr_rrc.dir/NR_UE-NR-Capability-v1530.c.o
#9 76.99 [ 92%] Building C object examples/xApp/c/monitor/RRC_MESSAGES/CMakeFiles/asn1_nr_rrc.dir/NR_UE-NR-Capability-v1540.c.o
#9 77.00 [ 92%] Building C object examples/xApp/c/monitor/RRC_MESSAGES/CMakeFiles/asn1_nr_rrc.dir/NR_UE-NR-Capability-v1550.c.o
#9 77.04 [ 92%] Building C object examples/xApp/c/monitor/RRC_MESSAGES/CMakeFiles/asn1_nr_rrc.dir/NR_UE-NR-Capability-v1560.c.o
#9 77.05 [ 92%] Building C object examples/xApp/c/monitor/RRC_MESSAGES/CMakeFiles/asn1_nr_rrc.dir/NR_UE-NR-Capability-v1570.c.o
#9 77.08 [ 92%] Building C object examples/xApp/c/monitor/RRC_MESSAGES/CMakeFiles/asn1_nr_rrc.dir/NR_UE-NR-Capability-v15c0.c.o
#9 77.09 [ 92%] Building C object examples/xApp/c/monitor/RRC_MESSAGES/CMakeFiles/asn1_nr_rrc.dir/NR_UE-NR-Capability-v15g0.c.o
#9 77.12 [ 92%] Building C object examples/xApp/c/monitor/RRC_MESSAGES/CMakeFiles/asn1_nr_rrc.dir/NR_UE-NR-Capability-v15j0.c.o
#9 77.13 [ 92%] Building C object examples/xApp/c/monitor/RRC_MESSAGES/CMakeFiles/asn1_nr_rrc.dir/NR_UE-NR-Capability-v1610.c.o
#9 77.16 [ 92%] Building C object examples/xApp/c/monitor/RRC_MESSAGES/CMakeFiles/asn1_nr_rrc.dir/NR_UE-NR-Capability-v1640.c.o
#9 77.19 [ 92%] Building C object examples/xApp/c/monitor/RRC_MESSAGES/CMakeFiles/asn1_nr_rrc.dir/NR_UE-NR-Capability-v1650.c.o
#9 77.20 [ 92%] Building C object examples/xApp/c/monitor/RRC_MESSAGES/CMakeFiles/asn1_nr_rrc.dir/NR_UE-NR-Capability-v1690.c.o
#9 77.24 [ 92%] Building C object examples/xApp/c/monitor/RRC_MESSAGES/CMakeFiles/asn1_nr_rrc.dir/NR_UE-NR-Capability-v16a0.c.o
#9 77.24 [ 92%] Building C object examples/xApp/c/monitor/RRC_MESSAGES/CMakeFiles/asn1_nr_rrc.dir/NR_UE-NR-Capability-v1700.c.o
#9 77.28 [ 92%] Building C object examples/xApp/c/monitor/RRC_MESSAGES/CMakeFiles/asn1_nr_rrc.dir/NR_UEPositioningAssistanceInfo-r17.c.o
#9 77.30 [ 92%] Building C object examples/xApp/c/monitor/RRC_MESSAGES/CMakeFiles/asn1_nr_rrc.dir/NR_UEPositioningAssistanceInfo-r17-IEs.c.o
#9 77.32 [ 92%] Building C object examples/xApp/c/monitor/RRC_MESSAGES/CMakeFiles/asn1_nr_rrc.dir/NR_UEPositioningAssistanceInfo-v1720-IEs.c.o
#9 77.34 [ 92%] Building C object examples/xApp/c/monitor/RRC_MESSAGES/CMakeFiles/asn1_nr_rrc.dir/NR_UERadioAccessCapabilityInformation.c.o
#9 77.36 [ 92%] Building C object examples/xApp/c/monitor/RRC_MESSAGES/CMakeFiles/asn1_nr_rrc.dir/NR_UERadioAccessCapabilityInformation-IEs.c.o
#9 77.38 [ 92%] Building C object examples/xApp/c/monitor/RRC_MESSAGES/CMakeFiles/asn1_nr_rrc.dir/NR_UE-RadioPagingInfo-r17.c.o
#9 77.40 [ 92%] Building C object examples/xApp/c/monitor/RRC_MESSAGES/CMakeFiles/asn1_nr_rrc.dir/NR_UERadioPagingInformation.c.o
#9 77.43 [ 92%] Building C object examples/xApp/c/monitor/RRC_MESSAGES/CMakeFiles/asn1_nr_rrc.dir/NR_UERadioPagingInformation-IEs.c.o
#9 77.45 [ 92%] Building C object examples/xApp/c/monitor/RRC_MESSAGES/CMakeFiles/asn1_nr_rrc.dir/NR_UERadioPagingInformation-v15e0-IEs.c.o
#9 77.48 [ 92%] Building C object examples/xApp/c/monitor/RRC_MESSAGES/CMakeFiles/asn1_nr_rrc.dir/NR_UERadioPagingInformation-v1700-IEs.c.o
#9 77.49 [ 92%] Building C object examples/xApp/c/monitor/RRC_MESSAGES/CMakeFiles/asn1_nr_rrc.dir/NR_UE-SidelinkCapabilityAddXDD-Mode-r16.c.o
#9 77.52 [ 92%] Building C object examples/xApp/c/monitor/RRC_MESSAGES/CMakeFiles/asn1_nr_rrc.dir/NR_UE-TimersAndConstants.c.o
#9 77.53 [ 92%] Building C object examples/xApp/c/monitor/RRC_MESSAGES/CMakeFiles/asn1_nr_rrc.dir/NR_UE-TimersAndConstantsRemoteUE-r17.c.o
#9 77.55 [ 92%] Building C object examples/xApp/c/monitor/RRC_MESSAGES/CMakeFiles/asn1_nr_rrc.dir/NR_UE-TxTEG-AssociationList-r17.c.o
#9 77.58 [ 92%] Building C object examples/xApp/c/monitor/RRC_MESSAGES/CMakeFiles/asn1_nr_rrc.dir/NR_UE-TxTEG-Association-r17.c.o
#9 77.59 [ 92%] Building C object examples/xApp/c/monitor/RRC_MESSAGES/CMakeFiles/asn1_nr_rrc.dir/NR_UE-TxTEG-RequestUL-TDOA-Config-r17.c.o
#9 77.62 [ 92%] Building C object examples/xApp/c/monitor/RRC_MESSAGES/CMakeFiles/asn1_nr_rrc.dir/NR_UL-AccessConfigListDCI-0-1-r16.c.o
#9 77.63 [ 92%] Building C object examples/xApp/c/monitor/RRC_MESSAGES/CMakeFiles/asn1_nr_rrc.dir/NR_UL-AccessConfigListDCI-0-1-r17.c.o
#9 77.66 [ 92%] Building C object examples/xApp/c/monitor/RRC_MESSAGES/CMakeFiles/asn1_nr_rrc.dir/NR_UL-AccessConfigListDCI-1-1-r16.c.o
#9 77.67 [ 94%] Building C object examples/xApp/c/monitor/RRC_MESSAGES/CMakeFiles/asn1_nr_rrc.dir/NR_UL-AccessConfigListDCI-0-2-r17.c.o
#9 77.69 [ 94%] Building C object examples/xApp/c/monitor/RRC_MESSAGES/CMakeFiles/asn1_nr_rrc.dir/NR_UL-AccessConfigListDCI-1-1-r17.c.o
#9 77.71 [ 94%] Building C object examples/xApp/c/monitor/RRC_MESSAGES/CMakeFiles/asn1_nr_rrc.dir/NR_UL-AccessConfigListDCI-1-2-r17.c.o
#9 77.74 [ 94%] Building C object examples/xApp/c/monitor/RRC_MESSAGES/CMakeFiles/asn1_nr_rrc.dir/NR_UL-AM-RLC.c.o
#9 77.75 [ 94%] Building C object examples/xApp/c/monitor/RRC_MESSAGES/CMakeFiles/asn1_nr_rrc.dir/NR_UL-CCCH1-Message.c.o
#9 77.77 [ 94%] Building C object examples/xApp/c/monitor/RRC_MESSAGES/CMakeFiles/asn1_nr_rrc.dir/NR_UL-CCCH1-MessageType.c.o
#9 77.80 [ 94%] Building C object examples/xApp/c/monitor/RRC_MESSAGES/CMakeFiles/asn1_nr_rrc.dir/NR_UL-CCCH-Message.c.o
#9 77.80 [ 94%] Building C object examples/xApp/c/monitor/RRC_MESSAGES/CMakeFiles/asn1_nr_rrc.dir/NR_UL-CCCH-MessageType.c.o
#9 77.84 [ 94%] Building C object examples/xApp/c/monitor/RRC_MESSAGES/CMakeFiles/asn1_nr_rrc.dir/NR_UL-DataSplitThreshold.c.o
#9 77.85 [ 94%] Building C object examples/xApp/c/monitor/RRC_MESSAGES/CMakeFiles/asn1_nr_rrc.dir/NR_UL-DCCH-Message.c.o
#9 77.87 [ 94%] Building C object examples/xApp/c/monitor/RRC_MESSAGES/CMakeFiles/asn1_nr_rrc.dir/NR_UL-DCCH-MessageType.c.o
#9 78.05 [ 94%] Building C object examples/xApp/c/monitor/RRC_MESSAGES/CMakeFiles/asn1_nr_rrc.dir/NR_ULDedicatedMessageSegment-r16.c.o
#9 78.06 [ 94%] Building C object examples/xApp/c/monitor/RRC_MESSAGES/CMakeFiles/asn1_nr_rrc.dir/NR_ULDedicatedMessageSegment-r16-IEs.c.o
#9 78.10 [ 94%] Building C object examples/xApp/c/monitor/RRC_MESSAGES/CMakeFiles/asn1_nr_rrc.dir/NR_UL-ExcessDelayConfig-r17.c.o
#9 78.10 [ 94%] Building C object examples/xApp/c/monitor/RRC_MESSAGES/CMakeFiles/asn1_nr_rrc.dir/NR_UL-DelayValueConfig-r16.c.o
#9 78.13 [ 94%] Building C object examples/xApp/c/monitor/RRC_MESSAGES/CMakeFiles/asn1_nr_rrc.dir/NR_UL-GapFR2-Config-r17.c.o
#9 78.14 [ 94%] Building C object examples/xApp/c/monitor/RRC_MESSAGES/CMakeFiles/asn1_nr_rrc.dir/NR_UL-GapFR2-Preference-r17.c.o
#9 78.18 [ 94%] Building C object examples/xApp/c/monitor/RRC_MESSAGES/CMakeFiles/asn1_nr_rrc.dir/NR_ULInformationTransfer.c.o
#9 78.19 [ 94%] Building C object examples/xApp/c/monitor/RRC_MESSAGES/CMakeFiles/asn1_nr_rrc.dir/NR_ULInformationTransfer-IEs.c.o
#9 78.22 [ 94%] Building C object examples/xApp/c/monitor/RRC_MESSAGES/CMakeFiles/asn1_nr_rrc.dir/NR_ULInformationTransferIRAT-r16.c.o
#9 78.23 [ 94%] Building C object examples/xApp/c/monitor/RRC_MESSAGES/CMakeFiles/asn1_nr_rrc.dir/NR_ULInformationTransferIRAT-r16-IEs.c.o
#9 78.26 [ 94%] Building C object examples/xApp/c/monitor/RRC_MESSAGES/CMakeFiles/asn1_nr_rrc.dir/NR_ULInformationTransferMRDC.c.o
#9 78.27 [ 94%] Building C object examples/xApp/c/monitor/RRC_MESSAGES/CMakeFiles/asn1_nr_rrc.dir/NR_ULInformationTransferMRDC-IEs.c.o
#9 78.30 [ 94%] Building C object examples/xApp/c/monitor/RRC_MESSAGES/CMakeFiles/asn1_nr_rrc.dir/NR_ULInformationTransfer-v1700-IEs.c.o
#9 78.31 [ 94%] Building C object examples/xApp/c/monitor/RRC_MESSAGES/CMakeFiles/asn1_nr_rrc.dir/NR_UL-PDCP-DelayValueResultList-r16.c.o
#9 78.34 [ 94%] Building C object examples/xApp/c/monitor/RRC_MESSAGES/CMakeFiles/asn1_nr_rrc.dir/NR_UL-PDCP-DelayValueResult-r16.c.o
#9 78.34 [ 94%] Building C object examples/xApp/c/monitor/RRC_MESSAGES/CMakeFiles/asn1_nr_rrc.dir/NR_UL-PDCP-ExcessDelayResultList-r17.c.o
#9 78.39 [ 94%] Building C object examples/xApp/c/monitor/RRC_MESSAGES/CMakeFiles/asn1_nr_rrc.dir/NR_UL-PDCP-ExcessDelayResult-r17.c.o
#9 78.39 [ 94%] Building C object examples/xApp/c/monitor/RRC_MESSAGES/CMakeFiles/asn1_nr_rrc.dir/NR_ULTxSwitchingBandPair-r16.c.o
#9 78.43 [ 94%] Building C object examples/xApp/c/monitor/RRC_MESSAGES/CMakeFiles/asn1_nr_rrc.dir/NR_ULTxSwitchingBandPair-v1700.c.o
#9 78.43 [ 94%] Building C object examples/xApp/c/monitor/RRC_MESSAGES/CMakeFiles/asn1_nr_rrc.dir/NR_UL-UM-RLC.c.o
#9 78.47 [ 94%] Building C object examples/xApp/c/monitor/RRC_MESSAGES/CMakeFiles/asn1_nr_rrc.dir/NR_UPInterruptionTimeAtHO-r17.c.o
#9 78.47 [ 94%] Building C object examples/xApp/c/monitor/RRC_MESSAGES/CMakeFiles/asn1_nr_rrc.dir/NR_UplinkCancellation-r16.c.o
#9 78.52 [ 94%] Building C object examples/xApp/c/monitor/RRC_MESSAGES/CMakeFiles/asn1_nr_rrc.dir/NR_UplinkConfig.c.o
#9 78.52 [ 94%] Building C object examples/xApp/c/monitor/RRC_MESSAGES/CMakeFiles/asn1_nr_rrc.dir/NR_UplinkConfigCommon.c.o
#9 78.63 [ 94%] Building C object examples/xApp/c/monitor/RRC_MESSAGES/CMakeFiles/asn1_nr_rrc.dir/NR_UplinkConfigCommonSIB.c.o
#9 78.70 [ 94%] Building C object examples/xApp/c/monitor/RRC_MESSAGES/CMakeFiles/asn1_nr_rrc.dir/NR_UplinkConfigCommonSIB-v1700.c.o
#9 78.74 [ 94%] Building C object examples/xApp/c/monitor/RRC_MESSAGES/CMakeFiles/asn1_nr_rrc.dir/NR_UplinkConfigCommon-v1700.c.o
#9 78.82 [ 95%] Building C object examples/xApp/c/monitor/RRC_MESSAGES/CMakeFiles/asn1_nr_rrc.dir/NR_UplinkDataCompression-r17.c.o
#9 78.86 [ 95%] Building C object examples/xApp/c/monitor/RRC_MESSAGES/CMakeFiles/asn1_nr_rrc.dir/NR_UplinkHARQ-mode-r17.c.o
#9 78.90 [ 95%] Building C object examples/xApp/c/monitor/RRC_MESSAGES/CMakeFiles/asn1_nr_rrc.dir/NR_Uplink-powerControlId-r17.c.o
#9 78.94 [ 95%] Building C object examples/xApp/c/monitor/RRC_MESSAGES/CMakeFiles/asn1_nr_rrc.dir/NR_Uplink-powerControl-r17.c.o
#9 78.94 [ 95%] Building C object examples/xApp/c/monitor/RRC_MESSAGES/CMakeFiles/asn1_nr_rrc.dir/NR_UplinkTxDirectCurrentBWP.c.o
#9 78.98 [ 95%] Building C object examples/xApp/c/monitor/RRC_MESSAGES/CMakeFiles/asn1_nr_rrc.dir/NR_UplinkTxDirectCurrentCarrierInfo-r16.c.o
#9 78.98 [ 95%] Building C object examples/xApp/c/monitor/RRC_MESSAGES/CMakeFiles/asn1_nr_rrc.dir/NR_UplinkTxDirectCurrentCell.c.o
#9 79.02 [ 95%] Building C object examples/xApp/c/monitor/RRC_MESSAGES/CMakeFiles/asn1_nr_rrc.dir/NR_UplinkTxDirectCurrentList.c.o
#9 79.02 [ 95%] Building C object examples/xApp/c/monitor/RRC_MESSAGES/CMakeFiles/asn1_nr_rrc.dir/NR_UplinkTxDirectCurrentMoreCarrierList-r17.c.o
#9 79.06 [ 95%] Building C object examples/xApp/c/monitor/RRC_MESSAGES/CMakeFiles/asn1_nr_rrc.dir/NR_UplinkTxDirectCurrentTwoCarrierInfo-r16.c.o
#9 79.06 [ 95%] Building C object examples/xApp/c/monitor/RRC_MESSAGES/CMakeFiles/asn1_nr_rrc.dir/NR_UplinkTxDirectCurrentTwoCarrierList-r16.c.o
#9 79.11 [ 95%] Building C object examples/xApp/c/monitor/RRC_MESSAGES/CMakeFiles/asn1_nr_rrc.dir/NR_UplinkTxDirectCurrentTwoCarrier-r16.c.o
#9 79.11 [ 95%] Building C object examples/xApp/c/monitor/RRC_MESSAGES/CMakeFiles/asn1_nr_rrc.dir/NR_UplinkTxSwitchingBandParameters-v1700.c.o
#9 79.15 [ 95%] Building C object examples/xApp/c/monitor/RRC_MESSAGES/CMakeFiles/asn1_nr_rrc.dir/NR_UplinkTxSwitching-r16.c.o
#9 79.15 [ 95%] Building C object examples/xApp/c/monitor/RRC_MESSAGES/CMakeFiles/asn1_nr_rrc.dir/NR_UTRA-FDD-CellIndexList-r16.c.o
#9 79.18 [ 95%] Building C object examples/xApp/c/monitor/RRC_MESSAGES/CMakeFiles/asn1_nr_rrc.dir/NR_UTRA-FDD-CellIndex-r16.c.o
#9 79.20 [ 95%] Building C object examples/xApp/c/monitor/RRC_MESSAGES/CMakeFiles/asn1_nr_rrc.dir/NR_UTRA-FDD-Parameters-r16.c.o
#9 79.22 [ 95%] Building C object examples/xApp/c/monitor/RRC_MESSAGES/CMakeFiles/asn1_nr_rrc.dir/NR_UTRA-FDD-Q-OffsetRange-r16.c.o
#9 79.24 [ 95%] Building C object examples/xApp/c/monitor/RRC_MESSAGES/CMakeFiles/asn1_nr_rrc.dir/NR_UuMessageTransferSidelink-r17.c.o
#9 79.27 [ 95%] Building C object examples/xApp/c/monitor/RRC_MESSAGES/CMakeFiles/asn1_nr_rrc.dir/NR_UuMessageTransferSidelink-r17-IEs.c.o
#9 79.28 [ 95%] Building C object examples/xApp/c/monitor/RRC_MESSAGES/CMakeFiles/asn1_nr_rrc.dir/NR_Uu-RelayRLC-ChannelConfig-r17.c.o
#9 79.32 [ 95%] Building C object examples/xApp/c/monitor/RRC_MESSAGES/CMakeFiles/asn1_nr_rrc.dir/NR_Uu-RelayRLC-ChannelID-r17.c.o
#9 79.32 [ 95%] Building C object examples/xApp/c/monitor/RRC_MESSAGES/CMakeFiles/asn1_nr_rrc.dir/NR_ValidityAreaList-r16.c.o
#9 79.35 [ 95%] Building C object examples/xApp/c/monitor/RRC_MESSAGES/CMakeFiles/asn1_nr_rrc.dir/NR_ValidityArea-r16.c.o
#9 79.36 [ 95%] Building C object examples/xApp/c/monitor/RRC_MESSAGES/CMakeFiles/asn1_nr_rrc.dir/NR_ValidityCellList.c.o
#9 79.39 [ 95%] Building C object examples/xApp/c/monitor/RRC_MESSAGES/CMakeFiles/asn1_nr_rrc.dir/NR_VarConditionalReconfig.c.o
#9 79.40 [ 95%] Building C object examples/xApp/c/monitor/RRC_MESSAGES/CMakeFiles/asn1_nr_rrc.dir/NR_VarConnEstFailReportList-r17.c.o
#9 79.44 [ 95%] Building C object examples/xApp/c/monitor/RRC_MESSAGES/CMakeFiles/asn1_nr_rrc.dir/NR_VarConnEstFailReport-r16.c.o
#9 79.45 [ 95%] Building C object examples/xApp/c/monitor/RRC_MESSAGES/CMakeFiles/asn1_nr_rrc.dir/NR_VarLogMeasConfig-r16-IEs.c.o
#9 79.49 [ 95%] Building C object examples/xApp/c/monitor/RRC_MESSAGES/CMakeFiles/asn1_nr_rrc.dir/NR_VarLogMeasReport-r16.c.o
#9 79.49 [ 95%] Building C object examples/xApp/c/monitor/RRC_MESSAGES/CMakeFiles/asn1_nr_rrc.dir/NR_VarMeasConfig.c.o
#9 79.54 [ 95%] Building C object examples/xApp/c/monitor/RRC_MESSAGES/CMakeFiles/asn1_nr_rrc.dir/NR_VarMeasConfigSL-r16.c.o
#9 79.58 [ 95%] Building C object examples/xApp/c/monitor/RRC_MESSAGES/CMakeFiles/asn1_nr_rrc.dir/NR_VarMeasIdleConfig-r16.c.o
#9 79.63 [ 95%] Building C object examples/xApp/c/monitor/RRC_MESSAGES/CMakeFiles/asn1_nr_rrc.dir/NR_VarMeasIdleReport-r16.c.o
#9 79.67 [ 95%] Building C object examples/xApp/c/monitor/RRC_MESSAGES/CMakeFiles/asn1_nr_rrc.dir/NR_VarMeasReport.c.o
#9 79.67 [ 95%] Building C object examples/xApp/c/monitor/RRC_MESSAGES/CMakeFiles/asn1_nr_rrc.dir/NR_VarMeasReportList.c.o
#9 79.70 [ 95%] Building C object examples/xApp/c/monitor/RRC_MESSAGES/CMakeFiles/asn1_nr_rrc.dir/NR_VarMeasReportListSL-r16.c.o
#9 79.72 [ 95%] Building C object examples/xApp/c/monitor/RRC_MESSAGES/CMakeFiles/asn1_nr_rrc.dir/NR_VarMeasReportSL-r16.c.o
#9 79.74 [ 97%] Building C object examples/xApp/c/monitor/RRC_MESSAGES/CMakeFiles/asn1_nr_rrc.dir/NR_VarMobilityHistoryReport-r16.c.o
#9 79.75 [ 97%] Building C object examples/xApp/c/monitor/RRC_MESSAGES/CMakeFiles/asn1_nr_rrc.dir/NR_VarMobilityHistoryReport-r17.c.o
#9 79.78 [ 97%] Building C object examples/xApp/c/monitor/RRC_MESSAGES/CMakeFiles/asn1_nr_rrc.dir/NR_VarPendingRNA-Update.c.o
#9 79.79 [ 97%] Building C object examples/xApp/c/monitor/RRC_MESSAGES/CMakeFiles/asn1_nr_rrc.dir/NR_VarRA-Report-r16.c.o
#9 79.82 [ 97%] Building C object examples/xApp/c/monitor/RRC_MESSAGES/CMakeFiles/asn1_nr_rrc.dir/NR_VarResumeMAC-Input.c.o
#9 79.83 [ 97%] Building C object examples/xApp/c/monitor/RRC_MESSAGES/CMakeFiles/asn1_nr_rrc.dir/NR_VarRLF-Report-r16.c.o
#9 79.86 [ 97%] Building C object examples/xApp/c/monitor/RRC_MESSAGES/CMakeFiles/asn1_nr_rrc.dir/NR_VarShortMAC-Input.c.o
#9 79.88 [ 97%] Building C object examples/xApp/c/monitor/RRC_MESSAGES/CMakeFiles/asn1_nr_rrc.dir/NR_VarSuccessHO-Report-r17-IEs.c.o
#9 79.90 [ 97%] Building C object examples/xApp/c/monitor/RRC_MESSAGES/CMakeFiles/asn1_nr_rrc.dir/NR_VelocityStateVector-r17.c.o
#9 79.92 [ 97%] Building C object examples/xApp/c/monitor/RRC_MESSAGES/CMakeFiles/asn1_nr_rrc.dir/NR_VictimSystemType.c.o
#9 79.94 [ 97%] Building C object examples/xApp/c/monitor/RRC_MESSAGES/CMakeFiles/asn1_nr_rrc.dir/NR_VictimSystemType-r16.c.o
#9 79.97 [ 97%] Building C object examples/xApp/c/monitor/RRC_MESSAGES/CMakeFiles/asn1_nr_rrc.dir/NR_VisitedCellInfoList-r16.c.o
#9 79.97 [ 97%] Building C object examples/xApp/c/monitor/RRC_MESSAGES/CMakeFiles/asn1_nr_rrc.dir/NR_VisitedCellInfo-r16.c.o
#9 80.01 [ 97%] Building C object examples/xApp/c/monitor/RRC_MESSAGES/CMakeFiles/asn1_nr_rrc.dir/NR_VisitedPSCellInfoList-r17.c.o
#9 80.01 [ 97%] Building C object examples/xApp/c/monitor/RRC_MESSAGES/CMakeFiles/asn1_nr_rrc.dir/NR_VisitedPSCellInfo-r17.c.o
#9 80.05 [ 97%] Building C object examples/xApp/c/monitor/RRC_MESSAGES/CMakeFiles/asn1_nr_rrc.dir/NR_WithinActiveTimeConfig-r16.c.o
#9 80.06 [ 97%] Building C object examples/xApp/c/monitor/RRC_MESSAGES/CMakeFiles/asn1_nr_rrc.dir/NR_WLAN-Identifiers-r16.c.o
#9 80.08 [ 97%] Building C object examples/xApp/c/monitor/RRC_MESSAGES/CMakeFiles/asn1_nr_rrc.dir/NR_WLAN-NameList-r16.c.o
#9 80.09 [ 97%] Building C object examples/xApp/c/monitor/RRC_MESSAGES/CMakeFiles/asn1_nr_rrc.dir/NR_WLAN-Name-r16.c.o
#9 80.12 [ 97%] Building C object examples/xApp/c/monitor/RRC_MESSAGES/CMakeFiles/asn1_nr_rrc.dir/NR_WLAN-RSSI-Range-r16.c.o
#9 80.13 [ 97%] Building C object examples/xApp/c/monitor/RRC_MESSAGES/CMakeFiles/asn1_nr_rrc.dir/NR_WLAN-RTT-r16.c.o
#9 80.16 [ 97%] Building C object examples/xApp/c/monitor/RRC_MESSAGES/CMakeFiles/asn1_nr_rrc.dir/NR_ZP-CSI-RS-Resource.c.o
#9 80.17 [ 97%] Building C object examples/xApp/c/monitor/RRC_MESSAGES/CMakeFiles/asn1_nr_rrc.dir/NR_ZP-CSI-RS-ResourceId.c.o
#9 80.20 [ 97%] Building C object examples/xApp/c/monitor/RRC_MESSAGES/CMakeFiles/asn1_nr_rrc.dir/NR_ZP-CSI-RS-ResourceSet.c.o
#9 80.21 [ 97%] Building C object examples/xApp/c/monitor/RRC_MESSAGES/CMakeFiles/asn1_nr_rrc.dir/NR_ZP-CSI-RS-ResourceSetId.c.o
#9 80.25 [ 97%] Building C object examples/xApp/c/monitor/RRC_MESSAGES/CMakeFiles/asn1_nr_rrc.dir/NULL.c.o
#9 80.25 [ 97%] Building C object examples/xApp/c/monitor/RRC_MESSAGES/CMakeFiles/asn1_nr_rrc.dir/NULL_aper.c.o
#9 80.29 [ 97%] Building C object examples/xApp/c/monitor/RRC_MESSAGES/CMakeFiles/asn1_nr_rrc.dir/NULL_print.c.o
#9 80.29 [ 97%] Building C object examples/xApp/c/monitor/RRC_MESSAGES/CMakeFiles/asn1_nr_rrc.dir/NULL_rfill.c.o
#9 80.33 [ 97%] Building C object examples/xApp/c/monitor/RRC_MESSAGES/CMakeFiles/asn1_nr_rrc.dir/NULL_uper.c.o
#9 80.33 [ 97%] Building C object examples/xApp/c/monitor/RRC_MESSAGES/CMakeFiles/asn1_nr_rrc.dir/NULL_xer.c.o
#9 80.37 [ 97%] Building C object examples/xApp/c/monitor/RRC_MESSAGES/CMakeFiles/asn1_nr_rrc.dir/ObjectDescriptor.c.o
#9 80.38 [ 97%] Building C object examples/xApp/c/monitor/RRC_MESSAGES/CMakeFiles/asn1_nr_rrc.dir/OBJECT_IDENTIFIER.c.o
#9 80.41 [ 97%] Building C object examples/xApp/c/monitor/RRC_MESSAGES/CMakeFiles/asn1_nr_rrc.dir/OBJECT_IDENTIFIER_print.c.o
#9 80.43 [ 97%] Building C object examples/xApp/c/monitor/RRC_MESSAGES/CMakeFiles/asn1_nr_rrc.dir/OBJECT_IDENTIFIER_rfill.c.o
#9 80.45 [ 97%] Building C object examples/xApp/c/monitor/RRC_MESSAGES/CMakeFiles/asn1_nr_rrc.dir/OBJECT_IDENTIFIER_xer.c.o
#9 80.46 [ 97%] Building C object examples/xApp/c/monitor/RRC_MESSAGES/CMakeFiles/asn1_nr_rrc.dir/OCTET_STRING_aper.c.o
#9 80.50 [ 97%] Building C object examples/xApp/c/monitor/RRC_MESSAGES/CMakeFiles/asn1_nr_rrc.dir/OCTET_STRING.c.o
#9 80.51 [ 97%] Building C object examples/xApp/c/monitor/RRC_MESSAGES/CMakeFiles/asn1_nr_rrc.dir/OCTET_STRING_print.c.o
#9 80.55 [ 98%] Building C object examples/xApp/c/monitor/RRC_MESSAGES/CMakeFiles/asn1_nr_rrc.dir/OCTET_STRING_rfill.c.o
#9 80.55 [ 98%] Building C object examples/xApp/c/monitor/RRC_MESSAGES/CMakeFiles/asn1_nr_rrc.dir/OCTET_STRING_uper.c.o
#9 80.59 [ 98%] Building C object examples/xApp/c/monitor/RRC_MESSAGES/CMakeFiles/asn1_nr_rrc.dir/OCTET_STRING_xer.c.o
#9 80.61 [ 98%] Building C object examples/xApp/c/monitor/RRC_MESSAGES/CMakeFiles/asn1_nr_rrc.dir/OPEN_TYPE_aper.c.o
#9 80.66 [ 98%] Building C object examples/xApp/c/monitor/RRC_MESSAGES/CMakeFiles/asn1_nr_rrc.dir/OPEN_TYPE.c.o
#9 80.67 [ 98%] Building C object examples/xApp/c/monitor/RRC_MESSAGES/CMakeFiles/asn1_nr_rrc.dir/OPEN_TYPE_uper.c.o
#9 80.69 [ 98%] Building C object examples/xApp/c/monitor/RRC_MESSAGES/CMakeFiles/asn1_nr_rrc.dir/OPEN_TYPE_xer.c.o
#9 80.71 [ 98%] Building C object examples/xApp/c/monitor/RRC_MESSAGES/CMakeFiles/asn1_nr_rrc.dir/per_decoder.c.o
#9 80.74 [ 98%] Building C object examples/xApp/c/monitor/RRC_MESSAGES/CMakeFiles/asn1_nr_rrc.dir/per_encoder.c.o
#9 80.75 [ 98%] Building C object examples/xApp/c/monitor/RRC_MESSAGES/CMakeFiles/asn1_nr_rrc.dir/per_opentype.c.o
#9 80.78 [ 98%] Building C object examples/xApp/c/monitor/RRC_MESSAGES/CMakeFiles/asn1_nr_rrc.dir/per_support.c.o
#9 80.78 [ 98%] Building C object examples/xApp/c/monitor/RRC_MESSAGES/CMakeFiles/asn1_nr_rrc.dir/uper_decoder.c.o
#9 80.82 [ 98%] Building C object examples/xApp/c/monitor/RRC_MESSAGES/CMakeFiles/asn1_nr_rrc.dir/uper_encoder.c.o
#9 80.82 [ 98%] Building C object examples/xApp/c/monitor/RRC_MESSAGES/CMakeFiles/asn1_nr_rrc.dir/uper_opentype.c.o
#9 80.88 [ 98%] Building C object examples/xApp/c/monitor/RRC_MESSAGES/CMakeFiles/asn1_nr_rrc.dir/uper_support.c.o
#9 80.88 [ 98%] Building C object examples/xApp/c/monitor/RRC_MESSAGES/CMakeFiles/asn1_nr_rrc.dir/xer_decoder.c.o
#9 80.94 [ 98%] Building C object examples/xApp/c/monitor/RRC_MESSAGES/CMakeFiles/asn1_nr_rrc.dir/xer_encoder.c.o
#9 80.94 [ 98%] Building C object examples/xApp/c/monitor/RRC_MESSAGES/CMakeFiles/asn1_nr_rrc.dir/xer_support.c.o
#9 81.00 [ 98%] Linking C static library libasn1_nr_rrc.a
#9 82.06 [ 98%] Built target asn1_nr_rrc
#9 82.09 [ 98%] Building C object src/xApp/CMakeFiles/e42_xapp.dir/asio_xapp.c.o
#9 82.09 [ 98%] Building C object src/xApp/CMakeFiles/e42_xapp.dir/e2ap_xapp.c.o
#9 82.14 [ 98%] Building C object src/xApp/CMakeFiles/e42_xapp.dir/endpoint_xapp.c.o
#9 82.15 [ 98%] Building C object src/xApp/CMakeFiles/e42_xapp.dir/msg_handler_xapp.c.o
#9 82.18 [ 98%] Building C object src/xApp/CMakeFiles/e42_xapp.dir/msg_generator_xapp.c.o
#9 82.21 /source/flexric/src/xApp/msg_handler_xapp.c: In function 'e2ap_handle_indication_xapp':
#9 82.21 /source/flexric/src/xApp/msg_handler_xapp.c:254:20: warning: assignment to 'void (*)(const sm_ag_if_rd_t *, const global_e2_node_id_t *)' {aka 'void (*)(const sm_ag_if_rd_t *, const struct global_e2_node_id *)'} from incompatible pointer type 'void (*)(const sm_ag_if_rd_t *)' [-Wincompatible-pointer-types]
#9 82.21   254 |     msg_disp.sm_cb = ans.val.sm_cb;
#9 82.21       |                    ^
#9 82.25 [ 98%] Building C object src/xApp/CMakeFiles/e42_xapp.dir/e42_xapp.c.o
#9 82.27 [ 98%] Building C object src/xApp/CMakeFiles/e42_xapp.dir/e42_xapp_api.c.o
#9 82.35 [ 98%] Building C object src/xApp/CMakeFiles/e42_xapp.dir/plugin_agent.c.o
#9 82.38 [ 98%] Building C object src/xApp/CMakeFiles/e42_xapp.dir/plugin_ric.c.o
#9 82.42 [ 98%] Building C object src/xApp/CMakeFiles/e42_xapp.dir/pending_event_xapp.c.o
#9 82.44 [100%] Building C object src/xApp/CMakeFiles/e42_xapp.dir/sync_ui.c.o
#9 82.49 [100%] Building C object src/xApp/CMakeFiles/e42_xapp.dir/act_proc.c.o
#9 82.49 [100%] Building C object src/xApp/CMakeFiles/e42_xapp.dir/msg_dispatcher_xapp.c.o
#9 82.52 /source/flexric/src/xApp/act_proc.c: In function 'add_act_proc':
#9 82.52 /source/flexric/src/xApp/act_proc.c:66:36: warning: initialization of 'void (*)(const sm_ag_if_rd_t *)' from incompatible pointer type 'void (*)(const sm_ag_if_rd_t *, const global_e2_node_id_t *)' {aka 'void (*)(const sm_ag_if_rd_t *, const struct global_e2_node_id *)'} [-Wincompatible-pointer-types]
#9 82.52    66 |                           .sm_cb = sm_cb,
#9 82.52       |                                    ^~~~~
#9 82.52 /source/flexric/src/xApp/act_proc.c:66:36: note: (near initialization for 'val.sm_cb')
#9 82.54 [100%] Building C object src/xApp/CMakeFiles/e42_xapp.dir/e2_node_arr_xapp.c.o
#9 82.55 [100%] Building C object src/xApp/CMakeFiles/e42_xapp.dir/e2_node_connected_xapp.c.o
#9 82.58 [100%] Building C object src/xApp/CMakeFiles/e42_xapp.dir/sm_ran_function.c.o
#9 82.59 [100%] Building C object src/xApp/CMakeFiles/e42_xapp.dir/sm_ran_function_def.c.o
#9 82.64 [100%] Building C object src/xApp/CMakeFiles/e42_xapp.dir/__/sm/agent_if/read/sm_ag_if_rd.c.o
#9 82.64 [100%] Building C object src/xApp/CMakeFiles/e42_xapp.dir/__/sm/kpm_sm/kpm_sm_v03.00/ie/kpm_data_ie.c.o
#9 82.69 [100%] Building C object src/xApp/CMakeFiles/e42_xapp.dir/__/__/test/rnd/fill_rnd_data_kpm.c.o
#9 82.70 [100%] Building C object src/xApp/CMakeFiles/e42_xapp.dir/__/sm/rc_sm/ie/rc_data_ie.c.o
#9 82.79 [100%] Building C object src/xApp/CMakeFiles/e42_xapp.dir/__/__/test/rnd/fill_rnd_data_rc.c.o
#9 82.80 [100%] Building C object src/xApp/CMakeFiles/e42_xapp.dir/__/util/ngran_types.c.o
#9 82.83 [100%] Building C object src/xApp/CMakeFiles/e42_xapp.dir/__/sm/mac_sm/ie/mac_data_ie.c.o
#9 82.89 [100%] Building C object src/xApp/CMakeFiles/e42_xapp.dir/__/sm/rlc_sm/ie/rlc_data_ie.c.o
#9 82.95 [100%] Building C object src/xApp/CMakeFiles/e42_xapp.dir/__/sm/pdcp_sm/ie/pdcp_data_ie.c.o
#9 82.97 [100%] Building C object src/xApp/CMakeFiles/e42_xapp.dir/__/sm/slice_sm/ie/slice_data_ie.c.o
#9 83.01 [100%] Building C object src/xApp/CMakeFiles/e42_xapp.dir/__/sm/tc_sm/ie/tc_data_ie.c.o
#9 83.06 [100%] Building C object src/xApp/CMakeFiles/e42_xapp.dir/__/sm/gtp_sm/ie/gtp_data_ie.c.o
#9 83.16 [100%] Linking C static library libe42_xapp.a
#9 83.43 [100%] Built target e42_xapp
#9 83.45 [100%] Building C object examples/xApp/c/monitor/CMakeFiles/xapp_kpm_moni_write_to_csv.dir/urr_receiver.c.o
#9 83.45 [100%] Building C object examples/xApp/c/monitor/CMakeFiles/xapp_kpm_moni_write_to_csv.dir/xapp_kpm_moni_write_to_csv.c.o
#9 83.52 /source/flexric/examples/xApp/c/monitor/urr_receiver.c:19:27: error: 'daemon' redeclared as different kind of symbol
#9 83.52    19 | static struct MHD_Daemon *daemon;
#9 83.52       |                           ^~~~~~
#9 83.52 In file included from /usr/include/microhttpd.h:119,
#9 83.52                  from /source/flexric/examples/xApp/c/monitor/urr_receiver.c:3:
#9 83.52 /usr/include/unistd.h:970:12: note: previous declaration of 'daemon' with type 'int(int,  int)'
#9 83.52   970 | extern int daemon (int __nochdir, int __noclose) __THROW __wur;
#9 83.52       |            ^~~~~~
#9 83.52 /source/flexric/examples/xApp/c/monitor/urr_receiver.c: In function 'uint_field':
#9 83.52 /source/flexric/examples/xApp/c/monitor/urr_receiver.c:60:3: warning: this 'if' clause does not guard... [-Wmisleading-indentation]
#9 83.52    60 |   if(errno || *end)return 0; *v=(uint64_t)n;return 1;
#9 83.52       |   ^~
#9 83.52 /source/flexric/examples/xApp/c/monitor/urr_receiver.c:60:30: note: ...this statement, but the latter is misleadingly indented as if it were guarded by the 'if'
#9 83.52    60 |   if(errno || *end)return 0; *v=(uint64_t)n;return 1;
#9 83.52       |                              ^
#9 83.52 /source/flexric/examples/xApp/c/monitor/urr_receiver.c: In function 'export_jsonl':
#9 83.52 /source/flexric/examples/xApp/c/monitor/urr_receiver.c:117:3: warning: this 'if' clause does not guard... [-Wmisleading-indentation]
#9 83.52   117 |   if(!ok)remove(temp);return ok;
#9 83.52       |   ^~
#9 83.52 /source/flexric/examples/xApp/c/monitor/urr_receiver.c:117:23: note: ...this statement, but the latter is misleadingly indented as if it were guarded by the 'if'
#9 83.52   117 |   if(!ok)remove(temp);return ok;
#9 83.52       |                       ^~~~~~
#9 83.52 /source/flexric/examples/xApp/c/monitor/urr_receiver.c: In function 'ingest':
#9 83.52 /source/flexric/examples/xApp/c/monitor/urr_receiver.c:131:5: warning: this 'if' clause does not guard... [-Wmisleading-indentation]
#9 83.52   131 |     if(o)json_object_put(o);return reply(c,400,"{\"error\":\"invalid URR envelope\"}");
#9 83.52       |     ^~
#9 83.52 /source/flexric/examples/xApp/c/monitor/urr_receiver.c:131:29: note: ...this statement, but the latter is misleadingly indented as if it were guarded by the 'if'
#9 83.52   131 |     if(o)json_object_put(o);return reply(c,400,"{\"error\":\"invalid URR envelope\"}");
#9 83.52       |                             ^~~~~~
#9 83.52 /source/flexric/examples/xApp/c/monitor/urr_receiver.c: In function 'urr_receiver_start':
#9 83.52 /source/flexric/examples/xApp/c/monitor/urr_receiver.c:228:1: warning: control reaches end of non-void function [-Wreturn-type]
#9 83.52   228 | }
#9 83.52       | ^
#9 83.52 /source/flexric/examples/xApp/c/monitor/urr_receiver.c: At top level:
#9 83.52 /source/flexric/examples/xApp/c/monitor/urr_receiver.c:19:27: warning: 'daemon' defined but not used [-Wunused-variable]
#9 83.52    19 | static struct MHD_Daemon *daemon;
#9 83.52       |                           ^~~~~~
#9 83.52 gmake[3]: *** [examples/xApp/c/monitor/CMakeFiles/xapp_kpm_moni_write_to_csv.dir/build.make:90: examples/xApp/c/monitor/CMakeFiles/xapp_kpm_moni_write_to_csv.dir/urr_receiver.c.o] Error 1
#9 83.52 gmake[3]: *** Waiting for unfinished jobs....
#9 83.55 gmake[2]: *** [CMakeFiles/Makefile2:3499: examples/xApp/c/monitor/CMakeFiles/xapp_kpm_moni_write_to_csv.dir/all] Error 2
#9 83.55 gmake[1]: *** [CMakeFiles/Makefile2:3506: examples/xApp/c/monitor/CMakeFiles/xapp_kpm_moni_write_to_csv.dir/rule] Error 2
#9 83.55 gmake: *** [Makefile:1183: xapp_kpm_moni_write_to_csv] Error 2
#9 ERROR: process "/bin/sh -c rm -rf /source/flexric/build && cmake -S /source/flexric -B /source/flexric/build -DE2AP_VERSION=E2AP_V3 -DKPM_VERSION=KPM_V3_00 -DXAPP_DB=NONE_XAPP -DCMAKE_INSTALL_PREFIX=/opt/oai -DUNIT_TEST=FALSE && cmake --build /source/flexric/build -j2 --target nearRT-RIC xapp_kpm_moni_write_to_csv mac_sm rlc_sm pdcp_sm slice_sm tc_sm gtp_sm kpm_sm rc_sm && cmake --install /source/flexric/build" did not complete successfully: exit code: 2
------
 > [flexric-builder 5/5] RUN rm -rf /source/flexric/build && cmake -S /source/flexric -B /source/flexric/build -DE2AP_VERSION=E2AP_V3 -DKPM_VERSION=KPM_V3_00 -DXAPP_DB=NONE_XAPP -DCMAKE_INSTALL_PREFIX=/opt/oai -DUNIT_TEST=FALSE && cmake --build /source/flexric/build -j2 --target nearRT-RIC xapp_kpm_moni_write_to_csv mac_sm rlc_sm pdcp_sm slice_sm tc_sm gtp_sm kpm_sm rc_sm && cmake --install /source/flexric/build:
83.52       | ^
83.52 /source/flexric/examples/xApp/c/monitor/urr_receiver.c: At top level:
83.52 /source/flexric/examples/xApp/c/monitor/urr_receiver.c:19:27: warning: 'daemon' defined but not used [-Wunused-variable]
83.52    19 | static struct MHD_Daemon *daemon;
83.52       |                           ^~~~~~
83.52 gmake[3]: *** [examples/xApp/c/monitor/CMakeFiles/xapp_kpm_moni_write_to_csv.dir/build.make:90: examples/xApp/c/monitor/CMakeFiles/xapp_kpm_moni_write_to_csv.dir/urr_receiver.c.o] Error 1
83.52 gmake[3]: *** Waiting for unfinished jobs....
83.55 gmake[2]: *** [CMakeFiles/Makefile2:3499: examples/xApp/c/monitor/CMakeFiles/xapp_kpm_moni_write_to_csv.dir/all] Error 2
83.55 gmake[1]: *** [CMakeFiles/Makefile2:3506: examples/xApp/c/monitor/CMakeFiles/xapp_kpm_moni_write_to_csv.dir/rule] Error 2
83.55 gmake: *** [Makefile:1183: xapp_kpm_moni_write_to_csv] Error 2
------
Dockerfile.radio:8
--------------------
   6 |     ENV PATH=/opt/asn1c/bin:$PATH
   7 |     COPY src/flexric /source/flexric
   8 | >>> RUN rm -rf /source/flexric/build && cmake -S /source/flexric -B /source/flexric/build -DE2AP_VERSION=E2AP_V3 -DKPM_VERSION=KPM_V3_00 -DXAPP_DB=NONE_XAPP -DCMAKE_INSTALL_PREFIX=/opt/oai -DUNIT_TEST=FALSE && cmake --build /source/flexric/build -j2 --target nearRT-RIC xapp_kpm_moni_write_to_csv mac_sm rlc_sm pdcp_sm slice_sm tc_sm gtp_sm kpm_sm rc_sm && cmake --install /source/flexric/build
   9 |     FROM flexric-builder AS xapp
  10 |     RUN mkdir -p /opt/oai/bin /opt/oai/sm && cp /source/flexric/build/examples/xApp/c/monitor/xapp_kpm_moni_write_to_csv /opt/oai/bin/ && cp -a /opt/oai/lib/flexric/*.so /opt/oai/sm/
--------------------
ERROR: failed to build: failed to solve: process "/bin/sh -c rm -rf /source/flexric/build && cmake -S /source/flexric -B /source/flexric/build -DE2AP_VERSION=E2AP_V3 -DKPM_VERSION=KPM_V3_00 -DXAPP_DB=NONE_XAPP -DCMAKE_INSTALL_PREFIX=/opt/oai -DUNIT_TEST=FALSE && cmake --build /source/flexric/build -j2 --target nearRT-RIC xapp_kpm_moni_write_to_csv mac_sm rlc_sm pdcp_sm slice_sm tc_sm gtp_sm kpm_sm rc_sm && cmake --install /source/flexric/build" did not complete successfully: exit code: 2
270813 v0.31.1-desktop.1 /home/ducsssanh/.docker/cli-plugins/docker-buildx buildx build --progress=plain -f /home/ducsssanh/6G/O-RAN/DATN/Codebase/deploy/k8s/images/Dockerfile.radio --target xapp -t oai-lab-xapp:7728ab06a1079777 /home/ducsssanh/6G/O-RAN/DATN/Codebase
github.com/docker/buildx/commands.runBuildWithOptions
	github.com/docker/buildx/commands/build.go:468
github.com/docker/buildx/commands.runBuild
	github.com/docker/buildx/commands/build.go:388
github.com/docker/buildx/commands.buildCmd.func1
	github.com/docker/buildx/commands/build.go:504
github.com/docker/cli/cli-plugins/plugin.RunPlugin.func1.1.2
	github.com/docker/cli@v29.1.5+incompatible/cli-plugins/plugin/plugin.go:65
github.com/spf13/cobra.(*Command).execute
	github.com/spf13/cobra@v1.10.2/command.go:1015
github.com/spf13/cobra.(*Command).ExecuteC
	github.com/spf13/cobra@v1.10.2/command.go:1148
github.com/spf13/cobra.(*Command).Execute
	github.com/spf13/cobra@v1.10.2/command.go:1071
github.com/docker/cli/cli-plugins/plugin.RunPlugin
	github.com/docker/cli@v29.1.5+incompatible/cli-plugins/plugin/plugin.go:80
main.runPlugin
	github.com/docker/buildx/cmd/buildx/main.go:66
main.run
	github.com/docker/buildx/cmd/buildx/main.go:80
main.main
	github.com/docker/buildx/cmd/buildx/main.go:90
runtime.main
	runtime/proc.go:285
runtime.goexit
	runtime/asm_amd64.s:1693

3174  /usr/bin/dockerd -H fd:// --containerd=/run/containerd/containerd.sock
github.com/moby/buildkit/executor/runcexecutor.exitError
	/root/build-deb/engine/vendor/github.com/moby/buildkit/executor/runcexecutor/executor.go:449
github.com/moby/buildkit/executor/runcexecutor.(*runcExecutor).Run
	/root/build-deb/engine/vendor/github.com/moby/buildkit/executor/runcexecutor/executor.go:397
github.com/moby/buildkit/solver/llbsolver/ops.(*ExecOp).Exec
	/root/build-deb/engine/vendor/github.com/moby/buildkit/solver/llbsolver/ops/exec.go:525
github.com/moby/buildkit/solver.(*sharedOp).Exec.func2
	/root/build-deb/engine/vendor/github.com/moby/buildkit/solver/jobs.go:1248
github.com/moby/buildkit/util/flightcontrol.(*call[...]).run
	/root/build-deb/engine/vendor/github.com/moby/buildkit/util/flightcontrol/flightcontrol.go:122
sync.(*Once).doSlow
	/usr/local/go/src/sync/once.go:78
sync.(*Once).Do
	/usr/local/go/src/sync/once.go:69
runtime.goexit
	/usr/local/go/src/runtime/asm_amd64.s:1771

270813 v0.31.1-desktop.1 /home/ducsssanh/.docker/cli-plugins/docker-buildx buildx build --progress=plain -f /home/ducsssanh/6G/O-RAN/DATN/Codebase/deploy/k8s/images/Dockerfile.radio --target xapp -t oai-lab-xapp:7728ab06a1079777 /home/ducsssanh/6G/O-RAN/DATN/Codebase
google.golang.org/grpc.(*ClientConn).Invoke
	google.golang.org/grpc@v1.76.0/call.go:35
github.com/moby/buildkit/api/services/control.(*controlClient).Solve
	github.com/moby/buildkit@v0.27.0/api/services/control/control_grpc.pb.go:88
github.com/moby/buildkit/client.(*Client).solve.func2
	github.com/moby/buildkit@v0.27.0/client/solve.go:319
golang.org/x/sync/errgroup.(*Group).Go.func1
	golang.org/x/sync@v0.19.0/errgroup/errgroup.go:93
runtime.goexit
	runtime/asm_amd64.s:1693

3174  /usr/bin/dockerd -H fd:// --containerd=/run/containerd/containerd.sock
github.com/moby/buildkit/solver.(*edge).execOp
	/root/build-deb/engine/vendor/github.com/moby/buildkit/solver/edge.go:979
github.com/moby/buildkit/solver/internal/pipe.NewWithFunction[...].func2
	/root/build-deb/engine/vendor/github.com/moby/buildkit/solver/internal/pipe/pipe.go:78
runtime.goexit
	/usr/local/go/src/runtime/asm_amd64.s:1771

270813 v0.31.1-desktop.1 /home/ducsssanh/.docker/cli-plugins/docker-buildx buildx build --progress=plain -f /home/ducsssanh/6G/O-RAN/DATN/Codebase/deploy/k8s/images/Dockerfile.radio --target xapp -t oai-lab-xapp:7728ab06a1079777 /home/ducsssanh/6G/O-RAN/DATN/Codebase
github.com/moby/buildkit/client.(*Client).solve.func2
	github.com/moby/buildkit@v0.27.0/client/solve.go:321
golang.org/x/sync/errgroup.(*Group).Go.func1
	golang.org/x/sync@v0.19.0/errgroup/errgroup.go:93

3174  /usr/bin/dockerd -H fd:// --containerd=/run/containerd/containerd.sock
github.com/moby/buildkit/solver/llbsolver/ops.(*ExecOp).Exec
	/root/build-deb/engine/vendor/github.com/moby/buildkit/solver/llbsolver/ops/exec.go:556
github.com/moby/buildkit/solver.(*sharedOp).Exec.func2
	/root/build-deb/engine/vendor/github.com/moby/buildkit/solver/jobs.go:1248

FAIL: xApp Docker build failed
