#0 building with "default" instance using docker driver

#1 [internal] load build definition from Dockerfile.radio
#1 DONE 0.0s

#1 [internal] load build definition from Dockerfile.radio
#1 transferring dockerfile: 3.14kB done
#1 DONE 0.0s

#2 [internal] load metadata for docker.io/library/ubuntu:24.04
#2 DONE 2.4s

#3 [internal] load .dockerignore
#3 transferring context: 148B done
#3 DONE 0.0s

#4 [flexric-builder 1/5] FROM docker.io/library/ubuntu:24.04@sha256:008173c23f95b170204355c12626cb5a965d779a7e1283b09e9cffbb1bf33ca3
#4 DONE 0.0s

#5 [internal] load build context
#5 transferring context: 454.37kB 0.2s done
#5 DONE 0.2s

#6 [flexric-builder 2/5] RUN apt-get update && apt-get install -y --no-install-recommends build-essential gcc-13 g++-13 cmake ninja-build make git sudo python3 python3-dev python3-pip pkg-config autoconf automake libtool bison flex swig libsctp-dev libpcre2-dev libssl-dev libconfig-dev libfftw3-dev libgmp-dev libyaml-cpp-dev libboost-all-dev libblas-dev liblapack-dev liblapacke-dev libjson-c-dev libcurl4-openssl-dev libczmq-dev libzmq3-dev libelf-dev libdw-dev libmicrohttpd-dev libsqlite3-dev zlib1g-dev xxd wget ca-certificates
#6 CACHED

#7 [flexric-builder 3/5] RUN git clone https://github.com/mouse07410/asn1c /tmp/asn1c && cd /tmp/asn1c && git checkout 940dd5fa9f3917913fd487b13dfddfacd0ded06e && autoreconf -iv && CFLAGS="-O2 -fno-strict-aliasing" ./configure --prefix=/opt/asn1c && make -j2 && make install && rm -rf /tmp/asn1c
#7 CACHED

#8 [flexric-builder 4/5] COPY src/flexric /source/flexric
#8 DONE 0.4s

#9 [flexric-builder 5/5] RUN rm -rf /source/flexric/build && cmake -S /source/flexric -B /source/flexric/build -DE2AP_VERSION=E2AP_V3 -DKPM_VERSION=KPM_V3_00 -DXAPP_DB=NONE_XAPP -DCMAKE_INSTALL_PREFIX=/opt/oai -DUNIT_TEST=FALSE && cmake --build /source/flexric/build -j2 --target nearRT-RIC xapp_kpm_moni_write_to_csv mac_sm rlc_sm pdcp_sm slice_sm tc_sm gtp_sm kpm_sm rc_sm && cmake --install /source/flexric/build
#9 0.324 -- The C compiler identification is GNU 13.3.0
#9 0.336 -- Detecting C compiler ABI info
#9 0.400 -- Detecting C compiler ABI info - done
#9 0.405 -- Check for working C compiler: /usr/bin/cc - skipped
#9 0.406 -- Detecting C compile features
#9 0.406 -- Detecting C compile features - done
#9 0.406 -- Ccache not found, please consider installing it for faster compilation running the command: sudo apt install -y ccache
#9 0.407 -- Setting build type to 'Debug' as none was specified.
#9 0.407 -- Selected SANITIZER TYPE: NONE
#9 0.407 -- Selected LIBRARY TYPE: STATIC
#9 0.407 -- Selected xApp DB : NONE_XAPP
#9 0.407 -- Selected xApp dir : /tmp/
#9 0.407 -- xApp multilanguage support e.g., python : OFF
#9 0.407 -- Selected E2AP_ENCODING: ASN
#9 0.407 -- Selected E2AP_VERSION: E2AP_V3
#9 0.407 -- Selected KPM SM_ENCODING: ASN
#9 0.407 -- Selected KPM Version: KPM_V3_00
#9 0.407 -- Selected RC SM_ENCODING: ASN
#9 0.407 -- Selected MAC SM_ENCODING: PLAIN
#9 0.407 -- Selected RLC SM_ENCODING: PLAIN
#9 0.407 -- Selected PDCP SM_ENCODING: PLAIN
#9 0.407 -- Selected SLICE SM_ENCODING: PLAIN
#9 0.407 -- Selected GTP SM_ENCODING: PLAIN
#9 0.452 -- The CXX compiler identification is GNU 13.3.0
#9 0.461 -- Detecting CXX compiler ABI info
#9 0.529 -- Detecting CXX compiler ABI info - done
#9 0.538 -- Check for working CXX compiler: /usr/bin/c++ - skipped
#9 0.538 -- Detecting CXX compile features
#9 0.538 -- Detecting CXX compile features - done
#9 0.550 -- Selected SM_ENCODING: PLAIN
#9 0.586 -- install prefix path /opt/oai/flexric
#9 0.590 -- Configuring done (0.3s)
#9 1.301 -- Generating done (0.5s)
#9 1.311 -- Build files have been written to: /source/flexric/build
#9 1.376 [  0%] Building C object src/lib/e2ap/v3_01/e2ap_types/CMakeFiles/e2ap_types_obj.dir/ric_subscription_request.c.o
#9 1.378 [  0%] Building C object src/util/CMakeFiles/e2_ngran_obj.dir/ngran_types.c.o
#9 1.399 [  0%] Built target e2_ngran_obj
#9 1.400 [  0%] Building C object src/lib/e2ap/v3_01/e2ap_types/CMakeFiles/e2ap_types_obj.dir/ric_subscription_response.c.o
#9 1.414 [  0%] Building C object src/lib/e2ap/v3_01/free/CMakeFiles/e2ap_msg_free_obj.dir/e2ap_msg_free.c.o
#9 1.430 [  0%] Building C object src/lib/e2ap/v3_01/e2ap_types/CMakeFiles/e2ap_types_obj.dir/ric_subscription_failure.c.o
#9 1.456 [  0%] Building C object src/lib/e2ap/v3_01/e2ap_types/CMakeFiles/e2ap_types_obj.dir/ric_indication.c.o
#9 1.480 [  0%] Built target e2ap_msg_free_obj
#9 1.481 [  0%] Building C object src/lib/e2ap/v3_01/e2ap_types/CMakeFiles/e2ap_types_obj.dir/ric_subscription_delete_request.c.o
#9 1.503 [  0%] Building C object src/lib/e2ap/v3_01/e2ap_types/CMakeFiles/e2ap_types_obj.dir/ric_subscription_delete_response.c.o
#9 1.506 [  0%] Building C object src/lib/e2ap/v3_01/ie/asn/CMakeFiles/e2ap_asn1_obj.dir/AMFName.c.o
#9 1.525 [  0%] Building C object src/lib/e2ap/v3_01/e2ap_types/CMakeFiles/e2ap_types_obj.dir/ric_subscription_delete_failure.c.o
#9 1.536 [  0%] Building C object src/lib/e2ap/v3_01/ie/asn/CMakeFiles/e2ap_asn1_obj.dir/ANY_aper.c.o
#9 1.547 [  8%] Building C object src/lib/e2ap/v3_01/e2ap_types/CMakeFiles/e2ap_types_obj.dir/ric_control_request.c.o
#9 1.569 [  8%] Building C object src/lib/e2ap/v3_01/ie/asn/CMakeFiles/e2ap_asn1_obj.dir/ANY_ber.c.o
#9 1.574 [  8%] Building C object src/lib/e2ap/v3_01/e2ap_types/CMakeFiles/e2ap_types_obj.dir/ric_control_ack.c.o
#9 1.600 [  8%] Building C object src/lib/e2ap/v3_01/ie/asn/CMakeFiles/e2ap_asn1_obj.dir/ANY.c.o
#9 1.607 [  8%] Building C object src/lib/e2ap/v3_01/e2ap_types/CMakeFiles/e2ap_types_obj.dir/ric_control_failure.c.o
#9 1.627 [  8%] Building C object src/lib/e2ap/v3_01/ie/asn/CMakeFiles/e2ap_asn1_obj.dir/ANY_jer.c.o
#9 1.638 [  8%] Building C object src/lib/e2ap/v3_01/e2ap_types/CMakeFiles/e2ap_types_obj.dir/e2ap_error_indication.c.o
#9 1.651 [  8%] Building C object src/lib/e2ap/v3_01/ie/asn/CMakeFiles/e2ap_asn1_obj.dir/ANY_uper.c.o
#9 1.662 [  8%] Building C object src/lib/e2ap/v3_01/e2ap_types/CMakeFiles/e2ap_types_obj.dir/e2_setup_request.c.o
#9 1.679 [  8%] Building C object src/lib/e2ap/v3_01/ie/asn/CMakeFiles/e2ap_asn1_obj.dir/ANY_xer.c.o
#9 1.701 [  8%] Building C object src/lib/e2ap/v3_01/e2ap_types/CMakeFiles/e2ap_types_obj.dir/e2_setup_response.c.o
#9 1.704 [  8%] Building C object src/lib/e2ap/v3_01/ie/asn/CMakeFiles/e2ap_asn1_obj.dir/aper_decoder.c.o
#9 1.725 [  8%] Building C object src/lib/e2ap/v3_01/e2ap_types/CMakeFiles/e2ap_types_obj.dir/e2_setup_failure.c.o
#9 1.736 [  8%] Building C object src/lib/e2ap/v3_01/ie/asn/CMakeFiles/e2ap_asn1_obj.dir/aper_encoder.c.o
#9 1.749 [  8%] Building C object src/lib/e2ap/v3_01/e2ap_types/CMakeFiles/e2ap_types_obj.dir/e42_setup_request.c.o
#9 1.768 [  8%] Building C object src/lib/e2ap/v3_01/ie/asn/CMakeFiles/e2ap_asn1_obj.dir/aper_opentype.c.o
#9 1.778 [  8%] Building C object src/lib/e2ap/v3_01/e2ap_types/CMakeFiles/e2ap_types_obj.dir/e42_setup_response.c.o
#9 1.800 [  8%] Building C object src/lib/e2ap/v3_01/ie/asn/CMakeFiles/e2ap_asn1_obj.dir/aper_support.c.o
#9 1.808 [  8%] Building C object src/lib/e2ap/v3_01/e2ap_types/CMakeFiles/e2ap_types_obj.dir/e42_ric_control_request.c.o
#9 1.835 [  8%] Building C object src/lib/e2ap/v3_01/e2ap_types/CMakeFiles/e2ap_types_obj.dir/e2_node_connected.c.o
#9 1.836 [  8%] Building C object src/lib/e2ap/v3_01/ie/asn/CMakeFiles/e2ap_asn1_obj.dir/asn_application.c.o
#9 1.865 [  8%] Building C object src/lib/e2ap/v3_01/e2ap_types/CMakeFiles/e2ap_types_obj.dir/e42_ric_subscription_request.c.o
#9 1.876 [  8%] Building C object src/lib/e2ap/v3_01/ie/asn/CMakeFiles/e2ap_asn1_obj.dir/asn_bit_data.c.o
#9 1.890 [  8%] Building C object src/lib/e2ap/v3_01/e2ap_types/CMakeFiles/e2ap_types_obj.dir/e42_ric_subscription_delete_request.c.o
#9 1.911 [  8%] Building C object src/lib/e2ap/v3_01/e2ap_types/CMakeFiles/e2ap_types_obj.dir/e2ap_reset_request.c.o
#9 1.925 [  8%] Building C object src/lib/e2ap/v3_01/ie/asn/CMakeFiles/e2ap_asn1_obj.dir/asn_codecs_prim_ber.c.o
#9 1.932 [  8%] Building C object src/lib/e2ap/v3_01/e2ap_types/CMakeFiles/e2ap_types_obj.dir/e2ap_reset_response.c.o
#9 1.955 [  8%] Building C object src/lib/e2ap/v3_01/e2ap_types/CMakeFiles/e2ap_types_obj.dir/ric_service_update.c.o
#9 1.956 [  8%] Building C object src/lib/e2ap/v3_01/ie/asn/CMakeFiles/e2ap_asn1_obj.dir/asn_codecs_prim.c.o
#9 1.979 [  8%] Building C object src/lib/e2ap/v3_01/e2ap_types/CMakeFiles/e2ap_types_obj.dir/ric_service_update_ack.c.o
#9 1.997 [  8%] Building C object src/lib/e2ap/v3_01/ie/asn/CMakeFiles/e2ap_asn1_obj.dir/asn_codecs_prim_xer.c.o
#9 2.003 [  8%] Building C object src/lib/e2ap/v3_01/e2ap_types/CMakeFiles/e2ap_types_obj.dir/ric_service_update_failure.c.o
#9 2.027 [  8%] Building C object src/lib/e2ap/v3_01/e2ap_types/CMakeFiles/e2ap_types_obj.dir/ric_service_query.c.o
#9 2.030 [  8%] Building C object src/lib/e2ap/v3_01/ie/asn/CMakeFiles/e2ap_asn1_obj.dir/asn_internal.c.o
#9 2.053 [  8%] Building C object src/lib/e2ap/v3_01/e2ap_types/CMakeFiles/e2ap_types_obj.dir/e2_node_configuration_update.c.o
#9 2.073 [  8%] Building C object src/lib/e2ap/v3_01/ie/asn/CMakeFiles/e2ap_asn1_obj.dir/asn_random_fill.c.o
#9 2.081 [  8%] Building C object src/lib/e2ap/v3_01/e2ap_types/CMakeFiles/e2ap_types_obj.dir/common/e2ap_ran_function_id_rev.c.o
#9 2.106 [  8%] Building C object src/lib/e2ap/v3_01/e2ap_types/CMakeFiles/e2ap_types_obj.dir/common/e2ap_ran_function_id.c.o
#9 2.107 [  8%] Building C object src/lib/e2ap/v3_01/ie/asn/CMakeFiles/e2ap_asn1_obj.dir/asn_SEQUENCE_OF.c.o
#9 2.127 [  8%] Building C object src/lib/e2ap/v3_01/e2ap_types/CMakeFiles/e2ap_types_obj.dir/common/ric_action.c.o
#9 2.139 [  8%] Building C object src/lib/e2ap/v3_01/ie/asn/CMakeFiles/e2ap_asn1_obj.dir/asn_SET_OF.c.o
#9 2.151 [  8%] Building C object src/lib/e2ap/v3_01/e2ap_types/CMakeFiles/e2ap_types_obj.dir/common/ric_gen_id.c.o
#9 2.178 [  8%] Building C object src/lib/e2ap/v3_01/e2ap_types/CMakeFiles/e2ap_types_obj.dir/common/ric_action_admitted.c.o
#9 2.180 [  8%] Building C object src/lib/e2ap/v3_01/ie/asn/CMakeFiles/e2ap_asn1_obj.dir/ber_decoder.c.o
#9 2.206 [  8%] Building C object src/lib/e2ap/v3_01/e2ap_types/CMakeFiles/e2ap_types_obj.dir/common/ric_action_not_admitted.c.o
#9 2.220 [  8%] Building C object src/lib/e2ap/v3_01/ie/asn/CMakeFiles/e2ap_asn1_obj.dir/ber_tlv_length.c.o
#9 2.227 [  8%] Building C object src/lib/e2ap/v3_01/e2ap_types/CMakeFiles/e2ap_types_obj.dir/common/e2ap_criticality_diagnostics.c.o
#9 2.254 [  8%] Building C object src/lib/e2ap/v3_01/e2ap_types/CMakeFiles/e2ap_types_obj.dir/common/e2ap_ie_criticality_diagnostics.c.o
#9 2.261 [  8%] Building C object src/lib/e2ap/v3_01/ie/asn/CMakeFiles/e2ap_asn1_obj.dir/ber_tlv_tag.c.o
#9 2.275 [  8%] Building C object src/lib/e2ap/v3_01/e2ap_types/CMakeFiles/e2ap_types_obj.dir/common/e2ap_cause.c.o
#9 2.296 [  8%] Building C object src/lib/e2ap/v3_01/ie/asn/CMakeFiles/e2ap_asn1_obj.dir/BIT_STRING.c.o
#9 2.305 [  8%] Building C object src/lib/e2ap/v3_01/e2ap_types/CMakeFiles/e2ap_types_obj.dir/common/e2ap_global_node_id.c.o
#9 2.330 [  8%] Building C object src/lib/e2ap/v3_01/ie/asn/CMakeFiles/e2ap_asn1_obj.dir/BIT_STRING_jer.c.o
#9 2.355 [  8%] Building C object src/lib/e2ap/v3_01/e2ap_types/CMakeFiles/e2ap_types_obj.dir/common/e2ap_global_ric_id.c.o
#9 2.365 [  8%] Building C object src/lib/e2ap/v3_01/ie/asn/CMakeFiles/e2ap_asn1_obj.dir/BIT_STRING_print.c.o
#9 2.378 [  8%] Building C object src/lib/e2ap/v3_01/e2ap_types/CMakeFiles/e2ap_types_obj.dir/common/e2ap_ran_function.c.o
#9 2.395 [  8%] Building C object src/lib/e2ap/v3_01/ie/asn/CMakeFiles/e2ap_asn1_obj.dir/BIT_STRING_rfill.c.o
#9 2.404 [  8%] Building C object src/lib/e2ap/v3_01/e2ap_types/CMakeFiles/e2ap_types_obj.dir/common/e2ap_time_to_wait.c.o
#9 2.422 [  8%] Building C object src/lib/e2ap/v3_01/e2ap_types/CMakeFiles/e2ap_types_obj.dir/common/e2ap_rejected_ran_function.c.o
#9 2.434 [  8%] Building C object src/lib/e2ap/v3_01/ie/asn/CMakeFiles/e2ap_asn1_obj.dir/BIT_STRING_uper.c.o
#9 2.443 [  8%] Building C object src/lib/e2ap/v3_01/e2ap_types/CMakeFiles/e2ap_types_obj.dir/common/e2ap_node_component_config_update.c.o
#9 2.473 [  8%] Building C object src/lib/e2ap/v3_01/e2ap_types/CMakeFiles/e2ap_types_obj.dir/common/transport_layer_info.c.o
#9 2.478 [  8%] Building C object src/lib/e2ap/v3_01/ie/asn/CMakeFiles/e2ap_asn1_obj.dir/BIT_STRING_xer.c.o
#9 2.497 [  8%] Building C object src/lib/e2ap/v3_01/e2ap_types/CMakeFiles/e2ap_types_obj.dir/common/e2ap_plmn.c.o
#9 2.517 [  8%] Building C object src/lib/e2ap/v3_01/ie/asn/CMakeFiles/e2ap_asn1_obj.dir/Cause.c.o
#9 2.528 [  8%] Building C object src/lib/e2ap/v3_01/e2ap_types/CMakeFiles/e2ap_types_obj.dir/common/ric_subsequent_action.c.o
#9 2.545 [  8%] Building C object src/lib/e2ap/v3_01/ie/asn/CMakeFiles/e2ap_asn1_obj.dir/CauseE2node.c.o
#9 2.550 [ 16%] Building C object src/lib/e2ap/v3_01/e2ap_types/CMakeFiles/e2ap_types_obj.dir/common/e2ap_node_component_config_add.c.o
#9 2.573 [ 25%] Building C object src/lib/e2ap/v3_01/ie/asn/CMakeFiles/e2ap_asn1_obj.dir/CauseMisc.c.o
#9 2.584 [ 25%] Building C object src/lib/e2ap/v3_01/e2ap_types/CMakeFiles/e2ap_types_obj.dir/common/e2ap_node_comp_id.c.o
#9 2.607 [ 25%] Building C object src/lib/e2ap/v3_01/ie/asn/CMakeFiles/e2ap_asn1_obj.dir/CauseProtocol.c.o
#9 2.611 [ 25%] Building C object src/lib/e2ap/v3_01/e2ap_types/CMakeFiles/e2ap_types_obj.dir/common/e2ap_node_comp_conf_add_ack.c.o
#9 2.641 [ 25%] Building C object src/lib/e2ap/v3_01/ie/asn/CMakeFiles/e2ap_asn1_obj.dir/CauseRICrequest.c.o
#9 2.645 [ 25%] Building C object src/lib/e2ap/v3_01/e2ap_types/CMakeFiles/e2ap_types_obj.dir/common/e2ap_node_comp_conf.c.o
#9 2.678 [ 25%] Building C object src/lib/e2ap/v3_01/e2ap_types/CMakeFiles/e2ap_types_obj.dir/common/e2ap_node_comp_config_add_ack.c.o
#9 2.680 [ 25%] Building C object src/lib/e2ap/v3_01/ie/asn/CMakeFiles/e2ap_asn1_obj.dir/CauseRICservice.c.o
#9 2.708 [ 25%] Built target e2ap_types_obj
#9 2.710 [ 25%] Building C object src/lib/e2ap/v3_01/ie/asn/CMakeFiles/e2ap_asn1_obj.dir/CauseTransport.c.o
#9 2.728 [ 25%] Building C object src/lib/ep/CMakeFiles/e2ap_ep_obj.dir/e2ap_ep.c.o
#9 2.746 /source/flexric/src/lib/ep/e2ap_ep.c: In function 'cp_sn_assoc_change':
#9 2.746 /source/flexric/src/lib/ep/e2ap_ep.c:73:1: note: the ABI of passing struct with a flexible array member has changed in GCC 4.4
#9 2.746    73 | {
#9 2.746       | ^
#9 2.751 [ 25%] Building C object src/lib/e2ap/v3_01/ie/asn/CMakeFiles/e2ap_asn1_obj.dir/constraints.c.o
#9 2.772 [ 25%] Building C object src/lib/ep/CMakeFiles/e2ap_ep_obj.dir/sctp_msg.c.o
#9 2.789 [ 25%] Building C object src/lib/e2ap/v3_01/ie/asn/CMakeFiles/e2ap_asn1_obj.dir/constr_CHOICE_aper.c.o
#9 2.811 [ 25%] Built target e2ap_ep_obj
#9 2.828 [ 25%] Building C object src/lib/e2ap/v3_01/ie/asn/CMakeFiles/e2ap_asn1_obj.dir/constr_CHOICE_ber.c.o
#9 2.832 [ 25%] Building C object src/lib/3gpp/ie/CMakeFiles/3gpp_derived_ie_obj.dir/e2sm_gummei.c.o
#9 2.860 [ 25%] Building C object src/lib/3gpp/ie/CMakeFiles/3gpp_derived_ie_obj.dir/e2ap_gnb_id.c.o
#9 2.881 [ 25%] Building C object src/lib/3gpp/ie/CMakeFiles/3gpp_derived_ie_obj.dir/enb.c.o
#9 2.884 [ 25%] Building C object src/lib/e2ap/v3_01/ie/asn/CMakeFiles/e2ap_asn1_obj.dir/constr_CHOICE.c.o
#9 2.920 [ 25%] Building C object src/lib/3gpp/ie/CMakeFiles/3gpp_derived_ie_obj.dir/en_gnb.c.o
#9 2.924 [ 25%] Building C object src/lib/e2ap/v3_01/ie/asn/CMakeFiles/e2ap_asn1_obj.dir/constr_CHOICE_jer.c.o
#9 2.951 [ 25%] Building C object src/lib/3gpp/ie/CMakeFiles/3gpp_derived_ie_obj.dir/eutra_cgi.c.o
#9 2.963 [ 25%] Building C object src/lib/e2ap/v3_01/ie/asn/CMakeFiles/e2ap_asn1_obj.dir/constr_CHOICE_print.c.o
#9 2.982 [ 25%] Building C object src/lib/3gpp/ie/CMakeFiles/3gpp_derived_ie_obj.dir/global_enb_id.c.o
#9 2.994 [ 25%] Building C object src/lib/e2ap/v3_01/ie/asn/CMakeFiles/e2ap_asn1_obj.dir/constr_CHOICE_rfill.c.o
#9 3.019 [ 25%] Building C object src/lib/3gpp/ie/CMakeFiles/3gpp_derived_ie_obj.dir/global_gnb_id.c.o
#9 3.028 [ 25%] Building C object src/lib/e2ap/v3_01/ie/asn/CMakeFiles/e2ap_asn1_obj.dir/constr_CHOICE_uper.c.o
#9 3.045 [ 25%] Building C object src/lib/3gpp/ie/CMakeFiles/3gpp_derived_ie_obj.dir/global_ng_enb_id.c.o
#9 3.068 [ 25%] Building C object src/lib/e2ap/v3_01/ie/asn/CMakeFiles/e2ap_asn1_obj.dir/constr_CHOICE_xer.c.o
#9 3.074 [ 25%] Building C object src/lib/3gpp/ie/CMakeFiles/3gpp_derived_ie_obj.dir/global_ng_ran_node_id.c.o
#9 3.101 [ 25%] Building C object src/lib/3gpp/ie/CMakeFiles/3gpp_derived_ie_obj.dir/gnb.c.o
#9 3.105 [ 25%] Building C object src/lib/e2ap/v3_01/ie/asn/CMakeFiles/e2ap_asn1_obj.dir/constr_SEQUENCE_aper.c.o
#9 3.130 [ 25%] Building C object src/lib/3gpp/ie/CMakeFiles/3gpp_derived_ie_obj.dir/gnb_cu_up.c.o
#9 3.152 [ 25%] Building C object src/lib/3gpp/ie/CMakeFiles/3gpp_derived_ie_obj.dir/gnb_du.c.o
#9 3.161 [ 25%] Building C object src/lib/e2ap/v3_01/ie/asn/CMakeFiles/e2ap_asn1_obj.dir/constr_SEQUENCE_ber.c.o
#9 3.177 [ 25%] Building C object src/lib/3gpp/ie/CMakeFiles/3gpp_derived_ie_obj.dir/guami.c.o
#9 3.206 [ 25%] Building C object src/lib/e2ap/v3_01/ie/asn/CMakeFiles/e2ap_asn1_obj.dir/constr_SEQUENCE.c.o
#9 3.209 [ 25%] Building C object src/lib/3gpp/ie/CMakeFiles/3gpp_derived_ie_obj.dir/ng_enb.c.o
#9 3.236 [ 25%] Building C object src/lib/3gpp/ie/CMakeFiles/3gpp_derived_ie_obj.dir/ng_enb_du.c.o
#9 3.249 [ 25%] Building C object src/lib/e2ap/v3_01/ie/asn/CMakeFiles/e2ap_asn1_obj.dir/constr_SEQUENCE_jer.c.o
#9 3.257 [ 25%] Building C object src/lib/3gpp/ie/CMakeFiles/3gpp_derived_ie_obj.dir/nr_cgi.c.o
#9 3.280 [ 25%] Building C object src/lib/3gpp/ie/CMakeFiles/3gpp_derived_ie_obj.dir/plmn_identity.c.o
#9 3.284 [ 25%] Building C object src/lib/e2ap/v3_01/ie/asn/CMakeFiles/e2ap_asn1_obj.dir/constr_SEQUENCE_OF_aper.c.o
#9 3.306 [ 25%] Building C object src/lib/3gpp/ie/CMakeFiles/3gpp_derived_ie_obj.dir/rrc_msg_id.c.o
#9 3.320 [ 25%] Building C object src/lib/e2ap/v3_01/ie/asn/CMakeFiles/e2ap_asn1_obj.dir/constr_SEQUENCE_OF_ber.c.o
#9 3.329 [ 25%] Building C object src/lib/3gpp/ie/CMakeFiles/3gpp_derived_ie_obj.dir/s_nssai.c.o
#9 3.352 [ 25%] Built target 3gpp_derived_ie_obj
#9 3.358 [ 25%] Building C object src/lib/e2ap/v3_01/ie/asn/CMakeFiles/e2ap_asn1_obj.dir/constr_SEQUENCE_OF.c.o
#9 3.370 [ 25%] Building C object src/lib/msg_hand/CMakeFiles/msg_hand_obj.dir/reg_e2_nodes.c.o
#9 3.387 [ 25%] Building C object src/lib/e2ap/v3_01/ie/asn/CMakeFiles/e2ap_asn1_obj.dir/constr_SEQUENCE_OF_jer.c.o
#9 3.433 [ 25%] Building C object src/lib/e2ap/v3_01/ie/asn/CMakeFiles/e2ap_asn1_obj.dir/constr_SEQUENCE_OF_uper.c.o
#9 3.444 [ 25%] Building C object src/lib/msg_hand/CMakeFiles/msg_hand_obj.dir/e2_node_arr.c.o
#9 3.464 [ 25%] Building C object src/lib/e2ap/v3_01/ie/asn/CMakeFiles/e2ap_asn1_obj.dir/constr_SEQUENCE_OF_xer.c.o
#9 3.469 [ 25%] Built target msg_hand_obj
#9 3.482 [ 25%] Building C object src/util/CMakeFiles/e2_conf_obj.dir/conf_file.c.o
#9 3.504 [ 25%] Building C object src/lib/e2ap/v3_01/ie/asn/CMakeFiles/e2ap_asn1_obj.dir/constr_SEQUENCE_print.c.o
#9 3.524 [ 25%] Built target e2_conf_obj
#9 3.539 [ 25%] Building C object src/util/CMakeFiles/e2ap_ds_obj.dir/byte_array.c.o
#9 3.546 [ 25%] Building C object src/lib/e2ap/v3_01/ie/asn/CMakeFiles/e2ap_asn1_obj.dir/constr_SEQUENCE_rfill.c.o
#9 3.564 [ 25%] Building C object src/util/CMakeFiles/e2ap_ds_obj.dir/alg_ds/ds/seq_container/seq_arr.c.o
#9 3.577 [ 25%] Building C object src/lib/e2ap/v3_01/ie/asn/CMakeFiles/e2ap_asn1_obj.dir/constr_SEQUENCE_uper.c.o
#9 3.603 [ 25%] Building C object src/util/CMakeFiles/e2ap_ds_obj.dir/alg_ds/ds/seq_container/seq_ring.c.o
#9 3.613 [ 25%] Building C object src/lib/e2ap/v3_01/ie/asn/CMakeFiles/e2ap_asn1_obj.dir/constr_SEQUENCE_xer.c.o
#9 3.651 [ 25%] Building C object src/util/CMakeFiles/e2ap_ds_obj.dir/alg_ds/ds/assoc_container/assoc_rb_tree.c.o
#9 3.652 [ 25%] Building C object src/lib/e2ap/v3_01/ie/asn/CMakeFiles/e2ap_asn1_obj.dir/constr_SET_OF_aper.c.o
#9 3.692 [ 25%] Building C object src/util/CMakeFiles/e2ap_ds_obj.dir/alg_ds/ds/assoc_container/bimap.c.o
#9 3.702 [ 25%] Building C object src/lib/e2ap/v3_01/ie/asn/CMakeFiles/e2ap_asn1_obj.dir/constr_SET_OF_ber.c.o
#9 3.735 [ 25%] Building C object src/lib/e2ap/v3_01/ie/asn/CMakeFiles/e2ap_asn1_obj.dir/constr_SET_OF.c.o
#9 3.735 [ 25%] Building C object src/util/CMakeFiles/e2ap_ds_obj.dir/alg_ds/ds/assoc_container/assoc_reg.c.o
#9 3.774 [ 25%] Building C object src/lib/e2ap/v3_01/ie/asn/CMakeFiles/e2ap_asn1_obj.dir/constr_SET_OF_jer.c.o
#9 3.785 [ 25%] Building C object src/util/CMakeFiles/e2ap_ds_obj.dir/alg_ds/ds/tsn_queue/tsn_queue.c.o
#9 3.816 [ 25%] Building C object src/lib/e2ap/v3_01/ie/asn/CMakeFiles/e2ap_asn1_obj.dir/constr_SET_OF_print.c.o
#9 3.826 [ 25%] Building C object src/util/CMakeFiles/e2ap_ds_obj.dir/alg_ds/ds/tsq/tsq.c.o
#9 3.841 [ 25%] Building C object src/lib/e2ap/v3_01/ie/asn/CMakeFiles/e2ap_asn1_obj.dir/constr_SET_OF_rfill.c.o
#9 3.865 [ 25%] Building C object src/util/CMakeFiles/e2ap_ds_obj.dir/alg_ds/ds/task_man/task_manager.c.o
#9 3.890 [ 25%] Building C object src/lib/e2ap/v3_01/ie/asn/CMakeFiles/e2ap_asn1_obj.dir/constr_SET_OF_uper.c.o
#9 3.914 [ 25%] Built target e2ap_ds_obj
#9 3.930 [ 25%] Building C object src/lib/e2ap/v3_01/ie/asn/CMakeFiles/e2ap_asn1_obj.dir/constr_SET_OF_xer.c.o
#9 3.931 [ 25%] Building C object src/util/CMakeFiles/e2_conv_obj.dir/conversions.c.o
#9 3.968 [ 25%] Building C object src/lib/e2ap/v3_01/ie/asn/CMakeFiles/e2ap_asn1_obj.dir/constr_TYPE.c.o
#9 3.997 [ 25%] Building C object src/lib/e2ap/v3_01/ie/asn/CMakeFiles/e2ap_asn1_obj.dir/Criticality.c.o
#9 4.003 [ 25%] Built target e2_conv_obj
#9 4.020 [ 25%] Building C object src/util/CMakeFiles/e2_time_obj.dir/time_now_us.c.o
#9 4.029 [ 25%] Building C object src/lib/e2ap/v3_01/ie/asn/CMakeFiles/e2ap_asn1_obj.dir/CriticalityDiagnostics.c.o
#9 4.041 [ 25%] Built target e2_time_obj
#9 4.047 [ 33%] Building C object src/lib/e2ap/v3_01/ie/asn/CMakeFiles/e2ap_asn1_obj.dir/CriticalityDiagnostics-IE-Item.c.o
#9 4.068 [ 33%] Building C object src/lib/e2ap/v3_01/ie/asn/CMakeFiles/e2ap_asn1_obj.dir/CriticalityDiagnostics-IE-List.c.o
#9 4.075 [ 33%] Building C object src/lib/e2ap/v3_01/ie/asn/CMakeFiles/e2ap_asn1_obj.dir/der_encoder.c.o
#9 4.101 [ 33%] Building C object src/lib/e2ap/v3_01/ie/asn/CMakeFiles/e2ap_asn1_obj.dir/E2AP-PDU.c.o
#9 4.111 [ 33%] Building C object src/lib/e2ap/v3_01/ie/asn/CMakeFiles/e2ap_asn1_obj.dir/E2connectionSetupFailed-Item.c.o
#9 4.141 [ 33%] Building C object src/lib/e2ap/v3_01/ie/asn/CMakeFiles/e2ap_asn1_obj.dir/E2connectionSetupFailed-List.c.o
#9 4.145 [ 33%] Building C object src/lib/e2ap/v3_01/ie/asn/CMakeFiles/e2ap_asn1_obj.dir/E2connectionUpdateAcknowledge.c.o
#9 4.175 [ 33%] Building C object src/lib/e2ap/v3_01/ie/asn/CMakeFiles/e2ap_asn1_obj.dir/E2connectionUpdate.c.o
#9 4.198 [ 33%] Building C object src/lib/e2ap/v3_01/ie/asn/CMakeFiles/e2ap_asn1_obj.dir/E2connectionUpdateFailure.c.o
#9 4.201 [ 33%] Building C object src/lib/e2ap/v3_01/ie/asn/CMakeFiles/e2ap_asn1_obj.dir/E2connectionUpdate-Item.c.o
#9 4.234 [ 33%] Building C object src/lib/e2ap/v3_01/ie/asn/CMakeFiles/e2ap_asn1_obj.dir/E2connectionUpdate-List.c.o
#9 4.240 [ 33%] Building C object src/lib/e2ap/v3_01/ie/asn/CMakeFiles/e2ap_asn1_obj.dir/E2connectionUpdateRemove-Item.c.o
#9 4.270 [ 33%] Building C object src/lib/e2ap/v3_01/ie/asn/CMakeFiles/e2ap_asn1_obj.dir/E2connectionUpdateRemove-List.c.o
#9 4.282 [ 33%] Building C object src/util/CMakeFiles/e2ap_alg_obj.dir/alg_ds/alg/accumulate.c.o
#9 4.311 [ 33%] Building C object src/lib/e2ap/v3_01/ie/asn/CMakeFiles/e2ap_asn1_obj.dir/E2nodeComponentConfigAdditionAck-Item.c.o
#9 4.313 [ 33%] Building C object src/util/CMakeFiles/e2ap_alg_obj.dir/alg_ds/alg/defer.c.o
#9 4.335 [ 33%] Building C object src/util/CMakeFiles/e2ap_alg_obj.dir/alg_ds/alg/lower_bound.c.o
#9 4.338 [ 33%] Building C object src/lib/e2ap/v3_01/ie/asn/CMakeFiles/e2ap_asn1_obj.dir/E2nodeComponentConfigAdditionAck-List.c.o
#9 4.361 [ 33%] Building C object src/util/CMakeFiles/e2ap_alg_obj.dir/alg_ds/alg/eq_float.c.o
#9 4.385 [ 41%] Building C object src/util/CMakeFiles/e2ap_alg_obj.dir/alg_ds/alg/find.c.o
#9 4.387 [ 41%] Building C object src/lib/e2ap/v3_01/ie/asn/CMakeFiles/e2ap_asn1_obj.dir/E2nodeComponentConfigAddition-Item.c.o
#9 4.414 [ 41%] Building C object src/util/CMakeFiles/e2ap_alg_obj.dir/alg_ds/alg/for_each.c.o
#9 4.418 [ 41%] Building C object src/lib/e2ap/v3_01/ie/asn/CMakeFiles/e2ap_asn1_obj.dir/E2nodeComponentConfigAddition-List.c.o
#9 4.437 [ 41%] Building C object src/util/CMakeFiles/e2ap_alg_obj.dir/alg_ds/alg/iter_swap.c.o
#9 4.456 [ 41%] Building C object src/util/CMakeFiles/e2ap_alg_obj.dir/alg_ds/alg/rotate.c.o
#9 4.459 [ 41%] Building C object src/lib/e2ap/v3_01/ie/asn/CMakeFiles/e2ap_asn1_obj.dir/E2nodeComponentConfigRemovalAck-Item.c.o
#9 4.487 [ 41%] Building C object src/lib/e2ap/v3_01/ie/asn/CMakeFiles/e2ap_asn1_obj.dir/E2nodeComponentConfigRemovalAck-List.c.o
#9 4.493 [ 41%] Building C object src/util/CMakeFiles/e2ap_alg_obj.dir/alg_ds/alg/string/search_naive.c.o
#9 4.516 [ 41%] Building C object src/util/CMakeFiles/e2ap_alg_obj.dir/alg_ds/alg/string/booyer_moore.c.o
#9 4.533 [ 41%] Building C object src/lib/e2ap/v3_01/ie/asn/CMakeFiles/e2ap_asn1_obj.dir/E2nodeComponentConfigRemoval-Item.c.o
#9 4.547 [ 41%] Built target e2ap_alg_obj
#9 4.555 [ 41%] Building C object src/lib/e2ap/v3_01/ie/asn/CMakeFiles/e2ap_asn1_obj.dir/E2nodeComponentConfigRemoval-List.c.o
#9 4.561 [ 41%] Building C object src/lib/e2ap/v3_01/ie/asn/CMakeFiles/e2ap_asn1_obj.dir/E2nodeComponentConfigUpdateAck-Item.c.o
#9 4.588 [ 41%] Building C object src/lib/e2ap/v3_01/ie/asn/CMakeFiles/e2ap_asn1_obj.dir/E2nodeComponentConfigUpdateAck-List.c.o
#9 4.593 [ 41%] Building C object src/lib/e2ap/v3_01/ie/asn/CMakeFiles/e2ap_asn1_obj.dir/E2nodeComponentConfigUpdate-Item.c.o
#9 4.619 [ 41%] Building C object src/lib/e2ap/v3_01/ie/asn/CMakeFiles/e2ap_asn1_obj.dir/E2nodeComponentConfigUpdate-List.c.o
#9 4.640 [ 41%] Building C object src/lib/e2ap/v3_01/ie/asn/CMakeFiles/e2ap_asn1_obj.dir/E2nodeComponentConfigurationAck.c.o
#9 4.658 [ 41%] Building C object src/lib/e2ap/v3_01/ie/asn/CMakeFiles/e2ap_asn1_obj.dir/E2nodeComponentConfiguration.c.o
#9 4.672 [ 41%] Building C object src/lib/e2ap/v3_01/ie/asn/CMakeFiles/e2ap_asn1_obj.dir/E2nodeComponentID.c.o
#9 4.699 [ 41%] Building C object src/lib/e2ap/v3_01/ie/asn/CMakeFiles/e2ap_asn1_obj.dir/E2nodeComponentInterfaceF1.c.o
#9 4.701 [ 41%] Building C object src/lib/e2ap/v3_01/ie/asn/CMakeFiles/e2ap_asn1_obj.dir/E2nodeComponentInterfaceE1.c.o
#9 4.727 [ 41%] Building C object src/lib/e2ap/v3_01/ie/asn/CMakeFiles/e2ap_asn1_obj.dir/E2nodeComponentInterfaceNG.c.o
#9 4.743 [ 41%] Building C object src/lib/e2ap/v3_01/ie/asn/CMakeFiles/e2ap_asn1_obj.dir/E2nodeComponentInterfaceS1.c.o
#9 4.758 [ 41%] Building C object src/lib/e2ap/v3_01/ie/asn/CMakeFiles/e2ap_asn1_obj.dir/E2nodeComponentInterfaceType.c.o
#9 4.775 [ 41%] Building C object src/lib/e2ap/v3_01/ie/asn/CMakeFiles/e2ap_asn1_obj.dir/E2nodeComponentInterfaceW1.c.o
#9 4.790 [ 41%] Building C object src/lib/e2ap/v3_01/ie/asn/CMakeFiles/e2ap_asn1_obj.dir/E2nodeComponentInterfaceX2.c.o
#9 4.806 [ 41%] Building C object src/lib/e2ap/v3_01/ie/asn/CMakeFiles/e2ap_asn1_obj.dir/E2nodeComponentInterfaceXn.c.o
#9 4.830 [ 41%] Building C object src/lib/e2ap/v3_01/ie/asn/CMakeFiles/e2ap_asn1_obj.dir/E2nodeConfigurationUpdateAcknowledge.c.o
#9 4.835 [ 41%] Building C object src/lib/e2ap/v3_01/ie/asn/CMakeFiles/e2ap_asn1_obj.dir/E2nodeConfigurationUpdate.c.o
#9 4.862 [ 41%] Building C object src/lib/e2ap/v3_01/ie/asn/CMakeFiles/e2ap_asn1_obj.dir/E2nodeConfigurationUpdateFailure.c.o
#9 4.870 [ 50%] Building C object src/lib/e2ap/v3_01/ie/asn/CMakeFiles/e2ap_asn1_obj.dir/E2nodeConnected-List.c.o
#9 4.894 [ 50%] Building C object src/lib/e2ap/v3_01/ie/asn/CMakeFiles/e2ap_asn1_obj.dir/E2nodeTNLassociationRemoval-Item.c.o
#9 4.911 [ 50%] Building C object src/lib/e2ap/v3_01/ie/asn/CMakeFiles/e2ap_asn1_obj.dir/E2nodeTNLassociationRemoval-List.c.o
#9 4.938 [ 50%] Building C object src/lib/e2ap/v3_01/ie/asn/CMakeFiles/e2ap_asn1_obj.dir/E2RemovalFailure.c.o
#9 4.948 [ 50%] Building C object src/lib/e2ap/v3_01/ie/asn/CMakeFiles/e2ap_asn1_obj.dir/E2RemovalRequest.c.o
#9 4.978 [ 50%] Building C object src/lib/e2ap/v3_01/ie/asn/CMakeFiles/e2ap_asn1_obj.dir/E2RemovalResponse.c.o
#9 4.981 [ 50%] Building C object src/lib/e2ap/v3_01/ie/asn/CMakeFiles/e2ap_asn1_obj.dir/E2setupFailure.c.o
#9 5.006 [ 50%] Building C object src/lib/e2ap/v3_01/ie/asn/CMakeFiles/e2ap_asn1_obj.dir/E2setupRequest.c.o
#9 5.019 [ 50%] Building C object src/lib/e2ap/v3_01/ie/asn/CMakeFiles/e2ap_asn1_obj.dir/E2setupResponse.c.o
#9 5.047 [ 50%] Building C object src/lib/e2ap/v3_01/ie/asn/CMakeFiles/e2ap_asn1_obj.dir/E42RICsubscriptionDeleteRequest.c.o
#9 5.048 [ 50%] Building C object src/lib/e2ap/v3_01/ie/asn/CMakeFiles/e2ap_asn1_obj.dir/E42RICcontrolRequest.c.o
#9 5.078 [ 50%] Building C object src/lib/e2ap/v3_01/ie/asn/CMakeFiles/e2ap_asn1_obj.dir/E42RICsubscriptionRequest.c.o
#9 5.093 [ 50%] Building C object src/lib/e2ap/v3_01/ie/asn/CMakeFiles/e2ap_asn1_obj.dir/E42setupRequest.c.o
#9 5.110 [ 50%] Building C object src/lib/e2ap/v3_01/ie/asn/CMakeFiles/e2ap_asn1_obj.dir/E42setupResponse.c.o
#9 5.127 [ 50%] Building C object src/lib/e2ap/v3_01/ie/asn/CMakeFiles/e2ap_asn1_obj.dir/ENB-ID.c.o
#9 5.148 [ 50%] Building C object src/lib/e2ap/v3_01/ie/asn/CMakeFiles/e2ap_asn1_obj.dir/ENB-ID-Choice.c.o
#9 5.162 [ 50%] Building C object src/lib/e2ap/v3_01/ie/asn/CMakeFiles/e2ap_asn1_obj.dir/ENGNB-ID.c.o
#9 5.191 [ 50%] Building C object src/lib/e2ap/v3_01/ie/asn/CMakeFiles/e2ap_asn1_obj.dir/ErrorIndication.c.o
#9 5.195 [ 50%] Building C object src/lib/e2ap/v3_01/ie/asn/CMakeFiles/e2ap_asn1_obj.dir/EXTERNAL.c.o
#9 5.221 [ 50%] Building C object src/lib/e2ap/v3_01/ie/asn/CMakeFiles/e2ap_asn1_obj.dir/GlobalE2node-en-gNB-ID.c.o
#9 5.223 [ 50%] Building C object src/lib/e2ap/v3_01/ie/asn/CMakeFiles/e2ap_asn1_obj.dir/GlobalE2node-eNB-ID.c.o
#9 5.252 [ 50%] Building C object src/lib/e2ap/v3_01/ie/asn/CMakeFiles/e2ap_asn1_obj.dir/GlobalE2node-gNB-ID.c.o
#9 5.259 [ 50%] Building C object src/lib/e2ap/v3_01/ie/asn/CMakeFiles/e2ap_asn1_obj.dir/GlobalE2node-ID.c.o
#9 5.293 [ 50%] Building C object src/lib/e2ap/v3_01/ie/asn/CMakeFiles/e2ap_asn1_obj.dir/GlobalE2node-ng-eNB-ID.c.o
#9 5.294 [ 50%] Building C object src/lib/e2ap/v3_01/ie/asn/CMakeFiles/e2ap_asn1_obj.dir/GlobalENB-ID.c.o
#9 5.323 [ 50%] Building C object src/lib/e2ap/v3_01/ie/asn/CMakeFiles/e2ap_asn1_obj.dir/GlobalenGNB-ID.c.o
#9 5.333 [ 50%] Building C object src/lib/e2ap/v3_01/ie/asn/CMakeFiles/e2ap_asn1_obj.dir/GlobalgNB-ID.c.o
#9 5.364 [ 50%] Building C object src/lib/e2ap/v3_01/ie/asn/CMakeFiles/e2ap_asn1_obj.dir/GlobalNG-RANNode-ID.c.o
#9 5.365 [ 50%] Building C object src/lib/e2ap/v3_01/ie/asn/CMakeFiles/e2ap_asn1_obj.dir/GlobalngeNB-ID.c.o
#9 5.397 [ 50%] Building C object src/lib/e2ap/v3_01/ie/asn/CMakeFiles/e2ap_asn1_obj.dir/GlobalRIC-ID.c.o
#9 5.408 [ 50%] Building C object src/lib/e2ap/v3_01/ie/asn/CMakeFiles/e2ap_asn1_obj.dir/GNB-CU-UP-ID.c.o
#9 5.427 [ 50%] Building C object src/lib/e2ap/v3_01/ie/asn/CMakeFiles/e2ap_asn1_obj.dir/GNB-DU-ID.c.o
#9 5.454 [ 50%] Building C object src/lib/e2ap/v3_01/ie/asn/CMakeFiles/e2ap_asn1_obj.dir/GNB-ID-Choice.c.o
#9 5.457 [ 50%] Building C object src/lib/e2ap/v3_01/ie/asn/CMakeFiles/e2ap_asn1_obj.dir/GraphicString.c.o
#9 5.484 [ 50%] Building C object src/lib/e2ap/v3_01/ie/asn/CMakeFiles/e2ap_asn1_obj.dir/InitiatingMessage.c.o
#9 5.501 [ 50%] Building C object src/lib/e2ap/v3_01/ie/asn/CMakeFiles/e2ap_asn1_obj.dir/INTEGER_aper.c.o
#9 5.526 [ 50%] Building C object src/lib/e2ap/v3_01/ie/asn/CMakeFiles/e2ap_asn1_obj.dir/INTEGER_ber.c.o
#9 5.552 [ 50%] Building C object src/lib/e2ap/v3_01/ie/asn/CMakeFiles/e2ap_asn1_obj.dir/INTEGER.c.o
#9 5.571 [ 58%] Building C object src/lib/e2ap/v3_01/ie/asn/CMakeFiles/e2ap_asn1_obj.dir/INTEGER_jer.c.o
#9 5.599 [ 58%] Building C object src/lib/e2ap/v3_01/ie/asn/CMakeFiles/e2ap_asn1_obj.dir/INTEGER_print.c.o
#9 5.614 [ 58%] Building C object src/lib/e2ap/v3_01/ie/asn/CMakeFiles/e2ap_asn1_obj.dir/INTEGER_rfill.c.o
#9 5.626 [ 58%] Building C object src/lib/e2ap/v3_01/ie/asn/CMakeFiles/e2ap_asn1_obj.dir/INTEGER_uper.c.o
#9 5.643 [ 58%] Building C object src/lib/e2ap/v3_01/ie/asn/CMakeFiles/e2ap_asn1_obj.dir/INTEGER_xer.c.o
#9 5.665 [ 58%] Building C object src/lib/e2ap/v3_01/ie/asn/CMakeFiles/e2ap_asn1_obj.dir/jer_encoder.c.o
#9 5.685 [ 58%] Building C object src/lib/e2ap/v3_01/ie/asn/CMakeFiles/e2ap_asn1_obj.dir/MMEname.c.o
#9 5.697 [ 58%] Building C object src/lib/e2ap/v3_01/ie/asn/CMakeFiles/e2ap_asn1_obj.dir/NativeEnumerated_aper.c.o
#9 5.720 [ 58%] Building C object src/lib/e2ap/v3_01/ie/asn/CMakeFiles/e2ap_asn1_obj.dir/NativeEnumerated.c.o
#9 5.733 [ 58%] Building C object src/lib/e2ap/v3_01/ie/asn/CMakeFiles/e2ap_asn1_obj.dir/NativeEnumerated_jer.c.o
#9 5.748 [ 58%] Building C object src/lib/e2ap/v3_01/ie/asn/CMakeFiles/e2ap_asn1_obj.dir/NativeEnumerated_uper.c.o
#9 5.764 [ 58%] Building C object src/lib/e2ap/v3_01/ie/asn/CMakeFiles/e2ap_asn1_obj.dir/NativeEnumerated_xer.c.o
#9 5.782 [ 58%] Building C object src/lib/e2ap/v3_01/ie/asn/CMakeFiles/e2ap_asn1_obj.dir/NativeInteger_aper.c.o
#9 5.796 [ 58%] Building C object src/lib/e2ap/v3_01/ie/asn/CMakeFiles/e2ap_asn1_obj.dir/NativeInteger_ber.c.o
#9 5.811 [ 58%] Building C object src/lib/e2ap/v3_01/ie/asn/CMakeFiles/e2ap_asn1_obj.dir/NativeInteger.c.o
#9 5.833 [ 58%] Building C object src/lib/e2ap/v3_01/ie/asn/CMakeFiles/e2ap_asn1_obj.dir/NativeInteger_jer.c.o
#9 5.839 [ 58%] Building C object src/lib/e2ap/v3_01/ie/asn/CMakeFiles/e2ap_asn1_obj.dir/NativeInteger_print.c.o
#9 5.862 [ 58%] Building C object src/lib/e2ap/v3_01/ie/asn/CMakeFiles/e2ap_asn1_obj.dir/NativeInteger_rfill.c.o
#9 5.875 [ 58%] Building C object src/lib/e2ap/v3_01/ie/asn/CMakeFiles/e2ap_asn1_obj.dir/NativeInteger_uper.c.o
#9 5.893 [ 58%] Building C object src/lib/e2ap/v3_01/ie/asn/CMakeFiles/e2ap_asn1_obj.dir/NativeInteger_xer.c.o
#9 5.909 [ 58%] Building C object src/lib/e2ap/v3_01/ie/asn/CMakeFiles/e2ap_asn1_obj.dir/NGENB-DU-ID.c.o
#9 5.929 [ 58%] Building C object src/lib/e2ap/v3_01/ie/asn/CMakeFiles/e2ap_asn1_obj.dir/ObjectDescriptor.c.o
#9 5.939 [ 58%] Building C object src/lib/e2ap/v3_01/ie/asn/CMakeFiles/e2ap_asn1_obj.dir/OBJECT_IDENTIFIER.c.o
#9 5.960 [ 58%] Building C object src/lib/e2ap/v3_01/ie/asn/CMakeFiles/e2ap_asn1_obj.dir/OBJECT_IDENTIFIER_jer.c.o
#9 5.980 [ 58%] Building C object src/lib/e2ap/v3_01/ie/asn/CMakeFiles/e2ap_asn1_obj.dir/OBJECT_IDENTIFIER_print.c.o
#9 5.988 [ 58%] Building C object src/lib/e2ap/v3_01/ie/asn/CMakeFiles/e2ap_asn1_obj.dir/OBJECT_IDENTIFIER_rfill.c.o
#9 6.009 [ 58%] Building C object src/lib/e2ap/v3_01/ie/asn/CMakeFiles/e2ap_asn1_obj.dir/OBJECT_IDENTIFIER_xer.c.o
#9 6.018 [ 58%] Building C object src/lib/e2ap/v3_01/ie/asn/CMakeFiles/e2ap_asn1_obj.dir/OCTET_STRING_aper.c.o
#9 6.057 [ 58%] Building C object src/lib/e2ap/v3_01/ie/asn/CMakeFiles/e2ap_asn1_obj.dir/OCTET_STRING_ber.c.o
#9 6.065 [ 58%] Building C object src/lib/e2ap/v3_01/ie/asn/CMakeFiles/e2ap_asn1_obj.dir/OCTET_STRING.c.o
#9 6.110 [ 58%] Building C object src/lib/e2ap/v3_01/ie/asn/CMakeFiles/e2ap_asn1_obj.dir/OCTET_STRING_jer.c.o
#9 6.117 [ 58%] Building C object src/lib/e2ap/v3_01/ie/asn/CMakeFiles/e2ap_asn1_obj.dir/OCTET_STRING_print.c.o
#9 6.139 [ 58%] Building C object src/lib/e2ap/v3_01/ie/asn/CMakeFiles/e2ap_asn1_obj.dir/OCTET_STRING_rfill.c.o
#9 6.154 [ 58%] Building C object src/lib/e2ap/v3_01/ie/asn/CMakeFiles/e2ap_asn1_obj.dir/OCTET_STRING_uper.c.o
#9 6.174 [ 58%] Building C object src/lib/e2ap/v3_01/ie/asn/CMakeFiles/e2ap_asn1_obj.dir/OCTET_STRING_xer.c.o
#9 6.189 [ 58%] Building C object src/lib/e2ap/v3_01/ie/asn/CMakeFiles/e2ap_asn1_obj.dir/OPEN_TYPE_aper.c.o
#9 6.222 [ 58%] Building C object src/lib/e2ap/v3_01/ie/asn/CMakeFiles/e2ap_asn1_obj.dir/OPEN_TYPE.c.o
#9 6.222 [ 58%] Building C object src/lib/e2ap/v3_01/ie/asn/CMakeFiles/e2ap_asn1_obj.dir/OPEN_TYPE_ber.c.o
#9 6.246 [ 58%] Building C object src/lib/e2ap/v3_01/ie/asn/CMakeFiles/e2ap_asn1_obj.dir/OPEN_TYPE_uper.c.o
#9 6.253 [ 66%] Building C object src/lib/e2ap/v3_01/ie/asn/CMakeFiles/e2ap_asn1_obj.dir/OPEN_TYPE_xer.c.o
#9 6.277 [ 66%] Building C object src/lib/e2ap/v3_01/ie/asn/CMakeFiles/e2ap_asn1_obj.dir/per_decoder.c.o
#9 6.290 [ 66%] Building C object src/lib/e2ap/v3_01/ie/asn/CMakeFiles/e2ap_asn1_obj.dir/per_encoder.c.o
#9 6.305 [ 66%] Building C object src/lib/e2ap/v3_01/ie/asn/CMakeFiles/e2ap_asn1_obj.dir/per_opentype.c.o
#9 6.321 [ 66%] Building C object src/lib/e2ap/v3_01/ie/asn/CMakeFiles/e2ap_asn1_obj.dir/per_support.c.o
#9 6.335 [ 66%] Building C object src/lib/e2ap/v3_01/ie/asn/CMakeFiles/e2ap_asn1_obj.dir/PLMN-Identity.c.o
#9 6.346 [ 66%] Building C object src/lib/e2ap/v3_01/ie/asn/CMakeFiles/e2ap_asn1_obj.dir/Presence.c.o
#9 6.365 [ 66%] Building C object src/lib/e2ap/v3_01/ie/asn/CMakeFiles/e2ap_asn1_obj.dir/PrintableString.c.o
#9 6.370 [ 66%] Building C object src/lib/e2ap/v3_01/ie/asn/CMakeFiles/e2ap_asn1_obj.dir/ProcedureCode.c.o
#9 6.396 [ 66%] Building C object src/lib/e2ap/v3_01/ie/asn/CMakeFiles/e2ap_asn1_obj.dir/ProtocolIE-Container.c.o
#9 6.401 [ 66%] Building C object src/lib/e2ap/v3_01/ie/asn/CMakeFiles/e2ap_asn1_obj.dir/ProtocolIE-ContainerList.c.o
#9 6.431 [ 66%] Building C object src/lib/e2ap/v3_01/ie/asn/CMakeFiles/e2ap_asn1_obj.dir/ProtocolIE-ContainerPair.c.o
#9 6.438 [ 66%] Building C object src/lib/e2ap/v3_01/ie/asn/CMakeFiles/e2ap_asn1_obj.dir/ProtocolIE-ContainerPairList.c.o
#9 6.460 [ 66%] Building C object src/lib/e2ap/v3_01/ie/asn/CMakeFiles/e2ap_asn1_obj.dir/ProtocolIE-Field.c.o
#9 6.467 [ 66%] Building C object src/lib/e2ap/v3_01/ie/asn/CMakeFiles/e2ap_asn1_obj.dir/ProtocolIE-FieldPair.c.o
#9 6.498 [ 66%] Building C object src/lib/e2ap/v3_01/ie/asn/CMakeFiles/e2ap_asn1_obj.dir/ProtocolIE-ID.c.o
#9 6.527 [ 66%] Building C object src/lib/e2ap/v3_01/ie/asn/CMakeFiles/e2ap_asn1_obj.dir/ProtocolIE-SingleContainer.c.o
#9 6.568 [ 66%] Building C object src/lib/e2ap/v3_01/ie/asn/CMakeFiles/e2ap_asn1_obj.dir/RANfunctionDefinition.c.o
#9 6.603 [ 66%] Building C object src/lib/e2ap/v3_01/ie/asn/CMakeFiles/e2ap_asn1_obj.dir/RANfunctionID.c.o
#9 6.647 [ 66%] Building C object src/lib/e2ap/v3_01/ie/asn/CMakeFiles/e2ap_asn1_obj.dir/RANfunctionIDcause-Item.c.o
#9 6.687 [ 66%] Building C object src/lib/e2ap/v3_01/ie/asn/CMakeFiles/e2ap_asn1_obj.dir/RANfunctionID-Item.c.o
#9 6.729 [ 66%] Building C object src/lib/e2ap/v3_01/ie/asn/CMakeFiles/e2ap_asn1_obj.dir/RANfunction-Item.c.o
#9 6.772 [ 66%] Building C object src/lib/e2ap/v3_01/ie/asn/CMakeFiles/e2ap_asn1_obj.dir/RANfunctionOID.c.o
#9 6.815 [ 66%] Building C object src/lib/e2ap/v3_01/ie/asn/CMakeFiles/e2ap_asn1_obj.dir/RANfunctionRevision.c.o
#9 6.857 [ 66%] Building C object src/lib/e2ap/v3_01/ie/asn/CMakeFiles/e2ap_asn1_obj.dir/RANfunctionsIDcause-List.c.o
#9 6.858 [ 66%] Building C object src/lib/e2ap/v3_01/ie/asn/CMakeFiles/e2ap_asn1_obj.dir/RANfunctionsID-List.c.o
#9 6.900 [ 66%] Building C object src/lib/e2ap/v3_01/ie/asn/CMakeFiles/e2ap_asn1_obj.dir/RANfunctions-List.c.o
#9 6.902 [ 66%] Building C object src/lib/e2ap/v3_01/ie/asn/CMakeFiles/e2ap_asn1_obj.dir/ResetRequest.c.o
#9 6.935 [ 66%] Building C object src/lib/e2ap/v3_01/ie/asn/CMakeFiles/e2ap_asn1_obj.dir/ResetResponse.c.o
#9 6.938 [ 66%] Building C object src/lib/e2ap/v3_01/ie/asn/CMakeFiles/e2ap_asn1_obj.dir/RICaction-AddedForModification-Item.c.o
#9 6.966 [ 66%] Building C object src/lib/e2ap/v3_01/ie/asn/CMakeFiles/e2ap_asn1_obj.dir/RICaction-Admitted-Item.c.o
#9 6.978 [ 66%] Building C object src/lib/e2ap/v3_01/ie/asn/CMakeFiles/e2ap_asn1_obj.dir/RICaction-Admitted-List.c.o
#9 7.007 [ 66%] Building C object src/lib/e2ap/v3_01/ie/asn/CMakeFiles/e2ap_asn1_obj.dir/RICaction-ConfirmedForModification-Item.c.o
#9 7.014 [ 66%] Building C object src/lib/e2ap/v3_01/ie/asn/CMakeFiles/e2ap_asn1_obj.dir/RICaction-ConfirmedForRemoval-Item.c.o
#9 7.045 [ 66%] Building C object src/lib/e2ap/v3_01/ie/asn/CMakeFiles/e2ap_asn1_obj.dir/RICactionExecutionOrder.c.o
#9 7.047 [ 66%] Building C object src/lib/e2ap/v3_01/ie/asn/CMakeFiles/e2ap_asn1_obj.dir/RICactionDefinition.c.o
#9 7.073 [ 66%] Building C object src/lib/e2ap/v3_01/ie/asn/CMakeFiles/e2ap_asn1_obj.dir/RICaction-FailedToBeAddedForModification-Item.c.o
#9 7.077 [ 66%] Building C object src/lib/e2ap/v3_01/ie/asn/CMakeFiles/e2ap_asn1_obj.dir/RICaction-FailedToBeModifiedForModification-Item.c.o
#9 7.102 [ 66%] Building C object src/lib/e2ap/v3_01/ie/asn/CMakeFiles/e2ap_asn1_obj.dir/RICaction-FailedToBeRemovedForModification-Item.c.o
#9 7.106 [ 75%] Building C object src/lib/e2ap/v3_01/ie/asn/CMakeFiles/e2ap_asn1_obj.dir/RICactionID.c.o
#9 7.134 [ 75%] Building C object src/lib/e2ap/v3_01/ie/asn/CMakeFiles/e2ap_asn1_obj.dir/RICaction-ModifiedForModification-Item.c.o
#9 7.142 [ 75%] Building C object src/lib/e2ap/v3_01/ie/asn/CMakeFiles/e2ap_asn1_obj.dir/RICaction-NotAdmitted-Item.c.o
#9 7.171 [ 75%] Building C object src/lib/e2ap/v3_01/ie/asn/CMakeFiles/e2ap_asn1_obj.dir/RICaction-NotAdmitted-List.c.o
#9 7.175 [ 75%] Building C object src/lib/e2ap/v3_01/ie/asn/CMakeFiles/e2ap_asn1_obj.dir/RICaction-RefusedToBeModified-Item.c.o
#9 7.210 [ 75%] Building C object src/lib/e2ap/v3_01/ie/asn/CMakeFiles/e2ap_asn1_obj.dir/RICaction-RefusedToBeRemoved-Item.c.o
#9 7.219 [ 75%] Building C object src/lib/e2ap/v3_01/ie/asn/CMakeFiles/e2ap_asn1_obj.dir/RICaction-RemovedForModification-Item.c.o
#9 7.241 [ 75%] Building C object src/lib/e2ap/v3_01/ie/asn/CMakeFiles/e2ap_asn1_obj.dir/RICaction-RequiredToBeModified-Item.c.o
#9 7.252 [ 75%] Building C object src/lib/e2ap/v3_01/ie/asn/CMakeFiles/e2ap_asn1_obj.dir/RICaction-RequiredToBeRemoved-Item.c.o
#9 7.268 [ 75%] Building C object src/lib/e2ap/v3_01/ie/asn/CMakeFiles/e2ap_asn1_obj.dir/RICactions-AddedForModification-List.c.o
#9 7.295 [ 75%] Building C object src/lib/e2ap/v3_01/ie/asn/CMakeFiles/e2ap_asn1_obj.dir/RICactions-ConfirmedForModification-List.c.o
#9 7.306 [ 75%] Building C object src/lib/e2ap/v3_01/ie/asn/CMakeFiles/e2ap_asn1_obj.dir/RICactions-ConfirmedForRemoval-List.c.o
#9 7.331 [ 75%] Building C object src/lib/e2ap/v3_01/ie/asn/CMakeFiles/e2ap_asn1_obj.dir/RICactions-FailedToBeAddedForModification-List.c.o
#9 7.363 [ 75%] Building C object src/lib/e2ap/v3_01/ie/asn/CMakeFiles/e2ap_asn1_obj.dir/RICactions-FailedToBeModifiedForModification-List.c.o
#9 7.369 [ 75%] Building C object src/lib/e2ap/v3_01/ie/asn/CMakeFiles/e2ap_asn1_obj.dir/RICactions-FailedToBeRemovedForModification-List.c.o
#9 7.398 [ 75%] Building C object src/lib/e2ap/v3_01/ie/asn/CMakeFiles/e2ap_asn1_obj.dir/RICactions-ModifiedForModification-List.c.o
#9 7.425 [ 75%] Building C object src/lib/e2ap/v3_01/ie/asn/CMakeFiles/e2ap_asn1_obj.dir/RICactions-RefusedToBeModified-List.c.o
#9 7.435 [ 75%] Building C object src/lib/e2ap/v3_01/ie/asn/CMakeFiles/e2ap_asn1_obj.dir/RICactions-RefusedToBeRemoved-List.c.o
#9 7.465 [ 75%] Building C object src/lib/e2ap/v3_01/ie/asn/CMakeFiles/e2ap_asn1_obj.dir/RICactions-RemovedForModification-List.c.o
#9 7.474 [ 75%] Building C object src/lib/e2ap/v3_01/ie/asn/CMakeFiles/e2ap_asn1_obj.dir/RICactions-RequiredToBeModified-List.c.o
#9 7.507 [ 75%] Building C object src/lib/e2ap/v3_01/ie/asn/CMakeFiles/e2ap_asn1_obj.dir/RICactions-RequiredToBeRemoved-List.c.o
#9 7.520 [ 75%] Building C object src/lib/e2ap/v3_01/ie/asn/CMakeFiles/e2ap_asn1_obj.dir/RICactions-ToBeAddedForModification-List.c.o
#9 7.543 [ 75%] Building C object src/lib/e2ap/v3_01/ie/asn/CMakeFiles/e2ap_asn1_obj.dir/RICactions-ToBeModifiedForModification-List.c.o
#9 7.566 [ 75%] Building C object src/lib/e2ap/v3_01/ie/asn/CMakeFiles/e2ap_asn1_obj.dir/RICactions-ToBeRemovedForModification-List.c.o
#9 7.586 [ 75%] Building C object src/lib/e2ap/v3_01/ie/asn/CMakeFiles/e2ap_asn1_obj.dir/RICactions-ToBeSetup-List.c.o
#9 7.612 [ 75%] Building C object src/lib/e2ap/v3_01/ie/asn/CMakeFiles/e2ap_asn1_obj.dir/RICaction-ToBeAddedForModification-Item.c.o
#9 7.631 [ 75%] Building C object src/lib/e2ap/v3_01/ie/asn/CMakeFiles/e2ap_asn1_obj.dir/RICaction-ToBeModifiedForModification-Item.c.o
#9 7.639 [ 75%] Building C object src/lib/e2ap/v3_01/ie/asn/CMakeFiles/e2ap_asn1_obj.dir/RICaction-ToBeRemovedForModification-Item.c.o
#9 7.669 [ 75%] Building C object src/lib/e2ap/v3_01/ie/asn/CMakeFiles/e2ap_asn1_obj.dir/RICaction-ToBeSetup-Item.c.o
#9 7.675 [ 75%] Building C object src/lib/e2ap/v3_01/ie/asn/CMakeFiles/e2ap_asn1_obj.dir/RICactionType.c.o
#9 7.714 [ 75%] Building C object src/lib/e2ap/v3_01/ie/asn/CMakeFiles/e2ap_asn1_obj.dir/RICcallProcessID.c.o
#9 7.716 [ 75%] Building C object src/lib/e2ap/v3_01/ie/asn/CMakeFiles/e2ap_asn1_obj.dir/RICcontrolAcknowledge.c.o
#9 7.744 [ 75%] Building C object src/lib/e2ap/v3_01/ie/asn/CMakeFiles/e2ap_asn1_obj.dir/RICcontrolAckRequest.c.o
#9 7.754 [ 75%] Building C object src/lib/e2ap/v3_01/ie/asn/CMakeFiles/e2ap_asn1_obj.dir/RICcontrolFailure.c.o
#9 7.785 [ 75%] Building C object src/lib/e2ap/v3_01/ie/asn/CMakeFiles/e2ap_asn1_obj.dir/RICcontrolHeader.c.o
#9 7.787 [ 75%] Building C object src/lib/e2ap/v3_01/ie/asn/CMakeFiles/e2ap_asn1_obj.dir/RICcontrolMessage.c.o
#9 7.815 [ 75%] Building C object src/lib/e2ap/v3_01/ie/asn/CMakeFiles/e2ap_asn1_obj.dir/RICcontrolOutcome.c.o
#9 7.825 [ 75%] Building C object src/lib/e2ap/v3_01/ie/asn/CMakeFiles/e2ap_asn1_obj.dir/RICcontrolRequest.c.o
#9 7.842 [ 83%] Building C object src/lib/e2ap/v3_01/ie/asn/CMakeFiles/e2ap_asn1_obj.dir/RICeventTriggerDefinition.c.o
#9 7.870 [ 83%] Building C object src/lib/e2ap/v3_01/ie/asn/CMakeFiles/e2ap_asn1_obj.dir/RICindication.c.o
#9 7.873 [ 83%] Building C object src/lib/e2ap/v3_01/ie/asn/CMakeFiles/e2ap_asn1_obj.dir/RICindicationHeader.c.o
#9 7.901 [ 83%] Building C object src/lib/e2ap/v3_01/ie/asn/CMakeFiles/e2ap_asn1_obj.dir/RICindicationMessage.c.o
#9 7.910 [ 83%] Building C object src/lib/e2ap/v3_01/ie/asn/CMakeFiles/e2ap_asn1_obj.dir/RICindicationSN.c.o
#9 7.928 [ 83%] Building C object src/lib/e2ap/v3_01/ie/asn/CMakeFiles/e2ap_asn1_obj.dir/RICindicationType.c.o
#9 7.953 [ 83%] Building C object src/lib/e2ap/v3_01/ie/asn/CMakeFiles/e2ap_asn1_obj.dir/RICqueryDefinition.c.o
#9 7.956 [ 83%] Building C object src/lib/e2ap/v3_01/ie/asn/CMakeFiles/e2ap_asn1_obj.dir/RICQueryFailure.c.o
#9 7.986 [ 83%] Building C object src/lib/e2ap/v3_01/ie/asn/CMakeFiles/e2ap_asn1_obj.dir/RICqueryHeader.c.o
#9 7.993 [ 83%] Building C object src/lib/e2ap/v3_01/ie/asn/CMakeFiles/e2ap_asn1_obj.dir/RICqueryOutcome.c.o
#9 8.018 [ 83%] Building C object src/lib/e2ap/v3_01/ie/asn/CMakeFiles/e2ap_asn1_obj.dir/RICQueryRequest.c.o
#9 8.026 [ 83%] Building C object src/lib/e2ap/v3_01/ie/asn/CMakeFiles/e2ap_asn1_obj.dir/RICQueryResponse.c.o
#9 8.047 [ 83%] Building C object src/lib/e2ap/v3_01/ie/asn/CMakeFiles/e2ap_asn1_obj.dir/RICrequestID.c.o
#9 8.070 [ 83%] Building C object src/lib/e2ap/v3_01/ie/asn/CMakeFiles/e2ap_asn1_obj.dir/RICserviceQuery.c.o
#9 8.076 [ 83%] Building C object src/lib/e2ap/v3_01/ie/asn/CMakeFiles/e2ap_asn1_obj.dir/RICserviceUpdateAcknowledge.c.o
#9 8.106 [ 83%] Building C object src/lib/e2ap/v3_01/ie/asn/CMakeFiles/e2ap_asn1_obj.dir/RICserviceUpdate.c.o
#9 8.110 [ 83%] Building C object src/lib/e2ap/v3_01/ie/asn/CMakeFiles/e2ap_asn1_obj.dir/RICserviceUpdateFailure.c.o
#9 8.137 [ 83%] Building C object src/lib/e2ap/v3_01/ie/asn/CMakeFiles/e2ap_asn1_obj.dir/RICsubscriptionDeleteFailure.c.o
#9 8.146 [ 83%] Building C object src/lib/e2ap/v3_01/ie/asn/CMakeFiles/e2ap_asn1_obj.dir/RICsubscriptionDeleteRequest.c.o
#9 8.168 [ 83%] Building C object src/lib/e2ap/v3_01/ie/asn/CMakeFiles/e2ap_asn1_obj.dir/RICsubscriptionDeleteRequired.c.o
#9 8.182 [ 83%] Building C object src/lib/e2ap/v3_01/ie/asn/CMakeFiles/e2ap_asn1_obj.dir/RICsubscriptionDeleteResponse.c.o
#9 8.204 [ 83%] Building C object src/lib/e2ap/v3_01/ie/asn/CMakeFiles/e2ap_asn1_obj.dir/RICsubscriptionDetails.c.o
#9 8.211 [ 83%] Building C object src/lib/e2ap/v3_01/ie/asn/CMakeFiles/e2ap_asn1_obj.dir/RICsubscriptionFailure.c.o
#9 8.245 [ 83%] Building C object src/lib/e2ap/v3_01/ie/asn/CMakeFiles/e2ap_asn1_obj.dir/RICsubscription-List-withCause.c.o
#9 8.258 [ 83%] Building C object src/lib/e2ap/v3_01/ie/asn/CMakeFiles/e2ap_asn1_obj.dir/RICsubscriptionModificationConfirm.c.o
#9 8.286 [ 83%] Building C object src/lib/e2ap/v3_01/ie/asn/CMakeFiles/e2ap_asn1_obj.dir/RICsubscriptionModificationFailure.c.o
#9 8.295 [ 83%] Building C object src/lib/e2ap/v3_01/ie/asn/CMakeFiles/e2ap_asn1_obj.dir/RICsubscriptionModificationRefuse.c.o
#9 8.322 [ 83%] Building C object src/lib/e2ap/v3_01/ie/asn/CMakeFiles/e2ap_asn1_obj.dir/RICsubscriptionModificationRequest.c.o
#9 8.330 [ 83%] Building C object src/lib/e2ap/v3_01/ie/asn/CMakeFiles/e2ap_asn1_obj.dir/RICsubscriptionModificationRequired.c.o
#9 8.355 [ 83%] Building C object src/lib/e2ap/v3_01/ie/asn/CMakeFiles/e2ap_asn1_obj.dir/RICsubscriptionModificationResponse.c.o
#9 8.365 [ 83%] Building C object src/lib/e2ap/v3_01/ie/asn/CMakeFiles/e2ap_asn1_obj.dir/RICsubscriptionRequest.c.o
#9 8.387 [ 83%] Building C object src/lib/e2ap/v3_01/ie/asn/CMakeFiles/e2ap_asn1_obj.dir/RICsubscriptionResponse.c.o
#9 8.397 [ 83%] Building C object src/lib/e2ap/v3_01/ie/asn/CMakeFiles/e2ap_asn1_obj.dir/RICsubscriptionTime.c.o
#9 8.422 [ 83%] Building C object src/lib/e2ap/v3_01/ie/asn/CMakeFiles/e2ap_asn1_obj.dir/RICsubscription-withCause-Item.c.o
#9 8.431 [ 83%] Building C object src/lib/e2ap/v3_01/ie/asn/CMakeFiles/e2ap_asn1_obj.dir/RICsubsequentAction.c.o
#9 8.462 [ 83%] Building C object src/lib/e2ap/v3_01/ie/asn/CMakeFiles/e2ap_asn1_obj.dir/RICsubsequentActionType.c.o
#9 8.463 [ 83%] Building C object src/lib/e2ap/v3_01/ie/asn/CMakeFiles/e2ap_asn1_obj.dir/RICtimeToWait.c.o
#9 8.490 [ 83%] Building C object src/lib/e2ap/v3_01/ie/asn/CMakeFiles/e2ap_asn1_obj.dir/SuccessfulOutcome.c.o
#9 8.503 [ 83%] Building C object src/lib/e2ap/v3_01/ie/asn/CMakeFiles/e2ap_asn1_obj.dir/TimeToWait.c.o
#9 8.537 [ 91%] Building C object src/lib/e2ap/v3_01/ie/asn/CMakeFiles/e2ap_asn1_obj.dir/TNLinformation.c.o
#9 8.544 [ 91%] Building C object src/lib/e2ap/v3_01/ie/asn/CMakeFiles/e2ap_asn1_obj.dir/TNLusage.c.o
#9 8.575 [ 91%] Building C object src/lib/e2ap/v3_01/ie/asn/CMakeFiles/e2ap_asn1_obj.dir/TransactionID.c.o
#9 8.576 [ 91%] Building C object src/lib/e2ap/v3_01/ie/asn/CMakeFiles/e2ap_asn1_obj.dir/TriggeringMessage.c.o
#9 8.613 [ 91%] Building C object src/lib/e2ap/v3_01/ie/asn/CMakeFiles/e2ap_asn1_obj.dir/TypeOfError.c.o
#9 8.613 [ 91%] Building C object src/lib/e2ap/v3_01/ie/asn/CMakeFiles/e2ap_asn1_obj.dir/UnsuccessfulOutcome.c.o
#9 8.656 [ 91%] Building C object src/lib/e2ap/v3_01/ie/asn/CMakeFiles/e2ap_asn1_obj.dir/uper_decoder.c.o
#9 8.669 [ 91%] Building C object src/lib/e2ap/v3_01/ie/asn/CMakeFiles/e2ap_asn1_obj.dir/uper_encoder.c.o
#9 8.705 [ 91%] Building C object src/lib/e2ap/v3_01/ie/asn/CMakeFiles/e2ap_asn1_obj.dir/uper_opentype.c.o
#9 8.718 [ 91%] Building C object src/lib/e2ap/v3_01/ie/asn/CMakeFiles/e2ap_asn1_obj.dir/uper_support.c.o
#9 8.753 [ 91%] Building C object src/lib/e2ap/v3_01/ie/asn/CMakeFiles/e2ap_asn1_obj.dir/XAPP-ID.c.o
#9 8.755 [ 91%] Building C object src/lib/e2ap/v3_01/ie/asn/CMakeFiles/e2ap_asn1_obj.dir/xer_decoder.c.o
#9 8.794 [ 91%] Building C object src/lib/e2ap/v3_01/ie/asn/CMakeFiles/e2ap_asn1_obj.dir/xer_encoder.c.o
#9 8.794 [ 91%] Building C object src/lib/e2ap/v3_01/ie/asn/CMakeFiles/e2ap_asn1_obj.dir/xer_support.c.o
#9 8.849 [ 91%] Linking C static library libe2ap_asn1_obj.a
#9 8.985 [ 91%] Built target e2ap_asn1_obj
#9 9.006 [ 91%] Building C object src/lib/e2ap/v3_01/dec/CMakeFiles/e2ap_msg_dec_obj.dir/e2ap_msg_dec_asn.c.o
#9 9.009 [ 91%] Building C object src/lib/e2ap/v3_01/enc/CMakeFiles/e2ap_msg_enc_obj.dir/e2ap_msg_enc_asn.c.o
#9 9.181 [ 91%] Built target e2ap_msg_dec_obj
#9 9.248 [ 91%] Built target e2ap_msg_enc_obj
#9 9.269 [ 91%] Building C object src/lib/e2ap/v3_01/CMakeFiles/e2ap_ap_obj.dir/e2ap_ap_asn.c.o
#9 9.309 [ 91%] Built target e2ap_ap_obj
#9 9.326 [ 91%] Building C object src/lib/CMakeFiles/pending_events_obj.dir/pending_events.c.o
#9 9.328 [ 91%] Building C object src/lib/CMakeFiles/pending_events_obj.dir/pending_event_ric.c.o
#9 9.355 [ 91%] Building C object src/lib/CMakeFiles/pending_events_obj.dir/ind_event.c.o
#9 9.356 [ 91%] Building C object src/lib/CMakeFiles/pending_events_obj.dir/sig_handler.c.o
#9 9.400 [ 91%] Built target pending_events_obj
#9 9.422 [ 91%] Building C object src/ric/iApp/CMakeFiles/e42_iapp.dir/e2ap_iapp.c.o
#9 9.424 [ 91%] Building C object src/ric/iApp/CMakeFiles/e42_iapp.dir/asio_iapp.c.o
#9 9.462 [ 91%] Building C object src/ric/iApp/CMakeFiles/e42_iapp.dir/e2_node_ric_id.c.o
#9 9.481 [ 91%] Building C object src/ric/iApp/CMakeFiles/e42_iapp.dir/e42_iapp.c.o
#9 9.499 [ 91%] Building C object src/ric/iApp/CMakeFiles/e42_iapp.dir/e42_iapp_api.c.o
#9 9.560 [ 91%] Building C object src/ric/iApp/CMakeFiles/e42_iapp.dir/endpoint_iapp.c.o
#9 9.564 [ 91%] Building C object src/ric/iApp/CMakeFiles/e42_iapp.dir/msg_handler_iapp.c.o
#9 9.599 [ 91%] Building C object src/ric/iApp/CMakeFiles/e42_iapp.dir/map_ric_id.c.o
#9 9.640 [ 91%] Building C object src/ric/iApp/CMakeFiles/e42_iapp.dir/map_xapps_sockaddr.c.o
#9 9.658 [ 91%] Building C object src/ric/iApp/CMakeFiles/e42_iapp.dir/xapp_ric_id.c.o
#9 9.695 [ 91%] Linking C static library libe42_iapp.a
#9 9.847 [ 91%] Built target e42_iapp
#9 9.871 [ 91%] Building C object src/ric/CMakeFiles/near_ric.dir/e2ap_ric.c.o
#9 9.871 [ 91%] Building C object src/ric/CMakeFiles/near_ric.dir/e2_node.c.o
#9 9.911 [ 91%] Building C object src/ric/CMakeFiles/near_ric.dir/endpoint_ric.c.o
#9 9.911 [ 91%] Building C object src/ric/CMakeFiles/near_ric.dir/asio_ric.c.o
#9 9.949 [ 91%] Building C object src/ric/CMakeFiles/near_ric.dir/msg_handler_ric.c.o
#9 9.962 [100%] Building C object src/ric/CMakeFiles/near_ric.dir/near_ric.c.o
#9 10.04 [100%] Building C object src/ric/CMakeFiles/near_ric.dir/near_ric_api.c.o
#9 10.08 [100%] Building C object src/ric/CMakeFiles/near_ric.dir/iApps/redis.c.o
#9 10.10 [100%] Building C object src/ric/CMakeFiles/near_ric.dir/iApps/stdout.c.o
#9 10.13 [100%] Building C object src/ric/CMakeFiles/near_ric.dir/iApps/influx.c.o
#9 10.16 [100%] Building C object src/ric/CMakeFiles/near_ric.dir/iApps/string_parser.c.o
#9 10.20 [100%] Building C object src/ric/CMakeFiles/near_ric.dir/generate_setup_response.c.o
#9 10.20 [100%] Building C object src/ric/CMakeFiles/near_ric.dir/generate_setup_failure.c.o
#9 10.27 [100%] Building C object src/ric/CMakeFiles/near_ric.dir/plugin_ric.c.o
#9 10.29 [100%] Building C object src/ric/CMakeFiles/near_ric.dir/map_e2_node_sockaddr.c.o
#9 10.33 [100%] Building C object src/ric/CMakeFiles/near_ric.dir/not_handler_ric.c.o
#9 10.40 [100%] Linking C static library libnear_ric.a
#9 10.58 [100%] Built target near_ric
#9 10.61 [100%] Building C object examples/ric/CMakeFiles/nearRT-RIC.dir/near_ric.c.o
#9 10.65 [100%] Linking C executable nearRT-RIC
#9 10.71 /usr/bin/ld: warning: conf_file.c.o: requires executable stack (because the .note.GNU-stack section is executable)
#9 10.75 [100%] Built target nearRT-RIC
#9 10.80 [  0%] Building C object src/lib/3gpp/dec/CMakeFiles/3gpp_derived_ie_dec_asn_obj_rc.dir/dec_enb.c.o
#9 10.84 [  0%] Building C object src/lib/3gpp/dec/CMakeFiles/3gpp_derived_ie_dec_asn_obj_rc.dir/dec_en_gnb.c.o
#9 10.89 [  0%] Building C object src/lib/3gpp/dec/CMakeFiles/3gpp_derived_ie_dec_asn_obj_rc.dir/dec_global_enb_id.c.o
#9 10.94 [  0%] Generating NR RRC source files from nr-rrc-17.3.0.asn1
#9 10.94 [  0%] Building C object src/lib/3gpp/dec/CMakeFiles/3gpp_derived_ie_dec_asn_obj_rc.dir/dec_global_gnb_id.c.o
#9 10.98 [  0%] Building C object src/lib/3gpp/dec/CMakeFiles/3gpp_derived_ie_dec_asn_obj_rc.dir/dec_global_ng_enb.c.o
#9 11.03 [  0%] Building C object src/lib/3gpp/dec/CMakeFiles/3gpp_derived_ie_dec_asn_obj_rc.dir/dec_global_ng_ran.c.o
#9 11.08 [  0%] Building C object src/lib/3gpp/dec/CMakeFiles/3gpp_derived_ie_dec_asn_obj_rc.dir/dec_gnb.c.o
#9 11.13 [  0%] Building C object src/lib/3gpp/dec/CMakeFiles/3gpp_derived_ie_dec_asn_obj_rc.dir/dec_gnb_cu_up.c.o
#9 11.18 [  0%] Building C object src/lib/3gpp/dec/CMakeFiles/3gpp_derived_ie_dec_asn_obj_rc.dir/dec_gnb_du.c.o
#9 11.22 [  0%] Building C object src/lib/3gpp/dec/CMakeFiles/3gpp_derived_ie_dec_asn_obj_rc.dir/dec_ng_enb.c.o
#9 11.25 [  0%] Building C object src/lib/3gpp/dec/CMakeFiles/3gpp_derived_ie_dec_asn_obj_rc.dir/dec_ng_enb_du.c.o
#9 11.29 [  0%] Built target 3gpp_derived_ie_dec_asn_obj_rc
#9 11.32 [  0%] Building C object src/lib/sm/dec/CMakeFiles/sm_common_dec_asn_obj_rc.dir/dec_cell_global_id.c.o
#9 11.36 [  0%] Building C object src/lib/sm/dec/CMakeFiles/sm_common_dec_asn_obj_rc.dir/dec_ran_func_name.c.o
#9 11.40 [  0%] Building C object src/lib/sm/dec/CMakeFiles/sm_common_dec_asn_obj_rc.dir/dec_ue_id.c.o
#9 11.44 [  0%] Built target sm_common_dec_asn_obj_rc
#9 11.47 [  2%] Built target e2ap_types_obj
#9 11.50 [  2%] Built target e2ap_msg_free_obj
#9 11.64 [ 14%] Built target e2ap_asn1_obj
#9 11.66 [ 14%] Built target e2ap_ep_obj
#9 11.69 [ 14%] Built target 3gpp_derived_ie_obj
#9 11.71 [ 14%] Built target msg_hand_obj
#9 11.73 [ 14%] Building C object src/lib/sm/ie/CMakeFiles/sm_common_ie_obj.dir/ue_id.c.o
#9 11.77 [ 14%] Building C object src/lib/sm/ie/CMakeFiles/sm_common_ie_obj.dir/cell_global_id.c.o
#9 11.79 [ 14%] Building C object src/lib/sm/ie/CMakeFiles/sm_common_ie_obj.dir/ran_function_name.c.o
#9 11.83 [ 14%] Built target sm_common_ie_obj
#9 11.85 [ 14%] Building C object src/sm/kpm_sm/kpm_sm_v03.00/ie/kpm_data_ie/data/CMakeFiles/kpm_ric_info_common_obj.dir/label_info_lst.c.o
#9 11.91 [ 14%] Building C object src/sm/kpm_sm/kpm_sm_v03.00/ie/kpm_data_ie/data/CMakeFiles/kpm_ric_info_common_obj.dir/test_info_lst.c.o
#9 11.95 [ 14%] Building C object src/sm/kpm_sm/kpm_sm_v03.00/ie/kpm_data_ie/data/CMakeFiles/kpm_ric_info_common_obj.dir/meas_info_frm_1_lst.c.o
#9 12.00 [ 14%] Building C object src/sm/kpm_sm/kpm_sm_v03.00/ie/kpm_data_ie/data/CMakeFiles/kpm_ric_info_common_obj.dir/meas_data_lst.c.o
#9 12.04 [ 14%] Building C object src/sm/kpm_sm/kpm_sm_v03.00/ie/kpm_data_ie/data/CMakeFiles/kpm_ric_info_common_obj.dir/meas_type.c.o
#9 12.07 [ 14%] Building C object src/sm/kpm_sm/kpm_sm_v03.00/ie/kpm_data_ie/data/CMakeFiles/kpm_ric_info_common_obj.dir/matching_cond_frm_3_lst.c.o
#9 12.10 [ 14%] Building C object src/sm/kpm_sm/kpm_sm_v03.00/ie/kpm_data_ie/data/CMakeFiles/kpm_ric_info_common_obj.dir/meas_info_frm_3_lst.c.o
#9 12.13 [ 14%] Building C object src/sm/kpm_sm/kpm_sm_v03.00/ie/kpm_data_ie/data/CMakeFiles/kpm_ric_info_common_obj.dir/meas_info_cond_ue_lst.c.o
#9 12.17 [ 14%] Building C object src/sm/kpm_sm/kpm_sm_v03.00/ie/kpm_data_ie/data/CMakeFiles/kpm_ric_info_common_obj.dir/matching_cond_frm_4_lst.c.o
#9 12.21 [ 14%] Building C object src/sm/kpm_sm/kpm_sm_v03.00/ie/kpm_data_ie/data/CMakeFiles/kpm_ric_info_common_obj.dir/ue_id_gran_period_lst.c.o
#9 12.24 [ 14%] Building C object src/sm/kpm_sm/kpm_sm_v03.00/ie/kpm_data_ie/data/CMakeFiles/kpm_ric_info_common_obj.dir/bin_range_def.c.o
#9 12.27 [ 14%] Building C object src/sm/kpm_sm/kpm_sm_v03.00/ie/kpm_data_ie/data/CMakeFiles/kpm_ric_info_common_obj.dir/meas_bin_range_info_lst.c.o
#9 12.31 [ 14%] Built target kpm_ric_info_common_obj
#9 12.33 [ 14%] Building C object src/sm/kpm_sm/kpm_sm_v03.00/ie/kpm_data_ie/kpm_ric_info/CMakeFiles/kpm_ric_info_obj.dir/kpm_ran_function_def.c.o
#9 12.38 [ 14%] Building C object src/sm/kpm_sm/kpm_sm_v03.00/ie/kpm_data_ie/kpm_ric_info/CMakeFiles/kpm_ric_info_obj.dir/kpm_ric_action_def.c.o
#9 12.42 [ 15%] Building C object src/sm/kpm_sm/kpm_sm_v03.00/ie/kpm_data_ie/kpm_ric_info/CMakeFiles/kpm_ric_info_obj.dir/kpm_ric_action_def_frm_1.c.o
#9 12.46 [ 15%] Building C object src/sm/kpm_sm/kpm_sm_v03.00/ie/kpm_data_ie/kpm_ric_info/CMakeFiles/kpm_ric_info_obj.dir/kpm_ric_action_def_frm_2.c.o
#9 12.49 [ 15%] Building C object src/sm/kpm_sm/kpm_sm_v03.00/ie/kpm_data_ie/kpm_ric_info/CMakeFiles/kpm_ric_info_obj.dir/kpm_ric_action_def_frm_3.c.o
#9 12.53 [ 15%] Building C object src/sm/kpm_sm/kpm_sm_v03.00/ie/kpm_data_ie/kpm_ric_info/CMakeFiles/kpm_ric_info_obj.dir/kpm_ric_action_def_frm_4.c.o
#9 12.57 [ 15%] Building C object src/sm/kpm_sm/kpm_sm_v03.00/ie/kpm_data_ie/kpm_ric_info/CMakeFiles/kpm_ric_info_obj.dir/kpm_ric_action_def_frm_5.c.o
#9 12.60 [ 15%] Building C object src/sm/kpm_sm/kpm_sm_v03.00/ie/kpm_data_ie/kpm_ric_info/CMakeFiles/kpm_ric_info_obj.dir/kpm_ric_event_trigger_def.c.o
#9 12.64 [ 15%] Building C object src/sm/kpm_sm/kpm_sm_v03.00/ie/kpm_data_ie/kpm_ric_info/CMakeFiles/kpm_ric_info_obj.dir/kpm_ric_ind_hdr.c.o
#9 12.67 [ 15%] Building C object src/sm/kpm_sm/kpm_sm_v03.00/ie/kpm_data_ie/kpm_ric_info/CMakeFiles/kpm_ric_info_obj.dir/kpm_ric_ind_hdr_frm_1.c.o
#9 12.72 [ 15%] Building C object src/sm/kpm_sm/kpm_sm_v03.00/ie/kpm_data_ie/kpm_ric_info/CMakeFiles/kpm_ric_info_obj.dir/kpm_ric_ind_msg.c.o
#9 12.76 [ 15%] Building C object src/sm/kpm_sm/kpm_sm_v03.00/ie/kpm_data_ie/kpm_ric_info/CMakeFiles/kpm_ric_info_obj.dir/kpm_ric_ind_msg_frm_1.c.o
#9 12.81 [ 15%] Building C object src/sm/kpm_sm/kpm_sm_v03.00/ie/kpm_data_ie/kpm_ric_info/CMakeFiles/kpm_ric_info_obj.dir/kpm_ric_ind_msg_frm_2.c.o
#9 12.86 [ 15%] Building C object src/sm/kpm_sm/kpm_sm_v03.00/ie/kpm_data_ie/kpm_ric_info/CMakeFiles/kpm_ric_info_obj.dir/kpm_ric_ind_msg_frm_3.c.o
#9 12.90 [ 15%] Built target kpm_ric_info_obj
#9 12.92 [ 15%] Building C object src/sm/rc_sm/ie/ir/CMakeFiles/e2sm_rc_ir_obj.dir/call_proc_break.c.o
#9 12.96 [ 15%] Building C object src/sm/rc_sm/ie/ir/CMakeFiles/e2sm_rc_ir_obj.dir/e2_node_info_chng.c.o
#9 13.00 [ 15%] Building C object src/sm/rc_sm/ie/ir/CMakeFiles/e2sm_rc_ir_obj.dir/e2sm_rc_act_def_frmt_1.c.o
#9 13.04 [ 15%] Building C object src/sm/rc_sm/ie/ir/CMakeFiles/e2sm_rc_ir_obj.dir/e2sm_rc_act_def_frmt_2.c.o
#9 13.07 [ 15%] Building C object src/sm/rc_sm/ie/ir/CMakeFiles/e2sm_rc_ir_obj.dir/e2sm_rc_act_def_frmt_3.c.o
#9 13.12 [ 15%] Building C object src/sm/rc_sm/ie/ir/CMakeFiles/e2sm_rc_ir_obj.dir/e2sm_rc_act_def_frmt_4.c.o
#9 13.16 [ 15%] Building C object src/sm/rc_sm/ie/ir/CMakeFiles/e2sm_rc_ir_obj.dir/e2sm_rc_ctrl_hdr_frmt_1.c.o
#9 13.20 [ 15%] Building C object src/sm/rc_sm/ie/ir/CMakeFiles/e2sm_rc_ir_obj.dir/e2sm_rc_ctrl_hdr_frmt_2.c.o
#9 13.24 [ 15%] Building C object src/sm/rc_sm/ie/ir/CMakeFiles/e2sm_rc_ir_obj.dir/e2sm_rc_ctrl_msg_frmt_1.c.o
#9 13.27 [ 15%] Building C object src/sm/rc_sm/ie/ir/CMakeFiles/e2sm_rc_ir_obj.dir/e2sm_rc_ctrl_msg_frmt_2.c.o
#9 13.30 [ 15%] Building C object src/sm/rc_sm/ie/ir/CMakeFiles/e2sm_rc_ir_obj.dir/e2sm_rc_ctrl_out_frmt_1.c.o
#9 13.34 [ 15%] Building C object src/sm/rc_sm/ie/ir/CMakeFiles/e2sm_rc_ir_obj.dir/e2sm_rc_ctrl_out_frmt_2.c.o
#9 13.38 [ 15%] Building C object src/sm/rc_sm/ie/ir/CMakeFiles/e2sm_rc_ir_obj.dir/e2sm_rc_ctrl_out_frmt_3.c.o
#9 13.41 [ 15%] Building C object src/sm/rc_sm/ie/ir/CMakeFiles/e2sm_rc_ir_obj.dir/e2sm_rc_ev_trg_frmt_1.c.o
#9 13.46 [ 15%] Building C object src/sm/rc_sm/ie/ir/CMakeFiles/e2sm_rc_ir_obj.dir/e2sm_rc_ev_trg_frmt_2.c.o
#9 13.49 [ 15%] Building C object src/sm/rc_sm/ie/ir/CMakeFiles/e2sm_rc_ir_obj.dir/e2sm_rc_ev_trg_frmt_3.c.o
#9 13.51 [ 15%] Building C object src/sm/rc_sm/ie/ir/CMakeFiles/e2sm_rc_ir_obj.dir/e2sm_rc_ev_trg_frmt_4.c.o
#9 13.54 [ 15%] Building C object src/sm/rc_sm/ie/ir/CMakeFiles/e2sm_rc_ir_obj.dir/e2sm_rc_ev_trg_frmt_5.c.o
#9 13.57 [ 15%] Building C object src/sm/rc_sm/ie/ir/CMakeFiles/e2sm_rc_ir_obj.dir/e2sm_rc_ind_hdr_frmt_1.c.o
#9 13.59 [ 15%] Building C object src/sm/rc_sm/ie/ir/CMakeFiles/e2sm_rc_ir_obj.dir/e2sm_rc_ind_hdr_frmt_2.c.o
#9 13.61 [ 15%] Building C object src/sm/rc_sm/ie/ir/CMakeFiles/e2sm_rc_ir_obj.dir/e2sm_rc_ind_hdr_frmt_3.c.o
#9 13.64 [ 15%] Building C object src/sm/rc_sm/ie/ir/CMakeFiles/e2sm_rc_ir_obj.dir/e2sm_rc_ind_msg_frmt_1.c.o
#9 13.66 [ 15%] Building C object src/sm/rc_sm/ie/ir/CMakeFiles/e2sm_rc_ir_obj.dir/e2sm_rc_ind_msg_frmt_2.c.o
#9 13.69 [ 15%] Building C object src/sm/rc_sm/ie/ir/CMakeFiles/e2sm_rc_ir_obj.dir/e2sm_rc_ind_msg_frmt_3.c.o
#9 13.72 [ 15%] Building C object src/sm/rc_sm/ie/ir/CMakeFiles/e2sm_rc_ir_obj.dir/e2sm_rc_ind_msg_frmt_4.c.o
#9 13.76 [ 15%] Building C object src/sm/rc_sm/ie/ir/CMakeFiles/e2sm_rc_ir_obj.dir/e2sm_rc_ind_msg_frmt_5.c.o
#9 13.80 [ 16%] Building C object src/sm/rc_sm/ie/ir/CMakeFiles/e2sm_rc_ir_obj.dir/e2sm_rc_ind_msg_frmt_6.c.o
#9 13.83 [ 16%] Building C object src/sm/rc_sm/ie/ir/CMakeFiles/e2sm_rc_ir_obj.dir/lst_ran_param.c.o
#9 13.85 [ 16%] Building C object src/sm/rc_sm/ie/ir/CMakeFiles/e2sm_rc_ir_obj.dir/msg_ev_trg.c.o
#9 13.88 [ 16%] Building C object src/sm/rc_sm/ie/ir/CMakeFiles/e2sm_rc_ir_obj.dir/network_interface_e2rc.c.o
#9 13.91 [ 16%] Building C object src/sm/rc_sm/ie/ir/CMakeFiles/e2sm_rc_ir_obj.dir/param_report_def.c.o
#9 13.94 [ 16%] Building C object src/sm/rc_sm/ie/ir/CMakeFiles/e2sm_rc_ir_obj.dir/policy_action.c.o
#9 13.97 [ 16%] Building C object src/sm/rc_sm/ie/ir/CMakeFiles/e2sm_rc_ir_obj.dir/policy_cond.c.o
#9 14.00 [ 16%] Building C object src/sm/rc_sm/ie/ir/CMakeFiles/e2sm_rc_ir_obj.dir/ran_func_def_ctrl.c.o
#9 14.03 [ 16%] Building C object src/sm/rc_sm/ie/ir/CMakeFiles/e2sm_rc_ir_obj.dir/ran_func_def_ev_trig.c.o
#9 14.07 [ 16%] Building C object src/sm/rc_sm/ie/ir/CMakeFiles/e2sm_rc_ir_obj.dir/ran_func_def_insert.c.o
#9 14.10 [ 16%] Building C object src/sm/rc_sm/ie/ir/CMakeFiles/e2sm_rc_ir_obj.dir/ran_func_def_policy.c.o
#9 14.13 [ 16%] Building C object src/sm/rc_sm/ie/ir/CMakeFiles/e2sm_rc_ir_obj.dir/ran_func_def_report.c.o
#9 14.16 [ 16%] Building C object src/sm/rc_sm/ie/ir/CMakeFiles/e2sm_rc_ir_obj.dir/ran_param_cond_crit_def.c.o
#9 14.19 [ 16%] Building C object src/sm/rc_sm/ie/ir/CMakeFiles/e2sm_rc_ir_obj.dir/ran_param_elm_key_false.c.o
#9 14.22 [ 16%] Building C object src/sm/rc_sm/ie/ir/CMakeFiles/e2sm_rc_ir_obj.dir/ran_param_elm_key_true.c.o
#9 14.25 [ 16%] Building C object src/sm/rc_sm/ie/ir/CMakeFiles/e2sm_rc_ir_obj.dir/ran_parameter_test_condition.c.o
#9 14.29 [ 16%] Building C object src/sm/rc_sm/ie/ir/CMakeFiles/e2sm_rc_ir_obj.dir/ran_parameter_value.c.o
#9 14.31 [ 16%] Building C object src/sm/rc_sm/ie/ir/CMakeFiles/e2sm_rc_ir_obj.dir/ran_parameter_value_type.c.o
#9 14.35 [ 16%] Building C object src/sm/rc_sm/ie/ir/CMakeFiles/e2sm_rc_ir_obj.dir/ran_param_def.c.o
#9 14.38 [ 16%] Building C object src/sm/rc_sm/ie/ir/CMakeFiles/e2sm_rc_ir_obj.dir/ran_param_insertion.c.o
#9 14.41 [ 16%] Building C object src/sm/rc_sm/ie/ir/CMakeFiles/e2sm_rc_ir_obj.dir/ran_param_ins_ind.c.o
#9 14.45 [ 16%] Building C object src/sm/rc_sm/ie/ir/CMakeFiles/e2sm_rc_ir_obj.dir/ran_param_list.c.o
#9 14.47 [ 16%] Building C object src/sm/rc_sm/ie/ir/CMakeFiles/e2sm_rc_ir_obj.dir/ran_param_lst_struct.c.o
#9 14.51 [ 16%] Building C object src/sm/rc_sm/ie/ir/CMakeFiles/e2sm_rc_ir_obj.dir/ran_param_req.c.o
#9 14.54 [ 16%] Building C object src/sm/rc_sm/ie/ir/CMakeFiles/e2sm_rc_ir_obj.dir/ran_param_struct.c.o
#9 14.57 [ 16%] Building C object src/sm/rc_sm/ie/ir/CMakeFiles/e2sm_rc_ir_obj.dir/ran_param_test.c.o
#9 14.60 [ 16%] Building C object src/sm/rc_sm/ie/ir/CMakeFiles/e2sm_rc_ir_obj.dir/ran_param_test_list.c.o
#9 14.62 [ 16%] Building C object src/sm/rc_sm/ie/ir/CMakeFiles/e2sm_rc_ir_obj.dir/ran_param_test_struct.c.o
#9 14.65 [ 16%] Building C object src/sm/rc_sm/ie/ir/CMakeFiles/e2sm_rc_ir_obj.dir/ran_param_type.c.o
#9 14.68 [ 16%] Building C object src/sm/rc_sm/ie/ir/CMakeFiles/e2sm_rc_ir_obj.dir/rrc_state.c.o
#9 14.71 [ 16%] Building C object src/sm/rc_sm/ie/ir/CMakeFiles/e2sm_rc_ir_obj.dir/rrc_state_lst.c.o
#9 14.74 [ 16%] Building C object src/sm/rc_sm/ie/ir/CMakeFiles/e2sm_rc_ir_obj.dir/seq_call_proc_type.c.o
#9 14.77 [ 16%] Building C object src/sm/rc_sm/ie/ir/CMakeFiles/e2sm_rc_ir_obj.dir/seq_cell_info_2.c.o
#9 14.80 [ 16%] Building C object src/sm/rc_sm/ie/ir/CMakeFiles/e2sm_rc_ir_obj.dir/seq_cell_info.c.o
#9 14.82 [ 16%] Building C object src/sm/rc_sm/ie/ir/CMakeFiles/e2sm_rc_ir_obj.dir/seq_ctrl_act.c.o
#9 14.86 [ 16%] Building C object src/sm/rc_sm/ie/ir/CMakeFiles/e2sm_rc_ir_obj.dir/seq_ctrl_act_2.c.o
#9 14.89 [ 16%] Building C object src/sm/rc_sm/ie/ir/CMakeFiles/e2sm_rc_ir_obj.dir/seq_ctrl_act_out.c.o
#9 14.93 [ 16%] Building C object src/sm/rc_sm/ie/ir/CMakeFiles/e2sm_rc_ir_obj.dir/seq_ctrl_sma.c.o
#9 14.95 [ 16%] Building C object src/sm/rc_sm/ie/ir/CMakeFiles/e2sm_rc_ir_obj.dir/seq_ctrl_style.c.o
#9 14.99 [ 18%] Building C object src/sm/rc_sm/ie/ir/CMakeFiles/e2sm_rc_ir_obj.dir/seq_ctrl_sty_mul_out.c.o
#9 15.02 [ 18%] Building C object src/sm/rc_sm/ie/ir/CMakeFiles/e2sm_rc_ir_obj.dir/seq_ev_trg_style.c.o
#9 15.06 [ 18%] Building C object src/sm/rc_sm/ie/ir/CMakeFiles/e2sm_rc_ir_obj.dir/seq_ins_ind.c.o
#9 15.09 [ 18%] Building C object src/sm/rc_sm/ie/ir/CMakeFiles/e2sm_rc_ir_obj.dir/seq_ins_ind_act_2.c.o
#9 15.13 [ 18%] Building C object src/sm/rc_sm/ie/ir/CMakeFiles/e2sm_rc_ir_obj.dir/seq_ins_ind_act_def.c.o
#9 15.16 [ 18%] Building C object src/sm/rc_sm/ie/ir/CMakeFiles/e2sm_rc_ir_obj.dir/seq_ins_sty.c.o
#9 15.20 [ 18%] Building C object src/sm/rc_sm/ie/ir/CMakeFiles/e2sm_rc_ir_obj.dir/seq_ins_style_2.c.o
#9 15.23 [ 18%] Building C object src/sm/rc_sm/ie/ir/CMakeFiles/e2sm_rc_ir_obj.dir/seq_ins_style_multiple_action.c.o
#9 15.26 [ 18%] Building C object src/sm/rc_sm/ie/ir/CMakeFiles/e2sm_rc_ir_obj.dir/seq_pol_action.c.o
#9 15.29 [ 18%] Building C object src/sm/rc_sm/ie/ir/CMakeFiles/e2sm_rc_ir_obj.dir/seq_policy_sty.c.o
#9 15.33 [ 18%] Building C object src/sm/rc_sm/ie/ir/CMakeFiles/e2sm_rc_ir_obj.dir/seq_ran_param_3.c.o
#9 15.36 [ 18%] Building C object src/sm/rc_sm/ie/ir/CMakeFiles/e2sm_rc_ir_obj.dir/seq_ran_param_2.c.o
#9 15.40 [ 18%] Building C object src/sm/rc_sm/ie/ir/CMakeFiles/e2sm_rc_ir_obj.dir/seq_ran_param.c.o
#9 15.42 [ 18%] Building C object src/sm/rc_sm/ie/ir/CMakeFiles/e2sm_rc_ir_obj.dir/seq_report_sty.c.o
#9 15.46 [ 18%] Building C object src/sm/rc_sm/ie/ir/CMakeFiles/e2sm_rc_ir_obj.dir/seq_ue_id.c.o
#9 15.49 [ 18%] Building C object src/sm/rc_sm/ie/ir/CMakeFiles/e2sm_rc_ir_obj.dir/seq_ue_info.c.o
#9 15.53 [ 18%] Building C object src/sm/rc_sm/ie/ir/CMakeFiles/e2sm_rc_ir_obj.dir/ue_info_chng.c.o
#9 15.58 [ 18%] Built target e2sm_rc_ir_obj
#9 15.60 [ 18%] Built target e2ap_ds_obj
#9 15.62 [ 18%] Built target e2_conf_obj
#9 15.64 [ 18%] Built target e2_conv_obj
#9 15.67 [ 18%] Building C object src/xApp/db/CMakeFiles/e42_xapp_db_obj.dir/db.c.o
#9 15.72 [ 18%] Building C object src/xApp/db/CMakeFiles/e42_xapp_db_obj.dir/__/__/util/time_now_us.c.o
#9 15.75 [ 18%] Built target e42_xapp_db_obj
#9 15.79 [ 18%] Built target e2ap_msg_enc_obj
#9 15.82 [ 18%] Built target e2ap_msg_dec_obj
#9 15.84 [ 19%] Built target e2ap_alg_obj
#9 15.87 [ 19%] Built target e2ap_ap_obj
#9 15.91 [ 19%] Built target pending_events_obj
#9 30.66 [ 19%] Built target asn1_nr_rrc_hdrs
#9 30.88 [ 19%] Building C object examples/xApp/c/monitor/RRC_MESSAGES/CMakeFiles/asn1_nr_rrc.dir/ANY_aper.c.o
#9 30.88 [ 19%] Building C object examples/xApp/c/monitor/RRC_MESSAGES/CMakeFiles/asn1_nr_rrc.dir/ANY.c.o
#9 30.92 [ 19%] Building C object examples/xApp/c/monitor/RRC_MESSAGES/CMakeFiles/asn1_nr_rrc.dir/ANY_uper.c.o
#9 30.94 [ 19%] Building C object examples/xApp/c/monitor/RRC_MESSAGES/CMakeFiles/asn1_nr_rrc.dir/ANY_xer.c.o
#9 30.95 [ 19%] Building C object examples/xApp/c/monitor/RRC_MESSAGES/CMakeFiles/asn1_nr_rrc.dir/aper_decoder.c.o
#9 30.98 [ 19%] Building C object examples/xApp/c/monitor/RRC_MESSAGES/CMakeFiles/asn1_nr_rrc.dir/aper_encoder.c.o
#9 31.00 [ 19%] Building C object examples/xApp/c/monitor/RRC_MESSAGES/CMakeFiles/asn1_nr_rrc.dir/aper_opentype.c.o
#9 31.03 [ 19%] Building C object examples/xApp/c/monitor/RRC_MESSAGES/CMakeFiles/asn1_nr_rrc.dir/aper_support.c.o
#9 31.04 [ 19%] Building C object examples/xApp/c/monitor/RRC_MESSAGES/CMakeFiles/asn1_nr_rrc.dir/asn_application.c.o
#9 31.08 [ 19%] Building C object examples/xApp/c/monitor/RRC_MESSAGES/CMakeFiles/asn1_nr_rrc.dir/asn_codecs_prim.c.o
#9 31.09 [ 19%] Building C object examples/xApp/c/monitor/RRC_MESSAGES/CMakeFiles/asn1_nr_rrc.dir/asn_bit_data.c.o
#9 31.13 [ 19%] Building C object examples/xApp/c/monitor/RRC_MESSAGES/CMakeFiles/asn1_nr_rrc.dir/asn_codecs_prim_xer.c.o
#9 31.15 [ 19%] Building C object examples/xApp/c/monitor/RRC_MESSAGES/CMakeFiles/asn1_nr_rrc.dir/asn_internal.c.o
#9 31.18 [ 21%] Building C object examples/xApp/c/monitor/RRC_MESSAGES/CMakeFiles/asn1_nr_rrc.dir/asn_random_fill.c.o
#9 31.19 [ 21%] Building C object examples/xApp/c/monitor/RRC_MESSAGES/CMakeFiles/asn1_nr_rrc.dir/asn_SEQUENCE_OF.c.o
#9 31.22 [ 21%] Building C object examples/xApp/c/monitor/RRC_MESSAGES/CMakeFiles/asn1_nr_rrc.dir/ber_tlv_length.c.o
#9 31.22 [ 21%] Building C object examples/xApp/c/monitor/RRC_MESSAGES/CMakeFiles/asn1_nr_rrc.dir/asn_SET_OF.c.o
#9 31.27 [ 21%] Building C object examples/xApp/c/monitor/RRC_MESSAGES/CMakeFiles/asn1_nr_rrc.dir/ber_tlv_tag.c.o
#9 31.27 [ 21%] Building C object examples/xApp/c/monitor/RRC_MESSAGES/CMakeFiles/asn1_nr_rrc.dir/BIT_STRING.c.o
#9 31.31 [ 21%] Building C object examples/xApp/c/monitor/RRC_MESSAGES/CMakeFiles/asn1_nr_rrc.dir/BIT_STRING_print.c.o
#9 31.31 [ 21%] Building C object examples/xApp/c/monitor/RRC_MESSAGES/CMakeFiles/asn1_nr_rrc.dir/BIT_STRING_rfill.c.o
#9 31.35 [ 21%] Building C object examples/xApp/c/monitor/RRC_MESSAGES/CMakeFiles/asn1_nr_rrc.dir/BIT_STRING_uper.c.o
#9 31.36 [ 21%] Building C object examples/xApp/c/monitor/RRC_MESSAGES/CMakeFiles/asn1_nr_rrc.dir/BIT_STRING_xer.c.o
#9 31.41 [ 21%] Building C object examples/xApp/c/monitor/RRC_MESSAGES/CMakeFiles/asn1_nr_rrc.dir/BOOLEAN_aper.c.o
#9 31.41 [ 21%] Building C object examples/xApp/c/monitor/RRC_MESSAGES/CMakeFiles/asn1_nr_rrc.dir/BOOLEAN.c.o
#9 31.45 [ 21%] Building C object examples/xApp/c/monitor/RRC_MESSAGES/CMakeFiles/asn1_nr_rrc.dir/BOOLEAN_rfill.c.o
#9 31.45 [ 21%] Building C object examples/xApp/c/monitor/RRC_MESSAGES/CMakeFiles/asn1_nr_rrc.dir/BOOLEAN_print.c.o
#9 31.49 [ 21%] Building C object examples/xApp/c/monitor/RRC_MESSAGES/CMakeFiles/asn1_nr_rrc.dir/BOOLEAN_uper.c.o
#9 31.49 [ 21%] Building C object examples/xApp/c/monitor/RRC_MESSAGES/CMakeFiles/asn1_nr_rrc.dir/BOOLEAN_xer.c.o
#9 31.53 [ 21%] Building C object examples/xApp/c/monitor/RRC_MESSAGES/CMakeFiles/asn1_nr_rrc.dir/constraints.c.o
#9 31.54 [ 21%] Building C object examples/xApp/c/monitor/RRC_MESSAGES/CMakeFiles/asn1_nr_rrc.dir/constr_CHOICE_aper.c.o
#9 31.58 [ 21%] Building C object examples/xApp/c/monitor/RRC_MESSAGES/CMakeFiles/asn1_nr_rrc.dir/constr_CHOICE.c.o
#9 31.59 [ 21%] Building C object examples/xApp/c/monitor/RRC_MESSAGES/CMakeFiles/asn1_nr_rrc.dir/constr_CHOICE_print.c.o
#9 31.62 [ 21%] Building C object examples/xApp/c/monitor/RRC_MESSAGES/CMakeFiles/asn1_nr_rrc.dir/constr_CHOICE_uper.c.o
#9 31.62 [ 21%] Building C object examples/xApp/c/monitor/RRC_MESSAGES/CMakeFiles/asn1_nr_rrc.dir/constr_CHOICE_rfill.c.o
#9 31.66 [ 21%] Building C object examples/xApp/c/monitor/RRC_MESSAGES/CMakeFiles/asn1_nr_rrc.dir/constr_CHOICE_xer.c.o
#9 31.68 [ 21%] Building C object examples/xApp/c/monitor/RRC_MESSAGES/CMakeFiles/asn1_nr_rrc.dir/constr_SEQUENCE_aper.c.o
#9 31.71 [ 21%] Building C object examples/xApp/c/monitor/RRC_MESSAGES/CMakeFiles/asn1_nr_rrc.dir/constr_SEQUENCE.c.o
#9 31.74 [ 21%] Building C object examples/xApp/c/monitor/RRC_MESSAGES/CMakeFiles/asn1_nr_rrc.dir/constr_SEQUENCE_OF_aper.c.o
#9 31.75 [ 21%] Building C object examples/xApp/c/monitor/RRC_MESSAGES/CMakeFiles/asn1_nr_rrc.dir/constr_SEQUENCE_OF.c.o
#9 31.78 [ 21%] Building C object examples/xApp/c/monitor/RRC_MESSAGES/CMakeFiles/asn1_nr_rrc.dir/constr_SEQUENCE_OF_uper.c.o
#9 31.80 [ 21%] Building C object examples/xApp/c/monitor/RRC_MESSAGES/CMakeFiles/asn1_nr_rrc.dir/constr_SEQUENCE_OF_xer.c.o
#9 31.81 [ 21%] Building C object examples/xApp/c/monitor/RRC_MESSAGES/CMakeFiles/asn1_nr_rrc.dir/constr_SEQUENCE_print.c.o
#9 31.85 [ 21%] Building C object examples/xApp/c/monitor/RRC_MESSAGES/CMakeFiles/asn1_nr_rrc.dir/constr_SEQUENCE_rfill.c.o
#9 31.85 [ 21%] Building C object examples/xApp/c/monitor/RRC_MESSAGES/CMakeFiles/asn1_nr_rrc.dir/constr_SEQUENCE_uper.c.o
#9 31.90 [ 21%] Building C object examples/xApp/c/monitor/RRC_MESSAGES/CMakeFiles/asn1_nr_rrc.dir/constr_SEQUENCE_xer.c.o
#9 31.90 [ 21%] Building C object examples/xApp/c/monitor/RRC_MESSAGES/CMakeFiles/asn1_nr_rrc.dir/constr_SET_OF_aper.c.o
#9 31.95 [ 21%] Building C object examples/xApp/c/monitor/RRC_MESSAGES/CMakeFiles/asn1_nr_rrc.dir/constr_SET_OF.c.o
#9 31.95 [ 21%] Building C object examples/xApp/c/monitor/RRC_MESSAGES/CMakeFiles/asn1_nr_rrc.dir/constr_SET_OF_print.c.o
#9 32.00 [ 21%] Building C object examples/xApp/c/monitor/RRC_MESSAGES/CMakeFiles/asn1_nr_rrc.dir/constr_SET_OF_rfill.c.o
#9 32.00 [ 21%] Building C object examples/xApp/c/monitor/RRC_MESSAGES/CMakeFiles/asn1_nr_rrc.dir/constr_SET_OF_uper.c.o
#9 32.04 [ 22%] Building C object examples/xApp/c/monitor/RRC_MESSAGES/CMakeFiles/asn1_nr_rrc.dir/constr_SET_OF_xer.c.o
#9 32.04 [ 22%] Building C object examples/xApp/c/monitor/RRC_MESSAGES/CMakeFiles/asn1_nr_rrc.dir/constr_TYPE.c.o
#9 32.08 [ 22%] Building C object examples/xApp/c/monitor/RRC_MESSAGES/CMakeFiles/asn1_nr_rrc.dir/GraphicString.c.o
#9 32.09 [ 22%] Building C object examples/xApp/c/monitor/RRC_MESSAGES/CMakeFiles/asn1_nr_rrc.dir/INTEGER_aper.c.o
#9 32.13 [ 22%] Building C object examples/xApp/c/monitor/RRC_MESSAGES/CMakeFiles/asn1_nr_rrc.dir/INTEGER.c.o
#9 32.14 [ 22%] Building C object examples/xApp/c/monitor/RRC_MESSAGES/CMakeFiles/asn1_nr_rrc.dir/INTEGER_print.c.o
#9 32.17 [ 22%] Building C object examples/xApp/c/monitor/RRC_MESSAGES/CMakeFiles/asn1_nr_rrc.dir/INTEGER_rfill.c.o
#9 32.18 [ 22%] Building C object examples/xApp/c/monitor/RRC_MESSAGES/CMakeFiles/asn1_nr_rrc.dir/INTEGER_uper.c.o
#9 32.21 [ 22%] Building C object examples/xApp/c/monitor/RRC_MESSAGES/CMakeFiles/asn1_nr_rrc.dir/INTEGER_xer.c.o
#9 32.23 [ 22%] Building C object examples/xApp/c/monitor/RRC_MESSAGES/CMakeFiles/asn1_nr_rrc.dir/NativeEnumerated_aper.c.o
#9 32.26 [ 22%] Building C object examples/xApp/c/monitor/RRC_MESSAGES/CMakeFiles/asn1_nr_rrc.dir/NativeEnumerated.c.o
#9 32.28 [ 22%] Building C object examples/xApp/c/monitor/RRC_MESSAGES/CMakeFiles/asn1_nr_rrc.dir/NativeEnumerated_uper.c.o
#9 32.29 [ 22%] Building C object examples/xApp/c/monitor/RRC_MESSAGES/CMakeFiles/asn1_nr_rrc.dir/NativeEnumerated_xer.c.o
#9 32.32 [ 22%] Building C object examples/xApp/c/monitor/RRC_MESSAGES/CMakeFiles/asn1_nr_rrc.dir/NativeInteger_aper.c.o
#9 32.33 [ 22%] Building C object examples/xApp/c/monitor/RRC_MESSAGES/CMakeFiles/asn1_nr_rrc.dir/NativeInteger.c.o
#9 32.36 [ 22%] Building C object examples/xApp/c/monitor/RRC_MESSAGES/CMakeFiles/asn1_nr_rrc.dir/NativeInteger_print.c.o
#9 32.37 [ 22%] Building C object examples/xApp/c/monitor/RRC_MESSAGES/CMakeFiles/asn1_nr_rrc.dir/NativeInteger_rfill.c.o
#9 32.40 [ 22%] Building C object examples/xApp/c/monitor/RRC_MESSAGES/CMakeFiles/asn1_nr_rrc.dir/NativeInteger_uper.c.o
#9 32.40 [ 22%] Building C object examples/xApp/c/monitor/RRC_MESSAGES/CMakeFiles/asn1_nr_rrc.dir/NativeInteger_xer.c.o
#9 32.43 [ 22%] Building C object examples/xApp/c/monitor/RRC_MESSAGES/CMakeFiles/asn1_nr_rrc.dir/NR_AbsoluteTimeInfo-r16.c.o
#9 32.44 [ 22%] Building C object examples/xApp/c/monitor/RRC_MESSAGES/CMakeFiles/asn1_nr_rrc.dir/NR_AccessStratumRelease.c.o
#9 32.48 [ 22%] Building C object examples/xApp/c/monitor/RRC_MESSAGES/CMakeFiles/asn1_nr_rrc.dir/NR_AccessStratumReleaseSidelink-r16.c.o
#9 32.48 [ 22%] Building C object examples/xApp/c/monitor/RRC_MESSAGES/CMakeFiles/asn1_nr_rrc.dir/NR_AdditionalPCIIndex-r17.c.o
#9 32.52 [ 22%] Building C object examples/xApp/c/monitor/RRC_MESSAGES/CMakeFiles/asn1_nr_rrc.dir/NR_AdditionalRACH-ConfigList-r17.c.o
#9 32.52 [ 22%] Building C object examples/xApp/c/monitor/RRC_MESSAGES/CMakeFiles/asn1_nr_rrc.dir/NR_AdditionalRACH-Config-r17.c.o
#9 32.57 [ 22%] Building C object examples/xApp/c/monitor/RRC_MESSAGES/CMakeFiles/asn1_nr_rrc.dir/NR_AffectedCarrierFreqCombEUTRA.c.o
#9 32.57 [ 22%] Building C object examples/xApp/c/monitor/RRC_MESSAGES/CMakeFiles/asn1_nr_rrc.dir/NR_AdditionalSpectrumEmission.c.o
#9 32.61 [ 22%] Building C object examples/xApp/c/monitor/RRC_MESSAGES/CMakeFiles/asn1_nr_rrc.dir/NR_AffectedCarrierFreqCombInfoMRDC.c.o
#9 32.61 [ 22%] Building C object examples/xApp/c/monitor/RRC_MESSAGES/CMakeFiles/asn1_nr_rrc.dir/NR_AffectedCarrierFreqCombList-r16.c.o
#9 32.65 [ 22%] Building C object examples/xApp/c/monitor/RRC_MESSAGES/CMakeFiles/asn1_nr_rrc.dir/NR_AffectedCarrierFreqCombNR.c.o
#9 32.65 [ 22%] Building C object examples/xApp/c/monitor/RRC_MESSAGES/CMakeFiles/asn1_nr_rrc.dir/NR_AffectedCarrierFreqComb-r16.c.o
#9 32.68 [ 22%] Building C object examples/xApp/c/monitor/RRC_MESSAGES/CMakeFiles/asn1_nr_rrc.dir/NR_AffectedCarrierFreqList-r16.c.o
#9 32.70 [ 22%] Building C object examples/xApp/c/monitor/RRC_MESSAGES/CMakeFiles/asn1_nr_rrc.dir/NR_AffectedCarrierFreq-r16.c.o
#9 32.71 [ 22%] Building C object examples/xApp/c/monitor/RRC_MESSAGES/CMakeFiles/asn1_nr_rrc.dir/NR_AggregatedBandwidth.c.o
#9 32.74 [ 22%] Building C object examples/xApp/c/monitor/RRC_MESSAGES/CMakeFiles/asn1_nr_rrc.dir/NR_AI-RNTI-r16.c.o
#9 32.76 [ 22%] Building C object examples/xApp/c/monitor/RRC_MESSAGES/CMakeFiles/asn1_nr_rrc.dir/NR_Alpha.c.o
#9 32.79 [ 22%] Building C object examples/xApp/c/monitor/RRC_MESSAGES/CMakeFiles/asn1_nr_rrc.dir/NR_AMF-Identifier.c.o
#9 32.79 [ 22%] Building C object examples/xApp/c/monitor/RRC_MESSAGES/CMakeFiles/asn1_nr_rrc.dir/NR_AppLayerBufferLevel-r17.c.o
#9 32.82 [ 22%] Building C object examples/xApp/c/monitor/RRC_MESSAGES/CMakeFiles/asn1_nr_rrc.dir/NR_AppLayerMeasConfig-r17.c.o
#9 32.83 [ 23%] Building C object examples/xApp/c/monitor/RRC_MESSAGES/CMakeFiles/asn1_nr_rrc.dir/NR_AppLayerMeasParameters-r17.c.o
#9 32.87 [ 23%] Building C object examples/xApp/c/monitor/RRC_MESSAGES/CMakeFiles/asn1_nr_rrc.dir/NR_ApplicableDisasterInfo-r17.c.o
#9 32.91 [ 23%] Building C object examples/xApp/c/monitor/RRC_MESSAGES/CMakeFiles/asn1_nr_rrc.dir/NR_AreaConfig-r16.c.o
#9 32.93 [ 23%] Building C object examples/xApp/c/monitor/RRC_MESSAGES/CMakeFiles/asn1_nr_rrc.dir/NR_AreaConfiguration-r16.c.o
#9 32.95 [ 23%] Building C object examples/xApp/c/monitor/RRC_MESSAGES/CMakeFiles/asn1_nr_rrc.dir/NR_AreaConfiguration-v1700.c.o
#9 32.96 [ 23%] Building C object examples/xApp/c/monitor/RRC_MESSAGES/CMakeFiles/asn1_nr_rrc.dir/NR_ARFCN-ValueEUTRA.c.o
#9 33.00 [ 23%] Building C object examples/xApp/c/monitor/RRC_MESSAGES/CMakeFiles/asn1_nr_rrc.dir/NR_ARFCN-ValueNR.c.o
#9 33.00 [ 23%] Building C object examples/xApp/c/monitor/RRC_MESSAGES/CMakeFiles/asn1_nr_rrc.dir/NR_ARFCN-ValueUTRA-FDD-r16.c.o
#9 33.03 [ 23%] Building C object examples/xApp/c/monitor/RRC_MESSAGES/CMakeFiles/asn1_nr_rrc.dir/NR_AS-Config.c.o
#9 33.04 [ 23%] Building C object examples/xApp/c/monitor/RRC_MESSAGES/CMakeFiles/asn1_nr_rrc.dir/NR_AS-Context.c.o
#9 33.08 [ 23%] Building C object examples/xApp/c/monitor/RRC_MESSAGES/CMakeFiles/asn1_nr_rrc.dir/NR_AvailabilityCombinationId-r16.c.o
#9 33.12 [ 23%] Building C object examples/xApp/c/monitor/RRC_MESSAGES/CMakeFiles/asn1_nr_rrc.dir/NR_AvailabilityCombination-r16.c.o
#9 33.16 [ 23%] Building C object examples/xApp/c/monitor/RRC_MESSAGES/CMakeFiles/asn1_nr_rrc.dir/NR_AvailabilityCombinationRB-Groups-r17.c.o
#9 33.20 [ 23%] Building C object examples/xApp/c/monitor/RRC_MESSAGES/CMakeFiles/asn1_nr_rrc.dir/NR_AvailabilityCombinationsPerCellIndex-r16.c.o
#9 33.21 [ 23%] Building C object examples/xApp/c/monitor/RRC_MESSAGES/CMakeFiles/asn1_nr_rrc.dir/NR_AvailabilityCombinationsPerCell-r16.c.o
#9 33.24 [ 23%] Building C object examples/xApp/c/monitor/RRC_MESSAGES/CMakeFiles/asn1_nr_rrc.dir/NR_AvailabilityIndicator-r16.c.o
#9 33.26 [ 23%] Building C object examples/xApp/c/monitor/RRC_MESSAGES/CMakeFiles/asn1_nr_rrc.dir/NR_AvailableRB-SetsPerCell-r16.c.o
#9 33.28 [ 23%] Building C object examples/xApp/c/monitor/RRC_MESSAGES/CMakeFiles/asn1_nr_rrc.dir/NR_AvailableSlotOffset-r17.c.o
#9 33.30 [ 23%] Building C object examples/xApp/c/monitor/RRC_MESSAGES/CMakeFiles/asn1_nr_rrc.dir/NR_BandCombination.c.o
#9 33.32 [ 23%] Building C object examples/xApp/c/monitor/RRC_MESSAGES/CMakeFiles/asn1_nr_rrc.dir/NR_BandCombinationIndex.c.o
#9 33.34 [ 23%] Building C object examples/xApp/c/monitor/RRC_MESSAGES/CMakeFiles/asn1_nr_rrc.dir/NR_BandCombinationInfo.c.o
#9 33.36 [ 23%] Building C object examples/xApp/c/monitor/RRC_MESSAGES/CMakeFiles/asn1_nr_rrc.dir/NR_BandCombinationInfoList.c.o
#9 33.38 [ 23%] Building C object examples/xApp/c/monitor/RRC_MESSAGES/CMakeFiles/asn1_nr_rrc.dir/NR_BandCombinationInfoSN.c.o
#9 33.40 [ 23%] Building C object examples/xApp/c/monitor/RRC_MESSAGES/CMakeFiles/asn1_nr_rrc.dir/NR_BandCombinationList.c.o
#9 33.42 [ 23%] Building C object examples/xApp/c/monitor/RRC_MESSAGES/CMakeFiles/asn1_nr_rrc.dir/NR_BandCombinationListSidelinkEUTRA-NR-r16.c.o
#9 33.44 [ 23%] Building C object examples/xApp/c/monitor/RRC_MESSAGES/CMakeFiles/asn1_nr_rrc.dir/NR_BandCombinationListSidelinkEUTRA-NR-v1630.c.o
#9 33.46 [ 23%] Building C object examples/xApp/c/monitor/RRC_MESSAGES/CMakeFiles/asn1_nr_rrc.dir/NR_BandCombinationListSidelinkEUTRA-NR-v1710.c.o
#9 33.48 [ 23%] Building C object examples/xApp/c/monitor/RRC_MESSAGES/CMakeFiles/asn1_nr_rrc.dir/NR_BandCombinationListSidelinkNR-r16.c.o
#9 33.50 [ 23%] Building C object examples/xApp/c/monitor/RRC_MESSAGES/CMakeFiles/asn1_nr_rrc.dir/NR_BandCombinationListSidelinkNR-v1710.c.o
#9 33.52 [ 23%] Building C object examples/xApp/c/monitor/RRC_MESSAGES/CMakeFiles/asn1_nr_rrc.dir/NR_BandCombinationListSL-Discovery-r17.c.o
#9 33.54 [ 23%] Building C object examples/xApp/c/monitor/RRC_MESSAGES/CMakeFiles/asn1_nr_rrc.dir/NR_BandCombinationList-UplinkTxSwitch-r16.c.o
#9 33.56 [ 23%] Building C object examples/xApp/c/monitor/RRC_MESSAGES/CMakeFiles/asn1_nr_rrc.dir/NR_BandCombinationList-UplinkTxSwitch-v1630.c.o
#9 33.59 [ 23%] Building C object examples/xApp/c/monitor/RRC_MESSAGES/CMakeFiles/asn1_nr_rrc.dir/NR_BandCombinationList-UplinkTxSwitch-v1640.c.o
#9 33.60 [ 23%] Building C object examples/xApp/c/monitor/RRC_MESSAGES/CMakeFiles/asn1_nr_rrc.dir/NR_BandCombinationList-UplinkTxSwitch-v1650.c.o
#9 33.62 [ 23%] Building C object examples/xApp/c/monitor/RRC_MESSAGES/CMakeFiles/asn1_nr_rrc.dir/NR_BandCombinationList-UplinkTxSwitch-v1670.c.o
#9 33.64 [ 23%] Building C object examples/xApp/c/monitor/RRC_MESSAGES/CMakeFiles/asn1_nr_rrc.dir/NR_BandCombinationList-UplinkTxSwitch-v1690.c.o
#9 33.66 [ 23%] Building C object examples/xApp/c/monitor/RRC_MESSAGES/CMakeFiles/asn1_nr_rrc.dir/NR_BandCombinationList-UplinkTxSwitch-v16a0.c.o
#9 33.69 [ 23%] Building C object examples/xApp/c/monitor/RRC_MESSAGES/CMakeFiles/asn1_nr_rrc.dir/NR_BandCombinationList-UplinkTxSwitch-v1700.c.o
#9 33.70 [ 23%] Building C object examples/xApp/c/monitor/RRC_MESSAGES/CMakeFiles/asn1_nr_rrc.dir/NR_BandCombinationList-UplinkTxSwitch-v1720.c.o
#9 33.73 [ 23%] Building C object examples/xApp/c/monitor/RRC_MESSAGES/CMakeFiles/asn1_nr_rrc.dir/NR_BandCombinationList-v1540.c.o
#9 33.73 [ 25%] Building C object examples/xApp/c/monitor/RRC_MESSAGES/CMakeFiles/asn1_nr_rrc.dir/NR_BandCombinationList-UplinkTxSwitch-v1730.c.o
#9 33.77 [ 25%] Building C object examples/xApp/c/monitor/RRC_MESSAGES/CMakeFiles/asn1_nr_rrc.dir/NR_BandCombinationList-v1550.c.o
#9 33.77 [ 25%] Building C object examples/xApp/c/monitor/RRC_MESSAGES/CMakeFiles/asn1_nr_rrc.dir/NR_BandCombinationList-v1560.c.o
#9 33.81 [ 25%] Building C object examples/xApp/c/monitor/RRC_MESSAGES/CMakeFiles/asn1_nr_rrc.dir/NR_BandCombinationList-v1570.c.o
#9 33.81 [ 25%] Building C object examples/xApp/c/monitor/RRC_MESSAGES/CMakeFiles/asn1_nr_rrc.dir/NR_BandCombinationList-v1580.c.o
#9 33.84 [ 25%] Building C object examples/xApp/c/monitor/RRC_MESSAGES/CMakeFiles/asn1_nr_rrc.dir/NR_BandCombinationList-v1590.c.o
#9 33.85 [ 25%] Building C object examples/xApp/c/monitor/RRC_MESSAGES/CMakeFiles/asn1_nr_rrc.dir/NR_BandCombinationList-v15g0.c.o
#9 33.89 [ 25%] Building C object examples/xApp/c/monitor/RRC_MESSAGES/CMakeFiles/asn1_nr_rrc.dir/NR_BandCombinationList-v1610.c.o
#9 33.89 [ 25%] Building C object examples/xApp/c/monitor/RRC_MESSAGES/CMakeFiles/asn1_nr_rrc.dir/NR_BandCombinationList-v1630.c.o
#9 33.93 [ 25%] Building C object examples/xApp/c/monitor/RRC_MESSAGES/CMakeFiles/asn1_nr_rrc.dir/NR_BandCombinationList-v1640.c.o
#9 33.93 [ 25%] Building C object examples/xApp/c/monitor/RRC_MESSAGES/CMakeFiles/asn1_nr_rrc.dir/NR_BandCombinationList-v1650.c.o
#9 33.97 [ 25%] Building C object examples/xApp/c/monitor/RRC_MESSAGES/CMakeFiles/asn1_nr_rrc.dir/NR_BandCombinationList-v1690.c.o
#9 33.97 [ 25%] Building C object examples/xApp/c/monitor/RRC_MESSAGES/CMakeFiles/asn1_nr_rrc.dir/NR_BandCombinationList-v1680.c.o
#9 34.01 [ 25%] Building C object examples/xApp/c/monitor/RRC_MESSAGES/CMakeFiles/asn1_nr_rrc.dir/NR_BandCombinationList-v16a0.c.o
#9 34.01 [ 25%] Building C object examples/xApp/c/monitor/RRC_MESSAGES/CMakeFiles/asn1_nr_rrc.dir/NR_BandCombinationList-v1700.c.o
#9 34.05 [ 25%] Building C object examples/xApp/c/monitor/RRC_MESSAGES/CMakeFiles/asn1_nr_rrc.dir/NR_BandCombinationList-v1720.c.o
#9 34.05 [ 25%] Building C object examples/xApp/c/monitor/RRC_MESSAGES/CMakeFiles/asn1_nr_rrc.dir/NR_BandCombinationList-v1730.c.o
#9 34.09 [ 25%] Building C object examples/xApp/c/monitor/RRC_MESSAGES/CMakeFiles/asn1_nr_rrc.dir/NR_BandCombinationParametersSidelinkEUTRA-NR-r16.c.o
#9 34.10 [ 25%] Building C object examples/xApp/c/monitor/RRC_MESSAGES/CMakeFiles/asn1_nr_rrc.dir/NR_BandCombinationParametersSidelinkEUTRA-NR-v1630.c.o
#9 34.13 [ 25%] Building C object examples/xApp/c/monitor/RRC_MESSAGES/CMakeFiles/asn1_nr_rrc.dir/NR_BandCombinationParametersSidelinkEUTRA-NR-v1710.c.o
#9 34.13 [ 25%] Building C object examples/xApp/c/monitor/RRC_MESSAGES/CMakeFiles/asn1_nr_rrc.dir/NR_BandCombinationParametersSidelinkNR-r16.c.o
#9 34.17 [ 25%] Building C object examples/xApp/c/monitor/RRC_MESSAGES/CMakeFiles/asn1_nr_rrc.dir/NR_BandCombinationParametersSidelinkNR-v1710.c.o
#9 34.17 [ 25%] Building C object examples/xApp/c/monitor/RRC_MESSAGES/CMakeFiles/asn1_nr_rrc.dir/NR_BandCombination-UplinkTxSwitch-r16.c.o
#9 34.21 [ 25%] Building C object examples/xApp/c/monitor/RRC_MESSAGES/CMakeFiles/asn1_nr_rrc.dir/NR_BandCombination-UplinkTxSwitch-v1630.c.o
#9 34.22 [ 25%] Building C object examples/xApp/c/monitor/RRC_MESSAGES/CMakeFiles/asn1_nr_rrc.dir/NR_BandCombination-UplinkTxSwitch-v1640.c.o
#9 34.26 [ 25%] Building C object examples/xApp/c/monitor/RRC_MESSAGES/CMakeFiles/asn1_nr_rrc.dir/NR_BandCombination-UplinkTxSwitch-v1650.c.o
#9 34.26 [ 25%] Building C object examples/xApp/c/monitor/RRC_MESSAGES/CMakeFiles/asn1_nr_rrc.dir/NR_BandCombination-UplinkTxSwitch-v1670.c.o
#9 34.29 [ 25%] Building C object examples/xApp/c/monitor/RRC_MESSAGES/CMakeFiles/asn1_nr_rrc.dir/NR_BandCombination-UplinkTxSwitch-v1690.c.o
#9 34.30 [ 25%] Building C object examples/xApp/c/monitor/RRC_MESSAGES/CMakeFiles/asn1_nr_rrc.dir/NR_BandCombination-UplinkTxSwitch-v16a0.c.o
#9 34.33 [ 25%] Building C object examples/xApp/c/monitor/RRC_MESSAGES/CMakeFiles/asn1_nr_rrc.dir/NR_BandCombination-UplinkTxSwitch-v1700.c.o
#9 34.34 [ 25%] Building C object examples/xApp/c/monitor/RRC_MESSAGES/CMakeFiles/asn1_nr_rrc.dir/NR_BandCombination-UplinkTxSwitch-v1720.c.o
#9 34.37 [ 25%] Building C object examples/xApp/c/monitor/RRC_MESSAGES/CMakeFiles/asn1_nr_rrc.dir/NR_BandCombination-UplinkTxSwitch-v1730.c.o
#9 34.39 [ 25%] Building C object examples/xApp/c/monitor/RRC_MESSAGES/CMakeFiles/asn1_nr_rrc.dir/NR_BandCombination-v1540.c.o
#9 34.42 [ 25%] Building C object examples/xApp/c/monitor/RRC_MESSAGES/CMakeFiles/asn1_nr_rrc.dir/NR_BandCombination-v1550.c.o
#9 34.43 [ 25%] Building C object examples/xApp/c/monitor/RRC_MESSAGES/CMakeFiles/asn1_nr_rrc.dir/NR_BandCombination-v1560.c.o
#9 34.46 [ 25%] Building C object examples/xApp/c/monitor/RRC_MESSAGES/CMakeFiles/asn1_nr_rrc.dir/NR_BandCombination-v1570.c.o
#9 34.47 [ 25%] Building C object examples/xApp/c/monitor/RRC_MESSAGES/CMakeFiles/asn1_nr_rrc.dir/NR_BandCombination-v1580.c.o
#9 34.49 [ 26%] Building C object examples/xApp/c/monitor/RRC_MESSAGES/CMakeFiles/asn1_nr_rrc.dir/NR_BandCombination-v1590.c.o
#9 34.51 [ 26%] Building C object examples/xApp/c/monitor/RRC_MESSAGES/CMakeFiles/asn1_nr_rrc.dir/NR_BandCombination-v15g0.c.o
#9 34.54 [ 26%] Building C object examples/xApp/c/monitor/RRC_MESSAGES/CMakeFiles/asn1_nr_rrc.dir/NR_BandCombination-v1610.c.o
#9 34.54 [ 26%] Building C object examples/xApp/c/monitor/RRC_MESSAGES/CMakeFiles/asn1_nr_rrc.dir/NR_BandCombination-v1630.c.o
#9 34.58 [ 26%] Building C object examples/xApp/c/monitor/RRC_MESSAGES/CMakeFiles/asn1_nr_rrc.dir/NR_BandCombination-v1640.c.o
#9 34.59 [ 26%] Building C object examples/xApp/c/monitor/RRC_MESSAGES/CMakeFiles/asn1_nr_rrc.dir/NR_BandCombination-v1650.c.o
#9 34.63 [ 26%] Building C object examples/xApp/c/monitor/RRC_MESSAGES/CMakeFiles/asn1_nr_rrc.dir/NR_BandCombination-v1680.c.o
#9 34.63 [ 26%] Building C object examples/xApp/c/monitor/RRC_MESSAGES/CMakeFiles/asn1_nr_rrc.dir/NR_BandCombination-v1690.c.o
#9 34.67 [ 26%] Building C object examples/xApp/c/monitor/RRC_MESSAGES/CMakeFiles/asn1_nr_rrc.dir/NR_BandCombination-v1700.c.o
#9 34.67 [ 26%] Building C object examples/xApp/c/monitor/RRC_MESSAGES/CMakeFiles/asn1_nr_rrc.dir/NR_BandCombination-v16a0.c.o
#9 34.71 [ 26%] Building C object examples/xApp/c/monitor/RRC_MESSAGES/CMakeFiles/asn1_nr_rrc.dir/NR_BandCombination-v1720.c.o
#9 34.73 [ 26%] Building C object examples/xApp/c/monitor/RRC_MESSAGES/CMakeFiles/asn1_nr_rrc.dir/NR_BandCombination-v1730.c.o
#9 34.75 [ 26%] Building C object examples/xApp/c/monitor/RRC_MESSAGES/CMakeFiles/asn1_nr_rrc.dir/NR_BandEntryIndex.c.o
#9 34.77 [ 26%] Building C object examples/xApp/c/monitor/RRC_MESSAGES/CMakeFiles/asn1_nr_rrc.dir/NR_BandNR.c.o
#9 34.80 [ 26%] Building C object examples/xApp/c/monitor/RRC_MESSAGES/CMakeFiles/asn1_nr_rrc.dir/NR_BandParameters.c.o
#9 34.83 [ 26%] Building C object examples/xApp/c/monitor/RRC_MESSAGES/CMakeFiles/asn1_nr_rrc.dir/NR_BandParametersSidelinkDiscovery-r17.c.o
#9 34.87 [ 26%] Building C object examples/xApp/c/monitor/RRC_MESSAGES/CMakeFiles/asn1_nr_rrc.dir/NR_BandParametersSidelinkEUTRA-NR-r16.c.o
#9 34.91 [ 26%] Building C object examples/xApp/c/monitor/RRC_MESSAGES/CMakeFiles/asn1_nr_rrc.dir/NR_BandParametersSidelinkEUTRA-NR-v1630.c.o
#9 34.91 [ 26%] Building C object examples/xApp/c/monitor/RRC_MESSAGES/CMakeFiles/asn1_nr_rrc.dir/NR_BandParametersSidelinkEUTRA-NR-v1710.c.o
#9 34.96 [ 26%] Building C object examples/xApp/c/monitor/RRC_MESSAGES/CMakeFiles/asn1_nr_rrc.dir/NR_BandParametersSidelink-r16.c.o
#9 34.97 [ 26%] Building C object examples/xApp/c/monitor/RRC_MESSAGES/CMakeFiles/asn1_nr_rrc.dir/NR_BandParametersSidelink-v1710.c.o
#9 35.00 [ 26%] Building C object examples/xApp/c/monitor/RRC_MESSAGES/CMakeFiles/asn1_nr_rrc.dir/NR_BandParameters-v1540.c.o
#9 35.01 [ 26%] Building C object examples/xApp/c/monitor/RRC_MESSAGES/CMakeFiles/asn1_nr_rrc.dir/NR_BandParameters-v1610.c.o
#9 35.04 [ 26%] Building C object examples/xApp/c/monitor/RRC_MESSAGES/CMakeFiles/asn1_nr_rrc.dir/NR_BandParameters-v1710.c.o
#9 35.05 [ 26%] Building C object examples/xApp/c/monitor/RRC_MESSAGES/CMakeFiles/asn1_nr_rrc.dir/NR_BandParameters-v1730.c.o
#9 35.08 [ 26%] Building C object examples/xApp/c/monitor/RRC_MESSAGES/CMakeFiles/asn1_nr_rrc.dir/NR_BandSidelinkEUTRA-r16.c.o
#9 35.09 [ 26%] Building C object examples/xApp/c/monitor/RRC_MESSAGES/CMakeFiles/asn1_nr_rrc.dir/NR_BandSidelinkPC5-r16.c.o
#9 35.13 [ 26%] Building C object examples/xApp/c/monitor/RRC_MESSAGES/CMakeFiles/asn1_nr_rrc.dir/NR_BandSidelink-r16.c.o
#9 35.14 [ 26%] Building C object examples/xApp/c/monitor/RRC_MESSAGES/CMakeFiles/asn1_nr_rrc.dir/NR_BAP-Config-r16.c.o
#9 35.19 [ 26%] Building C object examples/xApp/c/monitor/RRC_MESSAGES/CMakeFiles/asn1_nr_rrc.dir/NR_BAP-Parameters-r16.c.o
#9 35.20 [ 26%] Building C object examples/xApp/c/monitor/RRC_MESSAGES/CMakeFiles/asn1_nr_rrc.dir/NR_BAP-Parameters-v1700.c.o
#9 35.22 [ 26%] Building C object examples/xApp/c/monitor/RRC_MESSAGES/CMakeFiles/asn1_nr_rrc.dir/NR_BAP-RoutingID-r16.c.o
#9 35.24 [ 26%] Building C object examples/xApp/c/monitor/RRC_MESSAGES/CMakeFiles/asn1_nr_rrc.dir/NR_BCCH-BCH-Message.c.o
#9 35.27 [ 26%] Building C object examples/xApp/c/monitor/RRC_MESSAGES/CMakeFiles/asn1_nr_rrc.dir/NR_BCCH-BCH-MessageType.c.o
#9 35.28 [ 26%] Building C object examples/xApp/c/monitor/RRC_MESSAGES/CMakeFiles/asn1_nr_rrc.dir/NR_BCCH-Config.c.o
#9 35.31 [ 26%] Building C object examples/xApp/c/monitor/RRC_MESSAGES/CMakeFiles/asn1_nr_rrc.dir/NR_BCCH-DL-SCH-Message.c.o
#9 35.31 [ 26%] Building C object examples/xApp/c/monitor/RRC_MESSAGES/CMakeFiles/asn1_nr_rrc.dir/NR_BCCH-DL-SCH-MessageType.c.o
#9 35.45 [ 26%] Building C object examples/xApp/c/monitor/RRC_MESSAGES/CMakeFiles/asn1_nr_rrc.dir/NR_BeamFailureDetection-r17.c.o
#9 35.46 [ 26%] Building C object examples/xApp/c/monitor/RRC_MESSAGES/CMakeFiles/asn1_nr_rrc.dir/NR_BeamFailureDetectionSet-r17.c.o
#9 35.49 [ 28%] Building C object examples/xApp/c/monitor/RRC_MESSAGES/CMakeFiles/asn1_nr_rrc.dir/NR_BeamFailureRecoveryConfig.c.o
#9 35.50 [ 28%] Building C object examples/xApp/c/monitor/RRC_MESSAGES/CMakeFiles/asn1_nr_rrc.dir/NR_BeamFailureRecoveryRSConfig-r16.c.o
#9 35.54 [ 28%] Building C object examples/xApp/c/monitor/RRC_MESSAGES/CMakeFiles/asn1_nr_rrc.dir/NR_BeamLinkMonitoringRS-Id-r17.c.o
#9 35.58 [ 28%] Building C object examples/xApp/c/monitor/RRC_MESSAGES/CMakeFiles/asn1_nr_rrc.dir/NR_BeamLinkMonitoringRS-r17.c.o
#9 35.62 [ 28%] Building C object examples/xApp/c/monitor/RRC_MESSAGES/CMakeFiles/asn1_nr_rrc.dir/NR_BeamManagementSSB-CSI-RS.c.o
#9 35.67 [ 28%] Building C object examples/xApp/c/monitor/RRC_MESSAGES/CMakeFiles/asn1_nr_rrc.dir/NR_BeamMeasConfigIdle-NR-r16.c.o
#9 35.68 [ 28%] Building C object examples/xApp/c/monitor/RRC_MESSAGES/CMakeFiles/asn1_nr_rrc.dir/NR_BetaOffsets.c.o
#9 35.71 [ 28%] Building C object examples/xApp/c/monitor/RRC_MESSAGES/CMakeFiles/asn1_nr_rrc.dir/NR_BetaOffsetsCrossPri-r17.c.o
#9 35.73 [ 28%] Building C object examples/xApp/c/monitor/RRC_MESSAGES/CMakeFiles/asn1_nr_rrc.dir/NR_BetaOffsetsCrossPriSelCG-r17.c.o
#9 35.76 [ 28%] Building C object examples/xApp/c/monitor/RRC_MESSAGES/CMakeFiles/asn1_nr_rrc.dir/NR_BetaOffsetsCrossPriSelDCI-0-2-r17.c.o
#9 35.77 [ 28%] Building C object examples/xApp/c/monitor/RRC_MESSAGES/CMakeFiles/asn1_nr_rrc.dir/NR_BetaOffsetsCrossPriSel-r17.c.o
#9 35.81 [ 28%] Building C object examples/xApp/c/monitor/RRC_MESSAGES/CMakeFiles/asn1_nr_rrc.dir/NR_BFD-RelaxationReportingConfig-r17.c.o
#9 35.81 [ 28%] Building C object examples/xApp/c/monitor/RRC_MESSAGES/CMakeFiles/asn1_nr_rrc.dir/NR_BFR-CSIRS-Resource.c.o
#9 35.85 [ 28%] Building C object examples/xApp/c/monitor/RRC_MESSAGES/CMakeFiles/asn1_nr_rrc.dir/NR_BFR-SSB-Resource.c.o
#9 35.87 [ 28%] Building C object examples/xApp/c/monitor/RRC_MESSAGES/CMakeFiles/asn1_nr_rrc.dir/NR_BH-LogicalChannelIdentity-Ext-r16.c.o
#9 35.90 [ 28%] Building C object examples/xApp/c/monitor/RRC_MESSAGES/CMakeFiles/asn1_nr_rrc.dir/NR_BH-LogicalChannelIdentity-r16.c.o
#9 35.91 [ 28%] Building C object examples/xApp/c/monitor/RRC_MESSAGES/CMakeFiles/asn1_nr_rrc.dir/NR_BH-RLC-ChannelConfig-r16.c.o
#9 35.93 [ 28%] Building C object examples/xApp/c/monitor/RRC_MESSAGES/CMakeFiles/asn1_nr_rrc.dir/NR_BH-RLC-ChannelID-r16.c.o
#9 35.95 [ 28%] Building C object examples/xApp/c/monitor/RRC_MESSAGES/CMakeFiles/asn1_nr_rrc.dir/NR_BSR-Config.c.o
#9 35.97 [ 28%] Building C object examples/xApp/c/monitor/RRC_MESSAGES/CMakeFiles/asn1_nr_rrc.dir/NR_BT-NameList-r16.c.o
#9 35.99 [ 28%] Building C object examples/xApp/c/monitor/RRC_MESSAGES/CMakeFiles/asn1_nr_rrc.dir/NR_BT-Name-r16.c.o
#9 36.01 [ 28%] Building C object examples/xApp/c/monitor/RRC_MESSAGES/CMakeFiles/asn1_nr_rrc.dir/NR_BWP.c.o
#9 36.03 [ 28%] Building C object examples/xApp/c/monitor/RRC_MESSAGES/CMakeFiles/asn1_nr_rrc.dir/NR_BWP-Downlink.c.o
#9 36.05 [ 28%] Building C object examples/xApp/c/monitor/RRC_MESSAGES/CMakeFiles/asn1_nr_rrc.dir/NR_BWP-DownlinkCommon.c.o
#9 36.16 [ 28%] Building C object examples/xApp/c/monitor/RRC_MESSAGES/CMakeFiles/asn1_nr_rrc.dir/NR_BWP-DownlinkDedicated.c.o
#9 36.25 [ 28%] Building C object examples/xApp/c/monitor/RRC_MESSAGES/CMakeFiles/asn1_nr_rrc.dir/NR_BWP-DownlinkDedicatedSDT-r17.c.o
#9 36.30 [ 28%] Building C object examples/xApp/c/monitor/RRC_MESSAGES/CMakeFiles/asn1_nr_rrc.dir/NR_BWP-Id.c.o
#9 36.34 [ 28%] Building C object examples/xApp/c/monitor/RRC_MESSAGES/CMakeFiles/asn1_nr_rrc.dir/NR_BWP-Uplink.c.o
#9 36.42 [ 28%] Building C object examples/xApp/c/monitor/RRC_MESSAGES/CMakeFiles/asn1_nr_rrc.dir/NR_BWP-UplinkCommon.c.o
#9 36.48 [ 28%] Building C object examples/xApp/c/monitor/RRC_MESSAGES/CMakeFiles/asn1_nr_rrc.dir/NR_BWP-UplinkDedicated.c.o
#9 36.58 [ 28%] Building C object examples/xApp/c/monitor/RRC_MESSAGES/CMakeFiles/asn1_nr_rrc.dir/NR_BWP-UplinkDedicatedSDT-r17.c.o
#9 36.62 [ 28%] Building C object examples/xApp/c/monitor/RRC_MESSAGES/CMakeFiles/asn1_nr_rrc.dir/NR_CA-BandwidthClassEUTRA.c.o
#9 36.66 [ 28%] Building C object examples/xApp/c/monitor/RRC_MESSAGES/CMakeFiles/asn1_nr_rrc.dir/NR_CA-BandwidthClassNR.c.o
#9 36.71 [ 28%] Building C object examples/xApp/c/monitor/RRC_MESSAGES/CMakeFiles/asn1_nr_rrc.dir/NR_CAG-IdentityInfo-r16.c.o
#9 36.72 [ 28%] Building C object examples/xApp/c/monitor/RRC_MESSAGES/CMakeFiles/asn1_nr_rrc.dir/NR_CandidateBeamRSListExt-r16.c.o
#9 36.74 [ 28%] Building C object examples/xApp/c/monitor/RRC_MESSAGES/CMakeFiles/asn1_nr_rrc.dir/NR_CandidateBeamRS-r16.c.o
#9 36.76 [ 28%] Building C object examples/xApp/c/monitor/RRC_MESSAGES/CMakeFiles/asn1_nr_rrc.dir/NR_CandidateCellCPC-r17.c.o
#9 36.77 [ 28%] Building C object examples/xApp/c/monitor/RRC_MESSAGES/CMakeFiles/asn1_nr_rrc.dir/NR_CandidateCellInfoListCPC-r17.c.o
#9 36.80 [ 28%] Building C object examples/xApp/c/monitor/RRC_MESSAGES/CMakeFiles/asn1_nr_rrc.dir/NR_CandidateCellInfo-r17.c.o
#9 36.81 [ 29%] Building C object examples/xApp/c/monitor/RRC_MESSAGES/CMakeFiles/asn1_nr_rrc.dir/NR_CandidateCellListCPC-r17.c.o
#9 36.84 [ 29%] Building C object examples/xApp/c/monitor/RRC_MESSAGES/CMakeFiles/asn1_nr_rrc.dir/NR_CandidateCell-r17.c.o
#9 36.86 [ 29%] Building C object examples/xApp/c/monitor/RRC_MESSAGES/CMakeFiles/asn1_nr_rrc.dir/NR_CandidateServingFreqListEUTRA.c.o
#9 36.88 [ 29%] Building C object examples/xApp/c/monitor/RRC_MESSAGES/CMakeFiles/asn1_nr_rrc.dir/NR_CandidateServingFreqListNR.c.o
#9 36.90 [ 29%] Building C object examples/xApp/c/monitor/RRC_MESSAGES/CMakeFiles/asn1_nr_rrc.dir/NR_CandidateServingFreqListNR-r16.c.o
#9 36.92 [ 29%] Building C object examples/xApp/c/monitor/RRC_MESSAGES/CMakeFiles/asn1_nr_rrc.dir/NR_CA-ParametersEUTRA.c.o
#9 36.94 [ 29%] Building C object examples/xApp/c/monitor/RRC_MESSAGES/CMakeFiles/asn1_nr_rrc.dir/NR_CA-ParametersEUTRA-v1560.c.o
#9 36.97 [ 29%] Building C object examples/xApp/c/monitor/RRC_MESSAGES/CMakeFiles/asn1_nr_rrc.dir/NR_CA-ParametersEUTRA-v1570.c.o
#9 36.98 [ 29%] Building C object examples/xApp/c/monitor/RRC_MESSAGES/CMakeFiles/asn1_nr_rrc.dir/NR_CA-ParametersNR.c.o
#9 37.00 [ 29%] Building C object examples/xApp/c/monitor/RRC_MESSAGES/CMakeFiles/asn1_nr_rrc.dir/NR_CA-ParametersNRDC.c.o
#9 37.01 [ 29%] Building C object examples/xApp/c/monitor/RRC_MESSAGES/CMakeFiles/asn1_nr_rrc.dir/NR_CA-ParametersNRDC-v15g0.c.o
#9 37.04 [ 29%] Building C object examples/xApp/c/monitor/RRC_MESSAGES/CMakeFiles/asn1_nr_rrc.dir/NR_CA-ParametersNRDC-v1610.c.o
#9 37.06 [ 29%] Building C object examples/xApp/c/monitor/RRC_MESSAGES/CMakeFiles/asn1_nr_rrc.dir/NR_CA-ParametersNRDC-v1630.c.o
#9 37.08 [ 29%] Building C object examples/xApp/c/monitor/RRC_MESSAGES/CMakeFiles/asn1_nr_rrc.dir/NR_CA-ParametersNRDC-v1640.c.o
#9 37.10 [ 29%] Building C object examples/xApp/c/monitor/RRC_MESSAGES/CMakeFiles/asn1_nr_rrc.dir/NR_CA-ParametersNRDC-v1650.c.o
#9 37.12 [ 29%] Building C object examples/xApp/c/monitor/RRC_MESSAGES/CMakeFiles/asn1_nr_rrc.dir/NR_CA-ParametersNRDC-v16a0.c.o
#9 37.14 [ 29%] Building C object examples/xApp/c/monitor/RRC_MESSAGES/CMakeFiles/asn1_nr_rrc.dir/NR_CA-ParametersNRDC-v1700.c.o
#9 37.15 [ 29%] Building C object examples/xApp/c/monitor/RRC_MESSAGES/CMakeFiles/asn1_nr_rrc.dir/NR_CA-ParametersNRDC-v1720.c.o
#9 37.17 [ 29%] Building C object examples/xApp/c/monitor/RRC_MESSAGES/CMakeFiles/asn1_nr_rrc.dir/NR_CA-ParametersNRDC-v1730.c.o
#9 37.20 [ 29%] Building C object examples/xApp/c/monitor/RRC_MESSAGES/CMakeFiles/asn1_nr_rrc.dir/NR_CA-ParametersNR-v1540.c.o
#9 37.21 [ 29%] Building C object examples/xApp/c/monitor/RRC_MESSAGES/CMakeFiles/asn1_nr_rrc.dir/NR_CA-ParametersNR-v1550.c.o
#9 37.25 [ 29%] Building C object examples/xApp/c/monitor/RRC_MESSAGES/CMakeFiles/asn1_nr_rrc.dir/NR_CA-ParametersNR-v1560.c.o
#9 37.25 [ 29%] Building C object examples/xApp/c/monitor/RRC_MESSAGES/CMakeFiles/asn1_nr_rrc.dir/NR_CA-ParametersNR-v15g0.c.o
#9 37.28 [ 29%] Building C object examples/xApp/c/monitor/RRC_MESSAGES/CMakeFiles/asn1_nr_rrc.dir/NR_CA-ParametersNR-v1610.c.o
#9 37.30 [ 29%] Building C object examples/xApp/c/monitor/RRC_MESSAGES/CMakeFiles/asn1_nr_rrc.dir/NR_CA-ParametersNR-v1630.c.o
#9 37.34 [ 29%] Building C object examples/xApp/c/monitor/RRC_MESSAGES/CMakeFiles/asn1_nr_rrc.dir/NR_CA-ParametersNR-v1640.c.o
#9 37.35 [ 29%] Building C object examples/xApp/c/monitor/RRC_MESSAGES/CMakeFiles/asn1_nr_rrc.dir/NR_CA-ParametersNR-v1690.c.o
#9 37.39 [ 29%] Building C object examples/xApp/c/monitor/RRC_MESSAGES/CMakeFiles/asn1_nr_rrc.dir/NR_CA-ParametersNR-v16a0.c.o
#9 37.39 [ 29%] Building C object examples/xApp/c/monitor/RRC_MESSAGES/CMakeFiles/asn1_nr_rrc.dir/NR_CA-ParametersNR-v1700.c.o
#9 37.43 [ 29%] Building C object examples/xApp/c/monitor/RRC_MESSAGES/CMakeFiles/asn1_nr_rrc.dir/NR_CA-ParametersNR-v1720.c.o
#9 37.45 [ 29%] Building C object examples/xApp/c/monitor/RRC_MESSAGES/CMakeFiles/asn1_nr_rrc.dir/NR_CA-ParametersNR-v1730.c.o
#9 37.49 [ 29%] Building C object examples/xApp/c/monitor/RRC_MESSAGES/CMakeFiles/asn1_nr_rrc.dir/NR_CarrierAggregationVariant.c.o
#9 37.50 [ 29%] Building C object examples/xApp/c/monitor/RRC_MESSAGES/CMakeFiles/asn1_nr_rrc.dir/NR_CarrierFreqEUTRA.c.o
#9 37.53 [ 29%] Building C object examples/xApp/c/monitor/RRC_MESSAGES/CMakeFiles/asn1_nr_rrc.dir/NR_CarrierFreqEUTRA-v1610.c.o
#9 37.55 [ 29%] Building C object examples/xApp/c/monitor/RRC_MESSAGES/CMakeFiles/asn1_nr_rrc.dir/NR_CarrierFreqEUTRA-v1700.c.o
#9 37.57 [ 29%] Building C object examples/xApp/c/monitor/RRC_MESSAGES/CMakeFiles/asn1_nr_rrc.dir/NR_CarrierFreqListEUTRA.c.o
#9 37.59 [ 29%] Building C object examples/xApp/c/monitor/RRC_MESSAGES/CMakeFiles/asn1_nr_rrc.dir/NR_CarrierFreqListEUTRA-v1610.c.o
#9 37.61 [ 29%] Building C object examples/xApp/c/monitor/RRC_MESSAGES/CMakeFiles/asn1_nr_rrc.dir/NR_CarrierFreqListEUTRA-v1700.c.o
#9 37.64 [ 30%] Building C object examples/xApp/c/monitor/RRC_MESSAGES/CMakeFiles/asn1_nr_rrc.dir/NR_CarrierFreqListMBS-r17.c.o
#9 37.65 [ 30%] Building C object examples/xApp/c/monitor/RRC_MESSAGES/CMakeFiles/asn1_nr_rrc.dir/NR_CarrierInfoNR.c.o
#9 37.68 [ 30%] Building C object examples/xApp/c/monitor/RRC_MESSAGES/CMakeFiles/asn1_nr_rrc.dir/NR_CarrierState-r17.c.o
#9 37.70 [ 30%] Building C object examples/xApp/c/monitor/RRC_MESSAGES/CMakeFiles/asn1_nr_rrc.dir/NR_CarrierTypePair-r16.c.o
#9 37.72 [ 30%] Building C object examples/xApp/c/monitor/RRC_MESSAGES/CMakeFiles/asn1_nr_rrc.dir/NR_CC-Group-r17.c.o
#9 37.73 [ 30%] Building C object examples/xApp/c/monitor/RRC_MESSAGES/CMakeFiles/asn1_nr_rrc.dir/NR_CC-State-r17.c.o
#9 37.77 [ 30%] Building C object examples/xApp/c/monitor/RRC_MESSAGES/CMakeFiles/asn1_nr_rrc.dir/NR_CellAccessRelatedInfo.c.o
#9 37.77 [ 30%] Building C object examples/xApp/c/monitor/RRC_MESSAGES/CMakeFiles/asn1_nr_rrc.dir/NR_CellAccessRelatedInfo-EUTRA-5GC.c.o
#9 37.80 [ 30%] Building C object examples/xApp/c/monitor/RRC_MESSAGES/CMakeFiles/asn1_nr_rrc.dir/NR_CellAccessRelatedInfo-EUTRA-EPC.c.o
#9 37.82 [ 30%] Building C object examples/xApp/c/monitor/RRC_MESSAGES/CMakeFiles/asn1_nr_rrc.dir/NR_CellGlobalIdList-r16.c.o
#9 37.84 [ 30%] Building C object examples/xApp/c/monitor/RRC_MESSAGES/CMakeFiles/asn1_nr_rrc.dir/NR_CellGroupConfig.c.o
#9 37.86 [ 30%] Building C object examples/xApp/c/monitor/RRC_MESSAGES/CMakeFiles/asn1_nr_rrc.dir/NR_CellGroupForSwitch-r16.c.o
#9 37.90 [ 30%] Building C object examples/xApp/c/monitor/RRC_MESSAGES/CMakeFiles/asn1_nr_rrc.dir/NR_CellGroupId.c.o
#9 37.94 [ 30%] Building C object examples/xApp/c/monitor/RRC_MESSAGES/CMakeFiles/asn1_nr_rrc.dir/NR_CellGrouping-r16.c.o
#9 37.97 [ 30%] Building C object examples/xApp/c/monitor/RRC_MESSAGES/CMakeFiles/asn1_nr_rrc.dir/NR_CellIdentity.c.o
#9 38.00 [ 30%] Building C object examples/xApp/c/monitor/RRC_MESSAGES/CMakeFiles/asn1_nr_rrc.dir/NR_CellIdentity-EUTRA-5GC.c.o
#9 38.01 [ 30%] Building C object examples/xApp/c/monitor/RRC_MESSAGES/CMakeFiles/asn1_nr_rrc.dir/NR_CellListEUTRA-r16.c.o
#9 38.04 [ 30%] Building C object examples/xApp/c/monitor/RRC_MESSAGES/CMakeFiles/asn1_nr_rrc.dir/NR_CellListNR-r16.c.o
#9 38.05 [ 30%] Building C object examples/xApp/c/monitor/RRC_MESSAGES/CMakeFiles/asn1_nr_rrc.dir/NR_CellReselectionPriorities.c.o
#9 38.08 [ 30%] Building C object examples/xApp/c/monitor/RRC_MESSAGES/CMakeFiles/asn1_nr_rrc.dir/NR_CellReselectionPriority.c.o
#9 38.10 [ 30%] Building C object examples/xApp/c/monitor/RRC_MESSAGES/CMakeFiles/asn1_nr_rrc.dir/NR_CellReselectionSubPriority.c.o
#9 38.13 [ 30%] Building C object examples/xApp/c/monitor/RRC_MESSAGES/CMakeFiles/asn1_nr_rrc.dir/NR_CellsToAddMod.c.o
#9 38.13 [ 30%] Building C object examples/xApp/c/monitor/RRC_MESSAGES/CMakeFiles/asn1_nr_rrc.dir/NR_CellsToAddModExt-v1710.c.o
#9 38.17 [ 30%] Building C object examples/xApp/c/monitor/RRC_MESSAGES/CMakeFiles/asn1_nr_rrc.dir/NR_CellsToAddModList.c.o
#9 38.17 [ 30%] Building C object examples/xApp/c/monitor/RRC_MESSAGES/CMakeFiles/asn1_nr_rrc.dir/NR_CellsToAddModListExt-v1710.c.o
#9 38.21 [ 30%] Building C object examples/xApp/c/monitor/RRC_MESSAGES/CMakeFiles/asn1_nr_rrc.dir/NR_CellsToAddModListUTRA-FDD-r16.c.o
#9 38.21 [ 30%] Building C object examples/xApp/c/monitor/RRC_MESSAGES/CMakeFiles/asn1_nr_rrc.dir/NR_CellsToAddModUTRA-FDD-r16.c.o
#9 38.24 [ 30%] Building C object examples/xApp/c/monitor/RRC_MESSAGES/CMakeFiles/asn1_nr_rrc.dir/NR_CellsTriggeredList.c.o
#9 38.25 [ 30%] Building C object examples/xApp/c/monitor/RRC_MESSAGES/CMakeFiles/asn1_nr_rrc.dir/NR_CFRA.c.o
#9 38.27 [ 30%] Building C object examples/xApp/c/monitor/RRC_MESSAGES/CMakeFiles/asn1_nr_rrc.dir/NR_CFRA-CSIRS-Resource.c.o
#9 38.30 [ 30%] Building C object examples/xApp/c/monitor/RRC_MESSAGES/CMakeFiles/asn1_nr_rrc.dir/NR_CFRA-SSB-Resource.c.o
#9 38.32 [ 30%] Building C object examples/xApp/c/monitor/RRC_MESSAGES/CMakeFiles/asn1_nr_rrc.dir/NR_CFRA-TwoStep-r16.c.o
#9 38.34 [ 30%] Building C object examples/xApp/c/monitor/RRC_MESSAGES/CMakeFiles/asn1_nr_rrc.dir/NR_CFR-ConfigMCCH-MTCH-r17.c.o
#9 38.37 [ 30%] Building C object examples/xApp/c/monitor/RRC_MESSAGES/CMakeFiles/asn1_nr_rrc.dir/NR_CFR-ConfigMulticast-r17.c.o
#9 38.39 [ 30%] Building C object examples/xApp/c/monitor/RRC_MESSAGES/CMakeFiles/asn1_nr_rrc.dir/NR_CG-CandidateInfoId-r17.c.o
#9 38.43 [ 30%] Building C object examples/xApp/c/monitor/RRC_MESSAGES/CMakeFiles/asn1_nr_rrc.dir/NR_CG-CandidateInfo-r17.c.o
#9 38.48 [ 30%] Building C object examples/xApp/c/monitor/RRC_MESSAGES/CMakeFiles/asn1_nr_rrc.dir/NR_CG-CandidateList.c.o
#9 38.51 [ 30%] Building C object examples/xApp/c/monitor/RRC_MESSAGES/CMakeFiles/asn1_nr_rrc.dir/NR_CG-CandidateList-r17-IEs.c.o
#9 38.53 [ 30%] Building C object examples/xApp/c/monitor/RRC_MESSAGES/CMakeFiles/asn1_nr_rrc.dir/NR_CG-Config.c.o
#9 38.56 [ 32%] Building C object examples/xApp/c/monitor/RRC_MESSAGES/CMakeFiles/asn1_nr_rrc.dir/NR_CG-Config-IEs.c.o
#9 38.58 [ 32%] Building C object examples/xApp/c/monitor/RRC_MESSAGES/CMakeFiles/asn1_nr_rrc.dir/NR_CG-ConfigInfo.c.o
#9 38.60 [ 32%] Building C object examples/xApp/c/monitor/RRC_MESSAGES/CMakeFiles/asn1_nr_rrc.dir/NR_CG-ConfigInfo-IEs.c.o
#9 38.76 [ 32%] Building C object examples/xApp/c/monitor/RRC_MESSAGES/CMakeFiles/asn1_nr_rrc.dir/NR_CG-ConfigInfo-v1540-IEs.c.o
#9 38.81 [ 32%] Building C object examples/xApp/c/monitor/RRC_MESSAGES/CMakeFiles/asn1_nr_rrc.dir/NR_CG-ConfigInfo-v1560-IEs.c.o
#9 38.86 [ 32%] Building C object examples/xApp/c/monitor/RRC_MESSAGES/CMakeFiles/asn1_nr_rrc.dir/NR_CG-ConfigInfo-v1570-IEs.c.o
#9 38.87 [ 32%] Building C object examples/xApp/c/monitor/RRC_MESSAGES/CMakeFiles/asn1_nr_rrc.dir/NR_CG-ConfigInfo-v1590-IEs.c.o
#9 38.91 [ 32%] Building C object examples/xApp/c/monitor/RRC_MESSAGES/CMakeFiles/asn1_nr_rrc.dir/NR_CG-ConfigInfo-v1610-IEs.c.o
#9 38.91 [ 32%] Building C object examples/xApp/c/monitor/RRC_MESSAGES/CMakeFiles/asn1_nr_rrc.dir/NR_CG-ConfigInfo-v1620-IEs.c.o
#9 38.94 [ 32%] Building C object examples/xApp/c/monitor/RRC_MESSAGES/CMakeFiles/asn1_nr_rrc.dir/NR_CG-ConfigInfo-v1640-IEs.c.o
#9 38.96 [ 32%] Building C object examples/xApp/c/monitor/RRC_MESSAGES/CMakeFiles/asn1_nr_rrc.dir/NR_CG-ConfigInfo-v1700-IEs.c.o
#9 38.97 [ 32%] Building C object examples/xApp/c/monitor/RRC_MESSAGES/CMakeFiles/asn1_nr_rrc.dir/NR_CG-ConfigInfo-v1730-IEs.c.o
#9 38.99 [ 32%] Building C object examples/xApp/c/monitor/RRC_MESSAGES/CMakeFiles/asn1_nr_rrc.dir/NR_CG-Config-v1540-IEs.c.o
#9 39.01 [ 32%] Building C object examples/xApp/c/monitor/RRC_MESSAGES/CMakeFiles/asn1_nr_rrc.dir/NR_CG-Config-v1560-IEs.c.o
#9 39.04 [ 32%] Building C object examples/xApp/c/monitor/RRC_MESSAGES/CMakeFiles/asn1_nr_rrc.dir/NR_CG-Config-v1590-IEs.c.o
#9 39.06 [ 32%] Building C object examples/xApp/c/monitor/RRC_MESSAGES/CMakeFiles/asn1_nr_rrc.dir/NR_CG-Config-v1610-IEs.c.o
#9 39.09 [ 32%] Building C object examples/xApp/c/monitor/RRC_MESSAGES/CMakeFiles/asn1_nr_rrc.dir/NR_CG-Config-v1620-IEs.c.o
#9 39.09 [ 32%] Building C object examples/xApp/c/monitor/RRC_MESSAGES/CMakeFiles/asn1_nr_rrc.dir/NR_CG-Config-v1630-IEs.c.o
#9 39.12 [ 32%] Building C object examples/xApp/c/monitor/RRC_MESSAGES/CMakeFiles/asn1_nr_rrc.dir/NR_CG-Config-v1640-IEs.c.o
#9 39.14 [ 32%] Building C object examples/xApp/c/monitor/RRC_MESSAGES/CMakeFiles/asn1_nr_rrc.dir/NR_CG-Config-v1700-IEs.c.o
#9 39.16 [ 32%] Building C object examples/xApp/c/monitor/RRC_MESSAGES/CMakeFiles/asn1_nr_rrc.dir/NR_CG-Config-v1730-IEs.c.o
#9 39.19 [ 32%] Building C object examples/xApp/c/monitor/RRC_MESSAGES/CMakeFiles/asn1_nr_rrc.dir/NR_CG-COT-Sharing-r16.c.o
#9 39.20 [ 32%] Building C object examples/xApp/c/monitor/RRC_MESSAGES/CMakeFiles/asn1_nr_rrc.dir/NR_CG-COT-Sharing-r17.c.o
#9 39.23 [ 32%] Building C object examples/xApp/c/monitor/RRC_MESSAGES/CMakeFiles/asn1_nr_rrc.dir/NR_CGI-InfoEUTRA.c.o
#9 39.25 [ 32%] Building C object examples/xApp/c/monitor/RRC_MESSAGES/CMakeFiles/asn1_nr_rrc.dir/NR_CGI-InfoEUTRALogging.c.o
#9 39.27 [ 32%] Building C object examples/xApp/c/monitor/RRC_MESSAGES/CMakeFiles/asn1_nr_rrc.dir/NR_CGI-Info-Logging-r16.c.o
#9 39.29 [ 32%] Building C object examples/xApp/c/monitor/RRC_MESSAGES/CMakeFiles/asn1_nr_rrc.dir/NR_CGI-InfoNR.c.o
#9 39.31 [ 32%] Building C object examples/xApp/c/monitor/RRC_MESSAGES/CMakeFiles/asn1_nr_rrc.dir/NR_CG-SDT-ConfigLCH-Restriction-r17.c.o
#9 39.34 [ 32%] Building C object examples/xApp/c/monitor/RRC_MESSAGES/CMakeFiles/asn1_nr_rrc.dir/NR_CG-SDT-Configuration-r17.c.o
#9 39.36 [ 32%] Building C object examples/xApp/c/monitor/RRC_MESSAGES/CMakeFiles/asn1_nr_rrc.dir/NR_CG-SDT-TA-ValidationConfig-r17.c.o
#9 39.40 [ 32%] Building C object examples/xApp/c/monitor/RRC_MESSAGES/CMakeFiles/asn1_nr_rrc.dir/NR_CG-StartingOffsets-r16.c.o
#9 39.40 [ 32%] Building C object examples/xApp/c/monitor/RRC_MESSAGES/CMakeFiles/asn1_nr_rrc.dir/NR_CG-UCI-OnPUSCH.c.o
#9 39.45 [ 32%] Building C object examples/xApp/c/monitor/RRC_MESSAGES/CMakeFiles/asn1_nr_rrc.dir/NR_ChannelAccessConfig-r16.c.o
#9 39.45 [ 32%] Building C object examples/xApp/c/monitor/RRC_MESSAGES/CMakeFiles/asn1_nr_rrc.dir/NR_ChoCandidateCellList-r17.c.o
#9 39.48 [ 32%] Building C object examples/xApp/c/monitor/RRC_MESSAGES/CMakeFiles/asn1_nr_rrc.dir/NR_ChoCandidateCell-r17.c.o
#9 39.49 [ 32%] Building C object examples/xApp/c/monitor/RRC_MESSAGES/CMakeFiles/asn1_nr_rrc.dir/NR_CI-ConfigurationPerServingCell-r16.c.o
#9 39.51 [ 32%] Building C object examples/xApp/c/monitor/RRC_MESSAGES/CMakeFiles/asn1_nr_rrc.dir/NR_CipheringAlgorithm.c.o
#9 39.54 [ 32%] Building C object examples/xApp/c/monitor/RRC_MESSAGES/CMakeFiles/asn1_nr_rrc.dir/NR_CLI-EventTriggerConfig-r16.c.o
#9 39.56 [ 32%] Building C object examples/xApp/c/monitor/RRC_MESSAGES/CMakeFiles/asn1_nr_rrc.dir/NR_CLI-PeriodicalReportConfig-r16.c.o
#9 39.58 [ 33%] Building C object examples/xApp/c/monitor/RRC_MESSAGES/CMakeFiles/asn1_nr_rrc.dir/NR_CLI-ResourceConfig-r16.c.o
#9 39.60 [ 33%] Building C object examples/xApp/c/monitor/RRC_MESSAGES/CMakeFiles/asn1_nr_rrc.dir/NR_CLI-RSSI-Range-r16.c.o
#9 39.64 [ 33%] Building C object examples/xApp/c/monitor/RRC_MESSAGES/CMakeFiles/asn1_nr_rrc.dir/NR_CLI-RSSI-TriggeredList-r16.c.o
#9 39.68 [ 33%] Building C object examples/xApp/c/monitor/RRC_MESSAGES/CMakeFiles/asn1_nr_rrc.dir/NR_CLI-TriggeredList-r16.c.o
#9 39.71 [ 33%] Building C object examples/xApp/c/monitor/RRC_MESSAGES/CMakeFiles/asn1_nr_rrc.dir/NR_CMRGroupingAndPairing-r17.c.o
#9 39.72 [ 33%] Building C object examples/xApp/c/monitor/RRC_MESSAGES/CMakeFiles/asn1_nr_rrc.dir/NR_CodebookComboParameterMixedTypePerBC-r17.c.o
#9 39.75 [ 33%] Building C object examples/xApp/c/monitor/RRC_MESSAGES/CMakeFiles/asn1_nr_rrc.dir/NR_CodebookComboParameterMixedType-r17.c.o
#9 39.79 [ 33%] Building C object examples/xApp/c/monitor/RRC_MESSAGES/CMakeFiles/asn1_nr_rrc.dir/NR_CodebookComboParameterMultiTRP-PerBC-r17.c.o
#9 39.80 [ 33%] Building C object examples/xApp/c/monitor/RRC_MESSAGES/CMakeFiles/asn1_nr_rrc.dir/NR_CodebookComboParameterMultiTRP-r17.c.o
#9 39.88 [ 33%] Building C object examples/xApp/c/monitor/RRC_MESSAGES/CMakeFiles/asn1_nr_rrc.dir/NR_CodebookComboParametersAdditionPerBC-r16.c.o
#9 39.89 [ 33%] Building C object examples/xApp/c/monitor/RRC_MESSAGES/CMakeFiles/asn1_nr_rrc.dir/NR_CodebookComboParametersAddition-r16.c.o
#9 39.94 [ 33%] Building C object examples/xApp/c/monitor/RRC_MESSAGES/CMakeFiles/asn1_nr_rrc.dir/NR_CodebookConfig.c.o
#9 39.96 [ 33%] Building C object examples/xApp/c/monitor/RRC_MESSAGES/CMakeFiles/asn1_nr_rrc.dir/NR_CodebookConfig-r16.c.o
#9 40.01 [ 33%] Building C object examples/xApp/c/monitor/RRC_MESSAGES/CMakeFiles/asn1_nr_rrc.dir/NR_CodebookConfig-r17.c.o
#9 40.01 [ 33%] Building C object examples/xApp/c/monitor/RRC_MESSAGES/CMakeFiles/asn1_nr_rrc.dir/NR_CodebookConfig-v1730.c.o
#9 40.06 [ 33%] Building C object examples/xApp/c/monitor/RRC_MESSAGES/CMakeFiles/asn1_nr_rrc.dir/NR_CodebookParametersAdditionPerBC-r16.c.o
#9 40.10 [ 33%] Building C object examples/xApp/c/monitor/RRC_MESSAGES/CMakeFiles/asn1_nr_rrc.dir/NR_CodebookParametersAddition-r16.c.o
#9 40.11 [ 33%] Building C object examples/xApp/c/monitor/RRC_MESSAGES/CMakeFiles/asn1_nr_rrc.dir/NR_CodebookParameters.c.o
#9 40.16 [ 33%] Building C object examples/xApp/c/monitor/RRC_MESSAGES/CMakeFiles/asn1_nr_rrc.dir/NR_CodebookParametersfetype2PerBC-r17.c.o
#9 40.16 [ 33%] Building C object examples/xApp/c/monitor/RRC_MESSAGES/CMakeFiles/asn1_nr_rrc.dir/NR_CodebookParametersfetype2-r17.c.o
#9 40.21 [ 33%] Building C object examples/xApp/c/monitor/RRC_MESSAGES/CMakeFiles/asn1_nr_rrc.dir/NR_CodebookParameters-v1610.c.o
#9 40.21 [ 33%] Building C object examples/xApp/c/monitor/RRC_MESSAGES/CMakeFiles/asn1_nr_rrc.dir/NR_CodebookVariantsList-r16.c.o
#9 40.25 [ 33%] Building C object examples/xApp/c/monitor/RRC_MESSAGES/CMakeFiles/asn1_nr_rrc.dir/NR_CO-Duration-r16.c.o
#9 40.25 [ 33%] Building C object examples/xApp/c/monitor/RRC_MESSAGES/CMakeFiles/asn1_nr_rrc.dir/NR_CO-Duration-r17.c.o
#9 40.29 [ 33%] Building C object examples/xApp/c/monitor/RRC_MESSAGES/CMakeFiles/asn1_nr_rrc.dir/NR_CO-DurationsPerCell-r16.c.o
#9 40.29 [ 33%] Building C object examples/xApp/c/monitor/RRC_MESSAGES/CMakeFiles/asn1_nr_rrc.dir/NR_CO-DurationsPerCell-r17.c.o
#9 40.34 [ 33%] Building C object examples/xApp/c/monitor/RRC_MESSAGES/CMakeFiles/asn1_nr_rrc.dir/NR_CommonLocationInfo-r16.c.o
#9 40.34 [ 33%] Building C object examples/xApp/c/monitor/RRC_MESSAGES/CMakeFiles/asn1_nr_rrc.dir/NR_ConditionalReconfiguration-r16.c.o
#9 40.38 [ 33%] Building C object examples/xApp/c/monitor/RRC_MESSAGES/CMakeFiles/asn1_nr_rrc.dir/NR_CondReconfigExecCondSCG-r17.c.o
#9 40.38 [ 33%] Building C object examples/xApp/c/monitor/RRC_MESSAGES/CMakeFiles/asn1_nr_rrc.dir/NR_CondReconfigId-r16.c.o
#9 40.42 [ 33%] Building C object examples/xApp/c/monitor/RRC_MESSAGES/CMakeFiles/asn1_nr_rrc.dir/NR_CondReconfigToAddMod-r16.c.o
#9 40.42 [ 33%] Building C object examples/xApp/c/monitor/RRC_MESSAGES/CMakeFiles/asn1_nr_rrc.dir/NR_CondReconfigToAddModList-r16.c.o
#9 40.46 [ 33%] Building C object examples/xApp/c/monitor/RRC_MESSAGES/CMakeFiles/asn1_nr_rrc.dir/NR_CondReconfigToRemoveList-r16.c.o
#9 40.46 [ 33%] Building C object examples/xApp/c/monitor/RRC_MESSAGES/CMakeFiles/asn1_nr_rrc.dir/NR_CondTriggerConfig-r16.c.o
#9 40.49 [ 33%] Building C object examples/xApp/c/monitor/RRC_MESSAGES/CMakeFiles/asn1_nr_rrc.dir/NR_ConfigRestrictInfoDAPS-r16.c.o
#9 40.51 [ 33%] Building C object examples/xApp/c/monitor/RRC_MESSAGES/CMakeFiles/asn1_nr_rrc.dir/NR_ConfigRestrictInfoDAPS-v1640.c.o
#9 40.53 [ 33%] Building C object examples/xApp/c/monitor/RRC_MESSAGES/CMakeFiles/asn1_nr_rrc.dir/NR_ConfigRestrictInfoSCG.c.o
#9 40.55 [ 33%] Building C object examples/xApp/c/monitor/RRC_MESSAGES/CMakeFiles/asn1_nr_rrc.dir/NR_ConfigRestrictModReqSCG.c.o
#9 40.58 [ 35%] Building C object examples/xApp/c/monitor/RRC_MESSAGES/CMakeFiles/asn1_nr_rrc.dir/NR_ConfiguredGrantConfig.c.o
#9 40.60 [ 35%] Building C object examples/xApp/c/monitor/RRC_MESSAGES/CMakeFiles/asn1_nr_rrc.dir/NR_ConfiguredGrantConfigIndexMAC-r16.c.o
#9 40.64 [ 35%] Building C object examples/xApp/c/monitor/RRC_MESSAGES/CMakeFiles/asn1_nr_rrc.dir/NR_ConfiguredGrantConfigIndex-r16.c.o
#9 40.67 [ 35%] Building C object examples/xApp/c/monitor/RRC_MESSAGES/CMakeFiles/asn1_nr_rrc.dir/NR_ConfiguredGrantConfigToAddModList-r16.c.o
#9 40.74 [ 35%] Building C object examples/xApp/c/monitor/RRC_MESSAGES/CMakeFiles/asn1_nr_rrc.dir/NR_ConfiguredGrantConfigToReleaseList-r16.c.o
#9 40.78 [ 35%] Building C object examples/xApp/c/monitor/RRC_MESSAGES/CMakeFiles/asn1_nr_rrc.dir/NR_ConfiguredGrantConfigType2DeactivationStateList-r16.c.o
#9 40.79 [ 35%] Building C object examples/xApp/c/monitor/RRC_MESSAGES/CMakeFiles/asn1_nr_rrc.dir/NR_ConfiguredGrantConfigType2DeactivationState-r16.c.o
#9 40.82 [ 35%] Building C object examples/xApp/c/monitor/RRC_MESSAGES/CMakeFiles/asn1_nr_rrc.dir/NR_ConnEstFailReportList-r17.c.o
#9 40.83 [ 35%] Building C object examples/xApp/c/monitor/RRC_MESSAGES/CMakeFiles/asn1_nr_rrc.dir/NR_ConnEstFailReport-r16.c.o
#9 40.86 [ 35%] Building C object examples/xApp/c/monitor/RRC_MESSAGES/CMakeFiles/asn1_nr_rrc.dir/NR_ConnEstFailureControl.c.o
#9 40.87 [ 35%] Building C object examples/xApp/c/monitor/RRC_MESSAGES/CMakeFiles/asn1_nr_rrc.dir/NR_ControlResourceSet.c.o
#9 40.90 [ 35%] Building C object examples/xApp/c/monitor/RRC_MESSAGES/CMakeFiles/asn1_nr_rrc.dir/NR_ControlResourceSetId.c.o
#9 40.92 [ 35%] Building C object examples/xApp/c/monitor/RRC_MESSAGES/CMakeFiles/asn1_nr_rrc.dir/NR_ControlResourceSetId-r16.c.o
#9 40.94 [ 35%] Building C object examples/xApp/c/monitor/RRC_MESSAGES/CMakeFiles/asn1_nr_rrc.dir/NR_ControlResourceSetId-v1610.c.o
#9 40.96 [ 35%] Building C object examples/xApp/c/monitor/RRC_MESSAGES/CMakeFiles/asn1_nr_rrc.dir/NR_ControlResourceSetZero.c.o
#9 40.97 [ 35%] Building C object examples/xApp/c/monitor/RRC_MESSAGES/CMakeFiles/asn1_nr_rrc.dir/NR_CounterCheck.c.o
#9 41.00 [ 35%] Building C object examples/xApp/c/monitor/RRC_MESSAGES/CMakeFiles/asn1_nr_rrc.dir/NR_CounterCheck-IEs.c.o
#9 41.02 [ 35%] Building C object examples/xApp/c/monitor/RRC_MESSAGES/CMakeFiles/asn1_nr_rrc.dir/NR_CounterCheckResponse.c.o
#9 41.05 [ 35%] Building C object examples/xApp/c/monitor/RRC_MESSAGES/CMakeFiles/asn1_nr_rrc.dir/NR_CounterCheckResponse-IEs.c.o
#9 41.06 [ 35%] Building C object examples/xApp/c/monitor/RRC_MESSAGES/CMakeFiles/asn1_nr_rrc.dir/NR_CrossCarrierSchedulingConfig.c.o
#9 41.08 [ 35%] Building C object examples/xApp/c/monitor/RRC_MESSAGES/CMakeFiles/asn1_nr_rrc.dir/NR_CrossCarrierSchedulingSCell-SpCell-r17.c.o
#9 41.11 [ 35%] Building C object examples/xApp/c/monitor/RRC_MESSAGES/CMakeFiles/asn1_nr_rrc.dir/NR_CRS-InterfMitigation-r17.c.o
#9 41.12 [ 35%] Building C object examples/xApp/c/monitor/RRC_MESSAGES/CMakeFiles/asn1_nr_rrc.dir/NR_CSI-AperiodicTriggerState.c.o
#9 41.14 [ 35%] Building C object examples/xApp/c/monitor/RRC_MESSAGES/CMakeFiles/asn1_nr_rrc.dir/NR_CSI-AperiodicTriggerStateList.c.o
#9 41.16 [ 35%] Building C object examples/xApp/c/monitor/RRC_MESSAGES/CMakeFiles/asn1_nr_rrc.dir/NR_CSI-AssociatedReportConfigInfo.c.o
#9 41.18 [ 35%] Building C object examples/xApp/c/monitor/RRC_MESSAGES/CMakeFiles/asn1_nr_rrc.dir/NR_CSI-FrequencyOccupation.c.o
#9 41.21 [ 35%] Building C object examples/xApp/c/monitor/RRC_MESSAGES/CMakeFiles/asn1_nr_rrc.dir/NR_CSI-IM-Resource.c.o
#9 41.22 [ 35%] Building C object examples/xApp/c/monitor/RRC_MESSAGES/CMakeFiles/asn1_nr_rrc.dir/NR_CSI-IM-ResourceId.c.o
#9 41.26 [ 35%] Building C object examples/xApp/c/monitor/RRC_MESSAGES/CMakeFiles/asn1_nr_rrc.dir/NR_CSI-IM-ResourceSet.c.o
#9 41.26 [ 35%] Building C object examples/xApp/c/monitor/RRC_MESSAGES/CMakeFiles/asn1_nr_rrc.dir/NR_CSI-IM-ResourceSetId.c.o
#9 41.30 [ 35%] Building C object examples/xApp/c/monitor/RRC_MESSAGES/CMakeFiles/asn1_nr_rrc.dir/NR_CSI-MeasConfig.c.o
#9 41.30 [ 35%] Building C object examples/xApp/c/monitor/RRC_MESSAGES/CMakeFiles/asn1_nr_rrc.dir/NR_CSI-MultiTRP-SupportedCombinations-r17.c.o
#9 41.34 [ 35%] Building C object examples/xApp/c/monitor/RRC_MESSAGES/CMakeFiles/asn1_nr_rrc.dir/NR_CSI-ReportConfig.c.o
#9 41.44 [ 35%] Building C object examples/xApp/c/monitor/RRC_MESSAGES/CMakeFiles/asn1_nr_rrc.dir/NR_CSI-ReportConfigId.c.o
#9 41.44 [ 35%] Building C object examples/xApp/c/monitor/RRC_MESSAGES/CMakeFiles/asn1_nr_rrc.dir/NR_CSI-ReportFramework.c.o
#9 41.48 [ 35%] Building C object examples/xApp/c/monitor/RRC_MESSAGES/CMakeFiles/asn1_nr_rrc.dir/NR_CSI-ReportFrameworkExt-r16.c.o
#9 41.48 [ 35%] Building C object examples/xApp/c/monitor/RRC_MESSAGES/CMakeFiles/asn1_nr_rrc.dir/NR_CSI-ReportPeriodicityAndOffset.c.o
#9 41.52 [ 35%] Building C object examples/xApp/c/monitor/RRC_MESSAGES/CMakeFiles/asn1_nr_rrc.dir/NR_CSI-ResourceConfig.c.o
#9 41.52 [ 35%] Building C object examples/xApp/c/monitor/RRC_MESSAGES/CMakeFiles/asn1_nr_rrc.dir/NR_CSI-ResourceConfigId.c.o
#9 41.57 [ 36%] Building C object examples/xApp/c/monitor/RRC_MESSAGES/CMakeFiles/asn1_nr_rrc.dir/NR_CSI-ResourcePeriodicityAndOffset.c.o
#9 41.57 [ 36%] Building C object examples/xApp/c/monitor/RRC_MESSAGES/CMakeFiles/asn1_nr_rrc.dir/NR_CSI-RS-CellMobility.c.o
#9 41.62 [ 36%] Building C object examples/xApp/c/monitor/RRC_MESSAGES/CMakeFiles/asn1_nr_rrc.dir/NR_CSI-RS-ForTracking.c.o
#9 41.62 [ 36%] Building C object examples/xApp/c/monitor/RRC_MESSAGES/CMakeFiles/asn1_nr_rrc.dir/NR_CSI-RS-IM-ReceptionForFeedback.c.o
#9 41.66 [ 36%] Building C object examples/xApp/c/monitor/RRC_MESSAGES/CMakeFiles/asn1_nr_rrc.dir/NR_CSI-RS-Index.c.o
#9 41.66 [ 36%] Building C object examples/xApp/c/monitor/RRC_MESSAGES/CMakeFiles/asn1_nr_rrc.dir/NR_CSI-RS-ProcFrameworkForSRS.c.o
#9 41.70 [ 36%] Building C object examples/xApp/c/monitor/RRC_MESSAGES/CMakeFiles/asn1_nr_rrc.dir/NR_CSI-RS-ResourceConfigMobility.c.o
#9 41.71 [ 36%] Building C object examples/xApp/c/monitor/RRC_MESSAGES/CMakeFiles/asn1_nr_rrc.dir/NR_CSI-RS-ResourceMapping.c.o
#9 41.75 [ 36%] Building C object examples/xApp/c/monitor/RRC_MESSAGES/CMakeFiles/asn1_nr_rrc.dir/NR_CSI-RS-Resource-Mobility.c.o
#9 41.76 [ 36%] Building C object examples/xApp/c/monitor/RRC_MESSAGES/CMakeFiles/asn1_nr_rrc.dir/NR_CSI-SemiPersistentOnPUSCH-TriggerState.c.o
#9 41.80 [ 36%] Building C object examples/xApp/c/monitor/RRC_MESSAGES/CMakeFiles/asn1_nr_rrc.dir/NR_CSI-SemiPersistentOnPUSCH-TriggerStateList.c.o
#9 41.81 [ 36%] Building C object examples/xApp/c/monitor/RRC_MESSAGES/CMakeFiles/asn1_nr_rrc.dir/NR_CSI-SSB-ResourceSet.c.o
#9 41.83 [ 36%] Building C object examples/xApp/c/monitor/RRC_MESSAGES/CMakeFiles/asn1_nr_rrc.dir/NR_CSI-SSB-ResourceSetId.c.o
#9 41.86 [ 36%] Building C object examples/xApp/c/monitor/RRC_MESSAGES/CMakeFiles/asn1_nr_rrc.dir/NR_DAPS-UplinkPowerConfig-r16.c.o
#9 41.86 [ 36%] Building C object examples/xApp/c/monitor/RRC_MESSAGES/CMakeFiles/asn1_nr_rrc.dir/NR_DataInactivityTimer.c.o
#9 41.90 [ 36%] Building C object examples/xApp/c/monitor/RRC_MESSAGES/CMakeFiles/asn1_nr_rrc.dir/NR_DCP-Config-r16.c.o
#9 41.91 [ 36%] Building C object examples/xApp/c/monitor/RRC_MESSAGES/CMakeFiles/asn1_nr_rrc.dir/NR_DeactivatedSCG-Config-r17.c.o
#9 41.94 [ 36%] Building C object examples/xApp/c/monitor/RRC_MESSAGES/CMakeFiles/asn1_nr_rrc.dir/NR_DedicatedInfoF1c-r17.c.o
#9 41.95 [ 36%] Building C object examples/xApp/c/monitor/RRC_MESSAGES/CMakeFiles/asn1_nr_rrc.dir/NR_DedicatedNAS-Message.c.o
#9 41.97 [ 36%] Building C object examples/xApp/c/monitor/RRC_MESSAGES/CMakeFiles/asn1_nr_rrc.dir/NR_DedicatedSIBRequest-r16.c.o
#9 41.98 [ 36%] Building C object examples/xApp/c/monitor/RRC_MESSAGES/CMakeFiles/asn1_nr_rrc.dir/NR_DedicatedSIBRequest-r16-IEs.c.o
#9 42.02 [ 36%] Building C object examples/xApp/c/monitor/RRC_MESSAGES/CMakeFiles/asn1_nr_rrc.dir/NR_DefaultDC-Location-r17.c.o
#9 42.02 [ 36%] Building C object examples/xApp/c/monitor/RRC_MESSAGES/CMakeFiles/asn1_nr_rrc.dir/NR_DelayBudgetReport.c.o
#9 42.05 [ 36%] Building C object examples/xApp/c/monitor/RRC_MESSAGES/CMakeFiles/asn1_nr_rrc.dir/NR_DiscardTimerExt2-r17.c.o
#9 42.06 [ 36%] Building C object examples/xApp/c/monitor/RRC_MESSAGES/CMakeFiles/asn1_nr_rrc.dir/NR_DiscardTimerExt-r16.c.o
#9 42.08 [ 36%] Building C object examples/xApp/c/monitor/RRC_MESSAGES/CMakeFiles/asn1_nr_rrc.dir/NR_DL-AM-RLC.c.o
#9 42.10 [ 36%] Building C object examples/xApp/c/monitor/RRC_MESSAGES/CMakeFiles/asn1_nr_rrc.dir/NR_DL-AM-RLC-v1610.c.o
#9 42.12 [ 36%] Building C object examples/xApp/c/monitor/RRC_MESSAGES/CMakeFiles/asn1_nr_rrc.dir/NR_DL-AM-RLC-v1700.c.o
#9 42.14 [ 36%] Building C object examples/xApp/c/monitor/RRC_MESSAGES/CMakeFiles/asn1_nr_rrc.dir/NR_DL-CCCH-Message.c.o
#9 42.17 [ 36%] Building C object examples/xApp/c/monitor/RRC_MESSAGES/CMakeFiles/asn1_nr_rrc.dir/NR_DL-CCCH-MessageType.c.o
#9 42.28 [ 36%] Building C object examples/xApp/c/monitor/RRC_MESSAGES/CMakeFiles/asn1_nr_rrc.dir/NR_DL-DataToUL-ACK-DCI-1-2-r16.c.o
#9 42.32 [ 36%] Building C object examples/xApp/c/monitor/RRC_MESSAGES/CMakeFiles/asn1_nr_rrc.dir/NR_DL-DataToUL-ACK-DCI-1-2-r17.c.o
#9 42.32 [ 36%] Building C object examples/xApp/c/monitor/RRC_MESSAGES/CMakeFiles/asn1_nr_rrc.dir/NR_DL-DataToUL-ACK-MulticastDCI-Format4-1-r17.c.o
#9 42.36 [ 36%] Building C object examples/xApp/c/monitor/RRC_MESSAGES/CMakeFiles/asn1_nr_rrc.dir/NR_DL-DataToUL-ACK-r16.c.o
#9 42.36 [ 36%] Building C object examples/xApp/c/monitor/RRC_MESSAGES/CMakeFiles/asn1_nr_rrc.dir/NR_DL-DataToUL-ACK-r17.c.o
#9 42.41 [ 36%] Building C object examples/xApp/c/monitor/RRC_MESSAGES/CMakeFiles/asn1_nr_rrc.dir/NR_DL-DataToUL-ACK-v1700.c.o
#9 42.41 [ 36%] Building C object examples/xApp/c/monitor/RRC_MESSAGES/CMakeFiles/asn1_nr_rrc.dir/NR_DL-DCCH-Message.c.o
#9 42.45 [ 36%] Building C object examples/xApp/c/monitor/RRC_MESSAGES/CMakeFiles/asn1_nr_rrc.dir/NR_DL-DCCH-MessageType.c.o
#9 42.61 [ 36%] Building C object examples/xApp/c/monitor/RRC_MESSAGES/CMakeFiles/asn1_nr_rrc.dir/NR_DLDedicatedMessageSegment-r16.c.o
#9 42.65 [ 38%] Building C object examples/xApp/c/monitor/RRC_MESSAGES/CMakeFiles/asn1_nr_rrc.dir/NR_DLInformationTransfer.c.o
#9 42.65 [ 38%] Building C object examples/xApp/c/monitor/RRC_MESSAGES/CMakeFiles/asn1_nr_rrc.dir/NR_DLDedicatedMessageSegment-r16-IEs.c.o
#9 42.69 [ 38%] Building C object examples/xApp/c/monitor/RRC_MESSAGES/CMakeFiles/asn1_nr_rrc.dir/NR_DLInformationTransferMRDC-r16.c.o
#9 42.69 [ 38%] Building C object examples/xApp/c/monitor/RRC_MESSAGES/CMakeFiles/asn1_nr_rrc.dir/NR_DLInformationTransfer-IEs.c.o
#9 42.72 [ 38%] Building C object examples/xApp/c/monitor/RRC_MESSAGES/CMakeFiles/asn1_nr_rrc.dir/NR_DLInformationTransferMRDC-r16-IEs.c.o
#9 42.73 [ 38%] Building C object examples/xApp/c/monitor/RRC_MESSAGES/CMakeFiles/asn1_nr_rrc.dir/NR_DLInformationTransfer-v1610-IEs.c.o
#9 42.76 [ 38%] Building C object examples/xApp/c/monitor/RRC_MESSAGES/CMakeFiles/asn1_nr_rrc.dir/NR_DLInformationTransfer-v1700-IEs.c.o
#9 42.76 [ 38%] Building C object examples/xApp/c/monitor/RRC_MESSAGES/CMakeFiles/asn1_nr_rrc.dir/NR_DL-PPW-ID-r17.c.o
#9 42.80 [ 38%] Building C object examples/xApp/c/monitor/RRC_MESSAGES/CMakeFiles/asn1_nr_rrc.dir/NR_DL-PPW-PeriodicityAndStartSlot-r17.c.o
#9 42.80 [ 38%] Building C object examples/xApp/c/monitor/RRC_MESSAGES/CMakeFiles/asn1_nr_rrc.dir/NR_DL-PPW-PreConfig-r17.c.o
#9 42.85 [ 38%] Building C object examples/xApp/c/monitor/RRC_MESSAGES/CMakeFiles/asn1_nr_rrc.dir/NR_DL-PPW-PreConfigToAddModList-r17.c.o
#9 42.88 [ 38%] Building C object examples/xApp/c/monitor/RRC_MESSAGES/CMakeFiles/asn1_nr_rrc.dir/NR_DL-PPW-PreConfigToReleaseList-r17.c.o
#9 42.90 [ 38%] Building C object examples/xApp/c/monitor/RRC_MESSAGES/CMakeFiles/asn1_nr_rrc.dir/NR_DL-PRS-Info-r16.c.o
#9 42.92 [ 38%] Building C object examples/xApp/c/monitor/RRC_MESSAGES/CMakeFiles/asn1_nr_rrc.dir/NR_DL-PRS-QCL-Info-r17.c.o
#9 42.95 [ 38%] Building C object examples/xApp/c/monitor/RRC_MESSAGES/CMakeFiles/asn1_nr_rrc.dir/NR_DL-UM-RLC.c.o
#9 42.96 [ 38%] Building C object examples/xApp/c/monitor/RRC_MESSAGES/CMakeFiles/asn1_nr_rrc.dir/NR_DL-UM-RLC-v1700.c.o
#9 42.99 [ 38%] Building C object examples/xApp/c/monitor/RRC_MESSAGES/CMakeFiles/asn1_nr_rrc.dir/NR_DMRS-BundlingPUCCH-Config-r17.c.o
#9 43.00 [ 38%] Building C object examples/xApp/c/monitor/RRC_MESSAGES/CMakeFiles/asn1_nr_rrc.dir/NR_DMRS-BundlingPUSCH-Config-r17.c.o
#9 43.02 [ 38%] Building C object examples/xApp/c/monitor/RRC_MESSAGES/CMakeFiles/asn1_nr_rrc.dir/NR_DMRS-DownlinkConfig.c.o
#9 43.04 [ 38%] Building C object examples/xApp/c/monitor/RRC_MESSAGES/CMakeFiles/asn1_nr_rrc.dir/NR_DMRS-UplinkConfig.c.o
#9 43.16 [ 38%] Building C object examples/xApp/c/monitor/RRC_MESSAGES/CMakeFiles/asn1_nr_rrc.dir/NR_DMRS-UplinkTransformPrecoding-r16.c.o
#9 43.16 [ 38%] Building C object examples/xApp/c/monitor/RRC_MESSAGES/CMakeFiles/asn1_nr_rrc.dir/NR_DormancyGroupID-r16.c.o
#9 43.19 [ 38%] Building C object examples/xApp/c/monitor/RRC_MESSAGES/CMakeFiles/asn1_nr_rrc.dir/NR_DormantBWP-Config-r16.c.o
#9 43.20 [ 38%] Building C object examples/xApp/c/monitor/RRC_MESSAGES/CMakeFiles/asn1_nr_rrc.dir/NR_DownlinkConfigCommon.c.o
#9 43.31 [ 38%] Building C object examples/xApp/c/monitor/RRC_MESSAGES/CMakeFiles/asn1_nr_rrc.dir/NR_DownlinkConfigCommonSIB.c.o
#9 43.31 [ 38%] Building C object examples/xApp/c/monitor/RRC_MESSAGES/CMakeFiles/asn1_nr_rrc.dir/NR_DownlinkHARQ-FeedbackDisabled-r17.c.o
#9 43.34 [ 38%] Building C object examples/xApp/c/monitor/RRC_MESSAGES/CMakeFiles/asn1_nr_rrc.dir/NR_DownlinkPreemption.c.o
#9 43.38 [ 38%] Building C object examples/xApp/c/monitor/RRC_MESSAGES/CMakeFiles/asn1_nr_rrc.dir/NR_DRB-CountInfo.c.o
#9 43.43 [ 38%] Building C object examples/xApp/c/monitor/RRC_MESSAGES/CMakeFiles/asn1_nr_rrc.dir/NR_DRB-CountInfoList.c.o
#9 43.47 [ 38%] Building C object examples/xApp/c/monitor/RRC_MESSAGES/CMakeFiles/asn1_nr_rrc.dir/NR_DRB-CountMSB-Info.c.o
#9 43.50 [ 38%] Building C object examples/xApp/c/monitor/RRC_MESSAGES/CMakeFiles/asn1_nr_rrc.dir/NR_DRB-CountMSB-InfoList.c.o
#9 43.51 [ 38%] Building C object examples/xApp/c/monitor/RRC_MESSAGES/CMakeFiles/asn1_nr_rrc.dir/NR_DRB-Identity.c.o
#9 43.54 [ 38%] Building C object examples/xApp/c/monitor/RRC_MESSAGES/CMakeFiles/asn1_nr_rrc.dir/NR_DRB-ToAddMod.c.o
#9 43.55 [ 38%] Building C object examples/xApp/c/monitor/RRC_MESSAGES/CMakeFiles/asn1_nr_rrc.dir/NR_DRB-ToAddModList.c.o
#9 43.68 [ 38%] Building C object examples/xApp/c/monitor/RRC_MESSAGES/CMakeFiles/asn1_nr_rrc.dir/NR_DRB-ToReleaseList.c.o
#9 43.69 [ 38%] Building C object examples/xApp/c/monitor/RRC_MESSAGES/CMakeFiles/asn1_nr_rrc.dir/NR_DRX-Config.c.o
#9 43.72 [ 38%] Building C object examples/xApp/c/monitor/RRC_MESSAGES/CMakeFiles/asn1_nr_rrc.dir/NR_DRX-ConfigExt-v1700.c.o
#9 43.76 [ 38%] Building C object examples/xApp/c/monitor/RRC_MESSAGES/CMakeFiles/asn1_nr_rrc.dir/NR_DRX-ConfigPTM-Index-r17.c.o
#9 43.76 [ 39%] Building C object examples/xApp/c/monitor/RRC_MESSAGES/CMakeFiles/asn1_nr_rrc.dir/NR_DRX-ConfigPTM-r17.c.o
#9 43.82 [ 39%] Building C object examples/xApp/c/monitor/RRC_MESSAGES/CMakeFiles/asn1_nr_rrc.dir/NR_DRX-ConfigSecondaryGroup-r16.c.o
#9 43.85 [ 39%] Building C object examples/xApp/c/monitor/RRC_MESSAGES/CMakeFiles/asn1_nr_rrc.dir/NR_DRX-ConfigSL-r17.c.o
#9 43.86 [ 39%] Building C object examples/xApp/c/monitor/RRC_MESSAGES/CMakeFiles/asn1_nr_rrc.dir/NR_DRX-Info2.c.o
#9 43.89 [ 39%] Building C object examples/xApp/c/monitor/RRC_MESSAGES/CMakeFiles/asn1_nr_rrc.dir/NR_DRX-Info.c.o
#9 43.90 [ 39%] Building C object examples/xApp/c/monitor/RRC_MESSAGES/CMakeFiles/asn1_nr_rrc.dir/NR_DRX-PreferenceConfig-r16.c.o
#9 43.95 [ 39%] Building C object examples/xApp/c/monitor/RRC_MESSAGES/CMakeFiles/asn1_nr_rrc.dir/NR_DRX-Preference-r16.c.o
#9 43.95 [ 39%] Building C object examples/xApp/c/monitor/RRC_MESSAGES/CMakeFiles/asn1_nr_rrc.dir/NR_DummyA.c.o
#9 43.98 [ 39%] Building C object examples/xApp/c/monitor/RRC_MESSAGES/CMakeFiles/asn1_nr_rrc.dir/NR_DummyB.c.o
#9 44.00 [ 39%] Building C object examples/xApp/c/monitor/RRC_MESSAGES/CMakeFiles/asn1_nr_rrc.dir/NR_DummyC.c.o
#9 44.04 [ 39%] Building C object examples/xApp/c/monitor/RRC_MESSAGES/CMakeFiles/asn1_nr_rrc.dir/NR_DummyD.c.o
#9 44.04 [ 39%] Building C object examples/xApp/c/monitor/RRC_MESSAGES/CMakeFiles/asn1_nr_rrc.dir/NR_DummyE.c.o
#9 44.07 [ 39%] Building C object examples/xApp/c/monitor/RRC_MESSAGES/CMakeFiles/asn1_nr_rrc.dir/NR_DummyF.c.o
#9 44.08 [ 39%] Building C object examples/xApp/c/monitor/RRC_MESSAGES/CMakeFiles/asn1_nr_rrc.dir/NR_DummyG.c.o
#9 44.11 [ 39%] Building C object examples/xApp/c/monitor/RRC_MESSAGES/CMakeFiles/asn1_nr_rrc.dir/NR_DummyH.c.o
#9 44.12 [ 39%] Building C object examples/xApp/c/monitor/RRC_MESSAGES/CMakeFiles/asn1_nr_rrc.dir/NR_DummyI.c.o
#9 44.15 [ 39%] Building C object examples/xApp/c/monitor/RRC_MESSAGES/CMakeFiles/asn1_nr_rrc.dir/NR_DummyJ.c.o
#9 44.15 [ 39%] Building C object examples/xApp/c/monitor/RRC_MESSAGES/CMakeFiles/asn1_nr_rrc.dir/NR_DummyPathlossReferenceRS-v1710.c.o
#9 44.19 [ 39%] Building C object examples/xApp/c/monitor/RRC_MESSAGES/CMakeFiles/asn1_nr_rrc.dir/NR_Dummy-TDRA-List.c.o
#9 44.19 [ 39%] Building C object examples/xApp/c/monitor/RRC_MESSAGES/CMakeFiles/asn1_nr_rrc.dir/NR_EphemerisInfo-r17.c.o
#9 44.23 [ 39%] Building C object examples/xApp/c/monitor/RRC_MESSAGES/CMakeFiles/asn1_nr_rrc.dir/NR_EpochTime-r17.c.o
#9 44.23 [ 39%] Building C object examples/xApp/c/monitor/RRC_MESSAGES/CMakeFiles/asn1_nr_rrc.dir/NR_EstablishmentCause.c.o
#9 44.26 [ 39%] Building C object examples/xApp/c/monitor/RRC_MESSAGES/CMakeFiles/asn1_nr_rrc.dir/NR_EthernetHeaderCompression-r16.c.o
#9 44.27 [ 39%] Building C object examples/xApp/c/monitor/RRC_MESSAGES/CMakeFiles/asn1_nr_rrc.dir/NR_EUTRA-AllowedMeasBandwidth.c.o
#9 44.30 [ 39%] Building C object examples/xApp/c/monitor/RRC_MESSAGES/CMakeFiles/asn1_nr_rrc.dir/NR_EUTRA-Cell.c.o
#9 44.31 [ 39%] Building C object examples/xApp/c/monitor/RRC_MESSAGES/CMakeFiles/asn1_nr_rrc.dir/NR_EUTRA-CellIndex.c.o
#9 44.34 [ 39%] Building C object examples/xApp/c/monitor/RRC_MESSAGES/CMakeFiles/asn1_nr_rrc.dir/NR_EUTRA-CellIndexList.c.o
#9 44.36 [ 39%] Building C object examples/xApp/c/monitor/RRC_MESSAGES/CMakeFiles/asn1_nr_rrc.dir/NR_EUTRA-ExcludedCell.c.o
#9 44.38 [ 39%] Building C object examples/xApp/c/monitor/RRC_MESSAGES/CMakeFiles/asn1_nr_rrc.dir/NR_EUTRA-FreqExcludedCellList.c.o
#9 44.40 [ 39%] Building C object examples/xApp/c/monitor/RRC_MESSAGES/CMakeFiles/asn1_nr_rrc.dir/NR_EUTRA-FreqNeighCellInfo.c.o
#9 44.41 [ 39%] Building C object examples/xApp/c/monitor/RRC_MESSAGES/CMakeFiles/asn1_nr_rrc.dir/NR_EUTRA-FreqNeighCellList.c.o
#9 44.43 [ 39%] Building C object examples/xApp/c/monitor/RRC_MESSAGES/CMakeFiles/asn1_nr_rrc.dir/NR_EUTRA-FreqNeighHSDN-CellList-r17.c.o
#9 44.45 [ 39%] Building C object examples/xApp/c/monitor/RRC_MESSAGES/CMakeFiles/asn1_nr_rrc.dir/NR_EUTRA-MBSFN-SubframeConfig.c.o
#9 44.47 [ 39%] Building C object examples/xApp/c/monitor/RRC_MESSAGES/CMakeFiles/asn1_nr_rrc.dir/NR_EUTRA-MBSFN-SubframeConfigList.c.o
#9 44.50 [ 39%] Building C object examples/xApp/c/monitor/RRC_MESSAGES/CMakeFiles/asn1_nr_rrc.dir/NR_EUTRA-MultiBandInfo.c.o
#9 44.51 [ 39%] Building C object examples/xApp/c/monitor/RRC_MESSAGES/CMakeFiles/asn1_nr_rrc.dir/NR_EUTRA-MultiBandInfoList.c.o
#9 44.53 [ 39%] Building C object examples/xApp/c/monitor/RRC_MESSAGES/CMakeFiles/asn1_nr_rrc.dir/NR_EUTRA-NS-PmaxList.c.o
#9 44.55 [ 39%] Building C object examples/xApp/c/monitor/RRC_MESSAGES/CMakeFiles/asn1_nr_rrc.dir/NR_EUTRA-NS-PmaxValue.c.o
#9 44.57 [ 39%] Building C object examples/xApp/c/monitor/RRC_MESSAGES/CMakeFiles/asn1_nr_rrc.dir/NR_EUTRA-Parameters.c.o
#9 44.59 [ 40%] Building C object examples/xApp/c/monitor/RRC_MESSAGES/CMakeFiles/asn1_nr_rrc.dir/NR_EUTRA-ParametersCommon.c.o
#9 44.62 [ 40%] Building C object examples/xApp/c/monitor/RRC_MESSAGES/CMakeFiles/asn1_nr_rrc.dir/NR_EUTRA-ParametersXDD-Diff.c.o
#9 44.64 [ 40%] Building C object examples/xApp/c/monitor/RRC_MESSAGES/CMakeFiles/asn1_nr_rrc.dir/NR_EUTRA-PhysCellId.c.o
#9 44.66 [ 40%] Building C object examples/xApp/c/monitor/RRC_MESSAGES/CMakeFiles/asn1_nr_rrc.dir/NR_EUTRA-PhysCellIdRange.c.o
#9 44.68 [ 40%] Building C object examples/xApp/c/monitor/RRC_MESSAGES/CMakeFiles/asn1_nr_rrc.dir/NR_EUTRA-PresenceAntennaPort1.c.o
#9 44.71 [ 40%] Building C object examples/xApp/c/monitor/RRC_MESSAGES/CMakeFiles/asn1_nr_rrc.dir/NR_EUTRA-Q-OffsetRange.c.o
#9 44.71 [ 40%] Building C object examples/xApp/c/monitor/RRC_MESSAGES/CMakeFiles/asn1_nr_rrc.dir/NR_EUTRA-RSTD-Info.c.o
#9 44.74 [ 40%] Building C object examples/xApp/c/monitor/RRC_MESSAGES/CMakeFiles/asn1_nr_rrc.dir/NR_EUTRA-RSTD-InfoList.c.o
#9 44.75 [ 40%] Building C object examples/xApp/c/monitor/RRC_MESSAGES/CMakeFiles/asn1_nr_rrc.dir/NR_EventTriggerConfig.c.o
#9 44.78 [ 40%] Building C object examples/xApp/c/monitor/RRC_MESSAGES/CMakeFiles/asn1_nr_rrc.dir/NR_EventTriggerConfigInterRAT.c.o
#9 44.87 [ 40%] Building C object examples/xApp/c/monitor/RRC_MESSAGES/CMakeFiles/asn1_nr_rrc.dir/NR_EventTriggerConfigNR-SL-r16.c.o
#9 44.90 [ 40%] Building C object examples/xApp/c/monitor/RRC_MESSAGES/CMakeFiles/asn1_nr_rrc.dir/NR_EventType-r16.c.o
#9 44.92 [ 40%] Building C object examples/xApp/c/monitor/RRC_MESSAGES/CMakeFiles/asn1_nr_rrc.dir/NR_ExcessDelay-DRB-IdentityInfo-r17.c.o
#9 44.94 [ 40%] Building C object examples/xApp/c/monitor/RRC_MESSAGES/CMakeFiles/asn1_nr_rrc.dir/NR_ExtendedPagingCycle-r17.c.o
#9 44.96 [ 40%] Building C object examples/xApp/c/monitor/RRC_MESSAGES/CMakeFiles/asn1_nr_rrc.dir/NR_EXTERNAL.c.o
#9 44.99 [ 40%] Building C object examples/xApp/c/monitor/RRC_MESSAGES/CMakeFiles/asn1_nr_rrc.dir/NR_FailureInfoDAPS-r16.c.o
#9 45.00 [ 40%] Building C object examples/xApp/c/monitor/RRC_MESSAGES/CMakeFiles/asn1_nr_rrc.dir/NR_FailureInfoRLC-Bearer.c.o
#9 45.03 [ 40%] Building C object examples/xApp/c/monitor/RRC_MESSAGES/CMakeFiles/asn1_nr_rrc.dir/NR_FailureInformation.c.o
#9 45.03 [ 40%] Building C object examples/xApp/c/monitor/RRC_MESSAGES/CMakeFiles/asn1_nr_rrc.dir/NR_FailureInformation-IEs.c.o
#9 45.07 [ 40%] Building C object examples/xApp/c/monitor/RRC_MESSAGES/CMakeFiles/asn1_nr_rrc.dir/NR_FailureInformation-v1610-IEs.c.o
#9 45.07 [ 40%] Building C object examples/xApp/c/monitor/RRC_MESSAGES/CMakeFiles/asn1_nr_rrc.dir/NR_FailureReportMCG-r16.c.o
#9 45.10 [ 40%] Building C object examples/xApp/c/monitor/RRC_MESSAGES/CMakeFiles/asn1_nr_rrc.dir/NR_FailureReportSCG.c.o
#9 45.10 [ 40%] Building C object examples/xApp/c/monitor/RRC_MESSAGES/CMakeFiles/asn1_nr_rrc.dir/NR_FailureReportSCG-EUTRA.c.o
#9 45.15 [ 40%] Building C object examples/xApp/c/monitor/RRC_MESSAGES/CMakeFiles/asn1_nr_rrc.dir/NR_FDM-TDM-r16.c.o
#9 45.15 [ 40%] Building C object examples/xApp/c/monitor/RRC_MESSAGES/CMakeFiles/asn1_nr_rrc.dir/NR_FeatureCombinationPreambles-r17.c.o
#9 45.18 [ 40%] Building C object examples/xApp/c/monitor/RRC_MESSAGES/CMakeFiles/asn1_nr_rrc.dir/NR_FeatureCombination-r17.c.o
#9 45.21 [ 40%] Building C object examples/xApp/c/monitor/RRC_MESSAGES/CMakeFiles/asn1_nr_rrc.dir/NR_FeaturePriority-r17.c.o
#9 45.23 [ 40%] Building C object examples/xApp/c/monitor/RRC_MESSAGES/CMakeFiles/asn1_nr_rrc.dir/NR_FeatureSet.c.o
#9 45.25 [ 40%] Building C object examples/xApp/c/monitor/RRC_MESSAGES/CMakeFiles/asn1_nr_rrc.dir/NR_FeatureSetCombination.c.o
#9 45.26 [ 40%] Building C object examples/xApp/c/monitor/RRC_MESSAGES/CMakeFiles/asn1_nr_rrc.dir/NR_FeatureSetCombinationId.c.o
#9 45.29 [ 40%] Building C object examples/xApp/c/monitor/RRC_MESSAGES/CMakeFiles/asn1_nr_rrc.dir/NR_FeatureSetDownlink.c.o
#9 45.31 [ 40%] Building C object examples/xApp/c/monitor/RRC_MESSAGES/CMakeFiles/asn1_nr_rrc.dir/NR_FeatureSetDownlinkId.c.o
#9 45.34 [ 40%] Building C object examples/xApp/c/monitor/RRC_MESSAGES/CMakeFiles/asn1_nr_rrc.dir/NR_FeatureSetDownlinkPerCC.c.o
#9 45.35 [ 40%] Building C object examples/xApp/c/monitor/RRC_MESSAGES/CMakeFiles/asn1_nr_rrc.dir/NR_FeatureSetDownlinkPerCC-Id.c.o
#9 45.38 [ 40%] Building C object examples/xApp/c/monitor/RRC_MESSAGES/CMakeFiles/asn1_nr_rrc.dir/NR_FeatureSetDownlinkPerCC-v1620.c.o
#9 45.39 [ 40%] Building C object examples/xApp/c/monitor/RRC_MESSAGES/CMakeFiles/asn1_nr_rrc.dir/NR_FeatureSetDownlinkPerCC-v1700.c.o
#9 45.42 [ 40%] Building C object examples/xApp/c/monitor/RRC_MESSAGES/CMakeFiles/asn1_nr_rrc.dir/NR_FeatureSetDownlinkPerCC-v1720.c.o
#9 45.43 [ 40%] Building C object examples/xApp/c/monitor/RRC_MESSAGES/CMakeFiles/asn1_nr_rrc.dir/NR_FeatureSetDownlinkPerCC-v1730.c.o
#9 45.46 [ 40%] Building C object examples/xApp/c/monitor/RRC_MESSAGES/CMakeFiles/asn1_nr_rrc.dir/NR_FeatureSetDownlink-v1540.c.o
#9 45.47 [ 42%] Building C object examples/xApp/c/monitor/RRC_MESSAGES/CMakeFiles/asn1_nr_rrc.dir/NR_FeatureSetDownlink-v15a0.c.o
#9 45.49 [ 42%] Building C object examples/xApp/c/monitor/RRC_MESSAGES/CMakeFiles/asn1_nr_rrc.dir/NR_FeatureSetDownlink-v1610.c.o
#9 45.52 [ 42%] Building C object examples/xApp/c/monitor/RRC_MESSAGES/CMakeFiles/asn1_nr_rrc.dir/NR_FeatureSetDownlink-v1700.c.o
#9 45.54 [ 42%] Building C object examples/xApp/c/monitor/RRC_MESSAGES/CMakeFiles/asn1_nr_rrc.dir/NR_FeatureSetDownlink-v1720.c.o
#9 45.56 [ 42%] Building C object examples/xApp/c/monitor/RRC_MESSAGES/CMakeFiles/asn1_nr_rrc.dir/NR_FeatureSetDownlink-v1730.c.o
#9 45.59 [ 42%] Building C object examples/xApp/c/monitor/RRC_MESSAGES/CMakeFiles/asn1_nr_rrc.dir/NR_FeatureSetEntryIndex.c.o
#9 45.61 [ 42%] Building C object examples/xApp/c/monitor/RRC_MESSAGES/CMakeFiles/asn1_nr_rrc.dir/NR_FeatureSetEUTRA-DownlinkId.c.o
#9 45.63 [ 42%] Building C object examples/xApp/c/monitor/RRC_MESSAGES/CMakeFiles/asn1_nr_rrc.dir/NR_FeatureSetEUTRA-UplinkId.c.o
#9 45.65 [ 42%] Building C object examples/xApp/c/monitor/RRC_MESSAGES/CMakeFiles/asn1_nr_rrc.dir/NR_FeatureSets.c.o
#9 45.68 [ 42%] Building C object examples/xApp/c/monitor/RRC_MESSAGES/CMakeFiles/asn1_nr_rrc.dir/NR_FeatureSetsPerBand.c.o
#9 45.71 [ 42%] Building C object examples/xApp/c/monitor/RRC_MESSAGES/CMakeFiles/asn1_nr_rrc.dir/NR_FeatureSetUplink.c.o
#9 45.72 [ 42%] Building C object examples/xApp/c/monitor/RRC_MESSAGES/CMakeFiles/asn1_nr_rrc.dir/NR_FeatureSetUplinkId.c.o
#9 45.76 [ 42%] Building C object examples/xApp/c/monitor/RRC_MESSAGES/CMakeFiles/asn1_nr_rrc.dir/NR_FeatureSetUplinkPerCC.c.o
#9 45.76 [ 42%] Building C object examples/xApp/c/monitor/RRC_MESSAGES/CMakeFiles/asn1_nr_rrc.dir/NR_FeatureSetUplinkPerCC-Id.c.o
#9 45.81 [ 42%] Building C object examples/xApp/c/monitor/RRC_MESSAGES/CMakeFiles/asn1_nr_rrc.dir/NR_FeatureSetUplinkPerCC-v1700.c.o
#9 45.81 [ 42%] Building C object examples/xApp/c/monitor/RRC_MESSAGES/CMakeFiles/asn1_nr_rrc.dir/NR_FeatureSetUplinkPerCC-v1540.c.o
#9 45.84 [ 42%] Building C object examples/xApp/c/monitor/RRC_MESSAGES/CMakeFiles/asn1_nr_rrc.dir/NR_FeatureSetUplink-v1540.c.o
#9 45.85 [ 42%] Building C object examples/xApp/c/monitor/RRC_MESSAGES/CMakeFiles/asn1_nr_rrc.dir/NR_FeatureSetUplink-v1610.c.o
#9 45.89 [ 42%] Building C object examples/xApp/c/monitor/RRC_MESSAGES/CMakeFiles/asn1_nr_rrc.dir/NR_FeatureSetUplink-v1630.c.o
#9 45.90 [ 42%] Building C object examples/xApp/c/monitor/RRC_MESSAGES/CMakeFiles/asn1_nr_rrc.dir/NR_FeatureSetUplink-v1640.c.o
#9 45.93 [ 42%] Building C object examples/xApp/c/monitor/RRC_MESSAGES/CMakeFiles/asn1_nr_rrc.dir/NR_FeatureSetUplink-v1710.c.o
#9 45.95 [ 42%] Building C object examples/xApp/c/monitor/RRC_MESSAGES/CMakeFiles/asn1_nr_rrc.dir/NR_FeatureSetUplink-v1720.c.o
#9 45.99 [ 42%] Building C object examples/xApp/c/monitor/RRC_MESSAGES/CMakeFiles/asn1_nr_rrc.dir/NR_FilterCoefficient.c.o
#9 46.00 [ 42%] Building C object examples/xApp/c/monitor/RRC_MESSAGES/CMakeFiles/asn1_nr_rrc.dir/NR_FilterConfig.c.o
#9 46.03 [ 42%] Building C object examples/xApp/c/monitor/RRC_MESSAGES/CMakeFiles/asn1_nr_rrc.dir/NR_FilterConfigCLI-r16.c.o
#9 46.05 [ 42%] Building C object examples/xApp/c/monitor/RRC_MESSAGES/CMakeFiles/asn1_nr_rrc.dir/NR_FR2-2-AccessParamsPerBand-r17.c.o
#9 46.08 [ 42%] Building C object examples/xApp/c/monitor/RRC_MESSAGES/CMakeFiles/asn1_nr_rrc.dir/NR_FreqBandIndicatorEUTRA.c.o
#9 46.10 [ 42%] Building C object examples/xApp/c/monitor/RRC_MESSAGES/CMakeFiles/asn1_nr_rrc.dir/NR_FreqBandIndicatorNR.c.o
#9 46.12 [ 42%] Building C object examples/xApp/c/monitor/RRC_MESSAGES/CMakeFiles/asn1_nr_rrc.dir/NR_FreqBandInformation.c.o
#9 46.14 [ 42%] Building C object examples/xApp/c/monitor/RRC_MESSAGES/CMakeFiles/asn1_nr_rrc.dir/NR_FreqBandInformationEUTRA.c.o
#9 46.16 [ 42%] Building C object examples/xApp/c/monitor/RRC_MESSAGES/CMakeFiles/asn1_nr_rrc.dir/NR_FreqBandInformationNR.c.o
#9 46.18 [ 42%] Building C object examples/xApp/c/monitor/RRC_MESSAGES/CMakeFiles/asn1_nr_rrc.dir/NR_FreqBandList.c.o
#9 46.21 [ 42%] Building C object examples/xApp/c/monitor/RRC_MESSAGES/CMakeFiles/asn1_nr_rrc.dir/NR_FreqPriorityDedicatedSlicing-r17.c.o
#9 46.22 [ 42%] Building C object examples/xApp/c/monitor/RRC_MESSAGES/CMakeFiles/asn1_nr_rrc.dir/NR_FreqPriorityEUTRA.c.o
#9 46.24 [ 42%] Building C object examples/xApp/c/monitor/RRC_MESSAGES/CMakeFiles/asn1_nr_rrc.dir/NR_FreqPriorityListDedicatedSlicing-r17.c.o
#9 46.26 [ 42%] Building C object examples/xApp/c/monitor/RRC_MESSAGES/CMakeFiles/asn1_nr_rrc.dir/NR_FreqPriorityListEUTRA.c.o
#9 46.28 [ 42%] Building C object examples/xApp/c/monitor/RRC_MESSAGES/CMakeFiles/asn1_nr_rrc.dir/NR_FreqPriorityListNR.c.o
#9 46.30 [ 42%] Building C object examples/xApp/c/monitor/RRC_MESSAGES/CMakeFiles/asn1_nr_rrc.dir/NR_FreqPriorityListSlicing-r17.c.o
#9 46.32 [ 43%] Building C object examples/xApp/c/monitor/RRC_MESSAGES/CMakeFiles/asn1_nr_rrc.dir/NR_FreqPriorityNR.c.o
#9 46.34 [ 43%] Building C object examples/xApp/c/monitor/RRC_MESSAGES/CMakeFiles/asn1_nr_rrc.dir/NR_FreqPrioritySlicing-r17.c.o
#9 46.36 [ 43%] Building C object examples/xApp/c/monitor/RRC_MESSAGES/CMakeFiles/asn1_nr_rrc.dir/NR_FreqSeparationClass.c.o
#9 46.38 [ 43%] Building C object examples/xApp/c/monitor/RRC_MESSAGES/CMakeFiles/asn1_nr_rrc.dir/NR_FreqSeparationClassDL-Only-r16.c.o
#9 46.39 [ 43%] Building C object examples/xApp/c/monitor/RRC_MESSAGES/CMakeFiles/asn1_nr_rrc.dir/NR_FreqSeparationClassDL-v1620.c.o
#9 46.41 [ 43%] Building C object examples/xApp/c/monitor/RRC_MESSAGES/CMakeFiles/asn1_nr_rrc.dir/NR_FreqSeparationClassUL-v1620.c.o
#9 46.43 [ 43%] Building C object examples/xApp/c/monitor/RRC_MESSAGES/CMakeFiles/asn1_nr_rrc.dir/NR_FrequencyComponent-r17.c.o
#9 46.44 [ 43%] Building C object examples/xApp/c/monitor/RRC_MESSAGES/CMakeFiles/asn1_nr_rrc.dir/NR_FrequencyConfig-NR-r16.c.o
#9 46.47 [ 43%] Building C object examples/xApp/c/monitor/RRC_MESSAGES/CMakeFiles/asn1_nr_rrc.dir/NR_FrequencyHoppingOffsetListsDCI-0-2-r16.c.o
#9 46.49 [ 43%] Building C object examples/xApp/c/monitor/RRC_MESSAGES/CMakeFiles/asn1_nr_rrc.dir/NR_FrequencyInfoDL.c.o
#9 46.52 [ 43%] Building C object examples/xApp/c/monitor/RRC_MESSAGES/CMakeFiles/asn1_nr_rrc.dir/NR_FrequencyInfoDL-SIB.c.o
#9 46.52 [ 43%] Building C object examples/xApp/c/monitor/RRC_MESSAGES/CMakeFiles/asn1_nr_rrc.dir/NR_FrequencyInfoUL.c.o
#9 46.56 [ 43%] Building C object examples/xApp/c/monitor/RRC_MESSAGES/CMakeFiles/asn1_nr_rrc.dir/NR_FrequencyInfoUL-SIB.c.o
#9 46.57 [ 43%] Building C object examples/xApp/c/monitor/RRC_MESSAGES/CMakeFiles/asn1_nr_rrc.dir/NR_FR-Info.c.o
#9 46.61 [ 43%] Building C object examples/xApp/c/monitor/RRC_MESSAGES/CMakeFiles/asn1_nr_rrc.dir/NR_GapConfig.c.o
#9 46.61 [ 43%] Building C object examples/xApp/c/monitor/RRC_MESSAGES/CMakeFiles/asn1_nr_rrc.dir/NR_FR-InfoList.c.o
#9 46.65 [ 43%] Building C object examples/xApp/c/monitor/RRC_MESSAGES/CMakeFiles/asn1_nr_rrc.dir/NR_GapConfig-r17.c.o
#9 46.66 [ 43%] Building C object examples/xApp/c/monitor/RRC_MESSAGES/CMakeFiles/asn1_nr_rrc.dir/NR_GapPriority-r17.c.o
#9 46.68 [ 43%] Building C object examples/xApp/c/monitor/RRC_MESSAGES/CMakeFiles/asn1_nr_rrc.dir/NR_GeneralParametersMRDC-v1610.c.o
#9 46.70 [ 43%] Building C object examples/xApp/c/monitor/RRC_MESSAGES/CMakeFiles/asn1_nr_rrc.dir/NR_GeneralParametersMRDC-XDD-Diff.c.o
#9 46.72 [ 43%] Building C object examples/xApp/c/monitor/RRC_MESSAGES/CMakeFiles/asn1_nr_rrc.dir/NR_GIN-Element-r17.c.o
#9 46.74 [ 43%] Building C object examples/xApp/c/monitor/RRC_MESSAGES/CMakeFiles/asn1_nr_rrc.dir/NR_GINs-PerSNPN-r17.c.o
#9 46.75 [ 43%] Building C object examples/xApp/c/monitor/RRC_MESSAGES/CMakeFiles/asn1_nr_rrc.dir/NR_GNSS-ID-r16.c.o
#9 46.77 [ 43%] Building C object examples/xApp/c/monitor/RRC_MESSAGES/CMakeFiles/asn1_nr_rrc.dir/NR_GoodServingCellEvaluation-r17.c.o
#9 46.79 [ 43%] Building C object examples/xApp/c/monitor/RRC_MESSAGES/CMakeFiles/asn1_nr_rrc.dir/NR_GroupB-ConfiguredTwoStepRA-r16.c.o
#9 46.80 [ 43%] Building C object examples/xApp/c/monitor/RRC_MESSAGES/CMakeFiles/asn1_nr_rrc.dir/NR_GuardBand-r16.c.o
#9 46.84 [ 43%] Building C object examples/xApp/c/monitor/RRC_MESSAGES/CMakeFiles/asn1_nr_rrc.dir/NR_HandoverCommand.c.o
#9 46.85 [ 43%] Building C object examples/xApp/c/monitor/RRC_MESSAGES/CMakeFiles/asn1_nr_rrc.dir/NR_HandoverCommand-IEs.c.o
#9 46.87 [ 43%] Building C object examples/xApp/c/monitor/RRC_MESSAGES/CMakeFiles/asn1_nr_rrc.dir/NR_HandoverPreparationInformation.c.o
#9 46.89 [ 43%] Building C object examples/xApp/c/monitor/RRC_MESSAGES/CMakeFiles/asn1_nr_rrc.dir/NR_HandoverPreparationInformation-IEs.c.o
#9 47.01 [ 43%] Building C object examples/xApp/c/monitor/RRC_MESSAGES/CMakeFiles/asn1_nr_rrc.dir/NR_HighSpeedConfigFR2-r17.c.o
#9 47.04 [ 43%] Building C object examples/xApp/c/monitor/RRC_MESSAGES/CMakeFiles/asn1_nr_rrc.dir/NR_HighSpeedConfig-r16.c.o
#9 47.07 [ 43%] Building C object examples/xApp/c/monitor/RRC_MESSAGES/CMakeFiles/asn1_nr_rrc.dir/NR_HighSpeedConfig-v1700.c.o
#9 47.11 [ 43%] Building C object examples/xApp/c/monitor/RRC_MESSAGES/CMakeFiles/asn1_nr_rrc.dir/NR_HighSpeedParameters-r16.c.o
#9 47.11 [ 43%] Building C object examples/xApp/c/monitor/RRC_MESSAGES/CMakeFiles/asn1_nr_rrc.dir/NR_HighSpeedParameters-v1650.c.o
#9 47.14 [ 43%] Building C object examples/xApp/c/monitor/RRC_MESSAGES/CMakeFiles/asn1_nr_rrc.dir/NR_HighSpeedParameters-v1700.c.o
#9 47.16 [ 43%] Building C object examples/xApp/c/monitor/RRC_MESSAGES/CMakeFiles/asn1_nr_rrc.dir/NR_HRNN-List-r16.c.o
#9 47.16 [ 43%] Building C object examples/xApp/c/monitor/RRC_MESSAGES/CMakeFiles/asn1_nr_rrc.dir/NR_HRNN-r16.c.o
#9 47.19 [ 43%] Building C object examples/xApp/c/monitor/RRC_MESSAGES/CMakeFiles/asn1_nr_rrc.dir/NR_Hysteresis.c.o
#9 47.20 [ 45%] Building C object examples/xApp/c/monitor/RRC_MESSAGES/CMakeFiles/asn1_nr_rrc.dir/NR_HysteresisLocation-r17.c.o
#9 47.23 [ 45%] Building C object examples/xApp/c/monitor/RRC_MESSAGES/CMakeFiles/asn1_nr_rrc.dir/NR_IAB-IP-AddressAndTraffic-r16.c.o
#9 47.25 [ 45%] Building C object examples/xApp/c/monitor/RRC_MESSAGES/CMakeFiles/asn1_nr_rrc.dir/NR_IAB-IP-AddressConfigurationList-r16.c.o
#9 47.28 [ 45%] Building C object examples/xApp/c/monitor/RRC_MESSAGES/CMakeFiles/asn1_nr_rrc.dir/NR_IAB-IP-AddressConfiguration-r16.c.o
#9 47.29 [ 45%] Building C object examples/xApp/c/monitor/RRC_MESSAGES/CMakeFiles/asn1_nr_rrc.dir/NR_IAB-IP-AddressIndex-r16.c.o
#9 47.33 [ 45%] Building C object examples/xApp/c/monitor/RRC_MESSAGES/CMakeFiles/asn1_nr_rrc.dir/NR_IAB-IP-AddressNumReq-r16.c.o
#9 47.34 [ 45%] Building C object examples/xApp/c/monitor/RRC_MESSAGES/CMakeFiles/asn1_nr_rrc.dir/NR_IAB-IP-AddressPrefixReq-r16.c.o
#9 47.37 [ 45%] Building C object examples/xApp/c/monitor/RRC_MESSAGES/CMakeFiles/asn1_nr_rrc.dir/NR_IAB-IP-Address-r16.c.o
#9 47.38 [ 45%] Building C object examples/xApp/c/monitor/RRC_MESSAGES/CMakeFiles/asn1_nr_rrc.dir/NR_IAB-IP-PrefixAndTraffic-r16.c.o
#9 47.41 [ 45%] Building C object examples/xApp/c/monitor/RRC_MESSAGES/CMakeFiles/asn1_nr_rrc.dir/NR_IAB-IP-Usage-r16.c.o
#9 47.42 [ 45%] Building C object examples/xApp/c/monitor/RRC_MESSAGES/CMakeFiles/asn1_nr_rrc.dir/NR_IABOtherInformation-r16.c.o
#9 47.46 [ 45%] Building C object examples/xApp/c/monitor/RRC_MESSAGES/CMakeFiles/asn1_nr_rrc.dir/NR_IABOtherInformation-r16-IEs.c.o
#9 47.46 [ 45%] Building C object examples/xApp/c/monitor/RRC_MESSAGES/CMakeFiles/asn1_nr_rrc.dir/NR_IAB-ResourceConfigID-r17.c.o
#9 47.50 [ 45%] Building C object examples/xApp/c/monitor/RRC_MESSAGES/CMakeFiles/asn1_nr_rrc.dir/NR_IAB-ResourceConfig-r17.c.o
#9 47.50 [ 45%] Building C object examples/xApp/c/monitor/RRC_MESSAGES/CMakeFiles/asn1_nr_rrc.dir/NR_IDC-AssistanceConfig-r16.c.o
#9 47.54 [ 45%] Building C object examples/xApp/c/monitor/RRC_MESSAGES/CMakeFiles/asn1_nr_rrc.dir/NR_IDC-Assistance-r16.c.o
#9 47.55 [ 45%] Building C object examples/xApp/c/monitor/RRC_MESSAGES/CMakeFiles/asn1_nr_rrc.dir/NR_IMS-Parameters.c.o
#9 47.59 [ 45%] Building C object examples/xApp/c/monitor/RRC_MESSAGES/CMakeFiles/asn1_nr_rrc.dir/NR_IMS-ParametersCommon.c.o
#9 47.59 [ 45%] Building C object examples/xApp/c/monitor/RRC_MESSAGES/CMakeFiles/asn1_nr_rrc.dir/NR_IMS-ParametersFR2-2-r17.c.o
#9 47.62 [ 45%] Building C object examples/xApp/c/monitor/RRC_MESSAGES/CMakeFiles/asn1_nr_rrc.dir/NR_IMS-ParametersFRX-Diff.c.o
#9 47.62 [ 45%] Building C object examples/xApp/c/monitor/RRC_MESSAGES/CMakeFiles/asn1_nr_rrc.dir/NR_IMS-Parameters-v1700.c.o
#9 47.66 [ 45%] Building C object examples/xApp/c/monitor/RRC_MESSAGES/CMakeFiles/asn1_nr_rrc.dir/NR_InitialUE-Identity.c.o
#9 47.66 [ 45%] Building C object examples/xApp/c/monitor/RRC_MESSAGES/CMakeFiles/asn1_nr_rrc.dir/NR_INT-ConfigurationPerServingCell.c.o
#9 47.69 [ 45%] Building C object examples/xApp/c/monitor/RRC_MESSAGES/CMakeFiles/asn1_nr_rrc.dir/NR_IntegrityProtAlgorithm.c.o
#9 47.70 [ 45%] Building C object examples/xApp/c/monitor/RRC_MESSAGES/CMakeFiles/asn1_nr_rrc.dir/NR_InterFreqAllowedCellList-r16.c.o
#9 47.73 [ 45%] Building C object examples/xApp/c/monitor/RRC_MESSAGES/CMakeFiles/asn1_nr_rrc.dir/NR_InterFreqCAG-CellListPerPLMN-r16.c.o
#9 47.74 [ 45%] Building C object examples/xApp/c/monitor/RRC_MESSAGES/CMakeFiles/asn1_nr_rrc.dir/NR_InterFreqCarrierFreqInfo.c.o
#9 47.77 [ 45%] Building C object examples/xApp/c/monitor/RRC_MESSAGES/CMakeFiles/asn1_nr_rrc.dir/NR_InterFreqCarrierFreqInfo-v1610.c.o
#9 47.78 [ 45%] Building C object examples/xApp/c/monitor/RRC_MESSAGES/CMakeFiles/asn1_nr_rrc.dir/NR_InterFreqCarrierFreqInfo-v1700.c.o
#9 47.81 [ 45%] Building C object examples/xApp/c/monitor/RRC_MESSAGES/CMakeFiles/asn1_nr_rrc.dir/NR_InterFreqCarrierFreqInfo-v1720.c.o
#9 47.81 [ 45%] Building C object examples/xApp/c/monitor/RRC_MESSAGES/CMakeFiles/asn1_nr_rrc.dir/NR_InterFreqCarrierFreqInfo-v1730.c.o
#9 47.84 [ 45%] Building C object examples/xApp/c/monitor/RRC_MESSAGES/CMakeFiles/asn1_nr_rrc.dir/NR_InterFreqCarrierFreqList.c.o
#9 47.86 [ 45%] Building C object examples/xApp/c/monitor/RRC_MESSAGES/CMakeFiles/asn1_nr_rrc.dir/NR_InterFreqCarrierFreqList-v1610.c.o
#9 47.89 [ 45%] Building C object examples/xApp/c/monitor/RRC_MESSAGES/CMakeFiles/asn1_nr_rrc.dir/NR_InterFreqCarrierFreqList-v1700.c.o
#9 47.89 [ 45%] Building C object examples/xApp/c/monitor/RRC_MESSAGES/CMakeFiles/asn1_nr_rrc.dir/NR_InterFreqCarrierFreqList-v1720.c.o
#9 47.92 [ 45%] Building C object examples/xApp/c/monitor/RRC_MESSAGES/CMakeFiles/asn1_nr_rrc.dir/NR_InterFreqCarrierFreqList-v1730.c.o
#9 47.93 [ 45%] Building C object examples/xApp/c/monitor/RRC_MESSAGES/CMakeFiles/asn1_nr_rrc.dir/NR_InterFreqExcludedCellList.c.o
#9 47.96 [ 45%] Building C object examples/xApp/c/monitor/RRC_MESSAGES/CMakeFiles/asn1_nr_rrc.dir/NR_InterFreqNeighCellInfo-v1610.c.o
#9 47.96 [ 45%] Building C object examples/xApp/c/monitor/RRC_MESSAGES/CMakeFiles/asn1_nr_rrc.dir/NR_InterFreqNeighCellInfo.c.o
#9 47.99 [ 46%] Building C object examples/xApp/c/monitor/RRC_MESSAGES/CMakeFiles/asn1_nr_rrc.dir/NR_InterFreqNeighCellInfo-v1710.c.o
#9 48.01 [ 46%] Building C object examples/xApp/c/monitor/RRC_MESSAGES/CMakeFiles/asn1_nr_rrc.dir/NR_InterFreqNeighCellList.c.o
#9 48.03 [ 46%] Building C object examples/xApp/c/monitor/RRC_MESSAGES/CMakeFiles/asn1_nr_rrc.dir/NR_InterFreqNeighCellList-v1610.c.o
#9 48.05 [ 46%] Building C object examples/xApp/c/monitor/RRC_MESSAGES/CMakeFiles/asn1_nr_rrc.dir/NR_InterFreqNeighCellList-v1710.c.o
#9 48.08 [ 46%] Building C object examples/xApp/c/monitor/RRC_MESSAGES/CMakeFiles/asn1_nr_rrc.dir/NR_InterFreqNeighHSDN-CellList-r17.c.o
#9 48.08 [ 46%] Building C object examples/xApp/c/monitor/RRC_MESSAGES/CMakeFiles/asn1_nr_rrc.dir/NR_InterFreqTargetInfo-r16.c.o
#9 48.12 [ 46%] Building C object examples/xApp/c/monitor/RRC_MESSAGES/CMakeFiles/asn1_nr_rrc.dir/NR_InterRAT-Parameters.c.o
#9 48.13 [ 46%] Building C object examples/xApp/c/monitor/RRC_MESSAGES/CMakeFiles/asn1_nr_rrc.dir/NR_IntraBandCC-Combination-r17.c.o
#9 48.15 [ 46%] Building C object examples/xApp/c/monitor/RRC_MESSAGES/CMakeFiles/asn1_nr_rrc.dir/NR_IntraBandCC-CombinationReqList-r17.c.o
#9 48.16 [ 46%] Building C object examples/xApp/c/monitor/RRC_MESSAGES/CMakeFiles/asn1_nr_rrc.dir/NR_IntraBandPowerClass-r16.c.o
#9 48.20 [ 46%] Building C object examples/xApp/c/monitor/RRC_MESSAGES/CMakeFiles/asn1_nr_rrc.dir/NR_IntraCellGuardBandsPerSCS-r16.c.o
#9 48.20 [ 46%] Building C object examples/xApp/c/monitor/RRC_MESSAGES/CMakeFiles/asn1_nr_rrc.dir/NR_IntraFreqAllowedCellList-r16.c.o
#9 48.24 [ 46%] Building C object examples/xApp/c/monitor/RRC_MESSAGES/CMakeFiles/asn1_nr_rrc.dir/NR_IntraFreqCAG-CellListPerPLMN-r16.c.o
#9 48.24 [ 46%] Building C object examples/xApp/c/monitor/RRC_MESSAGES/CMakeFiles/asn1_nr_rrc.dir/NR_IntraFreqExcludedCellList.c.o
#9 48.28 [ 46%] Building C object examples/xApp/c/monitor/RRC_MESSAGES/CMakeFiles/asn1_nr_rrc.dir/NR_IntraFreqNeighCellInfo.c.o
#9 48.28 [ 46%] Building C object examples/xApp/c/monitor/RRC_MESSAGES/CMakeFiles/asn1_nr_rrc.dir/NR_IntraFreqNeighCellInfo-v1610.c.o
#9 48.32 [ 46%] Building C object examples/xApp/c/monitor/RRC_MESSAGES/CMakeFiles/asn1_nr_rrc.dir/NR_IntraFreqNeighCellInfo-v1710.c.o
#9 48.33 [ 46%] Building C object examples/xApp/c/monitor/RRC_MESSAGES/CMakeFiles/asn1_nr_rrc.dir/NR_IntraFreqNeighCellList.c.o
#9 48.36 [ 46%] Building C object examples/xApp/c/monitor/RRC_MESSAGES/CMakeFiles/asn1_nr_rrc.dir/NR_IntraFreqNeighCellList-v1610.c.o
#9 48.36 [ 46%] Building C object examples/xApp/c/monitor/RRC_MESSAGES/CMakeFiles/asn1_nr_rrc.dir/NR_IntraFreqNeighCellList-v1710.c.o
#9 48.40 [ 46%] Building C object examples/xApp/c/monitor/RRC_MESSAGES/CMakeFiles/asn1_nr_rrc.dir/NR_IntraFreqNeighHSDN-CellList-r17.c.o
#9 48.40 [ 46%] Building C object examples/xApp/c/monitor/RRC_MESSAGES/CMakeFiles/asn1_nr_rrc.dir/NR_InvalidSymbolPattern-r16.c.o
#9 48.44 [ 46%] Building C object examples/xApp/c/monitor/RRC_MESSAGES/CMakeFiles/asn1_nr_rrc.dir/NR_I-RNTI-Value.c.o
#9 48.45 [ 46%] Building C object examples/xApp/c/monitor/RRC_MESSAGES/CMakeFiles/asn1_nr_rrc.dir/NR_LBT-FailureRecoveryConfig-r16.c.o
#9 48.49 [ 46%] Building C object examples/xApp/c/monitor/RRC_MESSAGES/CMakeFiles/asn1_nr_rrc.dir/NR_LocationAndBandwidthBroadcast-r17.c.o
#9 48.49 [ 46%] Building C object examples/xApp/c/monitor/RRC_MESSAGES/CMakeFiles/asn1_nr_rrc.dir/NR_LocationInfo-r16.c.o
#9 48.53 [ 46%] Building C object examples/xApp/c/monitor/RRC_MESSAGES/CMakeFiles/asn1_nr_rrc.dir/NR_LocationMeasurementIndication.c.o
#9 48.54 [ 46%] Building C object examples/xApp/c/monitor/RRC_MESSAGES/CMakeFiles/asn1_nr_rrc.dir/NR_LocationMeasurementIndication-IEs.c.o
#9 48.64 [ 46%] Building C object examples/xApp/c/monitor/RRC_MESSAGES/CMakeFiles/asn1_nr_rrc.dir/NR_LocationMeasurementInfo.c.o
#9 48.68 [ 46%] Building C object examples/xApp/c/monitor/RRC_MESSAGES/CMakeFiles/asn1_nr_rrc.dir/NR_LoggedMeasurementConfiguration-r16.c.o
#9 48.68 [ 46%] Building C object examples/xApp/c/monitor/RRC_MESSAGES/CMakeFiles/asn1_nr_rrc.dir/NR_LoggedEventTriggerConfig-r16.c.o
#9 48.72 [ 46%] Building C object examples/xApp/c/monitor/RRC_MESSAGES/CMakeFiles/asn1_nr_rrc.dir/NR_LoggedMeasurementConfiguration-r16-IEs.c.o
#9 48.80 [ 46%] Building C object examples/xApp/c/monitor/RRC_MESSAGES/CMakeFiles/asn1_nr_rrc.dir/NR_LoggedMeasurementConfiguration-v1700-IEs.c.o
#9 48.84 [ 46%] Building C object examples/xApp/c/monitor/RRC_MESSAGES/CMakeFiles/asn1_nr_rrc.dir/NR_LoggedPeriodicalReportConfig-r16.c.o
#9 48.85 [ 46%] Building C object examples/xApp/c/monitor/RRC_MESSAGES/CMakeFiles/asn1_nr_rrc.dir/NR_LoggingDuration-r16.c.o
#9 48.88 [ 46%] Building C object examples/xApp/c/monitor/RRC_MESSAGES/CMakeFiles/asn1_nr_rrc.dir/NR_LoggingInterval-r16.c.o
#9 48.89 [ 46%] Building C object examples/xApp/c/monitor/RRC_MESSAGES/CMakeFiles/asn1_nr_rrc.dir/NR_LogicalChannelConfig.c.o
#9 48.91 [ 46%] Building C object examples/xApp/c/monitor/RRC_MESSAGES/CMakeFiles/asn1_nr_rrc.dir/NR_LogicalChannelIdentity.c.o
#9 48.94 [ 47%] Building C object examples/xApp/c/monitor/RRC_MESSAGES/CMakeFiles/asn1_nr_rrc.dir/NR_LogicalChannelIdentityExt-r17.c.o
#9 48.95 [ 47%] Building C object examples/xApp/c/monitor/RRC_MESSAGES/CMakeFiles/asn1_nr_rrc.dir/NR_LogMeasInfoList-r16.c.o
#9 48.99 [ 47%] Building C object examples/xApp/c/monitor/RRC_MESSAGES/CMakeFiles/asn1_nr_rrc.dir/NR_LogMeasInfo-r16.c.o
#9 49.00 [ 47%] Building C object examples/xApp/c/monitor/RRC_MESSAGES/CMakeFiles/asn1_nr_rrc.dir/NR_LogMeasReport-r16.c.o
#9 49.04 [ 47%] Building C object examples/xApp/c/monitor/RRC_MESSAGES/CMakeFiles/asn1_nr_rrc.dir/NR_LogMeasResultBT-r16.c.o
#9 49.05 [ 47%] Building C object examples/xApp/c/monitor/RRC_MESSAGES/CMakeFiles/asn1_nr_rrc.dir/NR_LogMeasResultListBT-r16.c.o
#9 49.07 [ 47%] Building C object examples/xApp/c/monitor/RRC_MESSAGES/CMakeFiles/asn1_nr_rrc.dir/NR_LogMeasResultListWLAN-r16.c.o
#9 49.09 [ 47%] Building C object examples/xApp/c/monitor/RRC_MESSAGES/CMakeFiles/asn1_nr_rrc.dir/NR_LogMeasResultWLAN-r16.c.o
#9 49.11 [ 47%] Building C object examples/xApp/c/monitor/RRC_MESSAGES/CMakeFiles/asn1_nr_rrc.dir/NR_LTE-CRS-PatternList-r16.c.o
#9 49.13 [ 47%] Building C object examples/xApp/c/monitor/RRC_MESSAGES/CMakeFiles/asn1_nr_rrc.dir/NR_LTE-NeighCellsCRS-AssistInfoList-r17.c.o
#9 49.16 [ 47%] Building C object examples/xApp/c/monitor/RRC_MESSAGES/CMakeFiles/asn1_nr_rrc.dir/NR_LTE-NeighCellsCRS-AssistInfo-r17.c.o
#9 49.17 [ 47%] Building C object examples/xApp/c/monitor/RRC_MESSAGES/CMakeFiles/asn1_nr_rrc.dir/NR_MAC-CellGroupConfig.c.o
#9 49.21 [ 47%] Building C object examples/xApp/c/monitor/RRC_MESSAGES/CMakeFiles/asn1_nr_rrc.dir/NR_MAC-MainConfigSL-r16.c.o
#9 49.25 [ 47%] Building C object examples/xApp/c/monitor/RRC_MESSAGES/CMakeFiles/asn1_nr_rrc.dir/NR_MAC-Parameters.c.o
#9 49.29 [ 47%] Building C object examples/xApp/c/monitor/RRC_MESSAGES/CMakeFiles/asn1_nr_rrc.dir/NR_MAC-ParametersCommon.c.o
#9 49.29 [ 47%] Building C object examples/xApp/c/monitor/RRC_MESSAGES/CMakeFiles/asn1_nr_rrc.dir/NR_MAC-ParametersFR2-2-r17.c.o
#9 49.32 [ 47%] Building C object examples/xApp/c/monitor/RRC_MESSAGES/CMakeFiles/asn1_nr_rrc.dir/NR_MAC-ParametersFRX-Diff-r16.c.o
#9 49.33 [ 47%] Building C object examples/xApp/c/monitor/RRC_MESSAGES/CMakeFiles/asn1_nr_rrc.dir/NR_MAC-ParametersSidelinkCommon-r16.c.o
#9 49.37 [ 47%] Building C object examples/xApp/c/monitor/RRC_MESSAGES/CMakeFiles/asn1_nr_rrc.dir/NR_MAC-ParametersSidelink-r16.c.o
#9 49.38 [ 47%] Building C object examples/xApp/c/monitor/RRC_MESSAGES/CMakeFiles/asn1_nr_rrc.dir/NR_MAC-ParametersSidelink-r17.c.o
#9 49.41 [ 47%] Building C object examples/xApp/c/monitor/RRC_MESSAGES/CMakeFiles/asn1_nr_rrc.dir/NR_MAC-ParametersSidelinkXDD-Diff-r16.c.o
#9 49.42 [ 47%] Building C object examples/xApp/c/monitor/RRC_MESSAGES/CMakeFiles/asn1_nr_rrc.dir/NR_MAC-Parameters-v1610.c.o
#9 49.45 [ 47%] Building C object examples/xApp/c/monitor/RRC_MESSAGES/CMakeFiles/asn1_nr_rrc.dir/NR_MAC-Parameters-v1700.c.o
#9 49.46 [ 47%] Building C object examples/xApp/c/monitor/RRC_MESSAGES/CMakeFiles/asn1_nr_rrc.dir/NR_MAC-ParametersXDD-Diff.c.o
#9 49.48 [ 47%] Building C object examples/xApp/c/monitor/RRC_MESSAGES/CMakeFiles/asn1_nr_rrc.dir/NR_MasterInformationBlockSidelink.c.o
#9 49.50 [ 47%] Building C object examples/xApp/c/monitor/RRC_MESSAGES/CMakeFiles/asn1_nr_rrc.dir/NR_MasterKeyUpdate.c.o
#9 49.53 [ 47%] Building C object examples/xApp/c/monitor/RRC_MESSAGES/CMakeFiles/asn1_nr_rrc.dir/NR_MaxBW-PreferenceConfig-r16.c.o
#9 49.53 [ 47%] Building C object examples/xApp/c/monitor/RRC_MESSAGES/CMakeFiles/asn1_nr_rrc.dir/NR_MaxBW-PreferenceFR2-2-r17.c.o
#9 49.57 [ 47%] Building C object examples/xApp/c/monitor/RRC_MESSAGES/CMakeFiles/asn1_nr_rrc.dir/NR_MaxBW-Preference-r16.c.o
#9 49.57 [ 47%] Building C object examples/xApp/c/monitor/RRC_MESSAGES/CMakeFiles/asn1_nr_rrc.dir/NR_MaxCC-PreferenceConfig-r16.c.o
#9 49.60 [ 47%] Building C object examples/xApp/c/monitor/RRC_MESSAGES/CMakeFiles/asn1_nr_rrc.dir/NR_MaxCC-Preference-r16.c.o
#9 49.62 [ 47%] Building C object examples/xApp/c/monitor/RRC_MESSAGES/CMakeFiles/asn1_nr_rrc.dir/NR_MaxMIMO-LayerPreferenceConfig-r16.c.o
#9 49.63 [ 47%] Building C object examples/xApp/c/monitor/RRC_MESSAGES/CMakeFiles/asn1_nr_rrc.dir/NR_MaxMIMO-LayerPreferenceFR2-2-r17.c.o
#9 49.66 [ 47%] Building C object examples/xApp/c/monitor/RRC_MESSAGES/CMakeFiles/asn1_nr_rrc.dir/NR_MaxMIMO-LayerPreference-r16.c.o
#9 49.67 [ 47%] Building C object examples/xApp/c/monitor/RRC_MESSAGES/CMakeFiles/asn1_nr_rrc.dir/NR_MaxMIMO-LayersDCI-0-2-r16.c.o
#9 49.69 [ 47%] Building C object examples/xApp/c/monitor/RRC_MESSAGES/CMakeFiles/asn1_nr_rrc.dir/NR_MaxMIMO-LayersDL-r16.c.o
#9 49.71 [ 47%] Building C object examples/xApp/c/monitor/RRC_MESSAGES/CMakeFiles/asn1_nr_rrc.dir/NR_MBSBroadcastConfiguration-r17.c.o
#9 49.72 [ 47%] Building C object examples/xApp/c/monitor/RRC_MESSAGES/CMakeFiles/asn1_nr_rrc.dir/NR_MBSBroadcastConfiguration-r17-IEs.c.o
#9 49.74 [ 47%] Building C object examples/xApp/c/monitor/RRC_MESSAGES/CMakeFiles/asn1_nr_rrc.dir/NR_MBS-FSAI-InterFreqList-r17.c.o
#9 49.76 [ 49%] Building C object examples/xApp/c/monitor/RRC_MESSAGES/CMakeFiles/asn1_nr_rrc.dir/NR_MBS-FSAI-InterFreq-r17.c.o
#9 49.77 [ 49%] Building C object examples/xApp/c/monitor/RRC_MESSAGES/CMakeFiles/asn1_nr_rrc.dir/NR_MBS-FSAI-List-r17.c.o
#9 49.79 [ 49%] Building C object examples/xApp/c/monitor/RRC_MESSAGES/CMakeFiles/asn1_nr_rrc.dir/NR_MBS-FSAI-r17.c.o
#9 49.79 [ 49%] Building C object examples/xApp/c/monitor/RRC_MESSAGES/CMakeFiles/asn1_nr_rrc.dir/NR_MBSInterestIndication-r17.c.o
#9 49.82 [ 49%] Building C object examples/xApp/c/monitor/RRC_MESSAGES/CMakeFiles/asn1_nr_rrc.dir/NR_MBSInterestIndication-r17-IEs.c.o
#9 49.83 [ 49%] Building C object examples/xApp/c/monitor/RRC_MESSAGES/CMakeFiles/asn1_nr_rrc.dir/NR_MBS-NeighbourCellList-r17.c.o
#9 49.85 [ 49%] Building C object examples/xApp/c/monitor/RRC_MESSAGES/CMakeFiles/asn1_nr_rrc.dir/NR_MBS-Parameters-r17.c.o
#9 49.85 [ 49%] Building C object examples/xApp/c/monitor/RRC_MESSAGES/CMakeFiles/asn1_nr_rrc.dir/NR_MBS-NeighbourCell-r17.c.o
#9 49.88 [ 49%] Building C object examples/xApp/c/monitor/RRC_MESSAGES/CMakeFiles/asn1_nr_rrc.dir/NR_MBS-RNTI-SpecificConfigId-r17.c.o
#9 49.89 [ 49%] Building C object examples/xApp/c/monitor/RRC_MESSAGES/CMakeFiles/asn1_nr_rrc.dir/NR_MBS-RNTI-SpecificConfig-r17.c.o
#9 49.91 [ 49%] Building C object examples/xApp/c/monitor/RRC_MESSAGES/CMakeFiles/asn1_nr_rrc.dir/NR_MBS-ServiceInfo-r17.c.o
#9 49.95 [ 49%] Building C object examples/xApp/c/monitor/RRC_MESSAGES/CMakeFiles/asn1_nr_rrc.dir/NR_MBS-ServiceList-r17.c.o
#9 49.99 [ 49%] Building C object examples/xApp/c/monitor/RRC_MESSAGES/CMakeFiles/asn1_nr_rrc.dir/NR_MBS-SessionInfoList-r17.c.o
#9 49.99 [ 49%] Building C object examples/xApp/c/monitor/RRC_MESSAGES/CMakeFiles/asn1_nr_rrc.dir/NR_MBS-SessionInfo-r17.c.o
#9 50.02 [ 49%] Building C object examples/xApp/c/monitor/RRC_MESSAGES/CMakeFiles/asn1_nr_rrc.dir/NR_MCCH-Config-r17.c.o
#9 50.02 [ 49%] Building C object examples/xApp/c/monitor/RRC_MESSAGES/CMakeFiles/asn1_nr_rrc.dir/NR_MCC.c.o
#9 50.05 [ 49%] Building C object examples/xApp/c/monitor/RRC_MESSAGES/CMakeFiles/asn1_nr_rrc.dir/NR_MCCH-Message-r17.c.o
#9 50.06 [ 49%] Building C object examples/xApp/c/monitor/RRC_MESSAGES/CMakeFiles/asn1_nr_rrc.dir/NR_MCCH-MessageType-r17.c.o
#9 50.08 [ 49%] Building C object examples/xApp/c/monitor/RRC_MESSAGES/CMakeFiles/asn1_nr_rrc.dir/NR_MCCH-RepetitionPeriodAndOffset-r17.c.o
#9 50.09 [ 49%] Building C object examples/xApp/c/monitor/RRC_MESSAGES/CMakeFiles/asn1_nr_rrc.dir/NR_MCC-MNC-Digit.c.o
#9 50.12 [ 49%] Building C object examples/xApp/c/monitor/RRC_MESSAGES/CMakeFiles/asn1_nr_rrc.dir/NR_MCGFailureInformation-r16-IEs.c.o
#9 50.12 [ 49%] Building C object examples/xApp/c/monitor/RRC_MESSAGES/CMakeFiles/asn1_nr_rrc.dir/NR_MCGFailureInformation-r16.c.o
#9 50.15 [ 49%] Building C object examples/xApp/c/monitor/RRC_MESSAGES/CMakeFiles/asn1_nr_rrc.dir/NR_MeasAndMobParameters.c.o
#9 50.17 [ 49%] Building C object examples/xApp/c/monitor/RRC_MESSAGES/CMakeFiles/asn1_nr_rrc.dir/NR_MeasAndMobParametersCommon.c.o
#9 50.18 [ 49%] Building C object examples/xApp/c/monitor/RRC_MESSAGES/CMakeFiles/asn1_nr_rrc.dir/NR_MeasAndMobParametersFR2-2-r17.c.o
#9 50.21 [ 49%] Building C object examples/xApp/c/monitor/RRC_MESSAGES/CMakeFiles/asn1_nr_rrc.dir/NR_MeasAndMobParametersFRX-Diff.c.o
#9 50.21 [ 49%] Building C object examples/xApp/c/monitor/RRC_MESSAGES/CMakeFiles/asn1_nr_rrc.dir/NR_MeasAndMobParametersMRDC.c.o
#9 50.24 [ 49%] Building C object examples/xApp/c/monitor/RRC_MESSAGES/CMakeFiles/asn1_nr_rrc.dir/NR_MeasAndMobParametersMRDC-Common.c.o
#9 50.25 [ 49%] Building C object examples/xApp/c/monitor/RRC_MESSAGES/CMakeFiles/asn1_nr_rrc.dir/NR_MeasAndMobParametersMRDC-Common-v1610.c.o
#9 50.27 [ 49%] Building C object examples/xApp/c/monitor/RRC_MESSAGES/CMakeFiles/asn1_nr_rrc.dir/NR_MeasAndMobParametersMRDC-Common-v1700.c.o
#9 50.29 [ 49%] Building C object examples/xApp/c/monitor/RRC_MESSAGES/CMakeFiles/asn1_nr_rrc.dir/NR_MeasAndMobParametersMRDC-Common-v1730.c.o
#9 50.30 [ 49%] Building C object examples/xApp/c/monitor/RRC_MESSAGES/CMakeFiles/asn1_nr_rrc.dir/NR_MeasAndMobParametersMRDC-FRX-Diff.c.o
#9 50.32 [ 49%] Building C object examples/xApp/c/monitor/RRC_MESSAGES/CMakeFiles/asn1_nr_rrc.dir/NR_MeasAndMobParametersMRDC-v1560.c.o
#9 50.34 [ 49%] Building C object examples/xApp/c/monitor/RRC_MESSAGES/CMakeFiles/asn1_nr_rrc.dir/NR_MeasAndMobParametersMRDC-v1610.c.o
#9 50.35 [ 49%] Building C object examples/xApp/c/monitor/RRC_MESSAGES/CMakeFiles/asn1_nr_rrc.dir/NR_MeasAndMobParametersMRDC-v1700.c.o
#9 50.37 [ 49%] Building C object examples/xApp/c/monitor/RRC_MESSAGES/CMakeFiles/asn1_nr_rrc.dir/NR_MeasAndMobParametersMRDC-v1730.c.o
#9 50.38 [ 49%] Building C object examples/xApp/c/monitor/RRC_MESSAGES/CMakeFiles/asn1_nr_rrc.dir/NR_MeasAndMobParametersMRDC-XDD-Diff.c.o
#9 50.40 [ 49%] Building C object examples/xApp/c/monitor/RRC_MESSAGES/CMakeFiles/asn1_nr_rrc.dir/NR_MeasAndMobParametersMRDC-XDD-Diff-v1560.c.o
#9 50.41 [ 49%] Building C object examples/xApp/c/monitor/RRC_MESSAGES/CMakeFiles/asn1_nr_rrc.dir/NR_MeasAndMobParameters-v1700.c.o
#9 50.43 [ 50%] Building C object examples/xApp/c/monitor/RRC_MESSAGES/CMakeFiles/asn1_nr_rrc.dir/NR_MeasAndMobParametersXDD-Diff.c.o
#9 50.44 [ 50%] Building C object examples/xApp/c/monitor/RRC_MESSAGES/CMakeFiles/asn1_nr_rrc.dir/NR_MeasConfigAppLayerId-r17.c.o
#9 50.46 [ 50%] Building C object examples/xApp/c/monitor/RRC_MESSAGES/CMakeFiles/asn1_nr_rrc.dir/NR_MeasConfigAppLayer-r17.c.o
#9 50.48 [ 50%] Building C object examples/xApp/c/monitor/RRC_MESSAGES/CMakeFiles/asn1_nr_rrc.dir/NR_MeasConfig.c.o
#9 50.57 [ 50%] Building C object examples/xApp/c/monitor/RRC_MESSAGES/CMakeFiles/asn1_nr_rrc.dir/NR_MeasConfigMN.c.o
#9 50.62 [ 50%] Building C object examples/xApp/c/monitor/RRC_MESSAGES/CMakeFiles/asn1_nr_rrc.dir/NR_MeasConfigSN.c.o
#9 50.66 [ 50%] Building C object examples/xApp/c/monitor/RRC_MESSAGES/CMakeFiles/asn1_nr_rrc.dir/NR_MeasGapConfig.c.o
#9 50.69 [ 50%] Building C object examples/xApp/c/monitor/RRC_MESSAGES/CMakeFiles/asn1_nr_rrc.dir/NR_MeasGapId-r17.c.o
#9 50.73 [ 50%] Building C object examples/xApp/c/monitor/RRC_MESSAGES/CMakeFiles/asn1_nr_rrc.dir/NR_MeasGapSharingConfig.c.o
#9 50.77 [ 50%] Building C object examples/xApp/c/monitor/RRC_MESSAGES/CMakeFiles/asn1_nr_rrc.dir/NR_MeasGapSharingScheme.c.o
#9 50.80 [ 50%] Building C object examples/xApp/c/monitor/RRC_MESSAGES/CMakeFiles/asn1_nr_rrc.dir/NR_MeasId.c.o
#9 50.82 [ 50%] Building C object examples/xApp/c/monitor/RRC_MESSAGES/CMakeFiles/asn1_nr_rrc.dir/NR_MeasIdleCarrierEUTRA-r16.c.o
#9 50.85 [ 50%] Building C object examples/xApp/c/monitor/RRC_MESSAGES/CMakeFiles/asn1_nr_rrc.dir/NR_MeasIdleCarrierNR-r16.c.o
#9 50.85 [ 50%] Building C object examples/xApp/c/monitor/RRC_MESSAGES/CMakeFiles/asn1_nr_rrc.dir/NR_MeasIdleConfigDedicated-r16.c.o
#9 50.88 [ 50%] Building C object examples/xApp/c/monitor/RRC_MESSAGES/CMakeFiles/asn1_nr_rrc.dir/NR_MeasIdleConfigSIB-r16.c.o
#9 50.89 [ 50%] Building C object examples/xApp/c/monitor/RRC_MESSAGES/CMakeFiles/asn1_nr_rrc.dir/NR_MeasIdToAddMod.c.o
#9 50.91 [ 50%] Building C object examples/xApp/c/monitor/RRC_MESSAGES/CMakeFiles/asn1_nr_rrc.dir/NR_MeasIdToAddModList.c.o
#9 50.92 [ 50%] Building C object examples/xApp/c/monitor/RRC_MESSAGES/CMakeFiles/asn1_nr_rrc.dir/NR_MeasIdToRemoveList.c.o
#9 50.95 [ 50%] Building C object examples/xApp/c/monitor/RRC_MESSAGES/CMakeFiles/asn1_nr_rrc.dir/NR_MeasObjectCLI-r16.c.o
#9 50.95 [ 50%] Building C object examples/xApp/c/monitor/RRC_MESSAGES/CMakeFiles/asn1_nr_rrc.dir/NR_MeasObjectEUTRA.c.o
#9 50.98 [ 50%] Building C object examples/xApp/c/monitor/RRC_MESSAGES/CMakeFiles/asn1_nr_rrc.dir/NR_MeasObjectId.c.o
#9 51.01 [ 50%] Building C object examples/xApp/c/monitor/RRC_MESSAGES/CMakeFiles/asn1_nr_rrc.dir/NR_MeasObjectNR.c.o
#9 51.08 [ 50%] Building C object examples/xApp/c/monitor/RRC_MESSAGES/CMakeFiles/asn1_nr_rrc.dir/NR_MeasObjectNR-SL-r16.c.o
#9 51.12 [ 50%] Building C object examples/xApp/c/monitor/RRC_MESSAGES/CMakeFiles/asn1_nr_rrc.dir/NR_MeasObjectRxTxDiff-r17.c.o
#9 51.12 [ 50%] Building C object examples/xApp/c/monitor/RRC_MESSAGES/CMakeFiles/asn1_nr_rrc.dir/NR_MeasObjectToAddMod.c.o
#9 51.15 [ 50%] Building C object examples/xApp/c/monitor/RRC_MESSAGES/CMakeFiles/asn1_nr_rrc.dir/NR_MeasObjectToAddModList.c.o
#9 51.24 [ 50%] Building C object examples/xApp/c/monitor/RRC_MESSAGES/CMakeFiles/asn1_nr_rrc.dir/NR_MeasObjectToRemoveList.c.o
#9 51.28 [ 50%] Building C object examples/xApp/c/monitor/RRC_MESSAGES/CMakeFiles/asn1_nr_rrc.dir/NR_MeasObjectUTRA-FDD-r16.c.o
#9 51.28 [ 50%] Building C object examples/xApp/c/monitor/RRC_MESSAGES/CMakeFiles/asn1_nr_rrc.dir/NR_MeasPosPreConfigGapId-r17.c.o
#9 51.31 [ 50%] Building C object examples/xApp/c/monitor/RRC_MESSAGES/CMakeFiles/asn1_nr_rrc.dir/NR_MeasQuantityResults.c.o
#9 51.32 [ 50%] Building C object examples/xApp/c/monitor/RRC_MESSAGES/CMakeFiles/asn1_nr_rrc.dir/NR_MeasQuantityResultsEUTRA.c.o
#9 51.33 [ 50%] Building C object examples/xApp/c/monitor/RRC_MESSAGES/CMakeFiles/asn1_nr_rrc.dir/NR_MeasReportAppLayer-r17.c.o
#9 51.35 [ 50%] Building C object examples/xApp/c/monitor/RRC_MESSAGES/CMakeFiles/asn1_nr_rrc.dir/NR_MeasReportQuantity.c.o
#9 51.37 [ 50%] Building C object examples/xApp/c/monitor/RRC_MESSAGES/CMakeFiles/asn1_nr_rrc.dir/NR_MeasReportQuantityCLI-r16.c.o
#9 51.37 [ 50%] Building C object examples/xApp/c/monitor/RRC_MESSAGES/CMakeFiles/asn1_nr_rrc.dir/NR_MeasReportQuantity-r16.c.o
#9 51.40 [ 50%] Building C object examples/xApp/c/monitor/RRC_MESSAGES/CMakeFiles/asn1_nr_rrc.dir/NR_MeasReportQuantityUTRA-FDD-r16.c.o
#9 51.41 [ 50%] Building C object examples/xApp/c/monitor/RRC_MESSAGES/CMakeFiles/asn1_nr_rrc.dir/NR_MeasResult2EUTRA.c.o
#9 51.43 [ 50%] Building C object examples/xApp/c/monitor/RRC_MESSAGES/CMakeFiles/asn1_nr_rrc.dir/NR_MeasResult2EUTRA-r16.c.o
#9 51.44 [ 52%] Building C object examples/xApp/c/monitor/RRC_MESSAGES/CMakeFiles/asn1_nr_rrc.dir/NR_MeasResult2NR.c.o
#9 51.46 [ 52%] Building C object examples/xApp/c/monitor/RRC_MESSAGES/CMakeFiles/asn1_nr_rrc.dir/NR_MeasResult2NR-r16.c.o
#9 51.49 [ 52%] Building C object examples/xApp/c/monitor/RRC_MESSAGES/CMakeFiles/asn1_nr_rrc.dir/NR_MeasResultCBR-NR-r16.c.o
#9 51.49 [ 52%] Building C object examples/xApp/c/monitor/RRC_MESSAGES/CMakeFiles/asn1_nr_rrc.dir/NR_MeasResult2UTRA-FDD-r16.c.o
#9 51.52 [ 52%] Building C object examples/xApp/c/monitor/RRC_MESSAGES/CMakeFiles/asn1_nr_rrc.dir/NR_MeasResultCellListSFTD-EUTRA.c.o
#9 51.52 [ 52%] Building C object examples/xApp/c/monitor/RRC_MESSAGES/CMakeFiles/asn1_nr_rrc.dir/NR_MeasResultCellListSFTD-NR.c.o
#9 51.55 [ 52%] Building C object examples/xApp/c/monitor/RRC_MESSAGES/CMakeFiles/asn1_nr_rrc.dir/NR_MeasResultCellSFTD-NR.c.o
#9 51.56 [ 52%] Building C object examples/xApp/c/monitor/RRC_MESSAGES/CMakeFiles/asn1_nr_rrc.dir/NR_MeasResultCLI-r16.c.o
#9 51.58 [ 52%] Building C object examples/xApp/c/monitor/RRC_MESSAGES/CMakeFiles/asn1_nr_rrc.dir/NR_MeasResultCLI-RSSI-r16.c.o
#9 51.59 [ 52%] Building C object examples/xApp/c/monitor/RRC_MESSAGES/CMakeFiles/asn1_nr_rrc.dir/NR_MeasResultEUTRA.c.o
#9 51.62 [ 52%] Building C object examples/xApp/c/monitor/RRC_MESSAGES/CMakeFiles/asn1_nr_rrc.dir/NR_MeasResultFailedCell-r16.c.o
#9 51.62 [ 52%] Building C object examples/xApp/c/monitor/RRC_MESSAGES/CMakeFiles/asn1_nr_rrc.dir/NR_MeasResultForRSSI-r16.c.o
#9 51.65 [ 52%] Building C object examples/xApp/c/monitor/RRC_MESSAGES/CMakeFiles/asn1_nr_rrc.dir/NR_MeasResultFreqListFailMRDC.c.o
#9 51.66 [ 52%] Building C object examples/xApp/c/monitor/RRC_MESSAGES/CMakeFiles/asn1_nr_rrc.dir/NR_MeasResultFreqList.c.o
#9 51.69 [ 52%] Building C object examples/xApp/c/monitor/RRC_MESSAGES/CMakeFiles/asn1_nr_rrc.dir/NR_MeasResultIdleEUTRA-r16.c.o
#9 51.69 [ 52%] Building C object examples/xApp/c/monitor/RRC_MESSAGES/CMakeFiles/asn1_nr_rrc.dir/NR_MeasResultIdleNR-r16.c.o
#9 51.73 [ 52%] Building C object examples/xApp/c/monitor/RRC_MESSAGES/CMakeFiles/asn1_nr_rrc.dir/NR_MeasResultList2EUTRA.c.o
#9 51.73 [ 52%] Building C object examples/xApp/c/monitor/RRC_MESSAGES/CMakeFiles/asn1_nr_rrc.dir/NR_MeasResultList2EUTRA-r16.c.o
#9 51.76 [ 52%] Building C object examples/xApp/c/monitor/RRC_MESSAGES/CMakeFiles/asn1_nr_rrc.dir/NR_MeasResultList2NR.c.o
#9 51.77 [ 52%] Building C object examples/xApp/c/monitor/RRC_MESSAGES/CMakeFiles/asn1_nr_rrc.dir/NR_MeasResultList2NR-r16.c.o
#9 51.79 [ 52%] Building C object examples/xApp/c/monitor/RRC_MESSAGES/CMakeFiles/asn1_nr_rrc.dir/NR_MeasResultList2UTRA.c.o
#9 51.80 [ 52%] Building C object examples/xApp/c/monitor/RRC_MESSAGES/CMakeFiles/asn1_nr_rrc.dir/NR_MeasResultListCLI-RSSI-r16.c.o
#9 51.83 [ 52%] Building C object examples/xApp/c/monitor/RRC_MESSAGES/CMakeFiles/asn1_nr_rrc.dir/NR_MeasResultListEUTRA.c.o
#9 51.84 [ 52%] Building C object examples/xApp/c/monitor/RRC_MESSAGES/CMakeFiles/asn1_nr_rrc.dir/NR_MeasResultListLogging2NR-r16.c.o
#9 51.86 [ 52%] Building C object examples/xApp/c/monitor/RRC_MESSAGES/CMakeFiles/asn1_nr_rrc.dir/NR_MeasResultListLoggingNR-r16.c.o
#9 51.87 [ 52%] Building C object examples/xApp/c/monitor/RRC_MESSAGES/CMakeFiles/asn1_nr_rrc.dir/NR_MeasResultListNR.c.o
#9 51.90 [ 52%] Building C object examples/xApp/c/monitor/RRC_MESSAGES/CMakeFiles/asn1_nr_rrc.dir/NR_MeasResultListSRS-RSRP-r16.c.o
#9 51.91 [ 52%] Building C object examples/xApp/c/monitor/RRC_MESSAGES/CMakeFiles/asn1_nr_rrc.dir/NR_MeasResultListUTRA-FDD-r16.c.o
#9 51.93 [ 52%] Building C object examples/xApp/c/monitor/RRC_MESSAGES/CMakeFiles/asn1_nr_rrc.dir/NR_MeasResultLogging2NR-r16.c.o
#9 51.94 [ 52%] Building C object examples/xApp/c/monitor/RRC_MESSAGES/CMakeFiles/asn1_nr_rrc.dir/NR_MeasResultLoggingNR-r16.c.o
#9 51.97 [ 52%] Building C object examples/xApp/c/monitor/RRC_MESSAGES/CMakeFiles/asn1_nr_rrc.dir/NR_MeasResultNR.c.o
#9 51.97 [ 52%] Building C object examples/xApp/c/monitor/RRC_MESSAGES/CMakeFiles/asn1_nr_rrc.dir/NR_MeasResultNR-SL-r16.c.o
#9 52.01 [ 52%] Building C object examples/xApp/c/monitor/RRC_MESSAGES/CMakeFiles/asn1_nr_rrc.dir/NR_MeasResultRLFNR-r16.c.o
#9 52.01 [ 52%] Building C object examples/xApp/c/monitor/RRC_MESSAGES/CMakeFiles/asn1_nr_rrc.dir/NR_MeasResultRxTxTimeDiff-r17.c.o
#9 52.04 [ 52%] Building C object examples/xApp/c/monitor/RRC_MESSAGES/CMakeFiles/asn1_nr_rrc.dir/NR_MeasResults.c.o
#9 52.05 [ 52%] Building C object examples/xApp/c/monitor/RRC_MESSAGES/CMakeFiles/asn1_nr_rrc.dir/NR_MeasResultSCG-Failure.c.o
#9 52.08 [ 52%] Building C object examples/xApp/c/monitor/RRC_MESSAGES/CMakeFiles/asn1_nr_rrc.dir/NR_MeasResultServFreqListNR-SCG.c.o
#9 52.08 [ 52%] Building C object examples/xApp/c/monitor/RRC_MESSAGES/CMakeFiles/asn1_nr_rrc.dir/NR_MeasResultServFreqListEUTRA-SCG.c.o
#9 52.12 [ 53%] Building C object examples/xApp/c/monitor/RRC_MESSAGES/CMakeFiles/asn1_nr_rrc.dir/NR_MeasResultServingCell-r16.c.o
#9 52.12 [ 53%] Building C object examples/xApp/c/monitor/RRC_MESSAGES/CMakeFiles/asn1_nr_rrc.dir/NR_MeasResultServMO.c.o
#9 52.14 [ 53%] Building C object examples/xApp/c/monitor/RRC_MESSAGES/CMakeFiles/asn1_nr_rrc.dir/NR_MeasResultServMOList.c.o
#9 52.16 [ 53%] Building C object examples/xApp/c/monitor/RRC_MESSAGES/CMakeFiles/asn1_nr_rrc.dir/NR_MeasResultSFTD-EUTRA.c.o
#9 52.18 [ 53%] Building C object examples/xApp/c/monitor/RRC_MESSAGES/CMakeFiles/asn1_nr_rrc.dir/NR_MeasResultsPerCarrierIdleEUTRA-r16.c.o
#9 52.21 [ 53%] Building C object examples/xApp/c/monitor/RRC_MESSAGES/CMakeFiles/asn1_nr_rrc.dir/NR_MeasResultsPerCellIdleEUTRA-r16.c.o
#9 52.21 [ 53%] Building C object examples/xApp/c/monitor/RRC_MESSAGES/CMakeFiles/asn1_nr_rrc.dir/NR_MeasResultsPerCarrierIdleNR-r16.c.o
#9 52.24 [ 53%] Building C object examples/xApp/c/monitor/RRC_MESSAGES/CMakeFiles/asn1_nr_rrc.dir/NR_MeasResultsPerCellIdleNR-r16.c.o
#9 52.24 [ 53%] Building C object examples/xApp/c/monitor/RRC_MESSAGES/CMakeFiles/asn1_nr_rrc.dir/NR_MeasResultSRS-RSRP-r16.c.o
#9 52.27 [ 53%] Building C object examples/xApp/c/monitor/RRC_MESSAGES/CMakeFiles/asn1_nr_rrc.dir/NR_MeasResultsSL-r16.c.o
#9 52.27 [ 53%] Building C object examples/xApp/c/monitor/RRC_MESSAGES/CMakeFiles/asn1_nr_rrc.dir/NR_MeasResultSuccessHONR-r17.c.o
#9 52.29 [ 53%] Building C object examples/xApp/c/monitor/RRC_MESSAGES/CMakeFiles/asn1_nr_rrc.dir/NR_MeasResultUTRA-FDD-r16.c.o
#9 52.30 [ 53%] Building C object examples/xApp/c/monitor/RRC_MESSAGES/CMakeFiles/asn1_nr_rrc.dir/NR_MeasRSSI-ReportConfig-r16.c.o
#9 52.32 [ 53%] Building C object examples/xApp/c/monitor/RRC_MESSAGES/CMakeFiles/asn1_nr_rrc.dir/NR_MeasTiming.c.o
#9 52.32 [ 53%] Building C object examples/xApp/c/monitor/RRC_MESSAGES/CMakeFiles/asn1_nr_rrc.dir/NR_MeasTimingList.c.o
#9 52.35 [ 53%] Building C object examples/xApp/c/monitor/RRC_MESSAGES/CMakeFiles/asn1_nr_rrc.dir/NR_MeasTriggerQuantity.c.o
#9 52.36 [ 53%] Building C object examples/xApp/c/monitor/RRC_MESSAGES/CMakeFiles/asn1_nr_rrc.dir/NR_MeasTriggerQuantityCLI-r16.c.o
#9 52.38 [ 53%] Building C object examples/xApp/c/monitor/RRC_MESSAGES/CMakeFiles/asn1_nr_rrc.dir/NR_MeasTriggerQuantityEUTRA.c.o
#9 52.39 [ 53%] Building C object examples/xApp/c/monitor/RRC_MESSAGES/CMakeFiles/asn1_nr_rrc.dir/NR_MeasTriggerQuantityOffset.c.o
#9 52.40 [ 53%] Building C object examples/xApp/c/monitor/RRC_MESSAGES/CMakeFiles/asn1_nr_rrc.dir/NR_MeasTriggerQuantityUTRA-FDD-r16.c.o
#9 52.42 [ 53%] Building C object examples/xApp/c/monitor/RRC_MESSAGES/CMakeFiles/asn1_nr_rrc.dir/NR_MeasurementReportAppLayerList-r17.c.o
#9 52.43 [ 53%] Building C object examples/xApp/c/monitor/RRC_MESSAGES/CMakeFiles/asn1_nr_rrc.dir/NR_MeasurementReportAppLayer-r17.c.o
#9 52.45 [ 53%] Building C object examples/xApp/c/monitor/RRC_MESSAGES/CMakeFiles/asn1_nr_rrc.dir/NR_MeasurementReportAppLayer-r17-IEs.c.o
#9 52.46 [ 53%] Building C object examples/xApp/c/monitor/RRC_MESSAGES/CMakeFiles/asn1_nr_rrc.dir/NR_MeasurementReport.c.o
#9 52.48 [ 53%] Building C object examples/xApp/c/monitor/RRC_MESSAGES/CMakeFiles/asn1_nr_rrc.dir/NR_MeasurementReport-IEs.c.o
#9 52.49 [ 53%] Building C object examples/xApp/c/monitor/RRC_MESSAGES/CMakeFiles/asn1_nr_rrc.dir/NR_MeasurementReportSidelink.c.o
#9 52.52 [ 53%] Building C object examples/xApp/c/monitor/RRC_MESSAGES/CMakeFiles/asn1_nr_rrc.dir/NR_MeasurementReportSidelink-r16-IEs.c.o
#9 52.53 [ 53%] Building C object examples/xApp/c/monitor/RRC_MESSAGES/CMakeFiles/asn1_nr_rrc.dir/NR_MeasurementTimingConfiguration.c.o
#9 52.55 [ 53%] Building C object examples/xApp/c/monitor/RRC_MESSAGES/CMakeFiles/asn1_nr_rrc.dir/NR_MeasurementTimingConfiguration-IEs.c.o
#9 52.56 [ 53%] Building C object examples/xApp/c/monitor/RRC_MESSAGES/CMakeFiles/asn1_nr_rrc.dir/NR_MeasurementTimingConfiguration-v1550-IEs.c.o
#9 52.57 [ 53%] Building C object examples/xApp/c/monitor/RRC_MESSAGES/CMakeFiles/asn1_nr_rrc.dir/NR_MeasurementTimingConfiguration-v1610-IEs.c.o
#9 52.60 [ 53%] Building C object examples/xApp/c/monitor/RRC_MESSAGES/CMakeFiles/asn1_nr_rrc.dir/NR_MIB.c.o
#9 52.60 [ 53%] Building C object examples/xApp/c/monitor/RRC_MESSAGES/CMakeFiles/asn1_nr_rrc.dir/NR_MIMO-LayersDL.c.o
#9 52.62 [ 53%] Building C object examples/xApp/c/monitor/RRC_MESSAGES/CMakeFiles/asn1_nr_rrc.dir/NR_MIMO-LayersUL.c.o
#9 52.63 [ 53%] Building C object examples/xApp/c/monitor/RRC_MESSAGES/CMakeFiles/asn1_nr_rrc.dir/NR_MIMO-ParametersPerBand.c.o
#9 52.67 [ 53%] Building C object examples/xApp/c/monitor/RRC_MESSAGES/CMakeFiles/asn1_nr_rrc.dir/NR_MIMOParam-r17.c.o
#9 52.70 [ 53%] Building C object examples/xApp/c/monitor/RRC_MESSAGES/CMakeFiles/asn1_nr_rrc.dir/NR_MinSchedulingOffsetK0-Values-r16.c.o
#9 52.70 [ 53%] Building C object examples/xApp/c/monitor/RRC_MESSAGES/CMakeFiles/asn1_nr_rrc.dir/NR_MinSchedulingOffsetK0-Values-r17.c.o
#9 52.73 [ 53%] Building C object examples/xApp/c/monitor/RRC_MESSAGES/CMakeFiles/asn1_nr_rrc.dir/NR_MinSchedulingOffsetK2-Values-r16.c.o
#9 52.73 [ 53%] Building C object examples/xApp/c/monitor/RRC_MESSAGES/CMakeFiles/asn1_nr_rrc.dir/NR_MinSchedulingOffsetK2-Values-r17.c.o
#9 52.76 [ 54%] Building C object examples/xApp/c/monitor/RRC_MESSAGES/CMakeFiles/asn1_nr_rrc.dir/NR_MinSchedulingOffsetPreferenceConfig-r16.c.o
#9 52.76 [ 54%] Building C object examples/xApp/c/monitor/RRC_MESSAGES/CMakeFiles/asn1_nr_rrc.dir/NR_MinSchedulingOffsetPreferenceExt-r17.c.o
#9 52.78 [ 54%] Building C object examples/xApp/c/monitor/RRC_MESSAGES/CMakeFiles/asn1_nr_rrc.dir/NR_MinSchedulingOffsetPreference-r16.c.o
#9 52.79 [ 54%] Building C object examples/xApp/c/monitor/RRC_MESSAGES/CMakeFiles/asn1_nr_rrc.dir/NR_MinTimeGapFR2-2-r17.c.o
#9 52.81 [ 54%] Building C object examples/xApp/c/monitor/RRC_MESSAGES/CMakeFiles/asn1_nr_rrc.dir/NR_MinTimeGap-r16.c.o
#9 52.82 [ 54%] Building C object examples/xApp/c/monitor/RRC_MESSAGES/CMakeFiles/asn1_nr_rrc.dir/NR_MNC.c.o
#9 52.84 [ 54%] Building C object examples/xApp/c/monitor/RRC_MESSAGES/CMakeFiles/asn1_nr_rrc.dir/NR_MobilityFromNRCommand.c.o
#9 52.84 [ 54%] Building C object examples/xApp/c/monitor/RRC_MESSAGES/CMakeFiles/asn1_nr_rrc.dir/NR_MobilityFromNRCommand-IEs.c.o
#9 52.87 [ 54%] Building C object examples/xApp/c/monitor/RRC_MESSAGES/CMakeFiles/asn1_nr_rrc.dir/NR_MobilityFromNRCommand-v1610-IEs.c.o
#9 52.89 [ 54%] Building C object examples/xApp/c/monitor/RRC_MESSAGES/CMakeFiles/asn1_nr_rrc.dir/NR_MobilityHistoryReport-r16.c.o
#9 52.90 [ 54%] Building C object examples/xApp/c/monitor/RRC_MESSAGES/CMakeFiles/asn1_nr_rrc.dir/NR_MobilityStateParameters.c.o
#9 52.92 [ 54%] Building C object examples/xApp/c/monitor/RRC_MESSAGES/CMakeFiles/asn1_nr_rrc.dir/NR_ModulationOrder.c.o
#9 52.93 [ 54%] Building C object examples/xApp/c/monitor/RRC_MESSAGES/CMakeFiles/asn1_nr_rrc.dir/NR_MPE-Config-FR2-r16.c.o
#9 52.95 [ 54%] Building C object examples/xApp/c/monitor/RRC_MESSAGES/CMakeFiles/asn1_nr_rrc.dir/NR_MPE-Config-FR2-r17.c.o
#9 52.96 [ 54%] Building C object examples/xApp/c/monitor/RRC_MESSAGES/CMakeFiles/asn1_nr_rrc.dir/NR_MPE-ResourceId-r17.c.o
#9 52.98 [ 54%] Building C object examples/xApp/c/monitor/RRC_MESSAGES/CMakeFiles/asn1_nr_rrc.dir/NR_MPE-Resource-r17.c.o
#9 52.99 [ 54%] Building C object examples/xApp/c/monitor/RRC_MESSAGES/CMakeFiles/asn1_nr_rrc.dir/NR_MRB-Identity-r17.c.o
#9 53.01 [ 54%] Building C object examples/xApp/c/monitor/RRC_MESSAGES/CMakeFiles/asn1_nr_rrc.dir/NR_MRB-InfoBroadcast-r17.c.o
#9 53.02 [ 54%] Building C object examples/xApp/c/monitor/RRC_MESSAGES/CMakeFiles/asn1_nr_rrc.dir/NR_MRB-ListBroadcast-r17.c.o
#9 53.04 [ 54%] Building C object examples/xApp/c/monitor/RRC_MESSAGES/CMakeFiles/asn1_nr_rrc.dir/NR_MRB-PDCP-ConfigBroadcast-r17.c.o
#9 53.04 [ 54%] Building C object examples/xApp/c/monitor/RRC_MESSAGES/CMakeFiles/asn1_nr_rrc.dir/NR_MRB-RLC-ConfigBroadcast-r17.c.o
#9 53.07 [ 54%] Building C object examples/xApp/c/monitor/RRC_MESSAGES/CMakeFiles/asn1_nr_rrc.dir/NR_MRB-ToAddModList-r17.c.o
#9 53.09 [ 54%] Building C object examples/xApp/c/monitor/RRC_MESSAGES/CMakeFiles/asn1_nr_rrc.dir/NR_MRB-ToAddMod-r17.c.o
#9 53.18 [ 54%] Building C object examples/xApp/c/monitor/RRC_MESSAGES/CMakeFiles/asn1_nr_rrc.dir/NR_MRB-ToReleaseList-r17.c.o
#9 53.20 [ 54%] Building C object examples/xApp/c/monitor/RRC_MESSAGES/CMakeFiles/asn1_nr_rrc.dir/NR_MRDC-AssistanceInfo.c.o
#9 53.20 [ 54%] Building C object examples/xApp/c/monitor/RRC_MESSAGES/CMakeFiles/asn1_nr_rrc.dir/NR_MRDC-Parameters.c.o
#9 53.23 [ 54%] Building C object examples/xApp/c/monitor/RRC_MESSAGES/CMakeFiles/asn1_nr_rrc.dir/NR_MRDC-Parameters-v1580.c.o
#9 53.23 [ 54%] Building C object examples/xApp/c/monitor/RRC_MESSAGES/CMakeFiles/asn1_nr_rrc.dir/NR_MRDC-Parameters-v1590.c.o
#9 53.26 [ 54%] Building C object examples/xApp/c/monitor/RRC_MESSAGES/CMakeFiles/asn1_nr_rrc.dir/NR_MRDC-Parameters-v15g0.c.o
#9 53.27 [ 54%] Building C object examples/xApp/c/monitor/RRC_MESSAGES/CMakeFiles/asn1_nr_rrc.dir/NR_MRDC-Parameters-v1620.c.o
#9 53.30 [ 54%] Building C object examples/xApp/c/monitor/RRC_MESSAGES/CMakeFiles/asn1_nr_rrc.dir/NR_MRDC-Parameters-v1630.c.o
#9 53.30 [ 54%] Building C object examples/xApp/c/monitor/RRC_MESSAGES/CMakeFiles/asn1_nr_rrc.dir/NR_MRDC-Parameters-v1700.c.o
#9 53.33 [ 54%] Building C object examples/xApp/c/monitor/RRC_MESSAGES/CMakeFiles/asn1_nr_rrc.dir/NR_MsgA-ConfigCommon-r16.c.o
#9 53.33 [ 54%] Building C object examples/xApp/c/monitor/RRC_MESSAGES/CMakeFiles/asn1_nr_rrc.dir/NR_MRDC-SecondaryCellGroupConfig.c.o
#9 53.36 [ 54%] Building C object examples/xApp/c/monitor/RRC_MESSAGES/CMakeFiles/asn1_nr_rrc.dir/NR_MsgA-DMRS-Config-r16.c.o
#9 53.36 [ 54%] Building C object examples/xApp/c/monitor/RRC_MESSAGES/CMakeFiles/asn1_nr_rrc.dir/NR_MsgA-PUSCH-Config-r16.c.o
#9 53.39 [ 54%] Building C object examples/xApp/c/monitor/RRC_MESSAGES/CMakeFiles/asn1_nr_rrc.dir/NR_MsgA-PUSCH-Resource-r16.c.o
#9 53.39 [ 54%] Building C object examples/xApp/c/monitor/RRC_MESSAGES/CMakeFiles/asn1_nr_rrc.dir/NR_MTCH-SSB-MappingWindowCycleOffset-r17.c.o
#9 53.43 [ 56%] Building C object examples/xApp/c/monitor/RRC_MESSAGES/CMakeFiles/asn1_nr_rrc.dir/NR_MTCH-SSB-MappingWindowIndex-r17.c.o
#9 53.45 [ 56%] Building C object examples/xApp/c/monitor/RRC_MESSAGES/CMakeFiles/asn1_nr_rrc.dir/NR_MTCH-SSB-MappingWindowList-r17.c.o
#9 53.46 [ 56%] Building C object examples/xApp/c/monitor/RRC_MESSAGES/CMakeFiles/asn1_nr_rrc.dir/NR_MultiBandInfoListEUTRA.c.o
#9 53.48 [ 56%] Building C object examples/xApp/c/monitor/RRC_MESSAGES/CMakeFiles/asn1_nr_rrc.dir/NR_MulticastConfig-r17.c.o
#9 53.49 [ 56%] Building C object examples/xApp/c/monitor/RRC_MESSAGES/CMakeFiles/asn1_nr_rrc.dir/NR_MulticastRLC-BearerConfig-r17.c.o
#9 53.53 [ 56%] Building C object examples/xApp/c/monitor/RRC_MESSAGES/CMakeFiles/asn1_nr_rrc.dir/NR_MultiDCI-MultiTRP-r16.c.o
#9 53.57 [ 56%] Building C object examples/xApp/c/monitor/RRC_MESSAGES/CMakeFiles/asn1_nr_rrc.dir/NR_MultiFrequencyBandListNR.c.o
#9 53.58 [ 56%] Building C object examples/xApp/c/monitor/RRC_MESSAGES/CMakeFiles/asn1_nr_rrc.dir/NR_MultiFrequencyBandListNR-SIB.c.o
#9 53.60 [ 56%] Building C object examples/xApp/c/monitor/RRC_MESSAGES/CMakeFiles/asn1_nr_rrc.dir/NR_MultiPDSCH-TDRA-List-r17.c.o
#9 53.61 [ 56%] Building C object examples/xApp/c/monitor/RRC_MESSAGES/CMakeFiles/asn1_nr_rrc.dir/NR_MultiPDSCH-TDRA-r17.c.o
#9 53.63 [ 56%] Building C object examples/xApp/c/monitor/RRC_MESSAGES/CMakeFiles/asn1_nr_rrc.dir/NR_MUSIM-Assistance-r17.c.o
#9 53.66 [ 56%] Building C object examples/xApp/c/monitor/RRC_MESSAGES/CMakeFiles/asn1_nr_rrc.dir/NR_MUSIM-GapAssistanceConfig-r17.c.o
#9 53.66 [ 56%] Building C object examples/xApp/c/monitor/RRC_MESSAGES/CMakeFiles/asn1_nr_rrc.dir/NR_MUSIM-GapConfig-r17.c.o
#9 53.70 [ 56%] Building C object examples/xApp/c/monitor/RRC_MESSAGES/CMakeFiles/asn1_nr_rrc.dir/NR_MUSIM-GapId-r17.c.o
#9 53.70 [ 56%] Building C object examples/xApp/c/monitor/RRC_MESSAGES/CMakeFiles/asn1_nr_rrc.dir/NR_MUSIM-GapInfo-r17.c.o
#9 53.73 [ 56%] Building C object examples/xApp/c/monitor/RRC_MESSAGES/CMakeFiles/asn1_nr_rrc.dir/NR_MUSIM-GapPreferenceList-r17.c.o
#9 53.74 [ 56%] Building C object examples/xApp/c/monitor/RRC_MESSAGES/CMakeFiles/asn1_nr_rrc.dir/NR_MUSIM-Gap-r17.c.o
#9 53.76 [ 56%] Building C object examples/xApp/c/monitor/RRC_MESSAGES/CMakeFiles/asn1_nr_rrc.dir/NR_MUSIM-LeaveAssistanceConfig-r17.c.o
#9 53.78 [ 56%] Building C object examples/xApp/c/monitor/RRC_MESSAGES/CMakeFiles/asn1_nr_rrc.dir/NR_MUSIM-Starting-SFN-AndSubframe-r17.c.o
#9 53.79 [ 56%] Building C object examples/xApp/c/monitor/RRC_MESSAGES/CMakeFiles/asn1_nr_rrc.dir/NR_NAICS-Capability-Entry.c.o
#9 53.82 [ 56%] Building C object examples/xApp/c/monitor/RRC_MESSAGES/CMakeFiles/asn1_nr_rrc.dir/NR_NeedForGapNCSG-ConfigEUTRA-r17.c.o
#9 53.82 [ 56%] Building C object examples/xApp/c/monitor/RRC_MESSAGES/CMakeFiles/asn1_nr_rrc.dir/NR_NeedForGapNCSG-ConfigNR-r17.c.o
#9 53.84 [ 56%] Building C object examples/xApp/c/monitor/RRC_MESSAGES/CMakeFiles/asn1_nr_rrc.dir/NR_NeedForGapNCSG-InfoEUTRA-r17.c.o
#9 53.86 [ 56%] Building C object examples/xApp/c/monitor/RRC_MESSAGES/CMakeFiles/asn1_nr_rrc.dir/NR_NeedForGapNCSG-InfoNR-r17.c.o
#9 53.89 [ 56%] Building C object examples/xApp/c/monitor/RRC_MESSAGES/CMakeFiles/asn1_nr_rrc.dir/NR_NeedForGapsConfigNR-r16.c.o
#9 53.89 [ 56%] Building C object examples/xApp/c/monitor/RRC_MESSAGES/CMakeFiles/asn1_nr_rrc.dir/NR_NeedForGapsBandListNR-r16.c.o
#9 53.91 [ 56%] Building C object examples/xApp/c/monitor/RRC_MESSAGES/CMakeFiles/asn1_nr_rrc.dir/NR_NeedForGapsInfoNR-r16.c.o
#9 53.93 [ 56%] Building C object examples/xApp/c/monitor/RRC_MESSAGES/CMakeFiles/asn1_nr_rrc.dir/NR_NeedForGapsIntraFreqList-r16.c.o
#9 53.94 [ 56%] Building C object examples/xApp/c/monitor/RRC_MESSAGES/CMakeFiles/asn1_nr_rrc.dir/NR_NeedForGapsIntraFreq-r16.c.o
#9 53.96 [ 56%] Building C object examples/xApp/c/monitor/RRC_MESSAGES/CMakeFiles/asn1_nr_rrc.dir/NR_NeedForGapsNR-r16.c.o
#9 53.97 [ 56%] Building C object examples/xApp/c/monitor/RRC_MESSAGES/CMakeFiles/asn1_nr_rrc.dir/NR_NeedForNCSG-BandListNR-r17.c.o
#9 53.99 [ 56%] Building C object examples/xApp/c/monitor/RRC_MESSAGES/CMakeFiles/asn1_nr_rrc.dir/NR_NeedForNCSG-EUTRA-r17.c.o
#9 54.00 [ 56%] Building C object examples/xApp/c/monitor/RRC_MESSAGES/CMakeFiles/asn1_nr_rrc.dir/NR_NeedForNCSG-IntraFreqList-r17.c.o
#9 54.02 [ 56%] Building C object examples/xApp/c/monitor/RRC_MESSAGES/CMakeFiles/asn1_nr_rrc.dir/NR_NeedForNCSG-IntraFreq-r17.c.o
#9 54.03 [ 56%] Building C object examples/xApp/c/monitor/RRC_MESSAGES/CMakeFiles/asn1_nr_rrc.dir/NR_NeedForNCSG-NR-r17.c.o
#9 54.05 [ 56%] Building C object examples/xApp/c/monitor/RRC_MESSAGES/CMakeFiles/asn1_nr_rrc.dir/NR_NeighbourCellInfo-r17.c.o
#9 54.06 [ 56%] Building C object examples/xApp/c/monitor/RRC_MESSAGES/CMakeFiles/asn1_nr_rrc.dir/NR_NextHopChainingCount.c.o
#9 54.08 [ 56%] Building C object examples/xApp/c/monitor/RRC_MESSAGES/CMakeFiles/asn1_nr_rrc.dir/NR_NG-5G-S-TMSI.c.o
#9 54.10 [ 56%] Building C object examples/xApp/c/monitor/RRC_MESSAGES/CMakeFiles/asn1_nr_rrc.dir/NR_NID-r16.c.o
#9 54.13 [ 57%] Building C object examples/xApp/c/monitor/RRC_MESSAGES/CMakeFiles/asn1_nr_rrc.dir/NR_NonCellDefiningSSB-r17.c.o
#9 54.13 [ 57%] Building C object examples/xApp/c/monitor/RRC_MESSAGES/CMakeFiles/asn1_nr_rrc.dir/NR_NotificationMessageSidelink-r17.c.o
#9 54.16 [ 57%] Building C object examples/xApp/c/monitor/RRC_MESSAGES/CMakeFiles/asn1_nr_rrc.dir/NR_NotificationMessageSidelink-r17-IEs.c.o
#9 54.16 [ 57%] Building C object examples/xApp/c/monitor/RRC_MESSAGES/CMakeFiles/asn1_nr_rrc.dir/NR_NPN-IdentityInfoList-r16.c.o
#9 54.18 [ 57%] Building C object examples/xApp/c/monitor/RRC_MESSAGES/CMakeFiles/asn1_nr_rrc.dir/NR_NPN-IdentityInfo-r16.c.o
#9 54.20 [ 57%] Building C object examples/xApp/c/monitor/RRC_MESSAGES/CMakeFiles/asn1_nr_rrc.dir/NR_NPN-Identity-r16.c.o
#9 54.22 [ 57%] Building C object examples/xApp/c/monitor/RRC_MESSAGES/CMakeFiles/asn1_nr_rrc.dir/NR_NRDC-Parameters.c.o
#9 54.24 [ 57%] Building C object examples/xApp/c/monitor/RRC_MESSAGES/CMakeFiles/asn1_nr_rrc.dir/NR_NRDC-Parameters-v1570.c.o
#9 54.25 [ 57%] Building C object examples/xApp/c/monitor/RRC_MESSAGES/CMakeFiles/asn1_nr_rrc.dir/NR_NRDC-Parameters-v15c0.c.o
#9 54.27 [ 57%] Building C object examples/xApp/c/monitor/RRC_MESSAGES/CMakeFiles/asn1_nr_rrc.dir/NR_NRDC-Parameters-v1610.c.o
#9 54.29 [ 57%] Building C object examples/xApp/c/monitor/RRC_MESSAGES/CMakeFiles/asn1_nr_rrc.dir/NR_NRDC-Parameters-v1700.c.o
#9 54.30 [ 57%] Building C object examples/xApp/c/monitor/RRC_MESSAGES/CMakeFiles/asn1_nr_rrc.dir/NR_NR-DL-PRS-PDC-Info-r17.c.o
#9 54.33 [ 57%] Building C object examples/xApp/c/monitor/RRC_MESSAGES/CMakeFiles/asn1_nr_rrc.dir/NR_NR-DL-PRS-PDC-ResourceSet-r17.c.o
#9 54.35 [ 57%] Building C object examples/xApp/c/monitor/RRC_MESSAGES/CMakeFiles/asn1_nr_rrc.dir/NR_NR-DL-PRS-Periodicity-and-ResourceSetSlotOffset-r17.c.o
#9 54.36 [ 57%] Building C object examples/xApp/c/monitor/RRC_MESSAGES/CMakeFiles/asn1_nr_rrc.dir/NR_NR-DL-PRS-ResourceID-r17.c.o
#9 54.39 [ 57%] Building C object examples/xApp/c/monitor/RRC_MESSAGES/CMakeFiles/asn1_nr_rrc.dir/NR_NR-DL-PRS-Resource-r17.c.o
#9 54.43 [ 57%] Building C object examples/xApp/c/monitor/RRC_MESSAGES/CMakeFiles/asn1_nr_rrc.dir/NR_NR-MultiBandInfo.c.o
#9 54.43 [ 57%] Building C object examples/xApp/c/monitor/RRC_MESSAGES/CMakeFiles/asn1_nr_rrc.dir/NR_NR-FreqInfo.c.o
#9 54.46 [ 57%] Building C object examples/xApp/c/monitor/RRC_MESSAGES/CMakeFiles/asn1_nr_rrc.dir/NR_NR-NS-PmaxList.c.o
#9 54.46 [ 57%] Building C object examples/xApp/c/monitor/RRC_MESSAGES/CMakeFiles/asn1_nr_rrc.dir/NR_NR-NS-PmaxValue.c.o
#9 54.49 [ 57%] Building C object examples/xApp/c/monitor/RRC_MESSAGES/CMakeFiles/asn1_nr_rrc.dir/NR_NR-PRS-MeasurementInfoList-r16.c.o
#9 54.50 [ 57%] Building C object examples/xApp/c/monitor/RRC_MESSAGES/CMakeFiles/asn1_nr_rrc.dir/NR_NR-PRS-MeasurementInfo-r16.c.o
#9 54.52 [ 57%] Building C object examples/xApp/c/monitor/RRC_MESSAGES/CMakeFiles/asn1_nr_rrc.dir/NR_NR-RS-Type.c.o
#9 54.53 [ 57%] Building C object examples/xApp/c/monitor/RRC_MESSAGES/CMakeFiles/asn1_nr_rrc.dir/NR_NR-TimeStamp-r17.c.o
#9 54.55 [ 57%] Building C object examples/xApp/c/monitor/RRC_MESSAGES/CMakeFiles/asn1_nr_rrc.dir/NR_NSAG-IdentityInfo-r17.c.o
#9 54.57 [ 57%] Building C object examples/xApp/c/monitor/RRC_MESSAGES/CMakeFiles/asn1_nr_rrc.dir/NR_NSAG-ID-r17.c.o
#9 54.59 [ 57%] Building C object examples/xApp/c/monitor/RRC_MESSAGES/CMakeFiles/asn1_nr_rrc.dir/NR_NSAG-List-r17.c.o
#9 54.60 [ 57%] Building C object examples/xApp/c/monitor/RRC_MESSAGES/CMakeFiles/asn1_nr_rrc.dir/NR_NTN-Config-r17.c.o
#9 54.62 [ 57%] Building C object examples/xApp/c/monitor/RRC_MESSAGES/CMakeFiles/asn1_nr_rrc.dir/NR_NTN-NeighCellConfigList-r17.c.o
#9 54.63 [ 57%] Building C object examples/xApp/c/monitor/RRC_MESSAGES/CMakeFiles/asn1_nr_rrc.dir/NR_NTN-NeighCellConfig-r17.c.o
#9 54.65 [ 57%] Building C object examples/xApp/c/monitor/RRC_MESSAGES/CMakeFiles/asn1_nr_rrc.dir/NR_NTN-Parameters-r17.c.o
#9 54.66 [ 57%] Building C object examples/xApp/c/monitor/RRC_MESSAGES/CMakeFiles/asn1_nr_rrc.dir/NR_NumberOfCarriers.c.o
#9 54.69 [ 57%] Building C object examples/xApp/c/monitor/RRC_MESSAGES/CMakeFiles/asn1_nr_rrc.dir/NR_NumberOfMsg3-Repetitions-r17.c.o
#9 54.70 [ 57%] Building C object examples/xApp/c/monitor/RRC_MESSAGES/CMakeFiles/asn1_nr_rrc.dir/NR_NZP-CSI-RS-Pairing-r17.c.o
#9 54.73 [ 57%] Building C object examples/xApp/c/monitor/RRC_MESSAGES/CMakeFiles/asn1_nr_rrc.dir/NR_NZP-CSI-RS-Resource.c.o
#9 54.74 [ 57%] Building C object examples/xApp/c/monitor/RRC_MESSAGES/CMakeFiles/asn1_nr_rrc.dir/NR_NZP-CSI-RS-ResourceId.c.o
#9 54.77 [ 57%] Building C object examples/xApp/c/monitor/RRC_MESSAGES/CMakeFiles/asn1_nr_rrc.dir/NR_NZP-CSI-RS-ResourceSet.c.o
#9 54.78 [ 57%] Building C object examples/xApp/c/monitor/RRC_MESSAGES/CMakeFiles/asn1_nr_rrc.dir/NR_NZP-CSI-RS-ResourceSetId.c.o
#9 54.81 [ 57%] Building C object examples/xApp/c/monitor/RRC_MESSAGES/CMakeFiles/asn1_nr_rrc.dir/NR_OffsetValue-r17.c.o
#9 54.82 [ 59%] Building C object examples/xApp/c/monitor/RRC_MESSAGES/CMakeFiles/asn1_nr_rrc.dir/NR_OLPC-SRS-Pos-r16.c.o
#9 54.84 [ 59%] Building C object examples/xApp/c/monitor/RRC_MESSAGES/CMakeFiles/asn1_nr_rrc.dir/NR_OnDemandSIB-Request-r16.c.o
#9 54.86 [ 59%] Building C object examples/xApp/c/monitor/RRC_MESSAGES/CMakeFiles/asn1_nr_rrc.dir/NR_Orbital-r17.c.o
#9 54.88 [ 59%] Building C object examples/xApp/c/monitor/RRC_MESSAGES/CMakeFiles/asn1_nr_rrc.dir/NR_OtherConfig.c.o
#9 54.90 [ 59%] Building C object examples/xApp/c/monitor/RRC_MESSAGES/CMakeFiles/asn1_nr_rrc.dir/NR_OtherConfig-v1540.c.o
#9 54.91 [ 59%] Building C object examples/xApp/c/monitor/RRC_MESSAGES/CMakeFiles/asn1_nr_rrc.dir/NR_OtherConfig-v1610.c.o
#9 55.00 [ 59%] Building C object examples/xApp/c/monitor/RRC_MESSAGES/CMakeFiles/asn1_nr_rrc.dir/NR_OtherConfig-v1700.c.o
#9 55.03 [ 59%] Building C object examples/xApp/c/monitor/RRC_MESSAGES/CMakeFiles/asn1_nr_rrc.dir/NR_OutsideActiveTimeConfig-r16.c.o
#9 55.07 [ 59%] Building C object examples/xApp/c/monitor/RRC_MESSAGES/CMakeFiles/asn1_nr_rrc.dir/NR_OverheatingAssistance.c.o
#9 55.11 [ 59%] Building C object examples/xApp/c/monitor/RRC_MESSAGES/CMakeFiles/asn1_nr_rrc.dir/NR_OverheatingAssistanceConfig.c.o
#9 55.11 [ 59%] Building C object examples/xApp/c/monitor/RRC_MESSAGES/CMakeFiles/asn1_nr_rrc.dir/NR_OverheatingAssistance-r17.c.o
#9 55.14 [ 59%] Building C object examples/xApp/c/monitor/RRC_MESSAGES/CMakeFiles/asn1_nr_rrc.dir/NR_P0AlphaSet-r17.c.o
#9 55.15 [ 59%] Building C object examples/xApp/c/monitor/RRC_MESSAGES/CMakeFiles/asn1_nr_rrc.dir/NR_P0-PUCCH.c.o
#9 55.18 [ 59%] Building C object examples/xApp/c/monitor/RRC_MESSAGES/CMakeFiles/asn1_nr_rrc.dir/NR_P0-PUCCH-Id.c.o
#9 55.19 [ 59%] Building C object examples/xApp/c/monitor/RRC_MESSAGES/CMakeFiles/asn1_nr_rrc.dir/NR_P0-PUSCH-AlphaSet.c.o
#9 55.21 [ 59%] Building C object examples/xApp/c/monitor/RRC_MESSAGES/CMakeFiles/asn1_nr_rrc.dir/NR_P0-PUSCH-AlphaSetId.c.o
#9 55.22 [ 59%] Building C object examples/xApp/c/monitor/RRC_MESSAGES/CMakeFiles/asn1_nr_rrc.dir/NR_P0-PUSCH-r16.c.o
#9 55.25 [ 59%] Building C object examples/xApp/c/monitor/RRC_MESSAGES/CMakeFiles/asn1_nr_rrc.dir/NR_P0-PUSCH-SetId-r16.c.o
#9 55.26 [ 59%] Building C object examples/xApp/c/monitor/RRC_MESSAGES/CMakeFiles/asn1_nr_rrc.dir/NR_P0-PUSCH-Set-r16.c.o
#9 55.29 [ 59%] Building C object examples/xApp/c/monitor/RRC_MESSAGES/CMakeFiles/asn1_nr_rrc.dir/NR_Paging.c.o
#9 55.29 [ 59%] Building C object examples/xApp/c/monitor/RRC_MESSAGES/CMakeFiles/asn1_nr_rrc.dir/NR_PagingCycle.c.o
#9 55.33 [ 59%] Building C object examples/xApp/c/monitor/RRC_MESSAGES/CMakeFiles/asn1_nr_rrc.dir/NR_PagingGroupList-r17.c.o
#9 55.33 [ 59%] Building C object examples/xApp/c/monitor/RRC_MESSAGES/CMakeFiles/asn1_nr_rrc.dir/NR_PagingRecord.c.o
#9 55.37 [ 59%] Building C object examples/xApp/c/monitor/RRC_MESSAGES/CMakeFiles/asn1_nr_rrc.dir/NR_PagingRecordList.c.o
#9 55.37 [ 59%] Building C object examples/xApp/c/monitor/RRC_MESSAGES/CMakeFiles/asn1_nr_rrc.dir/NR_PagingRecordList-v1700.c.o
#9 55.40 [ 59%] Building C object examples/xApp/c/monitor/RRC_MESSAGES/CMakeFiles/asn1_nr_rrc.dir/NR_PagingRecord-v1700.c.o
#9 55.41 [ 59%] Building C object examples/xApp/c/monitor/RRC_MESSAGES/CMakeFiles/asn1_nr_rrc.dir/NR_PagingUE-Identity.c.o
#9 55.43 [ 59%] Building C object examples/xApp/c/monitor/RRC_MESSAGES/CMakeFiles/asn1_nr_rrc.dir/NR_Paging-v1700-IEs.c.o
#9 55.45 [ 59%] Building C object examples/xApp/c/monitor/RRC_MESSAGES/CMakeFiles/asn1_nr_rrc.dir/NR_PathlossReferenceRS-Config.c.o
#9 55.48 [ 59%] Building C object examples/xApp/c/monitor/RRC_MESSAGES/CMakeFiles/asn1_nr_rrc.dir/NR_PathlossReferenceRS-Id-r17.c.o
#9 55.49 [ 59%] Building C object examples/xApp/c/monitor/RRC_MESSAGES/CMakeFiles/asn1_nr_rrc.dir/NR_PathlossReferenceRSList-r16.c.o
#9 55.52 [ 59%] Building C object examples/xApp/c/monitor/RRC_MESSAGES/CMakeFiles/asn1_nr_rrc.dir/NR_PathlossReferenceRS-r16.c.o
#9 55.54 [ 59%] Building C object examples/xApp/c/monitor/RRC_MESSAGES/CMakeFiles/asn1_nr_rrc.dir/NR_PathlossReferenceRS-r17.c.o
#9 55.56 [ 59%] Building C object examples/xApp/c/monitor/RRC_MESSAGES/CMakeFiles/asn1_nr_rrc.dir/NR_PathlossReferenceRSs-v1610.c.o
#9 55.57 [ 59%] Building C object examples/xApp/c/monitor/RRC_MESSAGES/CMakeFiles/asn1_nr_rrc.dir/NR_PCCH-Config.c.o
#9 55.61 [ 59%] Building C object examples/xApp/c/monitor/RRC_MESSAGES/CMakeFiles/asn1_nr_rrc.dir/NR_PCCH-Message.c.o
#9 55.64 [ 59%] Building C object examples/xApp/c/monitor/RRC_MESSAGES/CMakeFiles/asn1_nr_rrc.dir/NR_PCCH-MessageType.c.o
#9 55.64 [ 59%] Building C object examples/xApp/c/monitor/RRC_MESSAGES/CMakeFiles/asn1_nr_rrc.dir/NR_PCI-ARFCN-EUTRA-r16.c.o
#9 55.68 [ 60%] Building C object examples/xApp/c/monitor/RRC_MESSAGES/CMakeFiles/asn1_nr_rrc.dir/NR_PCI-ARFCN-NR-r16.c.o
#9 55.68 [ 60%] Building C object examples/xApp/c/monitor/RRC_MESSAGES/CMakeFiles/asn1_nr_rrc.dir/NR_PCI-List.c.o
#9 55.71 [ 60%] Building C object examples/xApp/c/monitor/RRC_MESSAGES/CMakeFiles/asn1_nr_rrc.dir/NR_PCI-Range.c.o
#9 55.72 [ 60%] Building C object examples/xApp/c/monitor/RRC_MESSAGES/CMakeFiles/asn1_nr_rrc.dir/NR_PCI-RangeElement.c.o
#9 55.75 [ 60%] Building C object examples/xApp/c/monitor/RRC_MESSAGES/CMakeFiles/asn1_nr_rrc.dir/NR_PCI-RangeIndex.c.o
#9 55.75 [ 60%] Building C object examples/xApp/c/monitor/RRC_MESSAGES/CMakeFiles/asn1_nr_rrc.dir/NR_PCI-RangeIndexList.c.o
#9 55.79 [ 60%] Building C object examples/xApp/c/monitor/RRC_MESSAGES/CMakeFiles/asn1_nr_rrc.dir/NR_PDCCH-BlindDetection2-r16.c.o
#9 55.79 [ 60%] Building C object examples/xApp/c/monitor/RRC_MESSAGES/CMakeFiles/asn1_nr_rrc.dir/NR_PDCCH-BlindDetection3-r16.c.o
#9 55.83 [ 60%] Building C object examples/xApp/c/monitor/RRC_MESSAGES/CMakeFiles/asn1_nr_rrc.dir/NR_PDCCH-BlindDetection.c.o
#9 55.84 [ 60%] Building C object examples/xApp/c/monitor/RRC_MESSAGES/CMakeFiles/asn1_nr_rrc.dir/NR_PDCCH-BlindDetectionCA-CombIndicator-r16.c.o
#9 55.87 [ 60%] Building C object examples/xApp/c/monitor/RRC_MESSAGES/CMakeFiles/asn1_nr_rrc.dir/NR_PDCCH-BlindDetectionCA-CombIndicator-r17.c.o
#9 55.88 [ 60%] Building C object examples/xApp/c/monitor/RRC_MESSAGES/CMakeFiles/asn1_nr_rrc.dir/NR_PDCCH-BlindDetectionCA-Mixed1-r17.c.o
#9 55.91 [ 60%] Building C object examples/xApp/c/monitor/RRC_MESSAGES/CMakeFiles/asn1_nr_rrc.dir/NR_PDCCH-BlindDetectionCA-MixedExt-r16.c.o
#9 55.92 [ 60%] Building C object examples/xApp/c/monitor/RRC_MESSAGES/CMakeFiles/asn1_nr_rrc.dir/NR_PDCCH-BlindDetectionCA-Mixed-r17.c.o
#9 55.95 [ 60%] Building C object examples/xApp/c/monitor/RRC_MESSAGES/CMakeFiles/asn1_nr_rrc.dir/NR_PDCCH-BlindDetectionCG-UE-Mixed1-r17.c.o
#9 55.96 [ 60%] Building C object examples/xApp/c/monitor/RRC_MESSAGES/CMakeFiles/asn1_nr_rrc.dir/NR_PDCCH-BlindDetectionCG-UE-MixedExt-r16.c.o
#9 55.99 [ 60%] Building C object examples/xApp/c/monitor/RRC_MESSAGES/CMakeFiles/asn1_nr_rrc.dir/NR_PDCCH-BlindDetectionCG-UE-Mixed-r17.c.o
#9 56.00 [ 60%] Building C object examples/xApp/c/monitor/RRC_MESSAGES/CMakeFiles/asn1_nr_rrc.dir/NR_PDCCH-BlindDetectionMCG-SCG-r17.c.o
#9 56.03 [ 60%] Building C object examples/xApp/c/monitor/RRC_MESSAGES/CMakeFiles/asn1_nr_rrc.dir/NR_PDCCH-BlindDetectionMixed1-r17.c.o
#9 56.04 [ 60%] Building C object examples/xApp/c/monitor/RRC_MESSAGES/CMakeFiles/asn1_nr_rrc.dir/NR_PDCCH-BlindDetectionMixedList-r16.c.o
#9 56.06 [ 60%] Building C object examples/xApp/c/monitor/RRC_MESSAGES/CMakeFiles/asn1_nr_rrc.dir/NR_PDCCH-Config.c.o
#9 56.06 [ 60%] Building C object examples/xApp/c/monitor/RRC_MESSAGES/CMakeFiles/asn1_nr_rrc.dir/NR_PDCCH-BlindDetectionMixed-r17.c.o
#9 56.10 [ 60%] Building C object examples/xApp/c/monitor/RRC_MESSAGES/CMakeFiles/asn1_nr_rrc.dir/NR_PDCCH-ConfigCommon.c.o
#9 56.19 [ 60%] Building C object examples/xApp/c/monitor/RRC_MESSAGES/CMakeFiles/asn1_nr_rrc.dir/NR_PDCCH-ConfigSIB1.c.o
#9 56.23 [ 60%] Building C object examples/xApp/c/monitor/RRC_MESSAGES/CMakeFiles/asn1_nr_rrc.dir/NR_PDCCH-MonitoringOccasions-r16.c.o
#9 56.24 [ 60%] Building C object examples/xApp/c/monitor/RRC_MESSAGES/CMakeFiles/asn1_nr_rrc.dir/NR_PDCCH-RepetitionParameters-r17.c.o
#9 56.27 [ 60%] Building C object examples/xApp/c/monitor/RRC_MESSAGES/CMakeFiles/asn1_nr_rrc.dir/NR_PDCCH-ServingCellConfig.c.o
#9 56.28 [ 60%] Building C object examples/xApp/c/monitor/RRC_MESSAGES/CMakeFiles/asn1_nr_rrc.dir/NR_PDCP-Config.c.o
#9 56.42 [ 60%] Building C object examples/xApp/c/monitor/RRC_MESSAGES/CMakeFiles/asn1_nr_rrc.dir/NR_PDCP-Parameters.c.o
#9 56.45 [ 60%] Building C object examples/xApp/c/monitor/RRC_MESSAGES/CMakeFiles/asn1_nr_rrc.dir/NR_PDCP-ParametersMRDC.c.o
#9 56.46 [ 60%] Building C object examples/xApp/c/monitor/RRC_MESSAGES/CMakeFiles/asn1_nr_rrc.dir/NR_PDCP-ParametersMRDC-v1610.c.o
#9 56.49 [ 60%] Building C object examples/xApp/c/monitor/RRC_MESSAGES/CMakeFiles/asn1_nr_rrc.dir/NR_PDCP-ParametersSidelink-r16.c.o
#9 56.50 [ 60%] Building C object examples/xApp/c/monitor/RRC_MESSAGES/CMakeFiles/asn1_nr_rrc.dir/NR_PDSCH-CodeBlockGroupTransmission.c.o
#9 56.52 [ 60%] Building C object examples/xApp/c/monitor/RRC_MESSAGES/CMakeFiles/asn1_nr_rrc.dir/NR_PDSCH-CodeBlockGroupTransmissionList-r16.c.o
#9 56.54 [ 60%] Building C object examples/xApp/c/monitor/RRC_MESSAGES/CMakeFiles/asn1_nr_rrc.dir/NR_PDSCH-ConfigBroadcast-r17.c.o
#9 56.56 [ 60%] Building C object examples/xApp/c/monitor/RRC_MESSAGES/CMakeFiles/asn1_nr_rrc.dir/NR_PDSCH-Config.c.o
#9 56.59 [ 60%] Building C object examples/xApp/c/monitor/RRC_MESSAGES/CMakeFiles/asn1_nr_rrc.dir/NR_PDSCH-ConfigCommon.c.o
#9 56.62 [ 60%] Building C object examples/xApp/c/monitor/RRC_MESSAGES/CMakeFiles/asn1_nr_rrc.dir/NR_PDSCH-ConfigIndex-r17.c.o
#9 56.66 [ 60%] Building C object examples/xApp/c/monitor/RRC_MESSAGES/CMakeFiles/asn1_nr_rrc.dir/NR_PDSCH-ConfigPTM-r17.c.o
#9 56.69 [ 61%] Building C object examples/xApp/c/monitor/RRC_MESSAGES/CMakeFiles/asn1_nr_rrc.dir/NR_PDSCH-HARQ-ACK-CodebookList-r16.c.o
#9 56.70 [ 61%] Building C object examples/xApp/c/monitor/RRC_MESSAGES/CMakeFiles/asn1_nr_rrc.dir/NR_PDSCH-HARQ-ACK-EnhType3Index-r17.c.o
#9 56.73 [ 61%] Building C object examples/xApp/c/monitor/RRC_MESSAGES/CMakeFiles/asn1_nr_rrc.dir/NR_PDSCH-ServingCellConfig.c.o
#9 56.73 [ 61%] Building C object examples/xApp/c/monitor/RRC_MESSAGES/CMakeFiles/asn1_nr_rrc.dir/NR_PDSCH-HARQ-ACK-EnhType3-r17.c.o
#9 56.77 [ 61%] Building C object examples/xApp/c/monitor/RRC_MESSAGES/CMakeFiles/asn1_nr_rrc.dir/NR_PDSCH-TimeDomainResourceAllocation.c.o
#9 56.82 [ 61%] Building C object examples/xApp/c/monitor/RRC_MESSAGES/CMakeFiles/asn1_nr_rrc.dir/NR_PDSCH-TimeDomainResourceAllocationList.c.o
#9 56.85 [ 61%] Building C object examples/xApp/c/monitor/RRC_MESSAGES/CMakeFiles/asn1_nr_rrc.dir/NR_PDSCH-TimeDomainResourceAllocationList-r16.c.o
#9 56.89 [ 61%] Building C object examples/xApp/c/monitor/RRC_MESSAGES/CMakeFiles/asn1_nr_rrc.dir/NR_PDSCH-TimeDomainResourceAllocation-r16.c.o
#9 56.91 [ 61%] Building C object examples/xApp/c/monitor/RRC_MESSAGES/CMakeFiles/asn1_nr_rrc.dir/NR_PDU-SessionID.c.o
#9 56.94 [ 61%] Building C object examples/xApp/c/monitor/RRC_MESSAGES/CMakeFiles/asn1_nr_rrc.dir/NR_PEI-Config-r17.c.o
#9 56.95 [ 61%] Building C object examples/xApp/c/monitor/RRC_MESSAGES/CMakeFiles/asn1_nr_rrc.dir/NR_PeriodicalReportConfig.c.o
#9 56.99 [ 61%] Building C object examples/xApp/c/monitor/RRC_MESSAGES/CMakeFiles/asn1_nr_rrc.dir/NR_PeriodicalReportConfigInterRAT.c.o
#9 57.08 [ 61%] Building C object examples/xApp/c/monitor/RRC_MESSAGES/CMakeFiles/asn1_nr_rrc.dir/NR_PeriodicalReportConfigNR-SL-r16.c.o
#9 57.12 [ 61%] Building C object examples/xApp/c/monitor/RRC_MESSAGES/CMakeFiles/asn1_nr_rrc.dir/NR_PeriodicRNAU-TimerValue.c.o
#9 57.16 [ 61%] Building C object examples/xApp/c/monitor/RRC_MESSAGES/CMakeFiles/asn1_nr_rrc.dir/NR_PerRAAttemptInfoList-r16.c.o
#9 57.20 [ 61%] Building C object examples/xApp/c/monitor/RRC_MESSAGES/CMakeFiles/asn1_nr_rrc.dir/NR_PerRAAttemptInfo-r16.c.o
#9 57.20 [ 61%] Building C object examples/xApp/c/monitor/RRC_MESSAGES/CMakeFiles/asn1_nr_rrc.dir/NR_PerRACSI-RSInfo-r16.c.o
#9 57.24 [ 61%] Building C object examples/xApp/c/monitor/RRC_MESSAGES/CMakeFiles/asn1_nr_rrc.dir/NR_PerRACSI-RSInfo-v1660.c.o
#9 57.25 [ 61%] Building C object examples/xApp/c/monitor/RRC_MESSAGES/CMakeFiles/asn1_nr_rrc.dir/NR_PerRAInfoList-r16.c.o
#9 57.27 [ 61%] Building C object examples/xApp/c/monitor/RRC_MESSAGES/CMakeFiles/asn1_nr_rrc.dir/NR_PerRAInfoList-v1660.c.o
#9 57.29 [ 61%] Building C object examples/xApp/c/monitor/RRC_MESSAGES/CMakeFiles/asn1_nr_rrc.dir/NR_PerRAInfo-r16.c.o
#9 57.30 [ 61%] Building C object examples/xApp/c/monitor/RRC_MESSAGES/CMakeFiles/asn1_nr_rrc.dir/NR_PerRASSBInfo-r16.c.o
#9 57.32 [ 61%] Building C object examples/xApp/c/monitor/RRC_MESSAGES/CMakeFiles/asn1_nr_rrc.dir/NR_PH-InfoMCG.c.o
#9 57.35 [ 61%] Building C object examples/xApp/c/monitor/RRC_MESSAGES/CMakeFiles/asn1_nr_rrc.dir/NR_PH-InfoSCG.c.o
#9 57.35 [ 61%] Building C object examples/xApp/c/monitor/RRC_MESSAGES/CMakeFiles/asn1_nr_rrc.dir/NR_PHR-Config.c.o
#9 57.39 [ 61%] Building C object examples/xApp/c/monitor/RRC_MESSAGES/CMakeFiles/asn1_nr_rrc.dir/NR_PH-TypeListMCG.c.o
#9 57.43 [ 61%] Building C object examples/xApp/c/monitor/RRC_MESSAGES/CMakeFiles/asn1_nr_rrc.dir/NR_PH-TypeListSCG.c.o
#9 57.46 [ 61%] Building C object examples/xApp/c/monitor/RRC_MESSAGES/CMakeFiles/asn1_nr_rrc.dir/NR_PH-UplinkCarrierMCG.c.o
#9 57.47 [ 61%] Building C object examples/xApp/c/monitor/RRC_MESSAGES/CMakeFiles/asn1_nr_rrc.dir/NR_PH-UplinkCarrierSCG.c.o
#9 57.51 [ 61%] Building C object examples/xApp/c/monitor/RRC_MESSAGES/CMakeFiles/asn1_nr_rrc.dir/NR_Phy-Parameters.c.o
#9 57.52 [ 61%] Building C object examples/xApp/c/monitor/RRC_MESSAGES/CMakeFiles/asn1_nr_rrc.dir/NR_Phy-ParametersCommon.c.o
#9 57.55 [ 61%] Building C object examples/xApp/c/monitor/RRC_MESSAGES/CMakeFiles/asn1_nr_rrc.dir/NR_Phy-ParametersCommon-v16a0.c.o
#9 57.58 [ 61%] Building C object examples/xApp/c/monitor/RRC_MESSAGES/CMakeFiles/asn1_nr_rrc.dir/NR_Phy-ParametersFR1.c.o
#9 57.60 [ 61%] Building C object examples/xApp/c/monitor/RRC_MESSAGES/CMakeFiles/asn1_nr_rrc.dir/NR_Phy-ParametersFR2.c.o
#9 57.62 [ 61%] Building C object examples/xApp/c/monitor/RRC_MESSAGES/CMakeFiles/asn1_nr_rrc.dir/NR_Phy-ParametersFRX-Diff.c.o
#9 57.64 [ 61%] Building C object examples/xApp/c/monitor/RRC_MESSAGES/CMakeFiles/asn1_nr_rrc.dir/NR_Phy-ParametersMRDC.c.o
#9 57.68 [ 61%] Building C object examples/xApp/c/monitor/RRC_MESSAGES/CMakeFiles/asn1_nr_rrc.dir/NR_Phy-ParametersSharedSpectrumChAccess-r16.c.o
#9 57.69 [ 61%] Building C object examples/xApp/c/monitor/RRC_MESSAGES/CMakeFiles/asn1_nr_rrc.dir/NR_Phy-Parameters-v16a0.c.o
#9 57.72 [ 61%] Building C object examples/xApp/c/monitor/RRC_MESSAGES/CMakeFiles/asn1_nr_rrc.dir/NR_Phy-ParametersXDD-Diff.c.o
#9 57.73 [ 63%] Building C object examples/xApp/c/monitor/RRC_MESSAGES/CMakeFiles/asn1_nr_rrc.dir/NR_PhysCellId.c.o
#9 57.75 [ 63%] Building C object examples/xApp/c/monitor/RRC_MESSAGES/CMakeFiles/asn1_nr_rrc.dir/NR_PhysCellIdUTRA-FDD-r16.c.o
#9 57.78 [ 63%] Building C object examples/xApp/c/monitor/RRC_MESSAGES/CMakeFiles/asn1_nr_rrc.dir/NR_PhysicalCellGroupConfig.c.o
#9 57.80 [ 63%] Building C object examples/xApp/c/monitor/RRC_MESSAGES/CMakeFiles/asn1_nr_rrc.dir/NR_PLMN-Identity.c.o
#9 57.84 [ 63%] Building C object examples/xApp/c/monitor/RRC_MESSAGES/CMakeFiles/asn1_nr_rrc.dir/NR_PLMN-Identity-EUTRA-5GC.c.o
#9 57.89 [ 63%] Building C object examples/xApp/c/monitor/RRC_MESSAGES/CMakeFiles/asn1_nr_rrc.dir/NR_PLMN-IdentityInfo.c.o
#9 57.90 [ 63%] Building C object examples/xApp/c/monitor/RRC_MESSAGES/CMakeFiles/asn1_nr_rrc.dir/NR_PLMN-IdentityInfoList.c.o
#9 57.92 [ 63%] Building C object examples/xApp/c/monitor/RRC_MESSAGES/CMakeFiles/asn1_nr_rrc.dir/NR_PLMN-IdentityList2-r16.c.o
#9 57.95 [ 63%] Building C object examples/xApp/c/monitor/RRC_MESSAGES/CMakeFiles/asn1_nr_rrc.dir/NR_PLMN-IdentityList-EUTRA-5GC.c.o
#9 57.96 [ 63%] Building C object examples/xApp/c/monitor/RRC_MESSAGES/CMakeFiles/asn1_nr_rrc.dir/NR_PLMN-IdentityList-EUTRA-EPC.c.o
#9 57.99 [ 63%] Building C object examples/xApp/c/monitor/RRC_MESSAGES/CMakeFiles/asn1_nr_rrc.dir/NR_PLMN-IdentityList-r16.c.o
#9 57.99 [ 63%] Building C object examples/xApp/c/monitor/RRC_MESSAGES/CMakeFiles/asn1_nr_rrc.dir/NR_PLMN-RAN-AreaCell.c.o
#9 58.03 [ 63%] Building C object examples/xApp/c/monitor/RRC_MESSAGES/CMakeFiles/asn1_nr_rrc.dir/NR_PLMN-RAN-AreaCellList.c.o
#9 58.04 [ 63%] Building C object examples/xApp/c/monitor/RRC_MESSAGES/CMakeFiles/asn1_nr_rrc.dir/NR_PLMN-RAN-AreaConfig.c.o
#9 58.07 [ 63%] Building C object examples/xApp/c/monitor/RRC_MESSAGES/CMakeFiles/asn1_nr_rrc.dir/NR_PLMN-RAN-AreaConfigList.c.o
#9 58.07 [ 63%] Building C object examples/xApp/c/monitor/RRC_MESSAGES/CMakeFiles/asn1_nr_rrc.dir/NR_P-Max.c.o
#9 58.11 [ 63%] Building C object examples/xApp/c/monitor/RRC_MESSAGES/CMakeFiles/asn1_nr_rrc.dir/NR_PollByte.c.o
#9 58.12 [ 63%] Building C object examples/xApp/c/monitor/RRC_MESSAGES/CMakeFiles/asn1_nr_rrc.dir/NR_PollPDU.c.o
#9 58.15 [ 63%] Building C object examples/xApp/c/monitor/RRC_MESSAGES/CMakeFiles/asn1_nr_rrc.dir/NR_PortIndex2.c.o
#9 58.16 [ 63%] Building C object examples/xApp/c/monitor/RRC_MESSAGES/CMakeFiles/asn1_nr_rrc.dir/NR_PortIndex4.c.o
#9 58.19 [ 63%] Building C object examples/xApp/c/monitor/RRC_MESSAGES/CMakeFiles/asn1_nr_rrc.dir/NR_PortIndex8.c.o
#9 58.20 [ 63%] Building C object examples/xApp/c/monitor/RRC_MESSAGES/CMakeFiles/asn1_nr_rrc.dir/NR_PortIndexFor8Ranks.c.o
#9 58.23 [ 63%] Building C object examples/xApp/c/monitor/RRC_MESSAGES/CMakeFiles/asn1_nr_rrc.dir/NR_PosGapConfig-r17.c.o
#9 58.26 [ 63%] Building C object examples/xApp/c/monitor/RRC_MESSAGES/CMakeFiles/asn1_nr_rrc.dir/NR_PositionStateVector-r17.c.o
#9 58.27 [ 63%] Building C object examples/xApp/c/monitor/RRC_MESSAGES/CMakeFiles/asn1_nr_rrc.dir/NR_PositionVelocity-r17.c.o
#9 58.30 [ 63%] Building C object examples/xApp/c/monitor/RRC_MESSAGES/CMakeFiles/asn1_nr_rrc.dir/NR_PosMeasGapPreConfigToAddModList-r17.c.o
#9 58.31 [ 63%] Building C object examples/xApp/c/monitor/RRC_MESSAGES/CMakeFiles/asn1_nr_rrc.dir/NR_PosMeasGapPreConfigToReleaseList-r17.c.o
#9 58.34 [ 63%] Building C object examples/xApp/c/monitor/RRC_MESSAGES/CMakeFiles/asn1_nr_rrc.dir/NR_PosSchedulingInfo-r16.c.o
#9 58.34 [ 63%] Building C object examples/xApp/c/monitor/RRC_MESSAGES/CMakeFiles/asn1_nr_rrc.dir/NR_PosSIB-MappingInfo-r16.c.o
#9 58.38 [ 63%] Building C object examples/xApp/c/monitor/RRC_MESSAGES/CMakeFiles/asn1_nr_rrc.dir/NR_PosSIB-ReqInfo-r16.c.o
#9 58.38 [ 63%] Building C object examples/xApp/c/monitor/RRC_MESSAGES/CMakeFiles/asn1_nr_rrc.dir/NR_PosSIB-Type-r16.c.o
#9 58.42 [ 63%] Building C object examples/xApp/c/monitor/RRC_MESSAGES/CMakeFiles/asn1_nr_rrc.dir/NR_PosSI-SchedulingInfo-r16.c.o
#9 58.42 [ 63%] Building C object examples/xApp/c/monitor/RRC_MESSAGES/CMakeFiles/asn1_nr_rrc.dir/NR_PosSRS-RRC-Inactive-OutsideInitialUL-BWP-r17.c.o
#9 58.46 [ 63%] Building C object examples/xApp/c/monitor/RRC_MESSAGES/CMakeFiles/asn1_nr_rrc.dir/NR_PosSystemInformation-r16-IEs.c.o
#9 58.46 [ 63%] Building C object examples/xApp/c/monitor/RRC_MESSAGES/CMakeFiles/asn1_nr_rrc.dir/NR_PowSav-ParametersCommon-r16.c.o
#9 58.50 [ 63%] Building C object examples/xApp/c/monitor/RRC_MESSAGES/CMakeFiles/asn1_nr_rrc.dir/NR_PowSav-ParametersFRX-Diff-r16.c.o
#9 58.50 [ 63%] Building C object examples/xApp/c/monitor/RRC_MESSAGES/CMakeFiles/asn1_nr_rrc.dir/NR_PowSav-ParametersFR2-2-r17.c.o
#9 58.54 [ 63%] Building C object examples/xApp/c/monitor/RRC_MESSAGES/CMakeFiles/asn1_nr_rrc.dir/NR_PowSav-Parameters-r16.c.o
#9 58.55 [ 64%] Building C object examples/xApp/c/monitor/RRC_MESSAGES/CMakeFiles/asn1_nr_rrc.dir/NR_PowSav-Parameters-v1700.c.o
#9 58.58 [ 64%] Building C object examples/xApp/c/monitor/RRC_MESSAGES/CMakeFiles/asn1_nr_rrc.dir/NR_PRACH-ResourceDedicatedBFR.c.o
#9 58.59 [ 64%] Building C object examples/xApp/c/monitor/RRC_MESSAGES/CMakeFiles/asn1_nr_rrc.dir/NR_PRB-Id.c.o
#9 58.62 [ 64%] Building C object examples/xApp/c/monitor/RRC_MESSAGES/CMakeFiles/asn1_nr_rrc.dir/NR_ProcessingParameters.c.o
#9 58.63 [ 64%] Building C object examples/xApp/c/monitor/RRC_MESSAGES/CMakeFiles/asn1_nr_rrc.dir/NR_PropagationDelayDifference-r17.c.o
#9 58.67 [ 64%] Building C object examples/xApp/c/monitor/RRC_MESSAGES/CMakeFiles/asn1_nr_rrc.dir/NR_PropDelayDiffReportConfig-r17.c.o
#9 58.67 [ 64%] Building C object examples/xApp/c/monitor/RRC_MESSAGES/CMakeFiles/asn1_nr_rrc.dir/NR_PRS-ProcessingCapabilityOutsideMGinPPWperType-r17.c.o
#9 58.70 [ 64%] Building C object examples/xApp/c/monitor/RRC_MESSAGES/CMakeFiles/asn1_nr_rrc.dir/NR_PTRS-DensityRecommendationDL.c.o
#9 58.71 [ 64%] Building C object examples/xApp/c/monitor/RRC_MESSAGES/CMakeFiles/asn1_nr_rrc.dir/NR_PTRS-DensityRecommendationUL.c.o
#9 58.74 [ 64%] Building C object examples/xApp/c/monitor/RRC_MESSAGES/CMakeFiles/asn1_nr_rrc.dir/NR_PTRS-DownlinkConfig.c.o
#9 58.76 [ 64%] Building C object examples/xApp/c/monitor/RRC_MESSAGES/CMakeFiles/asn1_nr_rrc.dir/NR_PTRS-UplinkConfig.c.o
#9 58.78 [ 64%] Building C object examples/xApp/c/monitor/RRC_MESSAGES/CMakeFiles/asn1_nr_rrc.dir/NR_PUCCH-Config.c.o
#9 58.82 [ 64%] Building C object examples/xApp/c/monitor/RRC_MESSAGES/CMakeFiles/asn1_nr_rrc.dir/NR_PUCCH-ConfigCommon.c.o
#9 58.85 [ 64%] Building C object examples/xApp/c/monitor/RRC_MESSAGES/CMakeFiles/asn1_nr_rrc.dir/NR_PUCCH-ConfigurationList-r16.c.o
#9 58.92 [ 64%] Building C object examples/xApp/c/monitor/RRC_MESSAGES/CMakeFiles/asn1_nr_rrc.dir/NR_PUCCH-CSI-Resource.c.o
#9 58.96 [ 64%] Building C object examples/xApp/c/monitor/RRC_MESSAGES/CMakeFiles/asn1_nr_rrc.dir/NR_PUCCH-format0.c.o
#9 58.98 [ 64%] Building C object examples/xApp/c/monitor/RRC_MESSAGES/CMakeFiles/asn1_nr_rrc.dir/NR_PUCCH-format1.c.o
#9 59.00 [ 64%] Building C object examples/xApp/c/monitor/RRC_MESSAGES/CMakeFiles/asn1_nr_rrc.dir/NR_PUCCH-format2.c.o
#9 59.01 [ 64%] Building C object examples/xApp/c/monitor/RRC_MESSAGES/CMakeFiles/asn1_nr_rrc.dir/NR_PUCCH-format3.c.o
#9 59.05 [ 64%] Building C object examples/xApp/c/monitor/RRC_MESSAGES/CMakeFiles/asn1_nr_rrc.dir/NR_PUCCH-format4.c.o
#9 59.06 [ 64%] Building C object examples/xApp/c/monitor/RRC_MESSAGES/CMakeFiles/asn1_nr_rrc.dir/NR_PUCCH-FormatConfig.c.o
#9 59.09 [ 64%] Building C object examples/xApp/c/monitor/RRC_MESSAGES/CMakeFiles/asn1_nr_rrc.dir/NR_PUCCH-FormatConfigExt-r17.c.o
#9 59.10 [ 64%] Building C object examples/xApp/c/monitor/RRC_MESSAGES/CMakeFiles/asn1_nr_rrc.dir/NR_PUCCH-Group-Config-r17.c.o
#9 59.13 [ 64%] Building C object examples/xApp/c/monitor/RRC_MESSAGES/CMakeFiles/asn1_nr_rrc.dir/NR_PUCCH-Grp-CarrierTypes-r16.c.o
#9 59.14 [ 64%] Building C object examples/xApp/c/monitor/RRC_MESSAGES/CMakeFiles/asn1_nr_rrc.dir/NR_PUCCH-MaxCodeRate.c.o
#9 59.17 [ 64%] Building C object examples/xApp/c/monitor/RRC_MESSAGES/CMakeFiles/asn1_nr_rrc.dir/NR_PUCCH-PathlossReferenceRS.c.o
#9 59.18 [ 64%] Building C object examples/xApp/c/monitor/RRC_MESSAGES/CMakeFiles/asn1_nr_rrc.dir/NR_PUCCH-PathlossReferenceRS-Id.c.o
#9 59.21 [ 64%] Building C object examples/xApp/c/monitor/RRC_MESSAGES/CMakeFiles/asn1_nr_rrc.dir/NR_PUCCH-PathlossReferenceRS-Id-r17.c.o
#9 59.22 [ 64%] Building C object examples/xApp/c/monitor/RRC_MESSAGES/CMakeFiles/asn1_nr_rrc.dir/NR_PUCCH-PathlossReferenceRS-Id-v1610.c.o
#9 59.26 [ 64%] Building C object examples/xApp/c/monitor/RRC_MESSAGES/CMakeFiles/asn1_nr_rrc.dir/NR_PUCCH-PathlossReferenceRS-r16.c.o
#9 59.26 [ 64%] Building C object examples/xApp/c/monitor/RRC_MESSAGES/CMakeFiles/asn1_nr_rrc.dir/NR_PUCCH-PowerControl.c.o
#9 59.30 [ 64%] Building C object examples/xApp/c/monitor/RRC_MESSAGES/CMakeFiles/asn1_nr_rrc.dir/NR_PUCCH-PowerControlSetInfoId-r17.c.o
#9 59.34 [ 64%] Building C object examples/xApp/c/monitor/RRC_MESSAGES/CMakeFiles/asn1_nr_rrc.dir/NR_PUCCH-PowerControlSetInfo-r17.c.o
#9 59.38 [ 64%] Building C object examples/xApp/c/monitor/RRC_MESSAGES/CMakeFiles/asn1_nr_rrc.dir/NR_PUCCH-Resource.c.o
#9 59.44 [ 64%] Building C object examples/xApp/c/monitor/RRC_MESSAGES/CMakeFiles/asn1_nr_rrc.dir/NR_PUCCH-ResourceExt-v1610.c.o
#9 59.46 [ 64%] Building C object examples/xApp/c/monitor/RRC_MESSAGES/CMakeFiles/asn1_nr_rrc.dir/NR_PUCCH-ResourceGroupId-r16.c.o
#9 59.48 [ 64%] Building C object examples/xApp/c/monitor/RRC_MESSAGES/CMakeFiles/asn1_nr_rrc.dir/NR_PUCCH-ResourceGroup-r16.c.o
#9 59.50 [ 64%] Building C object examples/xApp/c/monitor/RRC_MESSAGES/CMakeFiles/asn1_nr_rrc.dir/NR_PUCCH-ResourceId.c.o
#9 59.52 [ 64%] Building C object examples/xApp/c/monitor/RRC_MESSAGES/CMakeFiles/asn1_nr_rrc.dir/NR_PUCCH-ResourceSet.c.o
#9 59.54 [ 66%] Building C object examples/xApp/c/monitor/RRC_MESSAGES/CMakeFiles/asn1_nr_rrc.dir/NR_PUCCH-ResourceSetId.c.o
#9 59.57 [ 66%] Building C object examples/xApp/c/monitor/RRC_MESSAGES/CMakeFiles/asn1_nr_rrc.dir/NR_PUCCH-SpatialRelationInfo.c.o
#9 59.57 [ 66%] Building C object examples/xApp/c/monitor/RRC_MESSAGES/CMakeFiles/asn1_nr_rrc.dir/NR_PUCCH-SpatialRelationInfoExt-r16.c.o
#9 59.61 [ 66%] Building C object examples/xApp/c/monitor/RRC_MESSAGES/CMakeFiles/asn1_nr_rrc.dir/NR_PUCCH-SpatialRelationInfoId.c.o
#9 59.61 [ 66%] Building C object examples/xApp/c/monitor/RRC_MESSAGES/CMakeFiles/asn1_nr_rrc.dir/NR_PUCCH-SpatialRelationInfoId-r16.c.o
#9 59.64 [ 66%] Building C object examples/xApp/c/monitor/RRC_MESSAGES/CMakeFiles/asn1_nr_rrc.dir/NR_PUCCH-SpatialRelationInfoId-v1610.c.o
#9 59.64 [ 66%] Building C object examples/xApp/c/monitor/RRC_MESSAGES/CMakeFiles/asn1_nr_rrc.dir/NR_PUCCH-SRS.c.o
#9 59.68 [ 66%] Building C object examples/xApp/c/monitor/RRC_MESSAGES/CMakeFiles/asn1_nr_rrc.dir/NR_PUSCH-Allocation-r16.c.o
#9 59.68 [ 66%] Building C object examples/xApp/c/monitor/RRC_MESSAGES/CMakeFiles/asn1_nr_rrc.dir/NR_PUCCH-TPC-CommandConfig.c.o
#9 59.73 [ 66%] Building C object examples/xApp/c/monitor/RRC_MESSAGES/CMakeFiles/asn1_nr_rrc.dir/NR_PUSCH-CodeBlockGroupTransmission.c.o
#9 59.73 [ 66%] Building C object examples/xApp/c/monitor/RRC_MESSAGES/CMakeFiles/asn1_nr_rrc.dir/NR_PUSCH-Config.c.o
#9 59.77 [ 66%] Building C object examples/xApp/c/monitor/RRC_MESSAGES/CMakeFiles/asn1_nr_rrc.dir/NR_PUSCH-ConfigCommon.c.o
#9 59.82 [ 66%] Building C object examples/xApp/c/monitor/RRC_MESSAGES/CMakeFiles/asn1_nr_rrc.dir/NR_PUSCH-PathlossReferenceRS.c.o
#9 59.86 [ 66%] Building C object examples/xApp/c/monitor/RRC_MESSAGES/CMakeFiles/asn1_nr_rrc.dir/NR_PUSCH-PathlossReferenceRS-Id.c.o
#9 59.89 [ 66%] Building C object examples/xApp/c/monitor/RRC_MESSAGES/CMakeFiles/asn1_nr_rrc.dir/NR_PUSCH-PathlossReferenceRS-Id-r17.c.o
#9 59.93 [ 66%] Building C object examples/xApp/c/monitor/RRC_MESSAGES/CMakeFiles/asn1_nr_rrc.dir/NR_PUSCH-PathlossReferenceRS-Id-v1610.c.o
#9 59.96 [ 66%] Building C object examples/xApp/c/monitor/RRC_MESSAGES/CMakeFiles/asn1_nr_rrc.dir/NR_PUSCH-PathlossReferenceRS-r16.c.o
#9 59.96 [ 66%] Building C object examples/xApp/c/monitor/RRC_MESSAGES/CMakeFiles/asn1_nr_rrc.dir/NR_PUSCH-PowerControl.c.o
#9 60.00 [ 66%] Building C object examples/xApp/c/monitor/RRC_MESSAGES/CMakeFiles/asn1_nr_rrc.dir/NR_PUSCH-PowerControl-v1610.c.o
#9 60.01 [ 66%] Building C object examples/xApp/c/monitor/RRC_MESSAGES/CMakeFiles/asn1_nr_rrc.dir/NR_PUSCH-ServingCellConfig.c.o
#9 60.06 [ 66%] Building C object examples/xApp/c/monitor/RRC_MESSAGES/CMakeFiles/asn1_nr_rrc.dir/NR_PUSCH-TimeDomainResourceAllocation.c.o
#9 60.11 [ 66%] Building C object examples/xApp/c/monitor/RRC_MESSAGES/CMakeFiles/asn1_nr_rrc.dir/NR_PUSCH-TimeDomainResourceAllocationList.c.o
#9 60.14 [ 66%] Building C object examples/xApp/c/monitor/RRC_MESSAGES/CMakeFiles/asn1_nr_rrc.dir/NR_PUSCH-TimeDomainResourceAllocationList-r16.c.o
#9 60.18 [ 66%] Building C object examples/xApp/c/monitor/RRC_MESSAGES/CMakeFiles/asn1_nr_rrc.dir/NR_PUSCH-TimeDomainResourceAllocation-r16.c.o
#9 60.22 [ 66%] Building C object examples/xApp/c/monitor/RRC_MESSAGES/CMakeFiles/asn1_nr_rrc.dir/NR_PUSCH-TPC-CommandConfig.c.o
#9 60.23 [ 66%] Building C object examples/xApp/c/monitor/RRC_MESSAGES/CMakeFiles/asn1_nr_rrc.dir/NR_QCL-Info.c.o
#9 60.26 [ 66%] Building C object examples/xApp/c/monitor/RRC_MESSAGES/CMakeFiles/asn1_nr_rrc.dir/NR_QFI.c.o
#9 60.27 [ 66%] Building C object examples/xApp/c/monitor/RRC_MESSAGES/CMakeFiles/asn1_nr_rrc.dir/NR_Q-OffsetRange.c.o
#9 60.31 [ 66%] Building C object examples/xApp/c/monitor/RRC_MESSAGES/CMakeFiles/asn1_nr_rrc.dir/NR_Q-OffsetRangeList.c.o
#9 60.31 [ 66%] Building C object examples/xApp/c/monitor/RRC_MESSAGES/CMakeFiles/asn1_nr_rrc.dir/NR_Q-QualMin.c.o
#9 60.36 [ 66%] Building C object examples/xApp/c/monitor/RRC_MESSAGES/CMakeFiles/asn1_nr_rrc.dir/NR_Q-RxLevMin.c.o
#9 60.36 [ 66%] Building C object examples/xApp/c/monitor/RRC_MESSAGES/CMakeFiles/asn1_nr_rrc.dir/NR_QuantityConfig.c.o
#9 60.40 [ 66%] Building C object examples/xApp/c/monitor/RRC_MESSAGES/CMakeFiles/asn1_nr_rrc.dir/NR_QuantityConfigNR.c.o
#9 60.40 [ 66%] Building C object examples/xApp/c/monitor/RRC_MESSAGES/CMakeFiles/asn1_nr_rrc.dir/NR_QuantityConfigRS.c.o
#9 60.44 [ 66%] Building C object examples/xApp/c/monitor/RRC_MESSAGES/CMakeFiles/asn1_nr_rrc.dir/NR_QuantityConfigUTRA-FDD-r16.c.o
#9 60.44 [ 66%] Building C object examples/xApp/c/monitor/RRC_MESSAGES/CMakeFiles/asn1_nr_rrc.dir/NR_RACH-ConfigCommon.c.o
#9 60.49 [ 66%] Building C object examples/xApp/c/monitor/RRC_MESSAGES/CMakeFiles/asn1_nr_rrc.dir/NR_RACH-ConfigCommonTwoStepRA-r16.c.o
#9 60.51 [ 66%] Building C object examples/xApp/c/monitor/RRC_MESSAGES/CMakeFiles/asn1_nr_rrc.dir/NR_RACH-ConfigDedicated.c.o
#9 60.55 [ 66%] Building C object examples/xApp/c/monitor/RRC_MESSAGES/CMakeFiles/asn1_nr_rrc.dir/NR_RACH-ConfigGeneric.c.o
#9 60.55 [ 67%] Building C object examples/xApp/c/monitor/RRC_MESSAGES/CMakeFiles/asn1_nr_rrc.dir/NR_RACH-ConfigGenericTwoStepRA-r16.c.o
#9 60.60 [ 67%] Building C object examples/xApp/c/monitor/RRC_MESSAGES/CMakeFiles/asn1_nr_rrc.dir/NR_RadioLinkMonitoringConfig.c.o
#9 60.60 [ 67%] Building C object examples/xApp/c/monitor/RRC_MESSAGES/CMakeFiles/asn1_nr_rrc.dir/NR_RadioBearerConfig.c.o
#9 60.65 [ 67%] Building C object examples/xApp/c/monitor/RRC_MESSAGES/CMakeFiles/asn1_nr_rrc.dir/NR_RadioLinkMonitoringRS.c.o
#9 60.69 [ 67%] Building C object examples/xApp/c/monitor/RRC_MESSAGES/CMakeFiles/asn1_nr_rrc.dir/NR_RadioLinkMonitoringRS-Id.c.o
#9 60.72 [ 67%] Building C object examples/xApp/c/monitor/RRC_MESSAGES/CMakeFiles/asn1_nr_rrc.dir/NR_RA-InformationCommon-r16.c.o
#9 60.73 [ 67%] Building C object examples/xApp/c/monitor/RRC_MESSAGES/CMakeFiles/asn1_nr_rrc.dir/NR_RAN-AreaCode.c.o
#9 60.77 [ 67%] Building C object examples/xApp/c/monitor/RRC_MESSAGES/CMakeFiles/asn1_nr_rrc.dir/NR_RAN-AreaConfig.c.o
#9 60.78 [ 67%] Building C object examples/xApp/c/monitor/RRC_MESSAGES/CMakeFiles/asn1_nr_rrc.dir/NR_RangeToBestCell.c.o
#9 60.82 [ 67%] Building C object examples/xApp/c/monitor/RRC_MESSAGES/CMakeFiles/asn1_nr_rrc.dir/NR_RAN-NotificationAreaInfo.c.o
#9 60.82 [ 67%] Building C object examples/xApp/c/monitor/RRC_MESSAGES/CMakeFiles/asn1_nr_rrc.dir/NR_RAN-VisibleMeasurements-r17.c.o
#9 60.86 [ 67%] Building C object examples/xApp/c/monitor/RRC_MESSAGES/CMakeFiles/asn1_nr_rrc.dir/NR_RAN-VisibleParameters-r17.c.o
#9 60.87 [ 67%] Building C object examples/xApp/c/monitor/RRC_MESSAGES/CMakeFiles/asn1_nr_rrc.dir/NR_RA-Prioritization.c.o
#9 60.91 [ 67%] Building C object examples/xApp/c/monitor/RRC_MESSAGES/CMakeFiles/asn1_nr_rrc.dir/NR_RA-PrioritizationForSlicing-r17.c.o
#9 60.91 [ 67%] Building C object examples/xApp/c/monitor/RRC_MESSAGES/CMakeFiles/asn1_nr_rrc.dir/NR_RA-PrioritizationSliceInfoList-r17.c.o
#9 60.95 [ 67%] Building C object examples/xApp/c/monitor/RRC_MESSAGES/CMakeFiles/asn1_nr_rrc.dir/NR_RA-PrioritizationSliceInfo-r17.c.o
#9 60.96 [ 67%] Building C object examples/xApp/c/monitor/RRC_MESSAGES/CMakeFiles/asn1_nr_rrc.dir/NR_RA-ReportList-r16.c.o
#9 60.99 [ 67%] Building C object examples/xApp/c/monitor/RRC_MESSAGES/CMakeFiles/asn1_nr_rrc.dir/NR_RA-Report-r16.c.o
#9 61.00 [ 67%] Building C object examples/xApp/c/monitor/RRC_MESSAGES/CMakeFiles/asn1_nr_rrc.dir/NR_RateMatchPattern.c.o
#9 61.03 [ 67%] Building C object examples/xApp/c/monitor/RRC_MESSAGES/CMakeFiles/asn1_nr_rrc.dir/NR_RateMatchPatternGroup.c.o
#9 61.07 [ 67%] Building C object examples/xApp/c/monitor/RRC_MESSAGES/CMakeFiles/asn1_nr_rrc.dir/NR_RateMatchPatternId.c.o
#9 61.07 [ 67%] Building C object examples/xApp/c/monitor/RRC_MESSAGES/CMakeFiles/asn1_nr_rrc.dir/NR_RateMatchPatternLTE-CRS.c.o
#9 61.11 [ 67%] Building C object examples/xApp/c/monitor/RRC_MESSAGES/CMakeFiles/asn1_nr_rrc.dir/NR_RAT-Type.c.o
#9 61.12 [ 67%] Building C object examples/xApp/c/monitor/RRC_MESSAGES/CMakeFiles/asn1_nr_rrc.dir/NR_RB-SetGroup-r17.c.o
#9 61.15 [ 67%] Building C object examples/xApp/c/monitor/RRC_MESSAGES/CMakeFiles/asn1_nr_rrc.dir/NR_ReconfigurationWithSync.c.o
#9 61.15 [ 67%] Building C object examples/xApp/c/monitor/RRC_MESSAGES/CMakeFiles/asn1_nr_rrc.dir/NR_RedCap-ConfigCommonSIB-r17.c.o
#9 61.19 [ 67%] Building C object examples/xApp/c/monitor/RRC_MESSAGES/CMakeFiles/asn1_nr_rrc.dir/NR_RedCapParameters-r17.c.o
#9 61.23 [ 67%] Building C object examples/xApp/c/monitor/RRC_MESSAGES/CMakeFiles/asn1_nr_rrc.dir/NR_RedirectedCarrierInfo.c.o
#9 61.28 [ 67%] Building C object examples/xApp/c/monitor/RRC_MESSAGES/CMakeFiles/asn1_nr_rrc.dir/NR_RedirectedCarrierInfo-EUTRA.c.o
#9 61.32 [ 67%] Building C object examples/xApp/c/monitor/RRC_MESSAGES/CMakeFiles/asn1_nr_rrc.dir/NR_ReducedAggregatedBandwidth.c.o
#9 61.32 [ 67%] Building C object examples/xApp/c/monitor/RRC_MESSAGES/CMakeFiles/asn1_nr_rrc.dir/NR_ReducedAggregatedBandwidth-r17.c.o
#9 61.36 [ 67%] Building C object examples/xApp/c/monitor/RRC_MESSAGES/CMakeFiles/asn1_nr_rrc.dir/NR_ReducedMaxBW-FRx-r16.c.o
#9 61.36 [ 67%] Building C object examples/xApp/c/monitor/RRC_MESSAGES/CMakeFiles/asn1_nr_rrc.dir/NR_ReducedMaxCCs-r16.c.o
#9 61.39 [ 67%] Building C object examples/xApp/c/monitor/RRC_MESSAGES/CMakeFiles/asn1_nr_rrc.dir/NR_ReestablishmentCause.c.o
#9 61.40 [ 67%] Building C object examples/xApp/c/monitor/RRC_MESSAGES/CMakeFiles/asn1_nr_rrc.dir/NR_ReestablishmentInfo.c.o
#9 61.44 [ 67%] Building C object examples/xApp/c/monitor/RRC_MESSAGES/CMakeFiles/asn1_nr_rrc.dir/NR_ReestabNCellInfo.c.o
#9 61.44 [ 67%] Building C object examples/xApp/c/monitor/RRC_MESSAGES/CMakeFiles/asn1_nr_rrc.dir/NR_ReestabNCellInfoList.c.o
#9 61.48 [ 67%] Building C object examples/xApp/c/monitor/RRC_MESSAGES/CMakeFiles/asn1_nr_rrc.dir/NR_ReestabUE-Identity.c.o
#9 61.48 [ 69%] Building C object examples/xApp/c/monitor/RRC_MESSAGES/CMakeFiles/asn1_nr_rrc.dir/NR_ReferenceLocation-r17.c.o
#9 61.51 [ 69%] Building C object examples/xApp/c/monitor/RRC_MESSAGES/CMakeFiles/asn1_nr_rrc.dir/NR_ReferenceSignalConfig.c.o
#9 61.52 [ 69%] Building C object examples/xApp/c/monitor/RRC_MESSAGES/CMakeFiles/asn1_nr_rrc.dir/NR_ReferenceTimeInfo-r16.c.o
#9 61.57 [ 69%] Building C object examples/xApp/c/monitor/RRC_MESSAGES/CMakeFiles/asn1_nr_rrc.dir/NR_ReferenceTime-r16.c.o
#9 61.61 [ 69%] Building C object examples/xApp/c/monitor/RRC_MESSAGES/CMakeFiles/asn1_nr_rrc.dir/NR_RegisteredAMF.c.o
#9 61.66 [ 69%] Building C object examples/xApp/c/monitor/RRC_MESSAGES/CMakeFiles/asn1_nr_rrc.dir/NR_RejectWaitTime.c.o
#9 61.69 [ 69%] Building C object examples/xApp/c/monitor/RRC_MESSAGES/CMakeFiles/asn1_nr_rrc.dir/NR_RelayParameters-r17.c.o
#9 61.69 [ 69%] Building C object examples/xApp/c/monitor/RRC_MESSAGES/CMakeFiles/asn1_nr_rrc.dir/NR_RelaysTriggeredList-r17.c.o
#9 61.73 [ 69%] Building C object examples/xApp/c/monitor/RRC_MESSAGES/CMakeFiles/asn1_nr_rrc.dir/NR_ReleasePreferenceConfig-r16.c.o
#9 61.73 [ 69%] Building C object examples/xApp/c/monitor/RRC_MESSAGES/CMakeFiles/asn1_nr_rrc.dir/NR_ReleasePreference-r16.c.o
#9 61.77 [ 69%] Building C object examples/xApp/c/monitor/RRC_MESSAGES/CMakeFiles/asn1_nr_rrc.dir/NR_RemoteUEInformationSidelink-r17.c.o
#9 61.77 [ 69%] Building C object examples/xApp/c/monitor/RRC_MESSAGES/CMakeFiles/asn1_nr_rrc.dir/NR_RemoteUEInformationSidelink-r17-IEs.c.o
#9 61.89 [ 69%] Building C object examples/xApp/c/monitor/RRC_MESSAGES/CMakeFiles/asn1_nr_rrc.dir/NR_RepetitionSchemeConfig-r16.c.o
#9 61.91 [ 69%] Building C object examples/xApp/c/monitor/RRC_MESSAGES/CMakeFiles/asn1_nr_rrc.dir/NR_RepetitionSchemeConfig-v1630.c.o
#9 62.04 [ 69%] Building C object examples/xApp/c/monitor/RRC_MESSAGES/CMakeFiles/asn1_nr_rrc.dir/NR_RepFactorAndTimeGap-r17.c.o
#9 62.04 [ 69%] Building C object examples/xApp/c/monitor/RRC_MESSAGES/CMakeFiles/asn1_nr_rrc.dir/NR_ReportCGI.c.o
#9 62.07 [ 69%] Building C object examples/xApp/c/monitor/RRC_MESSAGES/CMakeFiles/asn1_nr_rrc.dir/NR_ReportCGI-EUTRA.c.o
#9 62.08 [ 69%] Building C object examples/xApp/c/monitor/RRC_MESSAGES/CMakeFiles/asn1_nr_rrc.dir/NR_ReportConfigId.c.o
#9 62.11 [ 69%] Building C object examples/xApp/c/monitor/RRC_MESSAGES/CMakeFiles/asn1_nr_rrc.dir/NR_ReportConfigInterRAT.c.o
#9 62.12 [ 69%] Building C object examples/xApp/c/monitor/RRC_MESSAGES/CMakeFiles/asn1_nr_rrc.dir/NR_ReportConfigNR.c.o
#9 62.22 [ 69%] Building C object examples/xApp/c/monitor/RRC_MESSAGES/CMakeFiles/asn1_nr_rrc.dir/NR_ReportConfigNR-SL-r16.c.o
#9 62.25 [ 69%] Building C object examples/xApp/c/monitor/RRC_MESSAGES/CMakeFiles/asn1_nr_rrc.dir/NR_ReportConfigToAddMod.c.o
#9 62.29 [ 69%] Building C object examples/xApp/c/monitor/RRC_MESSAGES/CMakeFiles/asn1_nr_rrc.dir/NR_ReportConfigToAddModList.c.o
#9 62.48 [ 69%] Building C object examples/xApp/c/monitor/RRC_MESSAGES/CMakeFiles/asn1_nr_rrc.dir/NR_ReportConfigToRemoveList.c.o
#9 62.48 [ 69%] Building C object examples/xApp/c/monitor/RRC_MESSAGES/CMakeFiles/asn1_nr_rrc.dir/NR_ReportInterval.c.o
#9 62.51 [ 69%] Building C object examples/xApp/c/monitor/RRC_MESSAGES/CMakeFiles/asn1_nr_rrc.dir/NR_ReportSFTD-EUTRA.c.o
#9 62.52 [ 69%] Building C object examples/xApp/c/monitor/RRC_MESSAGES/CMakeFiles/asn1_nr_rrc.dir/NR_ReportSFTD-NR.c.o
#9 62.56 [ 69%] Building C object examples/xApp/c/monitor/RRC_MESSAGES/CMakeFiles/asn1_nr_rrc.dir/NR_ReportUplinkTxDirectCurrentMoreCarrier-r17.c.o
#9 62.56 [ 69%] Building C object examples/xApp/c/monitor/RRC_MESSAGES/CMakeFiles/asn1_nr_rrc.dir/NR_ReselectionThreshold.c.o
#9 62.60 [ 69%] Building C object examples/xApp/c/monitor/RRC_MESSAGES/CMakeFiles/asn1_nr_rrc.dir/NR_ReselectionThresholdQ.c.o
#9 62.60 [ 69%] Building C object examples/xApp/c/monitor/RRC_MESSAGES/CMakeFiles/asn1_nr_rrc.dir/NR_ResultsPerCSI-RS-Index.c.o
#9 62.64 [ 69%] Building C object examples/xApp/c/monitor/RRC_MESSAGES/CMakeFiles/asn1_nr_rrc.dir/NR_ResultsPerCSI-RS-IndexList.c.o
#9 62.64 [ 69%] Building C object examples/xApp/c/monitor/RRC_MESSAGES/CMakeFiles/asn1_nr_rrc.dir/NR_ResultsPerSSB-Index.c.o
#9 62.68 [ 69%] Building C object examples/xApp/c/monitor/RRC_MESSAGES/CMakeFiles/asn1_nr_rrc.dir/NR_ResultsPerSSB-IndexIdle-r16.c.o
#9 62.69 [ 69%] Building C object examples/xApp/c/monitor/RRC_MESSAGES/CMakeFiles/asn1_nr_rrc.dir/NR_ResultsPerSSB-IndexList.c.o
#9 62.72 [ 69%] Building C object examples/xApp/c/monitor/RRC_MESSAGES/CMakeFiles/asn1_nr_rrc.dir/NR_ResultsPerSSB-IndexList-r16.c.o
#9 62.73 [ 69%] Building C object examples/xApp/c/monitor/RRC_MESSAGES/CMakeFiles/asn1_nr_rrc.dir/NR_ResumeCause.c.o
#9 62.76 [ 69%] Building C object examples/xApp/c/monitor/RRC_MESSAGES/CMakeFiles/asn1_nr_rrc.dir/NR_RF-Parameters.c.o
#9 62.77 [ 69%] Building C object examples/xApp/c/monitor/RRC_MESSAGES/CMakeFiles/asn1_nr_rrc.dir/NR_RF-ParametersMRDC.c.o
#9 62.82 [ 70%] Building C object examples/xApp/c/monitor/RRC_MESSAGES/CMakeFiles/asn1_nr_rrc.dir/NR_RF-ParametersMRDC-v15g0.c.o
#9 62.84 [ 70%] Building C object examples/xApp/c/monitor/RRC_MESSAGES/CMakeFiles/asn1_nr_rrc.dir/NR_RF-Parameters-v15g0.c.o
#9 62.86 [ 70%] Building C object examples/xApp/c/monitor/RRC_MESSAGES/CMakeFiles/asn1_nr_rrc.dir/NR_RF-Parameters-v16a0.c.o
#9 62.87 [ 70%] Building C object examples/xApp/c/monitor/RRC_MESSAGES/CMakeFiles/asn1_nr_rrc.dir/NR_RLC-BearerConfig.c.o
#9 62.90 [ 70%] Building C object examples/xApp/c/monitor/RRC_MESSAGES/CMakeFiles/asn1_nr_rrc.dir/NR_RLC-Config.c.o
#9 62.92 [ 70%] Building C object examples/xApp/c/monitor/RRC_MESSAGES/CMakeFiles/asn1_nr_rrc.dir/NR_RLC-Config-v1610.c.o
#9 62.95 [ 70%] Building C object examples/xApp/c/monitor/RRC_MESSAGES/CMakeFiles/asn1_nr_rrc.dir/NR_RLC-Config-v1700.c.o
#9 62.96 [ 70%] Building C object examples/xApp/c/monitor/RRC_MESSAGES/CMakeFiles/asn1_nr_rrc.dir/NR_RLC-Parameters.c.o
#9 62.98 [ 70%] Building C object examples/xApp/c/monitor/RRC_MESSAGES/CMakeFiles/asn1_nr_rrc.dir/NR_RLC-ParametersSidelink-r16.c.o
#9 63.01 [ 70%] Building C object examples/xApp/c/monitor/RRC_MESSAGES/CMakeFiles/asn1_nr_rrc.dir/NR_RLF-Report-r16.c.o
#9 63.02 [ 70%] Building C object examples/xApp/c/monitor/RRC_MESSAGES/CMakeFiles/asn1_nr_rrc.dir/NR_RLF-TimersAndConstants.c.o
#9 63.07 [ 70%] Building C object examples/xApp/c/monitor/RRC_MESSAGES/CMakeFiles/asn1_nr_rrc.dir/NR_RLM-RelaxationReportingConfig-r17.c.o
#9 63.07 [ 70%] Building C object examples/xApp/c/monitor/RRC_MESSAGES/CMakeFiles/asn1_nr_rrc.dir/NR_RMTC-Config-r16.c.o
#9 63.10 [ 70%] Building C object examples/xApp/c/monitor/RRC_MESSAGES/CMakeFiles/asn1_nr_rrc.dir/NR_RNTI-Value.c.o
#9 63.11 [ 70%] Building C object examples/xApp/c/monitor/RRC_MESSAGES/CMakeFiles/asn1_nr_rrc.dir/NR_RRC-PosSystemInfoRequest-r16-IEs.c.o
#9 63.14 [ 70%] Building C object examples/xApp/c/monitor/RRC_MESSAGES/CMakeFiles/asn1_nr_rrc.dir/NR_RRCReconfiguration.c.o
#9 63.16 [ 70%] Building C object examples/xApp/c/monitor/RRC_MESSAGES/CMakeFiles/asn1_nr_rrc.dir/NR_RRCReconfigurationComplete.c.o
#9 63.20 [ 70%] Building C object examples/xApp/c/monitor/RRC_MESSAGES/CMakeFiles/asn1_nr_rrc.dir/NR_RRCReconfigurationComplete-IEs.c.o
#9 63.25 [ 70%] Building C object examples/xApp/c/monitor/RRC_MESSAGES/CMakeFiles/asn1_nr_rrc.dir/NR_RRCReconfigurationCompleteSidelink.c.o
#9 63.28 [ 70%] Building C object examples/xApp/c/monitor/RRC_MESSAGES/CMakeFiles/asn1_nr_rrc.dir/NR_RRCReconfigurationCompleteSidelink-r16-IEs.c.o
#9 63.31 [ 70%] Building C object examples/xApp/c/monitor/RRC_MESSAGES/CMakeFiles/asn1_nr_rrc.dir/NR_RRCReconfigurationCompleteSidelink-v1710-IEs.c.o
#9 63.33 [ 70%] Building C object examples/xApp/c/monitor/RRC_MESSAGES/CMakeFiles/asn1_nr_rrc.dir/NR_RRCReconfigurationCompleteSidelink-v1720-IEs.c.o
#9 63.35 [ 70%] Building C object examples/xApp/c/monitor/RRC_MESSAGES/CMakeFiles/asn1_nr_rrc.dir/NR_RRCReconfigurationComplete-v1530-IEs.c.o
#9 63.37 [ 70%] Building C object examples/xApp/c/monitor/RRC_MESSAGES/CMakeFiles/asn1_nr_rrc.dir/NR_RRCReconfigurationComplete-v1560-IEs.c.o
#9 63.40 [ 70%] Building C object examples/xApp/c/monitor/RRC_MESSAGES/CMakeFiles/asn1_nr_rrc.dir/NR_RRCReconfigurationComplete-v1610-IEs.c.o
#9 63.41 [ 70%] Building C object examples/xApp/c/monitor/RRC_MESSAGES/CMakeFiles/asn1_nr_rrc.dir/NR_RRCReconfigurationComplete-v1640-IEs.c.o
#9 63.44 [ 70%] Building C object examples/xApp/c/monitor/RRC_MESSAGES/CMakeFiles/asn1_nr_rrc.dir/NR_RRCReconfigurationComplete-v1700-IEs.c.o
#9 63.44 [ 70%] Building C object examples/xApp/c/monitor/RRC_MESSAGES/CMakeFiles/asn1_nr_rrc.dir/NR_RRCReconfigurationComplete-v1720-IEs.c.o
#9 63.48 [ 70%] Building C object examples/xApp/c/monitor/RRC_MESSAGES/CMakeFiles/asn1_nr_rrc.dir/NR_RRCReconfigurationFailureSidelink.c.o
#9 63.49 [ 70%] Building C object examples/xApp/c/monitor/RRC_MESSAGES/CMakeFiles/asn1_nr_rrc.dir/NR_RRCReconfigurationFailureSidelink-r16-IEs.c.o
#9 63.53 [ 70%] Building C object examples/xApp/c/monitor/RRC_MESSAGES/CMakeFiles/asn1_nr_rrc.dir/NR_RRCReconfiguration-IEs.c.o
#9 63.53 [ 70%] Building C object examples/xApp/c/monitor/RRC_MESSAGES/CMakeFiles/asn1_nr_rrc.dir/NR_RRCReconfigurationSidelink.c.o
#9 63.73 [ 70%] Building C object examples/xApp/c/monitor/RRC_MESSAGES/CMakeFiles/asn1_nr_rrc.dir/NR_RRCReconfigurationSidelink-r16-IEs.c.o
#9 63.84 [ 70%] Building C object examples/xApp/c/monitor/RRC_MESSAGES/CMakeFiles/asn1_nr_rrc.dir/NR_RRCReconfigurationSidelink-v1700-IEs.c.o
#9 63.86 [ 70%] Building C object examples/xApp/c/monitor/RRC_MESSAGES/CMakeFiles/asn1_nr_rrc.dir/NR_RRCReconfiguration-v1530-IEs.c.o
#9 64.02 [ 70%] Building C object examples/xApp/c/monitor/RRC_MESSAGES/CMakeFiles/asn1_nr_rrc.dir/NR_RRCReconfiguration-v1540-IEs.c.o
#9 64.08 [ 70%] Building C object examples/xApp/c/monitor/RRC_MESSAGES/CMakeFiles/asn1_nr_rrc.dir/NR_RRCReconfiguration-v1560-IEs.c.o
#9 64.20 [ 70%] Building C object examples/xApp/c/monitor/RRC_MESSAGES/CMakeFiles/asn1_nr_rrc.dir/NR_RRCReconfiguration-v1610-IEs.c.o
#9 64.22 [ 70%] Building C object examples/xApp/c/monitor/RRC_MESSAGES/CMakeFiles/asn1_nr_rrc.dir/NR_RRCReconfiguration-v1700-IEs.c.o
#9 64.34 [ 71%] Building C object examples/xApp/c/monitor/RRC_MESSAGES/CMakeFiles/asn1_nr_rrc.dir/NR_RRCReestablishment.c.o
#9 64.36 [ 71%] Building C object examples/xApp/c/monitor/RRC_MESSAGES/CMakeFiles/asn1_nr_rrc.dir/NR_RRCReestablishmentComplete.c.o
#9 64.40 [ 71%] Building C object examples/xApp/c/monitor/RRC_MESSAGES/CMakeFiles/asn1_nr_rrc.dir/NR_RRCReestablishmentComplete-IEs.c.o
#9 64.44 [ 71%] Building C object examples/xApp/c/monitor/RRC_MESSAGES/CMakeFiles/asn1_nr_rrc.dir/NR_RRCReestablishmentComplete-v1610-IEs.c.o
#9 64.47 [ 71%] Building C object examples/xApp/c/monitor/RRC_MESSAGES/CMakeFiles/asn1_nr_rrc.dir/NR_RRCReestablishment-IEs.c.o
#9 64.53 [ 71%] Building C object examples/xApp/c/monitor/RRC_MESSAGES/CMakeFiles/asn1_nr_rrc.dir/NR_RRCReestablishmentRequest.c.o
#9 64.57 [ 71%] Building C object examples/xApp/c/monitor/RRC_MESSAGES/CMakeFiles/asn1_nr_rrc.dir/NR_RRCReestablishmentRequest-IEs.c.o
#9 64.60 [ 71%] Building C object examples/xApp/c/monitor/RRC_MESSAGES/CMakeFiles/asn1_nr_rrc.dir/NR_RRCReestablishment-v1700-IEs.c.o
#9 64.67 [ 71%] Building C object examples/xApp/c/monitor/RRC_MESSAGES/CMakeFiles/asn1_nr_rrc.dir/NR_RRCReject.c.o
#9 64.70 [ 71%] Building C object examples/xApp/c/monitor/RRC_MESSAGES/CMakeFiles/asn1_nr_rrc.dir/NR_RRCReject-IEs.c.o
#9 64.72 [ 71%] Building C object examples/xApp/c/monitor/RRC_MESSAGES/CMakeFiles/asn1_nr_rrc.dir/NR_RRCRelease.c.o
#9 64.74 [ 71%] Building C object examples/xApp/c/monitor/RRC_MESSAGES/CMakeFiles/asn1_nr_rrc.dir/NR_RRCRelease-IEs.c.o
#9 64.87 [ 71%] Building C object examples/xApp/c/monitor/RRC_MESSAGES/CMakeFiles/asn1_nr_rrc.dir/NR_RRCRelease-v1540-IEs.c.o
#9 64.89 [ 71%] Building C object examples/xApp/c/monitor/RRC_MESSAGES/CMakeFiles/asn1_nr_rrc.dir/NR_RRCRelease-v1610-IEs.c.o
#9 65.01 [ 71%] Building C object examples/xApp/c/monitor/RRC_MESSAGES/CMakeFiles/asn1_nr_rrc.dir/NR_RRCRelease-v1650-IEs.c.o
#9 65.04 [ 71%] Building C object examples/xApp/c/monitor/RRC_MESSAGES/CMakeFiles/asn1_nr_rrc.dir/NR_RRCRelease-v1710-IEs.c.o
#9 65.05 [ 71%] Building C object examples/xApp/c/monitor/RRC_MESSAGES/CMakeFiles/asn1_nr_rrc.dir/NR_RRCResume.c.o
#9 65.08 [ 71%] Building C object examples/xApp/c/monitor/RRC_MESSAGES/CMakeFiles/asn1_nr_rrc.dir/NR_RRCResumeComplete.c.o
#9 65.13 [ 71%] Building C object examples/xApp/c/monitor/RRC_MESSAGES/CMakeFiles/asn1_nr_rrc.dir/NR_RRCResumeComplete-IEs.c.o
#9 65.17 [ 71%] Building C object examples/xApp/c/monitor/RRC_MESSAGES/CMakeFiles/asn1_nr_rrc.dir/NR_RRCResumeComplete-v1610-IEs.c.o
#9 65.22 [ 71%] Building C object examples/xApp/c/monitor/RRC_MESSAGES/CMakeFiles/asn1_nr_rrc.dir/NR_RRCResumeComplete-v1640-IEs.c.o
#9 65.26 [ 71%] Building C object examples/xApp/c/monitor/RRC_MESSAGES/CMakeFiles/asn1_nr_rrc.dir/NR_RRCResumeComplete-v1700-IEs.c.o
#9 65.29 [ 71%] Building C object examples/xApp/c/monitor/RRC_MESSAGES/CMakeFiles/asn1_nr_rrc.dir/NR_RRCResumeComplete-v1720-IEs.c.o
#9 65.31 [ 71%] Building C object examples/xApp/c/monitor/RRC_MESSAGES/CMakeFiles/asn1_nr_rrc.dir/NR_RRCResume-IEs.c.o
#9 65.32 [ 71%] Building C object examples/xApp/c/monitor/RRC_MESSAGES/CMakeFiles/asn1_nr_rrc.dir/NR_RRCResumeRequest1.c.o
#9 65.36 [ 71%] Building C object examples/xApp/c/monitor/RRC_MESSAGES/CMakeFiles/asn1_nr_rrc.dir/NR_RRCResumeRequest1-IEs.c.o
#9 65.41 [ 71%] Building C object examples/xApp/c/monitor/RRC_MESSAGES/CMakeFiles/asn1_nr_rrc.dir/NR_RRCResumeRequest.c.o
#9 65.45 [ 71%] Building C object examples/xApp/c/monitor/RRC_MESSAGES/CMakeFiles/asn1_nr_rrc.dir/NR_RRCResumeRequest-IEs.c.o
#9 65.46 [ 71%] Building C object examples/xApp/c/monitor/RRC_MESSAGES/CMakeFiles/asn1_nr_rrc.dir/NR_RRCResume-v1560-IEs.c.o
#9 65.48 [ 71%] Building C object examples/xApp/c/monitor/RRC_MESSAGES/CMakeFiles/asn1_nr_rrc.dir/NR_RRCResume-v1610-IEs.c.o
#9 65.63 [ 71%] Building C object examples/xApp/c/monitor/RRC_MESSAGES/CMakeFiles/asn1_nr_rrc.dir/NR_RRCResume-v1700-IEs.c.o
#9 65.65 [ 71%] Building C object examples/xApp/c/monitor/RRC_MESSAGES/CMakeFiles/asn1_nr_rrc.dir/NR_RRCSetup.c.o
#9 65.76 [ 71%] Building C object examples/xApp/c/monitor/RRC_MESSAGES/CMakeFiles/asn1_nr_rrc.dir/NR_RRCSetupComplete.c.o
#9 65.79 [ 71%] Building C object examples/xApp/c/monitor/RRC_MESSAGES/CMakeFiles/asn1_nr_rrc.dir/NR_RRCSetupComplete-IEs.c.o
#9 65.80 [ 71%] Building C object examples/xApp/c/monitor/RRC_MESSAGES/CMakeFiles/asn1_nr_rrc.dir/NR_RRCSetupComplete-v1610-IEs.c.o
#9 65.82 [ 71%] Building C object examples/xApp/c/monitor/RRC_MESSAGES/CMakeFiles/asn1_nr_rrc.dir/NR_RRCSetupComplete-v1690-IEs.c.o
#9 65.85 [ 71%] Building C object examples/xApp/c/monitor/RRC_MESSAGES/CMakeFiles/asn1_nr_rrc.dir/NR_RRCSetupComplete-v1700-IEs.c.o
#9 65.86 [ 71%] Building C object examples/xApp/c/monitor/RRC_MESSAGES/CMakeFiles/asn1_nr_rrc.dir/NR_RRCSetup-IEs.c.o
#9 65.89 [ 73%] Building C object examples/xApp/c/monitor/RRC_MESSAGES/CMakeFiles/asn1_nr_rrc.dir/NR_RRCSetupRequest.c.o
#9 65.93 [ 73%] Building C object examples/xApp/c/monitor/RRC_MESSAGES/CMakeFiles/asn1_nr_rrc.dir/NR_RRCSetupRequest-IEs.c.o
#9 65.98 [ 73%] Building C object examples/xApp/c/monitor/RRC_MESSAGES/CMakeFiles/asn1_nr_rrc.dir/NR_RRCSetup-v1700-IEs.c.o
#9 66.07 [ 73%] Building C object examples/xApp/c/monitor/RRC_MESSAGES/CMakeFiles/asn1_nr_rrc.dir/NR_RRCSystemInfoRequest.c.o
#9 66.11 [ 73%] Building C object examples/xApp/c/monitor/RRC_MESSAGES/CMakeFiles/asn1_nr_rrc.dir/NR_RRCSystemInfoRequest-IEs.c.o
#9 66.15 [ 73%] Building C object examples/xApp/c/monitor/RRC_MESSAGES/CMakeFiles/asn1_nr_rrc.dir/NR_RRC-TransactionIdentifier.c.o
#9 66.18 [ 73%] Building C object examples/xApp/c/monitor/RRC_MESSAGES/CMakeFiles/asn1_nr_rrc.dir/NR_RRM-MeasRelaxationReportingConfig-r17.c.o
#9 66.18 [ 73%] Building C object examples/xApp/c/monitor/RRC_MESSAGES/CMakeFiles/asn1_nr_rrc.dir/NR_RRM-Config.c.o
#9 66.22 [ 73%] Building C object examples/xApp/c/monitor/RRC_MESSAGES/CMakeFiles/asn1_nr_rrc.dir/NR_RSRP-ChangeThreshold-r17.c.o
#9 66.23 [ 73%] Building C object examples/xApp/c/monitor/RRC_MESSAGES/CMakeFiles/asn1_nr_rrc.dir/NR_RSRP-Range.c.o
#9 66.26 [ 73%] Building C object examples/xApp/c/monitor/RRC_MESSAGES/CMakeFiles/asn1_nr_rrc.dir/NR_RSRP-RangeEUTRA.c.o
#9 66.27 [ 73%] Building C object examples/xApp/c/monitor/RRC_MESSAGES/CMakeFiles/asn1_nr_rrc.dir/NR_RSRQ-Range.c.o
#9 66.30 [ 73%] Building C object examples/xApp/c/monitor/RRC_MESSAGES/CMakeFiles/asn1_nr_rrc.dir/NR_RSRQ-RangeEUTRA.c.o
#9 66.31 [ 73%] Building C object examples/xApp/c/monitor/RRC_MESSAGES/CMakeFiles/asn1_nr_rrc.dir/NR_RSRQ-RangeEUTRA-r16.c.o
#9 66.34 [ 73%] Building C object examples/xApp/c/monitor/RRC_MESSAGES/CMakeFiles/asn1_nr_rrc.dir/NR_RSSI-PeriodicityAndOffset-r16.c.o
#9 66.35 [ 73%] Building C object examples/xApp/c/monitor/RRC_MESSAGES/CMakeFiles/asn1_nr_rrc.dir/NR_RSSI-Range-r16.c.o
#9 66.39 [ 73%] Building C object examples/xApp/c/monitor/RRC_MESSAGES/CMakeFiles/asn1_nr_rrc.dir/NR_RSSI-ResourceConfigCLI-r16.c.o
#9 66.39 [ 73%] Building C object examples/xApp/c/monitor/RRC_MESSAGES/CMakeFiles/asn1_nr_rrc.dir/NR_RSSI-ResourceId-r16.c.o
#9 66.44 [ 73%] Building C object examples/xApp/c/monitor/RRC_MESSAGES/CMakeFiles/asn1_nr_rrc.dir/NR_RSSI-ResourceListConfigCLI-r16.c.o
#9 66.44 [ 73%] Building C object examples/xApp/c/monitor/RRC_MESSAGES/CMakeFiles/asn1_nr_rrc.dir/NR_RxTxPeriodical-r17.c.o
#9 66.48 [ 73%] Building C object examples/xApp/c/monitor/RRC_MESSAGES/CMakeFiles/asn1_nr_rrc.dir/NR_RxTxReportInterval-r17.c.o
#9 66.48 [ 73%] Building C object examples/xApp/c/monitor/RRC_MESSAGES/CMakeFiles/asn1_nr_rrc.dir/NR_RxTxTimeDiff-r17.c.o
#9 66.52 [ 73%] Building C object examples/xApp/c/monitor/RRC_MESSAGES/CMakeFiles/asn1_nr_rrc.dir/NR_SBAS-ID-r16.c.o
#9 66.53 [ 73%] Building C object examples/xApp/c/monitor/RRC_MESSAGES/CMakeFiles/asn1_nr_rrc.dir/NR_SBCCH-SL-BCH-Message.c.o
#9 66.57 [ 73%] Building C object examples/xApp/c/monitor/RRC_MESSAGES/CMakeFiles/asn1_nr_rrc.dir/NR_SBCCH-SL-BCH-MessageType.c.o
#9 66.57 [ 73%] Building C object examples/xApp/c/monitor/RRC_MESSAGES/CMakeFiles/asn1_nr_rrc.dir/NR_ScalingFactorSidelink-r16.c.o
#9 66.61 [ 73%] Building C object examples/xApp/c/monitor/RRC_MESSAGES/CMakeFiles/asn1_nr_rrc.dir/NR_SCCH-Message.c.o
#9 66.61 [ 73%] Building C object examples/xApp/c/monitor/RRC_MESSAGES/CMakeFiles/asn1_nr_rrc.dir/NR_SCCH-MessageType.c.o
#9 66.75 [ 73%] Building C object examples/xApp/c/monitor/RRC_MESSAGES/CMakeFiles/asn1_nr_rrc.dir/NR_SCellActivationRS-ConfigId-r17.c.o
#9 66.76 [ 73%] Building C object examples/xApp/c/monitor/RRC_MESSAGES/CMakeFiles/asn1_nr_rrc.dir/NR_SCellActivationRS-Config-r17.c.o
#9 66.79 [ 73%] Building C object examples/xApp/c/monitor/RRC_MESSAGES/CMakeFiles/asn1_nr_rrc.dir/NR_SCellConfig.c.o
#9 66.81 [ 73%] Building C object examples/xApp/c/monitor/RRC_MESSAGES/CMakeFiles/asn1_nr_rrc.dir/NR_SCellIndex.c.o
#9 66.85 [ 73%] Building C object examples/xApp/c/monitor/RRC_MESSAGES/CMakeFiles/asn1_nr_rrc.dir/NR_SCellSIB20-r17.c.o
#9 66.90 [ 73%] Building C object examples/xApp/c/monitor/RRC_MESSAGES/CMakeFiles/asn1_nr_rrc.dir/NR_SCG-DeactivationPreferenceConfig-r17.c.o
#9 66.94 [ 73%] Building C object examples/xApp/c/monitor/RRC_MESSAGES/CMakeFiles/asn1_nr_rrc.dir/NR_SCGFailureInformation.c.o
#9 66.98 [ 73%] Building C object examples/xApp/c/monitor/RRC_MESSAGES/CMakeFiles/asn1_nr_rrc.dir/NR_SCGFailureInformationEUTRA.c.o
#9 67.03 [ 73%] Building C object examples/xApp/c/monitor/RRC_MESSAGES/CMakeFiles/asn1_nr_rrc.dir/NR_SCGFailureInformationEUTRA-IEs.c.o
#9 67.03 [ 73%] Building C object examples/xApp/c/monitor/RRC_MESSAGES/CMakeFiles/asn1_nr_rrc.dir/NR_SCGFailureInformationEUTRA-v1590-IEs.c.o
#9 67.07 [ 74%] Building C object examples/xApp/c/monitor/RRC_MESSAGES/CMakeFiles/asn1_nr_rrc.dir/NR_SCGFailureInformation-IEs.c.o
#9 67.07 [ 74%] Building C object examples/xApp/c/monitor/RRC_MESSAGES/CMakeFiles/asn1_nr_rrc.dir/NR_SCGFailureInformation-v1590-IEs.c.o
#9 67.12 [ 74%] Building C object examples/xApp/c/monitor/RRC_MESSAGES/CMakeFiles/asn1_nr_rrc.dir/NR_SchedulingInfo2-r17.c.o
#9 67.12 [ 74%] Building C object examples/xApp/c/monitor/RRC_MESSAGES/CMakeFiles/asn1_nr_rrc.dir/NR_SchedulingInfo.c.o
#9 67.16 [ 74%] Building C object examples/xApp/c/monitor/RRC_MESSAGES/CMakeFiles/asn1_nr_rrc.dir/NR_SchedulingRequestConfig.c.o
#9 67.16 [ 74%] Building C object examples/xApp/c/monitor/RRC_MESSAGES/CMakeFiles/asn1_nr_rrc.dir/NR_SchedulingRequestConfig-v1700.c.o
#9 67.20 [ 74%] Building C object examples/xApp/c/monitor/RRC_MESSAGES/CMakeFiles/asn1_nr_rrc.dir/NR_SchedulingRequestId.c.o
#9 67.20 [ 74%] Building C object examples/xApp/c/monitor/RRC_MESSAGES/CMakeFiles/asn1_nr_rrc.dir/NR_SchedulingRequestResourceConfig.c.o
#9 67.25 [ 74%] Building C object examples/xApp/c/monitor/RRC_MESSAGES/CMakeFiles/asn1_nr_rrc.dir/NR_SchedulingRequestResourceConfigExt-v1610.c.o
#9 67.25 [ 74%] Building C object examples/xApp/c/monitor/RRC_MESSAGES/CMakeFiles/asn1_nr_rrc.dir/NR_SchedulingRequestResourceConfigExt-v1700.c.o
#9 67.29 [ 74%] Building C object examples/xApp/c/monitor/RRC_MESSAGES/CMakeFiles/asn1_nr_rrc.dir/NR_SchedulingRequestResourceId.c.o
#9 67.29 [ 74%] Building C object examples/xApp/c/monitor/RRC_MESSAGES/CMakeFiles/asn1_nr_rrc.dir/NR_SchedulingRequestToAddMod.c.o
#9 67.33 [ 74%] Building C object examples/xApp/c/monitor/RRC_MESSAGES/CMakeFiles/asn1_nr_rrc.dir/NR_SchedulingRequestToAddModExt-v1700.c.o
#9 67.33 [ 74%] Building C object examples/xApp/c/monitor/RRC_MESSAGES/CMakeFiles/asn1_nr_rrc.dir/NR_ScramblingId.c.o
#9 67.36 [ 74%] Building C object examples/xApp/c/monitor/RRC_MESSAGES/CMakeFiles/asn1_nr_rrc.dir/NR_SCS-SpecificCarrier.c.o
#9 67.37 [ 74%] Building C object examples/xApp/c/monitor/RRC_MESSAGES/CMakeFiles/asn1_nr_rrc.dir/NR_SCS-SpecificDuration-r17.c.o
#9 67.41 [ 74%] Building C object examples/xApp/c/monitor/RRC_MESSAGES/CMakeFiles/asn1_nr_rrc.dir/NR_SDAP-Config.c.o
#9 67.42 [ 74%] Building C object examples/xApp/c/monitor/RRC_MESSAGES/CMakeFiles/asn1_nr_rrc.dir/NR_SDAP-Parameters.c.o
#9 67.45 [ 74%] Building C object examples/xApp/c/monitor/RRC_MESSAGES/CMakeFiles/asn1_nr_rrc.dir/NR_SDT-CG-Config-r17.c.o
#9 67.45 [ 74%] Building C object examples/xApp/c/monitor/RRC_MESSAGES/CMakeFiles/asn1_nr_rrc.dir/NR_SDT-ConfigCommonSIB-r17.c.o
#9 67.48 [ 74%] Building C object examples/xApp/c/monitor/RRC_MESSAGES/CMakeFiles/asn1_nr_rrc.dir/NR_SDT-Config-r17.c.o
#9 67.50 [ 74%] Building C object examples/xApp/c/monitor/RRC_MESSAGES/CMakeFiles/asn1_nr_rrc.dir/NR_SDT-MAC-PHY-CG-Config-r17.c.o
#9 67.61 [ 74%] Building C object examples/xApp/c/monitor/RRC_MESSAGES/CMakeFiles/asn1_nr_rrc.dir/NR_SearchSpace.c.o
#9 67.63 [ 74%] Building C object examples/xApp/c/monitor/RRC_MESSAGES/CMakeFiles/asn1_nr_rrc.dir/NR_SearchSpaceExt-r16.c.o
#9 67.66 [ 74%] Building C object examples/xApp/c/monitor/RRC_MESSAGES/CMakeFiles/asn1_nr_rrc.dir/NR_SearchSpaceExt-v1700.c.o
#9 67.67 [ 74%] Building C object examples/xApp/c/monitor/RRC_MESSAGES/CMakeFiles/asn1_nr_rrc.dir/NR_SearchSpaceId.c.o
#9 67.71 [ 74%] Building C object examples/xApp/c/monitor/RRC_MESSAGES/CMakeFiles/asn1_nr_rrc.dir/NR_SearchSpaceSwitchConfig-r17.c.o
#9 67.71 [ 74%] Building C object examples/xApp/c/monitor/RRC_MESSAGES/CMakeFiles/asn1_nr_rrc.dir/NR_SearchSpaceSwitchConfig-r16.c.o
#9 67.75 [ 74%] Building C object examples/xApp/c/monitor/RRC_MESSAGES/CMakeFiles/asn1_nr_rrc.dir/NR_SearchSpaceSwitchTrigger-r16.c.o
#9 67.75 [ 74%] Building C object examples/xApp/c/monitor/RRC_MESSAGES/CMakeFiles/asn1_nr_rrc.dir/NR_SearchSpaceZero.c.o
#9 67.79 [ 74%] Building C object examples/xApp/c/monitor/RRC_MESSAGES/CMakeFiles/asn1_nr_rrc.dir/NR_SecurityAlgorithmConfig.c.o
#9 67.79 [ 74%] Building C object examples/xApp/c/monitor/RRC_MESSAGES/CMakeFiles/asn1_nr_rrc.dir/NR_SecurityConfig.c.o
#9 67.84 [ 74%] Building C object examples/xApp/c/monitor/RRC_MESSAGES/CMakeFiles/asn1_nr_rrc.dir/NR_SecurityModeCommand.c.o
#9 67.84 [ 74%] Building C object examples/xApp/c/monitor/RRC_MESSAGES/CMakeFiles/asn1_nr_rrc.dir/NR_SecurityConfigSMC.c.o
#9 67.88 [ 74%] Building C object examples/xApp/c/monitor/RRC_MESSAGES/CMakeFiles/asn1_nr_rrc.dir/NR_SecurityModeComplete.c.o
#9 67.88 [ 74%] Building C object examples/xApp/c/monitor/RRC_MESSAGES/CMakeFiles/asn1_nr_rrc.dir/NR_SecurityModeCommand-IEs.c.o
#9 67.92 [ 74%] Building C object examples/xApp/c/monitor/RRC_MESSAGES/CMakeFiles/asn1_nr_rrc.dir/NR_SecurityModeFailure.c.o
#9 67.92 [ 74%] Building C object examples/xApp/c/monitor/RRC_MESSAGES/CMakeFiles/asn1_nr_rrc.dir/NR_SecurityModeComplete-IEs.c.o
#9 67.96 [ 74%] Building C object examples/xApp/c/monitor/RRC_MESSAGES/CMakeFiles/asn1_nr_rrc.dir/NR_SelectedBandEntriesMN.c.o
#9 67.96 [ 74%] Building C object examples/xApp/c/monitor/RRC_MESSAGES/CMakeFiles/asn1_nr_rrc.dir/NR_SecurityModeFailure-IEs.c.o
#9 68.01 [ 76%] Building C object examples/xApp/c/monitor/RRC_MESSAGES/CMakeFiles/asn1_nr_rrc.dir/NR_SemiStaticChannelAccessConfig-r16.c.o
#9 68.01 [ 76%] Building C object examples/xApp/c/monitor/RRC_MESSAGES/CMakeFiles/asn1_nr_rrc.dir/NR_SemiStaticChannelAccessConfigUE-r17.c.o
#9 68.05 [ 76%] Building C object examples/xApp/c/monitor/RRC_MESSAGES/CMakeFiles/asn1_nr_rrc.dir/NR_Sensor-LocationInfo-r16.c.o
#9 68.05 [ 76%] Building C object examples/xApp/c/monitor/RRC_MESSAGES/CMakeFiles/asn1_nr_rrc.dir/NR_Sensor-NameList-r16.c.o
#9 68.09 [ 76%] Building C object examples/xApp/c/monitor/RRC_MESSAGES/CMakeFiles/asn1_nr_rrc.dir/NR_ServCellIndex.c.o
#9 68.09 [ 76%] Building C object examples/xApp/c/monitor/RRC_MESSAGES/CMakeFiles/asn1_nr_rrc.dir/NR_ServCellInfoListMCG-EUTRA-r16.c.o
#9 68.13 [ 76%] Building C object examples/xApp/c/monitor/RRC_MESSAGES/CMakeFiles/asn1_nr_rrc.dir/NR_ServCellInfoListMCG-NR-r16.c.o
#9 68.13 [ 76%] Building C object examples/xApp/c/monitor/RRC_MESSAGES/CMakeFiles/asn1_nr_rrc.dir/NR_ServCellInfoListSCG-EUTRA-r16.c.o
#9 68.17 [ 76%] Building C object examples/xApp/c/monitor/RRC_MESSAGES/CMakeFiles/asn1_nr_rrc.dir/NR_ServCellInfoListSCG-NR-r16.c.o
#9 68.18 [ 76%] Building C object examples/xApp/c/monitor/RRC_MESSAGES/CMakeFiles/asn1_nr_rrc.dir/NR_ServCellInfoXCG-EUTRA-r16.c.o
#9 68.21 [ 76%] Building C object examples/xApp/c/monitor/RRC_MESSAGES/CMakeFiles/asn1_nr_rrc.dir/NR_ServCellInfoXCG-NR-r16.c.o
#9 68.22 [ 76%] Building C object examples/xApp/c/monitor/RRC_MESSAGES/CMakeFiles/asn1_nr_rrc.dir/NR_ServingAdditionalPCIIndex-r17.c.o
#9 68.25 [ 76%] Building C object examples/xApp/c/monitor/RRC_MESSAGES/CMakeFiles/asn1_nr_rrc.dir/NR_ServingCellAndBWP-Id-r17.c.o
#9 68.26 [ 76%] Building C object examples/xApp/c/monitor/RRC_MESSAGES/CMakeFiles/asn1_nr_rrc.dir/NR_ServingCellConfig.c.o
#9 68.29 [ 76%] Building C object examples/xApp/c/monitor/RRC_MESSAGES/CMakeFiles/asn1_nr_rrc.dir/NR_ServingCellConfigCommon.c.o
#9 68.44 [ 76%] Building C object examples/xApp/c/monitor/RRC_MESSAGES/CMakeFiles/asn1_nr_rrc.dir/NR_ServingCellConfigCommonSIB.c.o
#9 68.49 [ 76%] Building C object examples/xApp/c/monitor/RRC_MESSAGES/CMakeFiles/asn1_nr_rrc.dir/NR_SetupRelease.c.o
#9 68.56 [ 76%] Building C object examples/xApp/c/monitor/RRC_MESSAGES/CMakeFiles/asn1_nr_rrc.dir/NR_SFTD-FrequencyList-EUTRA.c.o
#9 68.61 [ 76%] Building C object examples/xApp/c/monitor/RRC_MESSAGES/CMakeFiles/asn1_nr_rrc.dir/NR_SFTD-FrequencyList-NR.c.o
#9 68.64 [ 76%] Building C object examples/xApp/c/monitor/RRC_MESSAGES/CMakeFiles/asn1_nr_rrc.dir/NR_SharedSpectrumChAccessParamsPerBand-r16.c.o
#9 68.69 [ 76%] Building C object examples/xApp/c/monitor/RRC_MESSAGES/CMakeFiles/asn1_nr_rrc.dir/NR_SharedSpectrumChAccessParamsPerBand-v1630.c.o
#9 68.72 [ 76%] Building C object examples/xApp/c/monitor/RRC_MESSAGES/CMakeFiles/asn1_nr_rrc.dir/NR_SharedSpectrumChAccessParamsPerBand-v1640.c.o
#9 68.73 [ 76%] Building C object examples/xApp/c/monitor/RRC_MESSAGES/CMakeFiles/asn1_nr_rrc.dir/NR_SharedSpectrumChAccessParamsPerBand-v1650.c.o
#9 68.77 [ 76%] Building C object examples/xApp/c/monitor/RRC_MESSAGES/CMakeFiles/asn1_nr_rrc.dir/NR_SharedSpectrumChAccessParamsPerBand-v1710.c.o
#9 68.77 [ 76%] Building C object examples/xApp/c/monitor/RRC_MESSAGES/CMakeFiles/asn1_nr_rrc.dir/NR_ShortI-RNTI-Value.c.o
#9 68.81 [ 76%] Building C object examples/xApp/c/monitor/RRC_MESSAGES/CMakeFiles/asn1_nr_rrc.dir/NR_ShortMAC-I.c.o
#9 68.81 [ 76%] Building C object examples/xApp/c/monitor/RRC_MESSAGES/CMakeFiles/asn1_nr_rrc.dir/NR_SHR-Cause-r17.c.o
#9 68.84 [ 76%] Building C object examples/xApp/c/monitor/RRC_MESSAGES/CMakeFiles/asn1_nr_rrc.dir/NR_SIB10-r16.c.o
#9 68.86 [ 76%] Building C object examples/xApp/c/monitor/RRC_MESSAGES/CMakeFiles/asn1_nr_rrc.dir/NR_SIB11-r16.c.o
#9 68.89 [ 76%] Building C object examples/xApp/c/monitor/RRC_MESSAGES/CMakeFiles/asn1_nr_rrc.dir/NR_SIB12-IEs-r16.c.o
#9 68.90 [ 76%] Building C object examples/xApp/c/monitor/RRC_MESSAGES/CMakeFiles/asn1_nr_rrc.dir/NR_SIB12-r16.c.o
#9 68.94 [ 76%] Building C object examples/xApp/c/monitor/RRC_MESSAGES/CMakeFiles/asn1_nr_rrc.dir/NR_SIB13-r16.c.o
#9 68.98 [ 76%] Building C object examples/xApp/c/monitor/RRC_MESSAGES/CMakeFiles/asn1_nr_rrc.dir/NR_SIB14-r16.c.o
#9 69.01 [ 76%] Building C object examples/xApp/c/monitor/RRC_MESSAGES/CMakeFiles/asn1_nr_rrc.dir/NR_SIB15-r17.c.o
#9 69.02 [ 76%] Building C object examples/xApp/c/monitor/RRC_MESSAGES/CMakeFiles/asn1_nr_rrc.dir/NR_SIB16-r17.c.o
#9 69.04 [ 76%] Building C object examples/xApp/c/monitor/RRC_MESSAGES/CMakeFiles/asn1_nr_rrc.dir/NR_SIB17-IEs-r17.c.o
#9 69.05 [ 76%] Building C object examples/xApp/c/monitor/RRC_MESSAGES/CMakeFiles/asn1_nr_rrc.dir/NR_SIB17-r17.c.o
#9 69.09 [ 76%] Building C object examples/xApp/c/monitor/RRC_MESSAGES/CMakeFiles/asn1_nr_rrc.dir/NR_SIB18-r17.c.o
#9 69.09 [ 77%] Building C object examples/xApp/c/monitor/RRC_MESSAGES/CMakeFiles/asn1_nr_rrc.dir/NR_SIB19-r17.c.o
#9 69.13 [ 77%] Building C object examples/xApp/c/monitor/RRC_MESSAGES/CMakeFiles/asn1_nr_rrc.dir/NR_SIB1.c.o
#9 69.14 [ 77%] Building C object examples/xApp/c/monitor/RRC_MESSAGES/CMakeFiles/asn1_nr_rrc.dir/NR_SIB1-v1610-IEs.c.o
#9 69.19 [ 77%] Building C object examples/xApp/c/monitor/RRC_MESSAGES/CMakeFiles/asn1_nr_rrc.dir/NR_SIB1-v1630-IEs.c.o
#9 69.23 [ 77%] Building C object examples/xApp/c/monitor/RRC_MESSAGES/CMakeFiles/asn1_nr_rrc.dir/NR_SIB1-v1700-IEs.c.o
#9 69.28 [ 77%] Building C object examples/xApp/c/monitor/RRC_MESSAGES/CMakeFiles/asn1_nr_rrc.dir/NR_SIB20-r17.c.o
#9 69.33 [ 77%] Building C object examples/xApp/c/monitor/RRC_MESSAGES/CMakeFiles/asn1_nr_rrc.dir/NR_SIB21-r17.c.o
#9 69.34 [ 77%] Building C object examples/xApp/c/monitor/RRC_MESSAGES/CMakeFiles/asn1_nr_rrc.dir/NR_SIB2.c.o
#9 69.37 [ 77%] Building C object examples/xApp/c/monitor/RRC_MESSAGES/CMakeFiles/asn1_nr_rrc.dir/NR_SIB3.c.o
#9 69.39 [ 77%] Building C object examples/xApp/c/monitor/RRC_MESSAGES/CMakeFiles/asn1_nr_rrc.dir/NR_SIB4.c.o
#9 69.41 [ 77%] Building C object examples/xApp/c/monitor/RRC_MESSAGES/CMakeFiles/asn1_nr_rrc.dir/NR_SIB5.c.o
#9 69.44 [ 77%] Building C object examples/xApp/c/monitor/RRC_MESSAGES/CMakeFiles/asn1_nr_rrc.dir/NR_SIB6.c.o
#9 69.46 [ 77%] Building C object examples/xApp/c/monitor/RRC_MESSAGES/CMakeFiles/asn1_nr_rrc.dir/NR_SIB7.c.o
#9 69.48 [ 77%] Building C object examples/xApp/c/monitor/RRC_MESSAGES/CMakeFiles/asn1_nr_rrc.dir/NR_SIB8.c.o
#9 69.51 [ 77%] Building C object examples/xApp/c/monitor/RRC_MESSAGES/CMakeFiles/asn1_nr_rrc.dir/NR_SIB9.c.o
#9 69.53 [ 77%] Building C object examples/xApp/c/monitor/RRC_MESSAGES/CMakeFiles/asn1_nr_rrc.dir/NR_SIB-Mapping.c.o
#9 69.56 [ 77%] Building C object examples/xApp/c/monitor/RRC_MESSAGES/CMakeFiles/asn1_nr_rrc.dir/NR_SIB-Mapping-v1700.c.o
#9 69.57 [ 77%] Building C object examples/xApp/c/monitor/RRC_MESSAGES/CMakeFiles/asn1_nr_rrc.dir/NR_SIBpos-r16.c.o
#9 69.60 [ 77%] Building C object examples/xApp/c/monitor/RRC_MESSAGES/CMakeFiles/asn1_nr_rrc.dir/NR_SIB-ReqInfo-r16.c.o
#9 69.61 [ 77%] Building C object examples/xApp/c/monitor/RRC_MESSAGES/CMakeFiles/asn1_nr_rrc.dir/NR_SIB-TypeInfo.c.o
#9 69.64 [ 77%] Building C object examples/xApp/c/monitor/RRC_MESSAGES/CMakeFiles/asn1_nr_rrc.dir/NR_SIB-TypeInfo-v1700.c.o
#9 69.65 [ 77%] Building C object examples/xApp/c/monitor/RRC_MESSAGES/CMakeFiles/asn1_nr_rrc.dir/NR_SIB-Type-r17.c.o
#9 69.69 [ 77%] Building C object examples/xApp/c/monitor/RRC_MESSAGES/CMakeFiles/asn1_nr_rrc.dir/NR_SidelinkParametersEUTRA-r16.c.o
#9 69.70 [ 77%] Building C object examples/xApp/c/monitor/RRC_MESSAGES/CMakeFiles/asn1_nr_rrc.dir/NR_SidelinkParametersNR-r16.c.o
#9 69.73 [ 77%] Building C object examples/xApp/c/monitor/RRC_MESSAGES/CMakeFiles/asn1_nr_rrc.dir/NR_SidelinkParameters-r16.c.o
#9 69.74 [ 77%] Building C object examples/xApp/c/monitor/RRC_MESSAGES/CMakeFiles/asn1_nr_rrc.dir/NR_SidelinkPreconfigNR-r16.c.o
#9 69.76 [ 77%] Building C object examples/xApp/c/monitor/RRC_MESSAGES/CMakeFiles/asn1_nr_rrc.dir/NR_SidelinkUEInformationNR-r16.c.o
#9 69.81 [ 77%] Building C object examples/xApp/c/monitor/RRC_MESSAGES/CMakeFiles/asn1_nr_rrc.dir/NR_SidelinkUEInformationNR-r16-IEs.c.o
#9 69.85 [ 77%] Building C object examples/xApp/c/monitor/RRC_MESSAGES/CMakeFiles/asn1_nr_rrc.dir/NR_SidelinkUEInformationNR-v1700-IEs.c.o
#9 69.88 [ 77%] Building C object examples/xApp/c/monitor/RRC_MESSAGES/CMakeFiles/asn1_nr_rrc.dir/NR_SimulSRS-ForAntennaSwitching-r16.c.o
#9 69.90 [ 77%] Building C object examples/xApp/c/monitor/RRC_MESSAGES/CMakeFiles/asn1_nr_rrc.dir/NR_SimultaneousRxTxPerBandPair.c.o
#9 69.92 [ 77%] Building C object examples/xApp/c/monitor/RRC_MESSAGES/CMakeFiles/asn1_nr_rrc.dir/NR_SINR-Range.c.o
#9 69.93 [ 77%] Building C object examples/xApp/c/monitor/RRC_MESSAGES/CMakeFiles/asn1_nr_rrc.dir/NR_SINR-RangeEUTRA.c.o
#9 69.96 [ 77%] Building C object examples/xApp/c/monitor/RRC_MESSAGES/CMakeFiles/asn1_nr_rrc.dir/NR_SI-RequestConfig.c.o
#9 69.97 [ 77%] Building C object examples/xApp/c/monitor/RRC_MESSAGES/CMakeFiles/asn1_nr_rrc.dir/NR_SI-RequestResources.c.o
#9 70.00 [ 77%] Building C object examples/xApp/c/monitor/RRC_MESSAGES/CMakeFiles/asn1_nr_rrc.dir/NR_SI-SchedulingInfo.c.o
#9 70.00 [ 77%] Building C object examples/xApp/c/monitor/RRC_MESSAGES/CMakeFiles/asn1_nr_rrc.dir/NR_SI-SchedulingInfo-v1700.c.o
#9 70.05 [ 77%] Building C object examples/xApp/c/monitor/RRC_MESSAGES/CMakeFiles/asn1_nr_rrc.dir/NR_SK-Counter.c.o
#9 70.05 [ 77%] Building C object examples/xApp/c/monitor/RRC_MESSAGES/CMakeFiles/asn1_nr_rrc.dir/NR_SL-AccessInfo-L2U2N-r17.c.o
#9 70.09 [ 78%] Building C object examples/xApp/c/monitor/RRC_MESSAGES/CMakeFiles/asn1_nr_rrc.dir/NR_SL-BWP-ConfigCommon-r16.c.o
#9 70.09 [ 78%] Building C object examples/xApp/c/monitor/RRC_MESSAGES/CMakeFiles/asn1_nr_rrc.dir/NR_SL-BetaOffsets-r16.c.o
#9 70.14 [ 78%] Building C object examples/xApp/c/monitor/RRC_MESSAGES/CMakeFiles/asn1_nr_rrc.dir/NR_SL-BWP-Config-r16.c.o
#9 70.20 [ 78%] Building C object examples/xApp/c/monitor/RRC_MESSAGES/CMakeFiles/asn1_nr_rrc.dir/NR_SL-BWP-DiscPoolConfigCommon-r17.c.o
#9 70.26 [ 78%] Building C object examples/xApp/c/monitor/RRC_MESSAGES/CMakeFiles/asn1_nr_rrc.dir/NR_SL-BWP-DiscPoolConfig-r17.c.o
#9 70.36 [ 78%] Building C object examples/xApp/c/monitor/RRC_MESSAGES/CMakeFiles/asn1_nr_rrc.dir/NR_SL-BWP-Generic-r16.c.o
#9 70.36 [ 78%] Building C object examples/xApp/c/monitor/RRC_MESSAGES/CMakeFiles/asn1_nr_rrc.dir/NR_SL-BWP-PoolConfigCommon-r16.c.o
#9 70.45 [ 78%] Building C object examples/xApp/c/monitor/RRC_MESSAGES/CMakeFiles/asn1_nr_rrc.dir/NR_SL-BWP-PoolConfig-r16.c.o
#9 70.55 [ 78%] Building C object examples/xApp/c/monitor/RRC_MESSAGES/CMakeFiles/asn1_nr_rrc.dir/NR_SL-CBR-CommonTxConfigList-r16.c.o
#9 70.55 [ 78%] Building C object examples/xApp/c/monitor/RRC_MESSAGES/CMakeFiles/asn1_nr_rrc.dir/NR_SL-CBR-LevelsConfig-r16.c.o
#9 70.58 [ 78%] Building C object examples/xApp/c/monitor/RRC_MESSAGES/CMakeFiles/asn1_nr_rrc.dir/NR_SL-CBR-PriorityTxConfigList-r16.c.o
#9 70.60 [ 78%] Building C object examples/xApp/c/monitor/RRC_MESSAGES/CMakeFiles/asn1_nr_rrc.dir/NR_SL-CBR-PriorityTxConfigList-v1650.c.o
#9 70.61 [ 78%] Building C object examples/xApp/c/monitor/RRC_MESSAGES/CMakeFiles/asn1_nr_rrc.dir/NR_SL-CBR-PSSCH-TxConfig-r16.c.o
#9 70.63 [ 78%] Building C object examples/xApp/c/monitor/RRC_MESSAGES/CMakeFiles/asn1_nr_rrc.dir/NR_SL-CBR-r16.c.o
#9 70.64 [ 78%] Building C object examples/xApp/c/monitor/RRC_MESSAGES/CMakeFiles/asn1_nr_rrc.dir/NR_SL-CG-MaxTransNumList-r16.c.o
#9 70.66 [ 78%] Building C object examples/xApp/c/monitor/RRC_MESSAGES/CMakeFiles/asn1_nr_rrc.dir/NR_SL-CG-MaxTransNum-r16.c.o
#9 70.67 [ 78%] Building C object examples/xApp/c/monitor/RRC_MESSAGES/CMakeFiles/asn1_nr_rrc.dir/NR_SL-ConfigCommonNR-r16.c.o
#9 70.69 [ 78%] Building C object examples/xApp/c/monitor/RRC_MESSAGES/CMakeFiles/asn1_nr_rrc.dir/NR_SL-ConfigDedicatedEUTRA-Info-r16.c.o
#9 70.73 [ 78%] Building C object examples/xApp/c/monitor/RRC_MESSAGES/CMakeFiles/asn1_nr_rrc.dir/NR_SL-ConfigDedicatedNR-r16.c.o
#9 70.78 [ 78%] Building C object examples/xApp/c/monitor/RRC_MESSAGES/CMakeFiles/asn1_nr_rrc.dir/NR_SL-ConfigIndexCG-r16.c.o
#9 70.80 [ 78%] Building C object examples/xApp/c/monitor/RRC_MESSAGES/CMakeFiles/asn1_nr_rrc.dir/NR_SL-ConfiguredGrantConfigList-r16.c.o
#9 70.83 [ 78%] Building C object examples/xApp/c/monitor/RRC_MESSAGES/CMakeFiles/asn1_nr_rrc.dir/NR_SL-ConfiguredGrantConfig-r16.c.o
#9 70.88 [ 78%] Building C object examples/xApp/c/monitor/RRC_MESSAGES/CMakeFiles/asn1_nr_rrc.dir/NR_SL-DestinationIdentity-r16.c.o
#9 70.88 [ 78%] Building C object examples/xApp/c/monitor/RRC_MESSAGES/CMakeFiles/asn1_nr_rrc.dir/NR_SL-CSI-RS-Config-r16.c.o
#9 70.90 [ 78%] Building C object examples/xApp/c/monitor/RRC_MESSAGES/CMakeFiles/asn1_nr_rrc.dir/NR_SL-DestinationIndex-r16.c.o
#9 70.92 [ 78%] Building C object examples/xApp/c/monitor/RRC_MESSAGES/CMakeFiles/asn1_nr_rrc.dir/NR_SL-DiscConfigCommon-r17.c.o
#9 70.93 [ 78%] Building C object examples/xApp/c/monitor/RRC_MESSAGES/CMakeFiles/asn1_nr_rrc.dir/NR_SL-DiscConfig-r17.c.o
#9 70.96 [ 78%] Building C object examples/xApp/c/monitor/RRC_MESSAGES/CMakeFiles/asn1_nr_rrc.dir/NR_SL-DRX-ConfigGC-BC-r17.c.o
#9 71.00 [ 78%] Building C object examples/xApp/c/monitor/RRC_MESSAGES/CMakeFiles/asn1_nr_rrc.dir/NR_SL-DRX-Config-r17.c.o
#9 71.03 [ 78%] Building C object examples/xApp/c/monitor/RRC_MESSAGES/CMakeFiles/asn1_nr_rrc.dir/NR_SL-DRX-ConfigUC-Info-r17.c.o
#9 71.04 [ 78%] Building C object examples/xApp/c/monitor/RRC_MESSAGES/CMakeFiles/asn1_nr_rrc.dir/NR_SL-DRX-ConfigUC-r17.c.o
#9 71.06 [ 78%] Building C object examples/xApp/c/monitor/RRC_MESSAGES/CMakeFiles/asn1_nr_rrc.dir/NR_SL-DRX-ConfigUC-SemiStatic-r17.c.o
#9 71.10 [ 78%] Building C object examples/xApp/c/monitor/RRC_MESSAGES/CMakeFiles/asn1_nr_rrc.dir/NR_SL-DRX-GC-BC-QoS-r17.c.o
#9 71.11 [ 78%] Building C object examples/xApp/c/monitor/RRC_MESSAGES/CMakeFiles/asn1_nr_rrc.dir/NR_SL-DRX-GC-Generic-r17.c.o
#9 71.13 [ 78%] Building C object examples/xApp/c/monitor/RRC_MESSAGES/CMakeFiles/asn1_nr_rrc.dir/NR_SL-EUTRA-AnchorCarrierFreqList-r16.c.o
#9 71.14 [ 78%] Building C object examples/xApp/c/monitor/RRC_MESSAGES/CMakeFiles/asn1_nr_rrc.dir/NR_SL-EventTriggerConfig-r16.c.o
#9 71.16 [ 78%] Building C object examples/xApp/c/monitor/RRC_MESSAGES/CMakeFiles/asn1_nr_rrc.dir/NR_SL-FailureList-r16.c.o
#9 71.17 [ 78%] Building C object examples/xApp/c/monitor/RRC_MESSAGES/CMakeFiles/asn1_nr_rrc.dir/NR_SL-Failure-r16.c.o
#9 71.19 [ 78%] Building C object examples/xApp/c/monitor/RRC_MESSAGES/CMakeFiles/asn1_nr_rrc.dir/NR_SL-FreqConfigCommon-r16.c.o
#9 71.20 [ 80%] Building C object examples/xApp/c/monitor/RRC_MESSAGES/CMakeFiles/asn1_nr_rrc.dir/NR_SL-FreqConfig-r16.c.o
#9 71.29 [ 80%] Building C object examples/xApp/c/monitor/RRC_MESSAGES/CMakeFiles/asn1_nr_rrc.dir/NR_SL-Freq-Id-r16.c.o
#9 71.32 [ 80%] Building C object examples/xApp/c/monitor/RRC_MESSAGES/CMakeFiles/asn1_nr_rrc.dir/NR_SliceCellListNR-r17.c.o
#9 71.35 [ 80%] Building C object examples/xApp/c/monitor/RRC_MESSAGES/CMakeFiles/asn1_nr_rrc.dir/NR_SliceInfoDedicated-r17.c.o
#9 71.35 [ 80%] Building C object examples/xApp/c/monitor/RRC_MESSAGES/CMakeFiles/asn1_nr_rrc.dir/NR_SliceInfoListDedicated-r17.c.o
#9 71.37 [ 80%] Building C object examples/xApp/c/monitor/RRC_MESSAGES/CMakeFiles/asn1_nr_rrc.dir/NR_SliceInfoList-r17.c.o
#9 71.38 [ 80%] Building C object examples/xApp/c/monitor/RRC_MESSAGES/CMakeFiles/asn1_nr_rrc.dir/NR_SliceInfo-r17.c.o
#9 71.41 [ 80%] Building C object examples/xApp/c/monitor/RRC_MESSAGES/CMakeFiles/asn1_nr_rrc.dir/NR_SL-InterestedFreqList-r16.c.o
#9 71.42 [ 80%] Building C object examples/xApp/c/monitor/RRC_MESSAGES/CMakeFiles/asn1_nr_rrc.dir/NR_SL-InterUE-CoordinationConfig-r17.c.o
#9 71.44 [ 80%] Building C object examples/xApp/c/monitor/RRC_MESSAGES/CMakeFiles/asn1_nr_rrc.dir/NR_SL-InterUE-CoordinationScheme1-r17.c.o
#9 71.45 [ 80%] Building C object examples/xApp/c/monitor/RRC_MESSAGES/CMakeFiles/asn1_nr_rrc.dir/NR_SL-InterUE-CoordinationScheme2-r17.c.o
#9 71.48 [ 80%] Building C object examples/xApp/c/monitor/RRC_MESSAGES/CMakeFiles/asn1_nr_rrc.dir/NR_SL-L2RelayUE-Config-r17.c.o
#9 71.49 [ 80%] Building C object examples/xApp/c/monitor/RRC_MESSAGES/CMakeFiles/asn1_nr_rrc.dir/NR_SL-L2RemoteUE-Config-r17.c.o
#9 71.53 [ 80%] Building C object examples/xApp/c/monitor/RRC_MESSAGES/CMakeFiles/asn1_nr_rrc.dir/NR_SL-LatencyBoundIUC-Report-r17.c.o
#9 71.53 [ 80%] Building C object examples/xApp/c/monitor/RRC_MESSAGES/CMakeFiles/asn1_nr_rrc.dir/NR_SL-LogicalChannelConfigPC5-r16.c.o
#9 71.56 [ 80%] Building C object examples/xApp/c/monitor/RRC_MESSAGES/CMakeFiles/asn1_nr_rrc.dir/NR_SL-LogicalChannelConfig-r16.c.o
#9 71.56 [ 80%] Building C object examples/xApp/c/monitor/RRC_MESSAGES/CMakeFiles/asn1_nr_rrc.dir/NR_SL-MappedQoS-FlowsListDedicated-r16.c.o
#9 71.59 [ 80%] Building C object examples/xApp/c/monitor/RRC_MESSAGES/CMakeFiles/asn1_nr_rrc.dir/NR_SL-MappingToAddMod-r17.c.o
#9 71.60 [ 80%] Building C object examples/xApp/c/monitor/RRC_MESSAGES/CMakeFiles/asn1_nr_rrc.dir/NR_SL-MeasConfigCommon-r16.c.o
#9 71.62 [ 80%] Building C object examples/xApp/c/monitor/RRC_MESSAGES/CMakeFiles/asn1_nr_rrc.dir/NR_SL-MeasConfigInfo-r16.c.o
#9 71.64 [ 80%] Building C object examples/xApp/c/monitor/RRC_MESSAGES/CMakeFiles/asn1_nr_rrc.dir/NR_SL-MeasConfig-r16.c.o
#9 71.65 [ 80%] Building C object examples/xApp/c/monitor/RRC_MESSAGES/CMakeFiles/asn1_nr_rrc.dir/NR_SL-MeasIdInfo-r16.c.o
#9 71.67 [ 80%] Building C object examples/xApp/c/monitor/RRC_MESSAGES/CMakeFiles/asn1_nr_rrc.dir/NR_SL-MeasIdList-r16.c.o
#9 71.68 [ 80%] Building C object examples/xApp/c/monitor/RRC_MESSAGES/CMakeFiles/asn1_nr_rrc.dir/NR_SL-MeasId-r16.c.o
#9 71.70 [ 80%] Building C object examples/xApp/c/monitor/RRC_MESSAGES/CMakeFiles/asn1_nr_rrc.dir/NR_SL-MeasIdToRemoveList-r16.c.o
#9 71.71 [ 80%] Building C object examples/xApp/c/monitor/RRC_MESSAGES/CMakeFiles/asn1_nr_rrc.dir/NR_SL-MeasObjectId-r16.c.o
#9 71.73 [ 80%] Building C object examples/xApp/c/monitor/RRC_MESSAGES/CMakeFiles/asn1_nr_rrc.dir/NR_SL-MeasObjectInfo-r16.c.o
#9 71.76 [ 80%] Building C object examples/xApp/c/monitor/RRC_MESSAGES/CMakeFiles/asn1_nr_rrc.dir/NR_SL-MeasObjectList-r16.c.o
#9 71.76 [ 80%] Building C object examples/xApp/c/monitor/RRC_MESSAGES/CMakeFiles/asn1_nr_rrc.dir/NR_SL-MeasObject-r16.c.o
#9 71.79 [ 80%] Building C object examples/xApp/c/monitor/RRC_MESSAGES/CMakeFiles/asn1_nr_rrc.dir/NR_SL-MeasObjectToRemoveList-r16.c.o
#9 71.79 [ 80%] Building C object examples/xApp/c/monitor/RRC_MESSAGES/CMakeFiles/asn1_nr_rrc.dir/NR_SL-MeasQuantityResult-r16.c.o
#9 71.82 [ 80%] Building C object examples/xApp/c/monitor/RRC_MESSAGES/CMakeFiles/asn1_nr_rrc.dir/NR_SL-MeasReportQuantity-r16.c.o
#9 71.82 [ 80%] Building C object examples/xApp/c/monitor/RRC_MESSAGES/CMakeFiles/asn1_nr_rrc.dir/NR_SL-MeasResultListRelay-r17.c.o
#9 71.85 [ 80%] Building C object examples/xApp/c/monitor/RRC_MESSAGES/CMakeFiles/asn1_nr_rrc.dir/NR_SL-MeasResult-r16.c.o
#9 71.86 [ 80%] Building C object examples/xApp/c/monitor/RRC_MESSAGES/CMakeFiles/asn1_nr_rrc.dir/NR_SL-MeasResultRelay-r17.c.o
#9 71.88 [ 80%] Building C object examples/xApp/c/monitor/RRC_MESSAGES/CMakeFiles/asn1_nr_rrc.dir/NR_SL-MeasResults-r16.c.o
#9 71.90 [ 80%] Building C object examples/xApp/c/monitor/RRC_MESSAGES/CMakeFiles/asn1_nr_rrc.dir/NR_SL-MeasTriggerQuantity-r16.c.o
#9 71.91 [ 80%] Building C object examples/xApp/c/monitor/RRC_MESSAGES/CMakeFiles/asn1_nr_rrc.dir/NR_SL-MinMaxMCS-Config-r16.c.o
#9 71.93 [ 81%] Building C object examples/xApp/c/monitor/RRC_MESSAGES/CMakeFiles/asn1_nr_rrc.dir/NR_SL-MinMaxMCS-List-r16.c.o
#9 71.95 [ 81%] Building C object examples/xApp/c/monitor/RRC_MESSAGES/CMakeFiles/asn1_nr_rrc.dir/NR_SL-NR-AnchorCarrierFreqList-r16.c.o
#9 71.96 [ 81%] Building C object examples/xApp/c/monitor/RRC_MESSAGES/CMakeFiles/asn1_nr_rrc.dir/NR_SlotBased-r16.c.o
#9 71.98 [ 81%] Building C object examples/xApp/c/monitor/RRC_MESSAGES/CMakeFiles/asn1_nr_rrc.dir/NR_SlotBased-v1630.c.o
#9 71.99 [ 81%] Building C object examples/xApp/c/monitor/RRC_MESSAGES/CMakeFiles/asn1_nr_rrc.dir/NR_SlotFormatCombination.c.o
#9 72.01 [ 81%] Building C object examples/xApp/c/monitor/RRC_MESSAGES/CMakeFiles/asn1_nr_rrc.dir/NR_SlotFormatCombinationId.c.o
#9 72.03 [ 81%] Building C object examples/xApp/c/monitor/RRC_MESSAGES/CMakeFiles/asn1_nr_rrc.dir/NR_SlotFormatCombinationsPerCell.c.o
#9 72.04 [ 81%] Building C object examples/xApp/c/monitor/RRC_MESSAGES/CMakeFiles/asn1_nr_rrc.dir/NR_SlotFormatIndicator.c.o
#9 72.06 [ 81%] Building C object examples/xApp/c/monitor/RRC_MESSAGES/CMakeFiles/asn1_nr_rrc.dir/NR_SL-PagingIdentityRemoteUE-r17.c.o
#9 72.09 [ 81%] Building C object examples/xApp/c/monitor/RRC_MESSAGES/CMakeFiles/asn1_nr_rrc.dir/NR_SL-PagingInfo-RemoteUE-r17.c.o
#9 72.10 [ 81%] Building C object examples/xApp/c/monitor/RRC_MESSAGES/CMakeFiles/asn1_nr_rrc.dir/NR_SL-PathSwitchConfig-r17.c.o
#9 72.12 [ 81%] Building C object examples/xApp/c/monitor/RRC_MESSAGES/CMakeFiles/asn1_nr_rrc.dir/NR_SL-PBPS-CPS-Config-r17.c.o
#9 72.13 [ 81%] Building C object examples/xApp/c/monitor/RRC_MESSAGES/CMakeFiles/asn1_nr_rrc.dir/NR_SL-PDCP-ConfigPC5-r16.c.o
#9 72.17 [ 81%] Building C object examples/xApp/c/monitor/RRC_MESSAGES/CMakeFiles/asn1_nr_rrc.dir/NR_SL-PDCP-Config-r16.c.o
#9 72.17 [ 81%] Building C object examples/xApp/c/monitor/RRC_MESSAGES/CMakeFiles/asn1_nr_rrc.dir/NR_SL-PeriodCG-r16.c.o
#9 72.19 [ 81%] Building C object examples/xApp/c/monitor/RRC_MESSAGES/CMakeFiles/asn1_nr_rrc.dir/NR_SL-PeriodicalReportConfig-r16.c.o
#9 72.20 [ 81%] Building C object examples/xApp/c/monitor/RRC_MESSAGES/CMakeFiles/asn1_nr_rrc.dir/NR_SL-PHY-MAC-RLC-Config-r16.c.o
#9 72.24 [ 81%] Building C object examples/xApp/c/monitor/RRC_MESSAGES/CMakeFiles/asn1_nr_rrc.dir/NR_SL-PHY-MAC-RLC-Config-v1700.c.o
#9 72.29 [ 81%] Building C object examples/xApp/c/monitor/RRC_MESSAGES/CMakeFiles/asn1_nr_rrc.dir/NR_SL-PowerControl-r16.c.o
#9 72.31 [ 81%] Building C object examples/xApp/c/monitor/RRC_MESSAGES/CMakeFiles/asn1_nr_rrc.dir/NR_SL-PQFI-r16.c.o
#9 72.33 [ 81%] Building C object examples/xApp/c/monitor/RRC_MESSAGES/CMakeFiles/asn1_nr_rrc.dir/NR_SL-PQI-r16.c.o
#9 72.34 [ 81%] Building C object examples/xApp/c/monitor/RRC_MESSAGES/CMakeFiles/asn1_nr_rrc.dir/NR_SL-PreconfigGeneral-r16.c.o
#9 72.36 [ 81%] Building C object examples/xApp/c/monitor/RRC_MESSAGES/CMakeFiles/asn1_nr_rrc.dir/NR_SL-PreconfigurationNR-r16.c.o
#9 72.39 [ 81%] Building C object examples/xApp/c/monitor/RRC_MESSAGES/CMakeFiles/asn1_nr_rrc.dir/NR_SL-PriorityTxConfigIndex-r16.c.o
#9 72.43 [ 81%] Building C object examples/xApp/c/monitor/RRC_MESSAGES/CMakeFiles/asn1_nr_rrc.dir/NR_SL-PriorityTxConfigIndex-v1650.c.o
#9 72.46 [ 81%] Building C object examples/xApp/c/monitor/RRC_MESSAGES/CMakeFiles/asn1_nr_rrc.dir/NR_SL-PSBCH-Config-r16.c.o
#9 72.47 [ 81%] Building C object examples/xApp/c/monitor/RRC_MESSAGES/CMakeFiles/asn1_nr_rrc.dir/NR_SL-PSCCH-Config-r16.c.o
#9 72.50 [ 81%] Building C object examples/xApp/c/monitor/RRC_MESSAGES/CMakeFiles/asn1_nr_rrc.dir/NR_SL-PSFCH-Config-r16.c.o
#9 72.50 [ 81%] Building C object examples/xApp/c/monitor/RRC_MESSAGES/CMakeFiles/asn1_nr_rrc.dir/NR_SL-PSSCH-Config-r16.c.o
#9 72.53 [ 81%] Building C object examples/xApp/c/monitor/RRC_MESSAGES/CMakeFiles/asn1_nr_rrc.dir/NR_SL-PSSCH-TxConfigList-r16.c.o
#9 72.53 [ 81%] Building C object examples/xApp/c/monitor/RRC_MESSAGES/CMakeFiles/asn1_nr_rrc.dir/NR_SL-PSSCH-TxConfig-r16.c.o
#9 72.56 [ 81%] Building C object examples/xApp/c/monitor/RRC_MESSAGES/CMakeFiles/asn1_nr_rrc.dir/NR_SL-PSSCH-TxParameters-r16.c.o
#9 72.56 [ 81%] Building C object examples/xApp/c/monitor/RRC_MESSAGES/CMakeFiles/asn1_nr_rrc.dir/NR_SL-PTRS-Config-r16.c.o
#9 72.59 [ 81%] Building C object examples/xApp/c/monitor/RRC_MESSAGES/CMakeFiles/asn1_nr_rrc.dir/NR_SL-QoS-FlowIdentity-r16.c.o
#9 72.60 [ 81%] Building C object examples/xApp/c/monitor/RRC_MESSAGES/CMakeFiles/asn1_nr_rrc.dir/NR_SL-QoS-Info-r16.c.o
#9 72.61 [ 81%] Building C object examples/xApp/c/monitor/RRC_MESSAGES/CMakeFiles/asn1_nr_rrc.dir/NR_SL-QoS-Profile-r16.c.o
#9 72.63 [ 81%] Building C object examples/xApp/c/monitor/RRC_MESSAGES/CMakeFiles/asn1_nr_rrc.dir/NR_SL-QuantityConfig-r16.c.o
#9 72.65 [ 81%] Building C object examples/xApp/c/monitor/RRC_MESSAGES/CMakeFiles/asn1_nr_rrc.dir/NR_SL-RadioBearerConfig-r16.c.o
#9 72.66 [ 81%] Building C object examples/xApp/c/monitor/RRC_MESSAGES/CMakeFiles/asn1_nr_rrc.dir/NR_SLRB-Config-r16.c.o
#9 72.68 [ 83%] Building C object examples/xApp/c/monitor/RRC_MESSAGES/CMakeFiles/asn1_nr_rrc.dir/NR_SLRB-PC5-ConfigIndex-r16.c.o
#9 72.69 [ 83%] Building C object examples/xApp/c/monitor/RRC_MESSAGES/CMakeFiles/asn1_nr_rrc.dir/NR_SLRB-Uu-ConfigIndex-r16.c.o
#9 72.71 [ 83%] Building C object examples/xApp/c/monitor/RRC_MESSAGES/CMakeFiles/asn1_nr_rrc.dir/NR_SL-RelayUE-Config-r17.c.o
#9 72.73 [ 83%] Building C object examples/xApp/c/monitor/RRC_MESSAGES/CMakeFiles/asn1_nr_rrc.dir/NR_SL-RemoteUE-RB-Identity-r17.c.o
#9 72.73 [ 83%] Building C object examples/xApp/c/monitor/RRC_MESSAGES/CMakeFiles/asn1_nr_rrc.dir/NR_SL-RemoteUE-Config-r17.c.o
#9 72.76 [ 83%] Building C object examples/xApp/c/monitor/RRC_MESSAGES/CMakeFiles/asn1_nr_rrc.dir/NR_SL-RemoteUE-ToAddMod-r17.c.o
#9 72.77 [ 83%] Building C object examples/xApp/c/monitor/RRC_MESSAGES/CMakeFiles/asn1_nr_rrc.dir/NR_SL-ReportConfigId-r16.c.o
#9 72.79 [ 83%] Building C object examples/xApp/c/monitor/RRC_MESSAGES/CMakeFiles/asn1_nr_rrc.dir/NR_SL-ReportConfigInfo-r16.c.o
#9 72.80 [ 83%] Building C object examples/xApp/c/monitor/RRC_MESSAGES/CMakeFiles/asn1_nr_rrc.dir/NR_SL-ReportConfigList-r16.c.o
#9 72.81 [ 83%] Building C object examples/xApp/c/monitor/RRC_MESSAGES/CMakeFiles/asn1_nr_rrc.dir/NR_SL-ReportConfig-r16.c.o
#9 72.82 [ 83%] Building C object examples/xApp/c/monitor/RRC_MESSAGES/CMakeFiles/asn1_nr_rrc.dir/NR_SL-ReportConfigToRemoveList-r16.c.o
#9 72.84 [ 83%] Building C object examples/xApp/c/monitor/RRC_MESSAGES/CMakeFiles/asn1_nr_rrc.dir/NR_SL-RequestedSIB-List-r17.c.o
#9 72.85 [ 83%] Building C object examples/xApp/c/monitor/RRC_MESSAGES/CMakeFiles/asn1_nr_rrc.dir/NR_SL-ReselectionConfig-r17.c.o
#9 72.87 [ 83%] Building C object examples/xApp/c/monitor/RRC_MESSAGES/CMakeFiles/asn1_nr_rrc.dir/NR_SL-ResourcePoolConfig-r16.c.o
#9 72.88 [ 83%] Building C object examples/xApp/c/monitor/RRC_MESSAGES/CMakeFiles/asn1_nr_rrc.dir/NR_SL-ResourcePoolID-r16.c.o
#9 72.92 [ 83%] Building C object examples/xApp/c/monitor/RRC_MESSAGES/CMakeFiles/asn1_nr_rrc.dir/NR_SL-ResourcePool-r16.c.o
#9 72.97 [ 83%] Building C object examples/xApp/c/monitor/RRC_MESSAGES/CMakeFiles/asn1_nr_rrc.dir/NR_SL-ResourceReservePeriod-r16.c.o
#9 72.99 [ 83%] Building C object examples/xApp/c/monitor/RRC_MESSAGES/CMakeFiles/asn1_nr_rrc.dir/NR_SL-RLC-BearerConfigIndex-r16.c.o
#9 73.02 [ 83%] Building C object examples/xApp/c/monitor/RRC_MESSAGES/CMakeFiles/asn1_nr_rrc.dir/NR_SL-RLC-BearerConfig-r16.c.o
#9 73.04 [ 83%] Building C object examples/xApp/c/monitor/RRC_MESSAGES/CMakeFiles/asn1_nr_rrc.dir/NR_SL-RLC-ChannelConfigPC5-r17.c.o
#9 73.05 [ 83%] Building C object examples/xApp/c/monitor/RRC_MESSAGES/CMakeFiles/asn1_nr_rrc.dir/NR_SL-RLC-ChannelConfig-r17.c.o
#9 73.07 [ 83%] Building C object examples/xApp/c/monitor/RRC_MESSAGES/CMakeFiles/asn1_nr_rrc.dir/NR_SL-RLC-ChannelID-r17.c.o
#9 73.08 [ 83%] Building C object examples/xApp/c/monitor/RRC_MESSAGES/CMakeFiles/asn1_nr_rrc.dir/NR_SL-RLC-ConfigPC5-r16.c.o
#9 73.10 [ 83%] Building C object examples/xApp/c/monitor/RRC_MESSAGES/CMakeFiles/asn1_nr_rrc.dir/NR_SL-RLC-Config-r16.c.o
#9 73.12 [ 83%] Building C object examples/xApp/c/monitor/RRC_MESSAGES/CMakeFiles/asn1_nr_rrc.dir/NR_SL-RoHC-Profiles-r16.c.o
#9 73.12 [ 83%] Building C object examples/xApp/c/monitor/RRC_MESSAGES/CMakeFiles/asn1_nr_rrc.dir/NR_SL-RLC-ModeIndication-r16.c.o
#9 73.15 [ 83%] Building C object examples/xApp/c/monitor/RRC_MESSAGES/CMakeFiles/asn1_nr_rrc.dir/NR_SL-RSRP-Range-r16.c.o
#9 73.15 [ 83%] Building C object examples/xApp/c/monitor/RRC_MESSAGES/CMakeFiles/asn1_nr_rrc.dir/NR_SL-RS-Type-r16.c.o
#9 73.18 [ 83%] Building C object examples/xApp/c/monitor/RRC_MESSAGES/CMakeFiles/asn1_nr_rrc.dir/NR_SL-RxDRX-ReportList-v1700.c.o
#9 73.19 [ 83%] Building C object examples/xApp/c/monitor/RRC_MESSAGES/CMakeFiles/asn1_nr_rrc.dir/NR_SL-RxDRX-Report-v1700.c.o
#9 73.20 [ 83%] Building C object examples/xApp/c/monitor/RRC_MESSAGES/CMakeFiles/asn1_nr_rrc.dir/NR_SL-RxInterestedGC-BC-DestList-r17.c.o
#9 73.22 [ 83%] Building C object examples/xApp/c/monitor/RRC_MESSAGES/CMakeFiles/asn1_nr_rrc.dir/NR_SL-RxInterestedGC-BC-Dest-r17.c.o
#9 73.23 [ 83%] Building C object examples/xApp/c/monitor/RRC_MESSAGES/CMakeFiles/asn1_nr_rrc.dir/NR_SL-ScheduledConfig-r16.c.o
#9 73.25 [ 83%] Building C object examples/xApp/c/monitor/RRC_MESSAGES/CMakeFiles/asn1_nr_rrc.dir/NR_SL-SDAP-ConfigPC5-r16.c.o
#9 73.26 [ 83%] Building C object examples/xApp/c/monitor/RRC_MESSAGES/CMakeFiles/asn1_nr_rrc.dir/NR_SL-SDAP-Config-r16.c.o
#9 73.28 [ 83%] Building C object examples/xApp/c/monitor/RRC_MESSAGES/CMakeFiles/asn1_nr_rrc.dir/NR_SL-SelectionWindowConfig-r16.c.o
#9 73.30 [ 83%] Building C object examples/xApp/c/monitor/RRC_MESSAGES/CMakeFiles/asn1_nr_rrc.dir/NR_SL-SelectionWindowList-r16.c.o
#9 73.31 [ 83%] Building C object examples/xApp/c/monitor/RRC_MESSAGES/CMakeFiles/asn1_nr_rrc.dir/NR_SL-ServingCellInfo-r17.c.o
#9 73.33 [ 83%] Building C object examples/xApp/c/monitor/RRC_MESSAGES/CMakeFiles/asn1_nr_rrc.dir/NR_SL-SIB-ReqInfo-r17.c.o
#9 73.34 [ 84%] Building C object examples/xApp/c/monitor/RRC_MESSAGES/CMakeFiles/asn1_nr_rrc.dir/NR_SL-SourceIdentity-r17.c.o
#9 73.35 [ 84%] Building C object examples/xApp/c/monitor/RRC_MESSAGES/CMakeFiles/asn1_nr_rrc.dir/NR_SL-SRAP-Config-r17.c.o
#9 73.37 [ 84%] Building C object examples/xApp/c/monitor/RRC_MESSAGES/CMakeFiles/asn1_nr_rrc.dir/NR_SL-SSB-TimeAllocation-r16.c.o
#9 73.38 [ 84%] Building C object examples/xApp/c/monitor/RRC_MESSAGES/CMakeFiles/asn1_nr_rrc.dir/NR_SL-SyncAllowed-r16.c.o
#9 73.40 [ 84%] Building C object examples/xApp/c/monitor/RRC_MESSAGES/CMakeFiles/asn1_nr_rrc.dir/NR_SL-SyncConfigList-r16.c.o
#9 73.42 [ 84%] Building C object examples/xApp/c/monitor/RRC_MESSAGES/CMakeFiles/asn1_nr_rrc.dir/NR_SL-SyncConfig-r16.c.o
#9 73.43 [ 84%] Building C object examples/xApp/c/monitor/RRC_MESSAGES/CMakeFiles/asn1_nr_rrc.dir/NR_SL-ThresholdRSRP-Condition1-B-1-r17.c.o
#9 73.46 [ 84%] Building C object examples/xApp/c/monitor/RRC_MESSAGES/CMakeFiles/asn1_nr_rrc.dir/NR_SL-Thres-RSRP-List-r16.c.o
#9 73.47 [ 84%] Building C object examples/xApp/c/monitor/RRC_MESSAGES/CMakeFiles/asn1_nr_rrc.dir/NR_SL-Thres-RSRP-r16.c.o
#9 73.48 [ 84%] Building C object examples/xApp/c/monitor/RRC_MESSAGES/CMakeFiles/asn1_nr_rrc.dir/NR_SL-TimeOffsetEUTRA-r16.c.o
#9 73.50 [ 84%] Building C object examples/xApp/c/monitor/RRC_MESSAGES/CMakeFiles/asn1_nr_rrc.dir/NR_SL-TrafficPatternInfo-r16.c.o
#9 73.52 [ 84%] Building C object examples/xApp/c/monitor/RRC_MESSAGES/CMakeFiles/asn1_nr_rrc.dir/NR_SL-TxConfigIndex-r16.c.o
#9 73.53 [ 84%] Building C object examples/xApp/c/monitor/RRC_MESSAGES/CMakeFiles/asn1_nr_rrc.dir/NR_SL-TxInterestedFreqList-r16.c.o
#9 73.55 [ 84%] Building C object examples/xApp/c/monitor/RRC_MESSAGES/CMakeFiles/asn1_nr_rrc.dir/NR_SL-TxPercentageConfig-r16.c.o
#9 73.55 [ 84%] Building C object examples/xApp/c/monitor/RRC_MESSAGES/CMakeFiles/asn1_nr_rrc.dir/NR_SL-TxPercentageList-r16.c.o
#9 73.59 [ 84%] Building C object examples/xApp/c/monitor/RRC_MESSAGES/CMakeFiles/asn1_nr_rrc.dir/NR_SL-TxPoolDedicated-r16.c.o
#9 73.61 [ 84%] Building C object examples/xApp/c/monitor/RRC_MESSAGES/CMakeFiles/asn1_nr_rrc.dir/NR_SL-TxPower-r16.c.o
#9 73.65 [ 84%] Building C object examples/xApp/c/monitor/RRC_MESSAGES/CMakeFiles/asn1_nr_rrc.dir/NR_SL-TxProfileList-r17.c.o
#9 73.68 [ 84%] Building C object examples/xApp/c/monitor/RRC_MESSAGES/CMakeFiles/asn1_nr_rrc.dir/NR_SL-TxProfile-r17.c.o
#9 73.69 [ 84%] Building C object examples/xApp/c/monitor/RRC_MESSAGES/CMakeFiles/asn1_nr_rrc.dir/NR_SL-TxResourceReqCommRelayInfo-r17.c.o
#9 73.71 [ 84%] Building C object examples/xApp/c/monitor/RRC_MESSAGES/CMakeFiles/asn1_nr_rrc.dir/NR_SL-TxResourceReqCommRelay-r17.c.o
#9 73.72 [ 84%] Building C object examples/xApp/c/monitor/RRC_MESSAGES/CMakeFiles/asn1_nr_rrc.dir/NR_SL-TxResourceReqDisc-r17.c.o
#9 73.75 [ 84%] Building C object examples/xApp/c/monitor/RRC_MESSAGES/CMakeFiles/asn1_nr_rrc.dir/NR_SL-TxResourceReqL2U2N-Relay-r17.c.o
#9 73.76 [ 84%] Building C object examples/xApp/c/monitor/RRC_MESSAGES/CMakeFiles/asn1_nr_rrc.dir/NR_SL-TxResourceReqListCommRelay-r17.c.o
#9 73.79 [ 84%] Building C object examples/xApp/c/monitor/RRC_MESSAGES/CMakeFiles/asn1_nr_rrc.dir/NR_SL-TxResourceReqListDisc-r17.c.o
#9 73.80 [ 84%] Building C object examples/xApp/c/monitor/RRC_MESSAGES/CMakeFiles/asn1_nr_rrc.dir/NR_SL-TxResourceReqList-r16.c.o
#9 73.82 [ 84%] Building C object examples/xApp/c/monitor/RRC_MESSAGES/CMakeFiles/asn1_nr_rrc.dir/NR_SL-TxResourceReqList-v1700.c.o
#9 73.83 [ 84%] Building C object examples/xApp/c/monitor/RRC_MESSAGES/CMakeFiles/asn1_nr_rrc.dir/NR_SL-TxResourceReq-r16.c.o
#9 73.86 [ 84%] Building C object examples/xApp/c/monitor/RRC_MESSAGES/CMakeFiles/asn1_nr_rrc.dir/NR_SL-TxResourceReq-v1700.c.o
#9 73.87 [ 84%] Building C object examples/xApp/c/monitor/RRC_MESSAGES/CMakeFiles/asn1_nr_rrc.dir/NR_SL-TypeTxSync-r16.c.o
#9 73.90 [ 84%] Building C object examples/xApp/c/monitor/RRC_MESSAGES/CMakeFiles/asn1_nr_rrc.dir/NR_SL-UE-SelectedConfig-r16.c.o
#9 73.90 [ 84%] Building C object examples/xApp/c/monitor/RRC_MESSAGES/CMakeFiles/asn1_nr_rrc.dir/NR_SL-UE-AssistanceInformationNR-r16.c.o
#9 73.93 [ 84%] Building C object examples/xApp/c/monitor/RRC_MESSAGES/CMakeFiles/asn1_nr_rrc.dir/NR_SL-UE-SelectedConfigRP-r16.c.o
#9 73.94 [ 84%] Building C object examples/xApp/c/monitor/RRC_MESSAGES/CMakeFiles/asn1_nr_rrc.dir/NR_SL-ZoneConfigMCR-r16.c.o
#9 73.96 [ 84%] Building C object examples/xApp/c/monitor/RRC_MESSAGES/CMakeFiles/asn1_nr_rrc.dir/NR_SL-ZoneConfig-r16.c.o
#9 73.96 [ 84%] Building C object examples/xApp/c/monitor/RRC_MESSAGES/CMakeFiles/asn1_nr_rrc.dir/NR_SN-FieldLengthAM.c.o
#9 73.99 [ 84%] Building C object examples/xApp/c/monitor/RRC_MESSAGES/CMakeFiles/asn1_nr_rrc.dir/NR_SN-FieldLengthUM.c.o
#9 74.00 [ 84%] Building C object examples/xApp/c/monitor/RRC_MESSAGES/CMakeFiles/asn1_nr_rrc.dir/NR_SNPN-AccessInfo-r17.c.o
#9 74.02 [ 85%] Building C object examples/xApp/c/monitor/RRC_MESSAGES/CMakeFiles/asn1_nr_rrc.dir/NR_S-NSSAI.c.o
#9 74.04 [ 85%] Building C object examples/xApp/c/monitor/RRC_MESSAGES/CMakeFiles/asn1_nr_rrc.dir/NR_SON-Parameters-r16.c.o
#9 74.05 [ 85%] Building C object examples/xApp/c/monitor/RRC_MESSAGES/CMakeFiles/asn1_nr_rrc.dir/NR_SpatialRelationInfo-PDC-r17.c.o
#9 74.08 [ 85%] Building C object examples/xApp/c/monitor/RRC_MESSAGES/CMakeFiles/asn1_nr_rrc.dir/NR_SpatialRelations.c.o
#9 74.09 [ 85%] Building C object examples/xApp/c/monitor/RRC_MESSAGES/CMakeFiles/asn1_nr_rrc.dir/NR_SpatialRelationsSRS-Pos-r16.c.o
#9 74.11 [ 85%] Building C object examples/xApp/c/monitor/RRC_MESSAGES/CMakeFiles/asn1_nr_rrc.dir/NR_SpCellConfig.c.o
#9 74.13 [ 85%] Building C object examples/xApp/c/monitor/RRC_MESSAGES/CMakeFiles/asn1_nr_rrc.dir/NR_SpeedStateScaleFactors.c.o
#9 74.17 [ 85%] Building C object examples/xApp/c/monitor/RRC_MESSAGES/CMakeFiles/asn1_nr_rrc.dir/NR_SPS-Config.c.o
#9 74.21 [ 85%] Building C object examples/xApp/c/monitor/RRC_MESSAGES/CMakeFiles/asn1_nr_rrc.dir/NR_SPS-ConfigDeactivationStateList-r16.c.o
#9 74.23 [ 85%] Building C object examples/xApp/c/monitor/RRC_MESSAGES/CMakeFiles/asn1_nr_rrc.dir/NR_SPS-ConfigDeactivationState-r16.c.o
#9 74.25 [ 85%] Building C object examples/xApp/c/monitor/RRC_MESSAGES/CMakeFiles/asn1_nr_rrc.dir/NR_SPS-ConfigIndex-r16.c.o
#9 74.26 [ 85%] Building C object examples/xApp/c/monitor/RRC_MESSAGES/CMakeFiles/asn1_nr_rrc.dir/NR_SPS-ConfigMulticastToAddModList-r17.c.o
#9 74.29 [ 85%] Building C object examples/xApp/c/monitor/RRC_MESSAGES/CMakeFiles/asn1_nr_rrc.dir/NR_SPS-ConfigMulticastToReleaseList-r17.c.o
#9 74.30 [ 85%] Building C object examples/xApp/c/monitor/RRC_MESSAGES/CMakeFiles/asn1_nr_rrc.dir/NR_SPS-ConfigToAddModList-r16.c.o
#9 74.32 [ 85%] Building C object examples/xApp/c/monitor/RRC_MESSAGES/CMakeFiles/asn1_nr_rrc.dir/NR_SPS-ConfigToReleaseList-r16.c.o
#9 74.35 [ 85%] Building C object examples/xApp/c/monitor/RRC_MESSAGES/CMakeFiles/asn1_nr_rrc.dir/NR_SPS-PUCCH-AN-List-r16.c.o
#9 74.35 [ 85%] Building C object examples/xApp/c/monitor/RRC_MESSAGES/CMakeFiles/asn1_nr_rrc.dir/NR_SPS-PUCCH-AN-r16.c.o
#9 74.38 [ 85%] Building C object examples/xApp/c/monitor/RRC_MESSAGES/CMakeFiles/asn1_nr_rrc.dir/NR_SRB-Identity.c.o
#9 74.38 [ 85%] Building C object examples/xApp/c/monitor/RRC_MESSAGES/CMakeFiles/asn1_nr_rrc.dir/NR_SRB-Identity-v1700.c.o
#9 74.41 [ 85%] Building C object examples/xApp/c/monitor/RRC_MESSAGES/CMakeFiles/asn1_nr_rrc.dir/NR_SRB-ToAddMod.c.o
#9 74.42 [ 85%] Building C object examples/xApp/c/monitor/RRC_MESSAGES/CMakeFiles/asn1_nr_rrc.dir/NR_SRB-ToAddModList.c.o
#9 74.53 [ 85%] Building C object examples/xApp/c/monitor/RRC_MESSAGES/CMakeFiles/asn1_nr_rrc.dir/NR_SRI-PUSCH-PowerControl.c.o
#9 74.55 [ 85%] Building C object examples/xApp/c/monitor/RRC_MESSAGES/CMakeFiles/asn1_nr_rrc.dir/NR_SRI-PUSCH-PowerControlId.c.o
#9 74.56 [ 85%] Building C object examples/xApp/c/monitor/RRC_MESSAGES/CMakeFiles/asn1_nr_rrc.dir/NR_SRS-AllPosResources-r16.c.o
#9 74.58 [ 85%] Building C object examples/xApp/c/monitor/RRC_MESSAGES/CMakeFiles/asn1_nr_rrc.dir/NR_SRS-AllPosResourcesRRC-Inactive-r17.c.o
#9 74.59 [ 85%] Building C object examples/xApp/c/monitor/RRC_MESSAGES/CMakeFiles/asn1_nr_rrc.dir/NR_SRS-CarrierSwitching.c.o
#9 74.61 [ 85%] Building C object examples/xApp/c/monitor/RRC_MESSAGES/CMakeFiles/asn1_nr_rrc.dir/NR_SRS-CC-SetIndex.c.o
#9 74.64 [ 85%] Building C object examples/xApp/c/monitor/RRC_MESSAGES/CMakeFiles/asn1_nr_rrc.dir/NR_SRS-Config.c.o
#9 74.64 [ 85%] Building C object examples/xApp/c/monitor/RRC_MESSAGES/CMakeFiles/asn1_nr_rrc.dir/NR_SRS-PathlossReferenceRS-Id-r16.c.o
#9 74.68 [ 85%] Building C object examples/xApp/c/monitor/RRC_MESSAGES/CMakeFiles/asn1_nr_rrc.dir/NR_SRS-PeriodicityAndOffset.c.o
#9 74.73 [ 85%] Building C object examples/xApp/c/monitor/RRC_MESSAGES/CMakeFiles/asn1_nr_rrc.dir/NR_SRS-PeriodicityAndOffsetExt-r16.c.o
#9 74.77 [ 85%] Building C object examples/xApp/c/monitor/RRC_MESSAGES/CMakeFiles/asn1_nr_rrc.dir/NR_SRS-PeriodicityAndOffset-r16.c.o
#9 74.77 [ 85%] Building C object examples/xApp/c/monitor/RRC_MESSAGES/CMakeFiles/asn1_nr_rrc.dir/NR_SRS-PosConfig-r17.c.o
#9 74.81 [ 85%] Building C object examples/xApp/c/monitor/RRC_MESSAGES/CMakeFiles/asn1_nr_rrc.dir/NR_SRS-PosResourceAP-r16.c.o
#9 74.82 [ 85%] Building C object examples/xApp/c/monitor/RRC_MESSAGES/CMakeFiles/asn1_nr_rrc.dir/NR_SRS-PosResourceId-r16.c.o
#9 74.85 [ 85%] Building C object examples/xApp/c/monitor/RRC_MESSAGES/CMakeFiles/asn1_nr_rrc.dir/NR_SRS-PosResourceSetId-r16.c.o
#9 74.85 [ 85%] Building C object examples/xApp/c/monitor/RRC_MESSAGES/CMakeFiles/asn1_nr_rrc.dir/NR_SRS-PosResource-r16.c.o
#9 74.88 [ 85%] Building C object examples/xApp/c/monitor/RRC_MESSAGES/CMakeFiles/asn1_nr_rrc.dir/NR_SRS-PosResourceSet-r16.c.o
#9 74.89 [ 85%] Building C object examples/xApp/c/monitor/RRC_MESSAGES/CMakeFiles/asn1_nr_rrc.dir/NR_SRS-PosResourceSP-r16.c.o
#9 74.92 [ 87%] Building C object examples/xApp/c/monitor/RRC_MESSAGES/CMakeFiles/asn1_nr_rrc.dir/NR_SRS-PosResources-r16.c.o
#9 74.93 [ 87%] Building C object examples/xApp/c/monitor/RRC_MESSAGES/CMakeFiles/asn1_nr_rrc.dir/NR_SRS-PosRRC-InactiveConfig-r17.c.o
#9 74.95 [ 87%] Building C object examples/xApp/c/monitor/RRC_MESSAGES/CMakeFiles/asn1_nr_rrc.dir/NR_SRS-PosRRC-Inactive-r17.c.o
#9 74.96 [ 87%] Building C object examples/xApp/c/monitor/RRC_MESSAGES/CMakeFiles/asn1_nr_rrc.dir/NR_SRS-Resource.c.o
#9 74.98 [ 87%] Building C object examples/xApp/c/monitor/RRC_MESSAGES/CMakeFiles/asn1_nr_rrc.dir/NR_SRS-ResourceConfigCLI-r16.c.o
#9 75.09 [ 87%] Building C object examples/xApp/c/monitor/RRC_MESSAGES/CMakeFiles/asn1_nr_rrc.dir/NR_SRS-ResourceId.c.o
#9 75.11 [ 87%] Building C object examples/xApp/c/monitor/RRC_MESSAGES/CMakeFiles/asn1_nr_rrc.dir/NR_SRS-ResourceListConfigCLI-r16.c.o
#9 75.12 [ 87%] Building C object examples/xApp/c/monitor/RRC_MESSAGES/CMakeFiles/asn1_nr_rrc.dir/NR_SRS-Resources.c.o
#9 75.15 [ 87%] Building C object examples/xApp/c/monitor/RRC_MESSAGES/CMakeFiles/asn1_nr_rrc.dir/NR_SRS-ResourceSet.c.o
#9 75.26 [ 87%] Building C object examples/xApp/c/monitor/RRC_MESSAGES/CMakeFiles/asn1_nr_rrc.dir/NR_SRS-ResourceSetId.c.o
#9 75.28 [ 87%] Building C object examples/xApp/c/monitor/RRC_MESSAGES/CMakeFiles/asn1_nr_rrc.dir/NR_SRS-RSRP-Range-r16.c.o
#9 75.30 [ 87%] Building C object examples/xApp/c/monitor/RRC_MESSAGES/CMakeFiles/asn1_nr_rrc.dir/NR_SRS-RSRP-TriggeredList-r16.c.o
#9 75.31 [ 87%] Building C object examples/xApp/c/monitor/RRC_MESSAGES/CMakeFiles/asn1_nr_rrc.dir/NR_SRS-SpatialRelationInfo.c.o
#9 75.35 [ 87%] Building C object examples/xApp/c/monitor/RRC_MESSAGES/CMakeFiles/asn1_nr_rrc.dir/NR_SRS-SpatialRelationInfoPos-r16.c.o
#9 75.36 [ 87%] Building C object examples/xApp/c/monitor/RRC_MESSAGES/CMakeFiles/asn1_nr_rrc.dir/NR_SRS-SwitchingAffectedBandsNR-r17.c.o
#9 75.38 [ 87%] Building C object examples/xApp/c/monitor/RRC_MESSAGES/CMakeFiles/asn1_nr_rrc.dir/NR_SRS-SwitchingTimeEUTRA.c.o
#9 75.40 [ 87%] Building C object examples/xApp/c/monitor/RRC_MESSAGES/CMakeFiles/asn1_nr_rrc.dir/NR_SRS-SwitchingTimeNR.c.o
#9 75.43 [ 87%] Building C object examples/xApp/c/monitor/RRC_MESSAGES/CMakeFiles/asn1_nr_rrc.dir/NR_SRS-TPC-CommandConfig.c.o
#9 75.44 [ 87%] Building C object examples/xApp/c/monitor/RRC_MESSAGES/CMakeFiles/asn1_nr_rrc.dir/NR_SRS-TPC-PDCCH-Config.c.o
#9 75.46 [ 87%] Building C object examples/xApp/c/monitor/RRC_MESSAGES/CMakeFiles/asn1_nr_rrc.dir/NR_SSB-ConfigMobility.c.o
#9 75.47 [ 87%] Building C object examples/xApp/c/monitor/RRC_MESSAGES/CMakeFiles/asn1_nr_rrc.dir/NR_SSB-Configuration-r16.c.o
#9 75.50 [ 87%] Building C object examples/xApp/c/monitor/RRC_MESSAGES/CMakeFiles/asn1_nr_rrc.dir/NR_SSB-Index.c.o
#9 75.54 [ 87%] Building C object examples/xApp/c/monitor/RRC_MESSAGES/CMakeFiles/asn1_nr_rrc.dir/NR_SSB-InfoNcell-r16.c.o
#9 75.57 [ 87%] Building C object examples/xApp/c/monitor/RRC_MESSAGES/CMakeFiles/asn1_nr_rrc.dir/NR_SSB-MTC2.c.o
#9 75.58 [ 87%] Building C object examples/xApp/c/monitor/RRC_MESSAGES/CMakeFiles/asn1_nr_rrc.dir/NR_SSB-MTC2-LP-r16.c.o
#9 75.61 [ 87%] Building C object examples/xApp/c/monitor/RRC_MESSAGES/CMakeFiles/asn1_nr_rrc.dir/NR_SSB-MTC3List-r16.c.o
#9 75.62 [ 87%] Building C object examples/xApp/c/monitor/RRC_MESSAGES/CMakeFiles/asn1_nr_rrc.dir/NR_SSB-MTC3-r16.c.o
#9 75.72 [ 87%] Building C object examples/xApp/c/monitor/RRC_MESSAGES/CMakeFiles/asn1_nr_rrc.dir/NR_SSB-MTC4List-r17.c.o
#9 75.75 [ 87%] Building C object examples/xApp/c/monitor/RRC_MESSAGES/CMakeFiles/asn1_nr_rrc.dir/NR_SSB-MTC4-r17.c.o
#9 75.76 [ 87%] Building C object examples/xApp/c/monitor/RRC_MESSAGES/CMakeFiles/asn1_nr_rrc.dir/NR_SSB-MTC-AdditionalPCI-r17.c.o
#9 75.79 [ 87%] Building C object examples/xApp/c/monitor/RRC_MESSAGES/CMakeFiles/asn1_nr_rrc.dir/NR_SSB-MTC.c.o
#9 75.79 [ 87%] Building C object examples/xApp/c/monitor/RRC_MESSAGES/CMakeFiles/asn1_nr_rrc.dir/NR_SSB-PositionQCL-CellList-r17.c.o
#9 75.82 [ 87%] Building C object examples/xApp/c/monitor/RRC_MESSAGES/CMakeFiles/asn1_nr_rrc.dir/NR_SSB-PositionQCL-CellsToAddModList-r16.c.o
#9 75.82 [ 87%] Building C object examples/xApp/c/monitor/RRC_MESSAGES/CMakeFiles/asn1_nr_rrc.dir/NR_SSB-PositionQCL-Cell-r17.c.o
#9 75.85 [ 87%] Building C object examples/xApp/c/monitor/RRC_MESSAGES/CMakeFiles/asn1_nr_rrc.dir/NR_SSB-PositionQCL-CellsToAddMod-r16.c.o
#9 75.86 [ 87%] Building C object examples/xApp/c/monitor/RRC_MESSAGES/CMakeFiles/asn1_nr_rrc.dir/NR_SSB-PositionQCL-Relation-r16.c.o
#9 75.88 [ 87%] Building C object examples/xApp/c/monitor/RRC_MESSAGES/CMakeFiles/asn1_nr_rrc.dir/NR_SSB-PositionQCL-Relation-r17.c.o
#9 75.89 [ 87%] Building C object examples/xApp/c/monitor/RRC_MESSAGES/CMakeFiles/asn1_nr_rrc.dir/NR_SSB-ToMeasure.c.o
#9 75.91 [ 88%] Building C object examples/xApp/c/monitor/RRC_MESSAGES/CMakeFiles/asn1_nr_rrc.dir/NR_SS-RSSI-Measurement.c.o
#9 75.92 [ 88%] Building C object examples/xApp/c/monitor/RRC_MESSAGES/CMakeFiles/asn1_nr_rrc.dir/NR_SubcarrierSpacing.c.o
#9 75.94 [ 88%] Building C object examples/xApp/c/monitor/RRC_MESSAGES/CMakeFiles/asn1_nr_rrc.dir/NR_SubgroupConfig-r17.c.o
#9 75.95 [ 88%] Building C object examples/xApp/c/monitor/RRC_MESSAGES/CMakeFiles/asn1_nr_rrc.dir/NR_SubSlot-Config-r16.c.o
#9 75.97 [ 88%] Building C object examples/xApp/c/monitor/RRC_MESSAGES/CMakeFiles/asn1_nr_rrc.dir/NR_SuccessHO-Config-r17.c.o
#9 75.98 [ 88%] Building C object examples/xApp/c/monitor/RRC_MESSAGES/CMakeFiles/asn1_nr_rrc.dir/NR_SuccessHO-Report-r17.c.o
#9 76.00 [ 88%] Building C object examples/xApp/c/monitor/RRC_MESSAGES/CMakeFiles/asn1_nr_rrc.dir/NR_SupportedBandUTRA-FDD-r16.c.o
#9 76.02 [ 88%] Building C object examples/xApp/c/monitor/RRC_MESSAGES/CMakeFiles/asn1_nr_rrc.dir/NR_SupportedBandwidth.c.o
#9 76.03 [ 88%] Building C object examples/xApp/c/monitor/RRC_MESSAGES/CMakeFiles/asn1_nr_rrc.dir/NR_SupportedBandwidth-v1700.c.o
#9 76.05 [ 88%] Building C object examples/xApp/c/monitor/RRC_MESSAGES/CMakeFiles/asn1_nr_rrc.dir/NR_SupportedCSI-RS-Resource.c.o
#9 76.07 [ 88%] Building C object examples/xApp/c/monitor/RRC_MESSAGES/CMakeFiles/asn1_nr_rrc.dir/NR_SuspendConfig.c.o
#9 76.07 [ 88%] Building C object examples/xApp/c/monitor/RRC_MESSAGES/CMakeFiles/asn1_nr_rrc.dir/NR_SystemInformation.c.o
#9 76.13 [ 88%] Building C object examples/xApp/c/monitor/RRC_MESSAGES/CMakeFiles/asn1_nr_rrc.dir/NR_SystemInformation-IEs.c.o
#9 76.17 [ 88%] Building C object examples/xApp/c/monitor/RRC_MESSAGES/CMakeFiles/asn1_nr_rrc.dir/NR_T312-r16.c.o
#9 76.18 [ 88%] Building C object examples/xApp/c/monitor/RRC_MESSAGES/CMakeFiles/asn1_nr_rrc.dir/NR_T316-r16.c.o
#9 76.20 [ 88%] Building C object examples/xApp/c/monitor/RRC_MESSAGES/CMakeFiles/asn1_nr_rrc.dir/NR_TAG.c.o
#9 76.21 [ 88%] Building C object examples/xApp/c/monitor/RRC_MESSAGES/CMakeFiles/asn1_nr_rrc.dir/NR_TAG-Config.c.o
#9 76.24 [ 88%] Building C object examples/xApp/c/monitor/RRC_MESSAGES/CMakeFiles/asn1_nr_rrc.dir/NR_TAG-Id.c.o
#9 76.24 [ 88%] Building C object examples/xApp/c/monitor/RRC_MESSAGES/CMakeFiles/asn1_nr_rrc.dir/NR_TA-Info-r17.c.o
#9 76.27 [ 88%] Building C object examples/xApp/c/monitor/RRC_MESSAGES/CMakeFiles/asn1_nr_rrc.dir/NR_TAR-Config-r17.c.o
#9 76.28 [ 88%] Building C object examples/xApp/c/monitor/RRC_MESSAGES/CMakeFiles/asn1_nr_rrc.dir/NR_TCI-ActivatedConfig-r17.c.o
#9 76.30 [ 88%] Building C object examples/xApp/c/monitor/RRC_MESSAGES/CMakeFiles/asn1_nr_rrc.dir/NR_TCI-State.c.o
#9 76.31 [ 88%] Building C object examples/xApp/c/monitor/RRC_MESSAGES/CMakeFiles/asn1_nr_rrc.dir/NR_TCI-StateId.c.o
#9 76.34 [ 88%] Building C object examples/xApp/c/monitor/RRC_MESSAGES/CMakeFiles/asn1_nr_rrc.dir/NR_TCI-UL-State-Id-r17.c.o
#9 76.35 [ 88%] Building C object examples/xApp/c/monitor/RRC_MESSAGES/CMakeFiles/asn1_nr_rrc.dir/NR_TCI-UL-State-r17.c.o
#9 76.38 [ 88%] Building C object examples/xApp/c/monitor/RRC_MESSAGES/CMakeFiles/asn1_nr_rrc.dir/NR_TDD-UL-DL-ConfigCommon.c.o
#9 76.38 [ 88%] Building C object examples/xApp/c/monitor/RRC_MESSAGES/CMakeFiles/asn1_nr_rrc.dir/NR_TDD-UL-DL-ConfigDedicated.c.o
#9 76.41 [ 88%] Building C object examples/xApp/c/monitor/RRC_MESSAGES/CMakeFiles/asn1_nr_rrc.dir/NR_TDD-UL-DL-ConfigDedicated-IAB-MT-r16.c.o
#9 76.42 [ 88%] Building C object examples/xApp/c/monitor/RRC_MESSAGES/CMakeFiles/asn1_nr_rrc.dir/NR_TDD-UL-DL-Pattern.c.o
#9 76.45 [ 88%] Building C object examples/xApp/c/monitor/RRC_MESSAGES/CMakeFiles/asn1_nr_rrc.dir/NR_TDD-UL-DL-SlotConfig.c.o
#9 76.45 [ 88%] Building C object examples/xApp/c/monitor/RRC_MESSAGES/CMakeFiles/asn1_nr_rrc.dir/NR_TDD-UL-DL-SlotConfig-IAB-MT-r16.c.o
#9 76.48 [ 88%] Building C object examples/xApp/c/monitor/RRC_MESSAGES/CMakeFiles/asn1_nr_rrc.dir/NR_TDD-UL-DL-SlotIndex.c.o
#9 76.49 [ 88%] Building C object examples/xApp/c/monitor/RRC_MESSAGES/CMakeFiles/asn1_nr_rrc.dir/NR_ThresholdNR.c.o
#9 76.51 [ 88%] Building C object examples/xApp/c/monitor/RRC_MESSAGES/CMakeFiles/asn1_nr_rrc.dir/NR_TimeAlignmentTimer.c.o
#9 76.52 [ 88%] Building C object examples/xApp/c/monitor/RRC_MESSAGES/CMakeFiles/asn1_nr_rrc.dir/NR_TimeBetweenEvent-r17.c.o
#9 76.55 [ 88%] Building C object examples/xApp/c/monitor/RRC_MESSAGES/CMakeFiles/asn1_nr_rrc.dir/NR_TimeConnSourceDAPS-Failure-r17.c.o
#9 76.55 [ 88%] Building C object examples/xApp/c/monitor/RRC_MESSAGES/CMakeFiles/asn1_nr_rrc.dir/NR_TimeSinceCHO-Reconfig-r17.c.o
#9 76.57 [ 88%] Building C object examples/xApp/c/monitor/RRC_MESSAGES/CMakeFiles/asn1_nr_rrc.dir/NR_TimeSinceFailure-r16.c.o
#9 76.58 [ 88%] Building C object examples/xApp/c/monitor/RRC_MESSAGES/CMakeFiles/asn1_nr_rrc.dir/NR_TimeToTrigger.c.o
#9 76.60 [ 90%] Building C object examples/xApp/c/monitor/RRC_MESSAGES/CMakeFiles/asn1_nr_rrc.dir/NR_TimeUntilReconnection-r16.c.o
#9 76.61 [ 90%] Building C object examples/xApp/c/monitor/RRC_MESSAGES/CMakeFiles/asn1_nr_rrc.dir/NR_TMGI-r17.c.o
#9 76.63 [ 90%] Building C object examples/xApp/c/monitor/RRC_MESSAGES/CMakeFiles/asn1_nr_rrc.dir/NR_T-Offset-r16.c.o
#9 76.65 [ 90%] Building C object examples/xApp/c/monitor/RRC_MESSAGES/CMakeFiles/asn1_nr_rrc.dir/NR_T-PollRetransmit.c.o
#9 76.66 [ 90%] Building C object examples/xApp/c/monitor/RRC_MESSAGES/CMakeFiles/asn1_nr_rrc.dir/NR_TraceReference-r16.c.o
#9 76.68 [ 90%] Building C object examples/xApp/c/monitor/RRC_MESSAGES/CMakeFiles/asn1_nr_rrc.dir/NR_TrackingAreaCode.c.o
#9 76.69 [ 90%] Building C object examples/xApp/c/monitor/RRC_MESSAGES/CMakeFiles/asn1_nr_rrc.dir/NR_TrackingAreaCodeList-r16.c.o
#9 76.71 [ 90%] Building C object examples/xApp/c/monitor/RRC_MESSAGES/CMakeFiles/asn1_nr_rrc.dir/NR_TrackingAreaIdentityList-r16.c.o
#9 76.72 [ 90%] Building C object examples/xApp/c/monitor/RRC_MESSAGES/CMakeFiles/asn1_nr_rrc.dir/NR_TrackingAreaIdentity-r16.c.o
#9 76.74 [ 90%] Building C object examples/xApp/c/monitor/RRC_MESSAGES/CMakeFiles/asn1_nr_rrc.dir/NR_TransmissionBandwidth-EUTRA-r16.c.o
#9 76.75 [ 90%] Building C object examples/xApp/c/monitor/RRC_MESSAGES/CMakeFiles/asn1_nr_rrc.dir/NR_T-Reassembly.c.o
#9 76.77 [ 90%] Building C object examples/xApp/c/monitor/RRC_MESSAGES/CMakeFiles/asn1_nr_rrc.dir/NR_T-ReassemblyExt-r17.c.o
#9 76.78 [ 90%] Building C object examples/xApp/c/monitor/RRC_MESSAGES/CMakeFiles/asn1_nr_rrc.dir/NR_T-Reselection.c.o
#9 76.80 [ 90%] Building C object examples/xApp/c/monitor/RRC_MESSAGES/CMakeFiles/asn1_nr_rrc.dir/NR_TRS-ResourceSet-r17.c.o
#9 76.80 [ 90%] Building C object examples/xApp/c/monitor/RRC_MESSAGES/CMakeFiles/asn1_nr_rrc.dir/NR_T-StatusProhibit.c.o
#9 76.83 [ 90%] Building C object examples/xApp/c/monitor/RRC_MESSAGES/CMakeFiles/asn1_nr_rrc.dir/NR_T-StatusProhibit-v1610.c.o
#9 76.84 [ 90%] Building C object examples/xApp/c/monitor/RRC_MESSAGES/CMakeFiles/asn1_nr_rrc.dir/NR_TwoPUCCH-Grp-ConfigParams-r16.c.o
#9 76.87 [ 90%] Building C object examples/xApp/c/monitor/RRC_MESSAGES/CMakeFiles/asn1_nr_rrc.dir/NR_TwoPUCCH-Grp-Configurations-r16.c.o
#9 76.87 [ 90%] Building C object examples/xApp/c/monitor/RRC_MESSAGES/CMakeFiles/asn1_nr_rrc.dir/NR_TwoPUCCH-Grp-Configurations-r17.c.o
#9 76.90 [ 90%] Building C object examples/xApp/c/monitor/RRC_MESSAGES/CMakeFiles/asn1_nr_rrc.dir/NR_Tx-PoolMeasList-r16.c.o
#9 76.90 [ 90%] Building C object examples/xApp/c/monitor/RRC_MESSAGES/CMakeFiles/asn1_nr_rrc.dir/NR_UAC-AC1-SelectAssistInfo-r16.c.o
#9 76.93 [ 90%] Building C object examples/xApp/c/monitor/RRC_MESSAGES/CMakeFiles/asn1_nr_rrc.dir/NR_UAC-AccessCategory1-SelectionAssistanceInfo.c.o
#9 76.94 [ 90%] Building C object examples/xApp/c/monitor/RRC_MESSAGES/CMakeFiles/asn1_nr_rrc.dir/NR_UAC-BarringInfoSet.c.o
#9 76.96 [ 90%] Building C object examples/xApp/c/monitor/RRC_MESSAGES/CMakeFiles/asn1_nr_rrc.dir/NR_UAC-BarringInfoSetIndex.c.o
#9 76.97 [ 90%] Building C object examples/xApp/c/monitor/RRC_MESSAGES/CMakeFiles/asn1_nr_rrc.dir/NR_UAC-BarringInfoSetList.c.o
#9 76.99 [ 90%] Building C object examples/xApp/c/monitor/RRC_MESSAGES/CMakeFiles/asn1_nr_rrc.dir/NR_UAC-BarringInfoSetList-v1700.c.o
#9 76.99 [ 90%] Building C object examples/xApp/c/monitor/RRC_MESSAGES/CMakeFiles/asn1_nr_rrc.dir/NR_UAC-BarringInfoSet-v1700.c.o
#9 77.02 [ 90%] Building C object examples/xApp/c/monitor/RRC_MESSAGES/CMakeFiles/asn1_nr_rrc.dir/NR_UAC-BarringPerCat.c.o
#9 77.02 [ 90%] Building C object examples/xApp/c/monitor/RRC_MESSAGES/CMakeFiles/asn1_nr_rrc.dir/NR_UAC-BarringPerCatList.c.o
#9 77.05 [ 90%] Building C object examples/xApp/c/monitor/RRC_MESSAGES/CMakeFiles/asn1_nr_rrc.dir/NR_UAC-BarringPerPLMN.c.o
#9 77.05 [ 90%] Building C object examples/xApp/c/monitor/RRC_MESSAGES/CMakeFiles/asn1_nr_rrc.dir/NR_UAC-BarringPerPLMN-List.c.o
#9 77.08 [ 90%] Building C object examples/xApp/c/monitor/RRC_MESSAGES/CMakeFiles/asn1_nr_rrc.dir/NR_UCI-OnPUSCH.c.o
#9 77.08 [ 90%] Building C object examples/xApp/c/monitor/RRC_MESSAGES/CMakeFiles/asn1_nr_rrc.dir/NR_UCI-OnPUSCH-DCI-0-2-r16.c.o
#9 77.11 [ 90%] Building C object examples/xApp/c/monitor/RRC_MESSAGES/CMakeFiles/asn1_nr_rrc.dir/NR_UCI-OnPUSCH-ListDCI-0-1-r16.c.o
#9 77.11 [ 90%] Building C object examples/xApp/c/monitor/RRC_MESSAGES/CMakeFiles/asn1_nr_rrc.dir/NR_UCI-OnPUSCH-ListDCI-0-2-r16.c.o
#9 77.14 [ 90%] Building C object examples/xApp/c/monitor/RRC_MESSAGES/CMakeFiles/asn1_nr_rrc.dir/NR_UEAssistanceInformation.c.o
#9 77.14 [ 90%] Building C object examples/xApp/c/monitor/RRC_MESSAGES/CMakeFiles/asn1_nr_rrc.dir/NR_UEAssistanceInformation-IEs.c.o
#9 77.17 [ 90%] Building C object examples/xApp/c/monitor/RRC_MESSAGES/CMakeFiles/asn1_nr_rrc.dir/NR_UEAssistanceInformationSidelink-r17-IEs.c.o
#9 77.17 [ 90%] Building C object examples/xApp/c/monitor/RRC_MESSAGES/CMakeFiles/asn1_nr_rrc.dir/NR_UEAssistanceInformationSidelink-r17.c.o
#9 77.20 [ 90%] Building C object examples/xApp/c/monitor/RRC_MESSAGES/CMakeFiles/asn1_nr_rrc.dir/NR_UEAssistanceInformation-v1610-IEs.c.o
#9 77.20 [ 91%] Building C object examples/xApp/c/monitor/RRC_MESSAGES/CMakeFiles/asn1_nr_rrc.dir/NR_UEAssistanceInformation-v1540-IEs.c.o
#9 77.23 [ 91%] Building C object examples/xApp/c/monitor/RRC_MESSAGES/CMakeFiles/asn1_nr_rrc.dir/NR_UE-BasedPerfMeas-Parameters-r16.c.o
#9 77.23 [ 91%] Building C object examples/xApp/c/monitor/RRC_MESSAGES/CMakeFiles/asn1_nr_rrc.dir/NR_UEAssistanceInformation-v1700-IEs.c.o
#9 77.26 [ 91%] Building C object examples/xApp/c/monitor/RRC_MESSAGES/CMakeFiles/asn1_nr_rrc.dir/NR_UECapabilityEnquiry.c.o
#9 77.27 [ 91%] Building C object examples/xApp/c/monitor/RRC_MESSAGES/CMakeFiles/asn1_nr_rrc.dir/NR_UECapabilityEnquiry-IEs.c.o
#9 77.29 [ 91%] Building C object examples/xApp/c/monitor/RRC_MESSAGES/CMakeFiles/asn1_nr_rrc.dir/NR_UECapabilityEnquirySidelink.c.o
#9 77.30 [ 91%] Building C object examples/xApp/c/monitor/RRC_MESSAGES/CMakeFiles/asn1_nr_rrc.dir/NR_UECapabilityEnquirySidelink-r16-IEs.c.o
#9 77.32 [ 91%] Building C object examples/xApp/c/monitor/RRC_MESSAGES/CMakeFiles/asn1_nr_rrc.dir/NR_UECapabilityEnquiry-v1560-IEs.c.o
#9 77.32 [ 91%] Building C object examples/xApp/c/monitor/RRC_MESSAGES/CMakeFiles/asn1_nr_rrc.dir/NR_UECapabilityEnquiry-v1610-IEs.c.o
#9 77.35 [ 91%] Building C object examples/xApp/c/monitor/RRC_MESSAGES/CMakeFiles/asn1_nr_rrc.dir/NR_UECapabilityInformation.c.o
#9 77.35 [ 91%] Building C object examples/xApp/c/monitor/RRC_MESSAGES/CMakeFiles/asn1_nr_rrc.dir/NR_UECapabilityInformation-IEs.c.o
#9 77.39 [ 91%] Building C object examples/xApp/c/monitor/RRC_MESSAGES/CMakeFiles/asn1_nr_rrc.dir/NR_UECapabilityInformationSidelink.c.o
#9 77.40 [ 91%] Building C object examples/xApp/c/monitor/RRC_MESSAGES/CMakeFiles/asn1_nr_rrc.dir/NR_UECapabilityInformationSidelink-r16-IEs.c.o
#9 77.43 [ 91%] Building C object examples/xApp/c/monitor/RRC_MESSAGES/CMakeFiles/asn1_nr_rrc.dir/NR_UECapabilityInformationSidelink-v1700-IEs.c.o
#9 77.43 [ 91%] Building C object examples/xApp/c/monitor/RRC_MESSAGES/CMakeFiles/asn1_nr_rrc.dir/NR_UE-CapabilityRAT-Container.c.o
#9 77.46 [ 91%] Building C object examples/xApp/c/monitor/RRC_MESSAGES/CMakeFiles/asn1_nr_rrc.dir/NR_UE-CapabilityRAT-ContainerList.c.o
#9 77.46 [ 91%] Building C object examples/xApp/c/monitor/RRC_MESSAGES/CMakeFiles/asn1_nr_rrc.dir/NR_UE-CapabilityRAT-Request.c.o
#9 77.49 [ 91%] Building C object examples/xApp/c/monitor/RRC_MESSAGES/CMakeFiles/asn1_nr_rrc.dir/NR_UE-CapabilityRAT-RequestList.c.o
#9 77.49 [ 91%] Building C object examples/xApp/c/monitor/RRC_MESSAGES/CMakeFiles/asn1_nr_rrc.dir/NR_UE-CapabilityRequestFilterCommon.c.o
#9 77.52 [ 91%] Building C object examples/xApp/c/monitor/RRC_MESSAGES/CMakeFiles/asn1_nr_rrc.dir/NR_UE-CapabilityRequestFilterNR.c.o
#9 77.53 [ 91%] Building C object examples/xApp/c/monitor/RRC_MESSAGES/CMakeFiles/asn1_nr_rrc.dir/NR_UE-CapabilityRequestFilterNR-v1540.c.o
#9 77.55 [ 91%] Building C object examples/xApp/c/monitor/RRC_MESSAGES/CMakeFiles/asn1_nr_rrc.dir/NR_UE-CapabilityRequestFilterNR-v1710.c.o
#9 77.56 [ 91%] Building C object examples/xApp/c/monitor/RRC_MESSAGES/CMakeFiles/asn1_nr_rrc.dir/NR_UEInformationRequest-r16.c.o
#9 77.58 [ 91%] Building C object examples/xApp/c/monitor/RRC_MESSAGES/CMakeFiles/asn1_nr_rrc.dir/NR_UEInformationRequest-r16-IEs.c.o
#9 77.59 [ 91%] Building C object examples/xApp/c/monitor/RRC_MESSAGES/CMakeFiles/asn1_nr_rrc.dir/NR_UEInformationRequest-v1700-IEs.c.o
#9 77.61 [ 91%] Building C object examples/xApp/c/monitor/RRC_MESSAGES/CMakeFiles/asn1_nr_rrc.dir/NR_UEInformationResponse-r16.c.o
#9 77.62 [ 91%] Building C object examples/xApp/c/monitor/RRC_MESSAGES/CMakeFiles/asn1_nr_rrc.dir/NR_UEInformationResponse-r16-IEs.c.o
#9 77.65 [ 91%] Building C object examples/xApp/c/monitor/RRC_MESSAGES/CMakeFiles/asn1_nr_rrc.dir/NR_UEInformationResponse-v1700-IEs.c.o
#9 77.66 [ 91%] Building C object examples/xApp/c/monitor/RRC_MESSAGES/CMakeFiles/asn1_nr_rrc.dir/NR_UE-MeasurementsAvailable-r16.c.o
#9 77.68 [ 91%] Building C object examples/xApp/c/monitor/RRC_MESSAGES/CMakeFiles/asn1_nr_rrc.dir/NR_UE-MRDC-CapabilityAddFRX-Mode.c.o
#9 77.70 [ 91%] Building C object examples/xApp/c/monitor/RRC_MESSAGES/CMakeFiles/asn1_nr_rrc.dir/NR_UE-MRDC-CapabilityAddXDD-Mode.c.o
#9 77.71 [ 91%] Building C object examples/xApp/c/monitor/RRC_MESSAGES/CMakeFiles/asn1_nr_rrc.dir/NR_UE-MRDC-CapabilityAddXDD-Mode-v1560.c.o
#9 77.73 [ 91%] Building C object examples/xApp/c/monitor/RRC_MESSAGES/CMakeFiles/asn1_nr_rrc.dir/NR_UE-MRDC-Capability.c.o
#9 77.74 [ 91%] Building C object examples/xApp/c/monitor/RRC_MESSAGES/CMakeFiles/asn1_nr_rrc.dir/NR_UE-MRDC-Capability-v1560.c.o
#9 77.77 [ 91%] Building C object examples/xApp/c/monitor/RRC_MESSAGES/CMakeFiles/asn1_nr_rrc.dir/NR_UE-MRDC-Capability-v15g0.c.o
#9 77.77 [ 91%] Building C object examples/xApp/c/monitor/RRC_MESSAGES/CMakeFiles/asn1_nr_rrc.dir/NR_UE-MRDC-Capability-v1610.c.o
#9 77.80 [ 91%] Building C object examples/xApp/c/monitor/RRC_MESSAGES/CMakeFiles/asn1_nr_rrc.dir/NR_UE-MRDC-Capability-v1700.c.o
#9 77.80 [ 92%] Building C object examples/xApp/c/monitor/RRC_MESSAGES/CMakeFiles/asn1_nr_rrc.dir/NR_UE-MRDC-Capability-v1730.c.o
#9 77.83 [ 92%] Building C object examples/xApp/c/monitor/RRC_MESSAGES/CMakeFiles/asn1_nr_rrc.dir/NR_UE-NR-CapabilityAddFRX-Mode.c.o
#9 77.83 [ 92%] Building C object examples/xApp/c/monitor/RRC_MESSAGES/CMakeFiles/asn1_nr_rrc.dir/NR_UE-NR-CapabilityAddFRX-Mode-v1540.c.o
#9 77.86 [ 92%] Building C object examples/xApp/c/monitor/RRC_MESSAGES/CMakeFiles/asn1_nr_rrc.dir/NR_UE-NR-CapabilityAddFRX-Mode-v1610.c.o
#9 77.86 [ 92%] Building C object examples/xApp/c/monitor/RRC_MESSAGES/CMakeFiles/asn1_nr_rrc.dir/NR_UE-NR-CapabilityAddXDD-Mode.c.o
#9 77.89 [ 92%] Building C object examples/xApp/c/monitor/RRC_MESSAGES/CMakeFiles/asn1_nr_rrc.dir/NR_UE-NR-CapabilityAddXDD-Mode-v1530.c.o
#9 77.90 [ 92%] Building C object examples/xApp/c/monitor/RRC_MESSAGES/CMakeFiles/asn1_nr_rrc.dir/NR_UE-NR-Capability.c.o
#9 77.92 [ 92%] Building C object examples/xApp/c/monitor/RRC_MESSAGES/CMakeFiles/asn1_nr_rrc.dir/NR_UE-NR-Capability-v1530.c.o
#9 77.96 [ 92%] Building C object examples/xApp/c/monitor/RRC_MESSAGES/CMakeFiles/asn1_nr_rrc.dir/NR_UE-NR-Capability-v1540.c.o
#9 77.97 [ 92%] Building C object examples/xApp/c/monitor/RRC_MESSAGES/CMakeFiles/asn1_nr_rrc.dir/NR_UE-NR-Capability-v1550.c.o
#9 78.00 [ 92%] Building C object examples/xApp/c/monitor/RRC_MESSAGES/CMakeFiles/asn1_nr_rrc.dir/NR_UE-NR-Capability-v1560.c.o
#9 78.01 [ 92%] Building C object examples/xApp/c/monitor/RRC_MESSAGES/CMakeFiles/asn1_nr_rrc.dir/NR_UE-NR-Capability-v1570.c.o
#9 78.04 [ 92%] Building C object examples/xApp/c/monitor/RRC_MESSAGES/CMakeFiles/asn1_nr_rrc.dir/NR_UE-NR-Capability-v15c0.c.o
#9 78.05 [ 92%] Building C object examples/xApp/c/monitor/RRC_MESSAGES/CMakeFiles/asn1_nr_rrc.dir/NR_UE-NR-Capability-v15g0.c.o
#9 78.07 [ 92%] Building C object examples/xApp/c/monitor/RRC_MESSAGES/CMakeFiles/asn1_nr_rrc.dir/NR_UE-NR-Capability-v15j0.c.o
#9 78.09 [ 92%] Building C object examples/xApp/c/monitor/RRC_MESSAGES/CMakeFiles/asn1_nr_rrc.dir/NR_UE-NR-Capability-v1610.c.o
#9 78.11 [ 92%] Building C object examples/xApp/c/monitor/RRC_MESSAGES/CMakeFiles/asn1_nr_rrc.dir/NR_UE-NR-Capability-v1640.c.o
#9 78.13 [ 92%] Building C object examples/xApp/c/monitor/RRC_MESSAGES/CMakeFiles/asn1_nr_rrc.dir/NR_UE-NR-Capability-v1650.c.o
#9 78.15 [ 92%] Building C object examples/xApp/c/monitor/RRC_MESSAGES/CMakeFiles/asn1_nr_rrc.dir/NR_UE-NR-Capability-v1690.c.o
#9 78.16 [ 92%] Building C object examples/xApp/c/monitor/RRC_MESSAGES/CMakeFiles/asn1_nr_rrc.dir/NR_UE-NR-Capability-v16a0.c.o
#9 78.19 [ 92%] Building C object examples/xApp/c/monitor/RRC_MESSAGES/CMakeFiles/asn1_nr_rrc.dir/NR_UE-NR-Capability-v1700.c.o
#9 78.20 [ 92%] Building C object examples/xApp/c/monitor/RRC_MESSAGES/CMakeFiles/asn1_nr_rrc.dir/NR_UEPositioningAssistanceInfo-r17.c.o
#9 78.22 [ 92%] Building C object examples/xApp/c/monitor/RRC_MESSAGES/CMakeFiles/asn1_nr_rrc.dir/NR_UEPositioningAssistanceInfo-r17-IEs.c.o
#9 78.24 [ 92%] Building C object examples/xApp/c/monitor/RRC_MESSAGES/CMakeFiles/asn1_nr_rrc.dir/NR_UEPositioningAssistanceInfo-v1720-IEs.c.o
#9 78.27 [ 92%] Building C object examples/xApp/c/monitor/RRC_MESSAGES/CMakeFiles/asn1_nr_rrc.dir/NR_UERadioAccessCapabilityInformation.c.o
#9 78.29 [ 92%] Building C object examples/xApp/c/monitor/RRC_MESSAGES/CMakeFiles/asn1_nr_rrc.dir/NR_UERadioAccessCapabilityInformation-IEs.c.o
#9 78.29 [ 92%] Building C object examples/xApp/c/monitor/RRC_MESSAGES/CMakeFiles/asn1_nr_rrc.dir/NR_UE-RadioPagingInfo-r17.c.o
#9 78.32 [ 92%] Building C object examples/xApp/c/monitor/RRC_MESSAGES/CMakeFiles/asn1_nr_rrc.dir/NR_UERadioPagingInformation.c.o
#9 78.32 [ 92%] Building C object examples/xApp/c/monitor/RRC_MESSAGES/CMakeFiles/asn1_nr_rrc.dir/NR_UERadioPagingInformation-IEs.c.o
#9 78.36 [ 92%] Building C object examples/xApp/c/monitor/RRC_MESSAGES/CMakeFiles/asn1_nr_rrc.dir/NR_UERadioPagingInformation-v15e0-IEs.c.o
#9 78.37 [ 92%] Building C object examples/xApp/c/monitor/RRC_MESSAGES/CMakeFiles/asn1_nr_rrc.dir/NR_UERadioPagingInformation-v1700-IEs.c.o
#9 78.39 [ 92%] Building C object examples/xApp/c/monitor/RRC_MESSAGES/CMakeFiles/asn1_nr_rrc.dir/NR_UE-SidelinkCapabilityAddXDD-Mode-r16.c.o
#9 78.41 [ 92%] Building C object examples/xApp/c/monitor/RRC_MESSAGES/CMakeFiles/asn1_nr_rrc.dir/NR_UE-TimersAndConstants.c.o
#9 78.42 [ 92%] Building C object examples/xApp/c/monitor/RRC_MESSAGES/CMakeFiles/asn1_nr_rrc.dir/NR_UE-TimersAndConstantsRemoteUE-r17.c.o
#9 78.45 [ 92%] Building C object examples/xApp/c/monitor/RRC_MESSAGES/CMakeFiles/asn1_nr_rrc.dir/NR_UE-TxTEG-AssociationList-r17.c.o
#9 78.45 [ 92%] Building C object examples/xApp/c/monitor/RRC_MESSAGES/CMakeFiles/asn1_nr_rrc.dir/NR_UE-TxTEG-Association-r17.c.o
#9 78.49 [ 92%] Building C object examples/xApp/c/monitor/RRC_MESSAGES/CMakeFiles/asn1_nr_rrc.dir/NR_UE-TxTEG-RequestUL-TDOA-Config-r17.c.o
#9 78.49 [ 92%] Building C object examples/xApp/c/monitor/RRC_MESSAGES/CMakeFiles/asn1_nr_rrc.dir/NR_UL-AccessConfigListDCI-0-1-r16.c.o
#9 78.52 [ 92%] Building C object examples/xApp/c/monitor/RRC_MESSAGES/CMakeFiles/asn1_nr_rrc.dir/NR_UL-AccessConfigListDCI-0-1-r17.c.o
#9 78.53 [ 94%] Building C object examples/xApp/c/monitor/RRC_MESSAGES/CMakeFiles/asn1_nr_rrc.dir/NR_UL-AccessConfigListDCI-0-2-r17.c.o
#9 78.56 [ 94%] Building C object examples/xApp/c/monitor/RRC_MESSAGES/CMakeFiles/asn1_nr_rrc.dir/NR_UL-AccessConfigListDCI-1-1-r16.c.o
#9 78.56 [ 94%] Building C object examples/xApp/c/monitor/RRC_MESSAGES/CMakeFiles/asn1_nr_rrc.dir/NR_UL-AccessConfigListDCI-1-1-r17.c.o
#9 78.60 [ 94%] Building C object examples/xApp/c/monitor/RRC_MESSAGES/CMakeFiles/asn1_nr_rrc.dir/NR_UL-AccessConfigListDCI-1-2-r17.c.o
#9 78.60 [ 94%] Building C object examples/xApp/c/monitor/RRC_MESSAGES/CMakeFiles/asn1_nr_rrc.dir/NR_UL-AM-RLC.c.o
#9 78.63 [ 94%] Building C object examples/xApp/c/monitor/RRC_MESSAGES/CMakeFiles/asn1_nr_rrc.dir/NR_UL-CCCH1-Message.c.o
#9 78.63 [ 94%] Building C object examples/xApp/c/monitor/RRC_MESSAGES/CMakeFiles/asn1_nr_rrc.dir/NR_UL-CCCH1-MessageType.c.o
#9 78.66 [ 94%] Building C object examples/xApp/c/monitor/RRC_MESSAGES/CMakeFiles/asn1_nr_rrc.dir/NR_UL-CCCH-Message.c.o
#9 78.66 [ 94%] Building C object examples/xApp/c/monitor/RRC_MESSAGES/CMakeFiles/asn1_nr_rrc.dir/NR_UL-CCCH-MessageType.c.o
#9 78.70 [ 94%] Building C object examples/xApp/c/monitor/RRC_MESSAGES/CMakeFiles/asn1_nr_rrc.dir/NR_UL-DataSplitThreshold.c.o
#9 78.70 [ 94%] Building C object examples/xApp/c/monitor/RRC_MESSAGES/CMakeFiles/asn1_nr_rrc.dir/NR_UL-DCCH-Message.c.o
#9 78.73 [ 94%] Building C object examples/xApp/c/monitor/RRC_MESSAGES/CMakeFiles/asn1_nr_rrc.dir/NR_UL-DCCH-MessageType.c.o
#9 78.85 [ 94%] Building C object examples/xApp/c/monitor/RRC_MESSAGES/CMakeFiles/asn1_nr_rrc.dir/NR_ULDedicatedMessageSegment-r16.c.o
#9 78.89 [ 94%] Building C object examples/xApp/c/monitor/RRC_MESSAGES/CMakeFiles/asn1_nr_rrc.dir/NR_ULDedicatedMessageSegment-r16-IEs.c.o
#9 78.91 [ 94%] Building C object examples/xApp/c/monitor/RRC_MESSAGES/CMakeFiles/asn1_nr_rrc.dir/NR_UL-DelayValueConfig-r16.c.o
#9 78.93 [ 94%] Building C object examples/xApp/c/monitor/RRC_MESSAGES/CMakeFiles/asn1_nr_rrc.dir/NR_UL-ExcessDelayConfig-r17.c.o
#9 78.95 [ 94%] Building C object examples/xApp/c/monitor/RRC_MESSAGES/CMakeFiles/asn1_nr_rrc.dir/NR_UL-GapFR2-Config-r17.c.o
#9 78.97 [ 94%] Building C object examples/xApp/c/monitor/RRC_MESSAGES/CMakeFiles/asn1_nr_rrc.dir/NR_UL-GapFR2-Preference-r17.c.o
#9 78.98 [ 94%] Building C object examples/xApp/c/monitor/RRC_MESSAGES/CMakeFiles/asn1_nr_rrc.dir/NR_ULInformationTransfer.c.o
#9 79.01 [ 94%] Building C object examples/xApp/c/monitor/RRC_MESSAGES/CMakeFiles/asn1_nr_rrc.dir/NR_ULInformationTransfer-IEs.c.o
#9 79.01 [ 94%] Building C object examples/xApp/c/monitor/RRC_MESSAGES/CMakeFiles/asn1_nr_rrc.dir/NR_ULInformationTransferIRAT-r16.c.o
#9 79.04 [ 94%] Building C object examples/xApp/c/monitor/RRC_MESSAGES/CMakeFiles/asn1_nr_rrc.dir/NR_ULInformationTransferIRAT-r16-IEs.c.o
#9 79.04 [ 94%] Building C object examples/xApp/c/monitor/RRC_MESSAGES/CMakeFiles/asn1_nr_rrc.dir/NR_ULInformationTransferMRDC.c.o
#9 79.08 [ 94%] Building C object examples/xApp/c/monitor/RRC_MESSAGES/CMakeFiles/asn1_nr_rrc.dir/NR_ULInformationTransferMRDC-IEs.c.o
#9 79.08 [ 94%] Building C object examples/xApp/c/monitor/RRC_MESSAGES/CMakeFiles/asn1_nr_rrc.dir/NR_ULInformationTransfer-v1700-IEs.c.o
#9 79.11 [ 94%] Building C object examples/xApp/c/monitor/RRC_MESSAGES/CMakeFiles/asn1_nr_rrc.dir/NR_UL-PDCP-DelayValueResultList-r16.c.o
#9 79.11 [ 94%] Building C object examples/xApp/c/monitor/RRC_MESSAGES/CMakeFiles/asn1_nr_rrc.dir/NR_UL-PDCP-DelayValueResult-r16.c.o
#9 79.14 [ 94%] Building C object examples/xApp/c/monitor/RRC_MESSAGES/CMakeFiles/asn1_nr_rrc.dir/NR_UL-PDCP-ExcessDelayResultList-r17.c.o
#9 79.14 [ 94%] Building C object examples/xApp/c/monitor/RRC_MESSAGES/CMakeFiles/asn1_nr_rrc.dir/NR_UL-PDCP-ExcessDelayResult-r17.c.o
#9 79.17 [ 94%] Building C object examples/xApp/c/monitor/RRC_MESSAGES/CMakeFiles/asn1_nr_rrc.dir/NR_ULTxSwitchingBandPair-r16.c.o
#9 79.19 [ 94%] Building C object examples/xApp/c/monitor/RRC_MESSAGES/CMakeFiles/asn1_nr_rrc.dir/NR_ULTxSwitchingBandPair-v1700.c.o
#9 79.21 [ 94%] Building C object examples/xApp/c/monitor/RRC_MESSAGES/CMakeFiles/asn1_nr_rrc.dir/NR_UL-UM-RLC.c.o
#9 79.22 [ 94%] Building C object examples/xApp/c/monitor/RRC_MESSAGES/CMakeFiles/asn1_nr_rrc.dir/NR_UPInterruptionTimeAtHO-r17.c.o
#9 79.24 [ 94%] Building C object examples/xApp/c/monitor/RRC_MESSAGES/CMakeFiles/asn1_nr_rrc.dir/NR_UplinkCancellation-r16.c.o
#9 79.27 [ 94%] Building C object examples/xApp/c/monitor/RRC_MESSAGES/CMakeFiles/asn1_nr_rrc.dir/NR_UplinkConfig.c.o
#9 79.27 [ 94%] Building C object examples/xApp/c/monitor/RRC_MESSAGES/CMakeFiles/asn1_nr_rrc.dir/NR_UplinkConfigCommon.c.o
#9 79.39 [ 94%] Building C object examples/xApp/c/monitor/RRC_MESSAGES/CMakeFiles/asn1_nr_rrc.dir/NR_UplinkConfigCommonSIB.c.o
#9 79.42 [ 94%] Building C object examples/xApp/c/monitor/RRC_MESSAGES/CMakeFiles/asn1_nr_rrc.dir/NR_UplinkConfigCommonSIB-v1700.c.o
#9 79.51 [ 94%] Building C object examples/xApp/c/monitor/RRC_MESSAGES/CMakeFiles/asn1_nr_rrc.dir/NR_UplinkConfigCommon-v1700.c.o
#9 79.53 [ 95%] Building C object examples/xApp/c/monitor/RRC_MESSAGES/CMakeFiles/asn1_nr_rrc.dir/NR_UplinkDataCompression-r17.c.o
#9 79.56 [ 95%] Building C object examples/xApp/c/monitor/RRC_MESSAGES/CMakeFiles/asn1_nr_rrc.dir/NR_UplinkHARQ-mode-r17.c.o
#9 79.60 [ 95%] Building C object examples/xApp/c/monitor/RRC_MESSAGES/CMakeFiles/asn1_nr_rrc.dir/NR_Uplink-powerControlId-r17.c.o
#9 79.62 [ 95%] Building C object examples/xApp/c/monitor/RRC_MESSAGES/CMakeFiles/asn1_nr_rrc.dir/NR_Uplink-powerControl-r17.c.o
#9 79.63 [ 95%] Building C object examples/xApp/c/monitor/RRC_MESSAGES/CMakeFiles/asn1_nr_rrc.dir/NR_UplinkTxDirectCurrentBWP.c.o
#9 79.66 [ 95%] Building C object examples/xApp/c/monitor/RRC_MESSAGES/CMakeFiles/asn1_nr_rrc.dir/NR_UplinkTxDirectCurrentCarrierInfo-r16.c.o
#9 79.67 [ 95%] Building C object examples/xApp/c/monitor/RRC_MESSAGES/CMakeFiles/asn1_nr_rrc.dir/NR_UplinkTxDirectCurrentCell.c.o
#9 79.69 [ 95%] Building C object examples/xApp/c/monitor/RRC_MESSAGES/CMakeFiles/asn1_nr_rrc.dir/NR_UplinkTxDirectCurrentList.c.o
#9 79.71 [ 95%] Building C object examples/xApp/c/monitor/RRC_MESSAGES/CMakeFiles/asn1_nr_rrc.dir/NR_UplinkTxDirectCurrentMoreCarrierList-r17.c.o
#9 79.73 [ 95%] Building C object examples/xApp/c/monitor/RRC_MESSAGES/CMakeFiles/asn1_nr_rrc.dir/NR_UplinkTxDirectCurrentTwoCarrierInfo-r16.c.o
#9 79.75 [ 95%] Building C object examples/xApp/c/monitor/RRC_MESSAGES/CMakeFiles/asn1_nr_rrc.dir/NR_UplinkTxDirectCurrentTwoCarrierList-r16.c.o
#9 79.76 [ 95%] Building C object examples/xApp/c/monitor/RRC_MESSAGES/CMakeFiles/asn1_nr_rrc.dir/NR_UplinkTxDirectCurrentTwoCarrier-r16.c.o
#9 79.79 [ 95%] Building C object examples/xApp/c/monitor/RRC_MESSAGES/CMakeFiles/asn1_nr_rrc.dir/NR_UplinkTxSwitchingBandParameters-v1700.c.o
#9 79.79 [ 95%] Building C object examples/xApp/c/monitor/RRC_MESSAGES/CMakeFiles/asn1_nr_rrc.dir/NR_UplinkTxSwitching-r16.c.o
#9 79.83 [ 95%] Building C object examples/xApp/c/monitor/RRC_MESSAGES/CMakeFiles/asn1_nr_rrc.dir/NR_UTRA-FDD-CellIndex-r16.c.o
#9 79.83 [ 95%] Building C object examples/xApp/c/monitor/RRC_MESSAGES/CMakeFiles/asn1_nr_rrc.dir/NR_UTRA-FDD-CellIndexList-r16.c.o
#9 79.86 [ 95%] Building C object examples/xApp/c/monitor/RRC_MESSAGES/CMakeFiles/asn1_nr_rrc.dir/NR_UTRA-FDD-Parameters-r16.c.o
#9 79.86 [ 95%] Building C object examples/xApp/c/monitor/RRC_MESSAGES/CMakeFiles/asn1_nr_rrc.dir/NR_UTRA-FDD-Q-OffsetRange-r16.c.o
#9 79.89 [ 95%] Building C object examples/xApp/c/monitor/RRC_MESSAGES/CMakeFiles/asn1_nr_rrc.dir/NR_UuMessageTransferSidelink-r17.c.o
#9 79.89 [ 95%] Building C object examples/xApp/c/monitor/RRC_MESSAGES/CMakeFiles/asn1_nr_rrc.dir/NR_UuMessageTransferSidelink-r17-IEs.c.o
#9 79.93 [ 95%] Building C object examples/xApp/c/monitor/RRC_MESSAGES/CMakeFiles/asn1_nr_rrc.dir/NR_Uu-RelayRLC-ChannelConfig-r17.c.o
#9 79.93 [ 95%] Building C object examples/xApp/c/monitor/RRC_MESSAGES/CMakeFiles/asn1_nr_rrc.dir/NR_Uu-RelayRLC-ChannelID-r17.c.o
#9 79.96 [ 95%] Building C object examples/xApp/c/monitor/RRC_MESSAGES/CMakeFiles/asn1_nr_rrc.dir/NR_ValidityAreaList-r16.c.o
#9 79.97 [ 95%] Building C object examples/xApp/c/monitor/RRC_MESSAGES/CMakeFiles/asn1_nr_rrc.dir/NR_ValidityArea-r16.c.o
#9 79.99 [ 95%] Building C object examples/xApp/c/monitor/RRC_MESSAGES/CMakeFiles/asn1_nr_rrc.dir/NR_ValidityCellList.c.o
#9 80.01 [ 95%] Building C object examples/xApp/c/monitor/RRC_MESSAGES/CMakeFiles/asn1_nr_rrc.dir/NR_VarConditionalReconfig.c.o
#9 80.02 [ 95%] Building C object examples/xApp/c/monitor/RRC_MESSAGES/CMakeFiles/asn1_nr_rrc.dir/NR_VarConnEstFailReportList-r17.c.o
#9 80.05 [ 95%] Building C object examples/xApp/c/monitor/RRC_MESSAGES/CMakeFiles/asn1_nr_rrc.dir/NR_VarConnEstFailReport-r16.c.o
#9 80.06 [ 95%] Building C object examples/xApp/c/monitor/RRC_MESSAGES/CMakeFiles/asn1_nr_rrc.dir/NR_VarLogMeasConfig-r16-IEs.c.o
#9 80.09 [ 95%] Building C object examples/xApp/c/monitor/RRC_MESSAGES/CMakeFiles/asn1_nr_rrc.dir/NR_VarLogMeasReport-r16.c.o
#9 80.11 [ 95%] Building C object examples/xApp/c/monitor/RRC_MESSAGES/CMakeFiles/asn1_nr_rrc.dir/NR_VarMeasConfig.c.o
#9 80.14 [ 95%] Building C object examples/xApp/c/monitor/RRC_MESSAGES/CMakeFiles/asn1_nr_rrc.dir/NR_VarMeasConfigSL-r16.c.o
#9 80.18 [ 95%] Building C object examples/xApp/c/monitor/RRC_MESSAGES/CMakeFiles/asn1_nr_rrc.dir/NR_VarMeasIdleConfig-r16.c.o
#9 80.24 [ 95%] Building C object examples/xApp/c/monitor/RRC_MESSAGES/CMakeFiles/asn1_nr_rrc.dir/NR_VarMeasIdleReport-r16.c.o
#9 80.28 [ 95%] Building C object examples/xApp/c/monitor/RRC_MESSAGES/CMakeFiles/asn1_nr_rrc.dir/NR_VarMeasReport.c.o
#9 80.30 [ 95%] Building C object examples/xApp/c/monitor/RRC_MESSAGES/CMakeFiles/asn1_nr_rrc.dir/NR_VarMeasReportList.c.o
#9 80.32 [ 95%] Building C object examples/xApp/c/monitor/RRC_MESSAGES/CMakeFiles/asn1_nr_rrc.dir/NR_VarMeasReportListSL-r16.c.o
#9 80.33 [ 95%] Building C object examples/xApp/c/monitor/RRC_MESSAGES/CMakeFiles/asn1_nr_rrc.dir/NR_VarMeasReportSL-r16.c.o
#9 80.37 [ 97%] Building C object examples/xApp/c/monitor/RRC_MESSAGES/CMakeFiles/asn1_nr_rrc.dir/NR_VarMobilityHistoryReport-r16.c.o
#9 80.38 [ 97%] Building C object examples/xApp/c/monitor/RRC_MESSAGES/CMakeFiles/asn1_nr_rrc.dir/NR_VarMobilityHistoryReport-r17.c.o
#9 80.40 [ 97%] Building C object examples/xApp/c/monitor/RRC_MESSAGES/CMakeFiles/asn1_nr_rrc.dir/NR_VarPendingRNA-Update.c.o
#9 80.41 [ 97%] Building C object examples/xApp/c/monitor/RRC_MESSAGES/CMakeFiles/asn1_nr_rrc.dir/NR_VarRA-Report-r16.c.o
#9 80.44 [ 97%] Building C object examples/xApp/c/monitor/RRC_MESSAGES/CMakeFiles/asn1_nr_rrc.dir/NR_VarResumeMAC-Input.c.o
#9 80.45 [ 97%] Building C object examples/xApp/c/monitor/RRC_MESSAGES/CMakeFiles/asn1_nr_rrc.dir/NR_VarRLF-Report-r16.c.o
#9 80.48 [ 97%] Building C object examples/xApp/c/monitor/RRC_MESSAGES/CMakeFiles/asn1_nr_rrc.dir/NR_VarShortMAC-Input.c.o
#9 80.49 [ 97%] Building C object examples/xApp/c/monitor/RRC_MESSAGES/CMakeFiles/asn1_nr_rrc.dir/NR_VarSuccessHO-Report-r17-IEs.c.o
#9 80.53 [ 97%] Building C object examples/xApp/c/monitor/RRC_MESSAGES/CMakeFiles/asn1_nr_rrc.dir/NR_VictimSystemType.c.o
#9 80.53 [ 97%] Building C object examples/xApp/c/monitor/RRC_MESSAGES/CMakeFiles/asn1_nr_rrc.dir/NR_VelocityStateVector-r17.c.o
#9 80.56 [ 97%] Building C object examples/xApp/c/monitor/RRC_MESSAGES/CMakeFiles/asn1_nr_rrc.dir/NR_VictimSystemType-r16.c.o
#9 80.57 [ 97%] Building C object examples/xApp/c/monitor/RRC_MESSAGES/CMakeFiles/asn1_nr_rrc.dir/NR_VisitedCellInfoList-r16.c.o
#9 80.61 [ 97%] Building C object examples/xApp/c/monitor/RRC_MESSAGES/CMakeFiles/asn1_nr_rrc.dir/NR_VisitedPSCellInfoList-r17.c.o
#9 80.61 [ 97%] Building C object examples/xApp/c/monitor/RRC_MESSAGES/CMakeFiles/asn1_nr_rrc.dir/NR_VisitedCellInfo-r16.c.o
#9 80.64 [ 97%] Building C object examples/xApp/c/monitor/RRC_MESSAGES/CMakeFiles/asn1_nr_rrc.dir/NR_VisitedPSCellInfo-r17.c.o
#9 80.65 [ 97%] Building C object examples/xApp/c/monitor/RRC_MESSAGES/CMakeFiles/asn1_nr_rrc.dir/NR_WithinActiveTimeConfig-r16.c.o
#9 80.68 [ 97%] Building C object examples/xApp/c/monitor/RRC_MESSAGES/CMakeFiles/asn1_nr_rrc.dir/NR_WLAN-NameList-r16.c.o
#9 80.68 [ 97%] Building C object examples/xApp/c/monitor/RRC_MESSAGES/CMakeFiles/asn1_nr_rrc.dir/NR_WLAN-Identifiers-r16.c.o
#9 80.72 [ 97%] Building C object examples/xApp/c/monitor/RRC_MESSAGES/CMakeFiles/asn1_nr_rrc.dir/NR_WLAN-Name-r16.c.o
#9 80.73 [ 97%] Building C object examples/xApp/c/monitor/RRC_MESSAGES/CMakeFiles/asn1_nr_rrc.dir/NR_WLAN-RSSI-Range-r16.c.o
#9 80.75 [ 97%] Building C object examples/xApp/c/monitor/RRC_MESSAGES/CMakeFiles/asn1_nr_rrc.dir/NR_ZP-CSI-RS-Resource.c.o
#9 80.76 [ 97%] Building C object examples/xApp/c/monitor/RRC_MESSAGES/CMakeFiles/asn1_nr_rrc.dir/NR_WLAN-RTT-r16.c.o
#9 80.79 [ 97%] Building C object examples/xApp/c/monitor/RRC_MESSAGES/CMakeFiles/asn1_nr_rrc.dir/NR_ZP-CSI-RS-ResourceId.c.o
#9 80.80 [ 97%] Building C object examples/xApp/c/monitor/RRC_MESSAGES/CMakeFiles/asn1_nr_rrc.dir/NR_ZP-CSI-RS-ResourceSet.c.o
#9 80.82 [ 97%] Building C object examples/xApp/c/monitor/RRC_MESSAGES/CMakeFiles/asn1_nr_rrc.dir/NR_ZP-CSI-RS-ResourceSetId.c.o
#9 80.84 [ 97%] Building C object examples/xApp/c/monitor/RRC_MESSAGES/CMakeFiles/asn1_nr_rrc.dir/NULL_aper.c.o
#9 80.86 [ 97%] Building C object examples/xApp/c/monitor/RRC_MESSAGES/CMakeFiles/asn1_nr_rrc.dir/NULL.c.o
#9 80.89 [ 97%] Building C object examples/xApp/c/monitor/RRC_MESSAGES/CMakeFiles/asn1_nr_rrc.dir/NULL_print.c.o
#9 80.89 [ 97%] Building C object examples/xApp/c/monitor/RRC_MESSAGES/CMakeFiles/asn1_nr_rrc.dir/NULL_rfill.c.o
#9 80.93 [ 97%] Building C object examples/xApp/c/monitor/RRC_MESSAGES/CMakeFiles/asn1_nr_rrc.dir/NULL_uper.c.o
#9 80.94 [ 97%] Building C object examples/xApp/c/monitor/RRC_MESSAGES/CMakeFiles/asn1_nr_rrc.dir/NULL_xer.c.o
#9 80.97 [ 97%] Building C object examples/xApp/c/monitor/RRC_MESSAGES/CMakeFiles/asn1_nr_rrc.dir/ObjectDescriptor.c.o
#9 80.97 [ 97%] Building C object examples/xApp/c/monitor/RRC_MESSAGES/CMakeFiles/asn1_nr_rrc.dir/OBJECT_IDENTIFIER.c.o
#9 81.01 [ 97%] Building C object examples/xApp/c/monitor/RRC_MESSAGES/CMakeFiles/asn1_nr_rrc.dir/OBJECT_IDENTIFIER_print.c.o
#9 81.02 [ 97%] Building C object examples/xApp/c/monitor/RRC_MESSAGES/CMakeFiles/asn1_nr_rrc.dir/OBJECT_IDENTIFIER_rfill.c.o
#9 81.06 [ 97%] Building C object examples/xApp/c/monitor/RRC_MESSAGES/CMakeFiles/asn1_nr_rrc.dir/OBJECT_IDENTIFIER_xer.c.o
#9 81.06 [ 97%] Building C object examples/xApp/c/monitor/RRC_MESSAGES/CMakeFiles/asn1_nr_rrc.dir/OCTET_STRING_aper.c.o
#9 81.10 [ 97%] Building C object examples/xApp/c/monitor/RRC_MESSAGES/CMakeFiles/asn1_nr_rrc.dir/OCTET_STRING.c.o
#9 81.11 [ 97%] Building C object examples/xApp/c/monitor/RRC_MESSAGES/CMakeFiles/asn1_nr_rrc.dir/OCTET_STRING_print.c.o
#9 81.15 [ 98%] Building C object examples/xApp/c/monitor/RRC_MESSAGES/CMakeFiles/asn1_nr_rrc.dir/OCTET_STRING_rfill.c.o
#9 81.16 [ 98%] Building C object examples/xApp/c/monitor/RRC_MESSAGES/CMakeFiles/asn1_nr_rrc.dir/OCTET_STRING_uper.c.o
#9 81.19 [ 98%] Building C object examples/xApp/c/monitor/RRC_MESSAGES/CMakeFiles/asn1_nr_rrc.dir/OCTET_STRING_xer.c.o
#9 81.22 [ 98%] Building C object examples/xApp/c/monitor/RRC_MESSAGES/CMakeFiles/asn1_nr_rrc.dir/OPEN_TYPE_aper.c.o
#9 81.25 [ 98%] Building C object examples/xApp/c/monitor/RRC_MESSAGES/CMakeFiles/asn1_nr_rrc.dir/OPEN_TYPE.c.o
#9 81.27 [ 98%] Building C object examples/xApp/c/monitor/RRC_MESSAGES/CMakeFiles/asn1_nr_rrc.dir/OPEN_TYPE_uper.c.o
#9 81.28 [ 98%] Building C object examples/xApp/c/monitor/RRC_MESSAGES/CMakeFiles/asn1_nr_rrc.dir/OPEN_TYPE_xer.c.o
#9 81.32 [ 98%] Building C object examples/xApp/c/monitor/RRC_MESSAGES/CMakeFiles/asn1_nr_rrc.dir/per_decoder.c.o
#9 81.33 [ 98%] Building C object examples/xApp/c/monitor/RRC_MESSAGES/CMakeFiles/asn1_nr_rrc.dir/per_encoder.c.o
#9 81.35 [ 98%] Building C object examples/xApp/c/monitor/RRC_MESSAGES/CMakeFiles/asn1_nr_rrc.dir/per_opentype.c.o
#9 81.37 [ 98%] Building C object examples/xApp/c/monitor/RRC_MESSAGES/CMakeFiles/asn1_nr_rrc.dir/per_support.c.o
#9 81.39 [ 98%] Building C object examples/xApp/c/monitor/RRC_MESSAGES/CMakeFiles/asn1_nr_rrc.dir/uper_decoder.c.o
#9 81.41 [ 98%] Building C object examples/xApp/c/monitor/RRC_MESSAGES/CMakeFiles/asn1_nr_rrc.dir/uper_encoder.c.o
#9 81.44 [ 98%] Building C object examples/xApp/c/monitor/RRC_MESSAGES/CMakeFiles/asn1_nr_rrc.dir/uper_opentype.c.o
#9 81.46 [ 98%] Building C object examples/xApp/c/monitor/RRC_MESSAGES/CMakeFiles/asn1_nr_rrc.dir/uper_support.c.o
#9 81.50 [ 98%] Building C object examples/xApp/c/monitor/RRC_MESSAGES/CMakeFiles/asn1_nr_rrc.dir/xer_decoder.c.o
#9 81.50 [ 98%] Building C object examples/xApp/c/monitor/RRC_MESSAGES/CMakeFiles/asn1_nr_rrc.dir/xer_encoder.c.o
#9 81.56 [ 98%] Building C object examples/xApp/c/monitor/RRC_MESSAGES/CMakeFiles/asn1_nr_rrc.dir/xer_support.c.o
#9 81.60 [ 98%] Linking C static library libasn1_nr_rrc.a
#9 82.56 [ 98%] Built target asn1_nr_rrc
#9 82.59 [ 98%] Building C object src/xApp/CMakeFiles/e42_xapp.dir/asio_xapp.c.o
#9 82.59 [ 98%] Building C object src/xApp/CMakeFiles/e42_xapp.dir/e2ap_xapp.c.o
#9 82.63 [ 98%] Building C object src/xApp/CMakeFiles/e42_xapp.dir/endpoint_xapp.c.o
#9 82.63 [ 98%] Building C object src/xApp/CMakeFiles/e42_xapp.dir/msg_handler_xapp.c.o
#9 82.67 /source/flexric/src/xApp/msg_handler_xapp.c: In function 'e2ap_handle_indication_xapp':
#9 82.67 /source/flexric/src/xApp/msg_handler_xapp.c:254:20: warning: assignment to 'void (*)(const sm_ag_if_rd_t *, const global_e2_node_id_t *)' {aka 'void (*)(const sm_ag_if_rd_t *, const struct global_e2_node_id *)'} from incompatible pointer type 'void (*)(const sm_ag_if_rd_t *)' [-Wincompatible-pointer-types]
#9 82.67   254 |     msg_disp.sm_cb = ans.val.sm_cb;
#9 82.67       |                    ^
#9 82.68 [ 98%] Building C object src/xApp/CMakeFiles/e42_xapp.dir/msg_generator_xapp.c.o
#9 82.72 [ 98%] Building C object src/xApp/CMakeFiles/e42_xapp.dir/e42_xapp.c.o
#9 82.75 [ 98%] Building C object src/xApp/CMakeFiles/e42_xapp.dir/e42_xapp_api.c.o
#9 82.83 [ 98%] Building C object src/xApp/CMakeFiles/e42_xapp.dir/plugin_agent.c.o
#9 82.83 [ 98%] Building C object src/xApp/CMakeFiles/e42_xapp.dir/plugin_ric.c.o
#9 82.90 [ 98%] Building C object src/xApp/CMakeFiles/e42_xapp.dir/pending_event_xapp.c.o
#9 82.91 [100%] Building C object src/xApp/CMakeFiles/e42_xapp.dir/sync_ui.c.o
#9 82.96 [100%] Building C object src/xApp/CMakeFiles/e42_xapp.dir/act_proc.c.o
#9 82.97 [100%] Building C object src/xApp/CMakeFiles/e42_xapp.dir/msg_dispatcher_xapp.c.o
#9 83.00 /source/flexric/src/xApp/act_proc.c: In function 'add_act_proc':
#9 83.00 /source/flexric/src/xApp/act_proc.c:66:36: warning: initialization of 'void (*)(const sm_ag_if_rd_t *)' from incompatible pointer type 'void (*)(const sm_ag_if_rd_t *, const global_e2_node_id_t *)' {aka 'void (*)(const sm_ag_if_rd_t *, const struct global_e2_node_id *)'} [-Wincompatible-pointer-types]
#9 83.00    66 |                           .sm_cb = sm_cb,
#9 83.00       |                                    ^~~~~
#9 83.00 /source/flexric/src/xApp/act_proc.c:66:36: note: (near initialization for 'val.sm_cb')
#9 83.02 [100%] Building C object src/xApp/CMakeFiles/e42_xapp.dir/e2_node_arr_xapp.c.o
#9 83.04 [100%] Building C object src/xApp/CMakeFiles/e42_xapp.dir/e2_node_connected_xapp.c.o
#9 83.06 [100%] Building C object src/xApp/CMakeFiles/e42_xapp.dir/sm_ran_function.c.o
#9 83.07 [100%] Building C object src/xApp/CMakeFiles/e42_xapp.dir/sm_ran_function_def.c.o
#9 83.11 [100%] Building C object src/xApp/CMakeFiles/e42_xapp.dir/__/sm/agent_if/read/sm_ag_if_rd.c.o
#9 83.12 [100%] Building C object src/xApp/CMakeFiles/e42_xapp.dir/__/sm/kpm_sm/kpm_sm_v03.00/ie/kpm_data_ie.c.o
#9 83.16 [100%] Building C object src/xApp/CMakeFiles/e42_xapp.dir/__/__/test/rnd/fill_rnd_data_kpm.c.o
#9 83.17 [100%] Building C object src/xApp/CMakeFiles/e42_xapp.dir/__/sm/rc_sm/ie/rc_data_ie.c.o
#9 83.25 [100%] Building C object src/xApp/CMakeFiles/e42_xapp.dir/__/__/test/rnd/fill_rnd_data_rc.c.o
#9 83.31 [100%] Building C object src/xApp/CMakeFiles/e42_xapp.dir/__/util/ngran_types.c.o
#9 83.34 [100%] Building C object src/xApp/CMakeFiles/e42_xapp.dir/__/sm/mac_sm/ie/mac_data_ie.c.o
#9 83.41 [100%] Building C object src/xApp/CMakeFiles/e42_xapp.dir/__/sm/rlc_sm/ie/rlc_data_ie.c.o
#9 83.41 [100%] Building C object src/xApp/CMakeFiles/e42_xapp.dir/__/sm/pdcp_sm/ie/pdcp_data_ie.c.o
#9 83.47 [100%] Building C object src/xApp/CMakeFiles/e42_xapp.dir/__/sm/slice_sm/ie/slice_data_ie.c.o
#9 83.47 [100%] Building C object src/xApp/CMakeFiles/e42_xapp.dir/__/sm/tc_sm/ie/tc_data_ie.c.o
#9 83.56 [100%] Building C object src/xApp/CMakeFiles/e42_xapp.dir/__/sm/gtp_sm/ie/gtp_data_ie.c.o
#9 83.62 [100%] Linking C static library libe42_xapp.a
#9 83.85 [100%] Built target e42_xapp
#9 83.87 [100%] Building C object examples/xApp/c/monitor/CMakeFiles/xapp_kpm_moni_write_to_csv.dir/urr_receiver.c.o
#9 83.87 [100%] Building C object examples/xApp/c/monitor/CMakeFiles/xapp_kpm_moni_write_to_csv.dir/xapp_kpm_moni_write_to_csv.c.o
#9 83.92 /source/flexric/examples/xApp/c/monitor/urr_receiver.c: In function 'uint_field':
#9 83.92 /source/flexric/examples/xApp/c/monitor/urr_receiver.c:60:3: warning: this 'if' clause does not guard... [-Wmisleading-indentation]
#9 83.92    60 |   if(errno || *end)return 0; *v=(uint64_t)n;return 1;
#9 83.92       |   ^~
#9 83.92 /source/flexric/examples/xApp/c/monitor/urr_receiver.c:60:30: note: ...this statement, but the latter is misleadingly indented as if it were guarded by the 'if'
#9 83.92    60 |   if(errno || *end)return 0; *v=(uint64_t)n;return 1;
#9 83.92       |                              ^
#9 83.92 /source/flexric/examples/xApp/c/monitor/urr_receiver.c: In function 'export_jsonl':
#9 83.92 /source/flexric/examples/xApp/c/monitor/urr_receiver.c:117:3: warning: this 'if' clause does not guard... [-Wmisleading-indentation]
#9 83.92   117 |   if(!ok)remove(temp);return ok;
#9 83.92       |   ^~
#9 83.92 /source/flexric/examples/xApp/c/monitor/urr_receiver.c:117:23: note: ...this statement, but the latter is misleadingly indented as if it were guarded by the 'if'
#9 83.92   117 |   if(!ok)remove(temp);return ok;
#9 83.92       |                       ^~~~~~
#9 83.92 /source/flexric/examples/xApp/c/monitor/urr_receiver.c: In function 'ingest':
#9 83.92 /source/flexric/examples/xApp/c/monitor/urr_receiver.c:131:5: warning: this 'if' clause does not guard... [-Wmisleading-indentation]
#9 83.92   131 |     if(o)json_object_put(o);return reply(c,400,"{\"error\":\"invalid URR envelope\"}");
#9 83.92       |     ^~
#9 83.92 /source/flexric/examples/xApp/c/monitor/urr_receiver.c:131:29: note: ...this statement, but the latter is misleadingly indented as if it were guarded by the 'if'
#9 83.92   131 |     if(o)json_object_put(o);return reply(c,400,"{\"error\":\"invalid URR envelope\"}");
#9 83.92       |                             ^~~~~~
#9 83.96 [100%] Building C object examples/xApp/c/monitor/CMakeFiles/xapp_kpm_moni_write_to_csv.dir/__/metrics_factory.c.o
#9 84.01 [100%] Building C object examples/xApp/c/monitor/CMakeFiles/xapp_kpm_moni_write_to_csv.dir/__/__/__/__/src/util/alg_ds/alg/defer.c.o
#9 84.03 [100%] Building C object examples/xApp/c/monitor/CMakeFiles/xapp_kpm_moni_write_to_csv.dir/__/__/__/__/src/util/alg_ds/alg/murmur_hash_32.c.o
#9 84.03 [100%] Building C object examples/xApp/c/monitor/CMakeFiles/xapp_kpm_moni_write_to_csv.dir/__/__/__/__/src/util/alg_ds/ds/assoc_container/assoc_ht_open_address.c.o
#9 84.08 [100%] Linking C executable xapp_kpm_moni_write_to_csv
#9 84.17 /usr/bin/ld: warning: CMakeFiles/xapp_kpm_moni_write_to_csv.dir/xapp_kpm_moni_write_to_csv.c.o: requires executable stack (because the .note.GNU-stack section is executable)
#9 84.24 [100%] Built target xapp_kpm_moni_write_to_csv
#9 84.30 Building C object CMakeFiles/e2ap_ran_func_obj.dir/src/lib/e2ap/v3_01/e2ap_types/common/e2ap_ran_function.c.o
#9 84.34 Built target e2ap_ran_func_obj
#9 84.36 Building C object src/sm/mac_sm/CMakeFiles/mac_sm.dir/__/sm_proc_data.c.o
#9 84.36 Building C object src/sm/mac_sm/CMakeFiles/mac_sm.dir/mac_sm_ric.c.o
#9 84.40 Building C object src/sm/mac_sm/CMakeFiles/mac_sm.dir/mac_sm_agent.c.o
#9 84.44 Building C object src/sm/mac_sm/CMakeFiles/mac_sm.dir/__/__/util/byte_array.c.o
#9 84.47 Building C object src/sm/mac_sm/CMakeFiles/mac_sm.dir/__/__/util/alg_ds/alg/defer.c.o
#9 84.48 Building C object src/sm/mac_sm/CMakeFiles/mac_sm.dir/__/__/util/alg_ds/alg/eq_float.c.o
#9 84.50 Building C object src/sm/mac_sm/CMakeFiles/mac_sm.dir/__/__/util/alg_ds/ds/seq_container/seq_arr.c.o
#9 84.51 Building C object src/sm/mac_sm/CMakeFiles/mac_sm.dir/__/__/util/alg_ds/ds/seq_container/seq_ring.c.o
#9 84.55 Building C object src/sm/mac_sm/CMakeFiles/mac_sm.dir/__/__/util/alg_ds/ds/assoc_container/assoc_rb_tree.c.o
#9 84.55 Building C object src/sm/mac_sm/CMakeFiles/mac_sm.dir/__/__/util/alg_ds/ds/assoc_container/bimap.c.o
#9 84.58 Building C object src/sm/mac_sm/CMakeFiles/mac_sm.dir/ie/mac_data_ie.c.o
#9 84.61 Building C object src/sm/mac_sm/CMakeFiles/mac_sm.dir/enc/mac_enc_plain.c.o
#9 84.65 Building C object src/sm/mac_sm/CMakeFiles/mac_sm.dir/dec/mac_dec_plain.c.o
#9 84.69 Linking C shared library libmac_sm.so
#9 84.72 /usr/bin/ld: warning: CMakeFiles/mac_sm.dir/mac_sm_agent.c.o: requires executable stack (because the .note.GNU-stack section is executable)
#9 84.73 Built target mac_sm
#9 84.78 Built target e2ap_ran_func_obj
#9 84.80 Building C object src/sm/rlc_sm/CMakeFiles/rlc_sm.dir/rlc_sm_agent.c.o
#9 84.80 Building C object src/sm/rlc_sm/CMakeFiles/rlc_sm.dir/__/sm_proc_data.c.o
#9 84.84 Building C object src/sm/rlc_sm/CMakeFiles/rlc_sm.dir/rlc_sm_ric.c.o
#9 84.86 Building C object src/sm/rlc_sm/CMakeFiles/rlc_sm.dir/__/__/util/byte_array.c.o
#9 84.90 Building C object src/sm/rlc_sm/CMakeFiles/rlc_sm.dir/__/__/util/alg_ds/alg/defer.c.o
#9 84.90 Building C object src/sm/rlc_sm/CMakeFiles/rlc_sm.dir/__/__/util/alg_ds/alg/eq_float.c.o
#9 84.92 Building C object src/sm/rlc_sm/CMakeFiles/rlc_sm.dir/__/__/util/alg_ds/ds/seq_container/seq_arr.c.o
#9 84.94 Building C object src/sm/rlc_sm/CMakeFiles/rlc_sm.dir/__/__/util/alg_ds/ds/seq_container/seq_ring.c.o
#9 84.97 Building C object src/sm/rlc_sm/CMakeFiles/rlc_sm.dir/__/__/util/alg_ds/ds/assoc_container/assoc_rb_tree.c.o
#9 84.98 Building C object src/sm/rlc_sm/CMakeFiles/rlc_sm.dir/__/__/util/alg_ds/ds/assoc_container/bimap.c.o
#9 85.02 Building C object src/sm/rlc_sm/CMakeFiles/rlc_sm.dir/ie/rlc_data_ie.c.o
#9 85.04 Building C object src/sm/rlc_sm/CMakeFiles/rlc_sm.dir/enc/rlc_enc_plain.c.o
#9 85.07 Building C object src/sm/rlc_sm/CMakeFiles/rlc_sm.dir/dec/rlc_dec_plain.c.o
#9 85.10 Linking C shared library librlc_sm.so
#9 85.13 /usr/bin/ld: warning: CMakeFiles/rlc_sm.dir/rlc_sm_agent.c.o: requires executable stack (because the .note.GNU-stack section is executable)
#9 85.15 Built target rlc_sm
#9 85.22 [  0%] Built target e2ap_ran_func_obj
#9 85.24 [  0%] Building C object src/sm/pdcp_sm/CMakeFiles/pdcp_sm.dir/__/sm_proc_data.c.o
#9 85.24 [  0%] Building C object src/sm/pdcp_sm/CMakeFiles/pdcp_sm.dir/pdcp_sm_ric.c.o
#9 85.29 [  0%] Building C object src/sm/pdcp_sm/CMakeFiles/pdcp_sm.dir/pdcp_sm_agent.c.o
#9 85.30 [  0%] Building C object src/sm/pdcp_sm/CMakeFiles/pdcp_sm.dir/__/__/util/byte_array.c.o
#9 85.34 [  0%] Building C object src/sm/pdcp_sm/CMakeFiles/pdcp_sm.dir/__/__/util/alg_ds/alg/defer.c.o
#9 85.34 [  0%] Building C object src/sm/pdcp_sm/CMakeFiles/pdcp_sm.dir/__/__/util/alg_ds/alg/eq_float.c.o
#9 85.36 [  0%] Building C object src/sm/pdcp_sm/CMakeFiles/pdcp_sm.dir/__/__/util/alg_ds/ds/seq_container/seq_arr.c.o
#9 85.38 [  0%] Building C object src/sm/pdcp_sm/CMakeFiles/pdcp_sm.dir/__/__/util/alg_ds/ds/seq_container/seq_ring.c.o
#9 85.40 [  0%] Building C object src/sm/pdcp_sm/CMakeFiles/pdcp_sm.dir/__/__/util/alg_ds/ds/assoc_container/assoc_rb_tree.c.o
#9 85.42 [  0%] Building C object src/sm/pdcp_sm/CMakeFiles/pdcp_sm.dir/__/__/util/alg_ds/ds/assoc_container/bimap.c.o
#9 85.45 [100%] Building C object src/sm/pdcp_sm/CMakeFiles/pdcp_sm.dir/ie/pdcp_data_ie.c.o
#9 85.48 [100%] Building C object src/sm/pdcp_sm/CMakeFiles/pdcp_sm.dir/enc/pdcp_enc_plain.c.o
#9 85.50 [100%] Building C object src/sm/pdcp_sm/CMakeFiles/pdcp_sm.dir/dec/pdcp_dec_plain.c.o
#9 85.55 [100%] Linking C shared library libpdcp_sm.so
#9 85.57 /usr/bin/ld: warning: CMakeFiles/pdcp_sm.dir/pdcp_sm_agent.c.o: requires executable stack (because the .note.GNU-stack section is executable)
#9 85.59 [100%] Built target pdcp_sm
#9 85.65 Built target e2ap_ran_func_obj
#9 85.67 Building C object src/sm/slice_sm/CMakeFiles/slice_sm.dir/slice_sm_agent.c.o
#9 85.67 Building C object src/sm/slice_sm/CMakeFiles/slice_sm.dir/__/sm_proc_data.c.o
#9 85.71 Building C object src/sm/slice_sm/CMakeFiles/slice_sm.dir/slice_sm_ric.c.o
#9 85.74 Building C object src/sm/slice_sm/CMakeFiles/slice_sm.dir/__/__/util/byte_array.c.o
#9 85.77 Building C object src/sm/slice_sm/CMakeFiles/slice_sm.dir/__/__/util/alg_ds/alg/defer.c.o
#9 85.78 Building C object src/sm/slice_sm/CMakeFiles/slice_sm.dir/__/__/util/alg_ds/alg/eq_float.c.o
#9 85.79 Building C object src/sm/slice_sm/CMakeFiles/slice_sm.dir/__/__/util/alg_ds/ds/seq_container/seq_arr.c.o
#9 85.81 Building C object src/sm/slice_sm/CMakeFiles/slice_sm.dir/__/__/util/alg_ds/ds/seq_container/seq_ring.c.o
#9 85.85 Building C object src/sm/slice_sm/CMakeFiles/slice_sm.dir/__/__/util/alg_ds/ds/assoc_container/assoc_rb_tree.c.o
#9 85.86 Building C object src/sm/slice_sm/CMakeFiles/slice_sm.dir/__/__/util/alg_ds/ds/assoc_container/bimap.c.o
#9 85.90 Building C object src/sm/slice_sm/CMakeFiles/slice_sm.dir/ie/slice_data_ie.c.o
#9 85.91 Building C object src/sm/slice_sm/CMakeFiles/slice_sm.dir/enc/slice_enc_plain.c.o
#9 85.98 Building C object src/sm/slice_sm/CMakeFiles/slice_sm.dir/dec/slice_dec_plain.c.o
#9 86.05 Linking C shared library libslice_sm.so
#9 86.08 /usr/bin/ld: warning: CMakeFiles/slice_sm.dir/slice_sm_agent.c.o: requires executable stack (because the .note.GNU-stack section is executable)
#9 86.09 Built target slice_sm
#9 86.15 Built target e2ap_ran_func_obj
#9 86.17 Building C object src/sm/tc_sm/CMakeFiles/tc_sm.dir/__/sm_proc_data.c.o
#9 86.17 Building C object src/sm/tc_sm/CMakeFiles/tc_sm.dir/tc_sm_agent.c.o
#9 86.22 Building C object src/sm/tc_sm/CMakeFiles/tc_sm.dir/tc_sm_ric.c.o
#9 86.23 Building C object src/sm/tc_sm/CMakeFiles/tc_sm.dir/__/__/util/byte_array.c.o
#9 86.27 Building C object src/sm/tc_sm/CMakeFiles/tc_sm.dir/__/__/util/alg_ds/alg/defer.c.o
#9 86.28 Building C object src/sm/tc_sm/CMakeFiles/tc_sm.dir/__/__/util/alg_ds/alg/eq_float.c.o
#9 86.30 Building C object src/sm/tc_sm/CMakeFiles/tc_sm.dir/__/__/util/alg_ds/ds/seq_container/seq_arr.c.o
#9 86.31 Building C object src/sm/tc_sm/CMakeFiles/tc_sm.dir/__/__/util/alg_ds/ds/seq_container/seq_ring.c.o
#9 86.35 Building C object src/sm/tc_sm/CMakeFiles/tc_sm.dir/__/__/util/alg_ds/ds/assoc_container/assoc_rb_tree.c.o
#9 86.36 Building C object src/sm/tc_sm/CMakeFiles/tc_sm.dir/__/__/util/alg_ds/ds/assoc_container/bimap.c.o
#9 86.41 Building C object src/sm/tc_sm/CMakeFiles/tc_sm.dir/ie/tc_data_ie.c.o
#9 86.42 Building C object src/sm/tc_sm/CMakeFiles/tc_sm.dir/enc/tc_enc_plain.c.o
#9 86.52 Building C object src/sm/tc_sm/CMakeFiles/tc_sm.dir/dec/tc_dec_plain.c.o
#9 86.61 Linking C shared library libtc_sm.so
#9 86.64 /usr/bin/ld: warning: CMakeFiles/tc_sm.dir/tc_sm_agent.c.o: requires executable stack (because the .note.GNU-stack section is executable)
#9 86.65 Built target tc_sm
#9 86.72 [  0%] Built target e2ap_ran_func_obj
#9 86.74 [  0%] Building C object src/sm/gtp_sm/CMakeFiles/gtp_sm.dir/gtp_sm_agent.c.o
#9 86.74 [  0%] Building C object src/sm/gtp_sm/CMakeFiles/gtp_sm.dir/__/sm_proc_data.c.o
#9 86.78 [  0%] Building C object src/sm/gtp_sm/CMakeFiles/gtp_sm.dir/gtp_sm_ric.c.o
#9 86.79 [  0%] Building C object src/sm/gtp_sm/CMakeFiles/gtp_sm.dir/__/__/util/byte_array.c.o
#9 86.82 [  0%] Building C object src/sm/gtp_sm/CMakeFiles/gtp_sm.dir/__/__/util/alg_ds/alg/defer.c.o
#9 86.85 [  0%] Building C object src/sm/gtp_sm/CMakeFiles/gtp_sm.dir/__/__/util/alg_ds/alg/eq_float.c.o
#9 86.86 [100%] Building C object src/sm/gtp_sm/CMakeFiles/gtp_sm.dir/__/__/util/alg_ds/ds/seq_container/seq_arr.c.o
#9 86.89 [100%] Building C object src/sm/gtp_sm/CMakeFiles/gtp_sm.dir/__/__/util/alg_ds/ds/seq_container/seq_ring.c.o
#9 86.91 [100%] Building C object src/sm/gtp_sm/CMakeFiles/gtp_sm.dir/__/__/util/alg_ds/ds/assoc_container/assoc_rb_tree.c.o
#9 86.95 [100%] Building C object src/sm/gtp_sm/CMakeFiles/gtp_sm.dir/__/__/util/alg_ds/ds/assoc_container/bimap.c.o
#9 86.96 [100%] Building C object src/sm/gtp_sm/CMakeFiles/gtp_sm.dir/ie/gtp_data_ie.c.o
#9 87.00 [100%] Building C object src/sm/gtp_sm/CMakeFiles/gtp_sm.dir/enc/gtp_enc_plain.c.o
#9 87.02 [100%] Building C object src/sm/gtp_sm/CMakeFiles/gtp_sm.dir/dec/gtp_dec_plain.c.o
#9 87.07 [100%] Linking C shared library libgtp_sm.so
#9 87.10 /usr/bin/ld: warning: CMakeFiles/gtp_sm.dir/gtp_sm_agent.c.o: requires executable stack (because the .note.GNU-stack section is executable)
#9 87.11 [100%] Built target gtp_sm
#9 87.17 [  0%] Built target e2ap_ran_func_obj
#9 87.17 [  0%] Built target e2_conv_obj
#9 87.19 [  0%] Building C object src/lib/3gpp/enc/CMakeFiles/3gpp_derived_ie_enc_asn_obj_kpm.dir/enc_enb.c.o
#9 87.19 [  0%] Building C object src/lib/3gpp/dec/CMakeFiles/3gpp_derived_ie_dec_asn_obj_kpm.dir/dec_enb.c.o
#9 87.23 [  0%] Building C object src/lib/3gpp/dec/CMakeFiles/3gpp_derived_ie_dec_asn_obj_kpm.dir/dec_en_gnb.c.o
#9 87.25 [  0%] Building C object src/lib/3gpp/enc/CMakeFiles/3gpp_derived_ie_enc_asn_obj_kpm.dir/enc_en_gnb.c.o
#9 87.27 [  0%] Building C object src/lib/3gpp/dec/CMakeFiles/3gpp_derived_ie_dec_asn_obj_kpm.dir/dec_global_enb_id.c.o
#9 87.29 [  0%] Building C object src/lib/3gpp/enc/CMakeFiles/3gpp_derived_ie_enc_asn_obj_kpm.dir/enc_global_enb_id.c.o
#9 87.32 [  0%] Building C object src/lib/3gpp/dec/CMakeFiles/3gpp_derived_ie_dec_asn_obj_kpm.dir/dec_global_gnb_id.c.o
#9 87.33 [  0%] Building C object src/lib/3gpp/enc/CMakeFiles/3gpp_derived_ie_enc_asn_obj_kpm.dir/enc_global_gnb_id.c.o
#9 87.37 [  0%] Building C object src/lib/3gpp/dec/CMakeFiles/3gpp_derived_ie_dec_asn_obj_kpm.dir/dec_global_ng_enb.c.o
#9 87.38 [  0%] Building C object src/lib/3gpp/enc/CMakeFiles/3gpp_derived_ie_enc_asn_obj_kpm.dir/enc_global_ng_enb.c.o
#9 87.41 [  0%] Building C object src/lib/3gpp/dec/CMakeFiles/3gpp_derived_ie_dec_asn_obj_kpm.dir/dec_global_ng_ran.c.o
#9 87.43 [  0%] Building C object src/lib/3gpp/enc/CMakeFiles/3gpp_derived_ie_enc_asn_obj_kpm.dir/enc_global_ng_ran.c.o
#9 87.46 [  0%] Building C object src/lib/3gpp/dec/CMakeFiles/3gpp_derived_ie_dec_asn_obj_kpm.dir/dec_gnb.c.o
#9 87.47 [  0%] Building C object src/lib/3gpp/enc/CMakeFiles/3gpp_derived_ie_enc_asn_obj_kpm.dir/enc_gnb.c.o
#9 87.52 [  0%] Building C object src/lib/3gpp/enc/CMakeFiles/3gpp_derived_ie_enc_asn_obj_kpm.dir/enc_gnb_cu_up.c.o
#9 87.52 [  0%] Building C object src/lib/3gpp/dec/CMakeFiles/3gpp_derived_ie_dec_asn_obj_kpm.dir/dec_gnb_cu_up.c.o
#9 87.56 [  0%] Building C object src/lib/3gpp/dec/CMakeFiles/3gpp_derived_ie_dec_asn_obj_kpm.dir/dec_gnb_du.c.o
#9 87.56 [  0%] Building C object src/lib/3gpp/enc/CMakeFiles/3gpp_derived_ie_enc_asn_obj_kpm.dir/enc_gnb_du.c.o
#9 87.60 [  0%] Building C object src/lib/3gpp/enc/CMakeFiles/3gpp_derived_ie_enc_asn_obj_kpm.dir/enc_ng_enb.c.o
#9 87.60 [  0%] Building C object src/lib/3gpp/dec/CMakeFiles/3gpp_derived_ie_dec_asn_obj_kpm.dir/dec_ng_enb.c.o
#9 87.65 [  0%] Building C object src/lib/3gpp/dec/CMakeFiles/3gpp_derived_ie_dec_asn_obj_kpm.dir/dec_ng_enb_du.c.o
#9 87.65 [  0%] Building C object src/lib/3gpp/enc/CMakeFiles/3gpp_derived_ie_enc_asn_obj_kpm.dir/enc_ng_enb_du.c.o
#9 87.69 [  0%] Built target 3gpp_derived_ie_enc_asn_obj_kpm
#9 87.69 [  0%] Built target 3gpp_derived_ie_dec_asn_obj_kpm
#9 87.71 [  0%] Built target 3gpp_derived_ie_obj
#9 87.71 [  0%] Building C object src/lib/sm/dec/CMakeFiles/sm_common_dec_asn_obj_kpm.dir/dec_cell_global_id.c.o
#9 87.74 [  0%] Building C object src/lib/sm/enc/CMakeFiles/sm_common_enc_asn_obj_kpm.dir/enc_cell_global_id.c.o
#9 87.76 [  0%] Building C object src/lib/sm/dec/CMakeFiles/sm_common_dec_asn_obj_kpm.dir/dec_ran_func_name.c.o
#9 87.79 [  0%] Building C object src/lib/sm/enc/CMakeFiles/sm_common_enc_asn_obj_kpm.dir/enc_ue_id.c.o
#9 87.80 [  0%] Building C object src/lib/sm/dec/CMakeFiles/sm_common_dec_asn_obj_kpm.dir/dec_ue_id.c.o
#9 87.84 [  0%] Building C object src/lib/sm/enc/CMakeFiles/sm_common_enc_asn_obj_kpm.dir/enc_ran_function_name.c.o
#9 87.85 [  0%] Built target sm_common_dec_asn_obj_kpm
#9 87.87 [  0%] Built target sm_common_ie_obj
#9 87.88 [  0%] Built target sm_common_enc_asn_obj_kpm
#9 87.90 [  0%] Building C object src/sm/kpm_sm/kpm_sm_v03.00/ie/asn/CMakeFiles/e2sm_kpm_asn1_obj.dir/AMFPointer.c.o
#9 87.91 [  0%] Built target kpm_ric_info_common_obj
#9 87.94 [ 12%] Built target kpm_ric_info_obj
#9 87.95 [ 12%] Building C object src/sm/kpm_sm/kpm_sm_v03.00/ie/asn/CMakeFiles/e2sm_kpm_asn1_obj.dir/AMFRegionID.c.o
#9 87.95 [ 12%] Building C object src/sm/kpm_sm/kpm_sm_v03.00/ie/asn/CMakeFiles/e2sm_kpm_asn1_obj.dir/AMFSetID.c.o
#9 87.99 [ 12%] Building C object src/sm/kpm_sm/kpm_sm_v03.00/ie/asn/CMakeFiles/e2sm_kpm_asn1_obj.dir/ANY_aper.c.o
#9 87.99 [ 12%] Building C object src/sm/kpm_sm/kpm_sm_v03.00/ie/asn/CMakeFiles/e2sm_kpm_asn1_obj.dir/AMF-UE-NGAP-ID.c.o
#9 88.04 [ 12%] Building C object src/sm/kpm_sm/kpm_sm_v03.00/ie/asn/CMakeFiles/e2sm_kpm_asn1_obj.dir/ANY.c.o
#9 88.05 [ 12%] Building C object src/sm/kpm_sm/kpm_sm_v03.00/ie/asn/CMakeFiles/e2sm_kpm_asn1_obj.dir/ANY_xer.c.o
#9 88.08 [ 12%] Building C object src/sm/kpm_sm/kpm_sm_v03.00/ie/asn/CMakeFiles/e2sm_kpm_asn1_obj.dir/aper_decoder.c.o
#9 88.09 [ 12%] Building C object src/sm/kpm_sm/kpm_sm_v03.00/ie/asn/CMakeFiles/e2sm_kpm_asn1_obj.dir/aper_encoder.c.o
#9 88.12 [ 12%] Building C object src/sm/kpm_sm/kpm_sm_v03.00/ie/asn/CMakeFiles/e2sm_kpm_asn1_obj.dir/aper_opentype.c.o
#9 88.14 [ 12%] Building C object src/sm/kpm_sm/kpm_sm_v03.00/ie/asn/CMakeFiles/e2sm_kpm_asn1_obj.dir/aper_support.c.o
#9 88.17 [ 12%] Building C object src/sm/kpm_sm/kpm_sm_v03.00/ie/asn/CMakeFiles/e2sm_kpm_asn1_obj.dir/asn_application.c.o
#9 88.20 [ 12%] Building C object src/sm/kpm_sm/kpm_sm_v03.00/ie/asn/CMakeFiles/e2sm_kpm_asn1_obj.dir/asn_bit_data.c.o
#9 88.22 [ 12%] Building C object src/sm/kpm_sm/kpm_sm_v03.00/ie/asn/CMakeFiles/e2sm_kpm_asn1_obj.dir/asn_codecs_prim.c.o
#9 88.26 [ 12%] Building C object src/sm/kpm_sm/kpm_sm_v03.00/ie/asn/CMakeFiles/e2sm_kpm_asn1_obj.dir/asn_codecs_prim_xer.c.o
#9 88.26 [ 12%] Building C object src/sm/kpm_sm/kpm_sm_v03.00/ie/asn/CMakeFiles/e2sm_kpm_asn1_obj.dir/asn_internal.c.o
#9 88.30 [ 12%] Building C object src/sm/kpm_sm/kpm_sm_v03.00/ie/asn/CMakeFiles/e2sm_kpm_asn1_obj.dir/asn_random_fill.c.o
#9 88.31 [ 12%] Building C object src/sm/kpm_sm/kpm_sm_v03.00/ie/asn/CMakeFiles/e2sm_kpm_asn1_obj.dir/asn_SEQUENCE_OF.c.o
#9 88.34 [ 12%] Building C object src/sm/kpm_sm/kpm_sm_v03.00/ie/asn/CMakeFiles/e2sm_kpm_asn1_obj.dir/asn_SET_OF.c.o
#9 88.35 [ 12%] Building C object src/sm/kpm_sm/kpm_sm_v03.00/ie/asn/CMakeFiles/e2sm_kpm_asn1_obj.dir/ber_tlv_length.c.o
#9 88.38 [ 12%] Building C object src/sm/kpm_sm/kpm_sm_v03.00/ie/asn/CMakeFiles/e2sm_kpm_asn1_obj.dir/ber_tlv_tag.c.o
#9 88.38 [ 12%] Building C object src/sm/kpm_sm/kpm_sm_v03.00/ie/asn/CMakeFiles/e2sm_kpm_asn1_obj.dir/BinIndex.c.o
#9 88.43 [ 12%] Building C object src/sm/kpm_sm/kpm_sm_v03.00/ie/asn/CMakeFiles/e2sm_kpm_asn1_obj.dir/BinRangeDefinition.c.o
#9 88.43 [ 12%] Building C object src/sm/kpm_sm/kpm_sm_v03.00/ie/asn/CMakeFiles/e2sm_kpm_asn1_obj.dir/BinRangeItem.c.o
#9 88.47 [ 12%] Building C object src/sm/kpm_sm/kpm_sm_v03.00/ie/asn/CMakeFiles/e2sm_kpm_asn1_obj.dir/BinRangeList.c.o
#9 88.48 [ 12%] Building C object src/sm/kpm_sm/kpm_sm_v03.00/ie/asn/CMakeFiles/e2sm_kpm_asn1_obj.dir/BinRangeValue.c.o
#9 88.52 [ 12%] Building C object src/sm/kpm_sm/kpm_sm_v03.00/ie/asn/CMakeFiles/e2sm_kpm_asn1_obj.dir/BIT_STRING.c.o
#9 88.52 [ 12%] Building C object src/sm/kpm_sm/kpm_sm_v03.00/ie/asn/CMakeFiles/e2sm_kpm_asn1_obj.dir/BIT_STRING_print.c.o
#9 88.56 [ 12%] Building C object src/sm/kpm_sm/kpm_sm_v03.00/ie/asn/CMakeFiles/e2sm_kpm_asn1_obj.dir/BIT_STRING_rfill.c.o
#9 88.57 [ 12%] Building C object src/sm/kpm_sm/kpm_sm_v03.00/ie/asn/CMakeFiles/e2sm_kpm_asn1_obj.dir/BIT_STRING_xer.c.o
#9 88.61 [ 12%] Building C object src/sm/kpm_sm/kpm_sm_v03.00/ie/asn/CMakeFiles/e2sm_kpm_asn1_obj.dir/BOOLEAN_aper.c.o
#9 88.61 [ 12%] Building C object src/sm/kpm_sm/kpm_sm_v03.00/ie/asn/CMakeFiles/e2sm_kpm_asn1_obj.dir/BOOLEAN.c.o
#9 88.65 [ 12%] Building C object src/sm/kpm_sm/kpm_sm_v03.00/ie/asn/CMakeFiles/e2sm_kpm_asn1_obj.dir/BOOLEAN_print.c.o
#9 88.65 [ 12%] Building C object src/sm/kpm_sm/kpm_sm_v03.00/ie/asn/CMakeFiles/e2sm_kpm_asn1_obj.dir/BOOLEAN_rfill.c.o
#9 88.69 [ 25%] Building C object src/sm/kpm_sm/kpm_sm_v03.00/ie/asn/CMakeFiles/e2sm_kpm_asn1_obj.dir/BOOLEAN_xer.c.o
#9 88.69 [ 25%] Building C object src/sm/kpm_sm/kpm_sm_v03.00/ie/asn/CMakeFiles/e2sm_kpm_asn1_obj.dir/CGI.c.o
#9 88.73 [ 25%] Building C object src/sm/kpm_sm/kpm_sm_v03.00/ie/asn/CMakeFiles/e2sm_kpm_asn1_obj.dir/constraints.c.o
#9 88.74 [ 25%] Building C object src/sm/kpm_sm/kpm_sm_v03.00/ie/asn/CMakeFiles/e2sm_kpm_asn1_obj.dir/constr_CHOICE_aper.c.o
#9 88.78 [ 25%] Building C object src/sm/kpm_sm/kpm_sm_v03.00/ie/asn/CMakeFiles/e2sm_kpm_asn1_obj.dir/constr_CHOICE_print.c.o
#9 88.78 [ 25%] Building C object src/sm/kpm_sm/kpm_sm_v03.00/ie/asn/CMakeFiles/e2sm_kpm_asn1_obj.dir/constr_CHOICE.c.o
#9 88.81 [ 25%] Building C object src/sm/kpm_sm/kpm_sm_v03.00/ie/asn/CMakeFiles/e2sm_kpm_asn1_obj.dir/constr_CHOICE_rfill.c.o
#9 88.84 [ 25%] Building C object src/sm/kpm_sm/kpm_sm_v03.00/ie/asn/CMakeFiles/e2sm_kpm_asn1_obj.dir/constr_CHOICE_xer.c.o
#9 88.85 [ 25%] Building C object src/sm/kpm_sm/kpm_sm_v03.00/ie/asn/CMakeFiles/e2sm_kpm_asn1_obj.dir/constr_SEQUENCE_aper.c.o
#9 88.88 [ 25%] Building C object src/sm/kpm_sm/kpm_sm_v03.00/ie/asn/CMakeFiles/e2sm_kpm_asn1_obj.dir/constr_SEQUENCE.c.o
#9 88.91 [ 25%] Building C object src/sm/kpm_sm/kpm_sm_v03.00/ie/asn/CMakeFiles/e2sm_kpm_asn1_obj.dir/constr_SEQUENCE_OF_aper.c.o
#9 88.93 [ 25%] Building C object src/sm/kpm_sm/kpm_sm_v03.00/ie/asn/CMakeFiles/e2sm_kpm_asn1_obj.dir/constr_SEQUENCE_OF.c.o
#9 88.96 [ 25%] Building C object src/sm/kpm_sm/kpm_sm_v03.00/ie/asn/CMakeFiles/e2sm_kpm_asn1_obj.dir/constr_SEQUENCE_OF_xer.c.o
#9 88.97 [ 25%] Building C object src/sm/kpm_sm/kpm_sm_v03.00/ie/asn/CMakeFiles/e2sm_kpm_asn1_obj.dir/constr_SEQUENCE_print.c.o
#9 89.01 [ 25%] Building C object src/sm/kpm_sm/kpm_sm_v03.00/ie/asn/CMakeFiles/e2sm_kpm_asn1_obj.dir/constr_SEQUENCE_rfill.c.o
#9 89.01 [ 25%] Building C object src/sm/kpm_sm/kpm_sm_v03.00/ie/asn/CMakeFiles/e2sm_kpm_asn1_obj.dir/constr_SEQUENCE_xer.c.o
#9 89.05 [ 25%] Building C object src/sm/kpm_sm/kpm_sm_v03.00/ie/asn/CMakeFiles/e2sm_kpm_asn1_obj.dir/constr_SET_OF_aper.c.o
#9 89.07 [ 25%] Building C object src/sm/kpm_sm/kpm_sm_v03.00/ie/asn/CMakeFiles/e2sm_kpm_asn1_obj.dir/constr_SET_OF.c.o
#9 89.11 [ 25%] Building C object src/sm/kpm_sm/kpm_sm_v03.00/ie/asn/CMakeFiles/e2sm_kpm_asn1_obj.dir/constr_SET_OF_print.c.o
#9 89.13 [ 25%] Building C object src/sm/kpm_sm/kpm_sm_v03.00/ie/asn/CMakeFiles/e2sm_kpm_asn1_obj.dir/constr_SET_OF_rfill.c.o
#9 89.15 [ 25%] Building C object src/sm/kpm_sm/kpm_sm_v03.00/ie/asn/CMakeFiles/e2sm_kpm_asn1_obj.dir/constr_SET_OF_xer.c.o
#9 89.17 [ 25%] Building C object src/sm/kpm_sm/kpm_sm_v03.00/ie/asn/CMakeFiles/e2sm_kpm_asn1_obj.dir/constr_TYPE.c.o
#9 89.20 [ 25%] Building C object src/sm/kpm_sm/kpm_sm_v03.00/ie/asn/CMakeFiles/e2sm_kpm_asn1_obj.dir/CoreCPID.c.o
#9 89.22 [ 25%] Building C object src/sm/kpm_sm/kpm_sm_v03.00/ie/asn/CMakeFiles/e2sm_kpm_asn1_obj.dir/DistMeasurementBinRangeItem.c.o
#9 89.24 [ 25%] Building C object src/sm/kpm_sm/kpm_sm_v03.00/ie/asn/CMakeFiles/e2sm_kpm_asn1_obj.dir/DistMeasurementBinRangeList.c.o
#9 89.26 [ 25%] Building C object src/sm/kpm_sm/kpm_sm_v03.00/ie/asn/CMakeFiles/e2sm_kpm_asn1_obj.dir/E2SM-KPM-ActionDefinition.c.o
#9 89.29 [ 25%] Building C object src/sm/kpm_sm/kpm_sm_v03.00/ie/asn/CMakeFiles/e2sm_kpm_asn1_obj.dir/E2SM-KPM-ActionDefinition-Format1.c.o
#9 89.29 [ 25%] Building C object src/sm/kpm_sm/kpm_sm_v03.00/ie/asn/CMakeFiles/e2sm_kpm_asn1_obj.dir/E2SM-KPM-ActionDefinition-Format2.c.o
#9 89.33 [ 25%] Building C object src/sm/kpm_sm/kpm_sm_v03.00/ie/asn/CMakeFiles/e2sm_kpm_asn1_obj.dir/E2SM-KPM-ActionDefinition-Format3.c.o
#9 89.33 [ 25%] Building C object src/sm/kpm_sm/kpm_sm_v03.00/ie/asn/CMakeFiles/e2sm_kpm_asn1_obj.dir/E2SM-KPM-ActionDefinition-Format4.c.o
#9 89.37 [ 25%] Building C object src/sm/kpm_sm/kpm_sm_v03.00/ie/asn/CMakeFiles/e2sm_kpm_asn1_obj.dir/E2SM-KPM-ActionDefinition-Format5.c.o
#9 89.37 [ 25%] Building C object src/sm/kpm_sm/kpm_sm_v03.00/ie/asn/CMakeFiles/e2sm_kpm_asn1_obj.dir/E2SM-KPM-EventTriggerDefinition.c.o
#9 89.41 [ 25%] Building C object src/sm/kpm_sm/kpm_sm_v03.00/ie/asn/CMakeFiles/e2sm_kpm_asn1_obj.dir/E2SM-KPM-EventTriggerDefinition-Format1.c.o
#9 89.41 [ 25%] Building C object src/sm/kpm_sm/kpm_sm_v03.00/ie/asn/CMakeFiles/e2sm_kpm_asn1_obj.dir/E2SM-KPM-IndicationHeader.c.o
#9 89.45 [ 25%] Building C object src/sm/kpm_sm/kpm_sm_v03.00/ie/asn/CMakeFiles/e2sm_kpm_asn1_obj.dir/E2SM-KPM-IndicationHeader-Format1.c.o
#9 89.45 [ 25%] Building C object src/sm/kpm_sm/kpm_sm_v03.00/ie/asn/CMakeFiles/e2sm_kpm_asn1_obj.dir/E2SM-KPM-IndicationMessage.c.o
#9 89.49 [ 25%] Building C object src/sm/kpm_sm/kpm_sm_v03.00/ie/asn/CMakeFiles/e2sm_kpm_asn1_obj.dir/E2SM-KPM-IndicationMessage-Format1.c.o
#9 89.50 [ 25%] Building C object src/sm/kpm_sm/kpm_sm_v03.00/ie/asn/CMakeFiles/e2sm_kpm_asn1_obj.dir/E2SM-KPM-IndicationMessage-Format2.c.o
#9 89.54 [ 25%] Building C object src/sm/kpm_sm/kpm_sm_v03.00/ie/asn/CMakeFiles/e2sm_kpm_asn1_obj.dir/E2SM-KPM-IndicationMessage-Format3.c.o
#9 89.54 [ 37%] Building C object src/sm/kpm_sm/kpm_sm_v03.00/ie/asn/CMakeFiles/e2sm_kpm_asn1_obj.dir/E2SM-KPM-RANfunction-Description.c.o
#9 89.58 [ 37%] Building C object src/sm/kpm_sm/kpm_sm_v03.00/ie/asn/CMakeFiles/e2sm_kpm_asn1_obj.dir/ENB-ID.c.o
#9 89.59 [ 37%] Building C object src/sm/kpm_sm/kpm_sm_v03.00/ie/asn/CMakeFiles/e2sm_kpm_asn1_obj.dir/ENB-UE-X2AP-ID.c.o
#9 89.62 [ 37%] Building C object src/sm/kpm_sm/kpm_sm_v03.00/ie/asn/CMakeFiles/e2sm_kpm_asn1_obj.dir/ENB-UE-X2AP-ID-Extension.c.o
#9 89.62 [ 37%] Building C object src/sm/kpm_sm/kpm_sm_v03.00/ie/asn/CMakeFiles/e2sm_kpm_asn1_obj.dir/EN-GNB-ID.c.o
#9 89.65 [ 37%] Building C object src/sm/kpm_sm/kpm_sm_v03.00/ie/asn/CMakeFiles/e2sm_kpm_asn1_obj.dir/ENUMERATED_aper.c.o
#9 89.67 [ 37%] Building C object src/sm/kpm_sm/kpm_sm_v03.00/ie/asn/CMakeFiles/e2sm_kpm_asn1_obj.dir/ENUMERATED.c.o
#9 89.70 [ 37%] Building C object src/sm/kpm_sm/kpm_sm_v03.00/ie/asn/CMakeFiles/e2sm_kpm_asn1_obj.dir/EUTRACellIdentity.c.o
#9 89.70 [ 37%] Building C object src/sm/kpm_sm/kpm_sm_v03.00/ie/asn/CMakeFiles/e2sm_kpm_asn1_obj.dir/E-UTRA-ARFCN.c.o
#9 89.73 [ 37%] Building C object src/sm/kpm_sm/kpm_sm_v03.00/ie/asn/CMakeFiles/e2sm_kpm_asn1_obj.dir/EUTRA-CGI.c.o
#9 89.74 [ 37%] Building C object src/sm/kpm_sm/kpm_sm_v03.00/ie/asn/CMakeFiles/e2sm_kpm_asn1_obj.dir/E-UTRA-PCI.c.o
#9 89.78 [ 37%] Building C object src/sm/kpm_sm/kpm_sm_v03.00/ie/asn/CMakeFiles/e2sm_kpm_asn1_obj.dir/E-UTRA-TAC.c.o
#9 89.78 [ 37%] Building C object src/sm/kpm_sm/kpm_sm_v03.00/ie/asn/CMakeFiles/e2sm_kpm_asn1_obj.dir/EXTERNAL.c.o
#9 89.82 [ 37%] Building C object src/sm/kpm_sm/kpm_sm_v03.00/ie/asn/CMakeFiles/e2sm_kpm_asn1_obj.dir/FiveGS-TAC.c.o
#9 89.83 [ 37%] Building C object src/sm/kpm_sm/kpm_sm_v03.00/ie/asn/CMakeFiles/e2sm_kpm_asn1_obj.dir/FiveQI.c.o
#9 89.86 [ 37%] Building C object src/sm/kpm_sm/kpm_sm_v03.00/ie/asn/CMakeFiles/e2sm_kpm_asn1_obj.dir/FreqBandNrItem.c.o
#9 89.87 [ 37%] Building C object src/sm/kpm_sm/kpm_sm_v03.00/ie/asn/CMakeFiles/e2sm_kpm_asn1_obj.dir/GlobalENB-ID.c.o
#9 89.91 [ 37%] Building C object src/sm/kpm_sm/kpm_sm_v03.00/ie/asn/CMakeFiles/e2sm_kpm_asn1_obj.dir/GlobalenGNB-ID.c.o
#9 89.91 [ 37%] Building C object src/sm/kpm_sm/kpm_sm_v03.00/ie/asn/CMakeFiles/e2sm_kpm_asn1_obj.dir/GlobalGNB-ID.c.o
#9 89.95 [ 37%] Building C object src/sm/kpm_sm/kpm_sm_v03.00/ie/asn/CMakeFiles/e2sm_kpm_asn1_obj.dir/GlobalNgENB-ID.c.o
#9 89.95 [ 37%] Building C object src/sm/kpm_sm/kpm_sm_v03.00/ie/asn/CMakeFiles/e2sm_kpm_asn1_obj.dir/GlobalNGRANNodeID.c.o
#9 89.99 [ 37%] Building C object src/sm/kpm_sm/kpm_sm_v03.00/ie/asn/CMakeFiles/e2sm_kpm_asn1_obj.dir/GNB-CU-CP-UE-E1AP-ID.c.o
#9 89.99 [ 37%] Building C object src/sm/kpm_sm/kpm_sm_v03.00/ie/asn/CMakeFiles/e2sm_kpm_asn1_obj.dir/GNB-CU-UE-F1AP-ID.c.o
#9 90.03 [ 37%] Building C object src/sm/kpm_sm/kpm_sm_v03.00/ie/asn/CMakeFiles/e2sm_kpm_asn1_obj.dir/GNB-CU-UP-ID.c.o
#9 90.03 [ 37%] Building C object src/sm/kpm_sm/kpm_sm_v03.00/ie/asn/CMakeFiles/e2sm_kpm_asn1_obj.dir/GNB-DU-ID.c.o
#9 90.07 [ 37%] Building C object src/sm/kpm_sm/kpm_sm_v03.00/ie/asn/CMakeFiles/e2sm_kpm_asn1_obj.dir/GNB-ID.c.o
#9 90.08 [ 37%] Building C object src/sm/kpm_sm/kpm_sm_v03.00/ie/asn/CMakeFiles/e2sm_kpm_asn1_obj.dir/GranularityPeriod.c.o
#9 90.12 [ 37%] Building C object src/sm/kpm_sm/kpm_sm_v03.00/ie/asn/CMakeFiles/e2sm_kpm_asn1_obj.dir/GraphicString.c.o
#9 90.12 [ 37%] Building C object src/sm/kpm_sm/kpm_sm_v03.00/ie/asn/CMakeFiles/e2sm_kpm_asn1_obj.dir/GroupID.c.o
#9 90.15 [ 37%] Building C object src/sm/kpm_sm/kpm_sm_v03.00/ie/asn/CMakeFiles/e2sm_kpm_asn1_obj.dir/GUAMI.c.o
#9 90.16 [ 37%] Building C object src/sm/kpm_sm/kpm_sm_v03.00/ie/asn/CMakeFiles/e2sm_kpm_asn1_obj.dir/GUMMEI.c.o
#9 90.19 [ 37%] Building C object src/sm/kpm_sm/kpm_sm_v03.00/ie/asn/CMakeFiles/e2sm_kpm_asn1_obj.dir/IndexToRFSP.c.o
#9 90.20 [ 37%] Building C object src/sm/kpm_sm/kpm_sm_v03.00/ie/asn/CMakeFiles/e2sm_kpm_asn1_obj.dir/INTEGER_aper.c.o
#9 90.23 [ 37%] Building C object src/sm/kpm_sm/kpm_sm_v03.00/ie/asn/CMakeFiles/e2sm_kpm_asn1_obj.dir/INTEGER.c.o
#9 90.26 [ 37%] Building C object src/sm/kpm_sm/kpm_sm_v03.00/ie/asn/CMakeFiles/e2sm_kpm_asn1_obj.dir/INTEGER_print.c.o
#9 90.28 [ 37%] Building C object src/sm/kpm_sm/kpm_sm_v03.00/ie/asn/CMakeFiles/e2sm_kpm_asn1_obj.dir/INTEGER_rfill.c.o
#9 90.30 [ 37%] Building C object src/sm/kpm_sm/kpm_sm_v03.00/ie/asn/CMakeFiles/e2sm_kpm_asn1_obj.dir/INTEGER_xer.c.o
#9 90.33 [ 37%] Building C object src/sm/kpm_sm/kpm_sm_v03.00/ie/asn/CMakeFiles/e2sm_kpm_asn1_obj.dir/InterfaceID-E1.c.o
#9 90.35 [ 50%] Building C object src/sm/kpm_sm/kpm_sm_v03.00/ie/asn/CMakeFiles/e2sm_kpm_asn1_obj.dir/InterfaceIdentifier.c.o
#9 90.38 [ 50%] Building C object src/sm/kpm_sm/kpm_sm_v03.00/ie/asn/CMakeFiles/e2sm_kpm_asn1_obj.dir/InterfaceID-F1.c.o
#9 90.39 [ 50%] Building C object src/sm/kpm_sm/kpm_sm_v03.00/ie/asn/CMakeFiles/e2sm_kpm_asn1_obj.dir/InterfaceID-NG.c.o
#9 90.41 [ 50%] Building C object src/sm/kpm_sm/kpm_sm_v03.00/ie/asn/CMakeFiles/e2sm_kpm_asn1_obj.dir/InterfaceID-S1.c.o
#9 90.42 [ 50%] Building C object src/sm/kpm_sm/kpm_sm_v03.00/ie/asn/CMakeFiles/e2sm_kpm_asn1_obj.dir/InterfaceID-W1.c.o
#9 90.45 [ 50%] Building C object src/sm/kpm_sm/kpm_sm_v03.00/ie/asn/CMakeFiles/e2sm_kpm_asn1_obj.dir/InterfaceID-X2.c.o
#9 90.46 [ 50%] Building C object src/sm/kpm_sm/kpm_sm_v03.00/ie/asn/CMakeFiles/e2sm_kpm_asn1_obj.dir/InterfaceID-Xn.c.o
#9 90.49 [ 50%] Building C object src/sm/kpm_sm/kpm_sm_v03.00/ie/asn/CMakeFiles/e2sm_kpm_asn1_obj.dir/Interface-MessageID.c.o
#9 90.50 [ 50%] Building C object src/sm/kpm_sm/kpm_sm_v03.00/ie/asn/CMakeFiles/e2sm_kpm_asn1_obj.dir/InterfaceType.c.o
#9 90.53 [ 50%] Building C object src/sm/kpm_sm/kpm_sm_v03.00/ie/asn/CMakeFiles/e2sm_kpm_asn1_obj.dir/LabelInfoItem.c.o
#9 90.54 [ 50%] Building C object src/sm/kpm_sm/kpm_sm_v03.00/ie/asn/CMakeFiles/e2sm_kpm_asn1_obj.dir/LabelInfoList.c.o
#9 90.57 [ 50%] Building C object src/sm/kpm_sm/kpm_sm_v03.00/ie/asn/CMakeFiles/e2sm_kpm_asn1_obj.dir/LogicalOR.c.o
#9 90.57 [ 50%] Building C object src/sm/kpm_sm/kpm_sm_v03.00/ie/asn/CMakeFiles/e2sm_kpm_asn1_obj.dir/MatchingCondItem.c.o
#9 90.61 [ 50%] Building C object src/sm/kpm_sm/kpm_sm_v03.00/ie/asn/CMakeFiles/e2sm_kpm_asn1_obj.dir/MatchingCondItem-Choice.c.o
#9 90.61 [ 50%] Building C object src/sm/kpm_sm/kpm_sm_v03.00/ie/asn/CMakeFiles/e2sm_kpm_asn1_obj.dir/MatchingCondList.c.o
#9 90.65 [ 50%] Building C object src/sm/kpm_sm/kpm_sm_v03.00/ie/asn/CMakeFiles/e2sm_kpm_asn1_obj.dir/MatchingUeCondPerSubItem.c.o
#9 90.65 [ 50%] Building C object src/sm/kpm_sm/kpm_sm_v03.00/ie/asn/CMakeFiles/e2sm_kpm_asn1_obj.dir/MatchingUeCondPerSubList.c.o
#9 90.69 [ 50%] Building C object src/sm/kpm_sm/kpm_sm_v03.00/ie/asn/CMakeFiles/e2sm_kpm_asn1_obj.dir/MatchingUEidItem.c.o
#9 90.69 [ 50%] Building C object src/sm/kpm_sm/kpm_sm_v03.00/ie/asn/CMakeFiles/e2sm_kpm_asn1_obj.dir/MatchingUEidItem-PerGP.c.o
#9 90.74 [ 50%] Building C object src/sm/kpm_sm/kpm_sm_v03.00/ie/asn/CMakeFiles/e2sm_kpm_asn1_obj.dir/MatchingUEidList.c.o
#9 90.74 [ 50%] Building C object src/sm/kpm_sm/kpm_sm_v03.00/ie/asn/CMakeFiles/e2sm_kpm_asn1_obj.dir/MatchingUEidList-PerGP.c.o
#9 90.77 [ 50%] Building C object src/sm/kpm_sm/kpm_sm_v03.00/ie/asn/CMakeFiles/e2sm_kpm_asn1_obj.dir/MatchingUEidPerGP.c.o
#9 90.78 [ 50%] Building C object src/sm/kpm_sm/kpm_sm_v03.00/ie/asn/CMakeFiles/e2sm_kpm_asn1_obj.dir/MatchingUEidPerGP-Item.c.o
#9 90.80 [ 50%] Building C object src/sm/kpm_sm/kpm_sm_v03.00/ie/asn/CMakeFiles/e2sm_kpm_asn1_obj.dir/MatchingUEidPerSubItem.c.o
#9 90.82 [ 50%] Building C object src/sm/kpm_sm/kpm_sm_v03.00/ie/asn/CMakeFiles/e2sm_kpm_asn1_obj.dir/MatchingUEidPerSubList.c.o
#9 90.84 [ 50%] Building C object src/sm/kpm_sm/kpm_sm_v03.00/ie/asn/CMakeFiles/e2sm_kpm_asn1_obj.dir/MeasurementCondItem.c.o
#9 90.85 [ 50%] Building C object src/sm/kpm_sm/kpm_sm_v03.00/ie/asn/CMakeFiles/e2sm_kpm_asn1_obj.dir/MeasurementCondList.c.o
#9 90.88 [ 50%] Building C object src/sm/kpm_sm/kpm_sm_v03.00/ie/asn/CMakeFiles/e2sm_kpm_asn1_obj.dir/MeasurementCondUEidItem.c.o
#9 90.90 [ 50%] Building C object src/sm/kpm_sm/kpm_sm_v03.00/ie/asn/CMakeFiles/e2sm_kpm_asn1_obj.dir/MeasurementCondUEidList.c.o
#9 90.92 [ 50%] Building C object src/sm/kpm_sm/kpm_sm_v03.00/ie/asn/CMakeFiles/e2sm_kpm_asn1_obj.dir/MeasurementData.c.o
#9 90.93 [ 50%] Building C object src/sm/kpm_sm/kpm_sm_v03.00/ie/asn/CMakeFiles/e2sm_kpm_asn1_obj.dir/MeasurementDataItem.c.o
#9 90.96 [ 50%] Building C object src/sm/kpm_sm/kpm_sm_v03.00/ie/asn/CMakeFiles/e2sm_kpm_asn1_obj.dir/MeasurementInfo-Action-Item.c.o
#9 90.96 [ 50%] Building C object src/sm/kpm_sm/kpm_sm_v03.00/ie/asn/CMakeFiles/e2sm_kpm_asn1_obj.dir/MeasurementInfo-Action-List.c.o
#9 91.00 [ 50%] Building C object src/sm/kpm_sm/kpm_sm_v03.00/ie/asn/CMakeFiles/e2sm_kpm_asn1_obj.dir/MeasurementInfoItem.c.o
#9 91.00 [ 50%] Building C object src/sm/kpm_sm/kpm_sm_v03.00/ie/asn/CMakeFiles/e2sm_kpm_asn1_obj.dir/MeasurementInfoList.c.o
#9 91.04 [ 50%] Building C object src/sm/kpm_sm/kpm_sm_v03.00/ie/asn/CMakeFiles/e2sm_kpm_asn1_obj.dir/MeasurementLabel.c.o
#9 91.05 [ 50%] Building C object src/sm/kpm_sm/kpm_sm_v03.00/ie/asn/CMakeFiles/e2sm_kpm_asn1_obj.dir/MeasurementRecord.c.o
#9 91.09 [ 50%] Building C object src/sm/kpm_sm/kpm_sm_v03.00/ie/asn/CMakeFiles/e2sm_kpm_asn1_obj.dir/MeasurementRecordItem.c.o
#9 91.09 [ 50%] Building C object src/sm/kpm_sm/kpm_sm_v03.00/ie/asn/CMakeFiles/e2sm_kpm_asn1_obj.dir/MeasurementType.c.o
#9 91.13 [ 62%] Building C object src/sm/kpm_sm/kpm_sm_v03.00/ie/asn/CMakeFiles/e2sm_kpm_asn1_obj.dir/MeasurementTypeID.c.o
#9 91.14 [ 62%] Building C object src/sm/kpm_sm/kpm_sm_v03.00/ie/asn/CMakeFiles/e2sm_kpm_asn1_obj.dir/MeasurementTypeName.c.o
#9 91.17 [ 62%] Building C object src/sm/kpm_sm/kpm_sm_v03.00/ie/asn/CMakeFiles/e2sm_kpm_asn1_obj.dir/MME-Code.c.o
#9 91.18 [ 62%] Building C object src/sm/kpm_sm/kpm_sm_v03.00/ie/asn/CMakeFiles/e2sm_kpm_asn1_obj.dir/MME-Group-ID.c.o
#9 91.22 [ 62%] Building C object src/sm/kpm_sm/kpm_sm_v03.00/ie/asn/CMakeFiles/e2sm_kpm_asn1_obj.dir/MME-UE-S1AP-ID.c.o
#9 91.23 [ 62%] Building C object src/sm/kpm_sm/kpm_sm_v03.00/ie/asn/CMakeFiles/e2sm_kpm_asn1_obj.dir/NativeEnumerated_aper.c.o
#9 91.25 [ 62%] Building C object src/sm/kpm_sm/kpm_sm_v03.00/ie/asn/CMakeFiles/e2sm_kpm_asn1_obj.dir/NativeEnumerated.c.o
#9 91.28 [ 62%] Building C object src/sm/kpm_sm/kpm_sm_v03.00/ie/asn/CMakeFiles/e2sm_kpm_asn1_obj.dir/NativeEnumerated_xer.c.o
#9 91.29 [ 62%] Building C object src/sm/kpm_sm/kpm_sm_v03.00/ie/asn/CMakeFiles/e2sm_kpm_asn1_obj.dir/NativeInteger_aper.c.o
#9 91.31 [ 62%] Building C object src/sm/kpm_sm/kpm_sm_v03.00/ie/asn/CMakeFiles/e2sm_kpm_asn1_obj.dir/NativeInteger.c.o
#9 91.33 [ 62%] Building C object src/sm/kpm_sm/kpm_sm_v03.00/ie/asn/CMakeFiles/e2sm_kpm_asn1_obj.dir/NativeInteger_print.c.o
#9 91.36 [ 62%] Building C object src/sm/kpm_sm/kpm_sm_v03.00/ie/asn/CMakeFiles/e2sm_kpm_asn1_obj.dir/NativeInteger_rfill.c.o
#9 91.36 [ 62%] Building C object src/sm/kpm_sm/kpm_sm_v03.00/ie/asn/CMakeFiles/e2sm_kpm_asn1_obj.dir/NativeInteger_xer.c.o
#9 91.40 [ 62%] Building C object src/sm/kpm_sm/kpm_sm_v03.00/ie/asn/CMakeFiles/e2sm_kpm_asn1_obj.dir/NativeReal_aper.c.o
#9 91.41 [ 62%] Building C object src/sm/kpm_sm/kpm_sm_v03.00/ie/asn/CMakeFiles/e2sm_kpm_asn1_obj.dir/NativeReal.c.o
#9 91.45 [ 62%] Building C object src/sm/kpm_sm/kpm_sm_v03.00/ie/asn/CMakeFiles/e2sm_kpm_asn1_obj.dir/NativeReal_print.c.o
#9 91.46 [ 62%] Building C object src/sm/kpm_sm/kpm_sm_v03.00/ie/asn/CMakeFiles/e2sm_kpm_asn1_obj.dir/NativeReal_rfill.c.o
#9 91.50 [ 62%] Building C object src/sm/kpm_sm/kpm_sm_v03.00/ie/asn/CMakeFiles/e2sm_kpm_asn1_obj.dir/NativeReal_xer.c.o
#9 91.50 [ 62%] Building C object src/sm/kpm_sm/kpm_sm_v03.00/ie/asn/CMakeFiles/e2sm_kpm_asn1_obj.dir/NGENB-CU-UE-W1AP-ID.c.o
#9 91.55 [ 62%] Building C object src/sm/kpm_sm/kpm_sm_v03.00/ie/asn/CMakeFiles/e2sm_kpm_asn1_obj.dir/NGENB-DU-ID.c.o
#9 91.56 [ 62%] Building C object src/sm/kpm_sm/kpm_sm_v03.00/ie/asn/CMakeFiles/e2sm_kpm_asn1_obj.dir/NgENB-ID.c.o
#9 91.58 [ 62%] Building C object src/sm/kpm_sm/kpm_sm_v03.00/ie/asn/CMakeFiles/e2sm_kpm_asn1_obj.dir/NG-RANnodeUEXnAPID.c.o
#9 91.60 [ 62%] Building C object src/sm/kpm_sm/kpm_sm_v03.00/ie/asn/CMakeFiles/e2sm_kpm_asn1_obj.dir/NR-ARFCN.c.o
#9 91.63 [ 62%] Building C object src/sm/kpm_sm/kpm_sm_v03.00/ie/asn/CMakeFiles/e2sm_kpm_asn1_obj.dir/NRCellIdentity.c.o
#9 91.64 [ 62%] Building C object src/sm/kpm_sm/kpm_sm_v03.00/ie/asn/CMakeFiles/e2sm_kpm_asn1_obj.dir/NR-CGI.c.o
#9 91.66 [ 62%] Building C object src/sm/kpm_sm/kpm_sm_v03.00/ie/asn/CMakeFiles/e2sm_kpm_asn1_obj.dir/NRFrequencyBandItem.c.o
#9 91.68 [ 62%] Building C object src/sm/kpm_sm/kpm_sm_v03.00/ie/asn/CMakeFiles/e2sm_kpm_asn1_obj.dir/NRFrequencyBand-List.c.o
#9 91.70 [ 62%] Building C object src/sm/kpm_sm/kpm_sm_v03.00/ie/asn/CMakeFiles/e2sm_kpm_asn1_obj.dir/NRFrequencyInfo.c.o
#9 91.73 [ 62%] Building C object src/sm/kpm_sm/kpm_sm_v03.00/ie/asn/CMakeFiles/e2sm_kpm_asn1_obj.dir/NRFrequencyShift7p5khz.c.o
#9 91.73 [ 62%] Building C object src/sm/kpm_sm/kpm_sm_v03.00/ie/asn/CMakeFiles/e2sm_kpm_asn1_obj.dir/NR-PCI.c.o
#9 91.77 [ 62%] Building C object src/sm/kpm_sm/kpm_sm_v03.00/ie/asn/CMakeFiles/e2sm_kpm_asn1_obj.dir/NULL_aper.c.o
#9 91.77 [ 62%] Building C object src/sm/kpm_sm/kpm_sm_v03.00/ie/asn/CMakeFiles/e2sm_kpm_asn1_obj.dir/NULL.c.o
#9 91.81 [ 62%] Building C object src/sm/kpm_sm/kpm_sm_v03.00/ie/asn/CMakeFiles/e2sm_kpm_asn1_obj.dir/NULL_print.c.o
#9 91.82 [ 62%] Building C object src/sm/kpm_sm/kpm_sm_v03.00/ie/asn/CMakeFiles/e2sm_kpm_asn1_obj.dir/NULL_rfill.c.o
#9 91.84 [ 62%] Building C object src/sm/kpm_sm/kpm_sm_v03.00/ie/asn/CMakeFiles/e2sm_kpm_asn1_obj.dir/NULL_xer.c.o
#9 91.86 [ 62%] Building C object src/sm/kpm_sm/kpm_sm_v03.00/ie/asn/CMakeFiles/e2sm_kpm_asn1_obj.dir/ObjectDescriptor.c.o
#9 91.89 [ 62%] Building C object src/sm/kpm_sm/kpm_sm_v03.00/ie/asn/CMakeFiles/e2sm_kpm_asn1_obj.dir/OBJECT_IDENTIFIER.c.o
#9 91.90 [ 62%] Building C object src/sm/kpm_sm/kpm_sm_v03.00/ie/asn/CMakeFiles/e2sm_kpm_asn1_obj.dir/OBJECT_IDENTIFIER_print.c.o
#9 91.94 [ 62%] Building C object src/sm/kpm_sm/kpm_sm_v03.00/ie/asn/CMakeFiles/e2sm_kpm_asn1_obj.dir/OBJECT_IDENTIFIER_rfill.c.o
#9 91.94 [ 75%] Building C object src/sm/kpm_sm/kpm_sm_v03.00/ie/asn/CMakeFiles/e2sm_kpm_asn1_obj.dir/OBJECT_IDENTIFIER_xer.c.o
#9 91.98 [ 75%] Building C object src/sm/kpm_sm/kpm_sm_v03.00/ie/asn/CMakeFiles/e2sm_kpm_asn1_obj.dir/OCTET_STRING_aper.c.o
#9 91.99 [ 75%] Building C object src/sm/kpm_sm/kpm_sm_v03.00/ie/asn/CMakeFiles/e2sm_kpm_asn1_obj.dir/OCTET_STRING.c.o
#9 92.04 [ 75%] Building C object src/sm/kpm_sm/kpm_sm_v03.00/ie/asn/CMakeFiles/e2sm_kpm_asn1_obj.dir/OCTET_STRING_print.c.o
#9 92.05 [ 75%] Building C object src/sm/kpm_sm/kpm_sm_v03.00/ie/asn/CMakeFiles/e2sm_kpm_asn1_obj.dir/OCTET_STRING_rfill.c.o
#9 92.09 [ 75%] Building C object src/sm/kpm_sm/kpm_sm_v03.00/ie/asn/CMakeFiles/e2sm_kpm_asn1_obj.dir/OCTET_STRING_xer.c.o
#9 92.09 [ 75%] Building C object src/sm/kpm_sm/kpm_sm_v03.00/ie/asn/CMakeFiles/e2sm_kpm_asn1_obj.dir/OPEN_TYPE_aper.c.o
#9 92.14 [ 75%] Building C object src/sm/kpm_sm/kpm_sm_v03.00/ie/asn/CMakeFiles/e2sm_kpm_asn1_obj.dir/OPEN_TYPE.c.o
#9 92.15 [ 75%] Building C object src/sm/kpm_sm/kpm_sm_v03.00/ie/asn/CMakeFiles/e2sm_kpm_asn1_obj.dir/OPEN_TYPE_xer.c.o
#9 92.18 [ 75%] Building C object src/sm/kpm_sm/kpm_sm_v03.00/ie/asn/CMakeFiles/e2sm_kpm_asn1_obj.dir/per_decoder.c.o
#9 92.20 [ 75%] Building C object src/sm/kpm_sm/kpm_sm_v03.00/ie/asn/CMakeFiles/e2sm_kpm_asn1_obj.dir/per_encoder.c.o
#9 92.21 [ 75%] Building C object src/sm/kpm_sm/kpm_sm_v03.00/ie/asn/CMakeFiles/e2sm_kpm_asn1_obj.dir/per_opentype.c.o
#9 92.24 [ 75%] Building C object src/sm/kpm_sm/kpm_sm_v03.00/ie/asn/CMakeFiles/e2sm_kpm_asn1_obj.dir/per_support.c.o
#9 92.26 [ 75%] Building C object src/sm/kpm_sm/kpm_sm_v03.00/ie/asn/CMakeFiles/e2sm_kpm_asn1_obj.dir/PLMNIdentity.c.o
#9 92.28 [ 75%] Building C object src/sm/kpm_sm/kpm_sm_v03.00/ie/asn/CMakeFiles/e2sm_kpm_asn1_obj.dir/PrintableString.c.o
#9 92.30 [ 75%] Building C object src/sm/kpm_sm/kpm_sm_v03.00/ie/asn/CMakeFiles/e2sm_kpm_asn1_obj.dir/QCI.c.o
#9 92.32 [ 75%] Building C object src/sm/kpm_sm/kpm_sm_v03.00/ie/asn/CMakeFiles/e2sm_kpm_asn1_obj.dir/QosFlowIdentifier.c.o
#9 92.34 [ 75%] Building C object src/sm/kpm_sm/kpm_sm_v03.00/ie/asn/CMakeFiles/e2sm_kpm_asn1_obj.dir/QoSID.c.o
#9 92.36 [ 75%] Building C object src/sm/kpm_sm/kpm_sm_v03.00/ie/asn/CMakeFiles/e2sm_kpm_asn1_obj.dir/RANfunction-Name.c.o
#9 92.39 [ 75%] Building C object src/sm/kpm_sm/kpm_sm_v03.00/ie/asn/CMakeFiles/e2sm_kpm_asn1_obj.dir/RANUEID.c.o
#9 92.42 [ 75%] Building C object src/sm/kpm_sm/kpm_sm_v03.00/ie/asn/CMakeFiles/e2sm_kpm_asn1_obj.dir/REAL_aper.c.o
#9 92.43 [ 75%] Building C object src/sm/kpm_sm/kpm_sm_v03.00/ie/asn/CMakeFiles/e2sm_kpm_asn1_obj.dir/REAL.c.o
#9 92.47 [ 75%] Building C object src/sm/kpm_sm/kpm_sm_v03.00/ie/asn/CMakeFiles/e2sm_kpm_asn1_obj.dir/REAL_print.c.o
#9 92.51 [ 75%] Building C object src/sm/kpm_sm/kpm_sm_v03.00/ie/asn/CMakeFiles/e2sm_kpm_asn1_obj.dir/REAL_rfill.c.o
#9 92.52 [ 75%] Building C object src/sm/kpm_sm/kpm_sm_v03.00/ie/asn/CMakeFiles/e2sm_kpm_asn1_obj.dir/REAL_xer.c.o
#9 92.56 [ 75%] Building C object src/sm/kpm_sm/kpm_sm_v03.00/ie/asn/CMakeFiles/e2sm_kpm_asn1_obj.dir/RIC-EventTriggerStyle-Item.c.o
#9 92.58 [ 75%] Building C object src/sm/kpm_sm/kpm_sm_v03.00/ie/asn/CMakeFiles/e2sm_kpm_asn1_obj.dir/RIC-Format-Type.c.o
#9 92.61 [ 75%] Building C object src/sm/kpm_sm/kpm_sm_v03.00/ie/asn/CMakeFiles/e2sm_kpm_asn1_obj.dir/RIC-ReportStyle-Item.c.o
#9 92.61 [ 75%] Building C object src/sm/kpm_sm/kpm_sm_v03.00/ie/asn/CMakeFiles/e2sm_kpm_asn1_obj.dir/RIC-Style-Name.c.o
#9 92.65 [ 75%] Building C object src/sm/kpm_sm/kpm_sm_v03.00/ie/asn/CMakeFiles/e2sm_kpm_asn1_obj.dir/RIC-Style-Type.c.o
#9 92.65 [ 75%] Building C object src/sm/kpm_sm/kpm_sm_v03.00/ie/asn/CMakeFiles/e2sm_kpm_asn1_obj.dir/RRCclass-LTE.c.o
#9 92.68 [ 75%] Building C object src/sm/kpm_sm/kpm_sm_v03.00/ie/asn/CMakeFiles/e2sm_kpm_asn1_obj.dir/RRCclass-NR.c.o
#9 92.69 [ 75%] Building C object src/sm/kpm_sm/kpm_sm_v03.00/ie/asn/CMakeFiles/e2sm_kpm_asn1_obj.dir/RRC-MessageID.c.o
#9 92.72 [ 75%] Building C object src/sm/kpm_sm/kpm_sm_v03.00/ie/asn/CMakeFiles/e2sm_kpm_asn1_obj.dir/SD.c.o
#9 92.74 [ 75%] Building C object src/sm/kpm_sm/kpm_sm_v03.00/ie/asn/CMakeFiles/e2sm_kpm_asn1_obj.dir/ServingCell-ARFCN.c.o
#9 92.75 [ 75%] Building C object src/sm/kpm_sm/kpm_sm_v03.00/ie/asn/CMakeFiles/e2sm_kpm_asn1_obj.dir/ServingCell-PCI.c.o
#9 92.78 [ 75%] Building C object src/sm/kpm_sm/kpm_sm_v03.00/ie/asn/CMakeFiles/e2sm_kpm_asn1_obj.dir/S-NSSAI.c.o
#9 92.80 [ 75%] Building C object src/sm/kpm_sm/kpm_sm_v03.00/ie/asn/CMakeFiles/e2sm_kpm_asn1_obj.dir/SST.c.o
#9 92.82 [ 87%] Building C object src/sm/kpm_sm/kpm_sm_v03.00/ie/asn/CMakeFiles/e2sm_kpm_asn1_obj.dir/SubscriberProfileIDforRFP.c.o
#9 92.84 [ 87%] Building C object src/sm/kpm_sm/kpm_sm_v03.00/ie/asn/CMakeFiles/e2sm_kpm_asn1_obj.dir/SupportedSULBandList.c.o
#9 92.86 [ 87%] Building C object src/sm/kpm_sm/kpm_sm_v03.00/ie/asn/CMakeFiles/e2sm_kpm_asn1_obj.dir/SupportedSULFreqBandItem.c.o
#9 92.88 [ 87%] Building C object src/sm/kpm_sm/kpm_sm_v03.00/ie/asn/CMakeFiles/e2sm_kpm_asn1_obj.dir/TestCond-Expression.c.o
#9 92.90 [ 87%] Building C object src/sm/kpm_sm/kpm_sm_v03.00/ie/asn/CMakeFiles/e2sm_kpm_asn1_obj.dir/TestCondInfo.c.o
#9 92.92 [ 87%] Building C object src/sm/kpm_sm/kpm_sm_v03.00/ie/asn/CMakeFiles/e2sm_kpm_asn1_obj.dir/TestCond-Type.c.o
#9 92.95 [ 87%] Building C object src/sm/kpm_sm/kpm_sm_v03.00/ie/asn/CMakeFiles/e2sm_kpm_asn1_obj.dir/TestCond-Value.c.o
#9 92.96 [ 87%] Building C object src/sm/kpm_sm/kpm_sm_v03.00/ie/asn/CMakeFiles/e2sm_kpm_asn1_obj.dir/TimeStamp.c.o
#9 92.99 [ 87%] Building C object src/sm/kpm_sm/kpm_sm_v03.00/ie/asn/CMakeFiles/e2sm_kpm_asn1_obj.dir/UEID.c.o
#9 93.00 [ 87%] Building C object src/sm/kpm_sm/kpm_sm_v03.00/ie/asn/CMakeFiles/e2sm_kpm_asn1_obj.dir/UEID-ENB.c.o
#9 93.03 [ 87%] Building C object src/sm/kpm_sm/kpm_sm_v03.00/ie/asn/CMakeFiles/e2sm_kpm_asn1_obj.dir/UEID-EN-GNB.c.o
#9 93.05 [ 87%] Building C object src/sm/kpm_sm/kpm_sm_v03.00/ie/asn/CMakeFiles/e2sm_kpm_asn1_obj.dir/UEID-GNB.c.o
#9 93.06 [ 87%] Building C object src/sm/kpm_sm/kpm_sm_v03.00/ie/asn/CMakeFiles/e2sm_kpm_asn1_obj.dir/UEID-GNB-CU-CP-E1AP-ID-Item.c.o
#9 93.09 [ 87%] Building C object src/sm/kpm_sm/kpm_sm_v03.00/ie/asn/CMakeFiles/e2sm_kpm_asn1_obj.dir/UEID-GNB-CU-CP-E1AP-ID-List.c.o
#9 93.10 [ 87%] Building C object src/sm/kpm_sm/kpm_sm_v03.00/ie/asn/CMakeFiles/e2sm_kpm_asn1_obj.dir/UEID-GNB-CU-CP-F1AP-ID-Item.c.o
#9 93.13 [ 87%] Building C object src/sm/kpm_sm/kpm_sm_v03.00/ie/asn/CMakeFiles/e2sm_kpm_asn1_obj.dir/UEID-GNB-CU-F1AP-ID-List.c.o
#9 93.14 [ 87%] Building C object src/sm/kpm_sm/kpm_sm_v03.00/ie/asn/CMakeFiles/e2sm_kpm_asn1_obj.dir/UEID-GNB-CU-UP.c.o
#9 93.17 [ 87%] Building C object src/sm/kpm_sm/kpm_sm_v03.00/ie/asn/CMakeFiles/e2sm_kpm_asn1_obj.dir/UEID-GNB-DU.c.o
#9 93.17 [ 87%] Building C object src/sm/kpm_sm/kpm_sm_v03.00/ie/asn/CMakeFiles/e2sm_kpm_asn1_obj.dir/UEID-NG-ENB.c.o
#9 93.21 [ 87%] Building C object src/sm/kpm_sm/kpm_sm_v03.00/ie/asn/CMakeFiles/e2sm_kpm_asn1_obj.dir/UEID-NG-ENB-DU.c.o
#9 93.21 [ 87%] Building C object src/sm/kpm_sm/kpm_sm_v03.00/ie/asn/CMakeFiles/e2sm_kpm_asn1_obj.dir/UEMeasurementReportItem.c.o
#9 93.26 [ 87%] Building C object src/sm/kpm_sm/kpm_sm_v03.00/ie/asn/CMakeFiles/e2sm_kpm_asn1_obj.dir/xer_decoder.c.o
#9 93.26 [ 87%] Building C object src/sm/kpm_sm/kpm_sm_v03.00/ie/asn/CMakeFiles/e2sm_kpm_asn1_obj.dir/UEMeasurementReportList.c.o
#9 93.30 [ 87%] Building C object src/sm/kpm_sm/kpm_sm_v03.00/ie/asn/CMakeFiles/e2sm_kpm_asn1_obj.dir/xer_encoder.c.o
#9 93.31 [ 87%] Building C object src/sm/kpm_sm/kpm_sm_v03.00/ie/asn/CMakeFiles/e2sm_kpm_asn1_obj.dir/xer_support.c.o
#9 93.36 [ 87%] Built target e2sm_kpm_asn1_obj
#9 93.38 [ 87%] Building C object src/sm/kpm_sm/kpm_sm_v03.00/dec/dec_asn_kpm_common/CMakeFiles/kpm_dec_common_asn_obj.dir/dec_label_info.c.o
#9 93.38 [ 87%] Building C object src/sm/kpm_sm/kpm_sm_v03.00/dec/dec_asn/CMakeFiles/kpm_dec_ie_asn_obj.dir/dec_ric_action_def_frm_1.c.o
#9 93.43 [ 87%] Building C object src/sm/kpm_sm/kpm_sm_v03.00/dec/dec_asn/CMakeFiles/kpm_dec_ie_asn_obj.dir/dec_ric_action_def_frm_2.c.o
#9 93.43 [ 87%] Building C object src/sm/kpm_sm/kpm_sm_v03.00/dec/dec_asn_kpm_common/CMakeFiles/kpm_dec_common_asn_obj.dir/dec_matching_cond_frm_3.c.o
#9 93.47 [ 87%] Building C object src/sm/kpm_sm/kpm_sm_v03.00/dec/dec_asn_kpm_common/CMakeFiles/kpm_dec_common_asn_obj.dir/dec_matching_cond_frm_4.c.o
#9 93.47 [ 87%] Building C object src/sm/kpm_sm/kpm_sm_v03.00/dec/dec_asn/CMakeFiles/kpm_dec_ie_asn_obj.dir/dec_ric_action_def_frm_3.c.o
#9 93.50 [ 87%] Building C object src/sm/kpm_sm/kpm_sm_v03.00/dec/dec_asn_kpm_common/CMakeFiles/kpm_dec_common_asn_obj.dir/dec_meas_data.c.o
#9 93.51 [ 87%] Building C object src/sm/kpm_sm/kpm_sm_v03.00/dec/dec_asn/CMakeFiles/kpm_dec_ie_asn_obj.dir/dec_ric_action_def_frm_4.c.o
#9 93.55 [ 87%] Building C object src/sm/kpm_sm/kpm_sm_v03.00/dec/dec_asn_kpm_common/CMakeFiles/kpm_dec_common_asn_obj.dir/dec_meas_info_cond_ue.c.o
#9 93.55 [ 87%] Building C object src/sm/kpm_sm/kpm_sm_v03.00/dec/dec_asn/CMakeFiles/kpm_dec_ie_asn_obj.dir/dec_ric_action_def_frm_5.c.o
#9 93.60 [ 87%] Building C object src/sm/kpm_sm/kpm_sm_v03.00/dec/dec_asn_kpm_common/CMakeFiles/kpm_dec_common_asn_obj.dir/dec_meas_info_frm_1.c.o
#9 93.60 [ 87%] Building C object src/sm/kpm_sm/kpm_sm_v03.00/dec/dec_asn/CMakeFiles/kpm_dec_ie_asn_obj.dir/dec_ric_event_trigger_frm_1.c.o
#9 93.64 [100%] Building C object src/sm/kpm_sm/kpm_sm_v03.00/dec/dec_asn/CMakeFiles/kpm_dec_ie_asn_obj.dir/dec_ric_ind_hdr_frm_1.c.o
#9 93.65 [100%] Building C object src/sm/kpm_sm/kpm_sm_v03.00/dec/dec_asn_kpm_common/CMakeFiles/kpm_dec_common_asn_obj.dir/dec_meas_info_frm_3.c.o
#9 93.70 [100%] Building C object src/sm/kpm_sm/kpm_sm_v03.00/dec/dec_asn/CMakeFiles/kpm_dec_ie_asn_obj.dir/dec_ric_ind_msg_frm_1.c.o
#9 93.70 [100%] Building C object src/sm/kpm_sm/kpm_sm_v03.00/dec/dec_asn_kpm_common/CMakeFiles/kpm_dec_common_asn_obj.dir/dec_test_info.c.o
#9 93.74 [100%] Building C object src/sm/kpm_sm/kpm_sm_v03.00/dec/dec_asn/CMakeFiles/kpm_dec_ie_asn_obj.dir/dec_ric_ind_msg_frm_2.c.o
#9 93.75 [100%] Building C object src/sm/kpm_sm/kpm_sm_v03.00/dec/dec_asn_kpm_common/CMakeFiles/kpm_dec_common_asn_obj.dir/dec_meas_bin_range_info.c.o
#9 93.78 [100%] Building C object src/sm/kpm_sm/kpm_sm_v03.00/dec/dec_asn/CMakeFiles/kpm_dec_ie_asn_obj.dir/dec_ric_ind_msg_frm_3.c.o
#9 93.80 [100%] Building C object src/sm/kpm_sm/kpm_sm_v03.00/dec/dec_asn_kpm_common/CMakeFiles/kpm_dec_common_asn_obj.dir/dec_bin_range_def.c.o
#9 93.82 [100%] Built target kpm_dec_ie_asn_obj
#9 93.84 [100%] Building C object src/sm/kpm_sm/kpm_sm_v03.00/enc/enc_asn/CMakeFiles/kpm_enc_ie_asn_obj.dir/enc_ric_action_def_frm_1.c.o
#9 93.84 [100%] Built target kpm_dec_common_asn_obj
#9 93.87 [100%] Building C object src/sm/kpm_sm/kpm_sm_v03.00/enc/enc_asn_kpm_common/CMakeFiles/kpm_enc_common_asn_obj.dir/enc_label_info.c.o
#9 93.89 [100%] Building C object src/sm/kpm_sm/kpm_sm_v03.00/enc/enc_asn/CMakeFiles/kpm_enc_ie_asn_obj.dir/enc_ric_action_def_frm_2.c.o
#9 93.92 [100%] Building C object src/sm/kpm_sm/kpm_sm_v03.00/enc/enc_asn_kpm_common/CMakeFiles/kpm_enc_common_asn_obj.dir/enc_matching_cond_frm_3.c.o
#9 93.93 [100%] Building C object src/sm/kpm_sm/kpm_sm_v03.00/enc/enc_asn/CMakeFiles/kpm_enc_ie_asn_obj.dir/enc_ric_action_def_frm_3.c.o
#9 93.97 [100%] Building C object src/sm/kpm_sm/kpm_sm_v03.00/enc/enc_asn/CMakeFiles/kpm_enc_ie_asn_obj.dir/enc_ric_action_def_frm_4.c.o
#9 93.97 [100%] Building C object src/sm/kpm_sm/kpm_sm_v03.00/enc/enc_asn_kpm_common/CMakeFiles/kpm_enc_common_asn_obj.dir/enc_matching_cond_frm_4.c.o
#9 94.00 [100%] Building C object src/sm/kpm_sm/kpm_sm_v03.00/enc/enc_asn_kpm_common/CMakeFiles/kpm_enc_common_asn_obj.dir/enc_meas_data.c.o
#9 94.01 [100%] Building C object src/sm/kpm_sm/kpm_sm_v03.00/enc/enc_asn/CMakeFiles/kpm_enc_ie_asn_obj.dir/enc_ric_action_def_frm_5.c.o
#9 94.05 [100%] Building C object src/sm/kpm_sm/kpm_sm_v03.00/enc/enc_asn_kpm_common/CMakeFiles/kpm_enc_common_asn_obj.dir/enc_meas_info_cond_ue.c.o
#9 94.06 [100%] Building C object src/sm/kpm_sm/kpm_sm_v03.00/enc/enc_asn/CMakeFiles/kpm_enc_ie_asn_obj.dir/enc_ric_event_trigger_frm_1.c.o
#9 94.10 [100%] Building C object src/sm/kpm_sm/kpm_sm_v03.00/enc/enc_asn/CMakeFiles/kpm_enc_ie_asn_obj.dir/enc_ric_ind_hdr_frm_1.c.o
#9 94.11 [100%] Building C object src/sm/kpm_sm/kpm_sm_v03.00/enc/enc_asn_kpm_common/CMakeFiles/kpm_enc_common_asn_obj.dir/enc_meas_info_frm_1.c.o
#9 94.14 [100%] Building C object src/sm/kpm_sm/kpm_sm_v03.00/enc/enc_asn_kpm_common/CMakeFiles/kpm_enc_common_asn_obj.dir/enc_meas_info_frm_3.c.o
#9 94.15 [100%] Building C object src/sm/kpm_sm/kpm_sm_v03.00/enc/enc_asn/CMakeFiles/kpm_enc_ie_asn_obj.dir/enc_ric_ind_msg_frm_1.c.o
#9 94.20 [100%] Building C object src/sm/kpm_sm/kpm_sm_v03.00/enc/enc_asn_kpm_common/CMakeFiles/kpm_enc_common_asn_obj.dir/enc_test_info.c.o
#9 94.20 [100%] Building C object src/sm/kpm_sm/kpm_sm_v03.00/enc/enc_asn/CMakeFiles/kpm_enc_ie_asn_obj.dir/enc_ric_ind_msg_frm_2.c.o
#9 94.25 [100%] Building C object src/sm/kpm_sm/kpm_sm_v03.00/enc/enc_asn/CMakeFiles/kpm_enc_ie_asn_obj.dir/enc_ric_ind_msg_frm_3.c.o
#9 94.25 [100%] Building C object src/sm/kpm_sm/kpm_sm_v03.00/enc/enc_asn_kpm_common/CMakeFiles/kpm_enc_common_asn_obj.dir/enc_meas_bin_range_info.c.o
#9 94.29 [100%] Built target kpm_enc_ie_asn_obj
#9 94.29 [100%] Building C object src/sm/kpm_sm/kpm_sm_v03.00/enc/enc_asn_kpm_common/CMakeFiles/kpm_enc_common_asn_obj.dir/enc_bin_range_def.c.o
#9 94.30 [100%] Building C object src/sm/kpm_sm/kpm_sm_v03.00/enc/enc_asn_kpm_common/CMakeFiles/kpm_enc_common_asn_obj.dir/enc_ue_id_gran_period_lst.c.o
#9 94.35 [100%] Built target kpm_enc_common_asn_obj
#9 94.37 [100%] Building C object src/sm/kpm_sm/kpm_sm_v03.00/CMakeFiles/kpm_sm.dir/__/__/sm_proc_data.c.o
#9 94.37 [100%] Building C object src/sm/kpm_sm/kpm_sm_v03.00/CMakeFiles/kpm_sm.dir/kpm_sm_ric.c.o
#9 94.42 [100%] Building C object src/sm/kpm_sm/kpm_sm_v03.00/CMakeFiles/kpm_sm.dir/kpm_sm_agent.c.o
#9 94.43 [100%] Building C object src/sm/kpm_sm/kpm_sm_v03.00/CMakeFiles/kpm_sm.dir/__/__/__/util/byte_array.c.o
#9 94.47 [100%] Building C object src/sm/kpm_sm/kpm_sm_v03.00/CMakeFiles/kpm_sm.dir/__/__/__/util/alg_ds/alg/defer.c.o
#9 94.49 [100%] Building C object src/sm/kpm_sm/kpm_sm_v03.00/CMakeFiles/kpm_sm.dir/__/__/__/util/alg_ds/alg/eq_float.c.o
#9 94.50 [100%] Building C object src/sm/kpm_sm/kpm_sm_v03.00/CMakeFiles/kpm_sm.dir/__/__/__/util/alg_ds/ds/seq_container/seq_arr.c.o
#9 94.52 [100%] Building C object src/sm/kpm_sm/kpm_sm_v03.00/CMakeFiles/kpm_sm.dir/__/__/__/util/alg_ds/ds/seq_container/seq_ring.c.o
#9 94.55 [100%] Building C object src/sm/kpm_sm/kpm_sm_v03.00/CMakeFiles/kpm_sm.dir/__/__/__/util/alg_ds/ds/assoc_container/assoc_rb_tree.c.o
#9 94.58 [100%] Building C object src/sm/kpm_sm/kpm_sm_v03.00/CMakeFiles/kpm_sm.dir/__/__/__/util/alg_ds/ds/assoc_container/bimap.c.o
#9 94.62 [100%] Building C object src/sm/kpm_sm/kpm_sm_v03.00/CMakeFiles/kpm_sm.dir/enc/kpm_enc_asn.c.o
#9 94.63 [100%] Building C object src/sm/kpm_sm/kpm_sm_v03.00/CMakeFiles/kpm_sm.dir/dec/kpm_dec_asn.c.o
#9 94.69 [100%] Building C object src/sm/kpm_sm/kpm_sm_v03.00/CMakeFiles/kpm_sm.dir/ie/kpm_data_ie.c.o
#9 94.74 [100%] Linking C shared library libkpm_sm.so
#9 94.80 /usr/bin/ld: warning: CMakeFiles/kpm_sm.dir/kpm_sm_agent.c.o: requires executable stack (because the .note.GNU-stack section is executable)
#9 94.84 [100%] Built target kpm_sm
#9 94.91 [  0%] Built target e2ap_ran_func_obj
#9 94.91 [  0%] Built target e2_conv_obj
#9 94.93 [  0%] Building C object src/lib/3gpp/enc/CMakeFiles/3gpp_derived_ie_enc_asn_obj_rc.dir/enc_enb.c.o
#9 94.94 [  0%] Built target 3gpp_derived_ie_dec_asn_obj_rc
#9 94.96 [  0%] Built target 3gpp_derived_ie_obj
#9 94.98 [  0%] Building C object src/lib/3gpp/enc/CMakeFiles/3gpp_derived_ie_enc_asn_obj_rc.dir/enc_en_gnb.c.o
#9 94.99 [  0%] Built target sm_common_dec_asn_obj_rc
#9 95.01 [  0%] Building C object src/lib/sm/enc/CMakeFiles/sm_common_enc_asn_obj_rc.dir/enc_cell_global_id.c.o
#9 95.03 [  0%] Building C object src/lib/3gpp/enc/CMakeFiles/3gpp_derived_ie_enc_asn_obj_rc.dir/enc_global_enb_id.c.o
#9 95.06 [  7%] Building C object src/lib/sm/enc/CMakeFiles/sm_common_enc_asn_obj_rc.dir/enc_ue_id.c.o
#9 95.07 [  7%] Building C object src/lib/3gpp/enc/CMakeFiles/3gpp_derived_ie_enc_asn_obj_rc.dir/enc_global_gnb_id.c.o
#9 95.10 [  7%] Building C object src/lib/sm/enc/CMakeFiles/sm_common_enc_asn_obj_rc.dir/enc_ran_function_name.c.o
#9 95.12 [  7%] Building C object src/lib/3gpp/enc/CMakeFiles/3gpp_derived_ie_enc_asn_obj_rc.dir/enc_global_ng_enb.c.o
#9 95.15 [  7%] Built target sm_common_enc_asn_obj_rc
#9 95.16 [ 15%] Building C object src/lib/3gpp/enc/CMakeFiles/3gpp_derived_ie_enc_asn_obj_rc.dir/enc_global_ng_ran.c.o
#9 95.17 [ 15%] Built target sm_common_ie_obj
#9 95.18 [ 15%] Building C object src/lib/3gpp/enc/CMakeFiles/3gpp_derived_ie_enc_asn_obj_rc.dir/enc_gnb.c.o
#9 95.21 [ 15%] Building C object src/lib/3gpp/enc/CMakeFiles/3gpp_derived_ie_enc_asn_obj_rc.dir/enc_gnb_cu_up.c.o
#9 95.23 [ 15%] Building C object src/lib/3gpp/enc/CMakeFiles/3gpp_derived_ie_enc_asn_obj_rc.dir/enc_gnb_du.c.o
#9 95.25 [ 15%] Building C object src/lib/3gpp/enc/CMakeFiles/3gpp_derived_ie_enc_asn_obj_rc.dir/enc_ng_enb.c.o
#9 95.27 [ 15%] Building C object src/lib/3gpp/enc/CMakeFiles/3gpp_derived_ie_enc_asn_obj_rc.dir/enc_ng_enb_du.c.o
#9 95.31 [ 15%] Built target 3gpp_derived_ie_enc_asn_obj_rc
#9 95.33 [ 15%] Building C object src/sm/rc_sm/ie/asn/CMakeFiles/e2sm_rc_asn1_obj.dir/AMFPointer.c.o
#9 95.35 [ 30%] Built target e2sm_rc_ir_obj
#9 95.36 [ 30%] Building C object src/sm/rc_sm/ie/asn/CMakeFiles/e2sm_rc_asn1_obj.dir/AMFRegionID.c.o
#9 95.37 [ 30%] Building C object src/sm/rc_sm/ie/asn/CMakeFiles/e2sm_rc_asn1_obj.dir/AMFSetID.c.o
#9 95.40 [ 30%] Building C object src/sm/rc_sm/ie/asn/CMakeFiles/e2sm_rc_asn1_obj.dir/AMF-UE-NGAP-ID.c.o
#9 95.41 [ 30%] Building C object src/sm/rc_sm/ie/asn/CMakeFiles/e2sm_rc_asn1_obj.dir/ANY_aper.c.o
#9 95.44 [ 30%] Building C object src/sm/rc_sm/ie/asn/CMakeFiles/e2sm_rc_asn1_obj.dir/ANY.c.o
#9 95.46 [ 30%] Building C object src/sm/rc_sm/ie/asn/CMakeFiles/e2sm_rc_asn1_obj.dir/ANY_xer.c.o
#9 95.47 [ 30%] Building C object src/sm/rc_sm/ie/asn/CMakeFiles/e2sm_rc_asn1_obj.dir/aper_decoder.c.o
#9 95.50 [ 30%] Building C object src/sm/rc_sm/ie/asn/CMakeFiles/e2sm_rc_asn1_obj.dir/aper_encoder.c.o
#9 95.51 [ 30%] Building C object src/sm/rc_sm/ie/asn/CMakeFiles/e2sm_rc_asn1_obj.dir/aper_opentype.c.o
#9 95.55 [ 30%] Building C object src/sm/rc_sm/ie/asn/CMakeFiles/e2sm_rc_asn1_obj.dir/aper_support.c.o
#9 95.56 [ 30%] Building C object src/sm/rc_sm/ie/asn/CMakeFiles/e2sm_rc_asn1_obj.dir/asn_application.c.o
#9 95.61 [ 30%] Building C object src/sm/rc_sm/ie/asn/CMakeFiles/e2sm_rc_asn1_obj.dir/asn_bit_data.c.o
#9 95.61 [ 30%] Building C object src/sm/rc_sm/ie/asn/CMakeFiles/e2sm_rc_asn1_obj.dir/asn_codecs_prim.c.o
#9 95.66 [ 38%] Building C object src/sm/rc_sm/ie/asn/CMakeFiles/e2sm_rc_asn1_obj.dir/asn_codecs_prim_xer.c.o
#9 95.67 [ 38%] Building C object src/sm/rc_sm/ie/asn/CMakeFiles/e2sm_rc_asn1_obj.dir/asn_internal.c.o
#9 95.70 [ 38%] Building C object src/sm/rc_sm/ie/asn/CMakeFiles/e2sm_rc_asn1_obj.dir/asn_random_fill.c.o
#9 95.71 [ 38%] Building C object src/sm/rc_sm/ie/asn/CMakeFiles/e2sm_rc_asn1_obj.dir/asn_SEQUENCE_OF.c.o
#9 95.74 [ 38%] Building C object src/sm/rc_sm/ie/asn/CMakeFiles/e2sm_rc_asn1_obj.dir/asn_SET_OF.c.o
#9 95.75 [ 38%] Building C object src/sm/rc_sm/ie/asn/CMakeFiles/e2sm_rc_asn1_obj.dir/ber_tlv_length.c.o
#9 95.78 [ 38%] Building C object src/sm/rc_sm/ie/asn/CMakeFiles/e2sm_rc_asn1_obj.dir/ber_tlv_tag.c.o
#9 95.79 [ 38%] Building C object src/sm/rc_sm/ie/asn/CMakeFiles/e2sm_rc_asn1_obj.dir/BIT_STRING.c.o
#9 95.83 [ 38%] Building C object src/sm/rc_sm/ie/asn/CMakeFiles/e2sm_rc_asn1_obj.dir/BIT_STRING_print.c.o
#9 95.83 [ 38%] Building C object src/sm/rc_sm/ie/asn/CMakeFiles/e2sm_rc_asn1_obj.dir/BIT_STRING_rfill.c.o
#9 95.88 [ 38%] Building C object src/sm/rc_sm/ie/asn/CMakeFiles/e2sm_rc_asn1_obj.dir/BIT_STRING_xer.c.o
#9 95.88 [ 38%] Building C object src/sm/rc_sm/ie/asn/CMakeFiles/e2sm_rc_asn1_obj.dir/BOOLEAN_aper.c.o
#9 95.91 [ 38%] Building C object src/sm/rc_sm/ie/asn/CMakeFiles/e2sm_rc_asn1_obj.dir/BOOLEAN.c.o
#9 95.92 [ 38%] Building C object src/sm/rc_sm/ie/asn/CMakeFiles/e2sm_rc_asn1_obj.dir/BOOLEAN_print.c.o
#9 95.95 [ 38%] Building C object src/sm/rc_sm/ie/asn/CMakeFiles/e2sm_rc_asn1_obj.dir/BOOLEAN_rfill.c.o
#9 95.96 [ 38%] Building C object src/sm/rc_sm/ie/asn/CMakeFiles/e2sm_rc_asn1_obj.dir/BOOLEAN_xer.c.o
#9 95.99 [ 38%] Building C object src/sm/rc_sm/ie/asn/CMakeFiles/e2sm_rc_asn1_obj.dir/CallProcessBreakpoint-RANParameter-Item.c.o
#9 96.01 [ 38%] Building C object src/sm/rc_sm/ie/asn/CMakeFiles/e2sm_rc_asn1_obj.dir/CellIdentification-RANParameter-Item.c.o
#9 96.04 [ 38%] Building C object src/sm/rc_sm/ie/asn/CMakeFiles/e2sm_rc_asn1_obj.dir/CGI.c.o
#9 96.04 [ 38%] Building C object src/sm/rc_sm/ie/asn/CMakeFiles/e2sm_rc_asn1_obj.dir/constraints.c.o
#9 96.07 [ 38%] Building C object src/sm/rc_sm/ie/asn/CMakeFiles/e2sm_rc_asn1_obj.dir/constr_CHOICE_aper.c.o
#9 96.08 [ 38%] Building C object src/sm/rc_sm/ie/asn/CMakeFiles/e2sm_rc_asn1_obj.dir/constr_CHOICE.c.o
#9 96.13 [ 38%] Building C object src/sm/rc_sm/ie/asn/CMakeFiles/e2sm_rc_asn1_obj.dir/constr_CHOICE_print.c.o
#9 96.14 [ 38%] Building C object src/sm/rc_sm/ie/asn/CMakeFiles/e2sm_rc_asn1_obj.dir/constr_CHOICE_rfill.c.o
#9 96.17 [ 38%] Building C object src/sm/rc_sm/ie/asn/CMakeFiles/e2sm_rc_asn1_obj.dir/constr_CHOICE_xer.c.o
#9 96.18 [ 38%] Building C object src/sm/rc_sm/ie/asn/CMakeFiles/e2sm_rc_asn1_obj.dir/constr_SEQUENCE_aper.c.o
#9 96.22 [ 38%] Building C object src/sm/rc_sm/ie/asn/CMakeFiles/e2sm_rc_asn1_obj.dir/constr_SEQUENCE.c.o
#9 96.24 [ 38%] Building C object src/sm/rc_sm/ie/asn/CMakeFiles/e2sm_rc_asn1_obj.dir/constr_SEQUENCE_OF_aper.c.o
#9 96.26 [ 38%] Building C object src/sm/rc_sm/ie/asn/CMakeFiles/e2sm_rc_asn1_obj.dir/constr_SEQUENCE_OF.c.o
#9 96.29 [ 38%] Building C object src/sm/rc_sm/ie/asn/CMakeFiles/e2sm_rc_asn1_obj.dir/constr_SEQUENCE_print.c.o
#9 96.29 [ 38%] Building C object src/sm/rc_sm/ie/asn/CMakeFiles/e2sm_rc_asn1_obj.dir/constr_SEQUENCE_OF_xer.c.o
#9 96.33 [ 38%] Building C object src/sm/rc_sm/ie/asn/CMakeFiles/e2sm_rc_asn1_obj.dir/constr_SEQUENCE_rfill.c.o
#9 96.34 [ 38%] Building C object src/sm/rc_sm/ie/asn/CMakeFiles/e2sm_rc_asn1_obj.dir/constr_SEQUENCE_xer.c.o
#9 96.38 [ 38%] Building C object src/sm/rc_sm/ie/asn/CMakeFiles/e2sm_rc_asn1_obj.dir/constr_SET_OF_aper.c.o
#9 96.40 [ 38%] Building C object src/sm/rc_sm/ie/asn/CMakeFiles/e2sm_rc_asn1_obj.dir/constr_SET_OF.c.o
#9 96.43 [ 38%] Building C object src/sm/rc_sm/ie/asn/CMakeFiles/e2sm_rc_asn1_obj.dir/constr_SET_OF_print.c.o
#9 96.45 [ 38%] Building C object src/sm/rc_sm/ie/asn/CMakeFiles/e2sm_rc_asn1_obj.dir/constr_SET_OF_rfill.c.o
#9 96.46 [ 38%] Building C object src/sm/rc_sm/ie/asn/CMakeFiles/e2sm_rc_asn1_obj.dir/constr_SET_OF_xer.c.o
#9 96.50 [ 38%] Building C object src/sm/rc_sm/ie/asn/CMakeFiles/e2sm_rc_asn1_obj.dir/constr_TYPE.c.o
#9 96.52 [ 46%] Building C object src/sm/rc_sm/ie/asn/CMakeFiles/e2sm_rc_asn1_obj.dir/ControlAction-RANParameter-Item.c.o
#9 96.54 [ 46%] Building C object src/sm/rc_sm/ie/asn/CMakeFiles/e2sm_rc_asn1_obj.dir/ControlOutcome-RANParameter-Item.c.o
#9 96.56 [ 46%] Building C object src/sm/rc_sm/ie/asn/CMakeFiles/e2sm_rc_asn1_obj.dir/CoreCPID.c.o
#9 96.59 [ 46%] Building C object src/sm/rc_sm/ie/asn/CMakeFiles/e2sm_rc_asn1_obj.dir/E2SM-RC-ActionDefinition.c.o
#9 96.61 [ 46%] Building C object src/sm/rc_sm/ie/asn/CMakeFiles/e2sm_rc_asn1_obj.dir/E2SM-RC-ActionDefinition-Format1.c.o
#9 96.63 [ 46%] Building C object src/sm/rc_sm/ie/asn/CMakeFiles/e2sm_rc_asn1_obj.dir/E2SM-RC-ActionDefinition-Format1-Item.c.o
#9 96.65 [ 46%] Building C object src/sm/rc_sm/ie/asn/CMakeFiles/e2sm_rc_asn1_obj.dir/E2SM-RC-ActionDefinition-Format2.c.o
#9 96.67 [ 46%] Building C object src/sm/rc_sm/ie/asn/CMakeFiles/e2sm_rc_asn1_obj.dir/E2SM-RC-ActionDefinition-Format2-Item.c.o
#9 96.69 [ 46%] Building C object src/sm/rc_sm/ie/asn/CMakeFiles/e2sm_rc_asn1_obj.dir/E2SM-RC-ActionDefinition-Format3.c.o
#9 96.71 [ 46%] Building C object src/sm/rc_sm/ie/asn/CMakeFiles/e2sm_rc_asn1_obj.dir/E2SM-RC-ActionDefinition-Format3-Item.c.o
#9 96.73 [ 46%] Building C object src/sm/rc_sm/ie/asn/CMakeFiles/e2sm_rc_asn1_obj.dir/E2SM-RC-ActionDefinition-Format4.c.o
#9 96.74 [ 46%] Building C object src/sm/rc_sm/ie/asn/CMakeFiles/e2sm_rc_asn1_obj.dir/E2SM-RC-ActionDefinition-Format4-Indication-Item.c.o
#9 96.78 [ 46%] Building C object src/sm/rc_sm/ie/asn/CMakeFiles/e2sm_rc_asn1_obj.dir/E2SM-RC-ActionDefinition-Format4-RANP-Item.c.o
#9 96.78 [ 46%] Building C object src/sm/rc_sm/ie/asn/CMakeFiles/e2sm_rc_asn1_obj.dir/E2SM-RC-ActionDefinition-Format4-Style-Item.c.o
#9 96.81 [ 46%] Building C object src/sm/rc_sm/ie/asn/CMakeFiles/e2sm_rc_asn1_obj.dir/E2SM-RC-CallProcessID.c.o
#9 96.82 [ 46%] Building C object src/sm/rc_sm/ie/asn/CMakeFiles/e2sm_rc_asn1_obj.dir/E2SM-RC-CallProcessID-Format1.c.o
#9 96.84 [ 46%] Building C object src/sm/rc_sm/ie/asn/CMakeFiles/e2sm_rc_asn1_obj.dir/E2SM-RC-ControlHeader.c.o
#9 96.84 [ 46%] Building C object src/sm/rc_sm/ie/asn/CMakeFiles/e2sm_rc_asn1_obj.dir/E2SM-RC-ControlHeader-Format1.c.o
#9 96.86 [ 46%] Building C object src/sm/rc_sm/ie/asn/CMakeFiles/e2sm_rc_asn1_obj.dir/E2SM-RC-ControlHeader-Format2.c.o
#9 96.87 [ 46%] Building C object src/sm/rc_sm/ie/asn/CMakeFiles/e2sm_rc_asn1_obj.dir/E2SM-RC-ControlMessage.c.o
#9 96.89 [ 46%] Building C object src/sm/rc_sm/ie/asn/CMakeFiles/e2sm_rc_asn1_obj.dir/E2SM-RC-ControlMessage-Format1.c.o
#9 96.90 [ 46%] Building C object src/sm/rc_sm/ie/asn/CMakeFiles/e2sm_rc_asn1_obj.dir/E2SM-RC-ControlMessage-Format1-Item.c.o
#9 96.92 [ 46%] Building C object src/sm/rc_sm/ie/asn/CMakeFiles/e2sm_rc_asn1_obj.dir/E2SM-RC-ControlMessage-Format2.c.o
#9 96.92 [ 46%] Building C object src/sm/rc_sm/ie/asn/CMakeFiles/e2sm_rc_asn1_obj.dir/E2SM-RC-ControlMessage-Format2-ControlAction-Item.c.o
#9 96.94 [ 46%] Building C object src/sm/rc_sm/ie/asn/CMakeFiles/e2sm_rc_asn1_obj.dir/E2SM-RC-ControlOutcome.c.o
#9 96.94 [ 46%] Building C object src/sm/rc_sm/ie/asn/CMakeFiles/e2sm_rc_asn1_obj.dir/E2SM-RC-ControlMessage-Format2-Style-Item.c.o
#9 96.97 [ 46%] Building C object src/sm/rc_sm/ie/asn/CMakeFiles/e2sm_rc_asn1_obj.dir/E2SM-RC-ControlOutcome-Format1.c.o
#9 96.97 [ 46%] Building C object src/sm/rc_sm/ie/asn/CMakeFiles/e2sm_rc_asn1_obj.dir/E2SM-RC-ControlOutcome-Format1-Item.c.o
#9 97.00 [ 46%] Building C object src/sm/rc_sm/ie/asn/CMakeFiles/e2sm_rc_asn1_obj.dir/E2SM-RC-ControlOutcome-Format2.c.o
#9 97.00 [ 46%] Building C object src/sm/rc_sm/ie/asn/CMakeFiles/e2sm_rc_asn1_obj.dir/E2SM-RC-ControlOutcome-Format2-ControlOutcome-Item.c.o
#9 97.02 [ 46%] Building C object src/sm/rc_sm/ie/asn/CMakeFiles/e2sm_rc_asn1_obj.dir/E2SM-RC-ControlOutcome-Format2-RANP-Item.c.o
#9 97.03 [ 46%] Building C object src/sm/rc_sm/ie/asn/CMakeFiles/e2sm_rc_asn1_obj.dir/E2SM-RC-ControlOutcome-Format2-Style-Item.c.o
#9 97.05 [ 46%] Building C object src/sm/rc_sm/ie/asn/CMakeFiles/e2sm_rc_asn1_obj.dir/E2SM-RC-ControlOutcome-Format3.c.o
#9 97.05 [ 46%] Building C object src/sm/rc_sm/ie/asn/CMakeFiles/e2sm_rc_asn1_obj.dir/E2SM-RC-ControlOutcome-Format3-Item.c.o
#9 97.08 [ 46%] Building C object src/sm/rc_sm/ie/asn/CMakeFiles/e2sm_rc_asn1_obj.dir/E2SM-RC-EventTrigger.c.o
#9 97.08 [ 46%] Building C object src/sm/rc_sm/ie/asn/CMakeFiles/e2sm_rc_asn1_obj.dir/E2SM-RC-EventTrigger-Format1.c.o
#9 97.11 [ 46%] Building C object src/sm/rc_sm/ie/asn/CMakeFiles/e2sm_rc_asn1_obj.dir/E2SM-RC-EventTrigger-Format1-Item.c.o
#9 97.11 [ 46%] Building C object src/sm/rc_sm/ie/asn/CMakeFiles/e2sm_rc_asn1_obj.dir/E2SM-RC-EventTrigger-Format2.c.o
#9 97.13 [ 53%] Building C object src/sm/rc_sm/ie/asn/CMakeFiles/e2sm_rc_asn1_obj.dir/E2SM-RC-EventTrigger-Format3.c.o
#9 97.13 [ 53%] Building C object src/sm/rc_sm/ie/asn/CMakeFiles/e2sm_rc_asn1_obj.dir/E2SM-RC-EventTrigger-Format3-Item.c.o
#9 97.16 [ 53%] Building C object src/sm/rc_sm/ie/asn/CMakeFiles/e2sm_rc_asn1_obj.dir/E2SM-RC-EventTrigger-Format4.c.o
#9 97.16 [ 53%] Building C object src/sm/rc_sm/ie/asn/CMakeFiles/e2sm_rc_asn1_obj.dir/E2SM-RC-EventTrigger-Format4-Item.c.o
#9 97.19 [ 53%] Building C object src/sm/rc_sm/ie/asn/CMakeFiles/e2sm_rc_asn1_obj.dir/E2SM-RC-EventTrigger-Format5.c.o
#9 97.20 [ 53%] Building C object src/sm/rc_sm/ie/asn/CMakeFiles/e2sm_rc_asn1_obj.dir/E2SM-RC-IndicationHeader.c.o
#9 97.22 [ 53%] Building C object src/sm/rc_sm/ie/asn/CMakeFiles/e2sm_rc_asn1_obj.dir/E2SM-RC-IndicationHeader-Format1.c.o
#9 97.22 [ 53%] Building C object src/sm/rc_sm/ie/asn/CMakeFiles/e2sm_rc_asn1_obj.dir/E2SM-RC-IndicationHeader-Format2.c.o
#9 97.24 [ 53%] Building C object src/sm/rc_sm/ie/asn/CMakeFiles/e2sm_rc_asn1_obj.dir/E2SM-RC-IndicationHeader-Format3.c.o
#9 97.25 [ 53%] Building C object src/sm/rc_sm/ie/asn/CMakeFiles/e2sm_rc_asn1_obj.dir/E2SM-RC-IndicationMessage.c.o
#9 97.27 [ 53%] Building C object src/sm/rc_sm/ie/asn/CMakeFiles/e2sm_rc_asn1_obj.dir/E2SM-RC-IndicationMessage-Format1.c.o
#9 97.27 [ 53%] Building C object src/sm/rc_sm/ie/asn/CMakeFiles/e2sm_rc_asn1_obj.dir/E2SM-RC-IndicationMessage-Format1-Item.c.o
#9 97.29 [ 53%] Building C object src/sm/rc_sm/ie/asn/CMakeFiles/e2sm_rc_asn1_obj.dir/E2SM-RC-IndicationMessage-Format2.c.o
#9 97.30 [ 53%] Building C object src/sm/rc_sm/ie/asn/CMakeFiles/e2sm_rc_asn1_obj.dir/E2SM-RC-IndicationMessage-Format2-Item.c.o
#9 97.32 [ 53%] Building C object src/sm/rc_sm/ie/asn/CMakeFiles/e2sm_rc_asn1_obj.dir/E2SM-RC-IndicationMessage-Format2-RANParameter-Item.c.o
#9 97.32 [ 53%] Building C object src/sm/rc_sm/ie/asn/CMakeFiles/e2sm_rc_asn1_obj.dir/E2SM-RC-IndicationMessage-Format3.c.o
#9 97.35 [ 53%] Building C object src/sm/rc_sm/ie/asn/CMakeFiles/e2sm_rc_asn1_obj.dir/E2SM-RC-IndicationMessage-Format3-Item.c.o
#9 97.35 [ 53%] Building C object src/sm/rc_sm/ie/asn/CMakeFiles/e2sm_rc_asn1_obj.dir/E2SM-RC-IndicationMessage-Format4.c.o
#9 97.37 [ 53%] Building C object src/sm/rc_sm/ie/asn/CMakeFiles/e2sm_rc_asn1_obj.dir/E2SM-RC-IndicationMessage-Format4-ItemCell.c.o
#9 97.38 [ 53%] Building C object src/sm/rc_sm/ie/asn/CMakeFiles/e2sm_rc_asn1_obj.dir/E2SM-RC-IndicationMessage-Format4-ItemUE.c.o
#9 97.40 [ 53%] Building C object src/sm/rc_sm/ie/asn/CMakeFiles/e2sm_rc_asn1_obj.dir/E2SM-RC-IndicationMessage-Format5.c.o
#9 97.40 [ 53%] Building C object src/sm/rc_sm/ie/asn/CMakeFiles/e2sm_rc_asn1_obj.dir/E2SM-RC-IndicationMessage-Format5-Item.c.o
#9 97.43 [ 53%] Building C object src/sm/rc_sm/ie/asn/CMakeFiles/e2sm_rc_asn1_obj.dir/E2SM-RC-IndicationMessage-Format6.c.o
#9 97.43 [ 53%] Building C object src/sm/rc_sm/ie/asn/CMakeFiles/e2sm_rc_asn1_obj.dir/E2SM-RC-IndicationMessage-Format6-Indication-Item.c.o
#9 97.46 [ 53%] Building C object src/sm/rc_sm/ie/asn/CMakeFiles/e2sm_rc_asn1_obj.dir/E2SM-RC-IndicationMessage-Format6-RANP-Item.c.o
#9 97.46 [ 53%] Building C object src/sm/rc_sm/ie/asn/CMakeFiles/e2sm_rc_asn1_obj.dir/E2SM-RC-IndicationMessage-Format6-Style-Item.c.o
#9 97.48 [ 53%] Building C object src/sm/rc_sm/ie/asn/CMakeFiles/e2sm_rc_asn1_obj.dir/E2SM-RC-RANFunctionDefinition.c.o
#9 97.49 [ 53%] Building C object src/sm/rc_sm/ie/asn/CMakeFiles/e2sm_rc_asn1_obj.dir/ENB-ID.c.o
#9 97.51 [ 53%] Building C object src/sm/rc_sm/ie/asn/CMakeFiles/e2sm_rc_asn1_obj.dir/ENB-UE-X2AP-ID.c.o
#9 97.52 [ 53%] Building C object src/sm/rc_sm/ie/asn/CMakeFiles/e2sm_rc_asn1_obj.dir/ENB-UE-X2AP-ID-Extension.c.o
#9 97.54 [ 53%] Building C object src/sm/rc_sm/ie/asn/CMakeFiles/e2sm_rc_asn1_obj.dir/EN-GNB-ID.c.o
#9 97.55 [ 53%] Building C object src/sm/rc_sm/ie/asn/CMakeFiles/e2sm_rc_asn1_obj.dir/ENUMERATED_aper.c.o
#9 97.56 [ 53%] Building C object src/sm/rc_sm/ie/asn/CMakeFiles/e2sm_rc_asn1_obj.dir/ENUMERATED.c.o
#9 97.58 [ 53%] Building C object src/sm/rc_sm/ie/asn/CMakeFiles/e2sm_rc_asn1_obj.dir/E-UTRA-ARFCN.c.o
#9 97.59 [ 53%] Building C object src/sm/rc_sm/ie/asn/CMakeFiles/e2sm_rc_asn1_obj.dir/EUTRACellIdentity.c.o
#9 97.61 [ 53%] Building C object src/sm/rc_sm/ie/asn/CMakeFiles/e2sm_rc_asn1_obj.dir/EUTRA-CGI.c.o
#9 97.62 [ 53%] Building C object src/sm/rc_sm/ie/asn/CMakeFiles/e2sm_rc_asn1_obj.dir/E-UTRA-PCI.c.o
#9 97.63 [ 53%] Building C object src/sm/rc_sm/ie/asn/CMakeFiles/e2sm_rc_asn1_obj.dir/E-UTRA-TAC.c.o
#9 97.65 [ 53%] Building C object src/sm/rc_sm/ie/asn/CMakeFiles/e2sm_rc_asn1_obj.dir/EventTrigger-Cell-Info.c.o
#9 97.66 [ 61%] Building C object src/sm/rc_sm/ie/asn/CMakeFiles/e2sm_rc_asn1_obj.dir/EventTrigger-Cell-Info-Item.c.o
#9 97.68 [ 61%] Building C object src/sm/rc_sm/ie/asn/CMakeFiles/e2sm_rc_asn1_obj.dir/EventTrigger-Cell-Info-Item-Choice-Group.c.o
#9 97.69 [ 61%] Building C object src/sm/rc_sm/ie/asn/CMakeFiles/e2sm_rc_asn1_obj.dir/EventTrigger-Cell-Info-Item-Choice-Individual.c.o
#9 97.71 [ 61%] Building C object src/sm/rc_sm/ie/asn/CMakeFiles/e2sm_rc_asn1_obj.dir/EventTrigger-UEevent-Info.c.o
#9 97.72 [ 61%] Building C object src/sm/rc_sm/ie/asn/CMakeFiles/e2sm_rc_asn1_obj.dir/EventTrigger-UEevent-Info-Item.c.o
#9 97.74 [ 61%] Building C object src/sm/rc_sm/ie/asn/CMakeFiles/e2sm_rc_asn1_obj.dir/EventTrigger-UE-Info.c.o
#9 97.74 [ 61%] Building C object src/sm/rc_sm/ie/asn/CMakeFiles/e2sm_rc_asn1_obj.dir/EventTrigger-UE-Info-Item.c.o
#9 97.77 [ 61%] Building C object src/sm/rc_sm/ie/asn/CMakeFiles/e2sm_rc_asn1_obj.dir/EventTrigger-UE-Info-Item-Choice-Group.c.o
#9 97.77 [ 61%] Building C object src/sm/rc_sm/ie/asn/CMakeFiles/e2sm_rc_asn1_obj.dir/EventTrigger-UE-Info-Item-Choice-Individual.c.o
#9 97.79 [ 61%] Building C object src/sm/rc_sm/ie/asn/CMakeFiles/e2sm_rc_asn1_obj.dir/EXTERNAL.c.o
#9 97.80 [ 61%] Building C object src/sm/rc_sm/ie/asn/CMakeFiles/e2sm_rc_asn1_obj.dir/FiveGS-TAC.c.o
#9 97.82 [ 61%] Building C object src/sm/rc_sm/ie/asn/CMakeFiles/e2sm_rc_asn1_obj.dir/FreqBandNrItem.c.o
#9 97.82 [ 61%] Building C object src/sm/rc_sm/ie/asn/CMakeFiles/e2sm_rc_asn1_obj.dir/FiveQI.c.o
#9 97.85 [ 61%] Building C object src/sm/rc_sm/ie/asn/CMakeFiles/e2sm_rc_asn1_obj.dir/GlobalENB-ID.c.o
#9 97.86 [ 61%] Building C object src/sm/rc_sm/ie/asn/CMakeFiles/e2sm_rc_asn1_obj.dir/GlobalenGNB-ID.c.o
#9 97.88 [ 61%] Building C object src/sm/rc_sm/ie/asn/CMakeFiles/e2sm_rc_asn1_obj.dir/GlobalGNB-ID.c.o
#9 97.88 [ 61%] Building C object src/sm/rc_sm/ie/asn/CMakeFiles/e2sm_rc_asn1_obj.dir/GlobalNgENB-ID.c.o
#9 97.90 [ 61%] Building C object src/sm/rc_sm/ie/asn/CMakeFiles/e2sm_rc_asn1_obj.dir/GlobalNGRANNodeID.c.o
#9 97.91 [ 61%] Building C object src/sm/rc_sm/ie/asn/CMakeFiles/e2sm_rc_asn1_obj.dir/GNB-CU-CP-UE-E1AP-ID.c.o
#9 97.93 [ 61%] Building C object src/sm/rc_sm/ie/asn/CMakeFiles/e2sm_rc_asn1_obj.dir/GNB-CU-UE-F1AP-ID.c.o
#9 97.94 [ 61%] Building C object src/sm/rc_sm/ie/asn/CMakeFiles/e2sm_rc_asn1_obj.dir/GNB-CU-UP-ID.c.o
#9 97.96 [ 61%] Building C object src/sm/rc_sm/ie/asn/CMakeFiles/e2sm_rc_asn1_obj.dir/GNB-DU-ID.c.o
#9 97.96 [ 61%] Building C object src/sm/rc_sm/ie/asn/CMakeFiles/e2sm_rc_asn1_obj.dir/GNB-ID.c.o
#9 97.98 [ 61%] Building C object src/sm/rc_sm/ie/asn/CMakeFiles/e2sm_rc_asn1_obj.dir/GraphicString.c.o
#9 97.99 [ 61%] Building C object src/sm/rc_sm/ie/asn/CMakeFiles/e2sm_rc_asn1_obj.dir/GroupID.c.o
#9 98.01 [ 61%] Building C object src/sm/rc_sm/ie/asn/CMakeFiles/e2sm_rc_asn1_obj.dir/GUAMI.c.o
#9 98.02 [ 61%] Building C object src/sm/rc_sm/ie/asn/CMakeFiles/e2sm_rc_asn1_obj.dir/GUMMEI.c.o
#9 98.04 [ 61%] Building C object src/sm/rc_sm/ie/asn/CMakeFiles/e2sm_rc_asn1_obj.dir/IndexToRFSP.c.o
#9 98.05 [ 61%] Building C object src/sm/rc_sm/ie/asn/CMakeFiles/e2sm_rc_asn1_obj.dir/InsertIndication-RANParameter-Item.c.o
#9 98.07 [ 61%] Building C object src/sm/rc_sm/ie/asn/CMakeFiles/e2sm_rc_asn1_obj.dir/INTEGER_aper.c.o
#9 98.09 [ 61%] Building C object src/sm/rc_sm/ie/asn/CMakeFiles/e2sm_rc_asn1_obj.dir/INTEGER.c.o
#9 98.11 [ 61%] Building C object src/sm/rc_sm/ie/asn/CMakeFiles/e2sm_rc_asn1_obj.dir/INTEGER_print.c.o
#9 98.13 [ 61%] Building C object src/sm/rc_sm/ie/asn/CMakeFiles/e2sm_rc_asn1_obj.dir/INTEGER_rfill.c.o
#9 98.14 [ 61%] Building C object src/sm/rc_sm/ie/asn/CMakeFiles/e2sm_rc_asn1_obj.dir/INTEGER_xer.c.o
#9 98.16 [ 61%] Building C object src/sm/rc_sm/ie/asn/CMakeFiles/e2sm_rc_asn1_obj.dir/InterfaceID-E1.c.o
#9 98.18 [ 61%] Building C object src/sm/rc_sm/ie/asn/CMakeFiles/e2sm_rc_asn1_obj.dir/InterfaceIdentifier.c.o
#9 98.20 [ 61%] Building C object src/sm/rc_sm/ie/asn/CMakeFiles/e2sm_rc_asn1_obj.dir/InterfaceID-F1.c.o
#9 98.21 [ 61%] Building C object src/sm/rc_sm/ie/asn/CMakeFiles/e2sm_rc_asn1_obj.dir/InterfaceID-NG.c.o
#9 98.23 [ 61%] Building C object src/sm/rc_sm/ie/asn/CMakeFiles/e2sm_rc_asn1_obj.dir/InterfaceID-S1.c.o
#9 98.25 [ 69%] Building C object src/sm/rc_sm/ie/asn/CMakeFiles/e2sm_rc_asn1_obj.dir/InterfaceID-W1.c.o
#9 98.26 [ 69%] Building C object src/sm/rc_sm/ie/asn/CMakeFiles/e2sm_rc_asn1_obj.dir/InterfaceID-X2.c.o
#9 98.28 [ 69%] Building C object src/sm/rc_sm/ie/asn/CMakeFiles/e2sm_rc_asn1_obj.dir/InterfaceID-Xn.c.o
#9 98.29 [ 69%] Building C object src/sm/rc_sm/ie/asn/CMakeFiles/e2sm_rc_asn1_obj.dir/Interface-MessageID.c.o
#9 98.31 [ 69%] Building C object src/sm/rc_sm/ie/asn/CMakeFiles/e2sm_rc_asn1_obj.dir/InterfaceType.c.o
#9 98.32 [ 69%] Building C object src/sm/rc_sm/ie/asn/CMakeFiles/e2sm_rc_asn1_obj.dir/L2Parameters-RANParameter-Item.c.o
#9 98.34 [ 69%] Building C object src/sm/rc_sm/ie/asn/CMakeFiles/e2sm_rc_asn1_obj.dir/LogicalOR.c.o
#9 98.35 [ 69%] Building C object src/sm/rc_sm/ie/asn/CMakeFiles/e2sm_rc_asn1_obj.dir/MessageType-Choice.c.o
#9 98.37 [ 69%] Building C object src/sm/rc_sm/ie/asn/CMakeFiles/e2sm_rc_asn1_obj.dir/MessageType-Choice-NI.c.o
#9 98.38 [ 69%] Building C object src/sm/rc_sm/ie/asn/CMakeFiles/e2sm_rc_asn1_obj.dir/MessageType-Choice-RRC.c.o
#9 98.40 [ 69%] Building C object src/sm/rc_sm/ie/asn/CMakeFiles/e2sm_rc_asn1_obj.dir/MME-Group-ID.c.o
#9 98.40 [ 69%] Building C object src/sm/rc_sm/ie/asn/CMakeFiles/e2sm_rc_asn1_obj.dir/MME-Code.c.o
#9 98.44 [ 69%] Building C object src/sm/rc_sm/ie/asn/CMakeFiles/e2sm_rc_asn1_obj.dir/MME-UE-S1AP-ID.c.o
#9 98.44 [ 69%] Building C object src/sm/rc_sm/ie/asn/CMakeFiles/e2sm_rc_asn1_obj.dir/NativeEnumerated_aper.c.o
#9 98.47 [ 69%] Building C object src/sm/rc_sm/ie/asn/CMakeFiles/e2sm_rc_asn1_obj.dir/NativeEnumerated.c.o
#9 98.47 [ 69%] Building C object src/sm/rc_sm/ie/asn/CMakeFiles/e2sm_rc_asn1_obj.dir/NativeEnumerated_xer.c.o
#9 98.50 [ 69%] Building C object src/sm/rc_sm/ie/asn/CMakeFiles/e2sm_rc_asn1_obj.dir/NativeInteger_aper.c.o
#9 98.50 [ 69%] Building C object src/sm/rc_sm/ie/asn/CMakeFiles/e2sm_rc_asn1_obj.dir/NativeInteger.c.o
#9 98.53 [ 69%] Building C object src/sm/rc_sm/ie/asn/CMakeFiles/e2sm_rc_asn1_obj.dir/NativeInteger_print.c.o
#9 98.53 [ 69%] Building C object src/sm/rc_sm/ie/asn/CMakeFiles/e2sm_rc_asn1_obj.dir/NativeInteger_rfill.c.o
#9 98.56 [ 69%] Building C object src/sm/rc_sm/ie/asn/CMakeFiles/e2sm_rc_asn1_obj.dir/NativeInteger_xer.c.o
#9 98.56 [ 69%] Building C object src/sm/rc_sm/ie/asn/CMakeFiles/e2sm_rc_asn1_obj.dir/NativeReal_aper.c.o
#9 98.59 [ 69%] Building C object src/sm/rc_sm/ie/asn/CMakeFiles/e2sm_rc_asn1_obj.dir/NativeReal.c.o
#9 98.60 [ 69%] Building C object src/sm/rc_sm/ie/asn/CMakeFiles/e2sm_rc_asn1_obj.dir/NativeReal_print.c.o
#9 98.63 [ 69%] Building C object src/sm/rc_sm/ie/asn/CMakeFiles/e2sm_rc_asn1_obj.dir/NativeReal_rfill.c.o
#9 98.63 [ 69%] Building C object src/sm/rc_sm/ie/asn/CMakeFiles/e2sm_rc_asn1_obj.dir/NativeReal_xer.c.o
#9 98.66 [ 69%] Building C object src/sm/rc_sm/ie/asn/CMakeFiles/e2sm_rc_asn1_obj.dir/NeighborCell-Item.c.o
#9 98.67 [ 69%] Building C object src/sm/rc_sm/ie/asn/CMakeFiles/e2sm_rc_asn1_obj.dir/NeighborCell-Item-Choice-E-UTRA.c.o
#9 98.69 [ 69%] Building C object src/sm/rc_sm/ie/asn/CMakeFiles/e2sm_rc_asn1_obj.dir/NeighborCell-Item-Choice-NR.c.o
#9 98.70 [ 69%] Building C object src/sm/rc_sm/ie/asn/CMakeFiles/e2sm_rc_asn1_obj.dir/NeighborCell-List.c.o
#9 98.72 [ 69%] Building C object src/sm/rc_sm/ie/asn/CMakeFiles/e2sm_rc_asn1_obj.dir/NeighborRelation-Info.c.o
#9 98.73 [ 69%] Building C object src/sm/rc_sm/ie/asn/CMakeFiles/e2sm_rc_asn1_obj.dir/NGENB-CU-UE-W1AP-ID.c.o
#9 98.75 [ 69%] Building C object src/sm/rc_sm/ie/asn/CMakeFiles/e2sm_rc_asn1_obj.dir/NGENB-DU-ID.c.o
#9 98.76 [ 69%] Building C object src/sm/rc_sm/ie/asn/CMakeFiles/e2sm_rc_asn1_obj.dir/NgENB-ID.c.o
#9 98.78 [ 69%] Building C object src/sm/rc_sm/ie/asn/CMakeFiles/e2sm_rc_asn1_obj.dir/NG-RANnodeUEXnAPID.c.o
#9 98.79 [ 69%] Building C object src/sm/rc_sm/ie/asn/CMakeFiles/e2sm_rc_asn1_obj.dir/NR-ARFCN.c.o
#9 98.82 [ 69%] Building C object src/sm/rc_sm/ie/asn/CMakeFiles/e2sm_rc_asn1_obj.dir/NRCellIdentity.c.o
#9 98.82 [ 69%] Building C object src/sm/rc_sm/ie/asn/CMakeFiles/e2sm_rc_asn1_obj.dir/NR-CGI.c.o
#9 98.85 [ 76%] Building C object src/sm/rc_sm/ie/asn/CMakeFiles/e2sm_rc_asn1_obj.dir/NRFrequencyBandItem.c.o
#9 98.85 [ 76%] Building C object src/sm/rc_sm/ie/asn/CMakeFiles/e2sm_rc_asn1_obj.dir/NRFrequencyBand-List.c.o
#9 98.88 [ 76%] Building C object src/sm/rc_sm/ie/asn/CMakeFiles/e2sm_rc_asn1_obj.dir/NRFrequencyInfo.c.o
#9 98.90 [ 76%] Building C object src/sm/rc_sm/ie/asn/CMakeFiles/e2sm_rc_asn1_obj.dir/NRFrequencyShift7p5khz.c.o
#9 98.92 [ 76%] Building C object src/sm/rc_sm/ie/asn/CMakeFiles/e2sm_rc_asn1_obj.dir/NR-PCI.c.o
#9 98.93 [ 76%] Building C object src/sm/rc_sm/ie/asn/CMakeFiles/e2sm_rc_asn1_obj.dir/ObjectDescriptor.c.o
#9 98.95 [ 76%] Building C object src/sm/rc_sm/ie/asn/CMakeFiles/e2sm_rc_asn1_obj.dir/OBJECT_IDENTIFIER.c.o
#9 98.96 [ 76%] Building C object src/sm/rc_sm/ie/asn/CMakeFiles/e2sm_rc_asn1_obj.dir/OBJECT_IDENTIFIER_print.c.o
#9 99.00 [ 76%] Building C object src/sm/rc_sm/ie/asn/CMakeFiles/e2sm_rc_asn1_obj.dir/OBJECT_IDENTIFIER_rfill.c.o
#9 99.00 [ 76%] Building C object src/sm/rc_sm/ie/asn/CMakeFiles/e2sm_rc_asn1_obj.dir/OBJECT_IDENTIFIER_xer.c.o
#9 99.03 [ 76%] Building C object src/sm/rc_sm/ie/asn/CMakeFiles/e2sm_rc_asn1_obj.dir/OCTET_STRING_aper.c.o
#9 99.03 [ 76%] Building C object src/sm/rc_sm/ie/asn/CMakeFiles/e2sm_rc_asn1_obj.dir/OCTET_STRING.c.o
#9 99.07 [ 76%] Building C object src/sm/rc_sm/ie/asn/CMakeFiles/e2sm_rc_asn1_obj.dir/OCTET_STRING_print.c.o
#9 99.08 [ 76%] Building C object src/sm/rc_sm/ie/asn/CMakeFiles/e2sm_rc_asn1_obj.dir/OCTET_STRING_rfill.c.o
#9 99.10 [ 76%] Building C object src/sm/rc_sm/ie/asn/CMakeFiles/e2sm_rc_asn1_obj.dir/OCTET_STRING_xer.c.o
#9 99.13 [ 76%] Building C object src/sm/rc_sm/ie/asn/CMakeFiles/e2sm_rc_asn1_obj.dir/OPEN_TYPE_aper.c.o
#9 99.15 [ 76%] Building C object src/sm/rc_sm/ie/asn/CMakeFiles/e2sm_rc_asn1_obj.dir/OPEN_TYPE.c.o
#9 99.17 [ 76%] Building C object src/sm/rc_sm/ie/asn/CMakeFiles/e2sm_rc_asn1_obj.dir/OPEN_TYPE_xer.c.o
#9 99.19 [ 76%] Building C object src/sm/rc_sm/ie/asn/CMakeFiles/e2sm_rc_asn1_obj.dir/per_decoder.c.o
#9 99.21 [ 76%] Building C object src/sm/rc_sm/ie/asn/CMakeFiles/e2sm_rc_asn1_obj.dir/per_encoder.c.o
#9 99.21 [ 76%] Building C object src/sm/rc_sm/ie/asn/CMakeFiles/e2sm_rc_asn1_obj.dir/per_opentype.c.o
#9 99.24 [ 76%] Building C object src/sm/rc_sm/ie/asn/CMakeFiles/e2sm_rc_asn1_obj.dir/PLMNIdentity.c.o
#9 99.24 [ 76%] Building C object src/sm/rc_sm/ie/asn/CMakeFiles/e2sm_rc_asn1_obj.dir/per_support.c.o
#9 99.27 [ 76%] Building C object src/sm/rc_sm/ie/asn/CMakeFiles/e2sm_rc_asn1_obj.dir/PolicyAction-RANParameter-Item.c.o
#9 99.28 [ 76%] Building C object src/sm/rc_sm/ie/asn/CMakeFiles/e2sm_rc_asn1_obj.dir/PolicyCondition-RANParameter-Item.c.o
#9 99.31 [ 76%] Building C object src/sm/rc_sm/ie/asn/CMakeFiles/e2sm_rc_asn1_obj.dir/PrintableString.c.o
#9 99.31 [ 76%] Building C object src/sm/rc_sm/ie/asn/CMakeFiles/e2sm_rc_asn1_obj.dir/QCI.c.o
#9 99.34 [ 76%] Building C object src/sm/rc_sm/ie/asn/CMakeFiles/e2sm_rc_asn1_obj.dir/QosFlowIdentifier.c.o
#9 99.34 [ 76%] Building C object src/sm/rc_sm/ie/asn/CMakeFiles/e2sm_rc_asn1_obj.dir/QoSID.c.o
#9 99.36 [ 76%] Building C object src/sm/rc_sm/ie/asn/CMakeFiles/e2sm_rc_asn1_obj.dir/RAN-CallProcess-ID.c.o
#9 99.38 [ 76%] Building C object src/sm/rc_sm/ie/asn/CMakeFiles/e2sm_rc_asn1_obj.dir/RANFunctionDefinition-Control-Action-Item.c.o
#9 99.40 [ 76%] Building C object src/sm/rc_sm/ie/asn/CMakeFiles/e2sm_rc_asn1_obj.dir/RANFunctionDefinition-Control.c.o
#9 99.41 [ 76%] Building C object src/sm/rc_sm/ie/asn/CMakeFiles/e2sm_rc_asn1_obj.dir/RANFunctionDefinition-Control-Item.c.o
#9 99.44 [ 76%] Building C object src/sm/rc_sm/ie/asn/CMakeFiles/e2sm_rc_asn1_obj.dir/RANFunctionDefinition-EventTrigger-Breakpoint-Item.c.o
#9 99.45 [ 76%] Building C object src/sm/rc_sm/ie/asn/CMakeFiles/e2sm_rc_asn1_obj.dir/RANFunctionDefinition-EventTrigger.c.o
#9 99.49 [ 76%] Building C object src/sm/rc_sm/ie/asn/CMakeFiles/e2sm_rc_asn1_obj.dir/RANFunctionDefinition-EventTrigger-CallProcess-Item.c.o
#9 99.49 [ 76%] Building C object src/sm/rc_sm/ie/asn/CMakeFiles/e2sm_rc_asn1_obj.dir/RANFunctionDefinition-EventTrigger-Style-Item.c.o
#9 99.52 [ 76%] Building C object src/sm/rc_sm/ie/asn/CMakeFiles/e2sm_rc_asn1_obj.dir/RANFunctionDefinition-Insert.c.o
#9 99.53 [ 76%] Building C object src/sm/rc_sm/ie/asn/CMakeFiles/e2sm_rc_asn1_obj.dir/RANFunctionDefinition-Insert-Indication-Item.c.o
#9 99.55 [ 84%] Building C object src/sm/rc_sm/ie/asn/CMakeFiles/e2sm_rc_asn1_obj.dir/RANFunctionDefinition-Insert-Item.c.o
#9 99.56 [ 84%] Building C object src/sm/rc_sm/ie/asn/CMakeFiles/e2sm_rc_asn1_obj.dir/RANFunctionDefinition-Policy-Action-Item.c.o
#9 99.59 [ 84%] Building C object src/sm/rc_sm/ie/asn/CMakeFiles/e2sm_rc_asn1_obj.dir/RANFunctionDefinition-Policy.c.o
#9 99.61 [ 84%] Building C object src/sm/rc_sm/ie/asn/CMakeFiles/e2sm_rc_asn1_obj.dir/RANFunctionDefinition-Policy-Item.c.o
#9 99.62 [ 84%] Building C object src/sm/rc_sm/ie/asn/CMakeFiles/e2sm_rc_asn1_obj.dir/RANFunctionDefinition-Report.c.o
#9 99.65 [ 84%] Building C object src/sm/rc_sm/ie/asn/CMakeFiles/e2sm_rc_asn1_obj.dir/RANFunctionDefinition-Report-Item.c.o
#9 99.67 [ 84%] Building C object src/sm/rc_sm/ie/asn/CMakeFiles/e2sm_rc_asn1_obj.dir/RANfunction-Name.c.o
#9 99.68 [ 84%] Building C object src/sm/rc_sm/ie/asn/CMakeFiles/e2sm_rc_asn1_obj.dir/RANParameter-Definition.c.o
#9 99.71 [ 84%] Building C object src/sm/rc_sm/ie/asn/CMakeFiles/e2sm_rc_asn1_obj.dir/RANParameter-Definition-Choice.c.o
#9 99.73 [ 84%] Building C object src/sm/rc_sm/ie/asn/CMakeFiles/e2sm_rc_asn1_obj.dir/RANParameter-Definition-Choice-LIST.c.o
#9 99.75 [ 84%] Building C object src/sm/rc_sm/ie/asn/CMakeFiles/e2sm_rc_asn1_obj.dir/RANParameter-Definition-Choice-LIST-Item.c.o
#9 99.76 [ 84%] Building C object src/sm/rc_sm/ie/asn/CMakeFiles/e2sm_rc_asn1_obj.dir/RANParameter-Definition-Choice-STRUCTURE.c.o
#9 99.79 [ 84%] Building C object src/sm/rc_sm/ie/asn/CMakeFiles/e2sm_rc_asn1_obj.dir/RANParameter-Definition-Choice-STRUCTURE-Item.c.o
#9 99.79 [ 84%] Building C object src/sm/rc_sm/ie/asn/CMakeFiles/e2sm_rc_asn1_obj.dir/RANParameter-ID.c.o
#9 99.83 [ 84%] Building C object src/sm/rc_sm/ie/asn/CMakeFiles/e2sm_rc_asn1_obj.dir/RANParameter-LIST.c.o
#9 99.83 [ 84%] Building C object src/sm/rc_sm/ie/asn/CMakeFiles/e2sm_rc_asn1_obj.dir/RANParameter-Name.c.o
#9 99.87 [ 84%] Building C object src/sm/rc_sm/ie/asn/CMakeFiles/e2sm_rc_asn1_obj.dir/RANParameter-STRUCTURE.c.o
#9 99.88 [ 84%] Building C object src/sm/rc_sm/ie/asn/CMakeFiles/e2sm_rc_asn1_obj.dir/RANParameter-STRUCTURE-Item.c.o
#9 99.92 [ 84%] Building C object src/sm/rc_sm/ie/asn/CMakeFiles/e2sm_rc_asn1_obj.dir/RANParameter-Testing.c.o
#9 99.92 [ 84%] Building C object src/sm/rc_sm/ie/asn/CMakeFiles/e2sm_rc_asn1_obj.dir/RANParameter-TestingCondition.c.o
#9 99.95 [ 84%] Building C object src/sm/rc_sm/ie/asn/CMakeFiles/e2sm_rc_asn1_obj.dir/RANParameter-Testing-Item.c.o
#9 99.95 [ 84%] Building C object src/sm/rc_sm/ie/asn/CMakeFiles/e2sm_rc_asn1_obj.dir/RANParameter-Testing-Item-Choice-ElementFalse.c.o
#9 99.98 [ 84%] Building C object src/sm/rc_sm/ie/asn/CMakeFiles/e2sm_rc_asn1_obj.dir/RANParameter-Testing-Item-Choice-ElementTrue.c.o
#9 99.99 [ 84%] Building C object src/sm/rc_sm/ie/asn/CMakeFiles/e2sm_rc_asn1_obj.dir/RANParameter-Testing-Item-Choice-List.c.o
#9 100.0 [ 84%] Building C object src/sm/rc_sm/ie/asn/CMakeFiles/e2sm_rc_asn1_obj.dir/RANParameter-Testing-Item-Choice-Structure.c.o
#9 100.0 [ 84%] Building C object src/sm/rc_sm/ie/asn/CMakeFiles/e2sm_rc_asn1_obj.dir/RANParameter-Testing-LIST.c.o
#9 100.0 [ 84%] Building C object src/sm/rc_sm/ie/asn/CMakeFiles/e2sm_rc_asn1_obj.dir/RANParameter-Testing-STRUCTURE.c.o
#9 100.1 [ 84%] Building C object src/sm/rc_sm/ie/asn/CMakeFiles/e2sm_rc_asn1_obj.dir/RANParameter-Value.c.o
#9 100.1 [ 84%] Building C object src/sm/rc_sm/ie/asn/CMakeFiles/e2sm_rc_asn1_obj.dir/RANParameter-ValueType.c.o
#9 100.1 [ 84%] Building C object src/sm/rc_sm/ie/asn/CMakeFiles/e2sm_rc_asn1_obj.dir/RANParameter-ValueType-Choice-ElementFalse.c.o
#9 100.1 [ 84%] Building C object src/sm/rc_sm/ie/asn/CMakeFiles/e2sm_rc_asn1_obj.dir/RANParameter-ValueType-Choice-ElementTrue.c.o
#9 100.1 [ 84%] Building C object src/sm/rc_sm/ie/asn/CMakeFiles/e2sm_rc_asn1_obj.dir/RANParameter-ValueType-Choice-List.c.o
#9 100.2 [ 84%] Building C object src/sm/rc_sm/ie/asn/CMakeFiles/e2sm_rc_asn1_obj.dir/RANParameter-ValueType-Choice-Structure.c.o
#9 100.2 [ 84%] Building C object src/sm/rc_sm/ie/asn/CMakeFiles/e2sm_rc_asn1_obj.dir/RANUEID.c.o
#9 100.2 [ 84%] Building C object src/sm/rc_sm/ie/asn/CMakeFiles/e2sm_rc_asn1_obj.dir/REAL_aper.c.o
#9 100.2 [ 84%] Building C object src/sm/rc_sm/ie/asn/CMakeFiles/e2sm_rc_asn1_obj.dir/REAL.c.o
#9 100.2 [ 84%] Building C object src/sm/rc_sm/ie/asn/CMakeFiles/e2sm_rc_asn1_obj.dir/REAL_print.c.o
#9 100.3 [ 84%] Building C object src/sm/rc_sm/ie/asn/CMakeFiles/e2sm_rc_asn1_obj.dir/REAL_rfill.c.o
#9 100.3 [ 84%] Building C object src/sm/rc_sm/ie/asn/CMakeFiles/e2sm_rc_asn1_obj.dir/REAL_xer.c.o
#9 100.3 [ 92%] Building C object src/sm/rc_sm/ie/asn/CMakeFiles/e2sm_rc_asn1_obj.dir/Report-RANParameter-Item.c.o
#9 100.3 [ 92%] Building C object src/sm/rc_sm/ie/asn/CMakeFiles/e2sm_rc_asn1_obj.dir/RIC-CallProcessBreakpoint-ID.c.o
#9 100.4 [ 92%] Building C object src/sm/rc_sm/ie/asn/CMakeFiles/e2sm_rc_asn1_obj.dir/RIC-CallProcessBreakpoint-Name.c.o
#9 100.4 [ 92%] Building C object src/sm/rc_sm/ie/asn/CMakeFiles/e2sm_rc_asn1_obj.dir/RIC-CallProcessType-ID.c.o
#9 100.4 [ 92%] Building C object src/sm/rc_sm/ie/asn/CMakeFiles/e2sm_rc_asn1_obj.dir/RIC-CallProcessType-Name.c.o
#9 100.4 [ 92%] Building C object src/sm/rc_sm/ie/asn/CMakeFiles/e2sm_rc_asn1_obj.dir/RIC-ControlAction-ID.c.o
#9 100.5 [ 92%] Building C object src/sm/rc_sm/ie/asn/CMakeFiles/e2sm_rc_asn1_obj.dir/RIC-ControlAction-Name.c.o
#9 100.5 [ 92%] Building C object src/sm/rc_sm/ie/asn/CMakeFiles/e2sm_rc_asn1_obj.dir/RIC-EventTrigger-Cell-ID.c.o
#9 100.5 [ 92%] Building C object src/sm/rc_sm/ie/asn/CMakeFiles/e2sm_rc_asn1_obj.dir/RIC-EventTriggerCondition-ID.c.o
#9 100.5 [ 92%] Building C object src/sm/rc_sm/ie/asn/CMakeFiles/e2sm_rc_asn1_obj.dir/RIC-EventTrigger-UEevent-ID.c.o
#9 100.5 [ 92%] Building C object src/sm/rc_sm/ie/asn/CMakeFiles/e2sm_rc_asn1_obj.dir/RIC-EventTrigger-UE-ID.c.o
#9 100.5 [ 92%] Building C object src/sm/rc_sm/ie/asn/CMakeFiles/e2sm_rc_asn1_obj.dir/RIC-Format-Type.c.o
#9 100.6 [ 92%] Building C object src/sm/rc_sm/ie/asn/CMakeFiles/e2sm_rc_asn1_obj.dir/RIC-InsertIndication-ID.c.o
#9 100.6 [ 92%] Building C object src/sm/rc_sm/ie/asn/CMakeFiles/e2sm_rc_asn1_obj.dir/RIC-InsertIndication-Name.c.o
#9 100.6 [ 92%] Building C object src/sm/rc_sm/ie/asn/CMakeFiles/e2sm_rc_asn1_obj.dir/RIC-PolicyAction.c.o
#9 100.6 [ 92%] Building C object src/sm/rc_sm/ie/asn/CMakeFiles/e2sm_rc_asn1_obj.dir/RIC-PolicyAction-RANParameter-Item.c.o
#9 100.6 [ 92%] Building C object src/sm/rc_sm/ie/asn/CMakeFiles/e2sm_rc_asn1_obj.dir/RIC-Style-Name.c.o
#9 100.7 [ 92%] Building C object src/sm/rc_sm/ie/asn/CMakeFiles/e2sm_rc_asn1_obj.dir/RIC-Style-Type.c.o
#9 100.7 [ 92%] Building C object src/sm/rc_sm/ie/asn/CMakeFiles/e2sm_rc_asn1_obj.dir/RRCclass-LTE.c.o
#9 100.7 [ 92%] Building C object src/sm/rc_sm/ie/asn/CMakeFiles/e2sm_rc_asn1_obj.dir/RRCclass-NR.c.o
#9 100.7 [ 92%] Building C object src/sm/rc_sm/ie/asn/CMakeFiles/e2sm_rc_asn1_obj.dir/RRC-MessageID.c.o
#9 100.7 [ 92%] Building C object src/sm/rc_sm/ie/asn/CMakeFiles/e2sm_rc_asn1_obj.dir/RRC-State.c.o
#9 100.8 [ 92%] Building C object src/sm/rc_sm/ie/asn/CMakeFiles/e2sm_rc_asn1_obj.dir/SD.c.o
#9 100.8 [ 92%] Building C object src/sm/rc_sm/ie/asn/CMakeFiles/e2sm_rc_asn1_obj.dir/ServingCell-ARFCN.c.o
#9 100.8 [ 92%] Building C object src/sm/rc_sm/ie/asn/CMakeFiles/e2sm_rc_asn1_obj.dir/ServingCell-PCI.c.o
#9 100.8 [ 92%] Building C object src/sm/rc_sm/ie/asn/CMakeFiles/e2sm_rc_asn1_obj.dir/S-NSSAI.c.o
#9 100.8 [ 92%] Building C object src/sm/rc_sm/ie/asn/CMakeFiles/e2sm_rc_asn1_obj.dir/SST.c.o
#9 100.9 [ 92%] Building C object src/sm/rc_sm/ie/asn/CMakeFiles/e2sm_rc_asn1_obj.dir/SubscriberProfileIDforRFP.c.o
#9 100.9 [ 92%] Building C object src/sm/rc_sm/ie/asn/CMakeFiles/e2sm_rc_asn1_obj.dir/SupportedSULBandList.c.o
#9 100.9 [ 92%] Building C object src/sm/rc_sm/ie/asn/CMakeFiles/e2sm_rc_asn1_obj.dir/SupportedSULFreqBandItem.c.o
#9 100.9 [ 92%] Building C object src/sm/rc_sm/ie/asn/CMakeFiles/e2sm_rc_asn1_obj.dir/TriggerType-Choice.c.o
#9 100.9 [ 92%] Building C object src/sm/rc_sm/ie/asn/CMakeFiles/e2sm_rc_asn1_obj.dir/TriggerType-Choice-L2state.c.o
#9 101.0 [ 92%] Building C object src/sm/rc_sm/ie/asn/CMakeFiles/e2sm_rc_asn1_obj.dir/TriggerType-Choice-RRCstate.c.o
#9 101.0 [ 92%] Building C object src/sm/rc_sm/ie/asn/CMakeFiles/e2sm_rc_asn1_obj.dir/TriggerType-Choice-RRCstate-Item.c.o
#9 101.0 [ 92%] Building C object src/sm/rc_sm/ie/asn/CMakeFiles/e2sm_rc_asn1_obj.dir/TriggerType-Choice-UEID.c.o
#9 101.0 [ 92%] Building C object src/sm/rc_sm/ie/asn/CMakeFiles/e2sm_rc_asn1_obj.dir/UEID.c.o
#9 101.0 [ 92%] Building C object src/sm/rc_sm/ie/asn/CMakeFiles/e2sm_rc_asn1_obj.dir/UEID-ENB.c.o
#9 101.1 [ 92%] Building C object src/sm/rc_sm/ie/asn/CMakeFiles/e2sm_rc_asn1_obj.dir/UEID-EN-GNB.c.o
#9 101.1 [100%] Building C object src/sm/rc_sm/ie/asn/CMakeFiles/e2sm_rc_asn1_obj.dir/UEIdentification-RANParameter-Item.c.o
#9 101.1 [100%] Building C object src/sm/rc_sm/ie/asn/CMakeFiles/e2sm_rc_asn1_obj.dir/UEID-GNB.c.o
#9 101.1 [100%] Building C object src/sm/rc_sm/ie/asn/CMakeFiles/e2sm_rc_asn1_obj.dir/UEID-GNB-CU-CP-E1AP-ID-Item.c.o
#9 101.1 [100%] Building C object src/sm/rc_sm/ie/asn/CMakeFiles/e2sm_rc_asn1_obj.dir/UEID-GNB-CU-CP-E1AP-ID-List.c.o
#9 101.1 [100%] Building C object src/sm/rc_sm/ie/asn/CMakeFiles/e2sm_rc_asn1_obj.dir/UEID-GNB-CU-CP-F1AP-ID-Item.c.o
#9 101.2 [100%] Building C object src/sm/rc_sm/ie/asn/CMakeFiles/e2sm_rc_asn1_obj.dir/UEID-GNB-CU-F1AP-ID-List.c.o
#9 101.2 [100%] Building C object src/sm/rc_sm/ie/asn/CMakeFiles/e2sm_rc_asn1_obj.dir/UEID-GNB-CU-UP.c.o
#9 101.2 [100%] Building C object src/sm/rc_sm/ie/asn/CMakeFiles/e2sm_rc_asn1_obj.dir/UEID-GNB-DU.c.o
#9 101.2 [100%] Building C object src/sm/rc_sm/ie/asn/CMakeFiles/e2sm_rc_asn1_obj.dir/UEID-NG-ENB.c.o
#9 101.2 [100%] Building C object src/sm/rc_sm/ie/asn/CMakeFiles/e2sm_rc_asn1_obj.dir/UEID-NG-ENB-DU.c.o
#9 101.2 [100%] Building C object src/sm/rc_sm/ie/asn/CMakeFiles/e2sm_rc_asn1_obj.dir/xer_decoder.c.o
#9 101.3 [100%] Building C object src/sm/rc_sm/ie/asn/CMakeFiles/e2sm_rc_asn1_obj.dir/xer_encoder.c.o
#9 101.3 [100%] Building C object src/sm/rc_sm/ie/asn/CMakeFiles/e2sm_rc_asn1_obj.dir/xer_support.c.o
#9 101.3 [100%] Built target e2sm_rc_asn1_obj
#9 101.3 [100%] Building C object src/sm/rc_sm/CMakeFiles/rc_sm.dir/rc_sm_agent.c.o
#9 101.3 [100%] Building C object src/sm/rc_sm/CMakeFiles/rc_sm.dir/__/sm_proc_data.c.o
#9 101.4 [100%] Building C object src/sm/rc_sm/CMakeFiles/rc_sm.dir/rc_sm_ric.c.o
#9 101.4 [100%] Building C object src/sm/rc_sm/CMakeFiles/rc_sm.dir/__/__/util/byte_array.c.o
#9 101.4 [100%] Building C object src/sm/rc_sm/CMakeFiles/rc_sm.dir/__/__/util/alg_ds/alg/defer.c.o
#9 101.5 [100%] Building C object src/sm/rc_sm/CMakeFiles/rc_sm.dir/__/__/util/alg_ds/ds/seq_container/seq_arr.c.o
#9 101.5 [100%] Building C object src/sm/rc_sm/CMakeFiles/rc_sm.dir/__/__/util/alg_ds/alg/eq_float.c.o
#9 101.5 [100%] Building C object src/sm/rc_sm/CMakeFiles/rc_sm.dir/__/__/util/alg_ds/ds/seq_container/seq_ring.c.o
#9 101.5 [100%] Building C object src/sm/rc_sm/CMakeFiles/rc_sm.dir/__/__/util/alg_ds/ds/assoc_container/assoc_rb_tree.c.o
#9 101.6 [100%] Building C object src/sm/rc_sm/CMakeFiles/rc_sm.dir/__/__/util/alg_ds/ds/assoc_container/bimap.c.o
#9 101.6 [100%] Building C object src/sm/rc_sm/CMakeFiles/rc_sm.dir/ie/rc_data_ie.c.o
#9 101.6 [100%] Building C object src/sm/rc_sm/CMakeFiles/rc_sm.dir/enc/rc_enc_asn.c.o
#9 101.6 [100%] Building C object src/sm/rc_sm/CMakeFiles/rc_sm.dir/dec/rc_dec_asn.c.o
#9 101.8 [100%] Linking C shared library librc_sm.so
#9 101.9 /usr/bin/ld: warning: CMakeFiles/rc_sm.dir/rc_sm_agent.c.o: requires executable stack (because the .note.GNU-stack section is executable)
#9 102.0 [100%] Built target rc_sm
#9 102.0 -- Install configuration: "Debug"
#9 102.0 -- Installing: /opt/oai/etc/flexric/flexric.conf
#9 102.0 -- Installing: /opt/oai/lib/flexric/libmac_sm.so
#9 102.0 -- Installing: /opt/oai/lib/flexric/librlc_sm.so
#9 102.0 -- Installing: /opt/oai/lib/flexric/libpdcp_sm.so
#9 102.0 -- Installing: /opt/oai/lib/flexric/libslice_sm.so
#9 102.0 -- Installing: /opt/oai/lib/flexric/libtc_sm.so
#9 102.0 -- Installing: /opt/oai/lib/flexric/libgtp_sm.so
#9 102.0 -- Installing: /opt/oai/lib/flexric/libkpm_sm.so
#9 102.0 -- Installing: /opt/oai/lib/flexric/librc_sm.so
#9 DONE 102.1s

#10 [xapp 1/2] RUN mkdir -p /opt/oai/bin /opt/oai/sm && cp /source/flexric/build/examples/xApp/c/monitor/xapp_kpm_moni_write_to_csv /opt/oai/bin/ && cp -a /opt/oai/lib/flexric/*.so /opt/oai/sm/
#10 DONE 0.5s

#11 [xapp 2/2] WORKDIR /opt/oai
#11 DONE 0.0s

#12 exporting to image
#12 exporting layers
#12 exporting layers 4.5s done
#12 writing image sha256:ac5da67dcefbc4e65967ad318f111e12420fb3ef7a3226e774f7842aefc0ab87 done
#12 naming to docker.io/library/oai-lab-xapp:dc3a036d6734068e done
#12 DONE 4.5s
Built oai-lab-xapp:dc3a036d6734068e
