Trying to read .yaml configuration file
LTTNG Tracing disabled at build-time!
[2026-09-27 18:41:03.376] [amf_app] [start] Options parsed!
[2026-09-27 18:41:03.376] [system ] [debug] Parsing the configuration file, file type YAML.
[2026-09-27 18:41:03.377] [config ] [info] Reading NF configuration from /config/config.yaml
[2026-09-27 18:41:03.383] [config ] [debug] Unknown NF udr in configuration. Ignored
[2026-09-27 18:41:03.383] [config ] [debug] Unknown NF upf in configuration. Ignored
[2026-09-27 18:41:03.383] [config ] [debug] Validating configuration of log_level
[2026-09-27 18:41:03.383] [config ] [debug] Validating configuration of register_nf
[2026-09-27 18:41:03.383] [config ] [debug] Validating configuration of http_version
[2026-09-27 18:41:03.383] [config ] [debug] Validating configuration of http_request_timeout
[2026-09-27 18:41:03.383] [config ] [debug] Validating configuration of NSSF
[2026-09-27 18:41:03.383] [config ] [debug] Validating configuration of NRF
[2026-09-27 18:41:03.384] [config ] [debug] Validating configuration of UDM
[2026-09-27 18:41:03.384] [config ] [debug] Validating configuration of AUSF
[2026-09-27 18:41:03.384] [config ] [debug] Validating configuration of SMF
[2026-09-27 18:41:03.384] [config ] [debug] Validating configuration of AMF
[2026-09-27 18:41:03.386] [config ] [debug] Validating configuration of database
[2026-09-27 18:41:03.386] [config] [info] ==== OAI-CN5G AMF vBranch: HEAD Abrev. Hash: 5ad2873c Date: Tue Dec 9 12:09:26 2025 +0000 ====
[2026-09-27 18:41:03.386] [config] [info] ======================    AMF   =====================
[2026-09-27 18:41:03.386] [config] [info] Configuration AMF:
[2026-09-27 18:41:03.386] [config] [info] - Instance ................: 1
[2026-09-27 18:41:03.386] [config] [info] - PID dir .................: /var/run
[2026-09-27 18:41:03.386] [config] [info] - AMF NAME.................: amf
[2026-09-27 18:41:03.386] [config] [info] - GUAMI (MCC, MNC, Region ID, AMF Set ID, AMF pointer): 
[2026-09-27 18:41:03.386] [config] [info]     (001, 01, 1, 0, 0)
[2026-09-27 18:41:03.386] [config] [info] - Served Guami List:
[2026-09-27 18:41:03.386] [config] [info]     (001, 01, 1 , 0, 0)
[2026-09-27 18:41:03.386] [config] [info] - Relative Capacity .......: 30
[2026-09-27 18:41:03.386] [config] [info] - PLMN Support: 
[2026-09-27 18:41:03.386] [config] [info]     MCC, MNC ..............: 001, 01
[2026-09-27 18:41:03.386] [config] [info]     TAC ...................: 7
[2026-09-27 18:41:03.386] [config] [info]     Slice Support .........:
[2026-09-27 18:41:03.386] [config] [info]         SST ...............: 1
[2026-09-27 18:41:03.386] [config] [info] - Default DNN.................: default
[2026-09-27 18:41:03.386] [config] [info] - Emergency Support .......: No
[2026-09-27 18:41:03.386] [config] [info] - N2 Networking:
[2026-09-27 18:41:03.386] [config] [info]     Iface .................: n2
[2026-09-27 18:41:03.386] [config] [info]     IP Addr ...............: 172.30.22.10
[2026-09-27 18:41:03.386] [config] [info]     Port ..................: 38412
[2026-09-27 18:41:03.386] [config] [info] - SBI Networking:
[2026-09-27 18:41:03.386] [config] [info]     Iface .................: eth0
[2026-09-27 18:41:03.386] [config] [info]     IP Addr ...............: 10.244.0.150
[2026-09-27 18:41:03.386] [config] [info]     Port ..................: 80
[2026-09-27 18:41:03.386] [config] [info]     API version............: v1
[2026-09-27 18:41:03.386] [config] [info] - NRF:
[2026-09-27 18:41:03.386] [config] [info]     URI root ...............: http://oai-nrf:80
[2026-09-27 18:41:03.386] [config] [info]     API version ...........: v1
[2026-09-27 18:41:03.386] [config] [info] - AUSF:
[2026-09-27 18:41:03.386] [config] [info]     URI root ...............: http://oai-ausf:80
[2026-09-27 18:41:03.386] [config] [info]     API version ...........: v1
[2026-09-27 18:41:03.386] [config] [info] - UDM:
[2026-09-27 18:41:03.386] [config] [info]     URI root ...............: http://oai-udm:80
[2026-09-27 18:41:03.386] [config] [info]     API version ...........: v1
[2026-09-27 18:41:03.386] [config] [info] - Supported Features:
[2026-09-27 18:41:03.386] [config] [info]     NF Registration .......: Yes
[2026-09-27 18:41:03.386] [config] [info]     SMF Selection .........: Yes
[2026-09-27 18:41:03.386] [config] [info]     External AUSF .........: Yes
[2026-09-27 18:41:03.386] [config] [info]     External UDM ..........: Yes
[2026-09-27 18:41:03.386] [config] [info]     External NSSF .........: No
[2026-09-27 18:41:03.386] [config] [info]     External LMF ..........: No
[2026-09-27 18:41:03.386] [config] [info]     HTTP version...........: 1
[2026-09-27 18:41:03.386] [config] [info] - Log Level ...............: debug
[2026-09-27 18:41:03.386] [config] [info] - Supported NAS Algorithm: 
[2026-09-27 18:41:03.386] [config] [info]     Ordered Integrity Algorithm: 5G_IA1 5G_IA2 
[2026-09-27 18:41:03.386] [config] [info]     Ordered Ciphering Algorithm: 5G_EA0 5G_EA1 5G_EA2 
[2026-09-27 18:41:03.386] [itti] [start] Starting...
[2026-09-27 18:41:03.386] [itti] [start] Started
[2026-09-27 18:41:03.386] [amf_sbi] [info] HTTP Client successfully initiated on interface eth0 with timeout 3000 ms, HTTP version 1
[2026-09-27 18:41:03.386] [amf_app] [start] Creating AMF application functionality layer
[2026-09-27 18:41:03.386] [itti] [info] Starting timer_manager_task
[2026-09-27 18:41:03.386] [itti] [warning] Could not set schedparam to ITTI task 0, err=1
[2026-09-27 18:41:03.387] [amf_n1] [start] amf_n1 started
[2026-09-27 18:41:03.387] [sctp] [debug] Creating socket!
[2026-09-27 18:41:03.387] [sctp] [debug] Getaddrinfo on 172.30.22.10 was OK
[2026-09-27 18:41:03.387] [sctp] [info] Created socket (3)
[2026-09-27 18:41:03.388] [ngap] [info] Set N2 AMF IPv4 Addr 172.30.22.10, port 38412
[2026-09-27 18:41:03.388] [sctp] [info] Create pthread to receive SCTP message
[2026-09-27 18:41:03.389] [amf_n2] [start] amf_n2 started
[2026-09-27 18:41:03.390] [amf_sbi] [start] amf_sbi started
[2026-09-27 18:41:03.390] [amf_app] [debug] NF instance info
[2026-09-27 18:41:03.390] [amf_app] [debug] 	Instance ID: 4042849f-78a0-49bf-9f1a-180c59d6e83a
[2026-09-27 18:41:03.390] [amf_app] [debug] 	Instance name: amf
[2026-09-27 18:41:03.390] [amf_app] [debug] 	Instance type: AMF
[2026-09-27 18:41:03.390] [amf_app] [debug] 	Status: REGISTERED
[2026-09-27 18:41:03.390] [amf_app] [debug] 	HeartBeat timer: 50
[2026-09-27 18:41:03.390] [amf_app] [debug] 	Priority: 1
[2026-09-27 18:41:03.390] [amf_app] [debug] 	Capacity: 100
[2026-09-27 18:41:03.390] [amf_app] [debug] 	SNSSAI:
[2026-09-27 18:41:03.390] [amf_app] [debug] 		 SST, SD: 1, FFFFFF
[2026-09-27 18:41:03.390] [amf_app] [debug] 	IPv4 Addr:
[2026-09-27 18:41:03.390] [amf_app] [debug] 		 10.244.0.150
[2026-09-27 18:41:03.390] [amf_app] [debug] 	NF Service
[2026-09-27 18:41:03.390] [amf_app] [debug] 		Service Instance ID: 4042849f-78a0-49bf-9f1a-180c59d6e83a, Service name: namf-comm, Version (apiVersionInUri: v1, apiFullVersion: 1.0.0 ), Scheme: http, Service status: REGISTERED,  IpEndPoints: Ipv4 Address: 10.244.0.150, TransportProtocol: TCP, Port: 80
[2026-09-27 18:41:03.390] [amf_app] [debug] 		Service Instance ID: namf-evts, Service name: namf-evts, Version (apiVersionInUri: v1, apiFullVersion: 1.0.0 ), Scheme: http, Service status: REGISTERED,  IpEndPoints: Ipv4 Address: 10.244.0.150, TransportProtocol: TCP, Port: 80
[2026-09-27 18:41:03.390] [amf_app] [debug] 	NF Service List
[2026-09-27 18:41:03.390] [amf_app] [debug] 		4042849f-78a0-49bf-9f1a-180c59d6e83a
[2026-09-27 18:41:03.390] [amf_app] [debug] 			Service Instance ID: 4042849f-78a0-49bf-9f1a-180c59d6e83a, Service name: namf-comm, Version (apiVersionInUri: v1, apiFullVersion: 1.0.0 ), Scheme: http, Service status: REGISTERED,  IpEndPoints: Ipv4 Address: 10.244.0.150, TransportProtocol: TCP, Port: 80
[2026-09-27 18:41:03.390] [amf_app] [debug] 	AMF Info
[2026-09-27 18:41:03.390] [amf_app] [debug] 		AMF Set ID: 000, AMF Region ID: 01
[2026-09-27 18:41:03.390] [amf_app] [debug] 		AMF GUAMI List, AMF_ID: 010000
[2026-09-27 18:41:03.390] [amf_app] [debug] 		AMF GUAMI List, PLMN (MCC: 001, MNC: 01)
[2026-09-27 18:41:03.390] [amf_app] [start] Started timer (1)
[2026-09-27 18:41:03.390] [amf_app] [debug] Send ITTI msg to SBI task to trigger the registration request towards all appropriate NRFs
[2026-09-27 18:41:03.390] [amf_app] [debug] Initiating AMF server endpoints
[2026-09-27 18:41:03.390] [amf_sbi] [info] Receive Register NF Instance Request, handling ...
[2026-09-27 18:41:03.390] [amf_sbi] [debug] Send NF Instance Registration to NRF
[2026-09-27 18:41:03.390] [amf_app] [debug] AMF profile to json:
 {"amfInfo":{"amfRegionId":"01","amfSetId":"000","guamiList":[{"amfId":"010000","plmnId":{"mcc":"001","mnc":"01"}}]},"capacity":100,"custom_info":null,"heartBeatTimer":50,"ipv4Addresses":["10.244.0.150"],"nfInstanceId":"4042849f-78a0-49bf-9f1a-180c59d6e83a","nfInstanceName":"amf","nfServiceList":{"4042849f-78a0-49bf-9f1a-180c59d6e83a":{"ipEndPoints":[{"ipv4Address":"10.244.0.150","port":80,"transport":"TCP"}],"nfServiceStatus":"REGISTERED","scheme":"http","serviceInstanceId":"4042849f-78a0-49bf-9f1a-180c59d6e83a","serviceName":"namf-comm","versions":[{"apiFullVersion":"1.0.0","apiVersionInUri":"v1"}]}},"nfServices":[{"ipEndPoints":[{"ipv4Address":"10.244.0.150","port":80,"transport":"TCP"}],"nfServiceStatus":"REGISTERED","scheme":"http","serviceInstanceId":"4042849f-78a0-49bf-9f1a-180c59d6e83a","serviceName":"namf-comm","versions":[{"apiFullVersion":"1.0.0","apiVersionInUri":"v1"}]},{"ipEndPoints":[{"ipv4Address":"10.244.0.150","port":80,"transport":"TCP"}],"nfServiceStatus":"REGISTERED","scheme":"http","serviceInstanceId":"namf-evts","serviceName":"namf-evts","versions":[{"apiFullVersion":"1.0.0","apiVersionInUri":"v1"}]}],"nfStatus":"REGISTERED","nfType":"AMF","priority":1,"sNssais":[{"sd":"FFFFFF","sst":1}]}
[2026-09-27 18:41:03.391] [amf_sbi] [info] Send HTTP message to http://oai-nrf:80/nnrf-nfm/v1/nf-instances/4042849f-78a0-49bf-9f1a-180c59d6e83a
[2026-09-27 18:41:03.391] [amf_sbi] [info] HTTP message Body: {"amfInfo":{"amfRegionId":"01","amfSetId":"000","guamiList":[{"amfId":"010000","plmnId":{"mcc":"001","mnc":"01"}}]},"capacity":100,"custom_info":null,"heartBeatTimer":50,"ipv4Addresses":["10.244.0.150"],"nfInstanceId":"4042849f-78a0-49bf-9f1a-180c59d6e83a","nfInstanceName":"amf","nfServiceList":{"4042849f-78a0-49bf-9f1a-180c59d6e83a":{"ipEndPoints":[{"ipv4Address":"10.244.0.150","port":80,"transport":"TCP"}],"nfServiceStatus":"REGISTERED","scheme":"http","serviceInstanceId":"4042849f-78a0-49bf-9f1a-180c59d6e83a","serviceName":"namf-comm","versions":[{"apiFullVersion":"1.0.0","apiVersionInUri":"v1"}]}},"nfServices":[{"ipEndPoints":[{"ipv4Address":"10.244.0.150","port":80,"transport":"TCP"}],"nfServiceStatus":"REGISTERED","scheme":"http","serviceInstanceId":"4042849f-78a0-49bf-9f1a-180c59d6e83a","serviceName":"namf-comm","versions":[{"apiFullVersion":"1.0.0","apiVersionInUri":"v1"}]},{"ipEndPoints":[{"ipv4Address":"10.244.0.150","port":80,"transport":"TCP"}],"nfServiceStatus":"REGISTERED","scheme":"http","serviceInstanceId":"namf-evts","serviceName":"namf-evts","versions":[{"apiFullVersion":"1.0.0","apiVersionInUri":"v1"}]}],"nfStatus":"REGISTERED","nfType":"AMF","priority":1,"sNssais":[{"sd":"FFFFFF","sst":1}]}
[2026-09-27 18:41:03.391] [amf_sbi] [debug] Send a simple HTTP request
[2026-09-27 18:41:03.391] [amf_server] [debug] Initiate AMF Server Endpoints done!
[2026-09-27 18:41:03.391] [amf_server] [debug] AMF handler for AMFConfigurationApiImpl
[2026-09-27 18:41:03.391] [amf_server] [debug] AMF handler for IndividualSubscriptionDocumentApiImpl
[2026-09-27 18:41:03.391] [amf_server] [debug] AMF handler for IndividualSubscriptionDocumentApiImpl
[2026-09-27 18:41:03.391] [amf_server] [debug] AMF handler for IndividualUeContextDocumentApiImpl
[2026-09-27 18:41:03.391] [amf_server] [debug] AMF handler for N1N2IndividualSubscriptionDocumentApiImpl
[2026-09-27 18:41:03.391] [amf_server] [debug] AMF handler for N1N2MessageCollectionDocumentApiImpl
[2026-09-27 18:41:03.391] [amf_server] [debug] AMF handler for N1N2SubscriptionsCollectionForIndividualUEContextsDocumentApiImpl
[2026-09-27 18:41:03.391] [amf_server] [debug] AMF handler for NonUEN2MessageNotificationIndividualSubscriptionDocumentApiImpl
[2026-09-27 18:41:03.391] [amf_server] [debug] AMF handler for NonUEN2MessagesCollectionDocumentApiImpl
[2026-09-27 18:41:03.391] [amf_server] [debug] AMF handler for NonUEN2MessagesSubscriptionsCollectionDocumentApiImpl
[2026-09-27 18:41:03.391] [amf_server] [debug] AMF handler for SubscriptionsCollectionDocumentApiImpl
[2026-09-27 18:41:03.391] [amf_server] [debug] AMF handler for SubscriptionsCollectionDocumentApiImplEventExposure
[2026-09-27 18:41:03.391] [amf_server] [debug] AMF handler for N1MessageNotifyApiImpl
[2026-09-27 18:41:03.391] [amf_server] [debug] AMF handler for StatusNotifyApiImpl
[2026-09-27 18:41:03.392] [amf_app] [debug] Initiation Done!
[2026-09-27 18:41:03.395] [amf_sbi] [info] Get response with HTTP code (201)
[2026-09-27 18:41:03.395] [amf_sbi] [debug] NFRegistration, got successful response from NRF
[2026-09-27 18:41:03.395] [amf_sbi] [debug] Registered AMF profile (from NRF)
[2026-09-27 18:41:03.395] [amf_app] [debug] NF instance info
[2026-09-27 18:41:03.395] [amf_app] [debug] 	Instance ID: 4042849f-78a0-49bf-9f1a-180c59d6e83a
[2026-09-27 18:41:03.395] [amf_app] [debug] 	Instance name: amf
[2026-09-27 18:41:03.395] [amf_app] [debug] 	Instance type: AMF
[2026-09-27 18:41:03.395] [amf_app] [debug] 	Status: REGISTERED
[2026-09-27 18:41:03.395] [amf_app] [debug] 	HeartBeat timer: 10
[2026-09-27 18:41:03.395] [amf_app] [debug] 	Priority: 1
[2026-09-27 18:41:03.395] [amf_app] [debug] 	Capacity: 100
[2026-09-27 18:41:03.395] [amf_app] [debug] 	SNSSAI:
[2026-09-27 18:41:03.395] [amf_app] [debug] 		 SST, SD: 1, FFFFFF
[2026-09-27 18:41:03.395] [amf_app] [debug] 	IPv4 Addr:
[2026-09-27 18:41:03.395] [amf_app] [debug] 		 10.244.0.150
[2026-09-27 18:41:03.395] [amf_app] [debug] 	AMF Info
[2026-09-27 18:41:03.395] [amf_app] [debug] 		AMF Set ID: 000, AMF Region ID: 01
[2026-09-27 18:41:03.395] [amf_app] [debug] 		AMF GUAMI List, AMF_ID: 010000
[2026-09-27 18:41:03.395] [amf_app] [debug] 		AMF GUAMI List, PLMN (MCC: 001, MNC: 01)
[2026-09-27 18:41:03.395] [amf_app] [debug] Received SBI_REGISTER_NF_INSTANCE_RESPONSE
[2026-09-27 18:41:03.395] [amf_app] [debug] Handle NF Instance Registration response
[2026-09-27 18:41:03.395] [amf_app] [debug] Delete AMF Profile instance...
[2026-09-27 18:41:03.395] [amf_app] [debug] AMF has successfully registered to NRF.
[2026-09-27 18:41:03.395] [amf_app] [debug] Set value of NRF Heartbeat timer to 10
[2026-09-27 18:41:03.395] [amf_app] [debug] Delete AMF Profile instance...
[2026-09-27 18:41:13.395] [amf_app] [debug] Send ITTI msg to SBI task to trigger NRF Heartbeat
[2026-09-27 18:41:13.395] [amf_sbi] [info] Receive Update NF Instance Request, handling ...
[2026-09-27 18:41:13.395] [amf_sbi] [debug] Send NF Update to NRF
[2026-09-27 18:41:13.396] [amf_sbi] [info] Send HTTP message to http://oai-nrf:80/nnrf-nfm/v1/nf-instances/4042849f-78a0-49bf-9f1a-180c59d6e83a
[2026-09-27 18:41:13.396] [amf_sbi] [info] HTTP message Body: [{"op":"replace","path":"/nfStatus","value":"REGISTERED"}]
[2026-09-27 18:41:13.396] [amf_sbi] [debug] Send a simple HTTP request
[2026-09-27 18:41:13.449] [amf_sbi] [info] Get response with HTTP code (204)
[2026-09-27 18:41:13.449] [amf_sbi] [info] Could not get JSON content from the response
[2026-09-27 18:41:13.449] [amf_app] [debug] Received SBI_UPDATE_NF_INSTANCE_RESPONSE
[2026-09-27 18:41:13.449] [amf_app] [debug] Handle NF Update response
[2026-09-27 18:41:13.449] [amf_app] [debug] Set a timer to the next Heart-beat (10)
[2026-09-27 18:41:23.391] [amf_app] [info] 
   |------------------------------------------------------------------------------------------------------------------------------------------------------------|
   |----------------------------------------------------------------------gNBs' Information---------------------------------------------------------------------|
   |  Index |               Status               |              Global Id             |              gNB Name              |                PLMN                |
   |    -   |                  -                 |                  -                 |                  -                 |                  -                 |
   |------------------------------------------------------------------------------------------------------------------------------------------------------------|

   |-----------------------------------------------------------------------------------------------------------------------------------------------------------|
   |---------------------------------------------------------------------UEs' Information----------------------------------------------------------------------|
   |  Index |     5GMM State     |        IMSI        |        GUTI        |   RAN UE NGAP ID   |   AMF UE NGAP ID   |        PLMN        |       Cell Id      |
   |    -   |          -         |          -         |          -         |          -         |          -         |          -         |          -         |
   |-----------------------------------------------------------------------------------------------------------------------------------------------------------|

[2026-09-27 18:41:23.449] [amf_app] [debug] Send ITTI msg to SBI task to trigger NRF Heartbeat
[2026-09-27 18:41:23.449] [amf_sbi] [info] Receive Update NF Instance Request, handling ...
[2026-09-27 18:41:23.449] [amf_sbi] [debug] Send NF Update to NRF
[2026-09-27 18:41:23.449] [amf_sbi] [info] Send HTTP message to http://oai-nrf:80/nnrf-nfm/v1/nf-instances/4042849f-78a0-49bf-9f1a-180c59d6e83a
[2026-09-27 18:41:23.449] [amf_sbi] [info] HTTP message Body: [{"op":"replace","path":"/nfStatus","value":"REGISTERED"}]
[2026-09-27 18:41:23.449] [amf_sbi] [debug] Send a simple HTTP request
[2026-09-27 18:41:23.453] [amf_sbi] [info] Get response with HTTP code (204)
[2026-09-27 18:41:23.453] [amf_sbi] [info] Could not get JSON content from the response
[2026-09-27 18:41:23.453] [amf_app] [debug] Received SBI_UPDATE_NF_INSTANCE_RESPONSE
[2026-09-27 18:41:23.453] [amf_app] [debug] Handle NF Update response
[2026-09-27 18:41:23.453] [amf_app] [debug] Set a timer to the next Heart-beat (10)
[2026-09-27 18:41:33.453] [amf_app] [debug] Send ITTI msg to SBI task to trigger NRF Heartbeat
[2026-09-27 18:41:33.453] [amf_sbi] [info] Receive Update NF Instance Request, handling ...
[2026-09-27 18:41:33.453] [amf_sbi] [debug] Send NF Update to NRF
[2026-09-27 18:41:33.453] [amf_sbi] [info] Send HTTP message to http://oai-nrf:80/nnrf-nfm/v1/nf-instances/4042849f-78a0-49bf-9f1a-180c59d6e83a
[2026-09-27 18:41:33.453] [amf_sbi] [info] HTTP message Body: [{"op":"replace","path":"/nfStatus","value":"REGISTERED"}]
[2026-09-27 18:41:33.453] [amf_sbi] [debug] Send a simple HTTP request
[2026-09-27 18:41:33.456] [amf_sbi] [info] Get response with HTTP code (204)
[2026-09-27 18:41:33.456] [amf_sbi] [info] Could not get JSON content from the response
[2026-09-27 18:41:33.456] [amf_app] [debug] Received SBI_UPDATE_NF_INSTANCE_RESPONSE
[2026-09-27 18:41:33.456] [amf_app] [debug] Handle NF Update response
[2026-09-27 18:41:33.456] [amf_app] [debug] Set a timer to the next Heart-beat (10)
[2026-09-27 18:41:43.391] [amf_app] [info] 
   |------------------------------------------------------------------------------------------------------------------------------------------------------------|
   |----------------------------------------------------------------------gNBs' Information---------------------------------------------------------------------|
   |  Index |               Status               |              Global Id             |              gNB Name              |                PLMN                |
   |    -   |                  -                 |                  -                 |                  -                 |                  -                 |
   |------------------------------------------------------------------------------------------------------------------------------------------------------------|

   |-----------------------------------------------------------------------------------------------------------------------------------------------------------|
   |---------------------------------------------------------------------UEs' Information----------------------------------------------------------------------|
   |  Index |     5GMM State     |        IMSI        |        GUTI        |   RAN UE NGAP ID   |   AMF UE NGAP ID   |        PLMN        |       Cell Id      |
   |    -   |          -         |          -         |          -         |          -         |          -         |          -         |          -         |
   |-----------------------------------------------------------------------------------------------------------------------------------------------------------|

[2026-09-27 18:41:43.456] [amf_app] [debug] Send ITTI msg to SBI task to trigger NRF Heartbeat
[2026-09-27 18:41:43.456] [amf_sbi] [info] Receive Update NF Instance Request, handling ...
[2026-09-27 18:41:43.456] [amf_sbi] [debug] Send NF Update to NRF
[2026-09-27 18:41:43.457] [amf_sbi] [info] Send HTTP message to http://oai-nrf:80/nnrf-nfm/v1/nf-instances/4042849f-78a0-49bf-9f1a-180c59d6e83a
[2026-09-27 18:41:43.457] [amf_sbi] [info] HTTP message Body: [{"op":"replace","path":"/nfStatus","value":"REGISTERED"}]
[2026-09-27 18:41:43.457] [amf_sbi] [debug] Send a simple HTTP request
[2026-09-27 18:41:43.459] [amf_sbi] [info] Get response with HTTP code (204)
[2026-09-27 18:41:43.459] [amf_sbi] [info] Could not get JSON content from the response
[2026-09-27 18:41:43.459] [amf_app] [debug] Received SBI_UPDATE_NF_INSTANCE_RESPONSE
[2026-09-27 18:41:43.460] [amf_app] [debug] Handle NF Update response
[2026-09-27 18:41:43.460] [amf_app] [debug] Set a timer to the next Heart-beat (10)
[2026-09-27 18:41:53.460] [amf_app] [debug] Send ITTI msg to SBI task to trigger NRF Heartbeat
[2026-09-27 18:41:53.460] [amf_sbi] [info] Receive Update NF Instance Request, handling ...
[2026-09-27 18:41:53.460] [amf_sbi] [debug] Send NF Update to NRF
[2026-09-27 18:41:53.460] [amf_sbi] [info] Send HTTP message to http://oai-nrf:80/nnrf-nfm/v1/nf-instances/4042849f-78a0-49bf-9f1a-180c59d6e83a
[2026-09-27 18:41:53.460] [amf_sbi] [info] HTTP message Body: [{"op":"replace","path":"/nfStatus","value":"REGISTERED"}]
[2026-09-27 18:41:53.460] [amf_sbi] [debug] Send a simple HTTP request
[2026-09-27 18:41:53.463] [amf_sbi] [info] Get response with HTTP code (204)
[2026-09-27 18:41:53.463] [amf_sbi] [info] Could not get JSON content from the response
[2026-09-27 18:41:53.464] [amf_app] [debug] Received SBI_UPDATE_NF_INSTANCE_RESPONSE
[2026-09-27 18:41:53.464] [amf_app] [debug] Handle NF Update response
[2026-09-27 18:41:53.464] [amf_app] [debug] Set a timer to the next Heart-beat (10)
[2026-09-27 18:42:03.391] [amf_app] [info] 
   |------------------------------------------------------------------------------------------------------------------------------------------------------------|
   |----------------------------------------------------------------------gNBs' Information---------------------------------------------------------------------|
   |  Index |               Status               |              Global Id             |              gNB Name              |                PLMN                |
   |    -   |                  -                 |                  -                 |                  -                 |                  -                 |
   |------------------------------------------------------------------------------------------------------------------------------------------------------------|

   |-----------------------------------------------------------------------------------------------------------------------------------------------------------|
   |---------------------------------------------------------------------UEs' Information----------------------------------------------------------------------|
   |  Index |     5GMM State     |        IMSI        |        GUTI        |   RAN UE NGAP ID   |   AMF UE NGAP ID   |        PLMN        |       Cell Id      |
   |    -   |          -         |          -         |          -         |          -         |          -         |          -         |          -         |
   |-----------------------------------------------------------------------------------------------------------------------------------------------------------|

[2026-09-27 18:42:03.464] [amf_app] [debug] Send ITTI msg to SBI task to trigger NRF Heartbeat
[2026-09-27 18:42:03.464] [amf_sbi] [info] Receive Update NF Instance Request, handling ...
[2026-09-27 18:42:03.464] [amf_sbi] [debug] Send NF Update to NRF
[2026-09-27 18:42:03.464] [amf_sbi] [info] Send HTTP message to http://oai-nrf:80/nnrf-nfm/v1/nf-instances/4042849f-78a0-49bf-9f1a-180c59d6e83a
[2026-09-27 18:42:03.464] [amf_sbi] [info] HTTP message Body: [{"op":"replace","path":"/nfStatus","value":"REGISTERED"}]
[2026-09-27 18:42:03.464] [amf_sbi] [debug] Send a simple HTTP request
[2026-09-27 18:42:03.467] [amf_sbi] [info] Get response with HTTP code (204)
[2026-09-27 18:42:03.467] [amf_sbi] [info] Could not get JSON content from the response
[2026-09-27 18:42:03.468] [amf_app] [debug] Received SBI_UPDATE_NF_INSTANCE_RESPONSE
[2026-09-27 18:42:03.468] [amf_app] [debug] Handle NF Update response
[2026-09-27 18:42:03.468] [amf_app] [debug] Set a timer to the next Heart-beat (10)
[2026-09-27 18:42:10.756] [sctp] [debug] SCTP Association Change event received
[2026-09-27 18:42:10.756] [sctp] [debug] Add new association with Id (36)
[2026-09-27 18:42:10.757] [sctp] [info] ----------------------
[2026-09-27 18:42:10.757] [sctp] [info] Local addresses: 
[2026-09-27 18:42:10.757] [sctp] [info]     - IPv4 Addr: 172.30.22.10
[2026-09-27 18:42:10.757] [sctp] [info] ----------------------
[2026-09-27 18:42:10.757] [sctp] [info] Peer addresses: 
[2026-09-27 18:42:10.757] [sctp] [info]     - IPv4 Addr: 172.30.22.20
[2026-09-27 18:42:10.757] [sctp] [info] ----------------------
[2026-09-27 18:42:10.757] [ngap] [debug] Ready to handle new NGAP SCTP association request (id 36)
[2026-09-27 18:42:10.757] [ngap] [debug] Create a new gNB context with assoc_id (36)
[2026-09-27 18:42:10.757] [sctp] [info] [Assoc_id 36, Socket 5] Received a message (length 55) from port 39521, on stream 0, PPID 60
[2026-09-27 18:42:10.757] [ngap] [debug] Handling SCTP payload from SCTP Server on assoc_id (36), stream_id (0), instreams (2), outstreams (2)
[2026-09-27 18:42:10.759] [ngap] [debug] Decoded NGAP message, procedure code 21, present 1
InitiatingMessage ::= {
    procedureCode: 21
    criticality: 0 (reject)
    value: NGSetupRequest ::= {
        protocolIEs: ProtocolIE-Container ::= {
            NGSetupRequestIEs ::= {
                id: 27
                criticality: 0 (reject)
                value: GlobalGNB-ID ::= {
                    pLMNIdentity: 00 F1 10
                    gNB-ID: 00 00 E0 00 (4 bits unused)
                }
            }
            NGSetupRequestIEs ::= {
                id: 82
                criticality: 1 (ignore)
                value: gNB-OAI
            }
            NGSetupRequestIEs ::= {
                id: 102
                criticality: 0 (reject)
                value: SupportedTAList ::= {
                    SupportedTAItem ::= {
                        tAC: 00 00 07
                        broadcastPLMNList: BroadcastPLMNList ::= {
                            BroadcastPLMNItem ::= {
                                pLMNIdentity: 00 F1 10
                                tAISliceSupportList: SliceSupportList ::= {
                                    SliceSupportItem ::= {
                                        s-NSSAI: S-NSSAI ::= {
                                            sST: 01
                                        }
                                    }
                                }
                            }
                        }
                    }
                }
            }
            NGSetupRequestIEs ::= {
                id: 21
                criticality: 1 (ignore)
                value: 0 (v32)
            }
        }
    }
}
[2026-09-27 18:42:10.759] [ngap] [debug] [gNB Assoc Id 36] Sending ITTI NG Setup Request message to TASK_AMF_N2
InitiatingMessage ::= {
    procedureCode: 21
    criticality: 0 (reject)
    value: NGSetupRequest ::= {
        protocolIEs: ProtocolIE-Container ::= {
            NGSetupRequestIEs ::= {
                id: 27
                criticality: 0 (reject)
                value: GlobalGNB-ID ::= {
                    pLMNIdentity: 00 F1 10
                    gNB-ID: 00 00 E0 00 (4 bits unused)
                }
            }
            NGSetupRequestIEs ::= {
                id: 82
                criticality: 1 (ignore)
                value: gNB-OAI
            }
            NGSetupRequestIEs ::= {
                id: 102
                criticality: 0 (reject)
                value: SupportedTAList ::= {
                    SupportedTAItem ::= {
                        tAC: 00 00 07
                        broadcastPLMNList: BroadcastPLMNList ::= {
                            BroadcastPLMNItem ::= {
                                pLMNIdentity: 00 F1 10
                                tAISliceSupportList: SliceSupportList ::= {
                                    SliceSupportItem ::= {
                                        s-NSSAI: S-NSSAI ::= {
                                            sST: 01
                                        }
                                    }
                                }
                            }
                        }
                    }
                }
            }
            NGSetupRequestIEs ::= {
                id: 21
                criticality: 1 (ignore)
                value: 0 (v32)
            }
        }
    }
}
[2026-09-27 18:42:10.759] [ngap] [debug] Received TAC 0x7
[2026-09-27 18:42:10.760] [amf_n2] [info] Received NGSetupRequest message, handling
[2026-09-27 18:42:10.760] [amf_n2] [debug] [gNB Assoc ID 36] Handle NG Setup Request...
[2026-09-27 18:42:10.760] [amf_n2] [debug] Parameters: assoc_id 36, stream 0
[2026-09-27 18:42:10.760] [amf_n2] [debug] Update gNB context with assoc id (36)
[2026-09-27 18:42:10.760] [amf_n2] [debug] RAN Node Info, Global RAN Node ID: 0xe00, MCC 001, MNC 01
[2026-09-27 18:42:10.760] [amf_n2] [debug] IE RanNodeName: gNB-OAI
[2026-09-27 18:42:10.760] [amf_n2] [debug] IE DefaultPagingDRX: 0
[2026-09-27 18:42:10.760] [amf_n2] [debug] TAC configured 7, TAC received 7
[2026-09-27 18:42:10.760] [amf_n2] [debug] Common PLMN MCC 001, MNC 01
[2026-09-27 18:42:10.760] [amf_n2] [debug] S-NSSAI from gNB (SST 1, SD FFFFFF)
[2026-09-27 18:42:10.760] [amf_n2] [debug] S-NSSAI from AMF (SST 1, SD FFFFFF)
[2026-09-27 18:42:10.760] [amf_n2] [debug] Common S-NSSAI (SST 1, SD FFFFFF)
[2026-09-27 18:42:10.760] [amf_n2] [debug] GNB PLMN (001, 01) is included in the common PLMNs
[2026-09-27 18:42:10.760] [amf_n2] [debug] Encoding NG_SETUP_RESPONSE ...
SuccessfulOutcome ::= {
    procedureCode: 21
    criticality: 0 (reject)
    value: NGSetupResponse ::= {
        protocolIEs: ProtocolIE-Container ::= {
            NGSetupResponseIEs ::= {
                id: 1
                criticality: 0 (reject)
                value: amf
            }
            NGSetupResponseIEs ::= {
                id: 96
                criticality: 0 (reject)
                value: ServedGUAMIList ::= {
                    ServedGUAMIItem ::= {
                        gUAMI: GUAMI ::= {
                            pLMNIdentity: 00 F1 10
                            aMFRegionID: 01
                            aMFSetID: 00 00 (6 bits unused)
                            aMFPointer: 00 (2 bits unused)
                        }
                    }
                }
            }
            NGSetupResponseIEs ::= {
                id: 86
                criticality: 1 (ignore)
                value: 30
            }
            NGSetupResponseIEs ::= {
                id: 80
                criticality: 0 (reject)
                value: PLMNSupportList ::= {
                    PLMNSupportItem ::= {
                        pLMNIdentity: 00 F1 10
                        sliceSupportList: SliceSupportList ::= {
                            SliceSupportItem ::= {
                                s-NSSAI: S-NSSAI ::= {
                                    sST: 01
                                }
                            }
                        }
                    }
                }
            }
        }
    }
}
[2026-09-27 18:42:10.760] [ngap] [debug] Encoded size (45)
[2026-09-27 18:42:10.760] [sctp] [debug] [Socket 5, Assoc ID 36] Sending buffer 0x7e8db8000e50 of 45 bytes on stream 0 with PPID 60
[2026-09-27 18:42:10.760] [sctp] [debug] Successfully sent 45 bytes on stream 0
[2026-09-27 18:42:10.760] [amf_n2] [debug] Sending NG_SETUP_RESPONSE Ok
[2026-09-27 18:42:10.760] [amf_n2] [debug] gNB with gNB_id 0xe00, assoc_id 36 has been attached to AMF
[2026-09-27 18:42:10.760] [amf_app] [debug] A new gNB has been successfully added!
[2026-09-27 18:42:10.760] [ngap] [debug] Free NGAP Message PDU
[2026-09-27 18:42:10.760] [ngap] [debug] Free NGAP Message PDU
[2026-09-27 18:42:13.468] [amf_app] [debug] Send ITTI msg to SBI task to trigger NRF Heartbeat
[2026-09-27 18:42:13.468] [amf_sbi] [info] Receive Update NF Instance Request, handling ...
[2026-09-27 18:42:13.468] [amf_sbi] [debug] Send NF Update to NRF
[2026-09-27 18:42:13.468] [amf_sbi] [info] Send HTTP message to http://oai-nrf:80/nnrf-nfm/v1/nf-instances/4042849f-78a0-49bf-9f1a-180c59d6e83a
[2026-09-27 18:42:13.468] [amf_sbi] [info] HTTP message Body: [{"op":"replace","path":"/nfStatus","value":"REGISTERED"}]
[2026-09-27 18:42:13.468] [amf_sbi] [debug] Send a simple HTTP request
[2026-09-27 18:42:13.471] [amf_sbi] [info] Get response with HTTP code (204)
[2026-09-27 18:42:13.471] [amf_sbi] [info] Could not get JSON content from the response
[2026-09-27 18:42:13.471] [amf_app] [debug] Received SBI_UPDATE_NF_INSTANCE_RESPONSE
[2026-09-27 18:42:13.471] [amf_app] [debug] Handle NF Update response
[2026-09-27 18:42:13.471] [amf_app] [debug] Set a timer to the next Heart-beat (10)
[2026-09-27 18:42:23.391] [amf_app] [info] 
   |------------------------------------------------------------------------------------------------------------------------------------------------------------|
   |----------------------------------------------------------------------gNBs' Information---------------------------------------------------------------------|
   |  Index |               Status               |              Global Id             |              gNB Name              |                PLMN                |
   |    1   |              Connected             |               0x0E00               |               gNB-OAI              |               001,01               |
   |------------------------------------------------------------------------------------------------------------------------------------------------------------|

   |-----------------------------------------------------------------------------------------------------------------------------------------------------------|
   |---------------------------------------------------------------------UEs' Information----------------------------------------------------------------------|
   |  Index |     5GMM State     |        IMSI        |        GUTI        |   RAN UE NGAP ID   |   AMF UE NGAP ID   |        PLMN        |       Cell Id      |
   |    -   |          -         |          -         |          -         |          -         |          -         |          -         |          -         |
   |-----------------------------------------------------------------------------------------------------------------------------------------------------------|

[2026-09-27 18:42:23.471] [amf_app] [debug] Send ITTI msg to SBI task to trigger NRF Heartbeat
[2026-09-27 18:42:23.471] [amf_sbi] [info] Receive Update NF Instance Request, handling ...
[2026-09-27 18:42:23.472] [amf_sbi] [debug] Send NF Update to NRF
[2026-09-27 18:42:23.472] [amf_sbi] [info] Send HTTP message to http://oai-nrf:80/nnrf-nfm/v1/nf-instances/4042849f-78a0-49bf-9f1a-180c59d6e83a
[2026-09-27 18:42:23.472] [amf_sbi] [info] HTTP message Body: [{"op":"replace","path":"/nfStatus","value":"REGISTERED"}]
[2026-09-27 18:42:23.472] [amf_sbi] [debug] Send a simple HTTP request
[2026-09-27 18:42:23.475] [amf_sbi] [info] Get response with HTTP code (204)
[2026-09-27 18:42:23.475] [amf_sbi] [info] Could not get JSON content from the response
[2026-09-27 18:42:23.475] [amf_app] [debug] Received SBI_UPDATE_NF_INSTANCE_RESPONSE
[2026-09-27 18:42:23.475] [amf_app] [debug] Handle NF Update response
[2026-09-27 18:42:23.475] [amf_app] [debug] Set a timer to the next Heart-beat (10)
[2026-09-27 18:42:33.475] [amf_app] [debug] Send ITTI msg to SBI task to trigger NRF Heartbeat
[2026-09-27 18:42:33.475] [amf_sbi] [info] Receive Update NF Instance Request, handling ...
[2026-09-27 18:42:33.476] [amf_sbi] [debug] Send NF Update to NRF
[2026-09-27 18:42:33.476] [amf_sbi] [info] Send HTTP message to http://oai-nrf:80/nnrf-nfm/v1/nf-instances/4042849f-78a0-49bf-9f1a-180c59d6e83a
[2026-09-27 18:42:33.476] [amf_sbi] [info] HTTP message Body: [{"op":"replace","path":"/nfStatus","value":"REGISTERED"}]
[2026-09-27 18:42:33.476] [amf_sbi] [debug] Send a simple HTTP request
[2026-09-27 18:42:33.479] [amf_sbi] [info] Get response with HTTP code (204)
[2026-09-27 18:42:33.479] [amf_sbi] [info] Could not get JSON content from the response
[2026-09-27 18:42:33.479] [amf_app] [debug] Received SBI_UPDATE_NF_INSTANCE_RESPONSE
[2026-09-27 18:42:33.479] [amf_app] [debug] Handle NF Update response
[2026-09-27 18:42:33.479] [amf_app] [debug] Set a timer to the next Heart-beat (10)
[2026-09-27 18:42:33.853] [sctp] [info] [Assoc_id 36, Socket 5] Received a message (length 76) from port 39521, on stream 1, PPID 60
[2026-09-27 18:42:33.853] [ngap] [debug] Handling SCTP payload from SCTP Server on assoc_id (36), stream_id (1), instreams (2), outstreams (2)
[2026-09-27 18:42:33.853] [ngap] [debug] Decoded NGAP message, procedure code 15, present 1
InitiatingMessage ::= {
    procedureCode: 15
    criticality: 1 (ignore)
    value: InitialUEMessage ::= {
        protocolIEs: ProtocolIE-Container ::= {
            InitialUEMessage-IEs ::= {
                id: 85
                criticality: 0 (reject)
                value: 1
            }
            InitialUEMessage-IEs ::= {
                id: 38
                criticality: 0 (reject)
                value: 
                    7E 00 41 79 00 0D 01 00 F1 10 00 00 00 00 10 32 
                    54 76 08 2E 08 E0 60 00 00 00 00 00 00
            }
            InitialUEMessage-IEs ::= {
                id: 121
                criticality: 0 (reject)
                value: UserLocationInformationNR ::= {
                    nR-CGI: NR-CGI ::= {
                        pLMNIdentity: 00 F1 10
                        nRCellIdentity: 00 00 E0 14 E0 (4 bits unused)
                    }
                    tAI: TAI ::= {
                        pLMNIdentity: 00 F1 10
                        tAC: 00 00 07
                    }
                }
            }
            InitialUEMessage-IEs ::= {
                id: 90
                criticality: 1 (ignore)
                value: 3 (mo-Signalling)
            }
            InitialUEMessage-IEs ::= {
                id: 112
                criticality: 1 (ignore)
                value: 0 (requested)
            }
        }
    }
}
[2026-09-27 18:42:33.853] [ngap] [debug] [gNB Assoc ID 36] Sending ITTI Initial UE Message to TASK_AMF_N2
InitiatingMessage ::= {
    procedureCode: 15
    criticality: 1 (ignore)
    value: InitialUEMessage ::= {
        protocolIEs: ProtocolIE-Container ::= {
            InitialUEMessage-IEs ::= {
                id: 85
                criticality: 0 (reject)
                value: 1
            }
            InitialUEMessage-IEs ::= {
                id: 38
                criticality: 0 (reject)
                value: 
                    7E 00 41 79 00 0D 01 00 F1 10 00 00 00 00 10 32 
                    54 76 08 2E 08 E0 60 00 00 00 00 00 00
            }
            InitialUEMessage-IEs ::= {
                id: 121
                criticality: 0 (reject)
                value: UserLocationInformationNR ::= {
                    nR-CGI: NR-CGI ::= {
                        pLMNIdentity: 00 F1 10
                        nRCellIdentity: 00 00 E0 14 E0 (4 bits unused)
                    }
                    tAI: TAI ::= {
                        pLMNIdentity: 00 F1 10
                        tAC: 00 00 07
                    }
                }
            }
            InitialUEMessage-IEs ::= {
                id: 90
                criticality: 1 (ignore)
                value: 3 (mo-Signalling)
            }
            InitialUEMessage-IEs ::= {
                id: 112
                criticality: 1 (ignore)
                value: 0 (requested)
            }
        }
    }
}
[2026-09-27 18:42:33.854] [ngap] [debug] Received RanUeNgapId 1 
[2026-09-27 18:42:33.854] [ngap] [debug] Received TAC 0x7
[2026-09-27 18:42:33.854] [amf_n2] [info] Received Initial UE Message, handling
[2026-09-27 18:42:33.854] [amf_n2] [debug] Handle Initial UE Message...
[2026-09-27 18:42:33.854] [amf_n2] [debug] User Location Info NR (MCC 001, MNC 01, TAC 7) is included in the supported TA List
[2026-09-27 18:42:33.854] [amf_n2] [warning] No UE NGAP context with ran_ue_ngap_id 1, gnb_id 3584
[2026-09-27 18:42:33.854] [amf_n2] [debug] Create a new UE NGAP context with ran_ue_ngap_id 1
[2026-09-27 18:42:33.854] [amf_n2] [debug] 5g_s_tmsi not present
[2026-09-27 18:42:33.854] [amf_n2] [debug] Store InitialUEMessage for Reroute NAS (if necessary)
InitiatingMessage ::= {
    procedureCode: 15
    criticality: 1 (ignore)
    value: InitialUEMessage ::= {
        protocolIEs: ProtocolIE-Container ::= {
            InitialUEMessage-IEs ::= {
                id: 85
                criticality: 0 (reject)
                value: 1
            }
            InitialUEMessage-IEs ::= {
                id: 38
                criticality: 0 (reject)
                value: 
                    7E 00 41 79 00 0D 01 00 F1 10 00 00 00 00 10 32 
                    54 76 08 2E 08 E0 60 00 00 00 00 00 00
            }
            InitialUEMessage-IEs ::= {
                id: 121
                criticality: 0 (reject)
                value: UserLocationInformationNR ::= {
                    nR-CGI: NR-CGI ::= {
                        pLMNIdentity: 00 F1 10
                        nRCellIdentity: 00 00 E0 14 E0 (4 bits unused)
                    }
                    tAI: TAI ::= {
                        pLMNIdentity: 00 F1 10
                        tAC: 00 00 07
                    }
                }
            }
            InitialUEMessage-IEs ::= {
                id: 90
                criticality: 1 (ignore)
                value: 3 (mo-Signalling)
            }
            InitialUEMessage-IEs ::= {
                id: 112
                criticality: 1 (ignore)
                value: 0 (requested)
            }
        }
    }
}
[2026-09-27 18:42:33.854] [ngap] [debug] Encoded size (0)
[2026-09-27 18:42:33.854] [ngap] [debug] Free NGAP Message PDU
[2026-09-27 18:42:33.854] [amf_app] [debug] Received NAS_SIG_ESTAB_REQ
[2026-09-27 18:42:33.854] [amf_app] [warning] No existing UE context associated with key app_ue_ranid_1:amfid_1
[2026-09-27 18:42:33.854] [amf_app] [debug] No existing UE Context, Create a new one with ran_amf_id app_ue_ranid_1:amfid_1
[2026-09-27 18:42:33.855] [amf_n1] [info] Received UL_NAS_DATA_IND
[2026-09-27 18:42:33.855] [amf_n1] [debug] Serving network name 5G:mnc001.mcc001.3gppnetwork.org
[2026-09-27 18:42:33.855] [amf_n1] [warning] No NAS context with amf_ue_ngap_id 1
[2026-09-27 18:42:33.855] [amf_n1] [warning] No existing nas_context with amf_ue_ngap_id 1
[2026-09-27 18:42:33.855] [common] [debug] [amf_n1]Received Uplink NAS Message
7e 00 41 79 00 0d 01 00 f1 10 00 00 00 00 10 32 54 76 08 2e 08 e0 60 00 00 00 00 00 00 
[2026-09-27 18:42:33.855] [amf_n1] [debug] Received plain NAS message
[2026-09-27 18:42:33.855] [common] [debug] [amf_n1]Decoded Plain Message
7e 00 41 79 00 0d 01 00 f1 10 00 00 00 00 10 32 54 76 08 2e 08 e0 60 00 00 00 00 00 00 
[2026-09-27 18:42:33.855] [amf_n1] [debug] Received NAS Signalling Establishment request...
[2026-09-27 18:42:33.855] [amf_n1] [debug] No existing nas_context with amf_ue_ngap_id 1 --> Create a new one
[2026-09-27 18:42:33.855] [amf_n1] [debug] NAS message type 0x41
[2026-09-27 18:42:33.855] [amf_n1] [debug] Received Registration Request message, handling...
[2026-09-27 18:42:33.855] [nas] [debug] Decoding RegistrationRequest message
[2026-09-27 18:42:33.855] [nas] [debug] Decoding NasMmPlainHeader
[2026-09-27 18:42:33.855] [nas] [debug] Decoded NasMmPlainHeader len (3 octets)
[2026-09-27 18:42:33.855] [nas] [debug] Decoding 5GSMobilityIdentity
[2026-09-27 18:42:33.855] [nas] [debug] Decoded 5GSMobilityIdentity IE length 13
[2026-09-27 18:42:33.855] [nas] [debug] Decoding 5GSMobilityIdentity SUCI
[2026-09-27 18:42:33.855] [nas] [debug] MCC 001, MNC 01
[2026-09-27 18:42:33.855] [nas] [debug] MCC 001, MNC 01
[2026-09-27 18:42:33.855] [nas] [debug] Decoded Routing Indicator 0000
[2026-09-27 18:42:33.855] [nas] [debug] Decoded MSIN 0123456780
[2026-09-27 18:42:33.855] [nas] [debug] Decoded 5GSMobilityIdentity SUCI SUPI format IMSI (len 13)
[2026-09-27 18:42:33.855] [nas] [debug] Decoded SUCI (15 octets)
[2026-09-27 18:42:33.855] [nas] [debug] Decoded 5GS Mobile Identity, len (15)
[2026-09-27 18:42:33.855] [nas] [debug] First option IEI 0x2e
[2026-09-27 18:42:33.855] [nas] [debug] IEI 0x2e
[2026-09-27 18:42:33.855] [nas] [debug] Decoding IEI 0x2e
[2026-09-27 18:42:33.855] [nas] [debug] Decoding UE Security Capability
[2026-09-27 18:42:33.856] [nas] [debug] Decoded UE Security Capability, len (10)
[2026-09-27 18:42:33.856] [nas] [debug] 5G EA 0xe0, 5G IA 0x60
[2026-09-27 18:42:33.856] [nas] [debug] EEA 0x0
[2026-09-27 18:42:33.856] [nas] [debug] EIA 0x0
[2026-09-27 18:42:33.856] [nas] [debug] Next IEI 0x0
[2026-09-27 18:42:33.856] [nas] [debug] Decoded RegistrationRequest message (len 29)
[2026-09-27 18:42:33.856] [amf_n1] [debug] Received IMSI [REDACTED]
[2026-09-27 18:42:33.856] [amf_n1] [debug] Signal the UE Reachability Status Event notification for SUPI imsi-[REDACTED]
[2026-09-27 18:42:33.856] [amf_n1] [debug] Send request to SBI to trigger UE Reachability Report (SUPI imsi-[REDACTED] )
[2026-09-27 18:42:33.856] [amf_n1] [info] Associating SUPI (imsi-[REDACTED]) with NAS context
[2026-09-27 18:42:33.856] [amf_app] [debug] A new UE (IMSI [REDACTED]) has been successfully added!
[2026-09-27 18:42:33.856] [amf_n1] [debug] Set 5GMM state to COMM-PROC-INIT
[2026-09-27 18:42:33.856] [amf_n1] [debug] Existing nas_context --> Update
[2026-09-27 18:42:33.856] [amf_app] [debug] The UE's Info (IMSI [REDACTED]) has been successfully updated!
[2026-09-27 18:42:33.856] [amf_app] [info] 
   |------------------------------------------------------------------------------------------------------------------------------------------------------------|
   |----------------------------------------------------------------------gNBs' Information---------------------------------------------------------------------|
   |  Index |               Status               |              Global Id             |              gNB Name              |                PLMN                |
   |    1   |              Connected             |               0x0E00               |               gNB-OAI              |               001,01               |
   |------------------------------------------------------------------------------------------------------------------------------------------------------------|

   |-----------------------------------------------------------------------------------------------------------------------------------------------------------|
   |---------------------------------------------------------------------UEs' Information----------------------------------------------------------------------|
   |  Index |     5GMM State     |        IMSI        |        GUTI        |   RAN UE NGAP ID   |   AMF UE NGAP ID   |        PLMN        |       Cell Id      |
   |    1   |   5GMM-REGISTERED  |   [REDACTED]  |                    |        0x01        |        0x01        |       001,01       |      0000e014e     |
   |-----------------------------------------------------------------------------------------------------------------------------------------------------------|

[2026-09-27 18:42:33.856] [amf_n1] [debug] Send request to SBI to trigger UE Registration State Report (SUPI imsi-[REDACTED] )
[2026-09-27 18:42:33.856] [amf_n1] [debug] NAS key set identifier: 0x7
[2026-09-27 18:42:33.856] [amf_n1] [warning] No Optional IE 5GMMCapability available
[2026-09-27 18:42:33.856] [amf_n1] [debug] No Optional IE RequestedNssai available
[2026-09-27 18:42:33.856] [amf_n1] [debug] No Optional NAS Container inside Registration Request message
[2026-09-27 18:42:33.856] [amf_n1] [debug] Update UC context, SUPI imsi-[REDACTED]
[2026-09-27 18:42:33.856] [amf_n1] [debug] Start to run Registration Procedure
[2026-09-27 18:42:33.856] [amf_n1] [debug] SUCI SUPI format IMSI is available
[2026-09-27 18:42:33.856] [amf_n1] [debug] Authentication vector in nas_context is not available
[2026-09-27 18:42:33.856] [amf_n1] [debug] Start to generate Authentication Vectors
[2026-09-27 18:42:33.856] [amf_n1] [debug] Get Authentication Vectors from AUSF
[2026-09-27 18:42:33.856] [amf_n1] [debug] Promise ID generated 1
[2026-09-27 18:42:33.856] [amf_sbi] [info] Receive UE Authentication Request message, handling ...
[2026-09-27 18:42:33.856] [amf_sbi] [debug] Send UE Authentication Request to AUSF 
[2026-09-27 18:42:33.856] [amf_sbi] [info] Send HTTP message to http://oai-ausf:80/nausf-auth/v1/ue-authentications
[2026-09-27 18:42:33.856] [amf_sbi] [info] HTTP message Body: {"servingNetworkName":"5G:mnc001.mcc001.3gppnetwork.org","supiOrSuci":"imsi-[REDACTED]"}
[2026-09-27 18:42:33.856] [amf_sbi] [debug] Send a simple HTTP request
[2026-09-27 18:42:33.884] [amf_sbi] [info] Get response with HTTP code (201)
[2026-09-27 18:42:33.884] [amf_app] [debug] Trigger process response: Set promise with ID 1 to ready
[2026-09-27 18:42:33.884] [amf_n1] [debug] Got result for promise ID 1
[2026-09-27 18:42:33.885] [amf_n1] [debug] Got UE Authentication from AUSF: {"5gAuthData":{"autn":"32c5f16b91c580008f6861019719d076","hxresStar":"bc1501324e8e0853e321e203f803de73","rand":"2c26e745eba82835bb40fba9f90614be"},"_links":{"5g-aka":{"href":"http://10.244.0.149:80/nausf-auth/v1/ue-authentications/32c5f16b91c580008f6861019719d076/5g-aka-confirmation"}},"authType":"5G_AKA"}
[2026-09-27 18:42:33.885] [amf_app] [debug] Data 2c26e745eba82835bb40fba9f90614be (32 bytes)
[2026-09-27 18:42:33.885] [amf_app] [debug] Data (formatted):
2c 26 e7 45 eb a8 28 35 bb 40 fb a9 f9 6 14 be 
[2026-09-27 18:42:33.885] [common] [debug] [amf_n1]5G AV: RAND
2c 26 e7 45 eb a8 28 35 bb 40 fb a9 f9 06 14 be 
[2026-09-27 18:42:33.885] [amf_app] [debug] Data 32c5f16b91c580008f6861019719d076 (32 bytes)
[2026-09-27 18:42:33.885] [amf_app] [debug] Data (formatted):
32 c5 f1 6b 91 c5 80 0 8f 68 61 1 97 19 d0 76 
[2026-09-27 18:42:33.885] [common] [debug] [amf_n1]5G AV: AUTN
32 c5 f1 6b 91 c5 80 00 8f 68 61 01 97 19 d0 76 
[2026-09-27 18:42:33.885] [amf_app] [debug] Data bc1501324e8e0853e321e203f803de73 (32 bytes)
[2026-09-27 18:42:33.885] [amf_app] [debug] Data (formatted):
bc 15 1 32 4e 8e 8 53 e3 21 e2 3 f8 3 de 73 
[2026-09-27 18:42:33.885] [common] [debug] [amf_n1]5G AV: hxres*
bc 15 01 32 4e 8e 08 53 e3 21 e2 03 f8 03 de 73 
[2026-09-27 18:42:33.885] [amf_n1] [info] Links is: http://10.244.0.149:80/nausf-auth/v1/ue-authentications/32c5f16b91c580008f6861019719d076/5g-aka-confirmation
[2026-09-27 18:42:33.885] [amf_n1] [debug] Received Security Vectors, try to setup security with the UE
[2026-09-27 18:42:33.885] [amf_n1] [debug] Starting Authentication procedure
[2026-09-27 18:42:33.885] [amf_n1] [debug] Sending Authentication Request with RAND
[2026-09-27 18:42:33.885] [common] [debug] [amf_n1]RAND
2c 26 e7 45 eb a8 28 35 bb 40 fb a9 f9 06 14 be 
[2026-09-27 18:42:33.885] [nas_mm] [debug] Size of Authentication Request message 42
[2026-09-27 18:42:33.885] [nas] [debug] Encoding AuthenticationRequest message
[2026-09-27 18:42:33.885] [nas] [debug] Encoding NasMmPlainHeader
[2026-09-27 18:42:33.885] [nas] [debug] Encoded NasMmPlainHeader (len 3 octets)
[2026-09-27 18:42:33.885] [nas] [debug] Encoding Abba
[2026-09-27 18:42:33.885] [nas] [debug] Encoded Abba, len (3)
[2026-09-27 18:42:33.885] [nas] [debug] Encoding Authentication Parameter RAND
[2026-09-27 18:42:33.885] [nas] [debug] Encoded Authentication Parameter RAND, len (17)
[2026-09-27 18:42:33.885] [nas] [debug] Encoding Authentication Parameter AUTN
[2026-09-27 18:42:33.885] [nas] [debug] Encoded AuthenticationParameterAutn len (18)
[2026-09-27 18:42:33.885] [nas] [debug] IE EAP Message is not available
[2026-09-27 18:42:33.885] [nas] [debug] Encoded AuthenticationRequest message (len 42)
[2026-09-27 18:42:33.885] [common] [debug] [amf_n1]Authentication-Request message buffer
7e 00 56 02 02 00 00 21 2c 26 e7 45 eb a8 28 35 bb 40 fb a9 f9 06 14 be 20 10 32 c5 f1 6b 91 c5 80 00 8f 68 61 01 97 19 d0 76 
[2026-09-27 18:42:33.885] [amf_n1] [debug] amf_ue_ngap_id 1
[2026-09-27 18:42:33.885] [amf_n2] [info] Received Downlink NAS Transport message, handling
[2026-09-27 18:42:33.885] [amf_n2] [debug] Handle DL NAS Transport ...
InitiatingMessage ::= {
    procedureCode: 4
    criticality: 1 (ignore)
    value: DownlinkNASTransport ::= {
        protocolIEs: ProtocolIE-Container ::= {
            DownlinkNASTransport-IEs ::= {
                id: 10
                criticality: 0 (reject)
                value: 1
            }
            DownlinkNASTransport-IEs ::= {
                id: 85
                criticality: 0 (reject)
                value: 1
            }
            DownlinkNASTransport-IEs ::= {
                id: 38
                criticality: 0 (reject)
                value: 
                    7E 00 56 02 02 00 00 21 2C 26 E7 45 EB A8 28 35 
                    BB 40 FB A9 F9 06 14 BE 20 10 32 C5 F1 6B 91 C5 
                    80 00 8F 68 61 01 97 19 D0 76
            }
        }
    }
}
[2026-09-27 18:42:33.885] [ngap] [debug] Encoded size (66)
[2026-09-27 18:42:33.885] [sctp] [debug] [Socket 5, Assoc ID 36] Sending buffer 0x7e8db8002740 of 66 bytes on stream 1 with PPID 60
[2026-09-27 18:42:33.885] [sctp] [debug] Successfully sent 66 bytes on stream 1
[2026-09-27 18:42:33.885] [ngap] [debug] Free NGAP Message PDU
[2026-09-27 18:42:33.985] [sctp] [info] [Assoc_id 36, Socket 5] Received a message (length 64) from port 39521, on stream 1, PPID 60
[2026-09-27 18:42:33.985] [ngap] [debug] Handling SCTP payload from SCTP Server on assoc_id (36), stream_id (1), instreams (2), outstreams (2)
[2026-09-27 18:42:33.985] [ngap] [debug] Decoded NGAP message, procedure code 46, present 1
InitiatingMessage ::= {
    procedureCode: 46
    criticality: 1 (ignore)
    value: UplinkNASTransport ::= {
        protocolIEs: ProtocolIE-Container ::= {
            UplinkNASTransport-IEs ::= {
                id: 10
                criticality: 0 (reject)
                value: 1
            }
            UplinkNASTransport-IEs ::= {
                id: 85
                criticality: 0 (reject)
                value: 1
            }
            UplinkNASTransport-IEs ::= {
                id: 38
                criticality: 0 (reject)
                value: 
                    7E 00 57 2D 10 32 53 27 12 28 71 8B 0E 0F D7 F2 
                    00 DF BC A7 EE
            }
            UplinkNASTransport-IEs ::= {
                id: 121
                criticality: 1 (ignore)
                value: UserLocationInformationNR ::= {
                    nR-CGI: NR-CGI ::= {
                        pLMNIdentity: 00 F1 10
                        nRCellIdentity: 00 00 E0 14 E0 (4 bits unused)
                    }
                    tAI: TAI ::= {
                        pLMNIdentity: 00 F1 10
                        tAC: 00 00 07
                    }
                }
            }
        }
    }
}
[2026-09-27 18:42:33.985] [ngap] [debug] Sending ITTI Uplink NAS Transport message to TASK_AMF_N2
InitiatingMessage ::= {
    procedureCode: 46
    criticality: 1 (ignore)
    value: UplinkNASTransport ::= {
        protocolIEs: ProtocolIE-Container ::= {
            UplinkNASTransport-IEs ::= {
                id: 10
                criticality: 0 (reject)
                value: 1
            }
            UplinkNASTransport-IEs ::= {
                id: 85
                criticality: 0 (reject)
                value: 1
            }
            UplinkNASTransport-IEs ::= {
                id: 38
                criticality: 0 (reject)
                value: 
                    7E 00 57 2D 10 32 53 27 12 28 71 8B 0E 0F D7 F2 
                    00 DF BC A7 EE
            }
            UplinkNASTransport-IEs ::= {
                id: 121
                criticality: 1 (ignore)
                value: UserLocationInformationNR ::= {
                    nR-CGI: NR-CGI ::= {
                        pLMNIdentity: 00 F1 10
                        nRCellIdentity: 00 00 E0 14 E0 (4 bits unused)
                    }
                    tAI: TAI ::= {
                        pLMNIdentity: 00 F1 10
                        tAC: 00 00 07
                    }
                }
            }
        }
    }
}
[2026-09-27 18:42:33.985] [ngap] [debug] Received TAC 0x7
[2026-09-27 18:42:33.985] [amf_n2] [info] Received Uplink NAS Transport message, handling
[2026-09-27 18:42:33.985] [amf_n2] [debug] Handle Uplink NAS Transport...
[2026-09-27 18:42:33.985] [ngap] [debug] Free NGAP Message PDU
[2026-09-27 18:42:33.985] [amf_n1] [info] Received UL_NAS_DATA_IND
[2026-09-27 18:42:33.985] [amf_n1] [debug] Serving network name 5G:mnc001.mcc001.3gppnetwork.org
[2026-09-27 18:42:33.985] [amf_n1] [debug] Existing nas_context with amf_ue_ngap_id 1
[2026-09-27 18:42:33.985] [common] [debug] [amf_n1]Received Uplink NAS Message
7e 00 57 2d 10 32 53 27 12 28 71 8b 0e 0f d7 f2 00 df bc a7 ee 
[2026-09-27 18:42:33.985] [amf_n1] [debug] Received plain NAS message
[2026-09-27 18:42:33.985] [common] [debug] [amf_n1]Decoded Plain Message
7e 00 57 2d 10 32 53 27 12 28 71 8b 0e 0f d7 f2 00 df bc a7 ee 
[2026-09-27 18:42:33.985] [amf_n1] [debug] Received Uplink NAS message...
[2026-09-27 18:42:33.985] [amf_n1] [debug] Received Authentication Response message, handling...
[2026-09-27 18:42:33.985] [amf_n1] [info] Found nas_context (0x7e8dac000ef0) with amf_ue_ngap_id (1)
[2026-09-27 18:42:33.985] [nas] [debug] Decoding AuthenticationResponse message
[2026-09-27 18:42:33.985] [nas] [debug] Encoding NasMmPlainHeader
[2026-09-27 18:42:33.985] [nas] [debug] Encoded NasMmPlainHeader (len 3 octets)
[2026-09-27 18:42:33.985] [nas] [debug] First option IEI (0x2d)
[2026-09-27 18:42:33.985] [nas] [debug] Decoding IEI 0x2d
[2026-09-27 18:42:33.985] [nas] [debug] Decoding Authentication Response Parameter
[2026-09-27 18:42:33.986] [nas] [debug] Decoded value 0x32
[2026-09-27 18:42:33.986] [nas] [debug] Decoded value 0x53
[2026-09-27 18:42:33.986] [nas] [debug] Decoded value 0x27
[2026-09-27 18:42:33.986] [nas] [debug] Decoded value 0x12
[2026-09-27 18:42:33.986] [nas] [debug] Decoded value 0x28
[2026-09-27 18:42:33.986] [nas] [debug] Decoded value 0x71
[2026-09-27 18:42:33.986] [nas] [debug] Decoded value 0x8b
[2026-09-27 18:42:33.986] [nas] [debug] Decoded value 0xe
[2026-09-27 18:42:33.986] [nas] [debug] Decoded value 0xf
[2026-09-27 18:42:33.986] [nas] [debug] Decoded value 0xd7
[2026-09-27 18:42:33.986] [nas] [debug] Decoded value 0xf2
[2026-09-27 18:42:33.986] [nas] [debug] Decoded value 0x0
[2026-09-27 18:42:33.986] [nas] [debug] Decoded value 0xdf
[2026-09-27 18:42:33.986] [nas] [debug] Decoded value 0xbc
[2026-09-27 18:42:33.986] [nas] [debug] Decoded value 0xa7
[2026-09-27 18:42:33.986] [nas] [debug] Decoded value 0xee
[2026-09-27 18:42:33.986] [nas] [debug] Decoded Authentication Response Parameter, len (18)
[2026-09-27 18:42:33.986] [nas] [debug] Next IEI (0x0)
[2026-09-27 18:42:33.986] [nas] [debug] Decoded AuthenticationResponse message len (21)
[2026-09-27 18:42:33.986] [amf_n1] [debug] 5G AKA Confirmation from AUSF
[2026-09-27 18:42:33.986] [common] [debug] [amf_n1]resStar
32 53 27 12 28 71 8b 0e 0f d7 f2 00 df bc a7 ee 
[2026-09-27 18:42:33.986] [amf_n1] [info] resStar_s (3253271228718B0E0FD7F200DFBCA7EE)
[2026-09-27 18:42:33.986] [amf_n1] [debug] Promise ID generated 2
[2026-09-27 18:42:33.986] [amf_sbi] [info] Receive UE Authentication Confirmation message, handling ...
[2026-09-27 18:42:33.986] [amf_sbi] [debug] Send UE Authentication Confirmation to AUSF 
[2026-09-27 18:42:33.986] [amf_sbi] [info] Send HTTP message to http://10.244.0.149:80/nausf-auth/v1/ue-authentications/32c5f16b91c580008f6861019719d076/5g-aka-confirmation
[2026-09-27 18:42:33.986] [amf_sbi] [info] HTTP message Body: {"resStar":"3253271228718B0E0FD7F200DFBCA7EE"}
[2026-09-27 18:42:33.986] [amf_sbi] [debug] Send a simple HTTP request
[2026-09-27 18:42:34.003] [amf_sbi] [info] Get response with HTTP code (200)
[2026-09-27 18:42:34.003] [amf_app] [debug] Trigger process response: Set promise with ID 2 to ready
[2026-09-27 18:42:34.003] [amf_n1] [debug] Got result for promise ID 2
[2026-09-27 18:42:34.003] [amf_n1] [debug] Got ConfirmationDataResponse from AUSF: {"authResult":"AUTHENTICATION_SUCCESS","kseaf":"6e7bb4eb545ee727a4ac7dd6c9a9e50af016df64efb3ecbaba4398f891734d14","supi":"imsi-[REDACTED]"}
[2026-09-27 18:42:34.003] [amf_app] [debug] Data 6e7bb4eb545ee727a4ac7dd6c9a9e50af016df64efb3ecbaba4398f891734d14 (64 bytes)
[2026-09-27 18:42:34.003] [amf_app] [debug] Data (formatted):
6e 7b b4 eb 54 5e e7 27 a4 ac 7d d6 c9 a9 e5 a f0 16 df 64 ef b3 ec ba ba 43 98 f8 91 73 4d 14 
[2026-09-27 18:42:34.003] [common] [debug] [amf_n1]5G AV: kseaf
6e 7b b4 eb 54 5e e7 27 a4 ac 7d d6 c9 a9 e5 0a f0 16 df 64 ef b3 ec ba ba 43 98 f8 91 73 4d 14 
[2026-09-27 18:42:34.003] [amf_n1] [debug] Deriving Kamf
[2026-09-27 18:42:34.003] [amf_n1] [debug] derive_kamf ...
[2026-09-27 18:42:34.003] [common] [debug] [amf_n1]Kamf
22 3e dc 8a 48 9d 85 37 1e c8 dc 92 80 1a 6a 77 34 83 99 47 61 43 b3 38 97 ca a5 64 45 40 54 86 
[2026-09-27 18:42:34.003] [amf_n1] [debug] Authentication successful by network!
[2026-09-27 18:42:34.003] [amf_n1] [debug] Start Security Mode Control procedure
[2026-09-27 18:42:34.003] [amf_n1] [debug] Using IntegrityProtectedWithNewSecurityContext for SecurityModeControl message
[2026-09-27 18:42:34.003] [amf_n1] [debug] Selected AMF NEA: 0x0
[2026-09-27 18:42:34.003] [amf_n1] [debug] Selected AMF NIA: 0x1
[2026-09-27 18:42:34.003] [amf_n1] [debug] derive_knas ...
[2026-09-27 18:42:34.003] [amf_n1] [debug] derive_knas ...
[2026-09-27 18:42:34.003] [amf_n1] [debug] Encoded ngKSI 0x2
[2026-09-27 18:42:34.003] [nas_mm] [debug] Size of Security Mode Command message 14
[2026-09-27 18:42:34.003] [nas] [debug] Encoding SecurityModeCommand message
[2026-09-27 18:42:34.003] [nas] [debug] Encoding NasMmPlainHeader
[2026-09-27 18:42:34.003] [nas] [debug] Encoded NasMmPlainHeader (len 3 octets)
[2026-09-27 18:42:34.003] [nas] [debug] Encoding NAS Security Algorithms
[2026-09-27 18:42:34.003] [nas] [debug] Encoded NAS Security Algorithms, len (1)
[2026-09-27 18:42:34.003] [nas] [debug] Encoding UE Security Capability
[2026-09-27 18:42:34.003] [nas] [debug] Encoded UE Security Capability, len (5)
[2026-09-27 18:42:34.003] [nas] [debug] Encoded Type1NasIeFormatTv, len (1)
[2026-09-27 18:42:34.003] [nas] [debug] IE EPS NAS Security Algorithms is not available
[2026-09-27 18:42:34.003] [nas] [debug] Encoding Additional 5G Security Information
[2026-09-27 18:42:34.003] [nas] [debug] Encoded Additional 5G Security Information, len (3)
[2026-09-27 18:42:34.003] [nas] [debug] IE EAP Message is not available
[2026-09-27 18:42:34.003] [nas] [debug] IE Abba is not available
[2026-09-27 18:42:34.003] [nas] [debug] IE S1 UE Security Capability is not available
[2026-09-27 18:42:34.003] [nas] [debug] Encoded SecurityModeCommand message len (14)
[2026-09-27 18:42:34.003] [common] [debug] [amf_n1]Security-Mode-Command message buffer
7e 00 5d 01 02 04 e0 60 00 00 e1 36 01 02 
[2026-09-27 18:42:34.003] [amf_n1] [debug] Security Context status (is new:  true)
[2026-09-27 18:42:34.003] [amf_n1] [debug] Encoding nas_message_protected...
[2026-09-27 18:42:34.003] [common] [debug] [amf_n1]Parameters for NIA: Knas_int
7d 4f c7 3f 9e f2 11 a2 e6 ff 13 b1 77 35 76 7f 
[2026-09-27 18:42:34.003] [amf_n1] [debug] Parameters for NIA, count: 0x0
[2026-09-27 18:42:34.003] [amf_n1] [debug] Parameters for NIA, bearer: 0x1
[2026-09-27 18:42:34.003] [amf_n1] [debug] Parameters for NIA, direction: 0x1
[2026-09-27 18:42:34.003] [common] [debug] [amf_n1]Parameters for NIA, message: 
00 7e 00 5d 01 02 04 e0 60 00 00 e1 36 01 02 
[2026-09-27 18:42:34.003] [amf_n1] [debug] Integrity with algorithms: 128-5G-IA1
[2026-09-27 18:42:34.003] [common] [debug] [amf_n1]Result for NIA1, mac: 
a2 64 43 f4 
[2026-09-27 18:42:34.003] [amf_n1] [debug] Result for NIA1, mac32: 0xa26443f4
[2026-09-27 18:42:34.003] [amf_n1] [debug] mac32: 0xa26443f4
[2026-09-27 18:42:34.003] [common] [debug] [amf_n1]Encrypted Security-Mode-Command message buffer
7e 03 a2 64 43 f4 00 7e 00 5d 01 02 04 e0 60 00 00 e1 36 01 02 
[2026-09-27 18:42:34.003] [amf_n2] [info] Received Downlink NAS Transport message, handling
[2026-09-27 18:42:34.003] [amf_n2] [debug] Handle DL NAS Transport ...
InitiatingMessage ::= {
    procedureCode: 4
    criticality: 1 (ignore)
    value: DownlinkNASTransport ::= {
        protocolIEs: ProtocolIE-Container ::= {
            DownlinkNASTransport-IEs ::= {
                id: 10
                criticality: 0 (reject)
                value: 1
            }
            DownlinkNASTransport-IEs ::= {
                id: 85
                criticality: 0 (reject)
                value: 1
            }
            DownlinkNASTransport-IEs ::= {
                id: 38
                criticality: 0 (reject)
                value: 
                    7E 03 A2 64 43 F4 00 7E 00 5D 01 02 04 E0 60 00 
                    00 E1 36 01 02
            }
        }
    }
}
[2026-09-27 18:42:34.003] [ngap] [debug] Encoded size (45)
[2026-09-27 18:42:34.003] [sctp] [debug] [Socket 5, Assoc ID 36] Sending buffer 0x7e8dac0022f0 of 45 bytes on stream 1 with PPID 60
[2026-09-27 18:42:34.004] [sctp] [debug] Successfully sent 45 bytes on stream 1
[2026-09-27 18:42:34.004] [ngap] [debug] Free NGAP Message PDU
[2026-09-27 18:42:34.095] [sctp] [info] [Assoc_id 36, Socket 5] Received a message (length 100) from port 39521, on stream 1, PPID 60
[2026-09-27 18:42:34.095] [ngap] [debug] Handling SCTP payload from SCTP Server on assoc_id (36), stream_id (1), instreams (2), outstreams (2)
[2026-09-27 18:42:34.095] [ngap] [debug] Decoded NGAP message, procedure code 46, present 1
InitiatingMessage ::= {
    procedureCode: 46
    criticality: 1 (ignore)
    value: UplinkNASTransport ::= {
        protocolIEs: ProtocolIE-Container ::= {
            UplinkNASTransport-IEs ::= {
                id: 10
                criticality: 0 (reject)
                value: 1
            }
            UplinkNASTransport-IEs ::= {
                id: 85
                criticality: 0 (reject)
                value: 1
            }
            UplinkNASTransport-IEs ::= {
                id: 38
                criticality: 0 (reject)
                value: 
                    7E 04 9C C4 43 F1 00 7E 00 5E 77 00 09 65 57 54 
                    76 98 10 32 14 F3 71 00 20 7E 00 41 29 00 0D 01 
                    00 F1 10 00 00 00 00 10 32 54 76 08 10 01 06 2E 
                    08 E0 60 00 00 00 00 00 00
            }
            UplinkNASTransport-IEs ::= {
                id: 121
                criticality: 1 (ignore)
                value: UserLocationInformationNR ::= {
                    nR-CGI: NR-CGI ::= {
                        pLMNIdentity: 00 F1 10
                        nRCellIdentity: 00 00 E0 14 E0 (4 bits unused)
                    }
                    tAI: TAI ::= {
                        pLMNIdentity: 00 F1 10
                        tAC: 00 00 07
                    }
                }
            }
        }
    }
}
[2026-09-27 18:42:34.095] [ngap] [debug] Sending ITTI Uplink NAS Transport message to TASK_AMF_N2
InitiatingMessage ::= {
    procedureCode: 46
    criticality: 1 (ignore)
    value: UplinkNASTransport ::= {
        protocolIEs: ProtocolIE-Container ::= {
            UplinkNASTransport-IEs ::= {
                id: 10
                criticality: 0 (reject)
                value: 1
            }
            UplinkNASTransport-IEs ::= {
                id: 85
                criticality: 0 (reject)
                value: 1
            }
            UplinkNASTransport-IEs ::= {
                id: 38
                criticality: 0 (reject)
                value: 
                    7E 04 9C C4 43 F1 00 7E 00 5E 77 00 09 65 57 54 
                    76 98 10 32 14 F3 71 00 20 7E 00 41 29 00 0D 01 
                    00 F1 10 00 00 00 00 10 32 54 76 08 10 01 06 2E 
                    08 E0 60 00 00 00 00 00 00
            }
            UplinkNASTransport-IEs ::= {
                id: 121
                criticality: 1 (ignore)
                value: UserLocationInformationNR ::= {
                    nR-CGI: NR-CGI ::= {
                        pLMNIdentity: 00 F1 10
                        nRCellIdentity: 00 00 E0 14 E0 (4 bits unused)
                    }
                    tAI: TAI ::= {
                        pLMNIdentity: 00 F1 10
                        tAC: 00 00 07
                    }
                }
            }
        }
    }
}
[2026-09-27 18:42:34.095] [ngap] [debug] Received TAC 0x7
[2026-09-27 18:42:34.095] [amf_n2] [info] Received Uplink NAS Transport message, handling
[2026-09-27 18:42:34.095] [amf_n2] [debug] Handle Uplink NAS Transport...
[2026-09-27 18:42:34.095] [ngap] [debug] Free NGAP Message PDU
[2026-09-27 18:42:34.095] [amf_n1] [info] Received UL_NAS_DATA_IND
[2026-09-27 18:42:34.095] [amf_n1] [debug] Serving network name 5G:mnc001.mcc001.3gppnetwork.org
[2026-09-27 18:42:34.095] [amf_n1] [debug] Existing nas_context with amf_ue_ngap_id 1
[2026-09-27 18:42:34.095] [common] [debug] [amf_n1]Received Uplink NAS Message
7e 04 9c c4 43 f1 00 7e 00 5e 77 00 09 65 57 54 76 98 10 32 14 f3 71 00 20 7e 00 41 29 00 0d 01 00 f1 10 00 00 00 00 10 32 54 76 08 10 01 06 2e 08 e0 60 00 00 00 00 00 00 
[2026-09-27 18:42:34.095] [amf_n1] [debug] Received integrity protected and ciphered with new security context NAS message
[2026-09-27 18:42:34.095] [common] [debug] [amf_n1]Parameters for NIA: Knas_int
7d 4f c7 3f 9e f2 11 a2 e6 ff 13 b1 77 35 76 7f 
[2026-09-27 18:42:34.095] [amf_n1] [debug] Uplink count in uplink: 0
[2026-09-27 18:42:34.095] [amf_n1] [debug] Parameters for NIA, count: 0x0
[2026-09-27 18:42:34.095] [amf_n1] [debug] Parameters for NIA, bearer: 0x1
[2026-09-27 18:42:34.095] [amf_n1] [debug] Parameters for NIA, direction: 0x0
[2026-09-27 18:42:34.095] [common] [debug] [amf_n1]Parameters for NIA, message: 
00 7e 00 5e 77 00 09 65 57 54 76 98 10 32 14 f3 71 00 20 7e 00 41 29 00 0d 01 00 f1 10 00 00 00 00 10 32 54 76 08 10 01 06 2e 08 e0 60 00 00 00 00 00 00 
[2026-09-27 18:42:34.095] [amf_n1] [debug] Integrity with algorithms: 128-5G-IA1
[2026-09-27 18:42:34.095] [common] [debug] [amf_n1]Result for NIA1, mac: 
9c c4 43 f1 
[2026-09-27 18:42:34.095] [amf_n1] [debug] Result for NIA1, mac32: 0x9cc443f1
[2026-09-27 18:42:34.095] [amf_n1] [debug] Received mac32 (0x9cc443f1) from the message
[2026-09-27 18:42:34.095] [amf_n1] [debug] Integrity matched
[2026-09-27 18:42:34.095] [amf_n1] [debug] nsc.ul_count.overflow 0
[2026-09-27 18:42:34.095] [amf_n1] [debug] Cipher protected with EA0_5G
[2026-09-27 18:42:34.095] [common] [debug] [amf_n1]Decoded Plain Message
7e 00 5e 77 00 09 65 57 54 76 98 10 32 14 f3 71 00 20 7e 00 41 29 00 0d 01 00 f1 10 00 00 00 00 10 32 54 76 08 10 01 06 2e 08 e0 60 00 00 00 00 00 00 
[2026-09-27 18:42:34.095] [amf_n1] [debug] Received Uplink NAS message...
[2026-09-27 18:42:34.095] [amf_n1] [debug] Received Security Mode Complete message, handling...
[2026-09-27 18:42:34.095] [amf_n1] [debug] Handling Security Mode Complete ...
[2026-09-27 18:42:34.095] [nas] [debug] Decoding SecurityModeComplete message
[2026-09-27 18:42:34.095] [nas] [debug] Decoding NasMmPlainHeader
[2026-09-27 18:42:34.095] [nas] [debug] Decoded NasMmPlainHeader len (3 octets)
[2026-09-27 18:42:34.095] [nas] [debug] Decoded_size (3)
[2026-09-27 18:42:34.095] [nas] [debug] Decoding IEI (0x77)
[2026-09-27 18:42:34.095] [nas] [debug] Decoding 5GSMobilityIdentity
[2026-09-27 18:42:34.095] [nas] [debug] Decoded 5GSMobilityIdentity IE length 9
[2026-09-27 18:42:34.095] [nas] [debug] Decoding 5GSMobilityIdentity IMEISV
[2026-09-27 18:42:34.095] [nas] [debug] Decoded 5GSMobilityIdentity IMEISV: 6754567890123413
[2026-09-27 18:42:34.095] [nas] [debug] Decoded 5GSMobilityIdentity IMEISV len (9)
[2026-09-27 18:42:34.095] [nas] [debug] Decoded 5GS Mobile Identity, len (12)
[2026-09-27 18:42:34.095] [nas] [debug] Decoding IEI (0x71)
[2026-09-27 18:42:34.095] [nas] [debug] Decoding NAS Message Container
[2026-09-27 18:42:34.095] [nas] [debug] Decoded NasMessageContainer value 0x7e
[2026-09-27 18:42:34.095] [nas] [debug] Decoded NasMessageContainer value 0x0
[2026-09-27 18:42:34.095] [nas] [debug] Decoded NasMessageContainer value 0x41
[2026-09-27 18:42:34.095] [nas] [debug] Decoded NasMessageContainer value 0x29
[2026-09-27 18:42:34.095] [nas] [debug] Decoded NasMessageContainer value 0x0
[2026-09-27 18:42:34.095] [nas] [debug] Decoded NasMessageContainer value 0xd
[2026-09-27 18:42:34.095] [nas] [debug] Decoded NasMessageContainer value 0x1
[2026-09-27 18:42:34.095] [nas] [debug] Decoded NasMessageContainer value 0x0
[2026-09-27 18:42:34.095] [nas] [debug] Decoded NasMessageContainer value 0xf1
[2026-09-27 18:42:34.095] [nas] [debug] Decoded NasMessageContainer value 0x10
[2026-09-27 18:42:34.095] [nas] [debug] Decoded NasMessageContainer value 0x0
[2026-09-27 18:42:34.095] [nas] [debug] Decoded NasMessageContainer value 0x0
[2026-09-27 18:42:34.095] [nas] [debug] Decoded NasMessageContainer value 0x0
[2026-09-27 18:42:34.095] [nas] [debug] Decoded NasMessageContainer value 0x0
[2026-09-27 18:42:34.095] [nas] [debug] Decoded NasMessageContainer value 0x10
[2026-09-27 18:42:34.095] [nas] [debug] Decoded NasMessageContainer value 0x32
[2026-09-27 18:42:34.095] [nas] [debug] Decoded NasMessageContainer value 0x54
[2026-09-27 18:42:34.095] [nas] [debug] Decoded NasMessageContainer value 0x76
[2026-09-27 18:42:34.095] [nas] [debug] Decoded NasMessageContainer value 0x8
[2026-09-27 18:42:34.095] [nas] [debug] Decoded NasMessageContainer value 0x10
[2026-09-27 18:42:34.095] [nas] [debug] Decoded NasMessageContainer value 0x1
[2026-09-27 18:42:34.095] [nas] [debug] Decoded NasMessageContainer value 0x6
[2026-09-27 18:42:34.095] [nas] [debug] Decoded NasMessageContainer value 0x2e
[2026-09-27 18:42:34.095] [nas] [debug] Decoded NasMessageContainer value 0x8
[2026-09-27 18:42:34.095] [nas] [debug] Decoded NasMessageContainer value 0xe0
[2026-09-27 18:42:34.095] [nas] [debug] Decoded NasMessageContainer value 0x60
[2026-09-27 18:42:34.095] [nas] [debug] Decoded NasMessageContainer value 0x0
[2026-09-27 18:42:34.095] [nas] [debug] Decoded NasMessageContainer value 0x0
[2026-09-27 18:42:34.095] [nas] [debug] Decoded NasMessageContainer value 0x0
[2026-09-27 18:42:34.095] [nas] [debug] Decoded NasMessageContainer value 0x0
[2026-09-27 18:42:34.095] [nas] [debug] Decoded NasMessageContainer value 0x0
[2026-09-27 18:42:34.095] [nas] [debug] Decoded NasMessageContainer value 0x0
[2026-09-27 18:42:34.095] [nas] [debug] Decoded NAS Message Container, len (35)
[2026-09-27 18:42:34.095] [nas] [debug] Decoded SecurityModeComplete message len (50)
[2026-09-27 18:42:34.095] [common] [debug] [amf_n1]Security Mode Complete message buffer
7e 00 5e 77 00 09 65 57 54 76 98 10 32 14 f3 71 00 20 7e 00 41 29 00 0d 01 00 f1 10 00 00 00 00 10 32 54 76 08 10 01 06 2e 08 e0 60 00 00 00 00 00 00 
[2026-09-27 18:42:34.095] [nas_mm] [debug] Stored IMEISV in the NAS Context: 6754567890123413
[2026-09-27 18:42:34.095] [common] [debug] [amf_n1]NAS Message Container
7e 00 41 29 00 0d 01 00 f1 10 00 00 00 00 10 32 54 76 08 10 01 06 2e 08 e0 60 00 00 00 00 00 00 
[2026-09-27 18:42:34.095] [amf_n1] [debug] NAS Message Container, Message Type 0x41
[2026-09-27 18:42:34.095] [amf_n1] [debug] Registration Request in NAS Message Container
[2026-09-27 18:42:34.095] [nas] [debug] Decoding RegistrationRequest message
[2026-09-27 18:42:34.095] [nas] [debug] Decoding NasMmPlainHeader
[2026-09-27 18:42:34.095] [nas] [debug] Decoded NasMmPlainHeader len (3 octets)
[2026-09-27 18:42:34.095] [nas] [debug] Decoding 5GSMobilityIdentity
[2026-09-27 18:42:34.095] [nas] [debug] Decoded 5GSMobilityIdentity IE length 13
[2026-09-27 18:42:34.095] [nas] [debug] Decoding 5GSMobilityIdentity SUCI
[2026-09-27 18:42:34.095] [nas] [debug] MCC 001, MNC 01
[2026-09-27 18:42:34.095] [nas] [debug] MCC 001, MNC 01
[2026-09-27 18:42:34.095] [nas] [debug] Decoded Routing Indicator 0000
[2026-09-27 18:42:34.095] [nas] [debug] Decoded MSIN 0123456780
[2026-09-27 18:42:34.095] [nas] [debug] Decoded 5GSMobilityIdentity SUCI SUPI format IMSI (len 13)
[2026-09-27 18:42:34.095] [nas] [debug] Decoded SUCI (15 octets)
[2026-09-27 18:42:34.095] [nas] [debug] Decoded 5GS Mobile Identity, len (15)
[2026-09-27 18:42:34.095] [nas] [debug] First option IEI 0x10
[2026-09-27 18:42:34.095] [nas] [debug] IEI 0x10
[2026-09-27 18:42:34.095] [nas] [debug] Decoding IEI 0x10
[2026-09-27 18:42:34.095] [nas] [debug] Decoding 5GMM Capability
[2026-09-27 18:42:34.095] [nas] [debug] Decoded 5GMM Capability, Octet3 value (0x6)
[2026-09-27 18:42:34.095] [nas] [debug] Decoded 5GMM Capability, len (3)
[2026-09-27 18:42:34.095] [nas] [debug] Next IEI 0x2e
[2026-09-27 18:42:34.095] [nas] [debug] IEI 0x2e
[2026-09-27 18:42:34.095] [nas] [debug] Decoding IEI 0x2e
[2026-09-27 18:42:34.096] [nas] [debug] Decoding UE Security Capability
[2026-09-27 18:42:34.096] [nas] [debug] Decoded UE Security Capability, len (10)
[2026-09-27 18:42:34.096] [nas] [debug] 5G EA 0xe0, 5G IA 0x60
[2026-09-27 18:42:34.096] [nas] [debug] EEA 0x0
[2026-09-27 18:42:34.096] [nas] [debug] EIA 0x0
[2026-09-27 18:42:34.096] [nas] [debug] Next IEI 0x0
[2026-09-27 18:42:34.096] [nas] [debug] Decoded RegistrationRequest message (len 32)
[2026-09-27 18:42:34.096] [amf_n1] [debug] Optional IE RequestedNssai is not present
[2026-09-27 18:42:34.096] [amf_n1] [debug] Optional IE UplinkDataStatus is not present
[2026-09-27 18:42:34.096] [amf_n1] [debug] Optional IE PDUSessionStatus is not present
[2026-09-27 18:42:34.096] [amf_n1] [debug] Verifying whether this AMF can handle the request...
[2026-09-27 18:42:34.096] [amf_n1] [debug] Get the Slice Selection Subscription Data from UDM
[2026-09-27 18:42:34.096] [amf_n1] [debug] Promise ID generated 3
[2026-09-27 18:42:34.096] [amf_sbi] [info] Receive Slice Selection Subscription Data Retrieval Request, handling ...
[2026-09-27 18:42:34.096] [amf_sbi] [debug] Send Slice Selection Subscription Data Retrieval to UDM 
[2026-09-27 18:42:34.096] [amf_sbi] [info] Send HTTP message to http://oai-udm:80/nudm-sdm/v1/imsi-[REDACTED]/nssai?plmn-id={"mcc":"001","mnc":"01"}
[2026-09-27 18:42:34.096] [amf_sbi] [info] HTTP message Body: 
[2026-09-27 18:42:34.096] [amf_sbi] [debug] Send a simple HTTP request
[2026-09-27 18:42:34.109] [amf_sbi] [info] Get response with HTTP code (200)
[2026-09-27 18:42:34.109] [amf_app] [debug] Trigger process response: Set promise with ID 3 to ready
[2026-09-27 18:42:34.109] [amf_n1] [debug] Got NSSAI from UDM: {"defaultSingleNssais":[{"sd":"ffffff","sst":1}]}
[2026-09-27 18:42:34.110] [amf_n1] [debug] Verifying whether this AMF can handle Requested/Subscribed S-NSSAIs
[2026-09-27 18:42:34.110] [amf_n1] [debug] PLMN info: {"mcc":"001","mnc":"01","slice_list":[{"sd":"FFFFFF","sst":1}],"tac":7}
[2026-09-27 18:42:34.110] [amf_n1] [debug] Find the common NSSAIs between Requested NSSAIs and Subscribed NSSAIs
[2026-09-27 18:42:34.110] [amf_n1] [debug] Found S-NSSAI (SST 1, SD ffffff)
[2026-09-27 18:42:34.110] [amf_n1] [debug] Current AMF can handle the Requested/Subscribed NSSAIs, no need to perform AMF Re-allocation procedure
[2026-09-27 18:42:34.110] [amf_app] [debug] AMF registers for 3GPP access with UDM
[2026-09-27 18:42:34.110] [amf_sbi] [info] Receive AMF Registration for 3GPP Access message, handling ...
[2026-09-27 18:42:34.110] [amf_sbi] [debug] Send AMF Registration for 3GPP Access towards UDM
[2026-09-27 18:42:34.110] [amf_app] [debug] Discovering PCF for the UE
[2026-09-27 18:42:34.110] [amf_app] [debug] Perform AM Policy Association with PCF for the UE
[2026-09-27 18:42:34.110] [amf_sbi] [info] Send HTTP message to http://oai-udm:80/nudm-uecm/v1/imsi-[REDACTED]/registrations/amf-3gpp-access
[2026-09-27 18:42:34.110] [amf_sbi] [info] HTTP message Body: {"amfInstanceId":"4042849f-78a0-49bf-9f1a-180c59d6e83a","deregCallbackUri":"10.244.0.150:80/namf-callback/v1v1/imsi-[REDACTED]/deregistration-notification","guami":{"amfId":"010000","plmnId":{"mcc":"001","mnc":"01"}},"initialRegistrationInd":true,"ratType":"NR"}
[2026-09-27 18:42:34.110] [amf_sbi] [debug] Send a simple HTTP request
[2026-09-27 18:42:34.110] [amf_n2] [debug] Getting common S-NSSAIs between gNB and AMF
[2026-09-27 18:42:34.110] [amf_n2] [debug] Getting common S-NSSAIs between gNB and AMF
[2026-09-27 18:42:34.110] [amf_n2] [debug] Common S-NSSAI (SST 0x1, SD FFFFFF)
[2026-09-27 18:42:34.110] [amf_n2] [debug] Common S-NSSAI (SST 1, SD 16777215)
[2026-09-27 18:42:34.110] [amf_n1] [debug] Allowed S-NSSAI (SST 0x1, SD 0xffffff)
[2026-09-27 18:42:34.110] [amf_app] [debug] Random number generated: 857538467
[2026-09-27 18:42:34.110] [amf_n1] [debug] Allocated GUTI 00101010000857538467 (TMSI 857538467)
[2026-09-27 18:42:34.110] [nas_mm] [debug] Size of Registration Accept message 49
[2026-09-27 18:42:34.111] [nas] [debug] Encoding RegistrationAccept message
[2026-09-27 18:42:34.111] [nas] [debug] Encoding NasMmPlainHeader
[2026-09-27 18:42:34.111] [nas] [debug] Encoded NasMmPlainHeader (len 3 octets)
[2026-09-27 18:42:34.111] [nas] [debug] Encoding 5GS Registration Result
[2026-09-27 18:42:34.111] [nas] [debug] Encoded 5GS Registration Result, len (2)
[2026-09-27 18:42:34.111] [nas] [debug] Encoding 5GS Mobile Identity
[2026-09-27 18:42:34.111] [nas] [debug] Encoding 5G-GUTI IEI 0x77
[2026-09-27 18:42:34.111] [nas] [debug] MNC digit 1: 0
[2026-09-27 18:42:34.111] [nas] [debug] Encoding MNC 2 digits
[2026-09-27 18:42:34.111] [nas] [debug] MCC 001, MNC 01
[2026-09-27 18:42:34.111] [nas] [debug] Encoded 5G-GUTI IE (len 14 octets)
[2026-09-27 18:42:34.111] [nas] [debug] Encoding 5GS Tracking Area Identity List
[2026-09-27 18:42:34.111] [nas] [debug] MNC digit 1: 0
[2026-09-27 18:42:34.111] [nas] [debug] Encoding MNC 2 digits
[2026-09-27 18:42:34.111] [nas] [debug] MCC 001, MNC 01
[2026-09-27 18:42:34.111] [nas] [debug] Encoded 5GS Tracking Area Identity List, len (9)
[2026-09-27 18:42:34.111] [nas] [debug] IE PLMN List is not available
[2026-09-27 18:42:34.111] [nas] [debug] Encoding NSSAI
[2026-09-27 18:42:34.111] [nas] [debug] Encoded Nssai len (4)
[2026-09-27 18:42:34.111] [nas] [debug] IE Rejected NSSAI is not available
[2026-09-27 18:42:34.111] [nas] [debug] Encoding NSSAI
[2026-09-27 18:42:34.111] [nas] [debug] Encoded Nssai len (4)
[2026-09-27 18:42:34.111] [nas] [debug] Encoding 5GS Network Feature Support
[2026-09-27 18:42:34.111] [nas] [debug] Encoded 5GS Network Feature Support, len (4)
[2026-09-27 18:42:34.111] [nas] [debug] IE PDU Session Status is not available
[2026-09-27 18:42:34.111] [nas] [debug] IE PDU Session Reactivation Result is not available
[2026-09-27 18:42:34.111] [nas] [debug] IE PDU Session Reactivation Result Error Cause is not available
[2026-09-27 18:42:34.111] [nas] [debug] Encoding LADN Information
[2026-09-27 18:42:34.111] [nas] [debug] Encoded LADN Information, len (0)
[2026-09-27 18:42:34.111] [nas] [debug] IE MICO Indication is not available
[2026-09-27 18:42:34.111] [nas] [debug] IE Network Slicing Indication is not available
[2026-09-27 18:42:34.111] [nas] [debug] IE Service Area List is not available
[2026-09-27 18:42:34.111] [nas] [debug] Encoding GPRS Timer 3
[2026-09-27 18:42:34.111] [nas] [debug] Encoded GPRS Timer 3, len (3)
[2026-09-27 18:42:34.111] [nas] [debug] IE GPRS Timer 2 is not available
[2026-09-27 18:42:34.111] [nas] [debug] Encoding GPRS Timer 2
[2026-09-27 18:42:34.111] [nas] [debug] Encoded GPRS Timer 2, len (3)
[2026-09-27 18:42:34.111] [nas] [debug] IE SOR Transparent Container is not available
[2026-09-27 18:42:34.111] [nas] [debug] IE EAP Message is not available
[2026-09-27 18:42:34.111] [nas] [debug] IE NSSAI Inclusion Mode is not available
[2026-09-27 18:42:34.111] [nas] [debug] IE 5GS DRX Parameters is not available
[2026-09-27 18:42:34.111] [nas] [debug] IE Non-3GPP NW Provided Policies is not available
[2026-09-27 18:42:34.111] [nas] [debug] IE EPS Bearer Context Status is not available
[2026-09-27 18:42:34.111] [nas] [debug] IE Extended DRX Parameters is not available
[2026-09-27 18:42:34.111] [nas] [debug] IE GPRS Timer 3 is not available
[2026-09-27 18:42:34.111] [nas] [debug] IE GPRS Timer 3 is not available
[2026-09-27 18:42:34.111] [nas] [debug] IE GPRS Timer 3 is not available
[2026-09-27 18:42:34.111] [nas] [debug] IE UE Radio Capability ID is not available
[2026-09-27 18:42:34.111] [nas] [debug] IE NSSAI is not available
[2026-09-27 18:42:34.111] [nas] [debug] Encoded RegistrationAccept message len (46)
[2026-09-27 18:42:34.111] [common] [debug] [amf_n1]Registration-Accept message buffer
7e 00 42 01 01 77 00 0b f2 00 f1 10 01 00 00 33 1c ff a3 54 07 00 00 f1 10 00 00 07 15 02 01 01 31 02 01 01 21 02 01 00 5e 01 b6 16 01 0c 
[2026-09-27 18:42:34.111] [amf_n1] [debug] Encoding nas_message_protected...
[2026-09-27 18:42:34.111] [amf_n1] [debug] Cipher protected with EA0_5G
[2026-09-27 18:42:34.111] [common] [debug] [amf_n1]Parameters for NIA: Knas_int
7d 4f c7 3f 9e f2 11 a2 e6 ff 13 b1 77 35 76 7f 
[2026-09-27 18:42:34.111] [amf_n1] [debug] Parameters for NIA, count: 0x1
[2026-09-27 18:42:34.111] [amf_n1] [debug] Parameters for NIA, bearer: 0x1
[2026-09-27 18:42:34.111] [amf_n1] [debug] Parameters for NIA, direction: 0x1
[2026-09-27 18:42:34.111] [common] [debug] [amf_n1]Parameters for NIA, message: 
01 7e 00 42 01 01 77 00 0b f2 00 f1 10 01 00 00 33 1c ff a3 54 07 00 00 f1 10 00 00 07 15 02 01 01 31 02 01 01 21 02 01 00 5e 01 b6 16 01 0c 
[2026-09-27 18:42:34.111] [amf_n1] [debug] Integrity with algorithms: 128-5G-IA1
[2026-09-27 18:42:34.111] [common] [debug] [amf_n1]Result for NIA1, mac: 
2e cb cf c7 
[2026-09-27 18:42:34.111] [amf_n1] [debug] Result for NIA1, mac32: 0x2ecbcfc7
[2026-09-27 18:42:34.111] [amf_n1] [debug] Derive Kgnb ...
[2026-09-27 18:42:34.111] [common] [debug] [amf_n1]Kamf
22 3e dc 8a 48 9d 85 37 1e c8 dc 92 80 1a 6a 77 34 83 99 47 61 43 b3 38 97 ca a5 64 45 40 54 86 
[2026-09-27 18:42:34.111] [amf_n1] [info] UE (IMSI [REDACTED], GUTI 00101010000857538467, current RAN ID 1, current AMF ID 1) has been registered to the network
[2026-09-27 18:42:34.111] [amf_n2] [info] Received Initial Context Setup Request message, handling
[2026-09-27 18:42:34.111] [amf_app] [debug] The UE's state (IMSI [REDACTED], State 5GMM-REGISTERED) has been successfully updated!
[2026-09-27 18:42:34.111] [amf_n1] [debug] Set 5GMM state to 5GMM-REGISTERED
[2026-09-27 18:42:34.111] [amf_app] [info] 
   |------------------------------------------------------------------------------------------------------------------------------------------------------------|
   |----------------------------------------------------------------------gNBs' Information---------------------------------------------------------------------|
   |  Index |               Status               |              Global Id             |              gNB Name              |                PLMN                |
   |    1   |              Connected             |               0x0E00               |               gNB-OAI              |               001,01               |
   |------------------------------------------------------------------------------------------------------------------------------------------------------------|

   |-----------------------------------------------------------------------------------------------------------------------------------------------------------|
   |---------------------------------------------------------------------UEs' Information----------------------------------------------------------------------|
   |  Index |     5GMM State     |        IMSI        |        GUTI        |   RAN UE NGAP ID   |   AMF UE NGAP ID   |        PLMN        |       Cell Id      |
   |    1   |   5GMM-REGISTERED  |   [REDACTED]  |00101010000857538467|        0x01        |        0x01        |       001,01       |      0000e014e     |
   |-----------------------------------------------------------------------------------------------------------------------------------------------------------|

[2026-09-27 18:42:34.111] [amf_n2] [debug] Handle Initial Context Setup Request ...
[2026-09-27 18:42:34.111] [nas_mm] [debug] Set IMEISV InitialContextSetupRequestMsg: 6754567890123413
InitiatingMessage ::= {
    procedureCode: 14
    criticality: 0 (reject)
    value: InitialContextSetupRequest ::= {
        protocolIEs: ProtocolIE-Container ::= {
            InitialContextSetupRequestIEs ::= {
                id: 10
                criticality: 0 (reject)
                value: 1
            }
            InitialContextSetupRequestIEs ::= {
                id: 85
                criticality: 0 (reject)
                value: 1
            }
            InitialContextSetupRequestIEs ::= {
                id: 28
                criticality: 0 (reject)
                value: GUAMI ::= {
                    pLMNIdentity: 00 F1 10
                    aMFRegionID: 01
                    aMFSetID: 00 00 (6 bits unused)
                    aMFPointer: 00 (2 bits unused)
                }
            }
            InitialContextSetupRequestIEs ::= {
                id: 0
                criticality: 0 (reject)
                value: AllowedNSSAI ::= {
                    AllowedNSSAI-Item ::= {
                        s-NSSAI: S-NSSAI ::= {
                            sST: 01
                        }
                    }
                }
            }
            InitialContextSetupRequestIEs ::= {
                id: 119
                criticality: 0 (reject)
                value: UESecurityCapabilities ::= {
                    nRencryptionAlgorithms: C0 00
                    nRintegrityProtectionAlgorithms: C0 00
                    eUTRAencryptionAlgorithms: 00 00
                    eUTRAintegrityProtectionAlgorithms: 00 00
                }
            }
            InitialContextSetupRequestIEs ::= {
                id: 94
                criticality: 0 (reject)
                value: 
                        A6 41 69 EA 99 B1 D8 ED C1 19 08 85 DF 19 31 8D 
                        F9 91 8D 60 BD E5 5C EE BB 7A D8 45 75 A5 F8 DD
            }
            InitialContextSetupRequestIEs ::= {
                id: 36
                criticality: 1 (ignore)
                value: MobilityRestrictionList ::= {
                    servingPLMN: 00 F1 10
                }
            }
            InitialContextSetupRequestIEs ::= {
                id: 34
                criticality: 1 (ignore)
                value: 76 45 65 87 09 FF FF 31
            }
            InitialContextSetupRequestIEs ::= {
                id: 38
                criticality: 1 (ignore)
                value: 
                    7E 02 2E CB CF C7 01 7E 00 42 01 01 77 00 0B F2 
                    00 F1 10 01 00 00 33 1C FF A3 54 07 00 00 F1 10 
                    00 00 07 15 02 01 01 31 02 01 01 21 02 01 00 5E 
                    01 B6 16 01 0C
            }
        }
    }
}
[2026-09-27 18:42:34.111] [amf_n1] [debug] Signal the UE Location Report Event notification for SUPI imsi-[REDACTED]
[2026-09-27 18:42:34.112] [ngap] [debug] Encoded size (164)
[2026-09-27 18:42:34.112] [sctp] [debug] [Socket 5, Assoc ID 36] Sending buffer 0x7e8db8004150 of 164 bytes on stream 1 with PPID 60
[2026-09-27 18:42:34.112] [amf_n1] [debug] Send request to SBI to trigger UE Location Report (SUPI imsi-[REDACTED] )
[2026-09-27 18:42:34.112] [amf_n1] [debug] Signal the UE Registration State Event notification for SUPI imsi-[REDACTED]
[2026-09-27 18:42:34.112] [amf_n1] [debug] Send request to SBI to trigger UE Registration State Report (SUPI imsi-[REDACTED] )
[2026-09-27 18:42:34.112] [amf_n1] [debug] Signal the UE Connectivity Status Event notification for SUPI imsi-[REDACTED]
[2026-09-27 18:42:34.112] [amf_n1] [debug] Send request to SBI to trigger UE Connectivity State Report (SUPI imsi-[REDACTED] )
[2026-09-27 18:42:34.112] [sctp] [debug] Successfully sent 164 bytes on stream 1
[2026-09-27 18:42:34.112] [ngap] [debug] Free NGAP Message PDU
[2026-09-27 18:42:34.118] [amf_sbi] [info] Get response with HTTP code: 404
[2026-09-27 18:42:34.118] [amf_sbi] [debug] Get response with body
, {"amfInstanceId":"4042849f-78a0-49bf-9f1a-180c59d6e83a","deregCallbackUri":"10.244.0.150:80/namf-callback/v1v1/imsi-[REDACTED]/deregistration-notification","guami":{"amfId":"010000","plmnId":{"mcc":"001","mnc":"01"}},"initialRegistrationInd":true,"ratType":"NR"} 
[2026-09-27 18:42:34.119] [amf_sbi] [info] Receive AM Policy Association message, handling ...
[2026-09-27 18:42:34.119] [amf_sbi] [debug] Send AM Policy Association to PCF
[2026-09-27 18:42:34.119] [amf_sbi] [info] Send HTTP message to /npcf-am-policy-control/v1/policies
[2026-09-27 18:42:34.119] [amf_sbi] [info] HTTP message Body: {"notificationUri":"10.244.0.150:80/namf-callback/v1v1/imsi-[REDACTED]/PolicyUpdateNotification","supi":"imsi-[REDACTED]","suppFeat":""}
[2026-09-27 18:42:34.119] [amf_sbi] [debug] Send a simple HTTP request
[2026-09-27 18:42:34.119] [amf_sbi] [warning] Cannot get response when calling /npcf-am-policy-control/v1/policies
[2026-09-27 18:42:34.119] [amf_sbi] [info] Get response with HTTP code: 0
[2026-09-27 18:42:34.119] [amf_sbi] [debug] Get response with body
,  
[2026-09-27 18:42:34.302] [sctp] [info] [Assoc_id 36, Socket 5] Received a message (length 38) from port 39521, on stream 1, PPID 60
[2026-09-27 18:42:34.302] [ngap] [debug] Handling SCTP payload from SCTP Server on assoc_id (36), stream_id (1), instreams (2), outstreams (2)
[2026-09-27 18:42:34.302] [ngap] [debug] Decoded NGAP message, procedure code 44, present 1
InitiatingMessage ::= {
    procedureCode: 44
    criticality: 1 (ignore)
    value: UERadioCapabilityInfoIndication ::= {
        protocolIEs: ProtocolIE-Container ::= {
            UERadioCapabilityInfoIndicationIEs ::= {
                id: 10
                criticality: 0 (reject)
                value: 1
            }
            UERadioCapabilityInfoIndicationIEs ::= {
                id: 85
                criticality: 0 (reject)
                value: 1
            }
            UERadioCapabilityInfoIndicationIEs ::= {
                id: 117
                criticality: 1 (ignore)
                value: 00 60 80 A0 00 00 00 00 00 00 00 00 00 00
            }
        }
    }
}
[2026-09-27 18:42:34.304] [ngap] [debug] Sending ITTI UE Radio Capability Indication to TASK_AMF_N2
[2026-09-27 18:42:34.304] [amf_n2] [info] Received UE Radio Capability Indication message, handling
[2026-09-27 18:42:34.304] [sctp] [info] [Assoc_id 36, Socket 5] Received a message (length 19) from port 39521, on stream 1, PPID 60
[2026-09-27 18:42:34.304] [ngap] [debug] Handling SCTP payload from SCTP Server on assoc_id (36), stream_id (1), instreams (2), outstreams (2)
[2026-09-27 18:42:34.304] [ngap] [debug] Free NGAP Message PDU
[2026-09-27 18:42:34.304] [ngap] [debug] Decoded NGAP message, procedure code 14, present 2
SuccessfulOutcome ::= {
    procedureCode: 14
    criticality: 0 (reject)
    value: InitialContextSetupResponse ::= {
        protocolIEs: ProtocolIE-Container ::= {
            InitialContextSetupResponseIEs ::= {
                id: 10
                criticality: 1 (ignore)
                value: 1
            }
            InitialContextSetupResponseIEs ::= {
                id: 85
                criticality: 1 (ignore)
                value: 1
            }
        }
    }
}
[2026-09-27 18:42:34.304] [ngap] [debug] Handling Initial Context Setup Response
[2026-09-27 18:42:34.304] [ngap] [debug] Decode PduSessionResourceSetupResponseList IE error or this IE is not available
[2026-09-27 18:42:34.304] [ngap] [debug] Free NGAP Message PDU
[2026-09-27 18:42:34.403] [sctp] [info] [Assoc_id 36, Socket 5] Received a message (length 53) from port 39521, on stream 1, PPID 60
[2026-09-27 18:42:34.403] [ngap] [debug] Handling SCTP payload from SCTP Server on assoc_id (36), stream_id (1), instreams (2), outstreams (2)
[2026-09-27 18:42:34.403] [ngap] [debug] Decoded NGAP message, procedure code 46, present 1
InitiatingMessage ::= {
    procedureCode: 46
    criticality: 1 (ignore)
    value: UplinkNASTransport ::= {
        protocolIEs: ProtocolIE-Container ::= {
            UplinkNASTransport-IEs ::= {
                id: 10
                criticality: 0 (reject)
                value: 1
            }
            UplinkNASTransport-IEs ::= {
                id: 85
                criticality: 0 (reject)
                value: 1
            }
            UplinkNASTransport-IEs ::= {
                id: 38
                criticality: 0 (reject)
                value: 7E 02 AD 49 F9 AC 01 7E 00 43
            }
            UplinkNASTransport-IEs ::= {
                id: 121
                criticality: 1 (ignore)
                value: UserLocationInformationNR ::= {
                    nR-CGI: NR-CGI ::= {
                        pLMNIdentity: 00 F1 10
                        nRCellIdentity: 00 00 E0 14 E0 (4 bits unused)
                    }
                    tAI: TAI ::= {
                        pLMNIdentity: 00 F1 10
                        tAC: 00 00 07
                    }
                }
            }
        }
    }
}
[2026-09-27 18:42:34.403] [ngap] [debug] Sending ITTI Uplink NAS Transport message to TASK_AMF_N2
InitiatingMessage ::= {
    procedureCode: 46
    criticality: 1 (ignore)
    value: UplinkNASTransport ::= {
        protocolIEs: ProtocolIE-Container ::= {
            UplinkNASTransport-IEs ::= {
                id: 10
                criticality: 0 (reject)
                value: 1
            }
            UplinkNASTransport-IEs ::= {
                id: 85
                criticality: 0 (reject)
                value: 1
            }
            UplinkNASTransport-IEs ::= {
                id: 38
                criticality: 0 (reject)
                value: 7E 02 AD 49 F9 AC 01 7E 00 43
            }
            UplinkNASTransport-IEs ::= {
                id: 121
                criticality: 1 (ignore)
                value: UserLocationInformationNR ::= {
                    nR-CGI: NR-CGI ::= {
                        pLMNIdentity: 00 F1 10
                        nRCellIdentity: 00 00 E0 14 E0 (4 bits unused)
                    }
                    tAI: TAI ::= {
                        pLMNIdentity: 00 F1 10
                        tAC: 00 00 07
                    }
                }
            }
        }
    }
}
[2026-09-27 18:42:34.403] [ngap] [debug] Received TAC 0x7
[2026-09-27 18:42:34.403] [amf_n2] [info] Received Uplink NAS Transport message, handling
[2026-09-27 18:42:34.403] [amf_n2] [debug] Handle Uplink NAS Transport...
[2026-09-27 18:42:34.403] [ngap] [debug] Free NGAP Message PDU
[2026-09-27 18:42:34.403] [amf_n1] [info] Received UL_NAS_DATA_IND
[2026-09-27 18:42:34.404] [amf_n1] [debug] Serving network name 5G:mnc001.mcc001.3gppnetwork.org
[2026-09-27 18:42:34.404] [amf_n1] [debug] Existing nas_context with amf_ue_ngap_id 1
[2026-09-27 18:42:34.404] [common] [debug] [amf_n1]Received Uplink NAS Message
7e 02 ad 49 f9 ac 01 7e 00 43 
[2026-09-27 18:42:34.404] [amf_n1] [debug] Received integrity protected and ciphered NAS message
[2026-09-27 18:42:34.404] [amf_n1] [debug] Received integrity protected with new security context NAS message
[2026-09-27 18:42:34.404] [amf_n1] [debug] Received integrity protected and ciphered with new security context NAS message
[2026-09-27 18:42:34.404] [common] [debug] [amf_n1]Parameters for NIA: Knas_int
7d 4f c7 3f 9e f2 11 a2 e6 ff 13 b1 77 35 76 7f 
[2026-09-27 18:42:34.404] [amf_n1] [debug] Uplink count in uplink: 1
[2026-09-27 18:42:34.404] [amf_n1] [debug] Parameters for NIA, count: 0x0
[2026-09-27 18:42:34.404] [amf_n1] [debug] Parameters for NIA, bearer: 0x1
[2026-09-27 18:42:34.404] [amf_n1] [debug] Parameters for NIA, direction: 0x0
[2026-09-27 18:42:34.404] [common] [debug] [amf_n1]Parameters for NIA, message: 
01 7e 00 43 
[2026-09-27 18:42:34.404] [amf_n1] [debug] Integrity with algorithms: 128-5G-IA1
[2026-09-27 18:42:34.404] [common] [debug] [amf_n1]Result for NIA1, mac: 
ad 49 f9 ac 
[2026-09-27 18:42:34.404] [amf_n1] [debug] Result for NIA1, mac32: 0xad49f9ac
[2026-09-27 18:42:34.404] [amf_n1] [debug] Received mac32 (0xad49f9ac) from the message
[2026-09-27 18:42:34.404] [amf_n1] [debug] Integrity matched
[2026-09-27 18:42:34.404] [amf_n1] [debug] nsc.ul_count.overflow 0
[2026-09-27 18:42:34.404] [amf_n1] [debug] Cipher protected with EA0_5G
[2026-09-27 18:42:34.404] [common] [debug] [amf_n1]Decoded Plain Message
7e 00 43 
[2026-09-27 18:42:34.404] [amf_n1] [debug] Received Uplink NAS message...
[2026-09-27 18:42:34.404] [amf_n1] [debug] Received Registration Complete message, handling...
[2026-09-27 18:42:34.404] [amf_n1] [debug] Received Registration Complete message, processing
[2026-09-27 18:42:34.404] [nas] [debug] Decoding RegistrationComplete message
[2026-09-27 18:42:34.404] [nas] [debug] Decoding NasMmPlainHeader
[2026-09-27 18:42:34.404] [nas] [debug] Decoded NasMmPlainHeader len (3 octets)
[2026-09-27 18:42:34.404] [nas] [debug] Decoded_size (3)
[2026-09-27 18:42:34.404] [nas] [debug] First option IEI (0x0)
[2026-09-27 18:42:34.404] [nas] [debug] Decoded RegistrationComplete message (len 3)
[2026-09-27 18:42:34.404] [amf_n1] [debug] Do not sending Configuration Update Command in this version!
[2026-09-27 18:42:34.404] [sctp] [info] [Assoc_id 36, Socket 5] Received a message (length 80) from port 39521, on stream 1, PPID 60
[2026-09-27 18:42:34.404] [ngap] [debug] Handling SCTP payload from SCTP Server on assoc_id (36), stream_id (1), instreams (2), outstreams (2)
[2026-09-27 18:42:34.404] [ngap] [debug] Decoded NGAP message, procedure code 46, present 1
InitiatingMessage ::= {
    procedureCode: 46
    criticality: 1 (ignore)
    value: UplinkNASTransport ::= {
        protocolIEs: ProtocolIE-Container ::= {
            UplinkNASTransport-IEs ::= {
                id: 10
                criticality: 0 (reject)
                value: 1
            }
            UplinkNASTransport-IEs ::= {
                id: 85
                criticality: 0 (reject)
                value: 1
            }
            UplinkNASTransport-IEs ::= {
                id: 38
                criticality: 0 (reject)
                value: 
                    7E 02 09 0D D3 89 02 7E 00 67 01 00 07 2E 01 01 
                    C1 FF FF 91 12 01 81 22 01 01 25 09 08 6E 69 73 
                    74 2D 64 6E 6E
            }
            UplinkNASTransport-IEs ::= {
                id: 121
                criticality: 1 (ignore)
                value: UserLocationInformationNR ::= {
                    nR-CGI: NR-CGI ::= {
                        pLMNIdentity: 00 F1 10
                        nRCellIdentity: 00 00 E0 14 E0 (4 bits unused)
                    }
                    tAI: TAI ::= {
                        pLMNIdentity: 00 F1 10
                        tAC: 00 00 07
                    }
                }
            }
        }
    }
}
[2026-09-27 18:42:34.404] [ngap] [debug] Sending ITTI Uplink NAS Transport message to TASK_AMF_N2
InitiatingMessage ::= {
    procedureCode: 46
    criticality: 1 (ignore)
    value: UplinkNASTransport ::= {
        protocolIEs: ProtocolIE-Container ::= {
            UplinkNASTransport-IEs ::= {
                id: 10
                criticality: 0 (reject)
                value: 1
            }
            UplinkNASTransport-IEs ::= {
                id: 85
                criticality: 0 (reject)
                value: 1
            }
            UplinkNASTransport-IEs ::= {
                id: 38
                criticality: 0 (reject)
                value: 
                    7E 02 09 0D D3 89 02 7E 00 67 01 00 07 2E 01 01 
                    C1 FF FF 91 12 01 81 22 01 01 25 09 08 6E 69 73 
                    74 2D 64 6E 6E
            }
            UplinkNASTransport-IEs ::= {
                id: 121
                criticality: 1 (ignore)
                value: UserLocationInformationNR ::= {
                    nR-CGI: NR-CGI ::= {
                        pLMNIdentity: 00 F1 10
                        nRCellIdentity: 00 00 E0 14 E0 (4 bits unused)
                    }
                    tAI: TAI ::= {
                        pLMNIdentity: 00 F1 10
                        tAC: 00 00 07
                    }
                }
            }
        }
    }
}
[2026-09-27 18:42:34.404] [ngap] [debug] Received TAC 0x7
[2026-09-27 18:42:34.404] [amf_n2] [info] Received Uplink NAS Transport message, handling
[2026-09-27 18:42:34.404] [amf_n2] [debug] Handle Uplink NAS Transport...
[2026-09-27 18:42:34.404] [ngap] [debug] Free NGAP Message PDU
[2026-09-27 18:42:34.404] [amf_n1] [info] Received UL_NAS_DATA_IND
[2026-09-27 18:42:34.404] [amf_n1] [debug] Serving network name 5G:mnc001.mcc001.3gppnetwork.org
[2026-09-27 18:42:34.404] [amf_n1] [debug] Existing nas_context with amf_ue_ngap_id 1
[2026-09-27 18:42:34.404] [common] [debug] [amf_n1]Received Uplink NAS Message
7e 02 09 0d d3 89 02 7e 00 67 01 00 07 2e 01 01 c1 ff ff 91 12 01 81 22 01 01 25 09 08 6e 69 73 74 2d 64 6e 6e 
[2026-09-27 18:42:34.404] [amf_n1] [debug] Received integrity protected and ciphered NAS message
[2026-09-27 18:42:34.404] [amf_n1] [debug] Received integrity protected with new security context NAS message
[2026-09-27 18:42:34.404] [amf_n1] [debug] Received integrity protected and ciphered with new security context NAS message
[2026-09-27 18:42:34.404] [common] [debug] [amf_n1]Parameters for NIA: Knas_int
7d 4f c7 3f 9e f2 11 a2 e6 ff 13 b1 77 35 76 7f 
[2026-09-27 18:42:34.404] [amf_n1] [debug] Uplink count in uplink: 2
[2026-09-27 18:42:34.404] [amf_n1] [debug] Parameters for NIA, count: 0x1
[2026-09-27 18:42:34.404] [amf_n1] [debug] Parameters for NIA, bearer: 0x1
[2026-09-27 18:42:34.404] [amf_n1] [debug] Parameters for NIA, direction: 0x0
[2026-09-27 18:42:34.404] [common] [debug] [amf_n1]Parameters for NIA, message: 
02 7e 00 67 01 00 07 2e 01 01 c1 ff ff 91 12 01 81 22 01 01 25 09 08 6e 69 73 74 2d 64 6e 6e 
[2026-09-27 18:42:34.404] [amf_n1] [debug] Integrity with algorithms: 128-5G-IA1
[2026-09-27 18:42:34.405] [common] [debug] [amf_n1]Result for NIA1, mac: 
09 0d d3 89 
[2026-09-27 18:42:34.405] [amf_n1] [debug] Result for NIA1, mac32: 0x90dd389
[2026-09-27 18:42:34.405] [amf_n1] [debug] Received mac32 (0x90dd389) from the message
[2026-09-27 18:42:34.405] [amf_n1] [debug] Integrity matched
[2026-09-27 18:42:34.405] [amf_n1] [debug] nsc.ul_count.overflow 0
[2026-09-27 18:42:34.405] [amf_n1] [debug] Cipher protected with EA0_5G
[2026-09-27 18:42:34.405] [common] [debug] [amf_n1]Decoded Plain Message
7e 00 67 01 00 07 2e 01 01 c1 ff ff 91 12 01 81 22 01 01 25 09 08 6e 69 73 74 2d 64 6e 6e 
[2026-09-27 18:42:34.405] [amf_n1] [debug] Received Uplink NAS message...
[2026-09-27 18:42:34.405] [amf_n1] [debug] Received UL NAS Transport message, handling...
[2026-09-27 18:42:34.405] [amf_n1] [debug] Handling UL NAS Transport
[2026-09-27 18:42:34.405] [nas] [debug] Decoding UlNasTransport message
[2026-09-27 18:42:34.405] [nas] [debug] Decoding NasMmPlainHeader
[2026-09-27 18:42:34.405] [nas] [debug] Decoded NasMmPlainHeader len (3 octets)
[2026-09-27 18:42:34.405] [nas] [debug] Decoding Payload Container
[2026-09-27 18:42:34.405] [nas] [debug] Decoded_size (13)
[2026-09-27 18:42:34.405] [nas] [debug] First option IEI (0x12)
[2026-09-27 18:42:34.405] [nas] [debug] Decoding IEI 0x12
[2026-09-27 18:42:34.405] [nas] [debug] Decoding PDU Session Identity 2
[2026-09-27 18:42:34.405] [nas] [debug] Decoded value 0x1
[2026-09-27 18:42:34.405] [nas] [debug] Decoded PDU Session Identity 2, len (2)
[2026-09-27 18:42:34.405] [nas] [debug] Next IEI (0x81)
[2026-09-27 18:42:34.405] [nas] [debug] Decoding IEI 0x8
[2026-09-27 18:42:34.405] [nas] [debug] Next IEI (0x22)
[2026-09-27 18:42:34.405] [nas] [debug] Decoding IEI (0x22)
[2026-09-27 18:42:34.405] [nas] [debug] Decoding S-NSSAI
[2026-09-27 18:42:34.405] [nas] [debug] Decoded S-NSSAI SST 0x1
[2026-09-27 18:42:34.405] [nas] [debug] Decoded S-NSSAI, len (3)
[2026-09-27 18:42:34.405] [nas] [debug] Next IEI (0x25)
[2026-09-27 18:42:34.405] [nas] [debug] Decoding IEI (0x25)
[2026-09-27 18:42:34.405] [nas] [debug] Decoding DNN
[2026-09-27 18:42:34.405] [nas] [debug] Decoded value 0x8
[2026-09-27 18:42:34.405] [nas] [debug] Decoded value 0x6e
[2026-09-27 18:42:34.405] [nas] [debug] Decoded value 0x69
[2026-09-27 18:42:34.405] [nas] [debug] Decoded value 0x73
[2026-09-27 18:42:34.405] [nas] [debug] Decoded value 0x74
[2026-09-27 18:42:34.405] [nas] [debug] Decoded value 0x2d
[2026-09-27 18:42:34.405] [nas] [debug] Decoded value 0x64
[2026-09-27 18:42:34.405] [nas] [debug] Decoded value 0x6e
[2026-09-27 18:42:34.405] [nas] [debug] Decoded value 0x6e
[2026-09-27 18:42:34.405] [nas] [debug] Decoded DNN, len (11)
[2026-09-27 18:42:34.405] [nas] [debug] Next IEI (0x0)
[2026-09-27 18:42:34.405] [nas] [debug] Decoded UlNasTransport message len (30)
[2026-09-27 18:42:34.405] [amf_n1] [debug] S_NSSAI for this PDU Session SST 0x1
[2026-09-27 18:42:34.405] [common] [debug] [amf_n1]Decoded DNN Bit String
08 6e 69 73 74 2d 64 6e 6e 
[2026-09-27 18:42:34.405] [amf_sbi] [info] Running ITTI_SMF_PDU_SESSION_CREATE_SM_CTX
[2026-09-27 18:42:34.405] [amf_sbi] [debug] Handle ITTI SMF_PDU_SESSION_CREATE_SM_CTX
[2026-09-27 18:42:34.405] [amf_sbi] [info] Find ue_context in amf_app using UE Context Key: app_ue_ranid_1:amfid_1
[2026-09-27 18:42:34.405] [amf_app] [warning] No PDU Session Context with PDU Session ID 1
[2026-09-27 18:42:34.405] [amf_sbi] [debug] Create a PDU Session Context
[2026-09-27 18:42:34.405] [amf_sbi] [debug] PDU Session Context, NSSAI SST (0x1) SD FFFFFF
[2026-09-27 18:42:34.405] [common] [debug] [amf_sbi]DNN Bit String
08 6e 69 73 74 2d 64 6e 6e 
[2026-09-27 18:42:34.405] [amf_sbi] [debug] Requested DNN: nist-dnn
[2026-09-27 18:42:34.405] [amf_sbi] [debug] NRF NF Discover URI: http://oai-nrf:80/nnrf-disc/v1/nf-instances
[2026-09-27 18:42:34.405] [amf_sbi] [debug] Send NFDiscovery to NRF to discover the available SMFs
[2026-09-27 18:42:34.405] [amf_sbi] [info] Send HTTP message to http://oai-nrf:80/nnrf-disc/v1/nf-instances?target-nf-type=SMF&requester-nf-type=AMF
[2026-09-27 18:42:34.405] [amf_sbi] [info] HTTP message Body: 
[2026-09-27 18:42:34.405] [amf_sbi] [debug] Send a simple HTTP request
[2026-09-27 18:42:34.408] [amf_sbi] [info] Get response with HTTP code (200)
[2026-09-27 18:42:34.408] [amf_sbi] [debug] S-NSSAI [SST- 1, SD -FFFFFF] is matched for SMF profile
[2026-09-27 18:42:34.408] [amf_sbi] [debug] NFDiscovery, SMF Info: Addr 10.244.0.151, Port 80, API Version v1
[2026-09-27 18:42:34.408] [amf_sbi] [debug] Decoded PTI for PDUSessionEstablishmentRequest(0x1)
[2026-09-27 18:42:34.408] [amf_sbi] [debug] Handle PDU Session Establishment Request (SUPI imsi-[REDACTED], PDU Session ID 1)
[2026-09-27 18:42:34.408] [amf_sbi] [debug] SMF's URI: 10.244.0.151:80/nsmf-pdusession/v1/sm-contexts
[2026-09-27 18:42:34.409] [amf_sbi] [debug] Message body {"anType":"3GPP_ACCESS","dnn":"nist-dnn","epsInterworkingInd":"NONE","gpsi":"msisdn-10000000000","guami":{"amfId":"010000","plmnId":{"mcc":"001","mnc":"01"}},"n1SmMsg":{"contentId":"n1SmMsg"},"pduSessionId":1,"pei":"imeisv-8670000000000001","ratType":"NR","requestType":"INITIAL_REQUEST","sNssai":{"sd":"FFFFFF","sst":1},"selMode":"VERIFIED","servingNetwork":{"mcc":"001","mnc":"01"},"servingNfId":"4042849f-78a0-49bf-9f1a-180c59d6e83a","smContextStatusUri":"http://10.244.0.150:80/namf-status-notify/v1/pdu-session-release/callback/imsi-[REDACTED]/1","supi":"imsi-[REDACTED]","ueLocation":{"nrLocation":{"ncgi":{"nrCellId":"0000e014e","plmnId":{"mcc":"001","mnc":"01"}},"tai":{"plmnId":{"mcc":"001","mnc":"01"},"tac":"7"}}}}
[2026-09-27 18:42:34.409] [amf_sbi] [debug] Buffer: 2e0101c1ffff91
[2026-09-27 18:42:34.409] [common] [debug] Input string (14 bytes): 2e0101c1ffff91 
[2026-09-27 18:42:34.409] [common] [debug] Data (formatted):
 2e  01  01  c1  ff  ff  91 
[2026-09-27 18:42:34.409] [amf_sbi] [debug] Send a simple HTTP request
[2026-09-27 18:42:34.418] [common] [debug] Parsing the message with the Simple Parser
[2026-09-27 18:42:34.418] [amf_sbi] [info] JSON part 
[2026-09-27 18:42:34.418] [amf_sbi] [info] Location of the created SMF context: http://10.244.0.151:80/nsmf-pdusession/v1/sm-contexts/1
[2026-09-27 18:42:34.418] [amf_sbi] [warning] Could not get JSON content from the response
[2026-09-27 18:42:34.433] [amf_server] [debug] Received a N1N2MessageTrasfer request with ue_ctx_id imsi-[REDACTED]
[2026-09-27 18:42:34.433] [common] [debug] Parsing the message with the Simple Parser
[2026-09-27 18:42:34.433] [common] [debug] Boundary: ----Boundary
[2026-09-27 18:42:34.433] [common] [debug] Content Type: application/json
[2026-09-27 18:42:34.433] [common] [debug] Content Id: root
[2026-09-27 18:42:34.433] [common] [debug] Body: {"n1MessageContainer":{"n1MessageClass":"SM","n1MessageContent":{"contentId":"n1SmMsg"}},"n1n2FailureTxfNotifURI":"http://10.244.0.151:80/nsmf-pdusession/v1/callback/N1N2MsgTxfrFailureNotification/imsi-[REDACTED]","n2InfoContainer":{"n2InformationClass":"SM","smInfo":{"n2InfoContent":{"ngapData":{"contentId":"n2msg"},"ngapIeType":"PDU_RES_SETUP_REQ"},"pduSessionId":1,"sNssai":{"sd":"ffffff","sst":1}}},"pduSessionId":1}
[2026-09-27 18:42:34.433] [common] [debug] Content Type: application/vnd.3gpp.5gnas
[2026-09-27 18:42:34.433] [common] [debug] Content Id: n1SmMsg
[2026-09-27 18:42:34.433] [common] [debug] Body: .�
[2026-09-27 18:42:34.433] [common] [debug] Content Type: application/vnd.3gpp.ngap
[2026-09-27 18:42:34.433] [common] [debug] Content Id: n2msg
[2026-09-27 18:42:34.433] [common] [debug] Body: 
[2026-09-27 18:42:34.433] [amf_server] [debug] Number of MIME parts 3
[2026-09-27 18:42:34.433] [amf_server] [debug] MIME part: root (size 427 bytes)
[2026-09-27 18:42:34.433] [amf_server] [debug] MIME part: n1SmMsg (size 88 bytes)
[2026-09-27 18:42:34.433] [amf_server] [debug] MIME part: n2msg (size 47 bytes)
[2026-09-27 18:42:34.433] [amf_server] [debug] Receive N1N2MessageTransfer Request, handling...
[2026-09-27 18:42:34.433] [amf_server] [debug] SUPI imsi-[REDACTED]
[2026-09-27 18:42:34.433] [amf_server] [debug] N2InfoContainer is present, handling...
[2026-09-27 18:42:34.433] [amf_server] [debug] N2 Information Class: SM
[2026-09-27 18:42:34.433] [amf_server] [debug] n2_content_id: n2msg
[2026-09-27 18:42:34.433] [amf_server] [debug] NGAP IE Type: PDU_RES_SETUP_REQ
[2026-09-27 18:42:34.433] [amf_server] [debug] Key for PDU Session Context: SUPI (imsi-[REDACTED])
[2026-09-27 18:42:34.433] [common] [debug] Data input
00 00 04 00 82 00 0a 0c 3e 80 00 00 30 3e 80 00 00 00 8b 00 0a 01 f0 ac 1e 17 0a 00 00 00 01 00 86 00 01 00 00 88 00 07 00 01 00 00 09 00 00 
[2026-09-27 18:42:34.433] [amf_app] [debug] Msg hex 0000040082000a0c3e800000303e800000008b000a01f0ac1e170a0000000100860001000088000700010000090000
[2026-09-27 18:42:34.433] [amf_server] [debug] N1MessageContainer is present, handling...
[2026-09-27 18:42:34.433] [amf_server] [debug] Key for PDU Session Context: SUPI (imsi-[REDACTED])
[2026-09-27 18:42:34.433] [amf_server] [debug] N1 Content Id: n1SmMsg
[2026-09-27 18:42:34.433] [common] [debug] Data input
2e 01 01 c2 11 00 09 01 00 06 31 21 01 01 00 01 06 06 03 e8 06 03 e8 29 05 01 0a 01 00 02 22 01 01 81 79 00 06 01 20 41 01 01 09 7b 00 0d 80 00 0d 04 ac 15 03 64 00 10 02 05 dc 25 1b 08 6e 69 73 74 2d 64 6e 6e 05 6d 6e 63 30 31 06 6d 63 63 30 30 31 04 67 70 72 73 
[2026-09-27 18:42:34.433] [amf_app] [debug] Msg hex 2e0101c2110009010006312101010001060603e80603e82905010a010002220101817900060120410101097b000d80000d04ac15036400100205dc251b086e6973742d646e6e056d6e633031066d63633030310467707273
[2026-09-27 18:42:34.433] [common] [debug] [amf_server]Received N1 SM
2e 01 01 c2 11 00 09 01 00 06 31 21 01 01 00 01 06 06 03 e8 06 03 e8 29 05 01 0a 01 00 02 22 01 01 81 79 00 06 01 20 41 01 01 09 7b 00 0d 80 00 0d 04 ac 15 03 64 00 10 02 05 dc 25 1b 08 6e 69 73 74 2d 64 6e 6e 05 6d 6e 63 30 31 06 6d 63 63 30 30 31 04 67 70 72 73 
[2026-09-27 18:42:34.434] [amf_app] [debug] Received N1N2_MESSAGE_TRANSFER_REQ
[2026-09-27 18:42:34.434] [amf_app] [info] Handle ITTI N1N2 Message Transfer Request
[2026-09-27 18:42:34.434] [nas_mm] [debug] Size of DL NAS Transport message 96
[2026-09-27 18:42:34.434] [nas] [debug] Encoding DlNasTransport message
[2026-09-27 18:42:34.434] [nas] [debug] Encoding NasMmPlainHeader
[2026-09-27 18:42:34.434] [nas] [debug] Encoded NasMmPlainHeader (len 3 octets)
[2026-09-27 18:42:34.434] [nas] [debug] Encoded Type1NasIeFormatTv len 0
[2026-09-27 18:42:34.434] [nas] [debug] Encoding Payload Container
[2026-09-27 18:42:34.434] [nas] [debug] Encoded Payload Container, len (90)
[2026-09-27 18:42:34.434] [nas] [debug] Encoding PDU Session Identity 2
[2026-09-27 18:42:34.434] [nas] [debug] Encoded PDU Session Identity 2, len (2)
[2026-09-27 18:42:34.434] [nas] [debug] IE Additional Information is not available
[2026-09-27 18:42:34.434] [nas] [debug] IE 5GMM Cause is not available
[2026-09-27 18:42:34.434] [nas] [debug] IE GPRS Timer 3 is not available
[2026-09-27 18:42:34.434] [nas] [debug] Encoded DlNasTransport message len (96)
[2026-09-27 18:42:34.434] [common] [debug] [amf_app]N1N2 message transfer
7e 00 68 01 00 58 2e 01 01 c2 11 00 09 01 00 06 31 21 01 01 00 01 06 06 03 e8 06 03 e8 29 05 01 0a 01 00 02 22 01 01 81 79 00 06 01 20 41 01 01 09 7b 00 0d 80 00 0d 04 ac 15 03 64 00 10 02 05 dc 25 1b 08 6e 69 73 74 2d 64 6e 6e 05 6d 6e 63 30 31 06 6d 63 63 30 30 31 04 67 70 72 73 12 01 
[2026-09-27 18:42:34.434] [amf_n1] [info] Received DOWNLINK_NAS_TRANSFER
[2026-09-27 18:42:34.434] [amf_n1] [debug] Encoding nas_message_protected...
[2026-09-27 18:42:34.434] [amf_n1] [debug] Cipher protected with EA0_5G
[2026-09-27 18:42:34.434] [common] [debug] [amf_n1]Parameters for NIA: Knas_int
7d 4f c7 3f 9e f2 11 a2 e6 ff 13 b1 77 35 76 7f 
[2026-09-27 18:42:34.434] [amf_n1] [debug] Parameters for NIA, count: 0x2
[2026-09-27 18:42:34.434] [amf_n1] [debug] Parameters for NIA, bearer: 0x1
[2026-09-27 18:42:34.434] [amf_n1] [debug] Parameters for NIA, direction: 0x1
[2026-09-27 18:42:34.434] [common] [debug] [amf_n1]Parameters for NIA, message: 
02 7e 00 68 01 00 58 2e 01 01 c2 11 00 09 01 00 06 31 21 01 01 00 01 06 06 03 e8 06 03 e8 29 05 01 0a 01 00 02 22 01 01 81 79 00 06 01 20 41 01 01 09 7b 00 0d 80 00 0d 04 ac 15 03 64 00 10 02 05 dc 25 1b 08 6e 69 73 74 2d 64 6e 6e 05 6d 6e 63 30 31 06 6d 63 63 30 30 31 04 67 70 72 73 12 01 
[2026-09-27 18:42:34.434] [amf_n1] [debug] Integrity with algorithms: 128-5G-IA1
[2026-09-27 18:42:34.434] [common] [debug] [amf_n1]Result for NIA1, mac: 
82 5b ed 17 
[2026-09-27 18:42:34.434] [amf_n1] [debug] Result for NIA1, mac32: 0x825bed17
[2026-09-27 18:42:34.435] [amf_n2] [info] Received PDU Session Resource Setup Request message, handling
[2026-09-27 18:42:34.435] [amf_n2] [debug] Handle PDU Session Resource Setup Request ...
[2026-09-27 18:42:34.435] [amf_n2] [debug] SUPI (imsi-[REDACTED])
[2026-09-27 18:42:34.435] [amf_n2] [debug] S_NSSAI (SST, SD) 1, FFFFFF
InitiatingMessage ::= {
    procedureCode: 29
    criticality: 0 (reject)
    value: PDUSessionResourceSetupRequest ::= {
        protocolIEs: ProtocolIE-Container ::= {
            PDUSessionResourceSetupRequestIEs ::= {
                id: 10
                criticality: 0 (reject)
                value: 1
            }
            PDUSessionResourceSetupRequestIEs ::= {
                id: 85
                criticality: 0 (reject)
                value: 1
            }
            PDUSessionResourceSetupRequestIEs ::= {
                id: 74
                criticality: 0 (reject)
                value: PDUSessionResourceSetupListSUReq ::= {
                    PDUSessionResourceSetupItemSUReq ::= {
                        pDUSessionID: 1
                        pDUSessionNAS-PDU: 
                            7E 02 82 5B ED 17 02 7E 00 68 01 00 58 2E 01 01 
                            C2 11 00 09 01 00 06 31 21 01 01 00 01 06 06 03 
                            E8 06 03 E8 29 05 01 0A 01 00 02 22 01 01 81 79 
                            00 06 01 20 41 01 01 09 7B 00 0D 80 00 0D 04 AC 
                            15 03 64 00 10 02 05 DC 25 1B 08 6E 69 73 74 2D 
                            64 6E 6E 05 6D 6E 63 30 31 06 6D 63 63 30 30 31 
                            04 67 70 72 73 12 01
                        s-NSSAI: S-NSSAI ::= {
                            sST: 01
                        }
                        pDUSessionResourceSetupRequestTransfer: 
                            00 00 04 00 82 00 0A 0C 3E 80 00 00 30 3E 80 00 
                            00 00 8B 00 0A 01 F0 AC 1E 17 0A 00 00 00 01 00 
                            86 00 01 00 00 88 00 07 00 01 00 00 09 00 00
                    }
                }
            }
            PDUSessionResourceSetupRequestIEs ::= {
                id: 110
                criticality: 1 (ignore)
                value: UEAggregateMaximumBitRate ::= {
                    uEAggregateMaximumBitRateDL: 1000000000
                    uEAggregateMaximumBitRateUL: 1000000000
                }
            }
        }
    }
}
[2026-09-27 18:42:34.435] [ngap] [debug] Encoded message size ( 196 )
[2026-09-27 18:42:34.435] [common] [debug] [amf_n2]N2 SM buffer data:
00 1d 00 80 bf 00 00 04 00 0a 00 02 00 01 00 55 00 02 00 01 00 4a 00 80 9d 00 40 01 67 7e 02 82 5b ed 17 02 7e 00 68 01 00 58 2e 01 01 c2 11 00 09 01 00 06 31 21 01 01 00 01 06 06 03 e8 06 03 e8 29 05 01 0a 01 00 02 22 01 01 81 79 00 06 01 20 41 01 01 09 7b 00 0d 80 00 0d 04 ac 15 03 64 00 10 02 05 dc 25 1b 08 6e 69 73 74 2d 64 6e 6e 05 6d 6e 63 30 31 06 6d 63 63 30 30 31 04 67 70 72 73 12 01 00 20 2f 00 00 04 00 82 00 0a 0c 3e 80 00 00 30 3e 80 00 00 00 8b 00 0a 01 f0 ac 1e 17 0a 00 00 00 01 00 86 00 01 00 00 88 00 07 00 01 00 00 09 00 00 00 6e 40 0a 0c 3b 9a ca 00 30 3b 9a ca 00 
[2026-09-27 18:42:34.435] [amf_n2] [debug]  (196 bytes) 

[2026-09-27 18:42:34.435] [sctp] [debug] [Socket 5, Assoc ID 36] Sending buffer 0x7e8dc40040d0 of 196 bytes on stream 1 with PPID 60
[2026-09-27 18:42:34.435] [sctp] [debug] Successfully sent 196 bytes on stream 1
[2026-09-27 18:42:34.435] [ngap] [debug] Free NGAP Message PDU
[2026-09-27 18:42:35.840] [sctp] [info] [Assoc_id 36, Socket 5] Received a message (length 40) from port 39521, on stream 1, PPID 60
[2026-09-27 18:42:35.840] [ngap] [debug] Handling SCTP payload from SCTP Server on assoc_id (36), stream_id (1), instreams (2), outstreams (2)
[2026-09-27 18:42:35.840] [ngap] [debug] Decoded NGAP message, procedure code 29, present 2
SuccessfulOutcome ::= {
    procedureCode: 29
    criticality: 0 (reject)
    value: PDUSessionResourceSetupResponse ::= {
        protocolIEs: ProtocolIE-Container ::= {
            PDUSessionResourceSetupResponseIEs ::= {
                id: 10
                criticality: 1 (ignore)
                value: 1
            }
            PDUSessionResourceSetupResponseIEs ::= {
                id: 85
                criticality: 1 (ignore)
                value: 1
            }
            PDUSessionResourceSetupResponseIEs ::= {
                id: 75
                criticality: 1 (ignore)
                value: PDUSessionResourceSetupListSURes ::= {
                    PDUSessionResourceSetupItemSURes ::= {
                        pDUSessionID: 1
                        pDUSessionResourceSetupResponseTransfer: 00 03 E0 AC 1E 17 14 AC 41 FE 09 00 01
                    }
                }
            }
        }
    }
}
[2026-09-27 18:42:35.840] [ngap] [debug] Handle PDU Session Resource Setup Response
[2026-09-27 18:42:35.840] [ngap] [debug] Free NGAP Message PDU
[2026-09-27 18:42:35.840] [amf_sbi] [info] Receive Nsmf_PDUSessionUpdateSMContext, handling ...
[2026-09-27 18:42:35.840] [amf_sbi] [debug] Send PDU Session Update SM Context Request to SMF (SUPI imsi-[REDACTED], PDU Session ID 1)
[2026-09-27 18:42:35.840] [amf_sbi] [debug] smf_info, context location http://10.244.0.151:80/nsmf-pdusession/v1/sm-contexts/1
[2026-09-27 18:42:35.840] [amf_sbi] [debug] SMF URI: http://10.244.0.151:80/nsmf-pdusession/v1/sm-contexts/1/modify
[2026-09-27 18:42:35.840] [amf_sbi] [debug] Buffer: 0003e0ac1e1714ac41fe090001
[2026-09-27 18:42:35.840] [common] [debug] Input string (26 bytes): 0003e0ac1e1714ac41fe090001 
[2026-09-27 18:42:35.840] [common] [debug] Data (formatted):
 00  03  e0  ac  1e  17  14  ac  41  fe  09  00  01 
[2026-09-27 18:42:35.840] [amf_sbi] [debug] Send a simple HTTP request
[2026-09-27 18:42:35.860] [common] [debug] Parsing the message with the Simple Parser
[2026-09-27 18:42:35.860] [amf_sbi] [info] JSON part 
[2026-09-27 18:42:35.860] [amf_sbi] [warning] Could not get JSON content from the response
[2026-09-27 18:42:43.391] [amf_app] [info] 
   |------------------------------------------------------------------------------------------------------------------------------------------------------------|
   |----------------------------------------------------------------------gNBs' Information---------------------------------------------------------------------|
   |  Index |               Status               |              Global Id             |              gNB Name              |                PLMN                |
   |    1   |              Connected             |               0x0E00               |               gNB-OAI              |               001,01               |
   |------------------------------------------------------------------------------------------------------------------------------------------------------------|

   |-----------------------------------------------------------------------------------------------------------------------------------------------------------|
   |---------------------------------------------------------------------UEs' Information----------------------------------------------------------------------|
   |  Index |     5GMM State     |        IMSI        |        GUTI        |   RAN UE NGAP ID   |   AMF UE NGAP ID   |        PLMN        |       Cell Id      |
   |    1   |   5GMM-REGISTERED  |   [REDACTED]  |00101010000857538467|        0x01        |        0x01        |       001,01       |      0000e014e     |
   |-----------------------------------------------------------------------------------------------------------------------------------------------------------|

[2026-09-27 18:42:43.479] [amf_app] [debug] Send ITTI msg to SBI task to trigger NRF Heartbeat
[2026-09-27 18:42:43.479] [amf_sbi] [info] Receive Update NF Instance Request, handling ...
[2026-09-27 18:42:43.479] [amf_sbi] [debug] Send NF Update to NRF
[2026-09-27 18:42:43.479] [amf_sbi] [info] Send HTTP message to http://oai-nrf:80/nnrf-nfm/v1/nf-instances/4042849f-78a0-49bf-9f1a-180c59d6e83a
[2026-09-27 18:42:43.479] [amf_sbi] [info] HTTP message Body: [{"op":"replace","path":"/nfStatus","value":"REGISTERED"}]
[2026-09-27 18:42:43.479] [amf_sbi] [debug] Send a simple HTTP request
[2026-09-27 18:42:43.482] [amf_sbi] [info] Get response with HTTP code (204)
[2026-09-27 18:42:43.482] [amf_sbi] [info] Could not get JSON content from the response
[2026-09-27 18:42:43.482] [amf_app] [debug] Received SBI_UPDATE_NF_INSTANCE_RESPONSE
[2026-09-27 18:42:43.482] [amf_app] [debug] Handle NF Update response
[2026-09-27 18:42:43.482] [amf_app] [debug] Set a timer to the next Heart-beat (10)
[2026-09-27 18:42:53.482] [amf_app] [debug] Send ITTI msg to SBI task to trigger NRF Heartbeat
[2026-09-27 18:42:53.482] [amf_sbi] [info] Receive Update NF Instance Request, handling ...
[2026-09-27 18:42:53.482] [amf_sbi] [debug] Send NF Update to NRF
[2026-09-27 18:42:53.482] [amf_sbi] [info] Send HTTP message to http://oai-nrf:80/nnrf-nfm/v1/nf-instances/4042849f-78a0-49bf-9f1a-180c59d6e83a
[2026-09-27 18:42:53.482] [amf_sbi] [info] HTTP message Body: [{"op":"replace","path":"/nfStatus","value":"REGISTERED"}]
[2026-09-27 18:42:53.482] [amf_sbi] [debug] Send a simple HTTP request
[2026-09-27 18:42:53.485] [amf_sbi] [info] Get response with HTTP code (204)
[2026-09-27 18:42:53.485] [amf_sbi] [info] Could not get JSON content from the response
[2026-09-27 18:42:53.485] [amf_app] [debug] Received SBI_UPDATE_NF_INSTANCE_RESPONSE
[2026-09-27 18:42:53.485] [amf_app] [debug] Handle NF Update response
[2026-09-27 18:42:53.485] [amf_app] [debug] Set a timer to the next Heart-beat (10)
[2026-09-27 18:43:03.393] [amf_app] [info] 
   |------------------------------------------------------------------------------------------------------------------------------------------------------------|
   |----------------------------------------------------------------------gNBs' Information---------------------------------------------------------------------|
   |  Index |               Status               |              Global Id             |              gNB Name              |                PLMN                |
   |    1   |              Connected             |               0x0E00               |               gNB-OAI              |               001,01               |
   |------------------------------------------------------------------------------------------------------------------------------------------------------------|

   |-----------------------------------------------------------------------------------------------------------------------------------------------------------|
   |---------------------------------------------------------------------UEs' Information----------------------------------------------------------------------|
   |  Index |     5GMM State     |        IMSI        |        GUTI        |   RAN UE NGAP ID   |   AMF UE NGAP ID   |        PLMN        |       Cell Id      |
   |    1   |   5GMM-REGISTERED  |   [REDACTED]  |00101010000857538467|        0x01        |        0x01        |       001,01       |      0000e014e     |
   |-----------------------------------------------------------------------------------------------------------------------------------------------------------|

[2026-09-27 18:43:03.486] [amf_app] [debug] Send ITTI msg to SBI task to trigger NRF Heartbeat
[2026-09-27 18:43:03.486] [amf_sbi] [info] Receive Update NF Instance Request, handling ...
[2026-09-27 18:43:03.486] [amf_sbi] [debug] Send NF Update to NRF
[2026-09-27 18:43:03.486] [amf_sbi] [info] Send HTTP message to http://oai-nrf:80/nnrf-nfm/v1/nf-instances/4042849f-78a0-49bf-9f1a-180c59d6e83a
[2026-09-27 18:43:03.486] [amf_sbi] [info] HTTP message Body: [{"op":"replace","path":"/nfStatus","value":"REGISTERED"}]
[2026-09-27 18:43:03.486] [amf_sbi] [debug] Send a simple HTTP request
[2026-09-27 18:43:03.489] [amf_sbi] [info] Get response with HTTP code (204)
[2026-09-27 18:43:03.489] [amf_sbi] [info] Could not get JSON content from the response
[2026-09-27 18:43:03.489] [amf_app] [debug] Received SBI_UPDATE_NF_INSTANCE_RESPONSE
[2026-09-27 18:43:03.489] [amf_app] [debug] Handle NF Update response
[2026-09-27 18:43:03.489] [amf_app] [debug] Set a timer to the next Heart-beat (10)
[2026-09-27 18:43:13.489] [amf_app] [debug] Send ITTI msg to SBI task to trigger NRF Heartbeat
[2026-09-27 18:43:13.489] [amf_sbi] [info] Receive Update NF Instance Request, handling ...
[2026-09-27 18:43:13.489] [amf_sbi] [debug] Send NF Update to NRF
[2026-09-27 18:43:13.489] [amf_sbi] [info] Send HTTP message to http://oai-nrf:80/nnrf-nfm/v1/nf-instances/4042849f-78a0-49bf-9f1a-180c59d6e83a
[2026-09-27 18:43:13.489] [amf_sbi] [info] HTTP message Body: [{"op":"replace","path":"/nfStatus","value":"REGISTERED"}]
[2026-09-27 18:43:13.489] [amf_sbi] [debug] Send a simple HTTP request
[2026-09-27 18:43:13.492] [amf_sbi] [info] Get response with HTTP code (204)
[2026-09-27 18:43:13.492] [amf_sbi] [info] Could not get JSON content from the response
[2026-09-27 18:43:13.492] [amf_app] [debug] Received SBI_UPDATE_NF_INSTANCE_RESPONSE
[2026-09-27 18:43:13.492] [amf_app] [debug] Handle NF Update response
[2026-09-27 18:43:13.492] [amf_app] [debug] Set a timer to the next Heart-beat (10)
[2026-09-27 18:43:23.393] [amf_app] [info] 
   |------------------------------------------------------------------------------------------------------------------------------------------------------------|
   |----------------------------------------------------------------------gNBs' Information---------------------------------------------------------------------|
   |  Index |               Status               |              Global Id             |              gNB Name              |                PLMN                |
   |    1   |              Connected             |               0x0E00               |               gNB-OAI              |               001,01               |
   |------------------------------------------------------------------------------------------------------------------------------------------------------------|

   |-----------------------------------------------------------------------------------------------------------------------------------------------------------|
   |---------------------------------------------------------------------UEs' Information----------------------------------------------------------------------|
   |  Index |     5GMM State     |        IMSI        |        GUTI        |   RAN UE NGAP ID   |   AMF UE NGAP ID   |        PLMN        |       Cell Id      |
   |    1   |   5GMM-REGISTERED  |   [REDACTED]  |00101010000857538467|        0x01        |        0x01        |       001,01       |      0000e014e     |
   |-----------------------------------------------------------------------------------------------------------------------------------------------------------|

[2026-09-27 18:43:23.492] [amf_app] [debug] Send ITTI msg to SBI task to trigger NRF Heartbeat
[2026-09-27 18:43:23.493] [amf_sbi] [info] Receive Update NF Instance Request, handling ...
[2026-09-27 18:43:23.493] [amf_sbi] [debug] Send NF Update to NRF
[2026-09-27 18:43:23.493] [amf_sbi] [info] Send HTTP message to http://oai-nrf:80/nnrf-nfm/v1/nf-instances/4042849f-78a0-49bf-9f1a-180c59d6e83a
[2026-09-27 18:43:23.493] [amf_sbi] [info] HTTP message Body: [{"op":"replace","path":"/nfStatus","value":"REGISTERED"}]
[2026-09-27 18:43:23.493] [amf_sbi] [debug] Send a simple HTTP request
[2026-09-27 18:43:23.495] [amf_sbi] [info] Get response with HTTP code (204)
[2026-09-27 18:43:23.495] [amf_sbi] [info] Could not get JSON content from the response
[2026-09-27 18:43:23.495] [amf_app] [debug] Received SBI_UPDATE_NF_INSTANCE_RESPONSE
[2026-09-27 18:43:23.495] [amf_app] [debug] Handle NF Update response
[2026-09-27 18:43:23.495] [amf_app] [debug] Set a timer to the next Heart-beat (10)
[2026-09-27 18:43:33.495] [amf_app] [debug] Send ITTI msg to SBI task to trigger NRF Heartbeat
[2026-09-27 18:43:33.495] [amf_sbi] [info] Receive Update NF Instance Request, handling ...
[2026-09-27 18:43:33.495] [amf_sbi] [debug] Send NF Update to NRF
[2026-09-27 18:43:33.496] [amf_sbi] [info] Send HTTP message to http://oai-nrf:80/nnrf-nfm/v1/nf-instances/4042849f-78a0-49bf-9f1a-180c59d6e83a
[2026-09-27 18:43:33.496] [amf_sbi] [info] HTTP message Body: [{"op":"replace","path":"/nfStatus","value":"REGISTERED"}]
[2026-09-27 18:43:33.496] [amf_sbi] [debug] Send a simple HTTP request
[2026-09-27 18:43:33.499] [amf_sbi] [info] Get response with HTTP code (204)
[2026-09-27 18:43:33.499] [amf_sbi] [info] Could not get JSON content from the response
[2026-09-27 18:43:33.499] [amf_app] [debug] Received SBI_UPDATE_NF_INSTANCE_RESPONSE
[2026-09-27 18:43:33.499] [amf_app] [debug] Handle NF Update response
[2026-09-27 18:43:33.499] [amf_app] [debug] Set a timer to the next Heart-beat (10)
[2026-09-27 18:43:43.393] [amf_app] [info] 
   |------------------------------------------------------------------------------------------------------------------------------------------------------------|
   |----------------------------------------------------------------------gNBs' Information---------------------------------------------------------------------|
   |  Index |               Status               |              Global Id             |              gNB Name              |                PLMN                |
   |    1   |              Connected             |               0x0E00               |               gNB-OAI              |               001,01               |
   |------------------------------------------------------------------------------------------------------------------------------------------------------------|

   |-----------------------------------------------------------------------------------------------------------------------------------------------------------|
   |---------------------------------------------------------------------UEs' Information----------------------------------------------------------------------|
   |  Index |     5GMM State     |        IMSI        |        GUTI        |   RAN UE NGAP ID   |   AMF UE NGAP ID   |        PLMN        |       Cell Id      |
   |    1   |   5GMM-REGISTERED  |   [REDACTED]  |00101010000857538467|        0x01        |        0x01        |       001,01       |      0000e014e     |
   |-----------------------------------------------------------------------------------------------------------------------------------------------------------|

[2026-09-27 18:43:43.499] [amf_app] [debug] Send ITTI msg to SBI task to trigger NRF Heartbeat
[2026-09-27 18:43:43.499] [amf_sbi] [info] Receive Update NF Instance Request, handling ...
[2026-09-27 18:43:43.499] [amf_sbi] [debug] Send NF Update to NRF
[2026-09-27 18:43:43.499] [amf_sbi] [info] Send HTTP message to http://oai-nrf:80/nnrf-nfm/v1/nf-instances/4042849f-78a0-49bf-9f1a-180c59d6e83a
[2026-09-27 18:43:43.499] [amf_sbi] [info] HTTP message Body: [{"op":"replace","path":"/nfStatus","value":"REGISTERED"}]
[2026-09-27 18:43:43.499] [amf_sbi] [debug] Send a simple HTTP request
[2026-09-27 18:43:43.502] [amf_sbi] [info] Get response with HTTP code (204)
[2026-09-27 18:43:43.502] [amf_sbi] [info] Could not get JSON content from the response
[2026-09-27 18:43:43.502] [amf_app] [debug] Received SBI_UPDATE_NF_INSTANCE_RESPONSE
[2026-09-27 18:43:43.502] [amf_app] [debug] Handle NF Update response
[2026-09-27 18:43:43.502] [amf_app] [debug] Set a timer to the next Heart-beat (10)
[2026-09-27 18:43:53.502] [amf_app] [debug] Send ITTI msg to SBI task to trigger NRF Heartbeat
[2026-09-27 18:43:53.503] [amf_sbi] [info] Receive Update NF Instance Request, handling ...
[2026-09-27 18:43:53.503] [amf_sbi] [debug] Send NF Update to NRF
[2026-09-27 18:43:53.503] [amf_sbi] [info] Send HTTP message to http://oai-nrf:80/nnrf-nfm/v1/nf-instances/4042849f-78a0-49bf-9f1a-180c59d6e83a
[2026-09-27 18:43:53.503] [amf_sbi] [info] HTTP message Body: [{"op":"replace","path":"/nfStatus","value":"REGISTERED"}]
[2026-09-27 18:43:53.503] [amf_sbi] [debug] Send a simple HTTP request
[2026-09-27 18:43:53.506] [amf_sbi] [info] Get response with HTTP code (204)
[2026-09-27 18:43:53.506] [amf_sbi] [info] Could not get JSON content from the response
[2026-09-27 18:43:53.507] [amf_app] [debug] Received SBI_UPDATE_NF_INSTANCE_RESPONSE
[2026-09-27 18:43:53.507] [amf_app] [debug] Handle NF Update response
[2026-09-27 18:43:53.507] [amf_app] [debug] Set a timer to the next Heart-beat (10)
[2026-09-27 18:44:03.393] [amf_app] [info] 
   |------------------------------------------------------------------------------------------------------------------------------------------------------------|
   |----------------------------------------------------------------------gNBs' Information---------------------------------------------------------------------|
   |  Index |               Status               |              Global Id             |              gNB Name              |                PLMN                |
   |    1   |              Connected             |               0x0E00               |               gNB-OAI              |               001,01               |
   |------------------------------------------------------------------------------------------------------------------------------------------------------------|

   |-----------------------------------------------------------------------------------------------------------------------------------------------------------|
   |---------------------------------------------------------------------UEs' Information----------------------------------------------------------------------|
   |  Index |     5GMM State     |        IMSI        |        GUTI        |   RAN UE NGAP ID   |   AMF UE NGAP ID   |        PLMN        |       Cell Id      |
   |    1   |   5GMM-REGISTERED  |   [REDACTED]  |00101010000857538467|        0x01        |        0x01        |       001,01       |      0000e014e     |
   |-----------------------------------------------------------------------------------------------------------------------------------------------------------|

[2026-09-27 18:44:03.507] [amf_app] [debug] Send ITTI msg to SBI task to trigger NRF Heartbeat
[2026-09-27 18:44:03.507] [amf_sbi] [info] Receive Update NF Instance Request, handling ...
[2026-09-27 18:44:03.507] [amf_sbi] [debug] Send NF Update to NRF
[2026-09-27 18:44:03.507] [amf_sbi] [info] Send HTTP message to http://oai-nrf:80/nnrf-nfm/v1/nf-instances/4042849f-78a0-49bf-9f1a-180c59d6e83a
[2026-09-27 18:44:03.507] [amf_sbi] [info] HTTP message Body: [{"op":"replace","path":"/nfStatus","value":"REGISTERED"}]
[2026-09-27 18:44:03.507] [amf_sbi] [debug] Send a simple HTTP request
[2026-09-27 18:44:03.510] [amf_sbi] [info] Get response with HTTP code (204)
[2026-09-27 18:44:03.510] [amf_sbi] [info] Could not get JSON content from the response
[2026-09-27 18:44:03.510] [amf_app] [debug] Received SBI_UPDATE_NF_INSTANCE_RESPONSE
[2026-09-27 18:44:03.510] [amf_app] [debug] Handle NF Update response
[2026-09-27 18:44:03.510] [amf_app] [debug] Set a timer to the next Heart-beat (10)
[2026-09-27 18:44:13.510] [amf_app] [debug] Send ITTI msg to SBI task to trigger NRF Heartbeat
[2026-09-27 18:44:13.510] [amf_sbi] [info] Receive Update NF Instance Request, handling ...
[2026-09-27 18:44:13.510] [amf_sbi] [debug] Send NF Update to NRF
[2026-09-27 18:44:13.510] [amf_sbi] [info] Send HTTP message to http://oai-nrf:80/nnrf-nfm/v1/nf-instances/4042849f-78a0-49bf-9f1a-180c59d6e83a
[2026-09-27 18:44:13.510] [amf_sbi] [info] HTTP message Body: [{"op":"replace","path":"/nfStatus","value":"REGISTERED"}]
[2026-09-27 18:44:13.510] [amf_sbi] [debug] Send a simple HTTP request
[2026-09-27 18:44:13.514] [amf_sbi] [info] Get response with HTTP code (204)
[2026-09-27 18:44:13.514] [amf_sbi] [info] Could not get JSON content from the response
[2026-09-27 18:44:13.515] [amf_app] [debug] Received SBI_UPDATE_NF_INSTANCE_RESPONSE
[2026-09-27 18:44:13.515] [amf_app] [debug] Handle NF Update response
[2026-09-27 18:44:13.515] [amf_app] [debug] Set a timer to the next Heart-beat (10)
