[2026-09-29 08:36:57.944] [upf_n4 ] [info] TIME-OUT event timer id 6022
[2026-09-29 08:36:57.944] [upf_n4 ] [info] TIME-OUT event timer id 6023
[2026-09-29 08:36:57.944] [upf_n4 ] [info] PFCP HEARTBEAT PROCEDURE hash 169352876 starting
[2026-09-29 08:36:57.944] [upf_n4 ] [info] handle_receive(16 bytes)
[2026-09-29 08:36:57.944] [upf_n4 ] [info] Received SX HEARTBEAT RESPONSE
[2026-09-29 08:37:02.936] [upf_n4 ] [info] handle_receive(16 bytes)
[2026-09-29 08:37:02.937] [upf_n4 ] [info] Received SX HEARTBEAT REQUEST
[2026-09-29 08:37:02.944] [upf_n4 ] [info] TIME-OUT event timer id 6027
[2026-09-29 08:37:02.944] [upf_n4 ] [info] TIME-OUT event timer id 6028
[2026-09-29 08:37:02.944] [upf_n4 ] [info] PFCP HEARTBEAT PROCEDURE hash 169352876 starting
[2026-09-29 08:37:02.944] [upf_n4 ] [info] handle_receive(16 bytes)
[2026-09-29 08:37:02.944] [upf_n4 ] [info] Received SX HEARTBEAT RESPONSE
[2026-09-29 08:37:03.335] [upf_app] [info] TIME-OUT event timer id 6024
[2026-09-29 08:37:03.335] [upf_app] [debug] Send Heartbeat to NRF
[2026-09-29 08:37:03.335] [upf_app] [info] Send NF Update to NRF
[2026-09-29 08:37:03.335] [upf_app] [debug] Send NF Update to NRF (Msg body [{"op":"replace","path":"/nfStatus","value":"REGISTERED"}])
[2026-09-29 08:37:03.335] [upf_app] [debug] Send NF Update to NRF (NRF URL http://oai-nrf.oai-core.svc.cluster.local:80/nnrf-nfm/v1/nf-instances/23f448d9-fc64-4a49-98a4-5c7e36d915b6)
[2026-09-29 08:37:03.335] [upf_app] [debug] Send a simple HTTP request
[2026-09-29 08:37:03.337] [upf_app] [info] Got successful response from NRF
[2026-09-29 08:37:03.337] [upf_app] [debug] Set a timer to the next Heart-beat (10)
[2026-09-29 08:37:07.944] [upf_n4 ] [info] TIME-OUT event timer id 6032
[2026-09-29 08:37:07.944] [upf_n4 ] [info] TIME-OUT event timer id 6033
[2026-09-29 08:37:07.944] [upf_n4 ] [info] PFCP HEARTBEAT PROCEDURE hash 169352876 starting
[2026-09-29 08:37:07.945] [upf_n4 ] [info] handle_receive(16 bytes)
[2026-09-29 08:37:07.945] [upf_n4 ] [info] Received SX HEARTBEAT RESPONSE
[2026-09-29 08:37:12.937] [upf_n4 ] [info] handle_receive(16 bytes)
[2026-09-29 08:37:12.937] [upf_n4 ] [info] Received SX HEARTBEAT REQUEST
[2026-09-29 08:37:12.944] [upf_n4 ] [info] TIME-OUT event timer id 6037
[2026-09-29 08:37:12.945] [upf_n4 ] [info] TIME-OUT event timer id 6038
[2026-09-29 08:37:12.945] [upf_n4 ] [info] PFCP HEARTBEAT PROCEDURE hash 169352876 starting
[2026-09-29 08:37:12.945] [upf_n4 ] [info] handle_receive(16 bytes)
[2026-09-29 08:37:12.945] [upf_n4 ] [info] Received SX HEARTBEAT RESPONSE
[2026-09-29 08:37:13.337] [upf_app] [info] TIME-OUT event timer id 6034
[2026-09-29 08:37:13.337] [upf_app] [debug] Send Heartbeat to NRF
[2026-09-29 08:37:13.337] [upf_app] [info] Send NF Update to NRF
[2026-09-29 08:37:13.337] [upf_app] [debug] Send NF Update to NRF (Msg body [{"op":"replace","path":"/nfStatus","value":"REGISTERED"}])
[2026-09-29 08:37:13.337] [upf_app] [debug] Send NF Update to NRF (NRF URL http://oai-nrf.oai-core.svc.cluster.local:80/nnrf-nfm/v1/nf-instances/23f448d9-fc64-4a49-98a4-5c7e36d915b6)
[2026-09-29 08:37:13.337] [upf_app] [debug] Send a simple HTTP request
[2026-09-29 08:37:13.339] [upf_app] [info] Got successful response from NRF
[2026-09-29 08:37:13.339] [upf_app] [debug] Set a timer to the next Heart-beat (10)
[2026-09-29 08:37:17.945] [upf_n4 ] [info] TIME-OUT event timer id 6042
[2026-09-29 08:37:17.945] [upf_n4 ] [info] TIME-OUT event timer id 6043
[2026-09-29 08:37:17.945] [upf_n4 ] [info] PFCP HEARTBEAT PROCEDURE hash 169352876 starting
[2026-09-29 08:37:17.945] [upf_n4 ] [info] handle_receive(16 bytes)
[2026-09-29 08:37:17.945] [upf_n4 ] [info] Received SX HEARTBEAT RESPONSE
[2026-09-29 08:37:22.937] [upf_n4 ] [info] handle_receive(16 bytes)
[2026-09-29 08:37:22.937] [upf_n4 ] [info] Received SX HEARTBEAT REQUEST
[2026-09-29 08:37:22.945] [upf_n4 ] [info] TIME-OUT event timer id 6047
[2026-09-29 08:37:22.945] [upf_n4 ] [info] TIME-OUT event timer id 6048
[2026-09-29 08:37:22.945] [upf_n4 ] [info] PFCP HEARTBEAT PROCEDURE hash 169352876 starting
[2026-09-29 08:37:22.945] [upf_n4 ] [info] handle_receive(16 bytes)
[2026-09-29 08:37:22.945] [upf_n4 ] [info] Received SX HEARTBEAT RESPONSE
[2026-09-29 08:37:23.339] [upf_app] [info] TIME-OUT event timer id 6044
[2026-09-29 08:37:23.339] [upf_app] [debug] Send Heartbeat to NRF
[2026-09-29 08:37:23.339] [upf_app] [info] Send NF Update to NRF
[2026-09-29 08:37:23.339] [upf_app] [debug] Send NF Update to NRF (Msg body [{"op":"replace","path":"/nfStatus","value":"REGISTERED"}])
[2026-09-29 08:37:23.339] [upf_app] [debug] Send NF Update to NRF (NRF URL http://oai-nrf.oai-core.svc.cluster.local:80/nnrf-nfm/v1/nf-instances/23f448d9-fc64-4a49-98a4-5c7e36d915b6)
[2026-09-29 08:37:23.339] [upf_app] [debug] Send a simple HTTP request
[2026-09-29 08:37:23.341] [upf_app] [info] Got successful response from NRF
[2026-09-29 08:37:23.341] [upf_app] [debug] Set a timer to the next Heart-beat (10)
[2026-09-29 08:37:27.945] [upf_n4 ] [info] TIME-OUT event timer id 6052
[2026-09-29 08:37:27.945] [upf_n4 ] [info] TIME-OUT event timer id 6053
[2026-09-29 08:37:27.945] [upf_n4 ] [info] PFCP HEARTBEAT PROCEDURE hash 169352876 starting
[2026-09-29 08:37:27.945] [upf_n4 ] [info] handle_receive(16 bytes)
[2026-09-29 08:37:27.945] [upf_n4 ] [info] Received SX HEARTBEAT RESPONSE
[2026-09-29 08:37:32.937] [upf_n4 ] [info] handle_receive(16 bytes)
[2026-09-29 08:37:32.937] [upf_n4 ] [info] Received SX HEARTBEAT REQUEST
[2026-09-29 08:37:32.945] [upf_n4 ] [info] TIME-OUT event timer id 6057
[2026-09-29 08:37:32.945] [upf_n4 ] [info] TIME-OUT event timer id 6058
[2026-09-29 08:37:32.945] [upf_n4 ] [info] PFCP HEARTBEAT PROCEDURE hash 169352876 starting
[2026-09-29 08:37:32.945] [upf_n4 ] [info] handle_receive(16 bytes)
[2026-09-29 08:37:32.945] [upf_n4 ] [info] Received SX HEARTBEAT RESPONSE
[2026-09-29 08:37:33.341] [upf_app] [info] TIME-OUT event timer id 6054
[2026-09-29 08:37:33.341] [upf_app] [debug] Send Heartbeat to NRF
[2026-09-29 08:37:33.341] [upf_app] [info] Send NF Update to NRF
[2026-09-29 08:37:33.341] [upf_app] [debug] Send NF Update to NRF (Msg body [{"op":"replace","path":"/nfStatus","value":"REGISTERED"}])
[2026-09-29 08:37:33.341] [upf_app] [debug] Send NF Update to NRF (NRF URL http://oai-nrf.oai-core.svc.cluster.local:80/nnrf-nfm/v1/nf-instances/23f448d9-fc64-4a49-98a4-5c7e36d915b6)
[2026-09-29 08:37:33.341] [upf_app] [debug] Send a simple HTTP request
[2026-09-29 08:37:33.344] [upf_app] [info] Got successful response from NRF
[2026-09-29 08:37:33.344] [upf_app] [debug] Set a timer to the next Heart-beat (10)
[2026-09-29 08:37:37.945] [upf_n4 ] [info] TIME-OUT event timer id 6062
[2026-09-29 08:37:37.945] [upf_n4 ] [info] TIME-OUT event timer id 6063
[2026-09-29 08:37:37.945] [upf_n4 ] [info] PFCP HEARTBEAT PROCEDURE hash 169352876 starting
[2026-09-29 08:37:37.946] [upf_n4 ] [info] handle_receive(16 bytes)
[2026-09-29 08:37:37.946] [upf_n4 ] [info] Received SX HEARTBEAT RESPONSE
[2026-09-29 08:37:42.938] [upf_n4 ] [info] handle_receive(16 bytes)
[2026-09-29 08:37:42.938] [upf_n4 ] [info] Received SX HEARTBEAT REQUEST
[2026-09-29 08:37:42.945] [upf_n4 ] [info] TIME-OUT event timer id 6067
[2026-09-29 08:37:42.946] [upf_n4 ] [info] TIME-OUT event timer id 6068
[2026-09-29 08:37:42.946] [upf_n4 ] [info] PFCP HEARTBEAT PROCEDURE hash 169352876 starting
[2026-09-29 08:37:42.946] [upf_n4 ] [info] handle_receive(16 bytes)
[2026-09-29 08:37:42.946] [upf_n4 ] [info] Received SX HEARTBEAT RESPONSE
[2026-09-29 08:37:43.344] [upf_app] [info] TIME-OUT event timer id 6064
[2026-09-29 08:37:43.344] [upf_app] [debug] Send Heartbeat to NRF
[2026-09-29 08:37:43.344] [upf_app] [info] Send NF Update to NRF
[2026-09-29 08:37:43.344] [upf_app] [debug] Send NF Update to NRF (Msg body [{"op":"replace","path":"/nfStatus","value":"REGISTERED"}])
[2026-09-29 08:37:43.344] [upf_app] [debug] Send NF Update to NRF (NRF URL http://oai-nrf.oai-core.svc.cluster.local:80/nnrf-nfm/v1/nf-instances/23f448d9-fc64-4a49-98a4-5c7e36d915b6)
[2026-09-29 08:37:43.344] [upf_app] [debug] Send a simple HTTP request
[2026-09-29 08:37:43.346] [upf_app] [info] Got successful response from NRF
[2026-09-29 08:37:43.346] [upf_app] [debug] Set a timer to the next Heart-beat (10)
[2026-09-29 08:37:47.946] [upf_n4 ] [info] TIME-OUT event timer id 6072
[2026-09-29 08:37:47.946] [upf_n4 ] [info] TIME-OUT event timer id 6073
[2026-09-29 08:37:47.946] [upf_n4 ] [info] PFCP HEARTBEAT PROCEDURE hash 169352876 starting
[2026-09-29 08:37:47.946] [upf_n4 ] [info] handle_receive(16 bytes)
[2026-09-29 08:37:47.946] [upf_n4 ] [info] Received SX HEARTBEAT RESPONSE
[2026-09-29 08:37:52.938] [upf_n4 ] [info] handle_receive(16 bytes)
[2026-09-29 08:37:52.938] [upf_n4 ] [info] Received SX HEARTBEAT REQUEST
[2026-09-29 08:37:52.946] [upf_n4 ] [info] TIME-OUT event timer id 6077
[2026-09-29 08:37:52.946] [upf_n4 ] [info] TIME-OUT event timer id 6078
[2026-09-29 08:37:52.946] [upf_n4 ] [info] PFCP HEARTBEAT PROCEDURE hash 169352876 starting
[2026-09-29 08:37:52.946] [upf_n4 ] [info] handle_receive(16 bytes)
[2026-09-29 08:37:52.946] [upf_n4 ] [info] Received SX HEARTBEAT RESPONSE
[2026-09-29 08:37:53.346] [upf_app] [info] TIME-OUT event timer id 6074
[2026-09-29 08:37:53.346] [upf_app] [debug] Send Heartbeat to NRF
[2026-09-29 08:37:53.346] [upf_app] [info] Send NF Update to NRF
[2026-09-29 08:37:53.346] [upf_app] [debug] Send NF Update to NRF (Msg body [{"op":"replace","path":"/nfStatus","value":"REGISTERED"}])
[2026-09-29 08:37:53.346] [upf_app] [debug] Send NF Update to NRF (NRF URL http://oai-nrf.oai-core.svc.cluster.local:80/nnrf-nfm/v1/nf-instances/23f448d9-fc64-4a49-98a4-5c7e36d915b6)
[2026-09-29 08:37:53.346] [upf_app] [debug] Send a simple HTTP request
[2026-09-29 08:37:53.348] [upf_app] [info] Got successful response from NRF
[2026-09-29 08:37:53.348] [upf_app] [debug] Set a timer to the next Heart-beat (10)
[2026-09-29 08:37:57.946] [upf_n4 ] [info] TIME-OUT event timer id 6082
[2026-09-29 08:37:57.946] [upf_n4 ] [info] TIME-OUT event timer id 6083
[2026-09-29 08:37:57.946] [upf_n4 ] [info] PFCP HEARTBEAT PROCEDURE hash 169352876 starting
[2026-09-29 08:37:57.946] [upf_n4 ] [info] handle_receive(16 bytes)
[2026-09-29 08:37:57.946] [upf_n4 ] [info] Received SX HEARTBEAT RESPONSE
[2026-09-29 08:38:02.938] [upf_n4 ] [info] handle_receive(16 bytes)
[2026-09-29 08:38:02.938] [upf_n4 ] [info] Received SX HEARTBEAT REQUEST
[2026-09-29 08:38:02.946] [upf_n4 ] [info] TIME-OUT event timer id 6087
[2026-09-29 08:38:02.946] [upf_n4 ] [info] TIME-OUT event timer id 6088
[2026-09-29 08:38:02.946] [upf_n4 ] [info] PFCP HEARTBEAT PROCEDURE hash 169352876 starting
[2026-09-29 08:38:02.946] [upf_n4 ] [info] handle_receive(16 bytes)
[2026-09-29 08:38:02.946] [upf_n4 ] [info] Received SX HEARTBEAT RESPONSE
[2026-09-29 08:38:03.348] [upf_app] [info] TIME-OUT event timer id 6084
[2026-09-29 08:38:03.348] [upf_app] [debug] Send Heartbeat to NRF
[2026-09-29 08:38:03.348] [upf_app] [info] Send NF Update to NRF
[2026-09-29 08:38:03.348] [upf_app] [debug] Send NF Update to NRF (Msg body [{"op":"replace","path":"/nfStatus","value":"REGISTERED"}])
[2026-09-29 08:38:03.348] [upf_app] [debug] Send NF Update to NRF (NRF URL http://oai-nrf.oai-core.svc.cluster.local:80/nnrf-nfm/v1/nf-instances/23f448d9-fc64-4a49-98a4-5c7e36d915b6)
[2026-09-29 08:38:03.348] [upf_app] [debug] Send a simple HTTP request
[2026-09-29 08:38:03.350] [upf_app] [info] Got successful response from NRF
[2026-09-29 08:38:03.350] [upf_app] [debug] Set a timer to the next Heart-beat (10)
[2026-09-29 08:38:07.946] [upf_n4 ] [info] TIME-OUT event timer id 6092
[2026-09-29 08:38:07.946] [upf_n4 ] [info] TIME-OUT event timer id 6093
[2026-09-29 08:38:07.946] [upf_n4 ] [info] PFCP HEARTBEAT PROCEDURE hash 169352876 starting
[2026-09-29 08:38:07.946] [upf_n4 ] [info] handle_receive(16 bytes)
[2026-09-29 08:38:07.946] [upf_n4 ] [info] Received SX HEARTBEAT RESPONSE
[2026-09-29 08:38:12.939] [upf_n4 ] [info] handle_receive(16 bytes)
[2026-09-29 08:38:12.939] [upf_n4 ] [info] Received SX HEARTBEAT REQUEST
[2026-09-29 08:38:12.946] [upf_n4 ] [info] TIME-OUT event timer id 6097
[2026-09-29 08:38:12.946] [upf_n4 ] [info] TIME-OUT event timer id 6098
[2026-09-29 08:38:12.946] [upf_n4 ] [info] PFCP HEARTBEAT PROCEDURE hash 169352876 starting
[2026-09-29 08:38:12.947] [upf_n4 ] [info] handle_receive(16 bytes)
[2026-09-29 08:38:12.947] [upf_n4 ] [info] Received SX HEARTBEAT RESPONSE
[2026-09-29 08:38:13.350] [upf_app] [info] TIME-OUT event timer id 6094
[2026-09-29 08:38:13.350] [upf_app] [debug] Send Heartbeat to NRF
[2026-09-29 08:38:13.350] [upf_app] [info] Send NF Update to NRF
[2026-09-29 08:38:13.350] [upf_app] [debug] Send NF Update to NRF (Msg body [{"op":"replace","path":"/nfStatus","value":"REGISTERED"}])
[2026-09-29 08:38:13.350] [upf_app] [debug] Send NF Update to NRF (NRF URL http://oai-nrf.oai-core.svc.cluster.local:80/nnrf-nfm/v1/nf-instances/23f448d9-fc64-4a49-98a4-5c7e36d915b6)
[2026-09-29 08:38:13.350] [upf_app] [debug] Send a simple HTTP request
[2026-09-29 08:38:13.352] [upf_app] [info] Got successful response from NRF
[2026-09-29 08:38:13.352] [upf_app] [debug] Set a timer to the next Heart-beat (10)
[2026-09-29 08:38:17.947] [upf_n4 ] [info] TIME-OUT event timer id 6102
[2026-09-29 08:38:17.947] [upf_n4 ] [info] TIME-OUT event timer id 6103
[2026-09-29 08:38:17.947] [upf_n4 ] [info] PFCP HEARTBEAT PROCEDURE hash 169352876 starting
[2026-09-29 08:38:17.947] [upf_n4 ] [info] handle_receive(16 bytes)
[2026-09-29 08:38:17.947] [upf_n4 ] [info] Received SX HEARTBEAT RESPONSE
[2026-09-29 08:38:22.939] [upf_n4 ] [info] handle_receive(16 bytes)
[2026-09-29 08:38:22.939] [upf_n4 ] [info] Received SX HEARTBEAT REQUEST
[2026-09-29 08:38:22.947] [upf_n4 ] [info] TIME-OUT event timer id 6107
[2026-09-29 08:38:22.947] [upf_n4 ] [info] TIME-OUT event timer id 6108
[2026-09-29 08:38:22.947] [upf_n4 ] [info] PFCP HEARTBEAT PROCEDURE hash 169352876 starting
[2026-09-29 08:38:22.947] [upf_n4 ] [info] handle_receive(16 bytes)
[2026-09-29 08:38:22.947] [upf_n4 ] [info] Received SX HEARTBEAT RESPONSE
[2026-09-29 08:38:23.352] [upf_app] [info] TIME-OUT event timer id 6104
[2026-09-29 08:38:23.352] [upf_app] [debug] Send Heartbeat to NRF
[2026-09-29 08:38:23.352] [upf_app] [info] Send NF Update to NRF
[2026-09-29 08:38:23.352] [upf_app] [debug] Send NF Update to NRF (Msg body [{"op":"replace","path":"/nfStatus","value":"REGISTERED"}])
[2026-09-29 08:38:23.352] [upf_app] [debug] Send NF Update to NRF (NRF URL http://oai-nrf.oai-core.svc.cluster.local:80/nnrf-nfm/v1/nf-instances/23f448d9-fc64-4a49-98a4-5c7e36d915b6)
[2026-09-29 08:38:23.352] [upf_app] [debug] Send a simple HTTP request
[2026-09-29 08:38:23.354] [upf_app] [info] Got successful response from NRF
[2026-09-29 08:38:23.354] [upf_app] [debug] Set a timer to the next Heart-beat (10)
[2026-09-29 08:38:27.947] [upf_n4 ] [info] TIME-OUT event timer id 6112
[2026-09-29 08:38:27.947] [upf_n4 ] [info] TIME-OUT event timer id 6113
[2026-09-29 08:38:27.947] [upf_n4 ] [info] PFCP HEARTBEAT PROCEDURE hash 169352876 starting
[2026-09-29 08:38:27.947] [upf_n4 ] [info] handle_receive(16 bytes)
[2026-09-29 08:38:27.947] [upf_n4 ] [info] Received SX HEARTBEAT RESPONSE
[2026-09-29 08:38:32.940] [upf_n4 ] [info] handle_receive(16 bytes)
[2026-09-29 08:38:32.940] [upf_n4 ] [info] Received SX HEARTBEAT REQUEST
[2026-09-29 08:38:32.947] [upf_n4 ] [info] TIME-OUT event timer id 6117
[2026-09-29 08:38:32.947] [upf_n4 ] [info] TIME-OUT event timer id 6118
[2026-09-29 08:38:32.947] [upf_n4 ] [info] PFCP HEARTBEAT PROCEDURE hash 169352876 starting
[2026-09-29 08:38:32.947] [upf_n4 ] [info] handle_receive(16 bytes)
[2026-09-29 08:38:32.947] [upf_n4 ] [info] Received SX HEARTBEAT RESPONSE
[2026-09-29 08:38:33.354] [upf_app] [info] TIME-OUT event timer id 6114
[2026-09-29 08:38:33.354] [upf_app] [debug] Send Heartbeat to NRF
[2026-09-29 08:38:33.354] [upf_app] [info] Send NF Update to NRF
[2026-09-29 08:38:33.354] [upf_app] [debug] Send NF Update to NRF (Msg body [{"op":"replace","path":"/nfStatus","value":"REGISTERED"}])
[2026-09-29 08:38:33.354] [upf_app] [debug] Send NF Update to NRF (NRF URL http://oai-nrf.oai-core.svc.cluster.local:80/nnrf-nfm/v1/nf-instances/23f448d9-fc64-4a49-98a4-5c7e36d915b6)
[2026-09-29 08:38:33.354] [upf_app] [debug] Send a simple HTTP request
[2026-09-29 08:38:33.355] [upf_app] [info] Got successful response from NRF
[2026-09-29 08:38:33.355] [upf_app] [debug] Set a timer to the next Heart-beat (10)
[2026-09-29 08:38:37.947] [upf_n4 ] [info] TIME-OUT event timer id 6122
[2026-09-29 08:38:37.947] [upf_n4 ] [info] TIME-OUT event timer id 6123
[2026-09-29 08:38:37.947] [upf_n4 ] [info] PFCP HEARTBEAT PROCEDURE hash 169352876 starting
[2026-09-29 08:38:37.948] [upf_n4 ] [info] handle_receive(16 bytes)
[2026-09-29 08:38:37.948] [upf_n4 ] [info] Received SX HEARTBEAT RESPONSE
[2026-09-29 08:38:42.940] [upf_n4 ] [info] handle_receive(16 bytes)
[2026-09-29 08:38:42.940] [upf_n4 ] [info] Received SX HEARTBEAT REQUEST
[2026-09-29 08:38:42.947] [upf_n4 ] [info] TIME-OUT event timer id 6127
[2026-09-29 08:38:42.948] [upf_n4 ] [info] TIME-OUT event timer id 6128
[2026-09-29 08:38:42.948] [upf_n4 ] [info] PFCP HEARTBEAT PROCEDURE hash 169352876 starting
[2026-09-29 08:38:42.948] [upf_n4 ] [info] handle_receive(16 bytes)
[2026-09-29 08:38:42.948] [upf_n4 ] [info] Received SX HEARTBEAT RESPONSE
[2026-09-29 08:38:43.355] [upf_app] [info] TIME-OUT event timer id 6124
[2026-09-29 08:38:43.355] [upf_app] [debug] Send Heartbeat to NRF
[2026-09-29 08:38:43.355] [upf_app] [info] Send NF Update to NRF
[2026-09-29 08:38:43.355] [upf_app] [debug] Send NF Update to NRF (Msg body [{"op":"replace","path":"/nfStatus","value":"REGISTERED"}])
[2026-09-29 08:38:43.355] [upf_app] [debug] Send NF Update to NRF (NRF URL http://oai-nrf.oai-core.svc.cluster.local:80/nnrf-nfm/v1/nf-instances/23f448d9-fc64-4a49-98a4-5c7e36d915b6)
[2026-09-29 08:38:43.355] [upf_app] [debug] Send a simple HTTP request
[2026-09-29 08:38:43.357] [upf_app] [info] Got successful response from NRF
[2026-09-29 08:38:43.357] [upf_app] [debug] Set a timer to the next Heart-beat (10)
[2026-09-29 08:38:47.948] [upf_n4 ] [info] TIME-OUT event timer id 6132
[2026-09-29 08:38:47.948] [upf_n4 ] [info] TIME-OUT event timer id 6133
[2026-09-29 08:38:47.948] [upf_n4 ] [info] PFCP HEARTBEAT PROCEDURE hash 169352876 starting
[2026-09-29 08:38:47.948] [upf_n4 ] [info] handle_receive(16 bytes)
[2026-09-29 08:38:47.948] [upf_n4 ] [info] Received SX HEARTBEAT RESPONSE
[2026-09-29 08:38:52.941] [upf_n4 ] [info] handle_receive(16 bytes)
[2026-09-29 08:38:52.941] [upf_n4 ] [info] Received SX HEARTBEAT REQUEST
[2026-09-29 08:38:52.948] [upf_n4 ] [info] TIME-OUT event timer id 6137
[2026-09-29 08:38:52.948] [upf_n4 ] [info] TIME-OUT event timer id 6138
[2026-09-29 08:38:52.948] [upf_n4 ] [info] PFCP HEARTBEAT PROCEDURE hash 169352876 starting
[2026-09-29 08:38:52.948] [upf_n4 ] [info] handle_receive(16 bytes)
[2026-09-29 08:38:52.948] [upf_n4 ] [info] Received SX HEARTBEAT RESPONSE
[2026-09-29 08:38:53.357] [upf_app] [info] TIME-OUT event timer id 6134
[2026-09-29 08:38:53.358] [upf_app] [debug] Send Heartbeat to NRF
[2026-09-29 08:38:53.358] [upf_app] [info] Send NF Update to NRF
[2026-09-29 08:38:53.358] [upf_app] [debug] Send NF Update to NRF (Msg body [{"op":"replace","path":"/nfStatus","value":"REGISTERED"}])
[2026-09-29 08:38:53.358] [upf_app] [debug] Send NF Update to NRF (NRF URL http://oai-nrf.oai-core.svc.cluster.local:80/nnrf-nfm/v1/nf-instances/23f448d9-fc64-4a49-98a4-5c7e36d915b6)
[2026-09-29 08:38:53.358] [upf_app] [debug] Send a simple HTTP request
[2026-09-29 08:38:53.360] [upf_app] [info] Got successful response from NRF
[2026-09-29 08:38:53.360] [upf_app] [debug] Set a timer to the next Heart-beat (10)
[2026-09-29 08:38:57.948] [upf_n4 ] [info] TIME-OUT event timer id 6142
[2026-09-29 08:38:57.948] [upf_n4 ] [info] TIME-OUT event timer id 6143
[2026-09-29 08:38:57.948] [upf_n4 ] [info] PFCP HEARTBEAT PROCEDURE hash 169352876 starting
[2026-09-29 08:38:57.948] [upf_n4 ] [info] handle_receive(16 bytes)
[2026-09-29 08:38:57.948] [upf_n4 ] [info] Received SX HEARTBEAT RESPONSE
[2026-09-29 08:39:02.941] [upf_n4 ] [info] handle_receive(16 bytes)
[2026-09-29 08:39:02.941] [upf_n4 ] [info] Received SX HEARTBEAT REQUEST
[2026-09-29 08:39:02.948] [upf_n4 ] [info] TIME-OUT event timer id 6147
[2026-09-29 08:39:02.948] [upf_n4 ] [info] TIME-OUT event timer id 6148
[2026-09-29 08:39:02.948] [upf_n4 ] [info] PFCP HEARTBEAT PROCEDURE hash 169352876 starting
[2026-09-29 08:39:02.948] [upf_n4 ] [info] handle_receive(16 bytes)
[2026-09-29 08:39:02.948] [upf_n4 ] [info] Received SX HEARTBEAT RESPONSE
[2026-09-29 08:39:03.360] [upf_app] [info] TIME-OUT event timer id 6144
[2026-09-29 08:39:03.360] [upf_app] [debug] Send Heartbeat to NRF
[2026-09-29 08:39:03.360] [upf_app] [info] Send NF Update to NRF
[2026-09-29 08:39:03.360] [upf_app] [debug] Send NF Update to NRF (Msg body [{"op":"replace","path":"/nfStatus","value":"REGISTERED"}])
[2026-09-29 08:39:03.360] [upf_app] [debug] Send NF Update to NRF (NRF URL http://oai-nrf.oai-core.svc.cluster.local:80/nnrf-nfm/v1/nf-instances/23f448d9-fc64-4a49-98a4-5c7e36d915b6)
[2026-09-29 08:39:03.360] [upf_app] [debug] Send a simple HTTP request
[2026-09-29 08:39:03.362] [upf_app] [info] Got successful response from NRF
[2026-09-29 08:39:03.362] [upf_app] [debug] Set a timer to the next Heart-beat (10)
[2026-09-29 08:39:07.948] [upf_n4 ] [info] TIME-OUT event timer id 6152
[2026-09-29 08:39:07.948] [upf_n4 ] [info] TIME-OUT event timer id 6153
[2026-09-29 08:39:07.948] [upf_n4 ] [info] PFCP HEARTBEAT PROCEDURE hash 169352876 starting
[2026-09-29 08:39:07.948] [upf_n4 ] [info] handle_receive(16 bytes)
[2026-09-29 08:39:07.948] [upf_n4 ] [info] Received SX HEARTBEAT RESPONSE
[2026-09-29 08:39:12.941] [upf_n4 ] [info] handle_receive(16 bytes)
[2026-09-29 08:39:12.941] [upf_n4 ] [info] Received SX HEARTBEAT REQUEST
[2026-09-29 08:39:12.948] [upf_n4 ] [info] TIME-OUT event timer id 6157
[2026-09-29 08:39:12.948] [upf_n4 ] [info] TIME-OUT event timer id 6158
[2026-09-29 08:39:12.948] [upf_n4 ] [info] PFCP HEARTBEAT PROCEDURE hash 169352876 starting
[2026-09-29 08:39:12.949] [upf_n4 ] [info] handle_receive(16 bytes)
[2026-09-29 08:39:12.949] [upf_n4 ] [info] Received SX HEARTBEAT RESPONSE
[2026-09-29 08:39:13.362] [upf_app] [info] TIME-OUT event timer id 6154
[2026-09-29 08:39:13.362] [upf_app] [debug] Send Heartbeat to NRF
[2026-09-29 08:39:13.362] [upf_app] [info] Send NF Update to NRF
[2026-09-29 08:39:13.362] [upf_app] [debug] Send NF Update to NRF (Msg body [{"op":"replace","path":"/nfStatus","value":"REGISTERED"}])
[2026-09-29 08:39:13.362] [upf_app] [debug] Send NF Update to NRF (NRF URL http://oai-nrf.oai-core.svc.cluster.local:80/nnrf-nfm/v1/nf-instances/23f448d9-fc64-4a49-98a4-5c7e36d915b6)
[2026-09-29 08:39:13.362] [upf_app] [debug] Send a simple HTTP request
[2026-09-29 08:39:13.364] [upf_app] [info] Got successful response from NRF
[2026-09-29 08:39:13.364] [upf_app] [debug] Set a timer to the next Heart-beat (10)
[2026-09-29 08:39:17.949] [upf_n4 ] [info] TIME-OUT event timer id 6162
[2026-09-29 08:39:17.949] [upf_n4 ] [info] TIME-OUT event timer id 6163
[2026-09-29 08:39:17.949] [upf_n4 ] [info] PFCP HEARTBEAT PROCEDURE hash 169352876 starting
[2026-09-29 08:39:17.949] [upf_n4 ] [info] handle_receive(16 bytes)
[2026-09-29 08:39:17.949] [upf_n4 ] [info] Received SX HEARTBEAT RESPONSE
[2026-09-29 08:39:22.942] [upf_n4 ] [info] handle_receive(16 bytes)
[2026-09-29 08:39:22.942] [upf_n4 ] [info] Received SX HEARTBEAT REQUEST
[2026-09-29 08:39:22.949] [upf_n4 ] [info] TIME-OUT event timer id 6167
[2026-09-29 08:39:22.949] [upf_n4 ] [info] TIME-OUT event timer id 6168
[2026-09-29 08:39:22.949] [upf_n4 ] [info] PFCP HEARTBEAT PROCEDURE hash 169352876 starting
[2026-09-29 08:39:22.949] [upf_n4 ] [info] handle_receive(16 bytes)
[2026-09-29 08:39:22.949] [upf_n4 ] [info] Received SX HEARTBEAT RESPONSE
[2026-09-29 08:39:23.364] [upf_app] [info] TIME-OUT event timer id 6164
[2026-09-29 08:39:23.364] [upf_app] [debug] Send Heartbeat to NRF
[2026-09-29 08:39:23.364] [upf_app] [info] Send NF Update to NRF
[2026-09-29 08:39:23.364] [upf_app] [debug] Send NF Update to NRF (Msg body [{"op":"replace","path":"/nfStatus","value":"REGISTERED"}])
[2026-09-29 08:39:23.364] [upf_app] [debug] Send NF Update to NRF (NRF URL http://oai-nrf.oai-core.svc.cluster.local:80/nnrf-nfm/v1/nf-instances/23f448d9-fc64-4a49-98a4-5c7e36d915b6)
[2026-09-29 08:39:23.364] [upf_app] [debug] Send a simple HTTP request
[2026-09-29 08:39:23.366] [upf_app] [info] Got successful response from NRF
[2026-09-29 08:39:23.366] [upf_app] [debug] Set a timer to the next Heart-beat (10)
[2026-09-29 08:39:27.949] [upf_n4 ] [info] TIME-OUT event timer id 6172
[2026-09-29 08:39:27.949] [upf_n4 ] [info] TIME-OUT event timer id 6173
[2026-09-29 08:39:27.949] [upf_n4 ] [info] PFCP HEARTBEAT PROCEDURE hash 169352876 starting
[2026-09-29 08:39:27.949] [upf_n4 ] [info] handle_receive(16 bytes)
[2026-09-29 08:39:27.949] [upf_n4 ] [info] Received SX HEARTBEAT RESPONSE
[2026-09-29 08:39:32.942] [upf_n4 ] [info] handle_receive(16 bytes)
[2026-09-29 08:39:32.942] [upf_n4 ] [info] Received SX HEARTBEAT REQUEST
[2026-09-29 08:39:32.949] [upf_n4 ] [info] TIME-OUT event timer id 6177
[2026-09-29 08:39:32.949] [upf_n4 ] [info] TIME-OUT event timer id 6178
[2026-09-29 08:39:32.949] [upf_n4 ] [info] PFCP HEARTBEAT PROCEDURE hash 169352876 starting
[2026-09-29 08:39:32.949] [upf_n4 ] [info] handle_receive(16 bytes)
[2026-09-29 08:39:32.949] [upf_n4 ] [info] Received SX HEARTBEAT RESPONSE
[2026-09-29 08:39:33.366] [upf_app] [info] TIME-OUT event timer id 6174
[2026-09-29 08:39:33.366] [upf_app] [debug] Send Heartbeat to NRF
[2026-09-29 08:39:33.366] [upf_app] [info] Send NF Update to NRF
[2026-09-29 08:39:33.366] [upf_app] [debug] Send NF Update to NRF (Msg body [{"op":"replace","path":"/nfStatus","value":"REGISTERED"}])
[2026-09-29 08:39:33.366] [upf_app] [debug] Send NF Update to NRF (NRF URL http://oai-nrf.oai-core.svc.cluster.local:80/nnrf-nfm/v1/nf-instances/23f448d9-fc64-4a49-98a4-5c7e36d915b6)
[2026-09-29 08:39:33.366] [upf_app] [debug] Send a simple HTTP request
[2026-09-29 08:39:33.368] [upf_app] [info] Got successful response from NRF
[2026-09-29 08:39:33.368] [upf_app] [debug] Set a timer to the next Heart-beat (10)
[2026-09-29 08:39:37.949] [upf_n4 ] [info] TIME-OUT event timer id 6182
[2026-09-29 08:39:37.949] [upf_n4 ] [info] TIME-OUT event timer id 6183
[2026-09-29 08:39:37.949] [upf_n4 ] [info] PFCP HEARTBEAT PROCEDURE hash 169352876 starting
[2026-09-29 08:39:37.949] [upf_n4 ] [info] handle_receive(16 bytes)
[2026-09-29 08:39:37.949] [upf_n4 ] [info] Received SX HEARTBEAT RESPONSE
[2026-09-29 08:39:42.942] [upf_n4 ] [info] handle_receive(16 bytes)
[2026-09-29 08:39:42.942] [upf_n4 ] [info] Received SX HEARTBEAT REQUEST
[2026-09-29 08:39:42.949] [upf_n4 ] [info] TIME-OUT event timer id 6187
[2026-09-29 08:39:42.949] [upf_n4 ] [info] TIME-OUT event timer id 6188
[2026-09-29 08:39:42.949] [upf_n4 ] [info] PFCP HEARTBEAT PROCEDURE hash 169352876 starting
[2026-09-29 08:39:42.949] [upf_n4 ] [info] handle_receive(16 bytes)
[2026-09-29 08:39:42.949] [upf_n4 ] [info] Received SX HEARTBEAT RESPONSE
[2026-09-29 08:39:43.368] [upf_app] [info] TIME-OUT event timer id 6184
[2026-09-29 08:39:43.368] [upf_app] [debug] Send Heartbeat to NRF
[2026-09-29 08:39:43.368] [upf_app] [info] Send NF Update to NRF
[2026-09-29 08:39:43.368] [upf_app] [debug] Send NF Update to NRF (Msg body [{"op":"replace","path":"/nfStatus","value":"REGISTERED"}])
[2026-09-29 08:39:43.368] [upf_app] [debug] Send NF Update to NRF (NRF URL http://oai-nrf.oai-core.svc.cluster.local:80/nnrf-nfm/v1/nf-instances/23f448d9-fc64-4a49-98a4-5c7e36d915b6)
[2026-09-29 08:39:43.368] [upf_app] [debug] Send a simple HTTP request
[2026-09-29 08:39:43.370] [upf_app] [info] Got successful response from NRF
[2026-09-29 08:39:43.370] [upf_app] [debug] Set a timer to the next Heart-beat (10)
[2026-09-29 08:39:47.949] [upf_n4 ] [info] TIME-OUT event timer id 6192
[2026-09-29 08:39:47.950] [upf_n4 ] [info] TIME-OUT event timer id 6193
[2026-09-29 08:39:47.950] [upf_n4 ] [info] PFCP HEARTBEAT PROCEDURE hash 169352876 starting
[2026-09-29 08:39:47.950] [upf_n4 ] [info] handle_receive(16 bytes)
[2026-09-29 08:39:47.950] [upf_n4 ] [info] Received SX HEARTBEAT RESPONSE
[2026-09-29 08:39:52.942] [upf_n4 ] [info] handle_receive(16 bytes)
[2026-09-29 08:39:52.943] [upf_n4 ] [info] Received SX HEARTBEAT REQUEST
[2026-09-29 08:39:52.950] [upf_n4 ] [info] TIME-OUT event timer id 6197
[2026-09-29 08:39:52.950] [upf_n4 ] [info] TIME-OUT event timer id 6198
[2026-09-29 08:39:52.950] [upf_n4 ] [info] PFCP HEARTBEAT PROCEDURE hash 169352876 starting
[2026-09-29 08:39:52.950] [upf_n4 ] [info] handle_receive(16 bytes)
[2026-09-29 08:39:52.950] [upf_n4 ] [info] Received SX HEARTBEAT RESPONSE
[2026-09-29 08:39:53.370] [upf_app] [info] TIME-OUT event timer id 6194
[2026-09-29 08:39:53.370] [upf_app] [debug] Send Heartbeat to NRF
[2026-09-29 08:39:53.370] [upf_app] [info] Send NF Update to NRF
[2026-09-29 08:39:53.370] [upf_app] [debug] Send NF Update to NRF (Msg body [{"op":"replace","path":"/nfStatus","value":"REGISTERED"}])
[2026-09-29 08:39:53.370] [upf_app] [debug] Send NF Update to NRF (NRF URL http://oai-nrf.oai-core.svc.cluster.local:80/nnrf-nfm/v1/nf-instances/23f448d9-fc64-4a49-98a4-5c7e36d915b6)
[2026-09-29 08:39:53.370] [upf_app] [debug] Send a simple HTTP request
[2026-09-29 08:39:53.372] [upf_app] [info] Got successful response from NRF
[2026-09-29 08:39:53.372] [upf_app] [debug] Set a timer to the next Heart-beat (10)
[2026-09-29 08:39:57.950] [upf_n4 ] [info] TIME-OUT event timer id 6202
[2026-09-29 08:39:57.950] [upf_n4 ] [info] TIME-OUT event timer id 6203
[2026-09-29 08:39:57.950] [upf_n4 ] [info] PFCP HEARTBEAT PROCEDURE hash 169352876 starting
[2026-09-29 08:39:57.950] [upf_n4 ] [info] handle_receive(16 bytes)
[2026-09-29 08:39:57.950] [upf_n4 ] [info] Received SX HEARTBEAT RESPONSE
[2026-09-29 08:40:02.943] [upf_n4 ] [info] handle_receive(16 bytes)
[2026-09-29 08:40:02.943] [upf_n4 ] [info] Received SX HEARTBEAT REQUEST
[2026-09-29 08:40:02.950] [upf_n4 ] [info] TIME-OUT event timer id 6207
[2026-09-29 08:40:02.950] [upf_n4 ] [info] TIME-OUT event timer id 6208
[2026-09-29 08:40:02.950] [upf_n4 ] [info] PFCP HEARTBEAT PROCEDURE hash 169352876 starting
[2026-09-29 08:40:02.950] [upf_n4 ] [info] handle_receive(16 bytes)
[2026-09-29 08:40:02.950] [upf_n4 ] [info] Received SX HEARTBEAT RESPONSE
[2026-09-29 08:40:03.372] [upf_app] [info] TIME-OUT event timer id 6204
[2026-09-29 08:40:03.372] [upf_app] [debug] Send Heartbeat to NRF
[2026-09-29 08:40:03.372] [upf_app] [info] Send NF Update to NRF
[2026-09-29 08:40:03.372] [upf_app] [debug] Send NF Update to NRF (Msg body [{"op":"replace","path":"/nfStatus","value":"REGISTERED"}])
[2026-09-29 08:40:03.372] [upf_app] [debug] Send NF Update to NRF (NRF URL http://oai-nrf.oai-core.svc.cluster.local:80/nnrf-nfm/v1/nf-instances/23f448d9-fc64-4a49-98a4-5c7e36d915b6)
[2026-09-29 08:40:03.372] [upf_app] [debug] Send a simple HTTP request
[2026-09-29 08:40:03.374] [upf_app] [info] Got successful response from NRF
[2026-09-29 08:40:03.374] [upf_app] [debug] Set a timer to the next Heart-beat (10)
[2026-09-29 08:40:07.950] [upf_n4 ] [info] TIME-OUT event timer id 6212
[2026-09-29 08:40:07.950] [upf_n4 ] [info] TIME-OUT event timer id 6213
[2026-09-29 08:40:07.950] [upf_n4 ] [info] PFCP HEARTBEAT PROCEDURE hash 169352876 starting
[2026-09-29 08:40:07.950] [upf_n4 ] [info] handle_receive(16 bytes)
[2026-09-29 08:40:07.950] [upf_n4 ] [info] Received SX HEARTBEAT RESPONSE
[2026-09-29 08:40:12.943] [upf_n4 ] [info] handle_receive(16 bytes)
[2026-09-29 08:40:12.943] [upf_n4 ] [info] Received SX HEARTBEAT REQUEST
[2026-09-29 08:40:12.950] [upf_n4 ] [info] TIME-OUT event timer id 6217
[2026-09-29 08:40:12.950] [upf_n4 ] [info] TIME-OUT event timer id 6218
[2026-09-29 08:40:12.950] [upf_n4 ] [info] PFCP HEARTBEAT PROCEDURE hash 169352876 starting
[2026-09-29 08:40:12.950] [upf_n4 ] [info] handle_receive(16 bytes)
[2026-09-29 08:40:12.950] [upf_n4 ] [info] Received SX HEARTBEAT RESPONSE
[2026-09-29 08:40:13.374] [upf_app] [info] TIME-OUT event timer id 6214
[2026-09-29 08:40:13.374] [upf_app] [debug] Send Heartbeat to NRF
[2026-09-29 08:40:13.374] [upf_app] [info] Send NF Update to NRF
[2026-09-29 08:40:13.374] [upf_app] [debug] Send NF Update to NRF (Msg body [{"op":"replace","path":"/nfStatus","value":"REGISTERED"}])
[2026-09-29 08:40:13.374] [upf_app] [debug] Send NF Update to NRF (NRF URL http://oai-nrf.oai-core.svc.cluster.local:80/nnrf-nfm/v1/nf-instances/23f448d9-fc64-4a49-98a4-5c7e36d915b6)
[2026-09-29 08:40:13.374] [upf_app] [debug] Send a simple HTTP request
[2026-09-29 08:40:13.376] [upf_app] [info] Got successful response from NRF
[2026-09-29 08:40:13.376] [upf_app] [debug] Set a timer to the next Heart-beat (10)
[2026-09-29 08:40:17.950] [upf_n4 ] [info] TIME-OUT event timer id 6222
[2026-09-29 08:40:17.950] [upf_n4 ] [info] TIME-OUT event timer id 6223
[2026-09-29 08:40:17.950] [upf_n4 ] [info] PFCP HEARTBEAT PROCEDURE hash 169352876 starting
[2026-09-29 08:40:17.951] [upf_n4 ] [info] handle_receive(16 bytes)
[2026-09-29 08:40:17.951] [upf_n4 ] [info] Received SX HEARTBEAT RESPONSE
[2026-09-29 08:40:22.943] [upf_n4 ] [info] handle_receive(16 bytes)
[2026-09-29 08:40:22.943] [upf_n4 ] [info] Received SX HEARTBEAT REQUEST
[2026-09-29 08:40:22.951] [upf_n4 ] [info] TIME-OUT event timer id 6227
[2026-09-29 08:40:22.951] [upf_n4 ] [info] TIME-OUT event timer id 6228
[2026-09-29 08:40:22.951] [upf_n4 ] [info] PFCP HEARTBEAT PROCEDURE hash 169352876 starting
[2026-09-29 08:40:22.951] [upf_n4 ] [info] handle_receive(16 bytes)
[2026-09-29 08:40:22.951] [upf_n4 ] [info] Received SX HEARTBEAT RESPONSE
[2026-09-29 08:40:23.376] [upf_app] [info] TIME-OUT event timer id 6224
[2026-09-29 08:40:23.376] [upf_app] [debug] Send Heartbeat to NRF
[2026-09-29 08:40:23.376] [upf_app] [info] Send NF Update to NRF
[2026-09-29 08:40:23.376] [upf_app] [debug] Send NF Update to NRF (Msg body [{"op":"replace","path":"/nfStatus","value":"REGISTERED"}])
[2026-09-29 08:40:23.376] [upf_app] [debug] Send NF Update to NRF (NRF URL http://oai-nrf.oai-core.svc.cluster.local:80/nnrf-nfm/v1/nf-instances/23f448d9-fc64-4a49-98a4-5c7e36d915b6)
[2026-09-29 08:40:23.376] [upf_app] [debug] Send a simple HTTP request
[2026-09-29 08:40:23.378] [upf_app] [info] Got successful response from NRF
[2026-09-29 08:40:23.378] [upf_app] [debug] Set a timer to the next Heart-beat (10)
[2026-09-29 08:40:27.951] [upf_n4 ] [info] TIME-OUT event timer id 6232
[2026-09-29 08:40:27.951] [upf_n4 ] [info] TIME-OUT event timer id 6233
[2026-09-29 08:40:27.951] [upf_n4 ] [info] PFCP HEARTBEAT PROCEDURE hash 169352876 starting
[2026-09-29 08:40:27.951] [upf_n4 ] [info] handle_receive(16 bytes)
[2026-09-29 08:40:27.951] [upf_n4 ] [info] Received SX HEARTBEAT RESPONSE
[2026-09-29 08:40:32.944] [upf_n4 ] [info] handle_receive(16 bytes)
[2026-09-29 08:40:32.944] [upf_n4 ] [info] Received SX HEARTBEAT REQUEST
[2026-09-29 08:40:32.951] [upf_n4 ] [info] TIME-OUT event timer id 6237
[2026-09-29 08:40:32.951] [upf_n4 ] [info] TIME-OUT event timer id 6238
[2026-09-29 08:40:32.951] [upf_n4 ] [info] PFCP HEARTBEAT PROCEDURE hash 169352876 starting
[2026-09-29 08:40:32.951] [upf_n4 ] [info] handle_receive(16 bytes)
[2026-09-29 08:40:32.951] [upf_n4 ] [info] Received SX HEARTBEAT RESPONSE
[2026-09-29 08:40:33.378] [upf_app] [info] TIME-OUT event timer id 6234
[2026-09-29 08:40:33.378] [upf_app] [debug] Send Heartbeat to NRF
[2026-09-29 08:40:33.378] [upf_app] [info] Send NF Update to NRF
[2026-09-29 08:40:33.378] [upf_app] [debug] Send NF Update to NRF (Msg body [{"op":"replace","path":"/nfStatus","value":"REGISTERED"}])
[2026-09-29 08:40:33.378] [upf_app] [debug] Send NF Update to NRF (NRF URL http://oai-nrf.oai-core.svc.cluster.local:80/nnrf-nfm/v1/nf-instances/23f448d9-fc64-4a49-98a4-5c7e36d915b6)
[2026-09-29 08:40:33.378] [upf_app] [debug] Send a simple HTTP request
[2026-09-29 08:40:33.380] [upf_app] [info] Got successful response from NRF
[2026-09-29 08:40:33.380] [upf_app] [debug] Set a timer to the next Heart-beat (10)
[2026-09-29 08:40:37.951] [upf_n4 ] [info] TIME-OUT event timer id 6242
[2026-09-29 08:40:37.951] [upf_n4 ] [info] TIME-OUT event timer id 6243
[2026-09-29 08:40:37.951] [upf_n4 ] [info] PFCP HEARTBEAT PROCEDURE hash 169352876 starting
[2026-09-29 08:40:37.951] [upf_n4 ] [info] handle_receive(16 bytes)
[2026-09-29 08:40:37.951] [upf_n4 ] [info] Received SX HEARTBEAT RESPONSE
[2026-09-29 08:40:42.944] [upf_n4 ] [info] handle_receive(16 bytes)
[2026-09-29 08:40:42.944] [upf_n4 ] [info] Received SX HEARTBEAT REQUEST
[2026-09-29 08:40:42.951] [upf_n4 ] [info] TIME-OUT event timer id 6247
[2026-09-29 08:40:42.951] [upf_n4 ] [info] TIME-OUT event timer id 6248
[2026-09-29 08:40:42.951] [upf_n4 ] [info] PFCP HEARTBEAT PROCEDURE hash 169352876 starting
[2026-09-29 08:40:42.951] [upf_n4 ] [info] handle_receive(16 bytes)
[2026-09-29 08:40:42.951] [upf_n4 ] [info] Received SX HEARTBEAT RESPONSE
[2026-09-29 08:40:43.380] [upf_app] [info] TIME-OUT event timer id 6244
[2026-09-29 08:40:43.380] [upf_app] [debug] Send Heartbeat to NRF
[2026-09-29 08:40:43.380] [upf_app] [info] Send NF Update to NRF
[2026-09-29 08:40:43.380] [upf_app] [debug] Send NF Update to NRF (Msg body [{"op":"replace","path":"/nfStatus","value":"REGISTERED"}])
[2026-09-29 08:40:43.380] [upf_app] [debug] Send NF Update to NRF (NRF URL http://oai-nrf.oai-core.svc.cluster.local:80/nnrf-nfm/v1/nf-instances/23f448d9-fc64-4a49-98a4-5c7e36d915b6)
[2026-09-29 08:40:43.381] [upf_app] [debug] Send a simple HTTP request
[2026-09-29 08:40:43.382] [upf_app] [info] Got successful response from NRF
[2026-09-29 08:40:43.382] [upf_app] [debug] Set a timer to the next Heart-beat (10)
[2026-09-29 08:40:47.951] [upf_n4 ] [info] TIME-OUT event timer id 6252
[2026-09-29 08:40:47.951] [upf_n4 ] [info] TIME-OUT event timer id 6253
[2026-09-29 08:40:47.951] [upf_n4 ] [info] PFCP HEARTBEAT PROCEDURE hash 169352876 starting
[2026-09-29 08:40:47.952] [upf_n4 ] [info] handle_receive(16 bytes)
[2026-09-29 08:40:47.952] [upf_n4 ] [info] Received SX HEARTBEAT RESPONSE
[2026-09-29 08:40:52.944] [upf_n4 ] [info] handle_receive(16 bytes)
[2026-09-29 08:40:52.944] [upf_n4 ] [info] Received SX HEARTBEAT REQUEST
[2026-09-29 08:40:52.951] [upf_n4 ] [info] TIME-OUT event timer id 6257
[2026-09-29 08:40:52.952] [upf_n4 ] [info] TIME-OUT event timer id 6258
[2026-09-29 08:40:52.952] [upf_n4 ] [info] PFCP HEARTBEAT PROCEDURE hash 169352876 starting
[2026-09-29 08:40:52.952] [upf_n4 ] [info] handle_receive(16 bytes)
[2026-09-29 08:40:52.952] [upf_n4 ] [info] Received SX HEARTBEAT RESPONSE
[2026-09-29 08:40:53.383] [upf_app] [info] TIME-OUT event timer id 6254
[2026-09-29 08:40:53.383] [upf_app] [debug] Send Heartbeat to NRF
[2026-09-29 08:40:53.383] [upf_app] [info] Send NF Update to NRF
[2026-09-29 08:40:53.383] [upf_app] [debug] Send NF Update to NRF (Msg body [{"op":"replace","path":"/nfStatus","value":"REGISTERED"}])
[2026-09-29 08:40:53.383] [upf_app] [debug] Send NF Update to NRF (NRF URL http://oai-nrf.oai-core.svc.cluster.local:80/nnrf-nfm/v1/nf-instances/23f448d9-fc64-4a49-98a4-5c7e36d915b6)
[2026-09-29 08:40:53.383] [upf_app] [debug] Send a simple HTTP request
[2026-09-29 08:40:53.385] [upf_app] [info] Got successful response from NRF
[2026-09-29 08:40:53.385] [upf_app] [debug] Set a timer to the next Heart-beat (10)
[2026-09-29 08:40:57.952] [upf_n4 ] [info] TIME-OUT event timer id 6262
[2026-09-29 08:40:57.952] [upf_n4 ] [info] TIME-OUT event timer id 6263
[2026-09-29 08:40:57.952] [upf_n4 ] [info] PFCP HEARTBEAT PROCEDURE hash 169352876 starting
[2026-09-29 08:40:57.952] [upf_n4 ] [info] handle_receive(16 bytes)
[2026-09-29 08:40:57.952] [upf_n4 ] [info] Received SX HEARTBEAT RESPONSE
[2026-09-29 08:41:02.945] [upf_n4 ] [info] handle_receive(16 bytes)
[2026-09-29 08:41:02.945] [upf_n4 ] [info] Received SX HEARTBEAT REQUEST
[2026-09-29 08:41:02.952] [upf_n4 ] [info] TIME-OUT event timer id 6267
[2026-09-29 08:41:02.952] [upf_n4 ] [info] TIME-OUT event timer id 6268
[2026-09-29 08:41:02.952] [upf_n4 ] [info] PFCP HEARTBEAT PROCEDURE hash 169352876 starting
[2026-09-29 08:41:02.952] [upf_n4 ] [info] handle_receive(16 bytes)
[2026-09-29 08:41:02.952] [upf_n4 ] [info] Received SX HEARTBEAT RESPONSE
[2026-09-29 08:41:03.385] [upf_app] [info] TIME-OUT event timer id 6264
[2026-09-29 08:41:03.385] [upf_app] [debug] Send Heartbeat to NRF
[2026-09-29 08:41:03.385] [upf_app] [info] Send NF Update to NRF
[2026-09-29 08:41:03.385] [upf_app] [debug] Send NF Update to NRF (Msg body [{"op":"replace","path":"/nfStatus","value":"REGISTERED"}])
[2026-09-29 08:41:03.385] [upf_app] [debug] Send NF Update to NRF (NRF URL http://oai-nrf.oai-core.svc.cluster.local:80/nnrf-nfm/v1/nf-instances/23f448d9-fc64-4a49-98a4-5c7e36d915b6)
[2026-09-29 08:41:03.385] [upf_app] [debug] Send a simple HTTP request
[2026-09-29 08:41:03.387] [upf_app] [info] Got successful response from NRF
[2026-09-29 08:41:03.387] [upf_app] [debug] Set a timer to the next Heart-beat (10)
[2026-09-29 08:41:07.952] [upf_n4 ] [info] TIME-OUT event timer id 6272
[2026-09-29 08:41:07.952] [upf_n4 ] [info] TIME-OUT event timer id 6273
[2026-09-29 08:41:07.952] [upf_n4 ] [info] PFCP HEARTBEAT PROCEDURE hash 169352876 starting
[2026-09-29 08:41:07.952] [upf_n4 ] [info] handle_receive(16 bytes)
[2026-09-29 08:41:07.952] [upf_n4 ] [info] Received SX HEARTBEAT RESPONSE
[2026-09-29 08:41:12.945] [upf_n4 ] [info] handle_receive(16 bytes)
[2026-09-29 08:41:12.945] [upf_n4 ] [info] Received SX HEARTBEAT REQUEST
[2026-09-29 08:41:12.952] [upf_n4 ] [info] TIME-OUT event timer id 6277
[2026-09-29 08:41:12.952] [upf_n4 ] [info] TIME-OUT event timer id 6278
[2026-09-29 08:41:12.952] [upf_n4 ] [info] PFCP HEARTBEAT PROCEDURE hash 169352876 starting
[2026-09-29 08:41:12.953] [upf_n4 ] [info] handle_receive(16 bytes)
[2026-09-29 08:41:12.953] [upf_n4 ] [info] Received SX HEARTBEAT RESPONSE
[2026-09-29 08:41:13.387] [upf_app] [info] TIME-OUT event timer id 6274
[2026-09-29 08:41:13.387] [upf_app] [debug] Send Heartbeat to NRF
[2026-09-29 08:41:13.387] [upf_app] [info] Send NF Update to NRF
[2026-09-29 08:41:13.387] [upf_app] [debug] Send NF Update to NRF (Msg body [{"op":"replace","path":"/nfStatus","value":"REGISTERED"}])
[2026-09-29 08:41:13.387] [upf_app] [debug] Send NF Update to NRF (NRF URL http://oai-nrf.oai-core.svc.cluster.local:80/nnrf-nfm/v1/nf-instances/23f448d9-fc64-4a49-98a4-5c7e36d915b6)
[2026-09-29 08:41:13.387] [upf_app] [debug] Send a simple HTTP request
[2026-09-29 08:41:13.389] [upf_app] [info] Got successful response from NRF
[2026-09-29 08:41:13.389] [upf_app] [debug] Set a timer to the next Heart-beat (10)
[2026-09-29 08:41:17.953] [upf_n4 ] [info] TIME-OUT event timer id 6282
[2026-09-29 08:41:17.953] [upf_n4 ] [info] TIME-OUT event timer id 6283
[2026-09-29 08:41:17.953] [upf_n4 ] [info] PFCP HEARTBEAT PROCEDURE hash 169352876 starting
[2026-09-29 08:41:17.953] [upf_n4 ] [info] handle_receive(16 bytes)
[2026-09-29 08:41:17.953] [upf_n4 ] [info] Received SX HEARTBEAT RESPONSE
[2026-09-29 08:41:22.945] [upf_n4 ] [info] handle_receive(16 bytes)
[2026-09-29 08:41:22.945] [upf_n4 ] [info] Received SX HEARTBEAT REQUEST
[2026-09-29 08:41:22.953] [upf_n4 ] [info] TIME-OUT event timer id 6287
[2026-09-29 08:41:22.953] [upf_n4 ] [info] TIME-OUT event timer id 6288
[2026-09-29 08:41:22.953] [upf_n4 ] [info] PFCP HEARTBEAT PROCEDURE hash 169352876 starting
[2026-09-29 08:41:22.953] [upf_n4 ] [info] handle_receive(16 bytes)
[2026-09-29 08:41:22.953] [upf_n4 ] [info] Received SX HEARTBEAT RESPONSE
[2026-09-29 08:41:23.389] [upf_app] [info] TIME-OUT event timer id 6284
[2026-09-29 08:41:23.389] [upf_app] [debug] Send Heartbeat to NRF
[2026-09-29 08:41:23.389] [upf_app] [info] Send NF Update to NRF
[2026-09-29 08:41:23.389] [upf_app] [debug] Send NF Update to NRF (Msg body [{"op":"replace","path":"/nfStatus","value":"REGISTERED"}])
[2026-09-29 08:41:23.389] [upf_app] [debug] Send NF Update to NRF (NRF URL http://oai-nrf.oai-core.svc.cluster.local:80/nnrf-nfm/v1/nf-instances/23f448d9-fc64-4a49-98a4-5c7e36d915b6)
[2026-09-29 08:41:23.389] [upf_app] [debug] Send a simple HTTP request
[2026-09-29 08:41:23.391] [upf_app] [info] Got successful response from NRF
[2026-09-29 08:41:23.391] [upf_app] [debug] Set a timer to the next Heart-beat (10)
[2026-09-29 08:41:27.953] [upf_n4 ] [info] TIME-OUT event timer id 6292
[2026-09-29 08:41:27.953] [upf_n4 ] [info] TIME-OUT event timer id 6293
[2026-09-29 08:41:27.953] [upf_n4 ] [info] PFCP HEARTBEAT PROCEDURE hash 169352876 starting
[2026-09-29 08:41:27.953] [upf_n4 ] [info] handle_receive(16 bytes)
[2026-09-29 08:41:27.953] [upf_n4 ] [info] Received SX HEARTBEAT RESPONSE
[2026-09-29 08:41:32.946] [upf_n4 ] [info] handle_receive(16 bytes)
[2026-09-29 08:41:32.946] [upf_n4 ] [info] Received SX HEARTBEAT REQUEST
[2026-09-29 08:41:32.953] [upf_n4 ] [info] TIME-OUT event timer id 6297
[2026-09-29 08:41:32.953] [upf_n4 ] [info] TIME-OUT event timer id 6298
[2026-09-29 08:41:32.953] [upf_n4 ] [info] PFCP HEARTBEAT PROCEDURE hash 169352876 starting
[2026-09-29 08:41:32.953] [upf_n4 ] [info] handle_receive(16 bytes)
[2026-09-29 08:41:32.953] [upf_n4 ] [info] Received SX HEARTBEAT RESPONSE
[2026-09-29 08:41:33.391] [upf_app] [info] TIME-OUT event timer id 6294
[2026-09-29 08:41:33.391] [upf_app] [debug] Send Heartbeat to NRF
[2026-09-29 08:41:33.391] [upf_app] [info] Send NF Update to NRF
[2026-09-29 08:41:33.391] [upf_app] [debug] Send NF Update to NRF (Msg body [{"op":"replace","path":"/nfStatus","value":"REGISTERED"}])
[2026-09-29 08:41:33.391] [upf_app] [debug] Send NF Update to NRF (NRF URL http://oai-nrf.oai-core.svc.cluster.local:80/nnrf-nfm/v1/nf-instances/23f448d9-fc64-4a49-98a4-5c7e36d915b6)
[2026-09-29 08:41:33.391] [upf_app] [debug] Send a simple HTTP request
[2026-09-29 08:41:33.393] [upf_app] [info] Got successful response from NRF
[2026-09-29 08:41:33.393] [upf_app] [debug] Set a timer to the next Heart-beat (10)
[2026-09-29 08:41:37.953] [upf_n4 ] [info] TIME-OUT event timer id 6302
[2026-09-29 08:41:37.953] [upf_n4 ] [info] TIME-OUT event timer id 6303
[2026-09-29 08:41:37.953] [upf_n4 ] [info] PFCP HEARTBEAT PROCEDURE hash 169352876 starting
[2026-09-29 08:41:37.953] [upf_n4 ] [info] handle_receive(16 bytes)
[2026-09-29 08:41:37.954] [upf_n4 ] [info] Received SX HEARTBEAT RESPONSE
[2026-09-29 08:41:42.946] [upf_n4 ] [info] handle_receive(16 bytes)
[2026-09-29 08:41:42.946] [upf_n4 ] [info] Received SX HEARTBEAT REQUEST
[2026-09-29 08:41:42.953] [upf_n4 ] [info] TIME-OUT event timer id 6307
[2026-09-29 08:41:42.954] [upf_n4 ] [info] TIME-OUT event timer id 6308
[2026-09-29 08:41:42.954] [upf_n4 ] [info] PFCP HEARTBEAT PROCEDURE hash 169352876 starting
[2026-09-29 08:41:42.954] [upf_n4 ] [info] handle_receive(16 bytes)
[2026-09-29 08:41:42.954] [upf_n4 ] [info] Received SX HEARTBEAT RESPONSE
[2026-09-29 08:41:43.393] [upf_app] [info] TIME-OUT event timer id 6304
[2026-09-29 08:41:43.393] [upf_app] [debug] Send Heartbeat to NRF
[2026-09-29 08:41:43.393] [upf_app] [info] Send NF Update to NRF
[2026-09-29 08:41:43.393] [upf_app] [debug] Send NF Update to NRF (Msg body [{"op":"replace","path":"/nfStatus","value":"REGISTERED"}])
[2026-09-29 08:41:43.393] [upf_app] [debug] Send NF Update to NRF (NRF URL http://oai-nrf.oai-core.svc.cluster.local:80/nnrf-nfm/v1/nf-instances/23f448d9-fc64-4a49-98a4-5c7e36d915b6)
[2026-09-29 08:41:43.393] [upf_app] [debug] Send a simple HTTP request
[2026-09-29 08:41:43.395] [upf_app] [info] Got successful response from NRF
[2026-09-29 08:41:43.395] [upf_app] [debug] Set a timer to the next Heart-beat (10)
[2026-09-29 08:41:47.954] [upf_n4 ] [info] TIME-OUT event timer id 6312
[2026-09-29 08:41:47.954] [upf_n4 ] [info] TIME-OUT event timer id 6313
[2026-09-29 08:41:47.954] [upf_n4 ] [info] PFCP HEARTBEAT PROCEDURE hash 169352876 starting
[2026-09-29 08:41:47.954] [upf_n4 ] [info] handle_receive(16 bytes)
[2026-09-29 08:41:47.954] [upf_n4 ] [info] Received SX HEARTBEAT RESPONSE
[2026-09-29 08:41:52.947] [upf_n4 ] [info] handle_receive(16 bytes)
[2026-09-29 08:41:52.947] [upf_n4 ] [info] Received SX HEARTBEAT REQUEST
[2026-09-29 08:41:52.954] [upf_n4 ] [info] TIME-OUT event timer id 6317
[2026-09-29 08:41:52.954] [upf_n4 ] [info] TIME-OUT event timer id 6318
[2026-09-29 08:41:52.954] [upf_n4 ] [info] PFCP HEARTBEAT PROCEDURE hash 169352876 starting
[2026-09-29 08:41:52.954] [upf_n4 ] [info] handle_receive(16 bytes)
[2026-09-29 08:41:52.954] [upf_n4 ] [info] Received SX HEARTBEAT RESPONSE
[2026-09-29 08:41:53.395] [upf_app] [info] TIME-OUT event timer id 6314
[2026-09-29 08:41:53.395] [upf_app] [debug] Send Heartbeat to NRF
[2026-09-29 08:41:53.395] [upf_app] [info] Send NF Update to NRF
[2026-09-29 08:41:53.395] [upf_app] [debug] Send NF Update to NRF (Msg body [{"op":"replace","path":"/nfStatus","value":"REGISTERED"}])
[2026-09-29 08:41:53.395] [upf_app] [debug] Send NF Update to NRF (NRF URL http://oai-nrf.oai-core.svc.cluster.local:80/nnrf-nfm/v1/nf-instances/23f448d9-fc64-4a49-98a4-5c7e36d915b6)
[2026-09-29 08:41:53.395] [upf_app] [debug] Send a simple HTTP request
[2026-09-29 08:41:53.397] [upf_app] [info] Got successful response from NRF
[2026-09-29 08:41:53.397] [upf_app] [debug] Set a timer to the next Heart-beat (10)
[2026-09-29 08:41:57.954] [upf_n4 ] [info] TIME-OUT event timer id 6322
[2026-09-29 08:41:57.954] [upf_n4 ] [info] TIME-OUT event timer id 6323
[2026-09-29 08:41:57.954] [upf_n4 ] [info] PFCP HEARTBEAT PROCEDURE hash 169352876 starting
[2026-09-29 08:41:57.954] [upf_n4 ] [info] handle_receive(16 bytes)
[2026-09-29 08:41:57.954] [upf_n4 ] [info] Received SX HEARTBEAT RESPONSE
[2026-09-29 08:42:02.947] [upf_n4 ] [info] handle_receive(16 bytes)
[2026-09-29 08:42:02.947] [upf_n4 ] [info] Received SX HEARTBEAT REQUEST
[2026-09-29 08:42:02.954] [upf_n4 ] [info] TIME-OUT event timer id 6327
[2026-09-29 08:42:02.954] [upf_n4 ] [info] TIME-OUT event timer id 6328
[2026-09-29 08:42:02.954] [upf_n4 ] [info] PFCP HEARTBEAT PROCEDURE hash 169352876 starting
[2026-09-29 08:42:02.954] [upf_n4 ] [info] handle_receive(16 bytes)
[2026-09-29 08:42:02.954] [upf_n4 ] [info] Received SX HEARTBEAT RESPONSE
[2026-09-29 08:42:03.397] [upf_app] [info] TIME-OUT event timer id 6324
[2026-09-29 08:42:03.397] [upf_app] [debug] Send Heartbeat to NRF
[2026-09-29 08:42:03.397] [upf_app] [info] Send NF Update to NRF
[2026-09-29 08:42:03.397] [upf_app] [debug] Send NF Update to NRF (Msg body [{"op":"replace","path":"/nfStatus","value":"REGISTERED"}])
[2026-09-29 08:42:03.397] [upf_app] [debug] Send NF Update to NRF (NRF URL http://oai-nrf.oai-core.svc.cluster.local:80/nnrf-nfm/v1/nf-instances/23f448d9-fc64-4a49-98a4-5c7e36d915b6)
[2026-09-29 08:42:03.397] [upf_app] [debug] Send a simple HTTP request
[2026-09-29 08:42:03.399] [upf_app] [info] Got successful response from NRF
[2026-09-29 08:42:03.399] [upf_app] [debug] Set a timer to the next Heart-beat (10)
[2026-09-29 08:42:07.954] [upf_n4 ] [info] TIME-OUT event timer id 6332
[2026-09-29 08:42:07.954] [upf_n4 ] [info] TIME-OUT event timer id 6333
[2026-09-29 08:42:07.954] [upf_n4 ] [info] PFCP HEARTBEAT PROCEDURE hash 169352876 starting
[2026-09-29 08:42:07.955] [upf_n4 ] [info] handle_receive(16 bytes)
[2026-09-29 08:42:07.955] [upf_n4 ] [info] Received SX HEARTBEAT RESPONSE
[2026-09-29 08:42:12.947] [upf_n4 ] [info] handle_receive(16 bytes)
[2026-09-29 08:42:12.947] [upf_n4 ] [info] Received SX HEARTBEAT REQUEST
[2026-09-29 08:42:12.955] [upf_n4 ] [info] TIME-OUT event timer id 6337
[2026-09-29 08:42:12.955] [upf_n4 ] [info] TIME-OUT event timer id 6338
[2026-09-29 08:42:12.955] [upf_n4 ] [info] PFCP HEARTBEAT PROCEDURE hash 169352876 starting
[2026-09-29 08:42:12.955] [upf_n4 ] [info] handle_receive(16 bytes)
[2026-09-29 08:42:12.955] [upf_n4 ] [info] Received SX HEARTBEAT RESPONSE
[2026-09-29 08:42:13.399] [upf_app] [info] TIME-OUT event timer id 6334
[2026-09-29 08:42:13.399] [upf_app] [debug] Send Heartbeat to NRF
[2026-09-29 08:42:13.399] [upf_app] [info] Send NF Update to NRF
[2026-09-29 08:42:13.399] [upf_app] [debug] Send NF Update to NRF (Msg body [{"op":"replace","path":"/nfStatus","value":"REGISTERED"}])
[2026-09-29 08:42:13.399] [upf_app] [debug] Send NF Update to NRF (NRF URL http://oai-nrf.oai-core.svc.cluster.local:80/nnrf-nfm/v1/nf-instances/23f448d9-fc64-4a49-98a4-5c7e36d915b6)
[2026-09-29 08:42:13.399] [upf_app] [debug] Send a simple HTTP request
[2026-09-29 08:42:13.401] [upf_app] [info] Got successful response from NRF
[2026-09-29 08:42:13.401] [upf_app] [debug] Set a timer to the next Heart-beat (10)
[2026-09-29 08:42:17.955] [upf_n4 ] [info] TIME-OUT event timer id 6342
[2026-09-29 08:42:17.955] [upf_n4 ] [info] TIME-OUT event timer id 6343
[2026-09-29 08:42:17.955] [upf_n4 ] [info] PFCP HEARTBEAT PROCEDURE hash 169352876 starting
[2026-09-29 08:42:17.955] [upf_n4 ] [info] handle_receive(16 bytes)
[2026-09-29 08:42:17.955] [upf_n4 ] [info] Received SX HEARTBEAT RESPONSE
[2026-09-29 08:42:22.948] [upf_n4 ] [info] handle_receive(16 bytes)
[2026-09-29 08:42:22.948] [upf_n4 ] [info] Received SX HEARTBEAT REQUEST
[2026-09-29 08:42:22.955] [upf_n4 ] [info] TIME-OUT event timer id 6347
[2026-09-29 08:42:22.955] [upf_n4 ] [info] TIME-OUT event timer id 6348
[2026-09-29 08:42:22.955] [upf_n4 ] [info] PFCP HEARTBEAT PROCEDURE hash 169352876 starting
[2026-09-29 08:42:22.955] [upf_n4 ] [info] handle_receive(16 bytes)
[2026-09-29 08:42:22.955] [upf_n4 ] [info] Received SX HEARTBEAT RESPONSE
[2026-09-29 08:42:23.401] [upf_app] [info] TIME-OUT event timer id 6344
[2026-09-29 08:42:23.401] [upf_app] [debug] Send Heartbeat to NRF
[2026-09-29 08:42:23.401] [upf_app] [info] Send NF Update to NRF
[2026-09-29 08:42:23.401] [upf_app] [debug] Send NF Update to NRF (Msg body [{"op":"replace","path":"/nfStatus","value":"REGISTERED"}])
[2026-09-29 08:42:23.401] [upf_app] [debug] Send NF Update to NRF (NRF URL http://oai-nrf.oai-core.svc.cluster.local:80/nnrf-nfm/v1/nf-instances/23f448d9-fc64-4a49-98a4-5c7e36d915b6)
[2026-09-29 08:42:23.401] [upf_app] [debug] Send a simple HTTP request
[2026-09-29 08:42:23.403] [upf_app] [info] Got successful response from NRF
[2026-09-29 08:42:23.403] [upf_app] [debug] Set a timer to the next Heart-beat (10)
[2026-09-29 08:42:27.955] [upf_n4 ] [info] TIME-OUT event timer id 6352
[2026-09-29 08:42:27.955] [upf_n4 ] [info] TIME-OUT event timer id 6353
[2026-09-29 08:42:27.955] [upf_n4 ] [info] PFCP HEARTBEAT PROCEDURE hash 169352876 starting
[2026-09-29 08:42:27.955] [upf_n4 ] [info] handle_receive(16 bytes)
[2026-09-29 08:42:27.955] [upf_n4 ] [info] Received SX HEARTBEAT RESPONSE
[2026-09-29 08:42:32.948] [upf_n4 ] [info] handle_receive(16 bytes)
[2026-09-29 08:42:32.948] [upf_n4 ] [info] Received SX HEARTBEAT REQUEST
[2026-09-29 08:42:32.955] [upf_n4 ] [info] TIME-OUT event timer id 6357
[2026-09-29 08:42:32.955] [upf_n4 ] [info] TIME-OUT event timer id 6358
[2026-09-29 08:42:32.955] [upf_n4 ] [info] PFCP HEARTBEAT PROCEDURE hash 169352876 starting
[2026-09-29 08:42:32.955] [upf_n4 ] [info] handle_receive(16 bytes)
[2026-09-29 08:42:32.955] [upf_n4 ] [info] Received SX HEARTBEAT RESPONSE
[2026-09-29 08:42:33.403] [upf_app] [info] TIME-OUT event timer id 6354
[2026-09-29 08:42:33.403] [upf_app] [debug] Send Heartbeat to NRF
[2026-09-29 08:42:33.403] [upf_app] [info] Send NF Update to NRF
[2026-09-29 08:42:33.403] [upf_app] [debug] Send NF Update to NRF (Msg body [{"op":"replace","path":"/nfStatus","value":"REGISTERED"}])
[2026-09-29 08:42:33.403] [upf_app] [debug] Send NF Update to NRF (NRF URL http://oai-nrf.oai-core.svc.cluster.local:80/nnrf-nfm/v1/nf-instances/23f448d9-fc64-4a49-98a4-5c7e36d915b6)
[2026-09-29 08:42:33.403] [upf_app] [debug] Send a simple HTTP request
[2026-09-29 08:42:33.405] [upf_app] [info] Got successful response from NRF
[2026-09-29 08:42:33.405] [upf_app] [debug] Set a timer to the next Heart-beat (10)
[2026-09-29 08:42:37.955] [upf_n4 ] [info] TIME-OUT event timer id 6362
[2026-09-29 08:42:37.955] [upf_n4 ] [info] TIME-OUT event timer id 6363
[2026-09-29 08:42:37.955] [upf_n4 ] [info] PFCP HEARTBEAT PROCEDURE hash 169352876 starting
[2026-09-29 08:42:37.956] [upf_n4 ] [info] handle_receive(16 bytes)
[2026-09-29 08:42:37.956] [upf_n4 ] [info] Received SX HEARTBEAT RESPONSE
[2026-09-29 08:42:42.948] [upf_n4 ] [info] handle_receive(16 bytes)
[2026-09-29 08:42:42.948] [upf_n4 ] [info] Received SX HEARTBEAT REQUEST
[2026-09-29 08:42:42.955] [upf_n4 ] [info] TIME-OUT event timer id 6367
[2026-09-29 08:42:42.956] [upf_n4 ] [info] TIME-OUT event timer id 6368
[2026-09-29 08:42:42.956] [upf_n4 ] [info] PFCP HEARTBEAT PROCEDURE hash 169352876 starting
[2026-09-29 08:42:42.956] [upf_n4 ] [info] handle_receive(16 bytes)
[2026-09-29 08:42:42.956] [upf_n4 ] [info] Received SX HEARTBEAT RESPONSE
[2026-09-29 08:42:43.405] [upf_app] [info] TIME-OUT event timer id 6364
[2026-09-29 08:42:43.405] [upf_app] [debug] Send Heartbeat to NRF
[2026-09-29 08:42:43.405] [upf_app] [info] Send NF Update to NRF
[2026-09-29 08:42:43.405] [upf_app] [debug] Send NF Update to NRF (Msg body [{"op":"replace","path":"/nfStatus","value":"REGISTERED"}])
[2026-09-29 08:42:43.405] [upf_app] [debug] Send NF Update to NRF (NRF URL http://oai-nrf.oai-core.svc.cluster.local:80/nnrf-nfm/v1/nf-instances/23f448d9-fc64-4a49-98a4-5c7e36d915b6)
[2026-09-29 08:42:43.405] [upf_app] [debug] Send a simple HTTP request
[2026-09-29 08:42:43.407] [upf_app] [info] Got successful response from NRF
[2026-09-29 08:42:43.407] [upf_app] [debug] Set a timer to the next Heart-beat (10)
[2026-09-29 08:42:47.956] [upf_n4 ] [info] TIME-OUT event timer id 6372
[2026-09-29 08:42:47.956] [upf_n4 ] [info] TIME-OUT event timer id 6373
[2026-09-29 08:42:47.956] [upf_n4 ] [info] PFCP HEARTBEAT PROCEDURE hash 169352876 starting
[2026-09-29 08:42:47.956] [upf_n4 ] [info] handle_receive(16 bytes)
[2026-09-29 08:42:47.956] [upf_n4 ] [info] Received SX HEARTBEAT RESPONSE
[2026-09-29 08:42:52.949] [upf_n4 ] [info] handle_receive(16 bytes)
[2026-09-29 08:42:52.949] [upf_n4 ] [info] Received SX HEARTBEAT REQUEST
[2026-09-29 08:42:52.956] [upf_n4 ] [info] TIME-OUT event timer id 6377
[2026-09-29 08:42:52.956] [upf_n4 ] [info] TIME-OUT event timer id 6378
[2026-09-29 08:42:52.956] [upf_n4 ] [info] PFCP HEARTBEAT PROCEDURE hash 169352876 starting
[2026-09-29 08:42:52.956] [upf_n4 ] [info] handle_receive(16 bytes)
[2026-09-29 08:42:52.956] [upf_n4 ] [info] Received SX HEARTBEAT RESPONSE
[2026-09-29 08:42:53.408] [upf_app] [info] TIME-OUT event timer id 6374
[2026-09-29 08:42:53.408] [upf_app] [debug] Send Heartbeat to NRF
[2026-09-29 08:42:53.408] [upf_app] [info] Send NF Update to NRF
[2026-09-29 08:42:53.408] [upf_app] [debug] Send NF Update to NRF (Msg body [{"op":"replace","path":"/nfStatus","value":"REGISTERED"}])
[2026-09-29 08:42:53.408] [upf_app] [debug] Send NF Update to NRF (NRF URL http://oai-nrf.oai-core.svc.cluster.local:80/nnrf-nfm/v1/nf-instances/23f448d9-fc64-4a49-98a4-5c7e36d915b6)
[2026-09-29 08:42:53.408] [upf_app] [debug] Send a simple HTTP request
[2026-09-29 08:42:53.409] [upf_app] [info] Got successful response from NRF
[2026-09-29 08:42:53.409] [upf_app] [debug] Set a timer to the next Heart-beat (10)
[2026-09-29 08:42:57.956] [upf_n4 ] [info] TIME-OUT event timer id 6382
[2026-09-29 08:42:57.956] [upf_n4 ] [info] TIME-OUT event timer id 6383
[2026-09-29 08:42:57.956] [upf_n4 ] [info] PFCP HEARTBEAT PROCEDURE hash 169352876 starting
[2026-09-29 08:42:57.956] [upf_n4 ] [info] handle_receive(16 bytes)
[2026-09-29 08:42:57.956] [upf_n4 ] [info] Received SX HEARTBEAT RESPONSE
[2026-09-29 08:43:02.949] [upf_n4 ] [info] handle_receive(16 bytes)
[2026-09-29 08:43:02.949] [upf_n4 ] [info] Received SX HEARTBEAT REQUEST
[2026-09-29 08:43:02.956] [upf_n4 ] [info] TIME-OUT event timer id 6387
[2026-09-29 08:43:02.956] [upf_n4 ] [info] TIME-OUT event timer id 6388
[2026-09-29 08:43:02.956] [upf_n4 ] [info] PFCP HEARTBEAT PROCEDURE hash 169352876 starting
[2026-09-29 08:43:02.956] [upf_n4 ] [info] handle_receive(16 bytes)
[2026-09-29 08:43:02.956] [upf_n4 ] [info] Received SX HEARTBEAT RESPONSE
[2026-09-29 08:43:03.409] [upf_app] [info] TIME-OUT event timer id 6384
[2026-09-29 08:43:03.409] [upf_app] [debug] Send Heartbeat to NRF
[2026-09-29 08:43:03.409] [upf_app] [info] Send NF Update to NRF
[2026-09-29 08:43:03.409] [upf_app] [debug] Send NF Update to NRF (Msg body [{"op":"replace","path":"/nfStatus","value":"REGISTERED"}])
[2026-09-29 08:43:03.409] [upf_app] [debug] Send NF Update to NRF (NRF URL http://oai-nrf.oai-core.svc.cluster.local:80/nnrf-nfm/v1/nf-instances/23f448d9-fc64-4a49-98a4-5c7e36d915b6)
[2026-09-29 08:43:03.409] [upf_app] [debug] Send a simple HTTP request
[2026-09-29 08:43:03.411] [upf_app] [info] Got successful response from NRF
[2026-09-29 08:43:03.411] [upf_app] [debug] Set a timer to the next Heart-beat (10)
[2026-09-29 08:43:07.956] [upf_n4 ] [info] TIME-OUT event timer id 6392
[2026-09-29 08:43:07.956] [upf_n4 ] [info] TIME-OUT event timer id 6393
[2026-09-29 08:43:07.956] [upf_n4 ] [info] PFCP HEARTBEAT PROCEDURE hash 169352876 starting
[2026-09-29 08:43:07.957] [upf_n4 ] [info] handle_receive(16 bytes)
[2026-09-29 08:43:07.957] [upf_n4 ] [info] Received SX HEARTBEAT RESPONSE
[2026-09-29 08:43:12.950] [upf_n4 ] [info] handle_receive(16 bytes)
[2026-09-29 08:43:12.950] [upf_n4 ] [info] Received SX HEARTBEAT REQUEST
[2026-09-29 08:43:12.956] [upf_n4 ] [info] TIME-OUT event timer id 6397
[2026-09-29 08:43:12.957] [upf_n4 ] [info] TIME-OUT event timer id 6398
[2026-09-29 08:43:12.957] [upf_n4 ] [info] PFCP HEARTBEAT PROCEDURE hash 169352876 starting
[2026-09-29 08:43:12.957] [upf_n4 ] [info] handle_receive(16 bytes)
[2026-09-29 08:43:12.957] [upf_n4 ] [info] Received SX HEARTBEAT RESPONSE
[2026-09-29 08:43:13.411] [upf_app] [info] TIME-OUT event timer id 6394
[2026-09-29 08:43:13.411] [upf_app] [debug] Send Heartbeat to NRF
[2026-09-29 08:43:13.411] [upf_app] [info] Send NF Update to NRF
[2026-09-29 08:43:13.411] [upf_app] [debug] Send NF Update to NRF (Msg body [{"op":"replace","path":"/nfStatus","value":"REGISTERED"}])
[2026-09-29 08:43:13.411] [upf_app] [debug] Send NF Update to NRF (NRF URL http://oai-nrf.oai-core.svc.cluster.local:80/nnrf-nfm/v1/nf-instances/23f448d9-fc64-4a49-98a4-5c7e36d915b6)
[2026-09-29 08:43:13.411] [upf_app] [debug] Send a simple HTTP request
[2026-09-29 08:43:13.413] [upf_app] [info] Got successful response from NRF
[2026-09-29 08:43:13.413] [upf_app] [debug] Set a timer to the next Heart-beat (10)
[2026-09-29 08:43:17.957] [upf_n4 ] [info] TIME-OUT event timer id 6402
[2026-09-29 08:43:17.957] [upf_n4 ] [info] TIME-OUT event timer id 6403
[2026-09-29 08:43:17.957] [upf_n4 ] [info] PFCP HEARTBEAT PROCEDURE hash 169352876 starting
[2026-09-29 08:43:17.957] [upf_n4 ] [info] handle_receive(16 bytes)
[2026-09-29 08:43:17.957] [upf_n4 ] [info] Received SX HEARTBEAT RESPONSE
[2026-09-29 08:43:22.950] [upf_n4 ] [info] handle_receive(16 bytes)
[2026-09-29 08:43:22.950] [upf_n4 ] [info] Received SX HEARTBEAT REQUEST
[2026-09-29 08:43:22.957] [upf_n4 ] [info] TIME-OUT event timer id 6407
[2026-09-29 08:43:22.957] [upf_n4 ] [info] TIME-OUT event timer id 6408
[2026-09-29 08:43:22.957] [upf_n4 ] [info] PFCP HEARTBEAT PROCEDURE hash 169352876 starting
[2026-09-29 08:43:22.957] [upf_n4 ] [info] handle_receive(16 bytes)
[2026-09-29 08:43:22.957] [upf_n4 ] [info] Received SX HEARTBEAT RESPONSE
[2026-09-29 08:43:23.413] [upf_app] [info] TIME-OUT event timer id 6404
[2026-09-29 08:43:23.413] [upf_app] [debug] Send Heartbeat to NRF
[2026-09-29 08:43:23.413] [upf_app] [info] Send NF Update to NRF
[2026-09-29 08:43:23.413] [upf_app] [debug] Send NF Update to NRF (Msg body [{"op":"replace","path":"/nfStatus","value":"REGISTERED"}])
[2026-09-29 08:43:23.413] [upf_app] [debug] Send NF Update to NRF (NRF URL http://oai-nrf.oai-core.svc.cluster.local:80/nnrf-nfm/v1/nf-instances/23f448d9-fc64-4a49-98a4-5c7e36d915b6)
[2026-09-29 08:43:23.413] [upf_app] [debug] Send a simple HTTP request
[2026-09-29 08:43:23.415] [upf_app] [info] Got successful response from NRF
[2026-09-29 08:43:23.415] [upf_app] [debug] Set a timer to the next Heart-beat (10)
[2026-09-29 08:43:27.957] [upf_n4 ] [info] TIME-OUT event timer id 6412
[2026-09-29 08:43:27.957] [upf_n4 ] [info] TIME-OUT event timer id 6413
[2026-09-29 08:43:27.957] [upf_n4 ] [info] PFCP HEARTBEAT PROCEDURE hash 169352876 starting
[2026-09-29 08:43:27.957] [upf_n4 ] [info] handle_receive(16 bytes)
[2026-09-29 08:43:27.957] [upf_n4 ] [info] Received SX HEARTBEAT RESPONSE
[2026-09-29 08:43:32.950] [upf_n4 ] [info] handle_receive(16 bytes)
[2026-09-29 08:43:32.950] [upf_n4 ] [info] Received SX HEARTBEAT REQUEST
[2026-09-29 08:43:32.957] [upf_n4 ] [info] TIME-OUT event timer id 6417
[2026-09-29 08:43:32.957] [upf_n4 ] [info] TIME-OUT event timer id 6418
[2026-09-29 08:43:32.957] [upf_n4 ] [info] PFCP HEARTBEAT PROCEDURE hash 169352876 starting
[2026-09-29 08:43:32.957] [upf_n4 ] [info] handle_receive(16 bytes)
[2026-09-29 08:43:32.957] [upf_n4 ] [info] Received SX HEARTBEAT RESPONSE
[2026-09-29 08:43:33.415] [upf_app] [info] TIME-OUT event timer id 6414
[2026-09-29 08:43:33.415] [upf_app] [debug] Send Heartbeat to NRF
[2026-09-29 08:43:33.415] [upf_app] [info] Send NF Update to NRF
[2026-09-29 08:43:33.415] [upf_app] [debug] Send NF Update to NRF (Msg body [{"op":"replace","path":"/nfStatus","value":"REGISTERED"}])
[2026-09-29 08:43:33.415] [upf_app] [debug] Send NF Update to NRF (NRF URL http://oai-nrf.oai-core.svc.cluster.local:80/nnrf-nfm/v1/nf-instances/23f448d9-fc64-4a49-98a4-5c7e36d915b6)
[2026-09-29 08:43:33.415] [upf_app] [debug] Send a simple HTTP request
[2026-09-29 08:43:33.417] [upf_app] [info] Got successful response from NRF
[2026-09-29 08:43:33.417] [upf_app] [debug] Set a timer to the next Heart-beat (10)
[2026-09-29 08:43:37.957] [upf_n4 ] [info] TIME-OUT event timer id 6422
[2026-09-29 08:43:37.957] [upf_n4 ] [info] TIME-OUT event timer id 6423
[2026-09-29 08:43:37.957] [upf_n4 ] [info] PFCP HEARTBEAT PROCEDURE hash 169352876 starting
[2026-09-29 08:43:37.958] [upf_n4 ] [info] handle_receive(16 bytes)
[2026-09-29 08:43:37.958] [upf_n4 ] [info] Received SX HEARTBEAT RESPONSE
[2026-09-29 08:43:42.951] [upf_n4 ] [info] handle_receive(16 bytes)
[2026-09-29 08:43:42.951] [upf_n4 ] [info] Received SX HEARTBEAT REQUEST
[2026-09-29 08:43:42.957] [upf_n4 ] [info] TIME-OUT event timer id 6427
[2026-09-29 08:43:42.958] [upf_n4 ] [info] TIME-OUT event timer id 6428
[2026-09-29 08:43:42.958] [upf_n4 ] [info] PFCP HEARTBEAT PROCEDURE hash 169352876 starting
[2026-09-29 08:43:42.958] [upf_n4 ] [info] handle_receive(16 bytes)
[2026-09-29 08:43:42.958] [upf_n4 ] [info] Received SX HEARTBEAT RESPONSE
[2026-09-29 08:43:43.418] [upf_app] [info] TIME-OUT event timer id 6424
[2026-09-29 08:43:43.418] [upf_app] [debug] Send Heartbeat to NRF
[2026-09-29 08:43:43.418] [upf_app] [info] Send NF Update to NRF
[2026-09-29 08:43:43.418] [upf_app] [debug] Send NF Update to NRF (Msg body [{"op":"replace","path":"/nfStatus","value":"REGISTERED"}])
[2026-09-29 08:43:43.418] [upf_app] [debug] Send NF Update to NRF (NRF URL http://oai-nrf.oai-core.svc.cluster.local:80/nnrf-nfm/v1/nf-instances/23f448d9-fc64-4a49-98a4-5c7e36d915b6)
[2026-09-29 08:43:43.418] [upf_app] [debug] Send a simple HTTP request
[2026-09-29 08:43:43.420] [upf_app] [info] Got successful response from NRF
[2026-09-29 08:43:43.420] [upf_app] [debug] Set a timer to the next Heart-beat (10)
[2026-09-29 08:43:47.958] [upf_n4 ] [info] TIME-OUT event timer id 6432
[2026-09-29 08:43:47.958] [upf_n4 ] [info] TIME-OUT event timer id 6433
[2026-09-29 08:43:47.958] [upf_n4 ] [info] PFCP HEARTBEAT PROCEDURE hash 169352876 starting
[2026-09-29 08:43:47.958] [upf_n4 ] [info] handle_receive(16 bytes)
[2026-09-29 08:43:47.958] [upf_n4 ] [info] Received SX HEARTBEAT RESPONSE
[2026-09-29 08:43:52.951] [upf_n4 ] [info] handle_receive(16 bytes)
[2026-09-29 08:43:52.951] [upf_n4 ] [info] Received SX HEARTBEAT REQUEST
[2026-09-29 08:43:52.958] [upf_n4 ] [info] TIME-OUT event timer id 6437
[2026-09-29 08:43:52.958] [upf_n4 ] [info] TIME-OUT event timer id 6438
[2026-09-29 08:43:52.958] [upf_n4 ] [info] PFCP HEARTBEAT PROCEDURE hash 169352876 starting
[2026-09-29 08:43:52.958] [upf_n4 ] [info] handle_receive(16 bytes)
[2026-09-29 08:43:52.958] [upf_n4 ] [info] Received SX HEARTBEAT RESPONSE
[2026-09-29 08:43:53.420] [upf_app] [info] TIME-OUT event timer id 6434
[2026-09-29 08:43:53.420] [upf_app] [debug] Send Heartbeat to NRF
[2026-09-29 08:43:53.420] [upf_app] [info] Send NF Update to NRF
[2026-09-29 08:43:53.420] [upf_app] [debug] Send NF Update to NRF (Msg body [{"op":"replace","path":"/nfStatus","value":"REGISTERED"}])
[2026-09-29 08:43:53.420] [upf_app] [debug] Send NF Update to NRF (NRF URL http://oai-nrf.oai-core.svc.cluster.local:80/nnrf-nfm/v1/nf-instances/23f448d9-fc64-4a49-98a4-5c7e36d915b6)
[2026-09-29 08:43:53.420] [upf_app] [debug] Send a simple HTTP request
[2026-09-29 08:43:53.422] [upf_app] [info] Got successful response from NRF
[2026-09-29 08:43:53.422] [upf_app] [debug] Set a timer to the next Heart-beat (10)
[2026-09-29 08:43:57.958] [upf_n4 ] [info] TIME-OUT event timer id 6442
[2026-09-29 08:43:57.958] [upf_n4 ] [info] TIME-OUT event timer id 6443
[2026-09-29 08:43:57.958] [upf_n4 ] [info] PFCP HEARTBEAT PROCEDURE hash 169352876 starting
[2026-09-29 08:43:57.958] [upf_n4 ] [info] handle_receive(16 bytes)
[2026-09-29 08:43:57.958] [upf_n4 ] [info] Received SX HEARTBEAT RESPONSE
[2026-09-29 08:44:02.951] [upf_n4 ] [info] handle_receive(16 bytes)
[2026-09-29 08:44:02.951] [upf_n4 ] [info] Received SX HEARTBEAT REQUEST
[2026-09-29 08:44:02.958] [upf_n4 ] [info] TIME-OUT event timer id 6447
[2026-09-29 08:44:02.958] [upf_n4 ] [info] TIME-OUT event timer id 6448
[2026-09-29 08:44:02.958] [upf_n4 ] [info] PFCP HEARTBEAT PROCEDURE hash 169352876 starting
[2026-09-29 08:44:02.959] [upf_n4 ] [info] handle_receive(16 bytes)
[2026-09-29 08:44:02.959] [upf_n4 ] [info] Received SX HEARTBEAT RESPONSE
[2026-09-29 08:44:03.422] [upf_app] [info] TIME-OUT event timer id 6444
[2026-09-29 08:44:03.422] [upf_app] [debug] Send Heartbeat to NRF
[2026-09-29 08:44:03.422] [upf_app] [info] Send NF Update to NRF
[2026-09-29 08:44:03.422] [upf_app] [debug] Send NF Update to NRF (Msg body [{"op":"replace","path":"/nfStatus","value":"REGISTERED"}])
[2026-09-29 08:44:03.422] [upf_app] [debug] Send NF Update to NRF (NRF URL http://oai-nrf.oai-core.svc.cluster.local:80/nnrf-nfm/v1/nf-instances/23f448d9-fc64-4a49-98a4-5c7e36d915b6)
[2026-09-29 08:44:03.422] [upf_app] [debug] Send a simple HTTP request
[2026-09-29 08:44:03.424] [upf_app] [info] Got successful response from NRF
[2026-09-29 08:44:03.424] [upf_app] [debug] Set a timer to the next Heart-beat (10)
[2026-09-29 08:44:07.958] [upf_n4 ] [info] TIME-OUT event timer id 6452
[2026-09-29 08:44:07.959] [upf_n4 ] [info] TIME-OUT event timer id 6453
[2026-09-29 08:44:07.959] [upf_n4 ] [info] PFCP HEARTBEAT PROCEDURE hash 169352876 starting
[2026-09-29 08:44:07.959] [upf_n4 ] [info] handle_receive(16 bytes)
[2026-09-29 08:44:07.959] [upf_n4 ] [info] Received SX HEARTBEAT RESPONSE
[2026-09-29 08:44:12.952] [upf_n4 ] [info] handle_receive(16 bytes)
[2026-09-29 08:44:12.952] [upf_n4 ] [info] Received SX HEARTBEAT REQUEST
[2026-09-29 08:44:12.959] [upf_n4 ] [info] TIME-OUT event timer id 6457
[2026-09-29 08:44:12.959] [upf_n4 ] [info] TIME-OUT event timer id 6458
[2026-09-29 08:44:12.959] [upf_n4 ] [info] PFCP HEARTBEAT PROCEDURE hash 169352876 starting
[2026-09-29 08:44:12.959] [upf_n4 ] [info] handle_receive(16 bytes)
[2026-09-29 08:44:12.959] [upf_n4 ] [info] Received SX HEARTBEAT RESPONSE
[2026-09-29 08:44:13.424] [upf_app] [info] TIME-OUT event timer id 6454
[2026-09-29 08:44:13.424] [upf_app] [debug] Send Heartbeat to NRF
[2026-09-29 08:44:13.424] [upf_app] [info] Send NF Update to NRF
[2026-09-29 08:44:13.424] [upf_app] [debug] Send NF Update to NRF (Msg body [{"op":"replace","path":"/nfStatus","value":"REGISTERED"}])
[2026-09-29 08:44:13.424] [upf_app] [debug] Send NF Update to NRF (NRF URL http://oai-nrf.oai-core.svc.cluster.local:80/nnrf-nfm/v1/nf-instances/23f448d9-fc64-4a49-98a4-5c7e36d915b6)
[2026-09-29 08:44:13.424] [upf_app] [debug] Send a simple HTTP request
[2026-09-29 08:44:13.426] [upf_app] [info] Got successful response from NRF
[2026-09-29 08:44:13.426] [upf_app] [debug] Set a timer to the next Heart-beat (10)
[2026-09-29 08:44:17.959] [upf_n4 ] [info] TIME-OUT event timer id 6462
[2026-09-29 08:44:17.959] [upf_n4 ] [info] TIME-OUT event timer id 6463
[2026-09-29 08:44:17.959] [upf_n4 ] [info] PFCP HEARTBEAT PROCEDURE hash 169352876 starting
[2026-09-29 08:44:17.959] [upf_n4 ] [info] handle_receive(16 bytes)
[2026-09-29 08:44:17.959] [upf_n4 ] [info] Received SX HEARTBEAT RESPONSE
[2026-09-29 08:44:22.952] [upf_n4 ] [info] handle_receive(16 bytes)
[2026-09-29 08:44:22.952] [upf_n4 ] [info] Received SX HEARTBEAT REQUEST
[2026-09-29 08:44:22.959] [upf_n4 ] [info] TIME-OUT event timer id 6467
[2026-09-29 08:44:22.959] [upf_n4 ] [info] TIME-OUT event timer id 6468
[2026-09-29 08:44:22.959] [upf_n4 ] [info] PFCP HEARTBEAT PROCEDURE hash 169352876 starting
[2026-09-29 08:44:22.959] [upf_n4 ] [info] handle_receive(16 bytes)
[2026-09-29 08:44:22.959] [upf_n4 ] [info] Received SX HEARTBEAT RESPONSE
[2026-09-29 08:44:23.426] [upf_app] [info] TIME-OUT event timer id 6464
[2026-09-29 08:44:23.426] [upf_app] [debug] Send Heartbeat to NRF
[2026-09-29 08:44:23.426] [upf_app] [info] Send NF Update to NRF
[2026-09-29 08:44:23.426] [upf_app] [debug] Send NF Update to NRF (Msg body [{"op":"replace","path":"/nfStatus","value":"REGISTERED"}])
[2026-09-29 08:44:23.426] [upf_app] [debug] Send NF Update to NRF (NRF URL http://oai-nrf.oai-core.svc.cluster.local:80/nnrf-nfm/v1/nf-instances/23f448d9-fc64-4a49-98a4-5c7e36d915b6)
[2026-09-29 08:44:23.426] [upf_app] [debug] Send a simple HTTP request
[2026-09-29 08:44:23.428] [upf_app] [info] Got successful response from NRF
[2026-09-29 08:44:23.428] [upf_app] [debug] Set a timer to the next Heart-beat (10)
[2026-09-29 08:44:27.959] [upf_n4 ] [info] TIME-OUT event timer id 6472
[2026-09-29 08:44:27.959] [upf_n4 ] [info] TIME-OUT event timer id 6473
[2026-09-29 08:44:27.959] [upf_n4 ] [info] PFCP HEARTBEAT PROCEDURE hash 169352876 starting
[2026-09-29 08:44:27.959] [upf_n4 ] [info] handle_receive(16 bytes)
[2026-09-29 08:44:27.959] [upf_n4 ] [info] Received SX HEARTBEAT RESPONSE
[2026-09-29 08:44:32.952] [upf_n4 ] [info] handle_receive(16 bytes)
[2026-09-29 08:44:32.952] [upf_n4 ] [info] Received SX HEARTBEAT REQUEST
[2026-09-29 08:44:32.959] [upf_n4 ] [info] TIME-OUT event timer id 6477
[2026-09-29 08:44:32.959] [upf_n4 ] [info] TIME-OUT event timer id 6478
[2026-09-29 08:44:32.959] [upf_n4 ] [info] PFCP HEARTBEAT PROCEDURE hash 169352876 starting
[2026-09-29 08:44:32.960] [upf_n4 ] [info] handle_receive(16 bytes)
[2026-09-29 08:44:32.960] [upf_n4 ] [info] Received SX HEARTBEAT RESPONSE
[2026-09-29 08:44:33.428] [upf_app] [info] TIME-OUT event timer id 6474
[2026-09-29 08:44:33.428] [upf_app] [debug] Send Heartbeat to NRF
[2026-09-29 08:44:33.428] [upf_app] [info] Send NF Update to NRF
[2026-09-29 08:44:33.428] [upf_app] [debug] Send NF Update to NRF (Msg body [{"op":"replace","path":"/nfStatus","value":"REGISTERED"}])
[2026-09-29 08:44:33.428] [upf_app] [debug] Send NF Update to NRF (NRF URL http://oai-nrf.oai-core.svc.cluster.local:80/nnrf-nfm/v1/nf-instances/23f448d9-fc64-4a49-98a4-5c7e36d915b6)
[2026-09-29 08:44:33.428] [upf_app] [debug] Send a simple HTTP request
[2026-09-29 08:44:33.431] [upf_app] [info] Got successful response from NRF
[2026-09-29 08:44:33.431] [upf_app] [debug] Set a timer to the next Heart-beat (10)
[2026-09-29 08:44:37.959] [upf_n4 ] [info] TIME-OUT event timer id 6482
[2026-09-29 08:44:37.960] [upf_n4 ] [info] TIME-OUT event timer id 6483
[2026-09-29 08:44:37.960] [upf_n4 ] [info] PFCP HEARTBEAT PROCEDURE hash 169352876 starting
[2026-09-29 08:44:37.960] [upf_n4 ] [info] handle_receive(16 bytes)
[2026-09-29 08:44:37.960] [upf_n4 ] [info] Received SX HEARTBEAT RESPONSE
[2026-09-29 08:44:42.953] [upf_n4 ] [info] handle_receive(16 bytes)
[2026-09-29 08:44:42.953] [upf_n4 ] [info] Received SX HEARTBEAT REQUEST
[2026-09-29 08:44:42.960] [upf_n4 ] [info] TIME-OUT event timer id 6487
[2026-09-29 08:44:42.960] [upf_n4 ] [info] TIME-OUT event timer id 6488
[2026-09-29 08:44:42.960] [upf_n4 ] [info] PFCP HEARTBEAT PROCEDURE hash 169352876 starting
[2026-09-29 08:44:42.960] [upf_n4 ] [info] handle_receive(16 bytes)
[2026-09-29 08:44:42.960] [upf_n4 ] [info] Received SX HEARTBEAT RESPONSE
[2026-09-29 08:44:43.431] [upf_app] [info] TIME-OUT event timer id 6484
[2026-09-29 08:44:43.431] [upf_app] [debug] Send Heartbeat to NRF
[2026-09-29 08:44:43.431] [upf_app] [info] Send NF Update to NRF
[2026-09-29 08:44:43.431] [upf_app] [debug] Send NF Update to NRF (Msg body [{"op":"replace","path":"/nfStatus","value":"REGISTERED"}])
[2026-09-29 08:44:43.431] [upf_app] [debug] Send NF Update to NRF (NRF URL http://oai-nrf.oai-core.svc.cluster.local:80/nnrf-nfm/v1/nf-instances/23f448d9-fc64-4a49-98a4-5c7e36d915b6)
[2026-09-29 08:44:43.431] [upf_app] [debug] Send a simple HTTP request
[2026-09-29 08:44:43.433] [upf_app] [info] Got successful response from NRF
[2026-09-29 08:44:43.433] [upf_app] [debug] Set a timer to the next Heart-beat (10)
[2026-09-29 08:44:47.960] [upf_n4 ] [info] TIME-OUT event timer id 6492
[2026-09-29 08:44:47.960] [upf_n4 ] [info] TIME-OUT event timer id 6493
[2026-09-29 08:44:47.960] [upf_n4 ] [info] PFCP HEARTBEAT PROCEDURE hash 169352876 starting
[2026-09-29 08:44:47.960] [upf_n4 ] [info] handle_receive(16 bytes)
[2026-09-29 08:44:47.960] [upf_n4 ] [info] Received SX HEARTBEAT RESPONSE
[2026-09-29 08:44:52.953] [upf_n4 ] [info] handle_receive(16 bytes)
[2026-09-29 08:44:52.953] [upf_n4 ] [info] Received SX HEARTBEAT REQUEST
[2026-09-29 08:44:52.960] [upf_n4 ] [info] TIME-OUT event timer id 6497
[2026-09-29 08:44:52.960] [upf_n4 ] [info] TIME-OUT event timer id 6498
[2026-09-29 08:44:52.960] [upf_n4 ] [info] PFCP HEARTBEAT PROCEDURE hash 169352876 starting
[2026-09-29 08:44:52.960] [upf_n4 ] [info] handle_receive(16 bytes)
[2026-09-29 08:44:52.960] [upf_n4 ] [info] Received SX HEARTBEAT RESPONSE
[2026-09-29 08:44:53.433] [upf_app] [info] TIME-OUT event timer id 6494
[2026-09-29 08:44:53.433] [upf_app] [debug] Send Heartbeat to NRF
[2026-09-29 08:44:53.433] [upf_app] [info] Send NF Update to NRF
[2026-09-29 08:44:53.433] [upf_app] [debug] Send NF Update to NRF (Msg body [{"op":"replace","path":"/nfStatus","value":"REGISTERED"}])
[2026-09-29 08:44:53.433] [upf_app] [debug] Send NF Update to NRF (NRF URL http://oai-nrf.oai-core.svc.cluster.local:80/nnrf-nfm/v1/nf-instances/23f448d9-fc64-4a49-98a4-5c7e36d915b6)
[2026-09-29 08:44:53.433] [upf_app] [debug] Send a simple HTTP request
[2026-09-29 08:44:53.435] [upf_app] [info] Got successful response from NRF
[2026-09-29 08:44:53.435] [upf_app] [debug] Set a timer to the next Heart-beat (10)
[2026-09-29 08:44:57.960] [upf_n4 ] [info] TIME-OUT event timer id 6502
[2026-09-29 08:44:57.960] [upf_n4 ] [info] TIME-OUT event timer id 6503
[2026-09-29 08:44:57.960] [upf_n4 ] [info] PFCP HEARTBEAT PROCEDURE hash 169352876 starting
[2026-09-29 08:44:57.960] [upf_n4 ] [info] handle_receive(16 bytes)
[2026-09-29 08:44:57.960] [upf_n4 ] [info] Received SX HEARTBEAT RESPONSE
[2026-09-29 08:45:02.954] [upf_n4 ] [info] handle_receive(16 bytes)
[2026-09-29 08:45:02.954] [upf_n4 ] [info] Received SX HEARTBEAT REQUEST
[2026-09-29 08:45:02.960] [upf_n4 ] [info] TIME-OUT event timer id 6507
[2026-09-29 08:45:02.961] [upf_n4 ] [info] TIME-OUT event timer id 6508
[2026-09-29 08:45:02.961] [upf_n4 ] [info] PFCP HEARTBEAT PROCEDURE hash 169352876 starting
[2026-09-29 08:45:02.961] [upf_n4 ] [info] handle_receive(16 bytes)
[2026-09-29 08:45:02.961] [upf_n4 ] [info] Received SX HEARTBEAT RESPONSE
[2026-09-29 08:45:03.435] [upf_app] [info] TIME-OUT event timer id 6504
[2026-09-29 08:45:03.435] [upf_app] [debug] Send Heartbeat to NRF
[2026-09-29 08:45:03.435] [upf_app] [info] Send NF Update to NRF
[2026-09-29 08:45:03.435] [upf_app] [debug] Send NF Update to NRF (Msg body [{"op":"replace","path":"/nfStatus","value":"REGISTERED"}])
[2026-09-29 08:45:03.435] [upf_app] [debug] Send NF Update to NRF (NRF URL http://oai-nrf.oai-core.svc.cluster.local:80/nnrf-nfm/v1/nf-instances/23f448d9-fc64-4a49-98a4-5c7e36d915b6)
[2026-09-29 08:45:03.435] [upf_app] [debug] Send a simple HTTP request
[2026-09-29 08:45:03.437] [upf_app] [info] Got successful response from NRF
[2026-09-29 08:45:03.438] [upf_app] [debug] Set a timer to the next Heart-beat (10)
[2026-09-29 08:45:07.961] [upf_n4 ] [info] TIME-OUT event timer id 6512
[2026-09-29 08:45:07.961] [upf_n4 ] [info] TIME-OUT event timer id 6513
[2026-09-29 08:45:07.961] [upf_n4 ] [info] PFCP HEARTBEAT PROCEDURE hash 169352876 starting
[2026-09-29 08:45:07.961] [upf_n4 ] [info] handle_receive(16 bytes)
[2026-09-29 08:45:07.961] [upf_n4 ] [info] Received SX HEARTBEAT RESPONSE
[2026-09-29 08:45:12.954] [upf_n4 ] [info] handle_receive(16 bytes)
[2026-09-29 08:45:12.954] [upf_n4 ] [info] Received SX HEARTBEAT REQUEST
[2026-09-29 08:45:12.961] [upf_n4 ] [info] TIME-OUT event timer id 6517
[2026-09-29 08:45:12.961] [upf_n4 ] [info] TIME-OUT event timer id 6518
[2026-09-29 08:45:12.961] [upf_n4 ] [info] PFCP HEARTBEAT PROCEDURE hash 169352876 starting
[2026-09-29 08:45:12.961] [upf_n4 ] [info] handle_receive(16 bytes)
[2026-09-29 08:45:12.961] [upf_n4 ] [info] Received SX HEARTBEAT RESPONSE
[2026-09-29 08:45:13.438] [upf_app] [info] TIME-OUT event timer id 6514
[2026-09-29 08:45:13.438] [upf_app] [debug] Send Heartbeat to NRF
[2026-09-29 08:45:13.438] [upf_app] [info] Send NF Update to NRF
[2026-09-29 08:45:13.438] [upf_app] [debug] Send NF Update to NRF (Msg body [{"op":"replace","path":"/nfStatus","value":"REGISTERED"}])
[2026-09-29 08:45:13.438] [upf_app] [debug] Send NF Update to NRF (NRF URL http://oai-nrf.oai-core.svc.cluster.local:80/nnrf-nfm/v1/nf-instances/23f448d9-fc64-4a49-98a4-5c7e36d915b6)
[2026-09-29 08:45:13.438] [upf_app] [debug] Send a simple HTTP request
[2026-09-29 08:45:13.440] [upf_app] [info] Got successful response from NRF
[2026-09-29 08:45:13.440] [upf_app] [debug] Set a timer to the next Heart-beat (10)
[2026-09-29 08:45:17.961] [upf_n4 ] [info] TIME-OUT event timer id 6522
[2026-09-29 08:45:17.961] [upf_n4 ] [info] TIME-OUT event timer id 6523
[2026-09-29 08:45:17.961] [upf_n4 ] [info] PFCP HEARTBEAT PROCEDURE hash 169352876 starting
[2026-09-29 08:45:17.961] [upf_n4 ] [info] handle_receive(16 bytes)
[2026-09-29 08:45:17.961] [upf_n4 ] [info] Received SX HEARTBEAT RESPONSE
[2026-09-29 08:45:22.954] [upf_n4 ] [info] handle_receive(16 bytes)
[2026-09-29 08:45:22.954] [upf_n4 ] [info] Received SX HEARTBEAT REQUEST
[2026-09-29 08:45:22.961] [upf_n4 ] [info] TIME-OUT event timer id 6527
[2026-09-29 08:45:22.961] [upf_n4 ] [info] TIME-OUT event timer id 6528
[2026-09-29 08:45:22.961] [upf_n4 ] [info] PFCP HEARTBEAT PROCEDURE hash 169352876 starting
[2026-09-29 08:45:22.961] [upf_n4 ] [info] handle_receive(16 bytes)
[2026-09-29 08:45:22.961] [upf_n4 ] [info] Received SX HEARTBEAT RESPONSE
[2026-09-29 08:45:23.440] [upf_app] [info] TIME-OUT event timer id 6524
[2026-09-29 08:45:23.440] [upf_app] [debug] Send Heartbeat to NRF
[2026-09-29 08:45:23.440] [upf_app] [info] Send NF Update to NRF
[2026-09-29 08:45:23.440] [upf_app] [debug] Send NF Update to NRF (Msg body [{"op":"replace","path":"/nfStatus","value":"REGISTERED"}])
[2026-09-29 08:45:23.440] [upf_app] [debug] Send NF Update to NRF (NRF URL http://oai-nrf.oai-core.svc.cluster.local:80/nnrf-nfm/v1/nf-instances/23f448d9-fc64-4a49-98a4-5c7e36d915b6)
[2026-09-29 08:45:23.440] [upf_app] [debug] Send a simple HTTP request
[2026-09-29 08:45:23.442] [upf_app] [info] Got successful response from NRF
[2026-09-29 08:45:23.442] [upf_app] [debug] Set a timer to the next Heart-beat (10)
[2026-09-29 08:45:27.961] [upf_n4 ] [info] TIME-OUT event timer id 6532
[2026-09-29 08:45:27.961] [upf_n4 ] [info] TIME-OUT event timer id 6533
[2026-09-29 08:45:27.961] [upf_n4 ] [info] PFCP HEARTBEAT PROCEDURE hash 169352876 starting
[2026-09-29 08:45:27.962] [upf_n4 ] [info] handle_receive(16 bytes)
[2026-09-29 08:45:27.962] [upf_n4 ] [info] Received SX HEARTBEAT RESPONSE
[2026-09-29 08:45:32.955] [upf_n4 ] [info] handle_receive(16 bytes)
[2026-09-29 08:45:32.955] [upf_n4 ] [info] Received SX HEARTBEAT REQUEST
[2026-09-29 08:45:32.961] [upf_n4 ] [info] TIME-OUT event timer id 6537
[2026-09-29 08:45:32.962] [upf_n4 ] [info] TIME-OUT event timer id 6538
[2026-09-29 08:45:32.962] [upf_n4 ] [info] PFCP HEARTBEAT PROCEDURE hash 169352876 starting
[2026-09-29 08:45:32.962] [upf_n4 ] [info] handle_receive(16 bytes)
[2026-09-29 08:45:32.962] [upf_n4 ] [info] Received SX HEARTBEAT RESPONSE
[2026-09-29 08:45:33.442] [upf_app] [info] TIME-OUT event timer id 6534
[2026-09-29 08:45:33.442] [upf_app] [debug] Send Heartbeat to NRF
[2026-09-29 08:45:33.442] [upf_app] [info] Send NF Update to NRF
[2026-09-29 08:45:33.442] [upf_app] [debug] Send NF Update to NRF (Msg body [{"op":"replace","path":"/nfStatus","value":"REGISTERED"}])
[2026-09-29 08:45:33.442] [upf_app] [debug] Send NF Update to NRF (NRF URL http://oai-nrf.oai-core.svc.cluster.local:80/nnrf-nfm/v1/nf-instances/23f448d9-fc64-4a49-98a4-5c7e36d915b6)
[2026-09-29 08:45:33.442] [upf_app] [debug] Send a simple HTTP request
[2026-09-29 08:45:33.444] [upf_app] [info] Got successful response from NRF
[2026-09-29 08:45:33.444] [upf_app] [debug] Set a timer to the next Heart-beat (10)
[2026-09-29 08:45:37.962] [upf_n4 ] [info] TIME-OUT event timer id 6542
[2026-09-29 08:45:37.962] [upf_n4 ] [info] TIME-OUT event timer id 6543
[2026-09-29 08:45:37.962] [upf_n4 ] [info] PFCP HEARTBEAT PROCEDURE hash 169352876 starting
[2026-09-29 08:45:37.962] [upf_n4 ] [info] handle_receive(16 bytes)
[2026-09-29 08:45:37.962] [upf_n4 ] [info] Received SX HEARTBEAT RESPONSE
[2026-09-29 08:45:42.955] [upf_n4 ] [info] handle_receive(16 bytes)
[2026-09-29 08:45:42.955] [upf_n4 ] [info] Received SX HEARTBEAT REQUEST
[2026-09-29 08:45:42.962] [upf_n4 ] [info] TIME-OUT event timer id 6547
[2026-09-29 08:45:42.962] [upf_n4 ] [info] TIME-OUT event timer id 6548
[2026-09-29 08:45:42.962] [upf_n4 ] [info] PFCP HEARTBEAT PROCEDURE hash 169352876 starting
[2026-09-29 08:45:42.962] [upf_n4 ] [info] handle_receive(16 bytes)
[2026-09-29 08:45:42.962] [upf_n4 ] [info] Received SX HEARTBEAT RESPONSE
[2026-09-29 08:45:43.444] [upf_app] [info] TIME-OUT event timer id 6544
[2026-09-29 08:45:43.445] [upf_app] [debug] Send Heartbeat to NRF
[2026-09-29 08:45:43.445] [upf_app] [info] Send NF Update to NRF
[2026-09-29 08:45:43.445] [upf_app] [debug] Send NF Update to NRF (Msg body [{"op":"replace","path":"/nfStatus","value":"REGISTERED"}])
[2026-09-29 08:45:43.445] [upf_app] [debug] Send NF Update to NRF (NRF URL http://oai-nrf.oai-core.svc.cluster.local:80/nnrf-nfm/v1/nf-instances/23f448d9-fc64-4a49-98a4-5c7e36d915b6)
[2026-09-29 08:45:43.445] [upf_app] [debug] Send a simple HTTP request
[2026-09-29 08:45:43.447] [upf_app] [info] Got successful response from NRF
[2026-09-29 08:45:43.447] [upf_app] [debug] Set a timer to the next Heart-beat (10)
[2026-09-29 08:45:47.962] [upf_n4 ] [info] TIME-OUT event timer id 6552
[2026-09-29 08:45:47.962] [upf_n4 ] [info] TIME-OUT event timer id 6553
[2026-09-29 08:45:47.962] [upf_n4 ] [info] PFCP HEARTBEAT PROCEDURE hash 169352876 starting
[2026-09-29 08:45:47.962] [upf_n4 ] [info] handle_receive(16 bytes)
[2026-09-29 08:45:47.962] [upf_n4 ] [info] Received SX HEARTBEAT RESPONSE
[2026-09-29 08:45:52.955] [upf_n4 ] [info] handle_receive(16 bytes)
[2026-09-29 08:45:52.955] [upf_n4 ] [info] Received SX HEARTBEAT REQUEST
[2026-09-29 08:45:52.962] [upf_n4 ] [info] TIME-OUT event timer id 6557
[2026-09-29 08:45:52.962] [upf_n4 ] [info] TIME-OUT event timer id 6558
[2026-09-29 08:45:52.962] [upf_n4 ] [info] PFCP HEARTBEAT PROCEDURE hash 169352876 starting
[2026-09-29 08:45:52.962] [upf_n4 ] [info] handle_receive(16 bytes)
[2026-09-29 08:45:52.962] [upf_n4 ] [info] Received SX HEARTBEAT RESPONSE
[2026-09-29 08:45:53.447] [upf_app] [info] TIME-OUT event timer id 6554
[2026-09-29 08:45:53.447] [upf_app] [debug] Send Heartbeat to NRF
[2026-09-29 08:45:53.447] [upf_app] [info] Send NF Update to NRF
[2026-09-29 08:45:53.447] [upf_app] [debug] Send NF Update to NRF (Msg body [{"op":"replace","path":"/nfStatus","value":"REGISTERED"}])
[2026-09-29 08:45:53.447] [upf_app] [debug] Send NF Update to NRF (NRF URL http://oai-nrf.oai-core.svc.cluster.local:80/nnrf-nfm/v1/nf-instances/23f448d9-fc64-4a49-98a4-5c7e36d915b6)
[2026-09-29 08:45:53.447] [upf_app] [debug] Send a simple HTTP request
[2026-09-29 08:45:53.449] [upf_app] [info] Got successful response from NRF
[2026-09-29 08:45:53.449] [upf_app] [debug] Set a timer to the next Heart-beat (10)
[2026-09-29 08:45:57.962] [upf_n4 ] [info] TIME-OUT event timer id 6562
[2026-09-29 08:45:57.962] [upf_n4 ] [info] TIME-OUT event timer id 6563
[2026-09-29 08:45:57.962] [upf_n4 ] [info] PFCP HEARTBEAT PROCEDURE hash 169352876 starting
[2026-09-29 08:45:57.963] [upf_n4 ] [info] handle_receive(16 bytes)
[2026-09-29 08:45:57.963] [upf_n4 ] [info] Received SX HEARTBEAT RESPONSE
[2026-09-29 08:46:02.956] [upf_n4 ] [info] handle_receive(16 bytes)
[2026-09-29 08:46:02.956] [upf_n4 ] [info] Received SX HEARTBEAT REQUEST
[2026-09-29 08:46:02.962] [upf_n4 ] [info] TIME-OUT event timer id 6567
[2026-09-29 08:46:02.963] [upf_n4 ] [info] TIME-OUT event timer id 6568
[2026-09-29 08:46:02.963] [upf_n4 ] [info] PFCP HEARTBEAT PROCEDURE hash 169352876 starting
[2026-09-29 08:46:02.963] [upf_n4 ] [info] handle_receive(16 bytes)
[2026-09-29 08:46:02.963] [upf_n4 ] [info] Received SX HEARTBEAT RESPONSE
[2026-09-29 08:46:03.449] [upf_app] [info] TIME-OUT event timer id 6564
[2026-09-29 08:46:03.449] [upf_app] [debug] Send Heartbeat to NRF
[2026-09-29 08:46:03.449] [upf_app] [info] Send NF Update to NRF
[2026-09-29 08:46:03.449] [upf_app] [debug] Send NF Update to NRF (Msg body [{"op":"replace","path":"/nfStatus","value":"REGISTERED"}])
[2026-09-29 08:46:03.449] [upf_app] [debug] Send NF Update to NRF (NRF URL http://oai-nrf.oai-core.svc.cluster.local:80/nnrf-nfm/v1/nf-instances/23f448d9-fc64-4a49-98a4-5c7e36d915b6)
[2026-09-29 08:46:03.449] [upf_app] [debug] Send a simple HTTP request
[2026-09-29 08:46:03.451] [upf_app] [info] Got successful response from NRF
[2026-09-29 08:46:03.451] [upf_app] [debug] Set a timer to the next Heart-beat (10)
[2026-09-29 08:46:07.963] [upf_n4 ] [info] TIME-OUT event timer id 6572
[2026-09-29 08:46:07.963] [upf_n4 ] [info] TIME-OUT event timer id 6573
[2026-09-29 08:46:07.963] [upf_n4 ] [info] PFCP HEARTBEAT PROCEDURE hash 169352876 starting
[2026-09-29 08:46:07.963] [upf_n4 ] [info] handle_receive(16 bytes)
[2026-09-29 08:46:07.963] [upf_n4 ] [info] Received SX HEARTBEAT RESPONSE
[2026-09-29 08:46:12.956] [upf_n4 ] [info] handle_receive(16 bytes)
[2026-09-29 08:46:12.956] [upf_n4 ] [info] Received SX HEARTBEAT REQUEST
[2026-09-29 08:46:12.963] [upf_n4 ] [info] TIME-OUT event timer id 6577
[2026-09-29 08:46:12.963] [upf_n4 ] [info] TIME-OUT event timer id 6578
[2026-09-29 08:46:12.963] [upf_n4 ] [info] PFCP HEARTBEAT PROCEDURE hash 169352876 starting
[2026-09-29 08:46:12.963] [upf_n4 ] [info] handle_receive(16 bytes)
[2026-09-29 08:46:12.963] [upf_n4 ] [info] Received SX HEARTBEAT RESPONSE
[2026-09-29 08:46:13.451] [upf_app] [info] TIME-OUT event timer id 6574
[2026-09-29 08:46:13.451] [upf_app] [debug] Send Heartbeat to NRF
[2026-09-29 08:46:13.451] [upf_app] [info] Send NF Update to NRF
[2026-09-29 08:46:13.451] [upf_app] [debug] Send NF Update to NRF (Msg body [{"op":"replace","path":"/nfStatus","value":"REGISTERED"}])
[2026-09-29 08:46:13.451] [upf_app] [debug] Send NF Update to NRF (NRF URL http://oai-nrf.oai-core.svc.cluster.local:80/nnrf-nfm/v1/nf-instances/23f448d9-fc64-4a49-98a4-5c7e36d915b6)
[2026-09-29 08:46:13.451] [upf_app] [debug] Send a simple HTTP request
[2026-09-29 08:46:13.453] [upf_app] [info] Got successful response from NRF
[2026-09-29 08:46:13.453] [upf_app] [debug] Set a timer to the next Heart-beat (10)
[2026-09-29 08:46:17.963] [upf_n4 ] [info] TIME-OUT event timer id 6582
[2026-09-29 08:46:17.963] [upf_n4 ] [info] TIME-OUT event timer id 6583
[2026-09-29 08:46:17.963] [upf_n4 ] [info] PFCP HEARTBEAT PROCEDURE hash 169352876 starting
[2026-09-29 08:46:17.963] [upf_n4 ] [info] handle_receive(16 bytes)
[2026-09-29 08:46:17.963] [upf_n4 ] [info] Received SX HEARTBEAT RESPONSE
[2026-09-29 08:46:22.956] [upf_n4 ] [info] handle_receive(16 bytes)
[2026-09-29 08:46:22.956] [upf_n4 ] [info] Received SX HEARTBEAT REQUEST
[2026-09-29 08:46:22.963] [upf_n4 ] [info] TIME-OUT event timer id 6587
[2026-09-29 08:46:22.963] [upf_n4 ] [info] TIME-OUT event timer id 6588
[2026-09-29 08:46:22.963] [upf_n4 ] [info] PFCP HEARTBEAT PROCEDURE hash 169352876 starting
[2026-09-29 08:46:22.963] [upf_n4 ] [info] handle_receive(16 bytes)
[2026-09-29 08:46:22.963] [upf_n4 ] [info] Received SX HEARTBEAT RESPONSE
[2026-09-29 08:46:23.453] [upf_app] [info] TIME-OUT event timer id 6584
[2026-09-29 08:46:23.453] [upf_app] [debug] Send Heartbeat to NRF
[2026-09-29 08:46:23.453] [upf_app] [info] Send NF Update to NRF
[2026-09-29 08:46:23.453] [upf_app] [debug] Send NF Update to NRF (Msg body [{"op":"replace","path":"/nfStatus","value":"REGISTERED"}])
[2026-09-29 08:46:23.453] [upf_app] [debug] Send NF Update to NRF (NRF URL http://oai-nrf.oai-core.svc.cluster.local:80/nnrf-nfm/v1/nf-instances/23f448d9-fc64-4a49-98a4-5c7e36d915b6)
[2026-09-29 08:46:23.453] [upf_app] [debug] Send a simple HTTP request
[2026-09-29 08:46:23.455] [upf_app] [info] Got successful response from NRF
[2026-09-29 08:46:23.455] [upf_app] [debug] Set a timer to the next Heart-beat (10)
[2026-09-29 08:46:27.963] [upf_n4 ] [info] TIME-OUT event timer id 6592
[2026-09-29 08:46:27.963] [upf_n4 ] [info] TIME-OUT event timer id 6593
[2026-09-29 08:46:27.963] [upf_n4 ] [info] PFCP HEARTBEAT PROCEDURE hash 169352876 starting
[2026-09-29 08:46:27.964] [upf_n4 ] [info] handle_receive(16 bytes)
[2026-09-29 08:46:27.964] [upf_n4 ] [info] Received SX HEARTBEAT RESPONSE
[2026-09-29 08:46:32.957] [upf_n4 ] [info] handle_receive(16 bytes)
[2026-09-29 08:46:32.957] [upf_n4 ] [info] Received SX HEARTBEAT REQUEST
[2026-09-29 08:46:32.964] [upf_n4 ] [info] TIME-OUT event timer id 6597
[2026-09-29 08:46:32.964] [upf_n4 ] [info] TIME-OUT event timer id 6598
[2026-09-29 08:46:32.964] [upf_n4 ] [info] PFCP HEARTBEAT PROCEDURE hash 169352876 starting
[2026-09-29 08:46:32.964] [upf_n4 ] [info] handle_receive(16 bytes)
[2026-09-29 08:46:32.964] [upf_n4 ] [info] Received SX HEARTBEAT RESPONSE
[2026-09-29 08:46:33.455] [upf_app] [info] TIME-OUT event timer id 6594
[2026-09-29 08:46:33.455] [upf_app] [debug] Send Heartbeat to NRF
[2026-09-29 08:46:33.455] [upf_app] [info] Send NF Update to NRF
[2026-09-29 08:46:33.455] [upf_app] [debug] Send NF Update to NRF (Msg body [{"op":"replace","path":"/nfStatus","value":"REGISTERED"}])
[2026-09-29 08:46:33.455] [upf_app] [debug] Send NF Update to NRF (NRF URL http://oai-nrf.oai-core.svc.cluster.local:80/nnrf-nfm/v1/nf-instances/23f448d9-fc64-4a49-98a4-5c7e36d915b6)
[2026-09-29 08:46:33.455] [upf_app] [debug] Send a simple HTTP request
[2026-09-29 08:46:33.457] [upf_app] [info] Got successful response from NRF
[2026-09-29 08:46:33.457] [upf_app] [debug] Set a timer to the next Heart-beat (10)
[2026-09-29 08:46:37.964] [upf_n4 ] [info] TIME-OUT event timer id 6602
[2026-09-29 08:46:37.964] [upf_n4 ] [info] TIME-OUT event timer id 6603
[2026-09-29 08:46:37.964] [upf_n4 ] [info] PFCP HEARTBEAT PROCEDURE hash 169352876 starting
[2026-09-29 08:46:37.964] [upf_n4 ] [info] handle_receive(16 bytes)
[2026-09-29 08:46:37.964] [upf_n4 ] [info] Received SX HEARTBEAT RESPONSE
[2026-09-29 08:46:42.957] [upf_n4 ] [info] handle_receive(16 bytes)
[2026-09-29 08:46:42.957] [upf_n4 ] [info] Received SX HEARTBEAT REQUEST
[2026-09-29 08:46:42.964] [upf_n4 ] [info] TIME-OUT event timer id 6607
[2026-09-29 08:46:42.964] [upf_n4 ] [info] TIME-OUT event timer id 6608
[2026-09-29 08:46:42.964] [upf_n4 ] [info] PFCP HEARTBEAT PROCEDURE hash 169352876 starting
[2026-09-29 08:46:42.964] [upf_n4 ] [info] handle_receive(16 bytes)
[2026-09-29 08:46:42.964] [upf_n4 ] [info] Received SX HEARTBEAT RESPONSE
[2026-09-29 08:46:43.457] [upf_app] [info] TIME-OUT event timer id 6604
[2026-09-29 08:46:43.458] [upf_app] [debug] Send Heartbeat to NRF
[2026-09-29 08:46:43.458] [upf_app] [info] Send NF Update to NRF
[2026-09-29 08:46:43.458] [upf_app] [debug] Send NF Update to NRF (Msg body [{"op":"replace","path":"/nfStatus","value":"REGISTERED"}])
[2026-09-29 08:46:43.458] [upf_app] [debug] Send NF Update to NRF (NRF URL http://oai-nrf.oai-core.svc.cluster.local:80/nnrf-nfm/v1/nf-instances/23f448d9-fc64-4a49-98a4-5c7e36d915b6)
[2026-09-29 08:46:43.458] [upf_app] [debug] Send a simple HTTP request
[2026-09-29 08:46:43.460] [upf_app] [info] Got successful response from NRF
[2026-09-29 08:46:43.460] [upf_app] [debug] Set a timer to the next Heart-beat (10)
[2026-09-29 08:46:47.964] [upf_n4 ] [info] TIME-OUT event timer id 6612
[2026-09-29 08:46:47.964] [upf_n4 ] [info] TIME-OUT event timer id 6613
[2026-09-29 08:46:47.964] [upf_n4 ] [info] PFCP HEARTBEAT PROCEDURE hash 169352876 starting
[2026-09-29 08:46:47.964] [upf_n4 ] [info] handle_receive(16 bytes)
[2026-09-29 08:46:47.964] [upf_n4 ] [info] Received SX HEARTBEAT RESPONSE
[2026-09-29 08:46:52.957] [upf_n4 ] [info] handle_receive(16 bytes)
[2026-09-29 08:46:52.957] [upf_n4 ] [info] Received SX HEARTBEAT REQUEST
[2026-09-29 08:46:52.964] [upf_n4 ] [info] TIME-OUT event timer id 6617
[2026-09-29 08:46:52.964] [upf_n4 ] [info] TIME-OUT event timer id 6618
[2026-09-29 08:46:52.964] [upf_n4 ] [info] PFCP HEARTBEAT PROCEDURE hash 169352876 starting
[2026-09-29 08:46:52.964] [upf_n4 ] [info] handle_receive(16 bytes)
[2026-09-29 08:46:52.964] [upf_n4 ] [info] Received SX HEARTBEAT RESPONSE
[2026-09-29 08:46:53.460] [upf_app] [info] TIME-OUT event timer id 6614
[2026-09-29 08:46:53.460] [upf_app] [debug] Send Heartbeat to NRF
[2026-09-29 08:46:53.460] [upf_app] [info] Send NF Update to NRF
[2026-09-29 08:46:53.460] [upf_app] [debug] Send NF Update to NRF (Msg body [{"op":"replace","path":"/nfStatus","value":"REGISTERED"}])
[2026-09-29 08:46:53.460] [upf_app] [debug] Send NF Update to NRF (NRF URL http://oai-nrf.oai-core.svc.cluster.local:80/nnrf-nfm/v1/nf-instances/23f448d9-fc64-4a49-98a4-5c7e36d915b6)
[2026-09-29 08:46:53.460] [upf_app] [debug] Send a simple HTTP request
[2026-09-29 08:46:53.462] [upf_app] [info] Got successful response from NRF
[2026-09-29 08:46:53.462] [upf_app] [debug] Set a timer to the next Heart-beat (10)
[2026-09-29 08:46:57.964] [upf_n4 ] [info] TIME-OUT event timer id 6622
[2026-09-29 08:46:57.964] [upf_n4 ] [info] TIME-OUT event timer id 6623
[2026-09-29 08:46:57.964] [upf_n4 ] [info] PFCP HEARTBEAT PROCEDURE hash 169352876 starting
[2026-09-29 08:46:57.965] [upf_n4 ] [info] handle_receive(16 bytes)
[2026-09-29 08:46:57.965] [upf_n4 ] [info] Received SX HEARTBEAT RESPONSE
[2026-09-29 08:47:02.958] [upf_n4 ] [info] handle_receive(16 bytes)
[2026-09-29 08:47:02.958] [upf_n4 ] [info] Received SX HEARTBEAT REQUEST
[2026-09-29 08:47:02.964] [upf_n4 ] [info] TIME-OUT event timer id 6627
[2026-09-29 08:47:02.965] [upf_n4 ] [info] TIME-OUT event timer id 6628
[2026-09-29 08:47:02.965] [upf_n4 ] [info] PFCP HEARTBEAT PROCEDURE hash 169352876 starting
[2026-09-29 08:47:02.965] [upf_n4 ] [info] handle_receive(16 bytes)
[2026-09-29 08:47:02.965] [upf_n4 ] [info] Received SX HEARTBEAT RESPONSE
[2026-09-29 08:47:03.462] [upf_app] [info] TIME-OUT event timer id 6624
[2026-09-29 08:47:03.462] [upf_app] [debug] Send Heartbeat to NRF
[2026-09-29 08:47:03.462] [upf_app] [info] Send NF Update to NRF
[2026-09-29 08:47:03.462] [upf_app] [debug] Send NF Update to NRF (Msg body [{"op":"replace","path":"/nfStatus","value":"REGISTERED"}])
[2026-09-29 08:47:03.462] [upf_app] [debug] Send NF Update to NRF (NRF URL http://oai-nrf.oai-core.svc.cluster.local:80/nnrf-nfm/v1/nf-instances/23f448d9-fc64-4a49-98a4-5c7e36d915b6)
[2026-09-29 08:47:03.462] [upf_app] [debug] Send a simple HTTP request
[2026-09-29 08:47:03.464] [upf_app] [info] Got successful response from NRF
[2026-09-29 08:47:03.464] [upf_app] [debug] Set a timer to the next Heart-beat (10)
[2026-09-29 08:47:07.965] [upf_n4 ] [info] TIME-OUT event timer id 6632
[2026-09-29 08:47:07.965] [upf_n4 ] [info] TIME-OUT event timer id 6633
[2026-09-29 08:47:07.965] [upf_n4 ] [info] PFCP HEARTBEAT PROCEDURE hash 169352876 starting
[2026-09-29 08:47:07.965] [upf_n4 ] [info] handle_receive(16 bytes)
[2026-09-29 08:47:07.965] [upf_n4 ] [info] Received SX HEARTBEAT RESPONSE
[2026-09-29 08:47:12.958] [upf_n4 ] [info] handle_receive(16 bytes)
[2026-09-29 08:47:12.958] [upf_n4 ] [info] Received SX HEARTBEAT REQUEST
[2026-09-29 08:47:12.965] [upf_n4 ] [info] TIME-OUT event timer id 6637
[2026-09-29 08:47:12.965] [upf_n4 ] [info] TIME-OUT event timer id 6638
[2026-09-29 08:47:12.965] [upf_n4 ] [info] PFCP HEARTBEAT PROCEDURE hash 169352876 starting
[2026-09-29 08:47:12.965] [upf_n4 ] [info] handle_receive(16 bytes)
[2026-09-29 08:47:12.965] [upf_n4 ] [info] Received SX HEARTBEAT RESPONSE
[2026-09-29 08:47:13.464] [upf_app] [info] TIME-OUT event timer id 6634
[2026-09-29 08:47:13.464] [upf_app] [debug] Send Heartbeat to NRF
[2026-09-29 08:47:13.464] [upf_app] [info] Send NF Update to NRF
[2026-09-29 08:47:13.464] [upf_app] [debug] Send NF Update to NRF (Msg body [{"op":"replace","path":"/nfStatus","value":"REGISTERED"}])
[2026-09-29 08:47:13.464] [upf_app] [debug] Send NF Update to NRF (NRF URL http://oai-nrf.oai-core.svc.cluster.local:80/nnrf-nfm/v1/nf-instances/23f448d9-fc64-4a49-98a4-5c7e36d915b6)
[2026-09-29 08:47:13.464] [upf_app] [debug] Send a simple HTTP request
[2026-09-29 08:47:13.466] [upf_app] [info] Got successful response from NRF
[2026-09-29 08:47:13.466] [upf_app] [debug] Set a timer to the next Heart-beat (10)
[2026-09-29 08:47:17.965] [upf_n4 ] [info] TIME-OUT event timer id 6642
[2026-09-29 08:47:17.965] [upf_n4 ] [info] TIME-OUT event timer id 6643
[2026-09-29 08:47:17.965] [upf_n4 ] [info] PFCP HEARTBEAT PROCEDURE hash 169352876 starting
[2026-09-29 08:47:17.965] [upf_n4 ] [info] handle_receive(16 bytes)
[2026-09-29 08:47:17.965] [upf_n4 ] [info] Received SX HEARTBEAT RESPONSE
[2026-09-29 08:47:22.958] [upf_n4 ] [info] handle_receive(16 bytes)
[2026-09-29 08:47:22.958] [upf_n4 ] [info] Received SX HEARTBEAT REQUEST
[2026-09-29 08:47:22.965] [upf_n4 ] [info] TIME-OUT event timer id 6647
[2026-09-29 08:47:22.965] [upf_n4 ] [info] TIME-OUT event timer id 6648
[2026-09-29 08:47:22.965] [upf_n4 ] [info] PFCP HEARTBEAT PROCEDURE hash 169352876 starting
[2026-09-29 08:47:22.965] [upf_n4 ] [info] handle_receive(16 bytes)
[2026-09-29 08:47:22.965] [upf_n4 ] [info] Received SX HEARTBEAT RESPONSE
[2026-09-29 08:47:23.466] [upf_app] [info] TIME-OUT event timer id 6644
[2026-09-29 08:47:23.466] [upf_app] [debug] Send Heartbeat to NRF
[2026-09-29 08:47:23.466] [upf_app] [info] Send NF Update to NRF
[2026-09-29 08:47:23.466] [upf_app] [debug] Send NF Update to NRF (Msg body [{"op":"replace","path":"/nfStatus","value":"REGISTERED"}])
[2026-09-29 08:47:23.466] [upf_app] [debug] Send NF Update to NRF (NRF URL http://oai-nrf.oai-core.svc.cluster.local:80/nnrf-nfm/v1/nf-instances/23f448d9-fc64-4a49-98a4-5c7e36d915b6)
[2026-09-29 08:47:23.466] [upf_app] [debug] Send a simple HTTP request
[2026-09-29 08:47:23.468] [upf_app] [info] Got successful response from NRF
[2026-09-29 08:47:23.468] [upf_app] [debug] Set a timer to the next Heart-beat (10)
[2026-09-29 08:47:27.965] [upf_n4 ] [info] TIME-OUT event timer id 6652
[2026-09-29 08:47:27.965] [upf_n4 ] [info] TIME-OUT event timer id 6653
[2026-09-29 08:47:27.965] [upf_n4 ] [info] PFCP HEARTBEAT PROCEDURE hash 169352876 starting
[2026-09-29 08:47:27.965] [upf_n4 ] [info] handle_receive(16 bytes)
[2026-09-29 08:47:27.965] [upf_n4 ] [info] Received SX HEARTBEAT RESPONSE
[2026-09-29 08:47:32.959] [upf_n4 ] [info] handle_receive(16 bytes)
[2026-09-29 08:47:32.959] [upf_n4 ] [info] Received SX HEARTBEAT REQUEST
[2026-09-29 08:47:32.965] [upf_n4 ] [info] TIME-OUT event timer id 6657
[2026-09-29 08:47:32.965] [upf_n4 ] [info] TIME-OUT event timer id 6658
[2026-09-29 08:47:32.965] [upf_n4 ] [info] PFCP HEARTBEAT PROCEDURE hash 169352876 starting
[2026-09-29 08:47:32.966] [upf_n4 ] [info] handle_receive(16 bytes)
[2026-09-29 08:47:32.966] [upf_n4 ] [info] Received SX HEARTBEAT RESPONSE
[2026-09-29 08:47:33.468] [upf_app] [info] TIME-OUT event timer id 6654
[2026-09-29 08:47:33.468] [upf_app] [debug] Send Heartbeat to NRF
[2026-09-29 08:47:33.468] [upf_app] [info] Send NF Update to NRF
[2026-09-29 08:47:33.468] [upf_app] [debug] Send NF Update to NRF (Msg body [{"op":"replace","path":"/nfStatus","value":"REGISTERED"}])
[2026-09-29 08:47:33.468] [upf_app] [debug] Send NF Update to NRF (NRF URL http://oai-nrf.oai-core.svc.cluster.local:80/nnrf-nfm/v1/nf-instances/23f448d9-fc64-4a49-98a4-5c7e36d915b6)
[2026-09-29 08:47:33.468] [upf_app] [debug] Send a simple HTTP request
[2026-09-29 08:47:33.470] [upf_app] [info] Got successful response from NRF
[2026-09-29 08:47:33.470] [upf_app] [debug] Set a timer to the next Heart-beat (10)
[2026-09-29 08:47:37.966] [upf_n4 ] [info] TIME-OUT event timer id 6662
[2026-09-29 08:47:37.966] [upf_n4 ] [info] TIME-OUT event timer id 6663
[2026-09-29 08:47:37.966] [upf_n4 ] [info] PFCP HEARTBEAT PROCEDURE hash 169352876 starting
[2026-09-29 08:47:37.966] [upf_n4 ] [info] handle_receive(16 bytes)
[2026-09-29 08:47:37.966] [upf_n4 ] [info] Received SX HEARTBEAT RESPONSE
[2026-09-29 08:47:42.959] [upf_n4 ] [info] handle_receive(16 bytes)
[2026-09-29 08:47:42.959] [upf_n4 ] [info] Received SX HEARTBEAT REQUEST
[2026-09-29 08:47:42.966] [upf_n4 ] [info] TIME-OUT event timer id 6667
[2026-09-29 08:47:42.966] [upf_n4 ] [info] TIME-OUT event timer id 6668
[2026-09-29 08:47:42.966] [upf_n4 ] [info] PFCP HEARTBEAT PROCEDURE hash 169352876 starting
[2026-09-29 08:47:42.966] [upf_n4 ] [info] handle_receive(16 bytes)
[2026-09-29 08:47:42.966] [upf_n4 ] [info] Received SX HEARTBEAT RESPONSE
[2026-09-29 08:47:43.470] [upf_app] [info] TIME-OUT event timer id 6664
[2026-09-29 08:47:43.470] [upf_app] [debug] Send Heartbeat to NRF
[2026-09-29 08:47:43.470] [upf_app] [info] Send NF Update to NRF
[2026-09-29 08:47:43.470] [upf_app] [debug] Send NF Update to NRF (Msg body [{"op":"replace","path":"/nfStatus","value":"REGISTERED"}])
[2026-09-29 08:47:43.470] [upf_app] [debug] Send NF Update to NRF (NRF URL http://oai-nrf.oai-core.svc.cluster.local:80/nnrf-nfm/v1/nf-instances/23f448d9-fc64-4a49-98a4-5c7e36d915b6)
[2026-09-29 08:47:43.470] [upf_app] [debug] Send a simple HTTP request
[2026-09-29 08:47:43.472] [upf_app] [info] Got successful response from NRF
[2026-09-29 08:47:43.472] [upf_app] [debug] Set a timer to the next Heart-beat (10)
[2026-09-29 08:47:47.966] [upf_n4 ] [info] TIME-OUT event timer id 6672
[2026-09-29 08:47:47.966] [upf_n4 ] [info] TIME-OUT event timer id 6673
[2026-09-29 08:47:47.966] [upf_n4 ] [info] PFCP HEARTBEAT PROCEDURE hash 169352876 starting
[2026-09-29 08:47:47.966] [upf_n4 ] [info] handle_receive(16 bytes)
[2026-09-29 08:47:47.966] [upf_n4 ] [info] Received SX HEARTBEAT RESPONSE
[2026-09-29 08:47:52.960] [upf_n4 ] [info] handle_receive(16 bytes)
[2026-09-29 08:47:52.960] [upf_n4 ] [info] Received SX HEARTBEAT REQUEST
[2026-09-29 08:47:52.966] [upf_n4 ] [info] TIME-OUT event timer id 6677
[2026-09-29 08:47:52.966] [upf_n4 ] [info] TIME-OUT event timer id 6678
[2026-09-29 08:47:52.966] [upf_n4 ] [info] PFCP HEARTBEAT PROCEDURE hash 169352876 starting
[2026-09-29 08:47:52.966] [upf_n4 ] [info] handle_receive(16 bytes)
[2026-09-29 08:47:52.966] [upf_n4 ] [info] Received SX HEARTBEAT RESPONSE
[2026-09-29 08:47:53.472] [upf_app] [info] TIME-OUT event timer id 6674
[2026-09-29 08:47:53.472] [upf_app] [debug] Send Heartbeat to NRF
[2026-09-29 08:47:53.472] [upf_app] [info] Send NF Update to NRF
[2026-09-29 08:47:53.472] [upf_app] [debug] Send NF Update to NRF (Msg body [{"op":"replace","path":"/nfStatus","value":"REGISTERED"}])
[2026-09-29 08:47:53.472] [upf_app] [debug] Send NF Update to NRF (NRF URL http://oai-nrf.oai-core.svc.cluster.local:80/nnrf-nfm/v1/nf-instances/23f448d9-fc64-4a49-98a4-5c7e36d915b6)
[2026-09-29 08:47:53.472] [upf_app] [debug] Send a simple HTTP request
[2026-09-29 08:47:53.474] [upf_app] [info] Got successful response from NRF
[2026-09-29 08:47:53.474] [upf_app] [debug] Set a timer to the next Heart-beat (10)
[2026-09-29 08:47:57.966] [upf_n4 ] [info] TIME-OUT event timer id 6682
[2026-09-29 08:47:57.966] [upf_n4 ] [info] TIME-OUT event timer id 6683
[2026-09-29 08:47:57.966] [upf_n4 ] [info] PFCP HEARTBEAT PROCEDURE hash 169352876 starting
[2026-09-29 08:47:57.967] [upf_n4 ] [info] handle_receive(16 bytes)
[2026-09-29 08:47:57.967] [upf_n4 ] [info] Received SX HEARTBEAT RESPONSE
[2026-09-29 08:48:02.960] [upf_n4 ] [info] handle_receive(16 bytes)
[2026-09-29 08:48:02.961] [upf_n4 ] [info] Received SX HEARTBEAT REQUEST
[2026-09-29 08:48:02.966] [upf_n4 ] [info] TIME-OUT event timer id 6687
[2026-09-29 08:48:02.967] [upf_n4 ] [info] TIME-OUT event timer id 6688
[2026-09-29 08:48:02.967] [upf_n4 ] [info] PFCP HEARTBEAT PROCEDURE hash 169352876 starting
[2026-09-29 08:48:02.967] [upf_n4 ] [info] handle_receive(16 bytes)
[2026-09-29 08:48:02.967] [upf_n4 ] [info] Received SX HEARTBEAT RESPONSE
[2026-09-29 08:48:03.474] [upf_app] [info] TIME-OUT event timer id 6684
[2026-09-29 08:48:03.474] [upf_app] [debug] Send Heartbeat to NRF
[2026-09-29 08:48:03.474] [upf_app] [info] Send NF Update to NRF
[2026-09-29 08:48:03.474] [upf_app] [debug] Send NF Update to NRF (Msg body [{"op":"replace","path":"/nfStatus","value":"REGISTERED"}])
[2026-09-29 08:48:03.474] [upf_app] [debug] Send NF Update to NRF (NRF URL http://oai-nrf.oai-core.svc.cluster.local:80/nnrf-nfm/v1/nf-instances/23f448d9-fc64-4a49-98a4-5c7e36d915b6)
[2026-09-29 08:48:03.474] [upf_app] [debug] Send a simple HTTP request
[2026-09-29 08:48:03.476] [upf_app] [info] Got successful response from NRF
[2026-09-29 08:48:03.476] [upf_app] [debug] Set a timer to the next Heart-beat (10)
[2026-09-29 08:48:07.967] [upf_n4 ] [info] TIME-OUT event timer id 6692
[2026-09-29 08:48:07.967] [upf_n4 ] [info] TIME-OUT event timer id 6693
[2026-09-29 08:48:07.967] [upf_n4 ] [info] PFCP HEARTBEAT PROCEDURE hash 169352876 starting
[2026-09-29 08:48:07.967] [upf_n4 ] [info] handle_receive(16 bytes)
[2026-09-29 08:48:07.967] [upf_n4 ] [info] Received SX HEARTBEAT RESPONSE
[2026-09-29 08:48:12.961] [upf_n4 ] [info] handle_receive(16 bytes)
[2026-09-29 08:48:12.961] [upf_n4 ] [info] Received SX HEARTBEAT REQUEST
[2026-09-29 08:48:12.967] [upf_n4 ] [info] TIME-OUT event timer id 6697
[2026-09-29 08:48:12.967] [upf_n4 ] [info] TIME-OUT event timer id 6698
[2026-09-29 08:48:12.967] [upf_n4 ] [info] PFCP HEARTBEAT PROCEDURE hash 169352876 starting
[2026-09-29 08:48:12.967] [upf_n4 ] [info] handle_receive(16 bytes)
[2026-09-29 08:48:12.967] [upf_n4 ] [info] Received SX HEARTBEAT RESPONSE
[2026-09-29 08:48:13.476] [upf_app] [info] TIME-OUT event timer id 6694
[2026-09-29 08:48:13.476] [upf_app] [debug] Send Heartbeat to NRF
[2026-09-29 08:48:13.476] [upf_app] [info] Send NF Update to NRF
[2026-09-29 08:48:13.476] [upf_app] [debug] Send NF Update to NRF (Msg body [{"op":"replace","path":"/nfStatus","value":"REGISTERED"}])
[2026-09-29 08:48:13.476] [upf_app] [debug] Send NF Update to NRF (NRF URL http://oai-nrf.oai-core.svc.cluster.local:80/nnrf-nfm/v1/nf-instances/23f448d9-fc64-4a49-98a4-5c7e36d915b6)
[2026-09-29 08:48:13.476] [upf_app] [debug] Send a simple HTTP request
[2026-09-29 08:48:13.478] [upf_app] [info] Got successful response from NRF
[2026-09-29 08:48:13.478] [upf_app] [debug] Set a timer to the next Heart-beat (10)
[2026-09-29 08:48:17.967] [upf_n4 ] [info] TIME-OUT event timer id 6702
[2026-09-29 08:48:17.967] [upf_n4 ] [info] TIME-OUT event timer id 6703
[2026-09-29 08:48:17.967] [upf_n4 ] [info] PFCP HEARTBEAT PROCEDURE hash 169352876 starting
[2026-09-29 08:48:17.967] [upf_n4 ] [info] handle_receive(16 bytes)
[2026-09-29 08:48:17.967] [upf_n4 ] [info] Received SX HEARTBEAT RESPONSE
[2026-09-29 08:48:22.961] [upf_n4 ] [info] handle_receive(16 bytes)
[2026-09-29 08:48:22.961] [upf_n4 ] [info] Received SX HEARTBEAT REQUEST
[2026-09-29 08:48:22.967] [upf_n4 ] [info] TIME-OUT event timer id 6707
[2026-09-29 08:48:22.967] [upf_n4 ] [info] TIME-OUT event timer id 6708
[2026-09-29 08:48:22.967] [upf_n4 ] [info] PFCP HEARTBEAT PROCEDURE hash 169352876 starting
[2026-09-29 08:48:22.967] [upf_n4 ] [info] handle_receive(16 bytes)
[2026-09-29 08:48:22.967] [upf_n4 ] [info] Received SX HEARTBEAT RESPONSE
[2026-09-29 08:48:23.478] [upf_app] [info] TIME-OUT event timer id 6704
[2026-09-29 08:48:23.478] [upf_app] [debug] Send Heartbeat to NRF
[2026-09-29 08:48:23.478] [upf_app] [info] Send NF Update to NRF
[2026-09-29 08:48:23.479] [upf_app] [debug] Send NF Update to NRF (Msg body [{"op":"replace","path":"/nfStatus","value":"REGISTERED"}])
[2026-09-29 08:48:23.479] [upf_app] [debug] Send NF Update to NRF (NRF URL http://oai-nrf.oai-core.svc.cluster.local:80/nnrf-nfm/v1/nf-instances/23f448d9-fc64-4a49-98a4-5c7e36d915b6)
[2026-09-29 08:48:23.479] [upf_app] [debug] Send a simple HTTP request
[2026-09-29 08:48:23.481] [upf_app] [info] Got successful response from NRF
[2026-09-29 08:48:23.481] [upf_app] [debug] Set a timer to the next Heart-beat (10)
[2026-09-29 08:48:27.967] [upf_n4 ] [info] TIME-OUT event timer id 6712
[2026-09-29 08:48:27.967] [upf_n4 ] [info] TIME-OUT event timer id 6713
[2026-09-29 08:48:27.967] [upf_n4 ] [info] PFCP HEARTBEAT PROCEDURE hash 169352876 starting
[2026-09-29 08:48:27.968] [upf_n4 ] [info] handle_receive(16 bytes)
[2026-09-29 08:48:27.968] [upf_n4 ] [info] Received SX HEARTBEAT RESPONSE
[2026-09-29 08:48:32.961] [upf_n4 ] [info] handle_receive(16 bytes)
[2026-09-29 08:48:32.962] [upf_n4 ] [info] Received SX HEARTBEAT REQUEST
[2026-09-29 08:48:32.967] [upf_n4 ] [info] TIME-OUT event timer id 6717
[2026-09-29 08:48:32.968] [upf_n4 ] [info] TIME-OUT event timer id 6718
[2026-09-29 08:48:32.968] [upf_n4 ] [info] PFCP HEARTBEAT PROCEDURE hash 169352876 starting
[2026-09-29 08:48:32.968] [upf_n4 ] [info] handle_receive(16 bytes)
[2026-09-29 08:48:32.968] [upf_n4 ] [info] Received SX HEARTBEAT RESPONSE
[2026-09-29 08:48:33.481] [upf_app] [info] TIME-OUT event timer id 6714
[2026-09-29 08:48:33.481] [upf_app] [debug] Send Heartbeat to NRF
[2026-09-29 08:48:33.481] [upf_app] [info] Send NF Update to NRF
[2026-09-29 08:48:33.481] [upf_app] [debug] Send NF Update to NRF (Msg body [{"op":"replace","path":"/nfStatus","value":"REGISTERED"}])
[2026-09-29 08:48:33.481] [upf_app] [debug] Send NF Update to NRF (NRF URL http://oai-nrf.oai-core.svc.cluster.local:80/nnrf-nfm/v1/nf-instances/23f448d9-fc64-4a49-98a4-5c7e36d915b6)
[2026-09-29 08:48:33.481] [upf_app] [debug] Send a simple HTTP request
[2026-09-29 08:48:33.483] [upf_app] [info] Got successful response from NRF
[2026-09-29 08:48:33.483] [upf_app] [debug] Set a timer to the next Heart-beat (10)
[2026-09-29 08:48:37.968] [upf_n4 ] [info] TIME-OUT event timer id 6722
[2026-09-29 08:48:37.968] [upf_n4 ] [info] TIME-OUT event timer id 6723
[2026-09-29 08:48:37.968] [upf_n4 ] [info] PFCP HEARTBEAT PROCEDURE hash 169352876 starting
[2026-09-29 08:48:37.968] [upf_n4 ] [info] handle_receive(16 bytes)
[2026-09-29 08:48:37.968] [upf_n4 ] [info] Received SX HEARTBEAT RESPONSE
[2026-09-29 08:48:42.962] [upf_n4 ] [info] handle_receive(16 bytes)
[2026-09-29 08:48:42.962] [upf_n4 ] [info] Received SX HEARTBEAT REQUEST
[2026-09-29 08:48:42.968] [upf_n4 ] [info] TIME-OUT event timer id 6727
[2026-09-29 08:48:42.968] [upf_n4 ] [info] TIME-OUT event timer id 6728
[2026-09-29 08:48:42.968] [upf_n4 ] [info] PFCP HEARTBEAT PROCEDURE hash 169352876 starting
[2026-09-29 08:48:42.968] [upf_n4 ] [info] handle_receive(16 bytes)
[2026-09-29 08:48:42.968] [upf_n4 ] [info] Received SX HEARTBEAT RESPONSE
[2026-09-29 08:48:43.483] [upf_app] [info] TIME-OUT event timer id 6724
[2026-09-29 08:48:43.483] [upf_app] [debug] Send Heartbeat to NRF
[2026-09-29 08:48:43.483] [upf_app] [info] Send NF Update to NRF
[2026-09-29 08:48:43.483] [upf_app] [debug] Send NF Update to NRF (Msg body [{"op":"replace","path":"/nfStatus","value":"REGISTERED"}])
[2026-09-29 08:48:43.483] [upf_app] [debug] Send NF Update to NRF (NRF URL http://oai-nrf.oai-core.svc.cluster.local:80/nnrf-nfm/v1/nf-instances/23f448d9-fc64-4a49-98a4-5c7e36d915b6)
[2026-09-29 08:48:43.483] [upf_app] [debug] Send a simple HTTP request
[2026-09-29 08:48:43.485] [upf_app] [info] Got successful response from NRF
[2026-09-29 08:48:43.485] [upf_app] [debug] Set a timer to the next Heart-beat (10)
[2026-09-29 08:48:47.968] [upf_n4 ] [info] TIME-OUT event timer id 6732
[2026-09-29 08:48:47.968] [upf_n4 ] [info] TIME-OUT event timer id 6733
[2026-09-29 08:48:47.968] [upf_n4 ] [info] PFCP HEARTBEAT PROCEDURE hash 169352876 starting
[2026-09-29 08:48:47.968] [upf_n4 ] [info] handle_receive(16 bytes)
[2026-09-29 08:48:47.968] [upf_n4 ] [info] Received SX HEARTBEAT RESPONSE
[2026-09-29 08:48:52.962] [upf_n4 ] [info] handle_receive(16 bytes)
[2026-09-29 08:48:52.962] [upf_n4 ] [info] Received SX HEARTBEAT REQUEST
[2026-09-29 08:48:52.968] [upf_n4 ] [info] TIME-OUT event timer id 6737
[2026-09-29 08:48:52.968] [upf_n4 ] [info] TIME-OUT event timer id 6738
[2026-09-29 08:48:52.968] [upf_n4 ] [info] PFCP HEARTBEAT PROCEDURE hash 169352876 starting
[2026-09-29 08:48:52.968] [upf_n4 ] [info] handle_receive(16 bytes)
[2026-09-29 08:48:52.968] [upf_n4 ] [info] Received SX HEARTBEAT RESPONSE
[2026-09-29 08:48:53.485] [upf_app] [info] TIME-OUT event timer id 6734
[2026-09-29 08:48:53.485] [upf_app] [debug] Send Heartbeat to NRF
[2026-09-29 08:48:53.485] [upf_app] [info] Send NF Update to NRF
[2026-09-29 08:48:53.485] [upf_app] [debug] Send NF Update to NRF (Msg body [{"op":"replace","path":"/nfStatus","value":"REGISTERED"}])
[2026-09-29 08:48:53.485] [upf_app] [debug] Send NF Update to NRF (NRF URL http://oai-nrf.oai-core.svc.cluster.local:80/nnrf-nfm/v1/nf-instances/23f448d9-fc64-4a49-98a4-5c7e36d915b6)
[2026-09-29 08:48:53.485] [upf_app] [debug] Send a simple HTTP request
[2026-09-29 08:48:53.487] [upf_app] [info] Got successful response from NRF
[2026-09-29 08:48:53.487] [upf_app] [debug] Set a timer to the next Heart-beat (10)
[2026-09-29 08:48:57.968] [upf_n4 ] [info] TIME-OUT event timer id 6742
[2026-09-29 08:48:57.968] [upf_n4 ] [info] TIME-OUT event timer id 6743
[2026-09-29 08:48:57.968] [upf_n4 ] [info] PFCP HEARTBEAT PROCEDURE hash 169352876 starting
[2026-09-29 08:48:57.969] [upf_n4 ] [info] handle_receive(16 bytes)
[2026-09-29 08:48:57.969] [upf_n4 ] [info] Received SX HEARTBEAT RESPONSE
[2026-09-29 08:49:02.963] [upf_n4 ] [info] handle_receive(16 bytes)
[2026-09-29 08:49:02.963] [upf_n4 ] [info] Received SX HEARTBEAT REQUEST
[2026-09-29 08:49:02.968] [upf_n4 ] [info] TIME-OUT event timer id 6747
[2026-09-29 08:49:02.969] [upf_n4 ] [info] TIME-OUT event timer id 6748
[2026-09-29 08:49:02.969] [upf_n4 ] [info] PFCP HEARTBEAT PROCEDURE hash 169352876 starting
[2026-09-29 08:49:02.969] [upf_n4 ] [info] handle_receive(16 bytes)
[2026-09-29 08:49:02.969] [upf_n4 ] [info] Received SX HEARTBEAT RESPONSE
[2026-09-29 08:49:03.487] [upf_app] [info] TIME-OUT event timer id 6744
[2026-09-29 08:49:03.487] [upf_app] [debug] Send Heartbeat to NRF
[2026-09-29 08:49:03.487] [upf_app] [info] Send NF Update to NRF
[2026-09-29 08:49:03.487] [upf_app] [debug] Send NF Update to NRF (Msg body [{"op":"replace","path":"/nfStatus","value":"REGISTERED"}])
[2026-09-29 08:49:03.487] [upf_app] [debug] Send NF Update to NRF (NRF URL http://oai-nrf.oai-core.svc.cluster.local:80/nnrf-nfm/v1/nf-instances/23f448d9-fc64-4a49-98a4-5c7e36d915b6)
[2026-09-29 08:49:03.487] [upf_app] [debug] Send a simple HTTP request
[2026-09-29 08:49:03.489] [upf_app] [info] Got successful response from NRF
[2026-09-29 08:49:03.489] [upf_app] [debug] Set a timer to the next Heart-beat (10)
[2026-09-29 08:49:07.969] [upf_n4 ] [info] TIME-OUT event timer id 6752
[2026-09-29 08:49:07.969] [upf_n4 ] [info] TIME-OUT event timer id 6753
[2026-09-29 08:49:07.969] [upf_n4 ] [info] PFCP HEARTBEAT PROCEDURE hash 169352876 starting
[2026-09-29 08:49:07.969] [upf_n4 ] [info] handle_receive(16 bytes)
[2026-09-29 08:49:07.969] [upf_n4 ] [info] Received SX HEARTBEAT RESPONSE
[2026-09-29 08:49:12.963] [upf_n4 ] [info] handle_receive(16 bytes)
[2026-09-29 08:49:12.963] [upf_n4 ] [info] Received SX HEARTBEAT REQUEST
[2026-09-29 08:49:12.969] [upf_n4 ] [info] TIME-OUT event timer id 6757
[2026-09-29 08:49:12.969] [upf_n4 ] [info] TIME-OUT event timer id 6758
[2026-09-29 08:49:12.969] [upf_n4 ] [info] PFCP HEARTBEAT PROCEDURE hash 169352876 starting
[2026-09-29 08:49:12.969] [upf_n4 ] [info] handle_receive(16 bytes)
[2026-09-29 08:49:12.969] [upf_n4 ] [info] Received SX HEARTBEAT RESPONSE
[2026-09-29 08:49:13.489] [upf_app] [info] TIME-OUT event timer id 6754
[2026-09-29 08:49:13.489] [upf_app] [debug] Send Heartbeat to NRF
[2026-09-29 08:49:13.489] [upf_app] [info] Send NF Update to NRF
[2026-09-29 08:49:13.489] [upf_app] [debug] Send NF Update to NRF (Msg body [{"op":"replace","path":"/nfStatus","value":"REGISTERED"}])
[2026-09-29 08:49:13.489] [upf_app] [debug] Send NF Update to NRF (NRF URL http://oai-nrf.oai-core.svc.cluster.local:80/nnrf-nfm/v1/nf-instances/23f448d9-fc64-4a49-98a4-5c7e36d915b6)
[2026-09-29 08:49:13.489] [upf_app] [debug] Send a simple HTTP request
[2026-09-29 08:49:13.491] [upf_app] [info] Got successful response from NRF
[2026-09-29 08:49:13.491] [upf_app] [debug] Set a timer to the next Heart-beat (10)
[2026-09-29 08:49:17.969] [upf_n4 ] [info] TIME-OUT event timer id 6762
[2026-09-29 08:49:17.969] [upf_n4 ] [info] TIME-OUT event timer id 6763
[2026-09-29 08:49:17.969] [upf_n4 ] [info] PFCP HEARTBEAT PROCEDURE hash 169352876 starting
[2026-09-29 08:49:17.969] [upf_n4 ] [info] handle_receive(16 bytes)
[2026-09-29 08:49:17.969] [upf_n4 ] [info] Received SX HEARTBEAT RESPONSE
[2026-09-29 08:49:22.963] [upf_n4 ] [info] handle_receive(16 bytes)
[2026-09-29 08:49:22.963] [upf_n4 ] [info] Received SX HEARTBEAT REQUEST
[2026-09-29 08:49:22.969] [upf_n4 ] [info] TIME-OUT event timer id 6767
[2026-09-29 08:49:22.969] [upf_n4 ] [info] TIME-OUT event timer id 6768
[2026-09-29 08:49:22.969] [upf_n4 ] [info] PFCP HEARTBEAT PROCEDURE hash 169352876 starting
[2026-09-29 08:49:22.969] [upf_n4 ] [info] handle_receive(16 bytes)
[2026-09-29 08:49:22.969] [upf_n4 ] [info] Received SX HEARTBEAT RESPONSE
[2026-09-29 08:49:23.491] [upf_app] [info] TIME-OUT event timer id 6764
[2026-09-29 08:49:23.491] [upf_app] [debug] Send Heartbeat to NRF
[2026-09-29 08:49:23.491] [upf_app] [info] Send NF Update to NRF
[2026-09-29 08:49:23.491] [upf_app] [debug] Send NF Update to NRF (Msg body [{"op":"replace","path":"/nfStatus","value":"REGISTERED"}])
[2026-09-29 08:49:23.491] [upf_app] [debug] Send NF Update to NRF (NRF URL http://oai-nrf.oai-core.svc.cluster.local:80/nnrf-nfm/v1/nf-instances/23f448d9-fc64-4a49-98a4-5c7e36d915b6)
[2026-09-29 08:49:23.491] [upf_app] [debug] Send a simple HTTP request
[2026-09-29 08:49:23.493] [upf_app] [info] Got successful response from NRF
[2026-09-29 08:49:23.493] [upf_app] [debug] Set a timer to the next Heart-beat (10)
[2026-09-29 08:49:27.969] [upf_n4 ] [info] TIME-OUT event timer id 6772
[2026-09-29 08:49:27.969] [upf_n4 ] [info] TIME-OUT event timer id 6773
[2026-09-29 08:49:27.969] [upf_n4 ] [info] PFCP HEARTBEAT PROCEDURE hash 169352876 starting
[2026-09-29 08:49:27.969] [upf_n4 ] [info] handle_receive(16 bytes)
[2026-09-29 08:49:27.969] [upf_n4 ] [info] Received SX HEARTBEAT RESPONSE
[2026-09-29 08:49:32.963] [upf_n4 ] [info] handle_receive(16 bytes)
[2026-09-29 08:49:32.963] [upf_n4 ] [info] Received SX HEARTBEAT REQUEST
[2026-09-29 08:49:32.969] [upf_n4 ] [info] TIME-OUT event timer id 6777
[2026-09-29 08:49:32.969] [upf_n4 ] [info] TIME-OUT event timer id 6778
[2026-09-29 08:49:32.969] [upf_n4 ] [info] PFCP HEARTBEAT PROCEDURE hash 169352876 starting
[2026-09-29 08:49:32.970] [upf_n4 ] [info] handle_receive(16 bytes)
[2026-09-29 08:49:32.970] [upf_n4 ] [info] Received SX HEARTBEAT RESPONSE
[2026-09-29 08:49:33.493] [upf_app] [info] TIME-OUT event timer id 6774
[2026-09-29 08:49:33.493] [upf_app] [debug] Send Heartbeat to NRF
[2026-09-29 08:49:33.493] [upf_app] [info] Send NF Update to NRF
[2026-09-29 08:49:33.493] [upf_app] [debug] Send NF Update to NRF (Msg body [{"op":"replace","path":"/nfStatus","value":"REGISTERED"}])
[2026-09-29 08:49:33.493] [upf_app] [debug] Send NF Update to NRF (NRF URL http://oai-nrf.oai-core.svc.cluster.local:80/nnrf-nfm/v1/nf-instances/23f448d9-fc64-4a49-98a4-5c7e36d915b6)
[2026-09-29 08:49:33.493] [upf_app] [debug] Send a simple HTTP request
[2026-09-29 08:49:33.495] [upf_app] [info] Got successful response from NRF
[2026-09-29 08:49:33.495] [upf_app] [debug] Set a timer to the next Heart-beat (10)
[2026-09-29 08:49:37.970] [upf_n4 ] [info] TIME-OUT event timer id 6782
[2026-09-29 08:49:37.970] [upf_n4 ] [info] TIME-OUT event timer id 6783
[2026-09-29 08:49:37.970] [upf_n4 ] [info] PFCP HEARTBEAT PROCEDURE hash 169352876 starting
[2026-09-29 08:49:37.970] [upf_n4 ] [info] handle_receive(16 bytes)
[2026-09-29 08:49:37.970] [upf_n4 ] [info] Received SX HEARTBEAT RESPONSE
[2026-09-29 08:49:42.964] [upf_n4 ] [info] handle_receive(16 bytes)
[2026-09-29 08:49:42.964] [upf_n4 ] [info] Received SX HEARTBEAT REQUEST
[2026-09-29 08:49:42.970] [upf_n4 ] [info] TIME-OUT event timer id 6787
[2026-09-29 08:49:42.970] [upf_n4 ] [info] TIME-OUT event timer id 6788
[2026-09-29 08:49:42.970] [upf_n4 ] [info] PFCP HEARTBEAT PROCEDURE hash 169352876 starting
[2026-09-29 08:49:42.970] [upf_n4 ] [info] handle_receive(16 bytes)
[2026-09-29 08:49:42.970] [upf_n4 ] [info] Received SX HEARTBEAT RESPONSE
[2026-09-29 08:49:43.495] [upf_app] [info] TIME-OUT event timer id 6784
[2026-09-29 08:49:43.495] [upf_app] [debug] Send Heartbeat to NRF
[2026-09-29 08:49:43.495] [upf_app] [info] Send NF Update to NRF
[2026-09-29 08:49:43.495] [upf_app] [debug] Send NF Update to NRF (Msg body [{"op":"replace","path":"/nfStatus","value":"REGISTERED"}])
[2026-09-29 08:49:43.495] [upf_app] [debug] Send NF Update to NRF (NRF URL http://oai-nrf.oai-core.svc.cluster.local:80/nnrf-nfm/v1/nf-instances/23f448d9-fc64-4a49-98a4-5c7e36d915b6)
[2026-09-29 08:49:43.495] [upf_app] [debug] Send a simple HTTP request
[2026-09-29 08:49:43.497] [upf_app] [info] Got successful response from NRF
[2026-09-29 08:49:43.497] [upf_app] [debug] Set a timer to the next Heart-beat (10)
[2026-09-29 08:49:47.970] [upf_n4 ] [info] TIME-OUT event timer id 6792
[2026-09-29 08:49:47.970] [upf_n4 ] [info] TIME-OUT event timer id 6793
[2026-09-29 08:49:47.970] [upf_n4 ] [info] PFCP HEARTBEAT PROCEDURE hash 169352876 starting
[2026-09-29 08:49:47.970] [upf_n4 ] [info] handle_receive(16 bytes)
[2026-09-29 08:49:47.970] [upf_n4 ] [info] Received SX HEARTBEAT RESPONSE
[2026-09-29 08:49:52.964] [upf_n4 ] [info] handle_receive(16 bytes)
[2026-09-29 08:49:52.964] [upf_n4 ] [info] Received SX HEARTBEAT REQUEST
[2026-09-29 08:49:52.970] [upf_n4 ] [info] TIME-OUT event timer id 6797
[2026-09-29 08:49:52.970] [upf_n4 ] [info] TIME-OUT event timer id 6798
[2026-09-29 08:49:52.970] [upf_n4 ] [info] PFCP HEARTBEAT PROCEDURE hash 169352876 starting
[2026-09-29 08:49:52.970] [upf_n4 ] [info] handle_receive(16 bytes)
[2026-09-29 08:49:52.970] [upf_n4 ] [info] Received SX HEARTBEAT RESPONSE
[2026-09-29 08:49:53.497] [upf_app] [info] TIME-OUT event timer id 6794
[2026-09-29 08:49:53.497] [upf_app] [debug] Send Heartbeat to NRF
[2026-09-29 08:49:53.498] [upf_app] [info] Send NF Update to NRF
[2026-09-29 08:49:53.498] [upf_app] [debug] Send NF Update to NRF (Msg body [{"op":"replace","path":"/nfStatus","value":"REGISTERED"}])
[2026-09-29 08:49:53.498] [upf_app] [debug] Send NF Update to NRF (NRF URL http://oai-nrf.oai-core.svc.cluster.local:80/nnrf-nfm/v1/nf-instances/23f448d9-fc64-4a49-98a4-5c7e36d915b6)
[2026-09-29 08:49:53.498] [upf_app] [debug] Send a simple HTTP request
[2026-09-29 08:49:53.499] [upf_app] [info] Got successful response from NRF
[2026-09-29 08:49:53.499] [upf_app] [debug] Set a timer to the next Heart-beat (10)
[2026-09-29 08:49:57.970] [upf_n4 ] [info] TIME-OUT event timer id 6802
[2026-09-29 08:49:57.970] [upf_n4 ] [info] TIME-OUT event timer id 6803
[2026-09-29 08:49:57.970] [upf_n4 ] [info] PFCP HEARTBEAT PROCEDURE hash 169352876 starting
[2026-09-29 08:49:57.970] [upf_n4 ] [info] handle_receive(16 bytes)
[2026-09-29 08:49:57.970] [upf_n4 ] [info] Received SX HEARTBEAT RESPONSE
[2026-09-29 08:50:02.964] [upf_n4 ] [info] handle_receive(16 bytes)
[2026-09-29 08:50:02.964] [upf_n4 ] [info] Received SX HEARTBEAT REQUEST
[2026-09-29 08:50:02.970] [upf_n4 ] [info] TIME-OUT event timer id 6807
[2026-09-29 08:50:02.970] [upf_n4 ] [info] TIME-OUT event timer id 6808
[2026-09-29 08:50:02.970] [upf_n4 ] [info] PFCP HEARTBEAT PROCEDURE hash 169352876 starting
[2026-09-29 08:50:02.971] [upf_n4 ] [info] handle_receive(16 bytes)
[2026-09-29 08:50:02.971] [upf_n4 ] [info] Received SX HEARTBEAT RESPONSE
[2026-09-29 08:50:03.500] [upf_app] [info] TIME-OUT event timer id 6804
[2026-09-29 08:50:03.500] [upf_app] [debug] Send Heartbeat to NRF
[2026-09-29 08:50:03.500] [upf_app] [info] Send NF Update to NRF
[2026-09-29 08:50:03.500] [upf_app] [debug] Send NF Update to NRF (Msg body [{"op":"replace","path":"/nfStatus","value":"REGISTERED"}])
[2026-09-29 08:50:03.500] [upf_app] [debug] Send NF Update to NRF (NRF URL http://oai-nrf.oai-core.svc.cluster.local:80/nnrf-nfm/v1/nf-instances/23f448d9-fc64-4a49-98a4-5c7e36d915b6)
[2026-09-29 08:50:03.500] [upf_app] [debug] Send a simple HTTP request
[2026-09-29 08:50:03.502] [upf_app] [info] Got successful response from NRF
[2026-09-29 08:50:03.502] [upf_app] [debug] Set a timer to the next Heart-beat (10)
[2026-09-29 08:50:07.970] [upf_n4 ] [info] TIME-OUT event timer id 6812
[2026-09-29 08:50:07.971] [upf_n4 ] [info] TIME-OUT event timer id 6813
[2026-09-29 08:50:07.971] [upf_n4 ] [info] PFCP HEARTBEAT PROCEDURE hash 169352876 starting
[2026-09-29 08:50:07.971] [upf_n4 ] [info] handle_receive(16 bytes)
[2026-09-29 08:50:07.971] [upf_n4 ] [info] Received SX HEARTBEAT RESPONSE
[2026-09-29 08:50:12.965] [upf_n4 ] [info] handle_receive(16 bytes)
[2026-09-29 08:50:12.965] [upf_n4 ] [info] Received SX HEARTBEAT REQUEST
[2026-09-29 08:50:12.971] [upf_n4 ] [info] TIME-OUT event timer id 6817
[2026-09-29 08:50:12.971] [upf_n4 ] [info] TIME-OUT event timer id 6818
[2026-09-29 08:50:12.971] [upf_n4 ] [info] PFCP HEARTBEAT PROCEDURE hash 169352876 starting
[2026-09-29 08:50:12.971] [upf_n4 ] [info] handle_receive(16 bytes)
[2026-09-29 08:50:12.971] [upf_n4 ] [info] Received SX HEARTBEAT RESPONSE
[2026-09-29 08:50:13.502] [upf_app] [info] TIME-OUT event timer id 6814
[2026-09-29 08:50:13.502] [upf_app] [debug] Send Heartbeat to NRF
[2026-09-29 08:50:13.502] [upf_app] [info] Send NF Update to NRF
[2026-09-29 08:50:13.502] [upf_app] [debug] Send NF Update to NRF (Msg body [{"op":"replace","path":"/nfStatus","value":"REGISTERED"}])
[2026-09-29 08:50:13.502] [upf_app] [debug] Send NF Update to NRF (NRF URL http://oai-nrf.oai-core.svc.cluster.local:80/nnrf-nfm/v1/nf-instances/23f448d9-fc64-4a49-98a4-5c7e36d915b6)
[2026-09-29 08:50:13.502] [upf_app] [debug] Send a simple HTTP request
[2026-09-29 08:50:13.504] [upf_app] [info] Got successful response from NRF
[2026-09-29 08:50:13.504] [upf_app] [debug] Set a timer to the next Heart-beat (10)
[2026-09-29 08:50:17.971] [upf_n4 ] [info] TIME-OUT event timer id 6822
[2026-09-29 08:50:17.971] [upf_n4 ] [info] TIME-OUT event timer id 6823
[2026-09-29 08:50:17.971] [upf_n4 ] [info] PFCP HEARTBEAT PROCEDURE hash 169352876 starting
[2026-09-29 08:50:17.971] [upf_n4 ] [info] handle_receive(16 bytes)
[2026-09-29 08:50:17.971] [upf_n4 ] [info] Received SX HEARTBEAT RESPONSE
[2026-09-29 08:50:22.965] [upf_n4 ] [info] handle_receive(16 bytes)
[2026-09-29 08:50:22.965] [upf_n4 ] [info] Received SX HEARTBEAT REQUEST
[2026-09-29 08:50:22.971] [upf_n4 ] [info] TIME-OUT event timer id 6827
[2026-09-29 08:50:22.971] [upf_n4 ] [info] TIME-OUT event timer id 6828
[2026-09-29 08:50:22.971] [upf_n4 ] [info] PFCP HEARTBEAT PROCEDURE hash 169352876 starting
[2026-09-29 08:50:22.971] [upf_n4 ] [info] handle_receive(16 bytes)
[2026-09-29 08:50:22.971] [upf_n4 ] [info] Received SX HEARTBEAT RESPONSE
[2026-09-29 08:50:23.504] [upf_app] [info] TIME-OUT event timer id 6824
[2026-09-29 08:50:23.504] [upf_app] [debug] Send Heartbeat to NRF
[2026-09-29 08:50:23.504] [upf_app] [info] Send NF Update to NRF
[2026-09-29 08:50:23.504] [upf_app] [debug] Send NF Update to NRF (Msg body [{"op":"replace","path":"/nfStatus","value":"REGISTERED"}])
[2026-09-29 08:50:23.504] [upf_app] [debug] Send NF Update to NRF (NRF URL http://oai-nrf.oai-core.svc.cluster.local:80/nnrf-nfm/v1/nf-instances/23f448d9-fc64-4a49-98a4-5c7e36d915b6)
[2026-09-29 08:50:23.504] [upf_app] [debug] Send a simple HTTP request
[2026-09-29 08:50:23.506] [upf_app] [info] Got successful response from NRF
[2026-09-29 08:50:23.506] [upf_app] [debug] Set a timer to the next Heart-beat (10)
[2026-09-29 08:50:27.971] [upf_n4 ] [info] TIME-OUT event timer id 6832
[2026-09-29 08:50:27.971] [upf_n4 ] [info] TIME-OUT event timer id 6833
[2026-09-29 08:50:27.971] [upf_n4 ] [info] PFCP HEARTBEAT PROCEDURE hash 169352876 starting
[2026-09-29 08:50:27.971] [upf_n4 ] [info] handle_receive(16 bytes)
[2026-09-29 08:50:27.971] [upf_n4 ] [info] Received SX HEARTBEAT RESPONSE
[2026-09-29 08:50:32.965] [upf_n4 ] [info] handle_receive(16 bytes)
[2026-09-29 08:50:32.965] [upf_n4 ] [info] Received SX HEARTBEAT REQUEST
[2026-09-29 08:50:32.971] [upf_n4 ] [info] TIME-OUT event timer id 6837
[2026-09-29 08:50:32.971] [upf_n4 ] [info] TIME-OUT event timer id 6838
[2026-09-29 08:50:32.971] [upf_n4 ] [info] PFCP HEARTBEAT PROCEDURE hash 169352876 starting
[2026-09-29 08:50:32.972] [upf_n4 ] [info] handle_receive(16 bytes)
[2026-09-29 08:50:32.972] [upf_n4 ] [info] Received SX HEARTBEAT RESPONSE
[2026-09-29 08:50:33.506] [upf_app] [info] TIME-OUT event timer id 6834
[2026-09-29 08:50:33.506] [upf_app] [debug] Send Heartbeat to NRF
[2026-09-29 08:50:33.506] [upf_app] [info] Send NF Update to NRF
[2026-09-29 08:50:33.506] [upf_app] [debug] Send NF Update to NRF (Msg body [{"op":"replace","path":"/nfStatus","value":"REGISTERED"}])
[2026-09-29 08:50:33.506] [upf_app] [debug] Send NF Update to NRF (NRF URL http://oai-nrf.oai-core.svc.cluster.local:80/nnrf-nfm/v1/nf-instances/23f448d9-fc64-4a49-98a4-5c7e36d915b6)
[2026-09-29 08:50:33.506] [upf_app] [debug] Send a simple HTTP request
[2026-09-29 08:50:33.508] [upf_app] [info] Got successful response from NRF
[2026-09-29 08:50:33.508] [upf_app] [debug] Set a timer to the next Heart-beat (10)
[2026-09-29 08:50:37.971] [upf_n4 ] [info] TIME-OUT event timer id 6842
[2026-09-29 08:50:37.972] [upf_n4 ] [info] TIME-OUT event timer id 6843
[2026-09-29 08:50:37.972] [upf_n4 ] [info] PFCP HEARTBEAT PROCEDURE hash 169352876 starting
[2026-09-29 08:50:37.972] [upf_n4 ] [info] handle_receive(16 bytes)
[2026-09-29 08:50:37.972] [upf_n4 ] [info] Received SX HEARTBEAT RESPONSE
[2026-09-29 08:50:42.966] [upf_n4 ] [info] handle_receive(16 bytes)
[2026-09-29 08:50:42.966] [upf_n4 ] [info] Received SX HEARTBEAT REQUEST
[2026-09-29 08:50:42.972] [upf_n4 ] [info] TIME-OUT event timer id 6847
[2026-09-29 08:50:42.972] [upf_n4 ] [info] TIME-OUT event timer id 6848
[2026-09-29 08:50:42.972] [upf_n4 ] [info] PFCP HEARTBEAT PROCEDURE hash 169352876 starting
[2026-09-29 08:50:42.972] [upf_n4 ] [info] handle_receive(16 bytes)
[2026-09-29 08:50:42.972] [upf_n4 ] [info] Received SX HEARTBEAT RESPONSE
[2026-09-29 08:50:43.509] [upf_app] [info] TIME-OUT event timer id 6844
[2026-09-29 08:50:43.509] [upf_app] [debug] Send Heartbeat to NRF
[2026-09-29 08:50:43.509] [upf_app] [info] Send NF Update to NRF
[2026-09-29 08:50:43.509] [upf_app] [debug] Send NF Update to NRF (Msg body [{"op":"replace","path":"/nfStatus","value":"REGISTERED"}])
[2026-09-29 08:50:43.509] [upf_app] [debug] Send NF Update to NRF (NRF URL http://oai-nrf.oai-core.svc.cluster.local:80/nnrf-nfm/v1/nf-instances/23f448d9-fc64-4a49-98a4-5c7e36d915b6)
[2026-09-29 08:50:43.509] [upf_app] [debug] Send a simple HTTP request
[2026-09-29 08:50:43.511] [upf_app] [info] Got successful response from NRF
[2026-09-29 08:50:43.511] [upf_app] [debug] Set a timer to the next Heart-beat (10)
[2026-09-29 08:50:47.972] [upf_n4 ] [info] TIME-OUT event timer id 6852
[2026-09-29 08:50:47.972] [upf_n4 ] [info] TIME-OUT event timer id 6853
[2026-09-29 08:50:47.972] [upf_n4 ] [info] PFCP HEARTBEAT PROCEDURE hash 169352876 starting
[2026-09-29 08:50:47.972] [upf_n4 ] [info] handle_receive(16 bytes)
[2026-09-29 08:50:47.972] [upf_n4 ] [info] Received SX HEARTBEAT RESPONSE
[2026-09-29 08:50:52.966] [upf_n4 ] [info] handle_receive(16 bytes)
[2026-09-29 08:50:52.966] [upf_n4 ] [info] Received SX HEARTBEAT REQUEST
[2026-09-29 08:50:52.972] [upf_n4 ] [info] TIME-OUT event timer id 6857
[2026-09-29 08:50:52.972] [upf_n4 ] [info] TIME-OUT event timer id 6858
[2026-09-29 08:50:52.972] [upf_n4 ] [info] PFCP HEARTBEAT PROCEDURE hash 169352876 starting
[2026-09-29 08:50:52.972] [upf_n4 ] [info] handle_receive(16 bytes)
[2026-09-29 08:50:52.972] [upf_n4 ] [info] Received SX HEARTBEAT RESPONSE
[2026-09-29 08:50:53.511] [upf_app] [info] TIME-OUT event timer id 6854
[2026-09-29 08:50:53.511] [upf_app] [debug] Send Heartbeat to NRF
[2026-09-29 08:50:53.511] [upf_app] [info] Send NF Update to NRF
[2026-09-29 08:50:53.511] [upf_app] [debug] Send NF Update to NRF (Msg body [{"op":"replace","path":"/nfStatus","value":"REGISTERED"}])
[2026-09-29 08:50:53.511] [upf_app] [debug] Send NF Update to NRF (NRF URL http://oai-nrf.oai-core.svc.cluster.local:80/nnrf-nfm/v1/nf-instances/23f448d9-fc64-4a49-98a4-5c7e36d915b6)
[2026-09-29 08:50:53.511] [upf_app] [debug] Send a simple HTTP request
[2026-09-29 08:50:53.512] [upf_app] [info] Got successful response from NRF
[2026-09-29 08:50:53.512] [upf_app] [debug] Set a timer to the next Heart-beat (10)
[2026-09-29 08:50:57.972] [upf_n4 ] [info] TIME-OUT event timer id 6862
[2026-09-29 08:50:57.972] [upf_n4 ] [info] TIME-OUT event timer id 6863
[2026-09-29 08:50:57.972] [upf_n4 ] [info] PFCP HEARTBEAT PROCEDURE hash 169352876 starting
[2026-09-29 08:50:57.972] [upf_n4 ] [info] handle_receive(16 bytes)
[2026-09-29 08:50:57.972] [upf_n4 ] [info] Received SX HEARTBEAT RESPONSE
[2026-09-29 08:51:02.966] [upf_n4 ] [info] handle_receive(16 bytes)
[2026-09-29 08:51:02.966] [upf_n4 ] [info] Received SX HEARTBEAT REQUEST
[2026-09-29 08:51:02.972] [upf_n4 ] [info] TIME-OUT event timer id 6867
[2026-09-29 08:51:02.972] [upf_n4 ] [info] TIME-OUT event timer id 6868
[2026-09-29 08:51:02.972] [upf_n4 ] [info] PFCP HEARTBEAT PROCEDURE hash 169352876 starting
[2026-09-29 08:51:02.973] [upf_n4 ] [info] handle_receive(16 bytes)
[2026-09-29 08:51:02.973] [upf_n4 ] [info] Received SX HEARTBEAT RESPONSE
[2026-09-29 08:51:03.513] [upf_app] [info] TIME-OUT event timer id 6864
[2026-09-29 08:51:03.513] [upf_app] [debug] Send Heartbeat to NRF
[2026-09-29 08:51:03.513] [upf_app] [info] Send NF Update to NRF
[2026-09-29 08:51:03.513] [upf_app] [debug] Send NF Update to NRF (Msg body [{"op":"replace","path":"/nfStatus","value":"REGISTERED"}])
[2026-09-29 08:51:03.513] [upf_app] [debug] Send NF Update to NRF (NRF URL http://oai-nrf.oai-core.svc.cluster.local:80/nnrf-nfm/v1/nf-instances/23f448d9-fc64-4a49-98a4-5c7e36d915b6)
[2026-09-29 08:51:03.513] [upf_app] [debug] Send a simple HTTP request
[2026-09-29 08:51:03.514] [upf_app] [info] Got successful response from NRF
[2026-09-29 08:51:03.514] [upf_app] [debug] Set a timer to the next Heart-beat (10)
[2026-09-29 08:51:07.972] [upf_n4 ] [info] TIME-OUT event timer id 6872
[2026-09-29 08:51:07.973] [upf_n4 ] [info] TIME-OUT event timer id 6873
[2026-09-29 08:51:07.973] [upf_n4 ] [info] PFCP HEARTBEAT PROCEDURE hash 169352876 starting
[2026-09-29 08:51:07.973] [upf_n4 ] [info] handle_receive(16 bytes)
[2026-09-29 08:51:07.973] [upf_n4 ] [info] Received SX HEARTBEAT RESPONSE
[2026-09-29 08:51:12.967] [upf_n4 ] [info] handle_receive(16 bytes)
[2026-09-29 08:51:12.967] [upf_n4 ] [info] Received SX HEARTBEAT REQUEST
[2026-09-29 08:51:12.973] [upf_n4 ] [info] TIME-OUT event timer id 6877
[2026-09-29 08:51:12.973] [upf_n4 ] [info] TIME-OUT event timer id 6878
[2026-09-29 08:51:12.973] [upf_n4 ] [info] PFCP HEARTBEAT PROCEDURE hash 169352876 starting
[2026-09-29 08:51:12.973] [upf_n4 ] [info] handle_receive(16 bytes)
[2026-09-29 08:51:12.973] [upf_n4 ] [info] Received SX HEARTBEAT RESPONSE
[2026-09-29 08:51:13.514] [upf_app] [info] TIME-OUT event timer id 6874
[2026-09-29 08:51:13.514] [upf_app] [debug] Send Heartbeat to NRF
[2026-09-29 08:51:13.514] [upf_app] [info] Send NF Update to NRF
[2026-09-29 08:51:13.514] [upf_app] [debug] Send NF Update to NRF (Msg body [{"op":"replace","path":"/nfStatus","value":"REGISTERED"}])
[2026-09-29 08:51:13.514] [upf_app] [debug] Send NF Update to NRF (NRF URL http://oai-nrf.oai-core.svc.cluster.local:80/nnrf-nfm/v1/nf-instances/23f448d9-fc64-4a49-98a4-5c7e36d915b6)
[2026-09-29 08:51:13.514] [upf_app] [debug] Send a simple HTTP request
[2026-09-29 08:51:13.517] [upf_app] [info] Got successful response from NRF
[2026-09-29 08:51:13.517] [upf_app] [debug] Set a timer to the next Heart-beat (10)
[2026-09-29 08:51:17.973] [upf_n4 ] [info] TIME-OUT event timer id 6882
[2026-09-29 08:51:17.973] [upf_n4 ] [info] TIME-OUT event timer id 6883
[2026-09-29 08:51:17.973] [upf_n4 ] [info] PFCP HEARTBEAT PROCEDURE hash 169352876 starting
[2026-09-29 08:51:17.973] [upf_n4 ] [info] handle_receive(16 bytes)
[2026-09-29 08:51:17.973] [upf_n4 ] [info] Received SX HEARTBEAT RESPONSE
[2026-09-29 08:51:22.967] [upf_n4 ] [info] handle_receive(16 bytes)
[2026-09-29 08:51:22.967] [upf_n4 ] [info] Received SX HEARTBEAT REQUEST
[2026-09-29 08:51:22.973] [upf_n4 ] [info] TIME-OUT event timer id 6887
[2026-09-29 08:51:22.973] [upf_n4 ] [info] TIME-OUT event timer id 6888
[2026-09-29 08:51:22.973] [upf_n4 ] [info] PFCP HEARTBEAT PROCEDURE hash 169352876 starting
[2026-09-29 08:51:22.973] [upf_n4 ] [info] handle_receive(16 bytes)
[2026-09-29 08:51:22.973] [upf_n4 ] [info] Received SX HEARTBEAT RESPONSE
[2026-09-29 08:51:23.517] [upf_app] [info] TIME-OUT event timer id 6884
[2026-09-29 08:51:23.517] [upf_app] [debug] Send Heartbeat to NRF
[2026-09-29 08:51:23.517] [upf_app] [info] Send NF Update to NRF
[2026-09-29 08:51:23.517] [upf_app] [debug] Send NF Update to NRF (Msg body [{"op":"replace","path":"/nfStatus","value":"REGISTERED"}])
[2026-09-29 08:51:23.517] [upf_app] [debug] Send NF Update to NRF (NRF URL http://oai-nrf.oai-core.svc.cluster.local:80/nnrf-nfm/v1/nf-instances/23f448d9-fc64-4a49-98a4-5c7e36d915b6)
[2026-09-29 08:51:23.517] [upf_app] [debug] Send a simple HTTP request
[2026-09-29 08:51:23.519] [upf_app] [info] Got successful response from NRF
[2026-09-29 08:51:23.519] [upf_app] [debug] Set a timer to the next Heart-beat (10)
[2026-09-29 08:51:27.973] [upf_n4 ] [info] TIME-OUT event timer id 6892
[2026-09-29 08:51:27.973] [upf_n4 ] [info] TIME-OUT event timer id 6893
[2026-09-29 08:51:27.973] [upf_n4 ] [info] PFCP HEARTBEAT PROCEDURE hash 169352876 starting
[2026-09-29 08:51:27.973] [upf_n4 ] [info] handle_receive(16 bytes)
[2026-09-29 08:51:27.973] [upf_n4 ] [info] Received SX HEARTBEAT RESPONSE
[2026-09-29 08:51:32.967] [upf_n4 ] [info] handle_receive(16 bytes)
[2026-09-29 08:51:32.967] [upf_n4 ] [info] Received SX HEARTBEAT REQUEST
[2026-09-29 08:51:32.973] [upf_n4 ] [info] TIME-OUT event timer id 6897
[2026-09-29 08:51:32.973] [upf_n4 ] [info] TIME-OUT event timer id 6898
[2026-09-29 08:51:32.973] [upf_n4 ] [info] PFCP HEARTBEAT PROCEDURE hash 169352876 starting
[2026-09-29 08:51:32.973] [upf_n4 ] [info] handle_receive(16 bytes)
[2026-09-29 08:51:32.973] [upf_n4 ] [info] Received SX HEARTBEAT RESPONSE
[2026-09-29 08:51:33.519] [upf_app] [info] TIME-OUT event timer id 6894
[2026-09-29 08:51:33.519] [upf_app] [debug] Send Heartbeat to NRF
[2026-09-29 08:51:33.519] [upf_app] [info] Send NF Update to NRF
[2026-09-29 08:51:33.519] [upf_app] [debug] Send NF Update to NRF (Msg body [{"op":"replace","path":"/nfStatus","value":"REGISTERED"}])
[2026-09-29 08:51:33.519] [upf_app] [debug] Send NF Update to NRF (NRF URL http://oai-nrf.oai-core.svc.cluster.local:80/nnrf-nfm/v1/nf-instances/23f448d9-fc64-4a49-98a4-5c7e36d915b6)
[2026-09-29 08:51:33.519] [upf_app] [debug] Send a simple HTTP request
[2026-09-29 08:51:33.521] [upf_app] [info] Got successful response from NRF
[2026-09-29 08:51:33.521] [upf_app] [debug] Set a timer to the next Heart-beat (10)
[2026-09-29 08:51:37.973] [upf_n4 ] [info] TIME-OUT event timer id 6902
[2026-09-29 08:51:37.973] [upf_n4 ] [info] TIME-OUT event timer id 6903
[2026-09-29 08:51:37.973] [upf_n4 ] [info] PFCP HEARTBEAT PROCEDURE hash 169352876 starting
[2026-09-29 08:51:37.974] [upf_n4 ] [info] handle_receive(16 bytes)
[2026-09-29 08:51:37.974] [upf_n4 ] [info] Received SX HEARTBEAT RESPONSE
[2026-09-29 08:51:42.968] [upf_n4 ] [info] handle_receive(16 bytes)
[2026-09-29 08:51:42.968] [upf_n4 ] [info] Received SX HEARTBEAT REQUEST
[2026-09-29 08:51:42.974] [upf_n4 ] [info] TIME-OUT event timer id 6907
[2026-09-29 08:51:42.974] [upf_n4 ] [info] TIME-OUT event timer id 6908
[2026-09-29 08:51:42.974] [upf_n4 ] [info] PFCP HEARTBEAT PROCEDURE hash 169352876 starting
[2026-09-29 08:51:42.974] [upf_n4 ] [info] handle_receive(16 bytes)
[2026-09-29 08:51:42.974] [upf_n4 ] [info] Received SX HEARTBEAT RESPONSE
[2026-09-29 08:51:43.521] [upf_app] [info] TIME-OUT event timer id 6904
[2026-09-29 08:51:43.521] [upf_app] [debug] Send Heartbeat to NRF
[2026-09-29 08:51:43.521] [upf_app] [info] Send NF Update to NRF
[2026-09-29 08:51:43.521] [upf_app] [debug] Send NF Update to NRF (Msg body [{"op":"replace","path":"/nfStatus","value":"REGISTERED"}])
[2026-09-29 08:51:43.521] [upf_app] [debug] Send NF Update to NRF (NRF URL http://oai-nrf.oai-core.svc.cluster.local:80/nnrf-nfm/v1/nf-instances/23f448d9-fc64-4a49-98a4-5c7e36d915b6)
[2026-09-29 08:51:43.521] [upf_app] [debug] Send a simple HTTP request
[2026-09-29 08:51:43.522] [upf_app] [info] Got successful response from NRF
[2026-09-29 08:51:43.522] [upf_app] [debug] Set a timer to the next Heart-beat (10)
[2026-09-29 08:51:47.974] [upf_n4 ] [info] TIME-OUT event timer id 6912
[2026-09-29 08:51:47.974] [upf_n4 ] [info] TIME-OUT event timer id 6913
[2026-09-29 08:51:47.974] [upf_n4 ] [info] PFCP HEARTBEAT PROCEDURE hash 169352876 starting
[2026-09-29 08:51:47.974] [upf_n4 ] [info] handle_receive(16 bytes)
[2026-09-29 08:51:47.974] [upf_n4 ] [info] Received SX HEARTBEAT RESPONSE
[2026-09-29 08:51:52.968] [upf_n4 ] [info] handle_receive(16 bytes)
[2026-09-29 08:51:52.968] [upf_n4 ] [info] Received SX HEARTBEAT REQUEST
[2026-09-29 08:51:52.974] [upf_n4 ] [info] TIME-OUT event timer id 6917
[2026-09-29 08:51:52.974] [upf_n4 ] [info] TIME-OUT event timer id 6918
[2026-09-29 08:51:52.974] [upf_n4 ] [info] PFCP HEARTBEAT PROCEDURE hash 169352876 starting
[2026-09-29 08:51:52.974] [upf_n4 ] [info] handle_receive(16 bytes)
[2026-09-29 08:51:52.974] [upf_n4 ] [info] Received SX HEARTBEAT RESPONSE
[2026-09-29 08:51:53.522] [upf_app] [info] TIME-OUT event timer id 6914
[2026-09-29 08:51:53.522] [upf_app] [debug] Send Heartbeat to NRF
[2026-09-29 08:51:53.522] [upf_app] [info] Send NF Update to NRF
[2026-09-29 08:51:53.522] [upf_app] [debug] Send NF Update to NRF (Msg body [{"op":"replace","path":"/nfStatus","value":"REGISTERED"}])
[2026-09-29 08:51:53.522] [upf_app] [debug] Send NF Update to NRF (NRF URL http://oai-nrf.oai-core.svc.cluster.local:80/nnrf-nfm/v1/nf-instances/23f448d9-fc64-4a49-98a4-5c7e36d915b6)
[2026-09-29 08:51:53.522] [upf_app] [debug] Send a simple HTTP request
[2026-09-29 08:51:53.524] [upf_app] [info] Got successful response from NRF
[2026-09-29 08:51:53.524] [upf_app] [debug] Set a timer to the next Heart-beat (10)
[2026-09-29 08:51:57.974] [upf_n4 ] [info] TIME-OUT event timer id 6922
[2026-09-29 08:51:57.974] [upf_n4 ] [info] TIME-OUT event timer id 6923
[2026-09-29 08:51:57.974] [upf_n4 ] [info] PFCP HEARTBEAT PROCEDURE hash 169352876 starting
[2026-09-29 08:51:57.974] [upf_n4 ] [info] handle_receive(16 bytes)
[2026-09-29 08:51:57.974] [upf_n4 ] [info] Received SX HEARTBEAT RESPONSE
[2026-09-29 08:52:02.968] [upf_n4 ] [info] handle_receive(16 bytes)
[2026-09-29 08:52:02.969] [upf_n4 ] [info] Received SX HEARTBEAT REQUEST
[2026-09-29 08:52:02.974] [upf_n4 ] [info] TIME-OUT event timer id 6927
[2026-09-29 08:52:02.974] [upf_n4 ] [info] TIME-OUT event timer id 6928
[2026-09-29 08:52:02.974] [upf_n4 ] [info] PFCP HEARTBEAT PROCEDURE hash 169352876 starting
[2026-09-29 08:52:02.975] [upf_n4 ] [info] handle_receive(16 bytes)
[2026-09-29 08:52:02.975] [upf_n4 ] [info] Received SX HEARTBEAT RESPONSE
[2026-09-29 08:52:03.524] [upf_app] [info] TIME-OUT event timer id 6924
[2026-09-29 08:52:03.524] [upf_app] [debug] Send Heartbeat to NRF
[2026-09-29 08:52:03.524] [upf_app] [info] Send NF Update to NRF
[2026-09-29 08:52:03.524] [upf_app] [debug] Send NF Update to NRF (Msg body [{"op":"replace","path":"/nfStatus","value":"REGISTERED"}])
[2026-09-29 08:52:03.524] [upf_app] [debug] Send NF Update to NRF (NRF URL http://oai-nrf.oai-core.svc.cluster.local:80/nnrf-nfm/v1/nf-instances/23f448d9-fc64-4a49-98a4-5c7e36d915b6)
[2026-09-29 08:52:03.524] [upf_app] [debug] Send a simple HTTP request
[2026-09-29 08:52:03.526] [upf_app] [info] Got successful response from NRF
[2026-09-29 08:52:03.526] [upf_app] [debug] Set a timer to the next Heart-beat (10)
[2026-09-29 08:52:07.974] [upf_n4 ] [info] TIME-OUT event timer id 6932
[2026-09-29 08:52:07.975] [upf_n4 ] [info] TIME-OUT event timer id 6933
[2026-09-29 08:52:07.975] [upf_n4 ] [info] PFCP HEARTBEAT PROCEDURE hash 169352876 starting
[2026-09-29 08:52:07.975] [upf_n4 ] [info] handle_receive(16 bytes)
[2026-09-29 08:52:07.975] [upf_n4 ] [info] Received SX HEARTBEAT RESPONSE
[2026-09-29 08:52:12.969] [upf_n4 ] [info] handle_receive(16 bytes)
[2026-09-29 08:52:12.969] [upf_n4 ] [info] Received SX HEARTBEAT REQUEST
[2026-09-29 08:52:12.975] [upf_n4 ] [info] TIME-OUT event timer id 6937
[2026-09-29 08:52:12.975] [upf_n4 ] [info] TIME-OUT event timer id 6938
[2026-09-29 08:52:12.975] [upf_n4 ] [info] PFCP HEARTBEAT PROCEDURE hash 169352876 starting
[2026-09-29 08:52:12.975] [upf_n4 ] [info] handle_receive(16 bytes)
[2026-09-29 08:52:12.975] [upf_n4 ] [info] Received SX HEARTBEAT RESPONSE
[2026-09-29 08:52:13.526] [upf_app] [info] TIME-OUT event timer id 6934
[2026-09-29 08:52:13.526] [upf_app] [debug] Send Heartbeat to NRF
[2026-09-29 08:52:13.526] [upf_app] [info] Send NF Update to NRF
[2026-09-29 08:52:13.526] [upf_app] [debug] Send NF Update to NRF (Msg body [{"op":"replace","path":"/nfStatus","value":"REGISTERED"}])
[2026-09-29 08:52:13.526] [upf_app] [debug] Send NF Update to NRF (NRF URL http://oai-nrf.oai-core.svc.cluster.local:80/nnrf-nfm/v1/nf-instances/23f448d9-fc64-4a49-98a4-5c7e36d915b6)
[2026-09-29 08:52:13.526] [upf_app] [debug] Send a simple HTTP request
[2026-09-29 08:52:13.529] [upf_app] [info] Got successful response from NRF
[2026-09-29 08:52:13.529] [upf_app] [debug] Set a timer to the next Heart-beat (10)
[2026-09-29 08:52:17.975] [upf_n4 ] [info] TIME-OUT event timer id 6942
[2026-09-29 08:52:17.975] [upf_n4 ] [info] TIME-OUT event timer id 6943
[2026-09-29 08:52:17.975] [upf_n4 ] [info] PFCP HEARTBEAT PROCEDURE hash 169352876 starting
[2026-09-29 08:52:17.976] [upf_n4 ] [info] handle_receive(16 bytes)
[2026-09-29 08:52:17.976] [upf_n4 ] [info] Received SX HEARTBEAT RESPONSE
[2026-09-29 08:52:22.969] [upf_n4 ] [info] handle_receive(16 bytes)
[2026-09-29 08:52:22.969] [upf_n4 ] [info] Received SX HEARTBEAT REQUEST
[2026-09-29 08:52:22.975] [upf_n4 ] [info] TIME-OUT event timer id 6947
[2026-09-29 08:52:22.976] [upf_n4 ] [info] TIME-OUT event timer id 6948
[2026-09-29 08:52:22.976] [upf_n4 ] [info] PFCP HEARTBEAT PROCEDURE hash 169352876 starting
[2026-09-29 08:52:22.976] [upf_n4 ] [info] handle_receive(16 bytes)
[2026-09-29 08:52:22.976] [upf_n4 ] [info] Received SX HEARTBEAT RESPONSE
[2026-09-29 08:52:23.529] [upf_app] [info] TIME-OUT event timer id 6944
[2026-09-29 08:52:23.529] [upf_app] [debug] Send Heartbeat to NRF
[2026-09-29 08:52:23.529] [upf_app] [info] Send NF Update to NRF
[2026-09-29 08:52:23.529] [upf_app] [debug] Send NF Update to NRF (Msg body [{"op":"replace","path":"/nfStatus","value":"REGISTERED"}])
[2026-09-29 08:52:23.529] [upf_app] [debug] Send NF Update to NRF (NRF URL http://oai-nrf.oai-core.svc.cluster.local:80/nnrf-nfm/v1/nf-instances/23f448d9-fc64-4a49-98a4-5c7e36d915b6)
[2026-09-29 08:52:23.529] [upf_app] [debug] Send a simple HTTP request
[2026-09-29 08:52:23.531] [upf_app] [info] Got successful response from NRF
[2026-09-29 08:52:23.531] [upf_app] [debug] Set a timer to the next Heart-beat (10)
[2026-09-29 08:52:27.976] [upf_n4 ] [info] TIME-OUT event timer id 6952
[2026-09-29 08:52:27.976] [upf_n4 ] [info] TIME-OUT event timer id 6953
[2026-09-29 08:52:27.976] [upf_n4 ] [info] PFCP HEARTBEAT PROCEDURE hash 169352876 starting
[2026-09-29 08:52:27.976] [upf_n4 ] [info] handle_receive(16 bytes)
[2026-09-29 08:52:27.976] [upf_n4 ] [info] Received SX HEARTBEAT RESPONSE
[2026-09-29 08:52:32.970] [upf_n4 ] [info] handle_receive(16 bytes)
[2026-09-29 08:52:32.970] [upf_n4 ] [info] Received SX HEARTBEAT REQUEST
[2026-09-29 08:52:32.976] [upf_n4 ] [info] TIME-OUT event timer id 6957
[2026-09-29 08:52:32.976] [upf_n4 ] [info] TIME-OUT event timer id 6958
[2026-09-29 08:52:32.976] [upf_n4 ] [info] PFCP HEARTBEAT PROCEDURE hash 169352876 starting
[2026-09-29 08:52:32.977] [upf_n4 ] [info] handle_receive(16 bytes)
[2026-09-29 08:52:32.977] [upf_n4 ] [info] Received SX HEARTBEAT RESPONSE
[2026-09-29 08:52:33.531] [upf_app] [info] TIME-OUT event timer id 6954
[2026-09-29 08:52:33.531] [upf_app] [debug] Send Heartbeat to NRF
[2026-09-29 08:52:33.531] [upf_app] [info] Send NF Update to NRF
[2026-09-29 08:52:33.531] [upf_app] [debug] Send NF Update to NRF (Msg body [{"op":"replace","path":"/nfStatus","value":"REGISTERED"}])
[2026-09-29 08:52:33.531] [upf_app] [debug] Send NF Update to NRF (NRF URL http://oai-nrf.oai-core.svc.cluster.local:80/nnrf-nfm/v1/nf-instances/23f448d9-fc64-4a49-98a4-5c7e36d915b6)
[2026-09-29 08:52:33.531] [upf_app] [debug] Send a simple HTTP request
[2026-09-29 08:52:33.533] [upf_app] [info] Got successful response from NRF
[2026-09-29 08:52:33.533] [upf_app] [debug] Set a timer to the next Heart-beat (10)
[2026-09-29 08:52:37.976] [upf_n4 ] [info] TIME-OUT event timer id 6962
[2026-09-29 08:52:37.977] [upf_n4 ] [info] TIME-OUT event timer id 6963
[2026-09-29 08:52:37.977] [upf_n4 ] [info] PFCP HEARTBEAT PROCEDURE hash 169352876 starting
[2026-09-29 08:52:37.977] [upf_n4 ] [info] handle_receive(16 bytes)
[2026-09-29 08:52:37.977] [upf_n4 ] [info] Received SX HEARTBEAT RESPONSE
[2026-09-29 08:52:42.970] [upf_n4 ] [info] handle_receive(16 bytes)
[2026-09-29 08:52:42.970] [upf_n4 ] [info] Received SX HEARTBEAT REQUEST
[2026-09-29 08:52:42.977] [upf_n4 ] [info] TIME-OUT event timer id 6967
[2026-09-29 08:52:42.977] [upf_n4 ] [info] TIME-OUT event timer id 6968
[2026-09-29 08:52:42.977] [upf_n4 ] [info] PFCP HEARTBEAT PROCEDURE hash 169352876 starting
[2026-09-29 08:52:42.977] [upf_n4 ] [info] handle_receive(16 bytes)
[2026-09-29 08:52:42.977] [upf_n4 ] [info] Received SX HEARTBEAT RESPONSE
[2026-09-29 08:52:43.533] [upf_app] [info] TIME-OUT event timer id 6964
[2026-09-29 08:52:43.533] [upf_app] [debug] Send Heartbeat to NRF
[2026-09-29 08:52:43.533] [upf_app] [info] Send NF Update to NRF
[2026-09-29 08:52:43.533] [upf_app] [debug] Send NF Update to NRF (Msg body [{"op":"replace","path":"/nfStatus","value":"REGISTERED"}])
[2026-09-29 08:52:43.533] [upf_app] [debug] Send NF Update to NRF (NRF URL http://oai-nrf.oai-core.svc.cluster.local:80/nnrf-nfm/v1/nf-instances/23f448d9-fc64-4a49-98a4-5c7e36d915b6)
[2026-09-29 08:52:43.533] [upf_app] [debug] Send a simple HTTP request
[2026-09-29 08:52:43.535] [upf_app] [info] Got successful response from NRF
[2026-09-29 08:52:43.535] [upf_app] [debug] Set a timer to the next Heart-beat (10)
[2026-09-29 08:52:47.977] [upf_n4 ] [info] TIME-OUT event timer id 6972
[2026-09-29 08:52:47.977] [upf_n4 ] [info] TIME-OUT event timer id 6973
[2026-09-29 08:52:47.977] [upf_n4 ] [info] PFCP HEARTBEAT PROCEDURE hash 169352876 starting
[2026-09-29 08:52:47.977] [upf_n4 ] [info] handle_receive(16 bytes)
[2026-09-29 08:52:47.977] [upf_n4 ] [info] Received SX HEARTBEAT RESPONSE
[2026-09-29 08:52:52.970] [upf_n4 ] [info] handle_receive(16 bytes)
[2026-09-29 08:52:52.970] [upf_n4 ] [info] Received SX HEARTBEAT REQUEST
[2026-09-29 08:52:52.977] [upf_n4 ] [info] TIME-OUT event timer id 6977
[2026-09-29 08:52:52.977] [upf_n4 ] [info] TIME-OUT event timer id 6978
[2026-09-29 08:52:52.977] [upf_n4 ] [info] PFCP HEARTBEAT PROCEDURE hash 169352876 starting
[2026-09-29 08:52:52.977] [upf_n4 ] [info] handle_receive(16 bytes)
[2026-09-29 08:52:52.977] [upf_n4 ] [info] Received SX HEARTBEAT RESPONSE
[2026-09-29 08:52:53.535] [upf_app] [info] TIME-OUT event timer id 6974
[2026-09-29 08:52:53.535] [upf_app] [debug] Send Heartbeat to NRF
[2026-09-29 08:52:53.535] [upf_app] [info] Send NF Update to NRF
[2026-09-29 08:52:53.535] [upf_app] [debug] Send NF Update to NRF (Msg body [{"op":"replace","path":"/nfStatus","value":"REGISTERED"}])
[2026-09-29 08:52:53.535] [upf_app] [debug] Send NF Update to NRF (NRF URL http://oai-nrf.oai-core.svc.cluster.local:80/nnrf-nfm/v1/nf-instances/23f448d9-fc64-4a49-98a4-5c7e36d915b6)
[2026-09-29 08:52:53.535] [upf_app] [debug] Send a simple HTTP request
[2026-09-29 08:52:53.537] [upf_app] [info] Got successful response from NRF
[2026-09-29 08:52:53.537] [upf_app] [debug] Set a timer to the next Heart-beat (10)
[2026-09-29 08:52:57.977] [upf_n4 ] [info] TIME-OUT event timer id 6982
[2026-09-29 08:52:57.977] [upf_n4 ] [info] TIME-OUT event timer id 6983
[2026-09-29 08:52:57.977] [upf_n4 ] [info] PFCP HEARTBEAT PROCEDURE hash 169352876 starting
[2026-09-29 08:52:57.977] [upf_n4 ] [info] handle_receive(16 bytes)
[2026-09-29 08:52:57.977] [upf_n4 ] [info] Received SX HEARTBEAT RESPONSE
[2026-09-29 08:53:02.971] [upf_n4 ] [info] handle_receive(16 bytes)
[2026-09-29 08:53:02.971] [upf_n4 ] [info] Received SX HEARTBEAT REQUEST
[2026-09-29 08:53:02.977] [upf_n4 ] [info] TIME-OUT event timer id 6987
[2026-09-29 08:53:02.977] [upf_n4 ] [info] TIME-OUT event timer id 6988
[2026-09-29 08:53:02.977] [upf_n4 ] [info] PFCP HEARTBEAT PROCEDURE hash 169352876 starting
[2026-09-29 08:53:02.977] [upf_n4 ] [info] handle_receive(16 bytes)
[2026-09-29 08:53:02.977] [upf_n4 ] [info] Received SX HEARTBEAT RESPONSE
[2026-09-29 08:53:03.537] [upf_app] [info] TIME-OUT event timer id 6984
[2026-09-29 08:53:03.537] [upf_app] [debug] Send Heartbeat to NRF
[2026-09-29 08:53:03.537] [upf_app] [info] Send NF Update to NRF
[2026-09-29 08:53:03.537] [upf_app] [debug] Send NF Update to NRF (Msg body [{"op":"replace","path":"/nfStatus","value":"REGISTERED"}])
[2026-09-29 08:53:03.537] [upf_app] [debug] Send NF Update to NRF (NRF URL http://oai-nrf.oai-core.svc.cluster.local:80/nnrf-nfm/v1/nf-instances/23f448d9-fc64-4a49-98a4-5c7e36d915b6)
[2026-09-29 08:53:03.537] [upf_app] [debug] Send a simple HTTP request
[2026-09-29 08:53:03.540] [upf_app] [info] Got successful response from NRF
[2026-09-29 08:53:03.540] [upf_app] [debug] Set a timer to the next Heart-beat (10)
[2026-09-29 08:53:07.977] [upf_n4 ] [info] TIME-OUT event timer id 6992
[2026-09-29 08:53:07.977] [upf_n4 ] [info] TIME-OUT event timer id 6993
[2026-09-29 08:53:07.977] [upf_n4 ] [info] PFCP HEARTBEAT PROCEDURE hash 169352876 starting
[2026-09-29 08:53:07.978] [upf_n4 ] [info] handle_receive(16 bytes)
[2026-09-29 08:53:07.978] [upf_n4 ] [info] Received SX HEARTBEAT RESPONSE
[2026-09-29 08:53:12.971] [upf_n4 ] [info] handle_receive(16 bytes)
[2026-09-29 08:53:12.971] [upf_n4 ] [info] Received SX HEARTBEAT REQUEST
[2026-09-29 08:53:12.978] [upf_n4 ] [info] TIME-OUT event timer id 6997
[2026-09-29 08:53:12.978] [upf_n4 ] [info] TIME-OUT event timer id 6998
[2026-09-29 08:53:12.978] [upf_n4 ] [info] PFCP HEARTBEAT PROCEDURE hash 169352876 starting
[2026-09-29 08:53:12.978] [upf_n4 ] [info] handle_receive(16 bytes)
[2026-09-29 08:53:12.978] [upf_n4 ] [info] Received SX HEARTBEAT RESPONSE
[2026-09-29 08:53:13.540] [upf_app] [info] TIME-OUT event timer id 6994
[2026-09-29 08:53:13.540] [upf_app] [debug] Send Heartbeat to NRF
[2026-09-29 08:53:13.540] [upf_app] [info] Send NF Update to NRF
[2026-09-29 08:53:13.540] [upf_app] [debug] Send NF Update to NRF (Msg body [{"op":"replace","path":"/nfStatus","value":"REGISTERED"}])
[2026-09-29 08:53:13.540] [upf_app] [debug] Send NF Update to NRF (NRF URL http://oai-nrf.oai-core.svc.cluster.local:80/nnrf-nfm/v1/nf-instances/23f448d9-fc64-4a49-98a4-5c7e36d915b6)
[2026-09-29 08:53:13.540] [upf_app] [debug] Send a simple HTTP request
[2026-09-29 08:53:13.542] [upf_app] [info] Got successful response from NRF
[2026-09-29 08:53:13.542] [upf_app] [debug] Set a timer to the next Heart-beat (10)
[2026-09-29 08:53:17.978] [upf_n4 ] [info] TIME-OUT event timer id 7002
[2026-09-29 08:53:17.978] [upf_n4 ] [info] TIME-OUT event timer id 7003
[2026-09-29 08:53:17.978] [upf_n4 ] [info] PFCP HEARTBEAT PROCEDURE hash 169352876 starting
[2026-09-29 08:53:17.978] [upf_n4 ] [info] handle_receive(16 bytes)
[2026-09-29 08:53:17.978] [upf_n4 ] [info] Received SX HEARTBEAT RESPONSE
[2026-09-29 08:53:22.971] [upf_n4 ] [info] handle_receive(16 bytes)
[2026-09-29 08:53:22.971] [upf_n4 ] [info] Received SX HEARTBEAT REQUEST
[2026-09-29 08:53:22.978] [upf_n4 ] [info] TIME-OUT event timer id 7007
[2026-09-29 08:53:22.978] [upf_n4 ] [info] TIME-OUT event timer id 7008
[2026-09-29 08:53:22.978] [upf_n4 ] [info] PFCP HEARTBEAT PROCEDURE hash 169352876 starting
[2026-09-29 08:53:22.978] [upf_n4 ] [info] handle_receive(16 bytes)
[2026-09-29 08:53:22.978] [upf_n4 ] [info] Received SX HEARTBEAT RESPONSE
[2026-09-29 08:53:23.542] [upf_app] [info] TIME-OUT event timer id 7004
[2026-09-29 08:53:23.542] [upf_app] [debug] Send Heartbeat to NRF
[2026-09-29 08:53:23.542] [upf_app] [info] Send NF Update to NRF
[2026-09-29 08:53:23.542] [upf_app] [debug] Send NF Update to NRF (Msg body [{"op":"replace","path":"/nfStatus","value":"REGISTERED"}])
[2026-09-29 08:53:23.542] [upf_app] [debug] Send NF Update to NRF (NRF URL http://oai-nrf.oai-core.svc.cluster.local:80/nnrf-nfm/v1/nf-instances/23f448d9-fc64-4a49-98a4-5c7e36d915b6)
[2026-09-29 08:53:23.542] [upf_app] [debug] Send a simple HTTP request
[2026-09-29 08:53:23.544] [upf_app] [info] Got successful response from NRF
[2026-09-29 08:53:23.544] [upf_app] [debug] Set a timer to the next Heart-beat (10)
[2026-09-29 08:53:27.978] [upf_n4 ] [info] TIME-OUT event timer id 7012
[2026-09-29 08:53:27.978] [upf_n4 ] [info] TIME-OUT event timer id 7013
[2026-09-29 08:53:27.978] [upf_n4 ] [info] PFCP HEARTBEAT PROCEDURE hash 169352876 starting
[2026-09-29 08:53:27.978] [upf_n4 ] [info] handle_receive(16 bytes)
[2026-09-29 08:53:27.978] [upf_n4 ] [info] Received SX HEARTBEAT RESPONSE
[2026-09-29 08:53:32.972] [upf_n4 ] [info] handle_receive(16 bytes)
[2026-09-29 08:53:32.972] [upf_n4 ] [info] Received SX HEARTBEAT REQUEST
[2026-09-29 08:53:32.978] [upf_n4 ] [info] TIME-OUT event timer id 7017
[2026-09-29 08:53:32.978] [upf_n4 ] [info] TIME-OUT event timer id 7018
[2026-09-29 08:53:32.978] [upf_n4 ] [info] PFCP HEARTBEAT PROCEDURE hash 169352876 starting
[2026-09-29 08:53:32.978] [upf_n4 ] [info] handle_receive(16 bytes)
[2026-09-29 08:53:32.978] [upf_n4 ] [info] Received SX HEARTBEAT RESPONSE
[2026-09-29 08:53:33.544] [upf_app] [info] TIME-OUT event timer id 7014
[2026-09-29 08:53:33.545] [upf_app] [debug] Send Heartbeat to NRF
[2026-09-29 08:53:33.545] [upf_app] [info] Send NF Update to NRF
[2026-09-29 08:53:33.545] [upf_app] [debug] Send NF Update to NRF (Msg body [{"op":"replace","path":"/nfStatus","value":"REGISTERED"}])
[2026-09-29 08:53:33.545] [upf_app] [debug] Send NF Update to NRF (NRF URL http://oai-nrf.oai-core.svc.cluster.local:80/nnrf-nfm/v1/nf-instances/23f448d9-fc64-4a49-98a4-5c7e36d915b6)
[2026-09-29 08:53:33.545] [upf_app] [debug] Send a simple HTTP request
[2026-09-29 08:53:33.547] [upf_app] [info] Got successful response from NRF
[2026-09-29 08:53:33.547] [upf_app] [debug] Set a timer to the next Heart-beat (10)
[2026-09-29 08:53:37.978] [upf_n4 ] [info] TIME-OUT event timer id 7022
[2026-09-29 08:53:37.978] [upf_n4 ] [info] TIME-OUT event timer id 7023
[2026-09-29 08:53:37.978] [upf_n4 ] [info] PFCP HEARTBEAT PROCEDURE hash 169352876 starting
[2026-09-29 08:53:37.979] [upf_n4 ] [info] handle_receive(16 bytes)
[2026-09-29 08:53:37.979] [upf_n4 ] [info] Received SX HEARTBEAT RESPONSE
[2026-09-29 08:53:42.972] [upf_n4 ] [info] handle_receive(16 bytes)
[2026-09-29 08:53:42.972] [upf_n4 ] [info] Received SX HEARTBEAT REQUEST
[2026-09-29 08:53:42.979] [upf_n4 ] [info] TIME-OUT event timer id 7027
[2026-09-29 08:53:42.979] [upf_n4 ] [info] TIME-OUT event timer id 7028
[2026-09-29 08:53:42.979] [upf_n4 ] [info] PFCP HEARTBEAT PROCEDURE hash 169352876 starting
[2026-09-29 08:53:42.979] [upf_n4 ] [info] handle_receive(16 bytes)
[2026-09-29 08:53:42.979] [upf_n4 ] [info] Received SX HEARTBEAT RESPONSE
[2026-09-29 08:53:43.547] [upf_app] [info] TIME-OUT event timer id 7024
[2026-09-29 08:53:43.547] [upf_app] [debug] Send Heartbeat to NRF
[2026-09-29 08:53:43.547] [upf_app] [info] Send NF Update to NRF
[2026-09-29 08:53:43.547] [upf_app] [debug] Send NF Update to NRF (Msg body [{"op":"replace","path":"/nfStatus","value":"REGISTERED"}])
[2026-09-29 08:53:43.547] [upf_app] [debug] Send NF Update to NRF (NRF URL http://oai-nrf.oai-core.svc.cluster.local:80/nnrf-nfm/v1/nf-instances/23f448d9-fc64-4a49-98a4-5c7e36d915b6)
[2026-09-29 08:53:43.547] [upf_app] [debug] Send a simple HTTP request
[2026-09-29 08:53:43.549] [upf_app] [info] Got successful response from NRF
[2026-09-29 08:53:43.549] [upf_app] [debug] Set a timer to the next Heart-beat (10)
[2026-09-29 08:53:47.979] [upf_n4 ] [info] TIME-OUT event timer id 7032
[2026-09-29 08:53:47.979] [upf_n4 ] [info] TIME-OUT event timer id 7033
[2026-09-29 08:53:47.979] [upf_n4 ] [info] PFCP HEARTBEAT PROCEDURE hash 169352876 starting
[2026-09-29 08:53:47.979] [upf_n4 ] [info] handle_receive(16 bytes)
[2026-09-29 08:53:47.979] [upf_n4 ] [info] Received SX HEARTBEAT RESPONSE
[2026-09-29 08:53:52.972] [upf_n4 ] [info] handle_receive(16 bytes)
[2026-09-29 08:53:52.972] [upf_n4 ] [info] Received SX HEARTBEAT REQUEST
[2026-09-29 08:53:52.979] [upf_n4 ] [info] TIME-OUT event timer id 7037
[2026-09-29 08:53:52.979] [upf_n4 ] [info] TIME-OUT event timer id 7038
[2026-09-29 08:53:52.979] [upf_n4 ] [info] PFCP HEARTBEAT PROCEDURE hash 169352876 starting
[2026-09-29 08:53:52.979] [upf_n4 ] [info] handle_receive(16 bytes)
[2026-09-29 08:53:52.979] [upf_n4 ] [info] Received SX HEARTBEAT RESPONSE
[2026-09-29 08:53:53.549] [upf_app] [info] TIME-OUT event timer id 7034
[2026-09-29 08:53:53.549] [upf_app] [debug] Send Heartbeat to NRF
[2026-09-29 08:53:53.549] [upf_app] [info] Send NF Update to NRF
[2026-09-29 08:53:53.549] [upf_app] [debug] Send NF Update to NRF (Msg body [{"op":"replace","path":"/nfStatus","value":"REGISTERED"}])
[2026-09-29 08:53:53.549] [upf_app] [debug] Send NF Update to NRF (NRF URL http://oai-nrf.oai-core.svc.cluster.local:80/nnrf-nfm/v1/nf-instances/23f448d9-fc64-4a49-98a4-5c7e36d915b6)
[2026-09-29 08:53:53.549] [upf_app] [debug] Send a simple HTTP request
[2026-09-29 08:53:53.551] [upf_app] [info] Got successful response from NRF
[2026-09-29 08:53:53.551] [upf_app] [debug] Set a timer to the next Heart-beat (10)
[2026-09-29 08:53:57.979] [upf_n4 ] [info] TIME-OUT event timer id 7042
[2026-09-29 08:53:57.979] [upf_n4 ] [info] TIME-OUT event timer id 7043
[2026-09-29 08:53:57.979] [upf_n4 ] [info] PFCP HEARTBEAT PROCEDURE hash 169352876 starting
[2026-09-29 08:53:57.979] [upf_n4 ] [info] handle_receive(16 bytes)
[2026-09-29 08:53:57.979] [upf_n4 ] [info] Received SX HEARTBEAT RESPONSE
[2026-09-29 08:54:02.973] [upf_n4 ] [info] handle_receive(16 bytes)
[2026-09-29 08:54:02.973] [upf_n4 ] [info] Received SX HEARTBEAT REQUEST
[2026-09-29 08:54:02.979] [upf_n4 ] [info] TIME-OUT event timer id 7047
[2026-09-29 08:54:02.979] [upf_n4 ] [info] TIME-OUT event timer id 7048
[2026-09-29 08:54:02.979] [upf_n4 ] [info] PFCP HEARTBEAT PROCEDURE hash 169352876 starting
[2026-09-29 08:54:02.979] [upf_n4 ] [info] handle_receive(16 bytes)
[2026-09-29 08:54:02.979] [upf_n4 ] [info] Received SX HEARTBEAT RESPONSE
[2026-09-29 08:54:03.551] [upf_app] [info] TIME-OUT event timer id 7044
[2026-09-29 08:54:03.551] [upf_app] [debug] Send Heartbeat to NRF
[2026-09-29 08:54:03.551] [upf_app] [info] Send NF Update to NRF
[2026-09-29 08:54:03.551] [upf_app] [debug] Send NF Update to NRF (Msg body [{"op":"replace","path":"/nfStatus","value":"REGISTERED"}])
[2026-09-29 08:54:03.551] [upf_app] [debug] Send NF Update to NRF (NRF URL http://oai-nrf.oai-core.svc.cluster.local:80/nnrf-nfm/v1/nf-instances/23f448d9-fc64-4a49-98a4-5c7e36d915b6)
[2026-09-29 08:54:03.551] [upf_app] [debug] Send a simple HTTP request
[2026-09-29 08:54:03.553] [upf_app] [info] Got successful response from NRF
[2026-09-29 08:54:03.553] [upf_app] [debug] Set a timer to the next Heart-beat (10)
[2026-09-29 08:54:07.979] [upf_n4 ] [info] TIME-OUT event timer id 7052
[2026-09-29 08:54:07.979] [upf_n4 ] [info] TIME-OUT event timer id 7053
[2026-09-29 08:54:07.979] [upf_n4 ] [info] PFCP HEARTBEAT PROCEDURE hash 169352876 starting
[2026-09-29 08:54:07.980] [upf_n4 ] [info] handle_receive(16 bytes)
[2026-09-29 08:54:07.980] [upf_n4 ] [info] Received SX HEARTBEAT RESPONSE
[2026-09-29 08:54:12.973] [upf_n4 ] [info] handle_receive(16 bytes)
[2026-09-29 08:54:12.973] [upf_n4 ] [info] Received SX HEARTBEAT REQUEST
[2026-09-29 08:54:12.979] [upf_n4 ] [info] TIME-OUT event timer id 7057
[2026-09-29 08:54:12.980] [upf_n4 ] [info] TIME-OUT event timer id 7058
[2026-09-29 08:54:12.980] [upf_n4 ] [info] PFCP HEARTBEAT PROCEDURE hash 169352876 starting
[2026-09-29 08:54:12.980] [upf_n4 ] [info] handle_receive(16 bytes)
[2026-09-29 08:54:12.980] [upf_n4 ] [info] Received SX HEARTBEAT RESPONSE
[2026-09-29 08:54:13.553] [upf_app] [info] TIME-OUT event timer id 7054
[2026-09-29 08:54:13.553] [upf_app] [debug] Send Heartbeat to NRF
[2026-09-29 08:54:13.553] [upf_app] [info] Send NF Update to NRF
[2026-09-29 08:54:13.553] [upf_app] [debug] Send NF Update to NRF (Msg body [{"op":"replace","path":"/nfStatus","value":"REGISTERED"}])
[2026-09-29 08:54:13.553] [upf_app] [debug] Send NF Update to NRF (NRF URL http://oai-nrf.oai-core.svc.cluster.local:80/nnrf-nfm/v1/nf-instances/23f448d9-fc64-4a49-98a4-5c7e36d915b6)
[2026-09-29 08:54:13.553] [upf_app] [debug] Send a simple HTTP request
[2026-09-29 08:54:13.555] [upf_app] [info] Got successful response from NRF
[2026-09-29 08:54:13.555] [upf_app] [debug] Set a timer to the next Heart-beat (10)
[2026-09-29 08:54:17.980] [upf_n4 ] [info] TIME-OUT event timer id 7062
[2026-09-29 08:54:17.980] [upf_n4 ] [info] TIME-OUT event timer id 7063
[2026-09-29 08:54:17.980] [upf_n4 ] [info] PFCP HEARTBEAT PROCEDURE hash 169352876 starting
[2026-09-29 08:54:17.980] [upf_n4 ] [info] handle_receive(16 bytes)
[2026-09-29 08:54:17.980] [upf_n4 ] [info] Received SX HEARTBEAT RESPONSE
[2026-09-29 08:54:22.973] [upf_n4 ] [info] handle_receive(16 bytes)
[2026-09-29 08:54:22.973] [upf_n4 ] [info] Received SX HEARTBEAT REQUEST
[2026-09-29 08:54:22.980] [upf_n4 ] [info] TIME-OUT event timer id 7067
[2026-09-29 08:54:22.980] [upf_n4 ] [info] TIME-OUT event timer id 7068
[2026-09-29 08:54:22.980] [upf_n4 ] [info] PFCP HEARTBEAT PROCEDURE hash 169352876 starting
[2026-09-29 08:54:22.980] [upf_n4 ] [info] handle_receive(16 bytes)
[2026-09-29 08:54:22.980] [upf_n4 ] [info] Received SX HEARTBEAT RESPONSE
[2026-09-29 08:54:23.555] [upf_app] [info] TIME-OUT event timer id 7064
[2026-09-29 08:54:23.555] [upf_app] [debug] Send Heartbeat to NRF
[2026-09-29 08:54:23.555] [upf_app] [info] Send NF Update to NRF
[2026-09-29 08:54:23.555] [upf_app] [debug] Send NF Update to NRF (Msg body [{"op":"replace","path":"/nfStatus","value":"REGISTERED"}])
[2026-09-29 08:54:23.555] [upf_app] [debug] Send NF Update to NRF (NRF URL http://oai-nrf.oai-core.svc.cluster.local:80/nnrf-nfm/v1/nf-instances/23f448d9-fc64-4a49-98a4-5c7e36d915b6)
[2026-09-29 08:54:23.555] [upf_app] [debug] Send a simple HTTP request
[2026-09-29 08:54:23.557] [upf_app] [info] Got successful response from NRF
[2026-09-29 08:54:23.557] [upf_app] [debug] Set a timer to the next Heart-beat (10)
[2026-09-29 08:54:27.980] [upf_n4 ] [info] TIME-OUT event timer id 7072
[2026-09-29 08:54:27.980] [upf_n4 ] [info] TIME-OUT event timer id 7073
[2026-09-29 08:54:27.980] [upf_n4 ] [info] PFCP HEARTBEAT PROCEDURE hash 169352876 starting
[2026-09-29 08:54:27.980] [upf_n4 ] [info] handle_receive(16 bytes)
[2026-09-29 08:54:27.980] [upf_n4 ] [info] Received SX HEARTBEAT RESPONSE
[2026-09-29 08:54:32.974] [upf_n4 ] [info] handle_receive(16 bytes)
[2026-09-29 08:54:32.974] [upf_n4 ] [info] Received SX HEARTBEAT REQUEST
[2026-09-29 08:54:32.980] [upf_n4 ] [info] TIME-OUT event timer id 7077
[2026-09-29 08:54:32.980] [upf_n4 ] [info] TIME-OUT event timer id 7078
[2026-09-29 08:54:32.980] [upf_n4 ] [info] PFCP HEARTBEAT PROCEDURE hash 169352876 starting
[2026-09-29 08:54:32.980] [upf_n4 ] [info] handle_receive(16 bytes)
[2026-09-29 08:54:32.980] [upf_n4 ] [info] Received SX HEARTBEAT RESPONSE
[2026-09-29 08:54:33.557] [upf_app] [info] TIME-OUT event timer id 7074
[2026-09-29 08:54:33.557] [upf_app] [debug] Send Heartbeat to NRF
[2026-09-29 08:54:33.557] [upf_app] [info] Send NF Update to NRF
[2026-09-29 08:54:33.557] [upf_app] [debug] Send NF Update to NRF (Msg body [{"op":"replace","path":"/nfStatus","value":"REGISTERED"}])
[2026-09-29 08:54:33.557] [upf_app] [debug] Send NF Update to NRF (NRF URL http://oai-nrf.oai-core.svc.cluster.local:80/nnrf-nfm/v1/nf-instances/23f448d9-fc64-4a49-98a4-5c7e36d915b6)
[2026-09-29 08:54:33.557] [upf_app] [debug] Send a simple HTTP request
[2026-09-29 08:54:33.560] [upf_app] [info] Got successful response from NRF
[2026-09-29 08:54:33.560] [upf_app] [debug] Set a timer to the next Heart-beat (10)
[2026-09-29 08:54:37.980] [upf_n4 ] [info] TIME-OUT event timer id 7082
[2026-09-29 08:54:37.980] [upf_n4 ] [info] TIME-OUT event timer id 7083
[2026-09-29 08:54:37.980] [upf_n4 ] [info] PFCP HEARTBEAT PROCEDURE hash 169352876 starting
[2026-09-29 08:54:37.981] [upf_n4 ] [info] handle_receive(16 bytes)
[2026-09-29 08:54:37.981] [upf_n4 ] [info] Received SX HEARTBEAT RESPONSE
[2026-09-29 08:54:42.974] [upf_n4 ] [info] handle_receive(16 bytes)
[2026-09-29 08:54:42.974] [upf_n4 ] [info] Received SX HEARTBEAT REQUEST
[2026-09-29 08:54:42.980] [upf_n4 ] [info] TIME-OUT event timer id 7087
[2026-09-29 08:54:42.981] [upf_n4 ] [info] TIME-OUT event timer id 7088
[2026-09-29 08:54:42.981] [upf_n4 ] [info] PFCP HEARTBEAT PROCEDURE hash 169352876 starting
[2026-09-29 08:54:42.981] [upf_n4 ] [info] handle_receive(16 bytes)
[2026-09-29 08:54:42.981] [upf_n4 ] [info] Received SX HEARTBEAT RESPONSE
[2026-09-29 08:54:43.560] [upf_app] [info] TIME-OUT event timer id 7084
[2026-09-29 08:54:43.560] [upf_app] [debug] Send Heartbeat to NRF
[2026-09-29 08:54:43.560] [upf_app] [info] Send NF Update to NRF
[2026-09-29 08:54:43.560] [upf_app] [debug] Send NF Update to NRF (Msg body [{"op":"replace","path":"/nfStatus","value":"REGISTERED"}])
[2026-09-29 08:54:43.560] [upf_app] [debug] Send NF Update to NRF (NRF URL http://oai-nrf.oai-core.svc.cluster.local:80/nnrf-nfm/v1/nf-instances/23f448d9-fc64-4a49-98a4-5c7e36d915b6)
[2026-09-29 08:54:43.560] [upf_app] [debug] Send a simple HTTP request
[2026-09-29 08:54:43.562] [upf_app] [info] Got successful response from NRF
[2026-09-29 08:54:43.562] [upf_app] [debug] Set a timer to the next Heart-beat (10)
[2026-09-29 08:54:47.981] [upf_n4 ] [info] TIME-OUT event timer id 7092
[2026-09-29 08:54:47.981] [upf_n4 ] [info] TIME-OUT event timer id 7093
[2026-09-29 08:54:47.981] [upf_n4 ] [info] PFCP HEARTBEAT PROCEDURE hash 169352876 starting
[2026-09-29 08:54:47.982] [upf_n4 ] [info] handle_receive(16 bytes)
[2026-09-29 08:54:47.982] [upf_n4 ] [info] Received SX HEARTBEAT RESPONSE
[2026-09-29 08:54:52.975] [upf_n4 ] [info] handle_receive(16 bytes)
[2026-09-29 08:54:52.975] [upf_n4 ] [info] Received SX HEARTBEAT REQUEST
[2026-09-29 08:54:52.981] [upf_n4 ] [info] TIME-OUT event timer id 7097
[2026-09-29 08:54:52.982] [upf_n4 ] [info] TIME-OUT event timer id 7098
[2026-09-29 08:54:52.982] [upf_n4 ] [info] PFCP HEARTBEAT PROCEDURE hash 169352876 starting
[2026-09-29 08:54:52.982] [upf_n4 ] [info] handle_receive(16 bytes)
[2026-09-29 08:54:52.982] [upf_n4 ] [info] Received SX HEARTBEAT RESPONSE
[2026-09-29 08:54:53.562] [upf_app] [info] TIME-OUT event timer id 7094
[2026-09-29 08:54:53.562] [upf_app] [debug] Send Heartbeat to NRF
[2026-09-29 08:54:53.562] [upf_app] [info] Send NF Update to NRF
[2026-09-29 08:54:53.562] [upf_app] [debug] Send NF Update to NRF (Msg body [{"op":"replace","path":"/nfStatus","value":"REGISTERED"}])
[2026-09-29 08:54:53.562] [upf_app] [debug] Send NF Update to NRF (NRF URL http://oai-nrf.oai-core.svc.cluster.local:80/nnrf-nfm/v1/nf-instances/23f448d9-fc64-4a49-98a4-5c7e36d915b6)
[2026-09-29 08:54:53.562] [upf_app] [debug] Send a simple HTTP request
[2026-09-29 08:54:53.567] [upf_app] [info] Got successful response from NRF
[2026-09-29 08:54:53.567] [upf_app] [debug] Set a timer to the next Heart-beat (10)
[2026-09-29 08:54:53.934] [upf_n4 ] [info] handle_receive(230 bytes)
[2026-09-29 08:54:53.935] [upf_app] [info] 
[2026-09-29 08:54:53.935] [upf_app] [info] ╔═════════════════════════════════════════════════════════════════════════════╗
[2026-09-29 08:54:53.935] [upf_app] [info] │             Received N4_SESSION_ESTABLISHMENT_REQUEST seid 0x4              │
[2026-09-29 08:54:53.935] [upf_app] [info] ╚═════════════════════════════════════════════════════════════════════════════╝
[2026-09-29 08:54:53.935] [upf_n4 ] [info] pfcp_session::add(far) seid 0x4 FAR=1
[2026-09-29 08:54:53.935] [upf_n4 ] [info]   └─ Adding new FAR 1 to session 0x4
[2026-09-29 08:54:53.935] [upf_n4 ] [debug]      • Apply Action: FORW 
[2026-09-29 08:54:53.935] [upf_n4 ] [debug]      • Destination Interface: CORE
[2026-09-29 08:54:53.935] [upf_n4 ] [debug]      • Total FARs in session: 1
[2026-09-29 08:54:53.935] [upf_n4 ] [info] pfcp_session::set(fteid) seid 0x4 
[2026-09-29 08:54:53.935] [upf_n4 ] [info] pfcp_session::get(fteid) seid 0x4 
[2026-09-29 08:54:53.935] [upf_n4 ] [info] pfcp_session::add(pdr) seid 0x4 PDR=1
[2026-09-29 08:54:53.935] [upf_n4 ] [info]   └─ Adding new PDR 1 to session 0x4
[2026-09-29 08:54:53.935] [upf_n4 ] [debug]      • Source Interface: ACCESS (Uplink)
[2026-09-29 08:54:53.935] [upf_n4 ] [debug]      • Local F-TEID: 0x4
[2026-09-29 08:54:53.935] [upf_n4 ] [debug]      • UE IP Address: 10.1.0.5
[2026-09-29 08:54:53.935] [upf_n4 ] [debug]      • Precedence: 0
[2026-09-29 08:54:53.935] [upf_n4 ] [debug]      • Linked FAR: 1
[2026-09-29 08:54:53.935] [upf_n4 ] [debug]      • Linked URR: 1
[2026-09-29 08:54:53.935] [upf_n4 ] [debug]      • Total PDRs in session: 1
[2026-09-29 08:54:53.935] [upf_n4 ] [info] pfcp_session::add(urr) seid 0x4 URR=1
[2026-09-29 08:54:53.935] [upf_n4 ] [info]   └─ Adding new URR 1 to session 0x4
[2026-09-29 08:54:53.935] [upf_n4 ] [debug]      • Measurement Method: VOLUM DURAT 
[2026-09-29 08:54:53.935] [upf_n4 ] [debug]      • Reporting Triggers: PERIO VOLTH TIMTH 
[2026-09-29 08:54:53.935] [upf_n4 ] [debug]      • Measurement Period: 10 s
[2026-09-29 08:54:53.935] [upf_n4 ] [debug]      • Volume Threshold DL: 16718206241729413120 bytes
[2026-09-29 08:54:53.935] [upf_n4 ] [debug]      • Time Threshold: 5 s
[2026-09-29 08:54:53.935] [upf_n4 ] [debug]      • Total URRs in session: 1
[2026-09-29 08:54:53.935] [upf_app] [info] Establish datapath: create(pdr(s), far(s), qer(s), urr(s), bar(s), mar(s))
[2026-09-29 08:54:53.935] [upf_app] [debug] Establish Session seid 0x4
[2026-09-29 08:54:53.935] [upf_app] [debug] [N4] Create session: seid 0x4 - Validating session context
[2026-09-29 08:54:53.935] [upf_app] [debug] [N4] Create Session: seid 0x4 - Creating eBPF data-path pipeline
[2026-09-29 08:54:53.935] [upf_app] [debug]   → Uplink PDRs (1 rules):
[2026-09-29 08:54:53.935] [upf_app] [debug]     • PDR 1: Local F-TEID 0x4 (UPF listens on N3)
[2026-09-29 08:54:53.935] [upf_app] [info] [eBPF] Create Pipeline - Creating pipeline for session 0x4
[2026-09-29 08:54:53.935] [upf_app] [debug] [eBPF] Create Pipeline: seid 0x4 - Starting PDR rule 1 establishment
[2026-09-29 08:54:53.935] [upf_app] [debug] No QER associated with PDR 1
[2026-09-29 08:54:53.935] [upf_app] [debug] Rules enabled SEID=0x4: 0x2 [QER=off URR=ON BAR=off MAR=off]
[2026-09-29 08:54:53.935] [upf_app] [info] Pipeline created for session 0x4 with 1 PDRs [type = IP, rules = 0x2]
[2026-09-29 08:54:53.935] [upf_app] [info] [N4] Create Session: seid 0x4 - eBPF data-path pipeline created successfully

  ┌───────────────────────────────────────────────────────────────────────────────────────────────────────────────────────────────────────────────────────────────────────────────────────────────┐
  │                                                                                PDU SESSION RULES - Session 0x1                                                                                │
  ├────────┬───────┬───────┬───────┬───────┬───────┬────────────┬───────────┬─────────────────┬────────────┬────────────┬───────┬────────────────────────────────┬────────────────────────────────┤
  │  PDR   │  FAR  │  QER  │  URR  │  BAR  │  MAR  │ Precedence │ Direction │    UE IPv4      │   Action   │  Dest If   │  QFI  │       Create Outer Hdr         │       Remove Outer Hdr         │
  ├────────┼───────┼───────┼───────┼───────┼───────┼────────────┼───────────┼─────────────────┼────────────┼────────────┼───────┼────────────────────────────────┼────────────────────────────────┤
  └────────┴───────┴───────┴───────┴───────┴───────┴────────────┴───────────┴─────────────────┴────────────┴────────────┴───────┴────────────────────────────────┴────────────────────────────────┘


  ┌───────────────────────────────────────────────────────────────────────────────────────────────────────────────────────────────────────────────────────────────────────────────────────────────┐
  │                                                                                PDU SESSION RULES - Session 0x2                                                                                │
  ├────────┬───────┬───────┬───────┬───────┬───────┬────────────┬───────────┬─────────────────┬────────────┬────────────┬───────┬────────────────────────────────┬────────────────────────────────┤
  │  PDR   │  FAR  │  QER  │  URR  │  BAR  │  MAR  │ Precedence │ Direction │    UE IPv4      │   Action   │  Dest If   │  QFI  │       Create Outer Hdr         │       Remove Outer Hdr         │
  ├────────┼───────┼───────┼───────┼───────┼───────┼────────────┼───────────┼─────────────────┼────────────┼────────────┼───────┼────────────────────────────────┼────────────────────────────────┤
  └────────┴───────┴───────┴───────┴───────┴───────┴────────────┴───────────┴─────────────────┴────────────┴────────────┴───────┴────────────────────────────────┴────────────────────────────────┘


  ┌───────────────────────────────────────────────────────────────────────────────────────────────────────────────────────────────────────────────────────────────────────────────────────────────┐
  │                                                                                PDU SESSION RULES - Session 0x3                                                                                │
  ├────────┬───────┬───────┬───────┬───────┬───────┬────────────┬───────────┬─────────────────┬────────────┬────────────┬───────┬────────────────────────────────┬────────────────────────────────┤
  │  PDR   │  FAR  │  QER  │  URR  │  BAR  │  MAR  │ Precedence │ Direction │    UE IPv4      │   Action   │  Dest If   │  QFI  │       Create Outer Hdr         │       Remove Outer Hdr         │
  ├────────┼───────┼───────┼───────┼───────┼───────┼────────────┼───────────┼─────────────────┼────────────┼────────────┼───────┼────────────────────────────────┼────────────────────────────────┤
  └────────┴───────┴───────┴───────┴───────┴───────┴────────────┴───────────┴─────────────────┴────────────┴────────────┴───────┴────────────────────────────────┴────────────────────────────────┘


  ┌───────────────────────────────────────────────────────────────────────────────────────────────────────────────────────────────────────────────────────────────────────────────────────────────┐
  │                                                                                PDU SESSION RULES - Session 0x4                                                                                │
  ├────────┬───────┬───────┬───────┬───────┬───────┬────────────┬───────────┬─────────────────┬────────────┬────────────┬───────┬────────────────────────────────┬────────────────────────────────┤
  │  PDR   │  FAR  │  QER  │  URR  │  BAR  │  MAR  │ Precedence │ Direction │    UE IPv4      │   Action   │  Dest If   │  QFI  │       Create Outer Hdr         │       Remove Outer Hdr         │
  ├────────┼───────┼───────┼───────┼───────┼───────┼────────────┼───────────┼─────────────────┼────────────┼────────────┼───────┼────────────────────────────────┼────────────────────────────────┤
  │ 1      │ 1     │ -     │ 1     │ -     │ -     │ 0          │ UL        │ 10.1.0.5        │ FORW       │ CORE       │ -     │ -                              │ GTP TEID:0x4                   │
  └────────┴───────┴───────┴───────┴───────┴───────┴────────────┴───────────┴─────────────────┴────────────┴────────────┴───────┴────────────────────────────────┴────────────────────────────────┘

[2026-09-29 08:54:53.938] [upf_app] [debug] retrieveNextHopMAC: attempt 1/3 on iface='n6' probe='arping -c 2 -w 3 -I n6 172.30.26.10'
[2026-09-29 08:54:54.809] [upf_n4 ] [info] handle_receive(150 bytes)
[2026-09-29 08:54:54.809] [upf_app] [info] 
[2026-09-29 08:54:54.809] [upf_app] [info] ╔═════════════════════════════════════════════════════════════════════════════╗
[2026-09-29 08:54:54.809] [upf_app] [info] │             Received N4_SESSION_MODIFICATION_REQUEST seid 0x4               │
[2026-09-29 08:54:54.809] [upf_app] [info] ╚═════════════════════════════════════════════════════════════════════════════╝
[2026-09-29 08:54:54.809] [upf_n4 ] [info] pfcp_session::add(far) seid 0x4 FAR=2
[2026-09-29 08:54:54.809] [upf_n4 ] [info]   └─ Adding new FAR 2 to session 0x4
[2026-09-29 08:54:54.809] [upf_n4 ] [debug]      • Apply Action: FORW 
[2026-09-29 08:54:54.809] [upf_n4 ] [debug]      • Destination Interface: ACCESS
[2026-09-29 08:54:54.809] [upf_n4 ] [debug]      • Outer Header TEID: 0x406ede24
[2026-09-29 08:54:54.809] [upf_n4 ] [debug]      • Remote IP: 172.30.23.20
[2026-09-29 08:54:54.809] [upf_n4 ] [debug]      • Total FARs in session: 2
[2026-09-29 08:54:54.809] [upf_n4 ] [info] pfcp_session::add(pdr) seid 0x4 PDR=2
[2026-09-29 08:54:54.809] [upf_n4 ] [info]   └─ Adding new PDR 2 to session 0x4
[2026-09-29 08:54:54.809] [upf_n4 ] [debug]      • Source Interface: CORE (Downlink)
[2026-09-29 08:54:54.809] [upf_n4 ] [debug]      • UE IP Address: 10.1.0.5
[2026-09-29 08:54:54.809] [upf_n4 ] [debug]      • Precedence: 0
[2026-09-29 08:54:54.809] [upf_n4 ] [debug]      • Linked FAR: 2
[2026-09-29 08:54:54.809] [upf_n4 ] [debug]      • Linked URR: 0
[2026-09-29 08:54:54.809] [upf_n4 ] [debug]      • Total PDRs in session: 2
[2026-09-29 08:54:54.809] [upf_app] [info] Modify datapath
[2026-09-29 08:54:54.809] [upf_app] [debug] ModifySession() seid 0x4
[2026-09-29 08:54:54.809] [upf_app] [info] [N4] Session Modification: seid 0x4
[2026-09-29 08:54:54.809] [upf_app] [info]   └─ Created: 1 PDR, 1 FAR, 0 QER, 0 URR, 0 BAR, 0 MAR
[2026-09-29 08:54:54.809] [upf_app] [debug] [N4] Session Modification: seid 0x4 - Applying pipeline updates
[2026-09-29 08:54:54.809] [upf_app] [debug] [N4] Update Session: seid 0x4 - Modifying eBPF data-path pipeline
[2026-09-29 08:54:54.809] [upf_app] [debug]   → Updated Uplink PDRs (1 rules):
[2026-09-29 08:54:54.809] [upf_app] [debug]     • PDR 1: F-TEID 0x4
[2026-09-29 08:54:54.809] [upf_app] [debug]   → Updated Downlink PDRs (1 rules):
[2026-09-29 08:54:54.809] [upf_app] [debug]     • PDR 2 → FAR 2: TEID 0x406ede24
[2026-09-29 08:54:54.809] [upf_app] [info] [eBPF] Modify Pipeline - Updating pipeline for session 0x4
[2026-09-29 08:54:54.809] [upf_app] [debug] Rules enabled SEID=0x4: 0x2 [QER=off URR=ON BAR=off MAR=off]
[2026-09-29 08:54:54.809] [upf_app] [debug] Setup URRProgram for SEID=0x4
[2026-09-29 08:54:54.809] [upf_app] [debug] URRProgram: config map updated SEID=4 URR_ID=1 triggers=0x15
[2026-09-29 08:54:54.809] [upf_app] [debug] No QER associated with PDR 1
[2026-09-29 08:54:54.809] [upf_app] [debug] No QER associated with PDR 2
[2026-09-29 08:54:54.809] [upf_app] [info] [eBPF] Modify Pipeline - Pipeline modified for session 0x4 with 2 PDRs (1 uplink TEIDs, 1 downlink TEIDs)
[2026-09-29 08:54:54.809] [upf_app] [info] [N4] Update Session: seid 0x4 - eBPF data-path pipeline updated successfully
[2026-09-29 08:54:54.809] [upf_app] [info] [N4] Session Modification: seid 0x4 - Completed successfully [Status: Session updated]

  ┌───────────────────────────────────────────────────────────────────────────────────────────────────────────────────────────────────────────────────────────────────────────────────────────────┐
  │                                                                                PDU SESSION RULES - Session 0x1                                                                                │
  ├────────┬───────┬───────┬───────┬───────┬───────┬────────────┬───────────┬─────────────────┬────────────┬────────────┬───────┬────────────────────────────────┬────────────────────────────────┤
  │  PDR   │  FAR  │  QER  │  URR  │  BAR  │  MAR  │ Precedence │ Direction │    UE IPv4      │   Action   │  Dest If   │  QFI  │       Create Outer Hdr         │       Remove Outer Hdr         │
  ├────────┼───────┼───────┼───────┼───────┼───────┼────────────┼───────────┼─────────────────┼────────────┼────────────┼───────┼────────────────────────────────┼────────────────────────────────┤
  └────────┴───────┴───────┴───────┴───────┴───────┴────────────┴───────────┴─────────────────┴────────────┴────────────┴───────┴────────────────────────────────┴────────────────────────────────┘


  ┌───────────────────────────────────────────────────────────────────────────────────────────────────────────────────────────────────────────────────────────────────────────────────────────────┐
  │                                                                                PDU SESSION RULES - Session 0x2                                                                                │
  ├────────┬───────┬───────┬───────┬───────┬───────┬────────────┬───────────┬─────────────────┬────────────┬────────────┬───────┬────────────────────────────────┬────────────────────────────────┤
  │  PDR   │  FAR  │  QER  │  URR  │  BAR  │  MAR  │ Precedence │ Direction │    UE IPv4      │   Action   │  Dest If   │  QFI  │       Create Outer Hdr         │       Remove Outer Hdr         │
  ├────────┼───────┼───────┼───────┼───────┼───────┼────────────┼───────────┼─────────────────┼────────────┼────────────┼───────┼────────────────────────────────┼────────────────────────────────┤
  └────────┴───────┴───────┴───────┴───────┴───────┴────────────┴───────────┴─────────────────┴────────────┴────────────┴───────┴────────────────────────────────┴────────────────────────────────┘


  ┌───────────────────────────────────────────────────────────────────────────────────────────────────────────────────────────────────────────────────────────────────────────────────────────────┐
  │                                                                                PDU SESSION RULES - Session 0x3                                                                                │
  ├────────┬───────┬───────┬───────┬───────┬───────┬────────────┬───────────┬─────────────────┬────────────┬────────────┬───────┬────────────────────────────────┬────────────────────────────────┤
  │  PDR   │  FAR  │  QER  │  URR  │  BAR  │  MAR  │ Precedence │ Direction │    UE IPv4      │   Action   │  Dest If   │  QFI  │       Create Outer Hdr         │       Remove Outer Hdr         │
  ├────────┼───────┼───────┼───────┼───────┼───────┼────────────┼───────────┼─────────────────┼────────────┼────────────┼───────┼────────────────────────────────┼────────────────────────────────┤
  └────────┴───────┴───────┴───────┴───────┴───────┴────────────┴───────────┴─────────────────┴────────────┴────────────┴───────┴────────────────────────────────┴────────────────────────────────┘


  ┌───────────────────────────────────────────────────────────────────────────────────────────────────────────────────────────────────────────────────────────────────────────────────────────────┐
  │                                                                                PDU SESSION RULES - Session 0x4                                                                                │
  ├────────┬───────┬───────┬───────┬───────┬───────┬────────────┬───────────┬─────────────────┬────────────┬────────────┬───────┬────────────────────────────────┬────────────────────────────────┤
  │  PDR   │  FAR  │  QER  │  URR  │  BAR  │  MAR  │ Precedence │ Direction │    UE IPv4      │   Action   │  Dest If   │  QFI  │       Create Outer Hdr         │       Remove Outer Hdr         │
  ├────────┼───────┼───────┼───────┼───────┼───────┼────────────┼───────────┼─────────────────┼────────────┼────────────┼───────┼────────────────────────────────┼────────────────────────────────┤
  │ 1      │ 1     │ -     │ 1     │ -     │ -     │ 0          │ UL        │ 10.1.0.5        │ FORW       │ CORE       │ -     │ -                              │ GTP TEID:0x4                   │
  │ 2      │ 2     │ -     │ -     │ -     │ -     │ 0          │ DL        │ 10.1.0.5        │ FORW       │ ACCESS     │ -     │ GTP → 172.30.23.20:0x406ede24  │ -                              │
  └────────┴───────┴───────┴───────┴───────┴───────┴────────────┴───────────┴─────────────────┴────────────┴────────────┴───────┴────────────────────────────────┴────────────────────────────────┘

[2026-09-29 08:54:54.813] [upf_app] [debug] retrieveNextHopMAC: attempt 1/3 on iface='n3' probe='arping -c 2 -w 3 -I n3 172.30.23.20'
[2026-09-29 08:54:56.010] [upf_app] [info] retrieveNextHopMAC: 172.30.26.10 -> 22:95:34:11:cd:1e on n6 (attempt 1/3)
[2026-09-29 08:54:56.010] [upf_app] [debug] ARP: 172.30.26.10 dev n6 lladdr 22:95:34:11:cd:1e [SEID=4]
[2026-09-29 08:54:56.872] [upf_app] [info] retrieveNextHopMAC: 172.30.23.20 -> ee:07:73:4d:a7:f1 on n3 (attempt 1/3)
[2026-09-29 08:54:56.872] [upf_app] [debug] ARP: 172.30.23.20 dev n3 lladdr ee:07:73:4d:a7:f1 [SEID=4]
[2026-09-29 08:54:57.982] [upf_n4 ] [info] TIME-OUT event timer id 7102
[2026-09-29 08:54:57.982] [upf_n4 ] [info] TIME-OUT event timer id 7103
[2026-09-29 08:54:57.982] [upf_n4 ] [info] PFCP HEARTBEAT PROCEDURE hash 169352876 starting
[2026-09-29 08:54:57.982] [upf_n4 ] [info] handle_receive(16 bytes)
[2026-09-29 08:54:57.982] [upf_n4 ] [info] Received SX HEARTBEAT RESPONSE
[2026-09-29 08:55:02.975] [upf_n4 ] [info] handle_receive(16 bytes)
[2026-09-29 08:55:02.975] [upf_n4 ] [info] Received SX HEARTBEAT REQUEST
[2026-09-29 08:55:02.982] [upf_n4 ] [info] TIME-OUT event timer id 7109
[2026-09-29 08:55:02.982] [upf_n4 ] [info] TIME-OUT event timer id 7110
[2026-09-29 08:55:02.982] [upf_n4 ] [info] PFCP HEARTBEAT PROCEDURE hash 169352876 starting
[2026-09-29 08:55:02.983] [upf_n4 ] [info] handle_receive(16 bytes)
[2026-09-29 08:55:02.983] [upf_n4 ] [info] Received SX HEARTBEAT RESPONSE
[2026-09-29 08:55:03.567] [upf_app] [info] TIME-OUT event timer id 7104
[2026-09-29 08:55:03.567] [upf_app] [debug] Send Heartbeat to NRF
[2026-09-29 08:55:03.567] [upf_app] [info] Send NF Update to NRF
[2026-09-29 08:55:03.567] [upf_app] [debug] Send NF Update to NRF (Msg body [{"op":"replace","path":"/nfStatus","value":"REGISTERED"}])
[2026-09-29 08:55:03.567] [upf_app] [debug] Send NF Update to NRF (NRF URL http://oai-nrf.oai-core.svc.cluster.local:80/nnrf-nfm/v1/nf-instances/23f448d9-fc64-4a49-98a4-5c7e36d915b6)
[2026-09-29 08:55:03.567] [upf_app] [debug] Send a simple HTTP request
[2026-09-29 08:55:03.569] [upf_app] [info] Got successful response from NRF
[2026-09-29 08:55:03.569] [upf_app] [debug] Set a timer to the next Heart-beat (10)
[2026-09-29 08:55:07.982] [upf_n4 ] [info] TIME-OUT event timer id 7114
[2026-09-29 08:55:07.983] [upf_n4 ] [info] TIME-OUT event timer id 7115
[2026-09-29 08:55:07.983] [upf_n4 ] [info] PFCP HEARTBEAT PROCEDURE hash 169352876 starting
[2026-09-29 08:55:07.983] [upf_n4 ] [info] handle_receive(16 bytes)
[2026-09-29 08:55:07.983] [upf_n4 ] [info] Received SX HEARTBEAT RESPONSE
[2026-09-29 08:55:12.976] [upf_n4 ] [info] handle_receive(16 bytes)
[2026-09-29 08:55:12.976] [upf_n4 ] [info] Received SX HEARTBEAT REQUEST
[2026-09-29 08:55:12.983] [upf_n4 ] [info] TIME-OUT event timer id 7119
[2026-09-29 08:55:12.983] [upf_n4 ] [info] TIME-OUT event timer id 7120
[2026-09-29 08:55:12.983] [upf_n4 ] [info] PFCP HEARTBEAT PROCEDURE hash 169352876 starting
[2026-09-29 08:55:12.983] [upf_n4 ] [info] handle_receive(16 bytes)
[2026-09-29 08:55:12.983] [upf_n4 ] [info] Received SX HEARTBEAT RESPONSE
[2026-09-29 08:55:13.569] [upf_app] [info] TIME-OUT event timer id 7116
[2026-09-29 08:55:13.569] [upf_app] [debug] Send Heartbeat to NRF
[2026-09-29 08:55:13.569] [upf_app] [info] Send NF Update to NRF
[2026-09-29 08:55:13.569] [upf_app] [debug] Send NF Update to NRF (Msg body [{"op":"replace","path":"/nfStatus","value":"REGISTERED"}])
[2026-09-29 08:55:13.569] [upf_app] [debug] Send NF Update to NRF (NRF URL http://oai-nrf.oai-core.svc.cluster.local:80/nnrf-nfm/v1/nf-instances/23f448d9-fc64-4a49-98a4-5c7e36d915b6)
[2026-09-29 08:55:13.569] [upf_app] [debug] Send a simple HTTP request
[2026-09-29 08:55:13.571] [upf_app] [info] Got successful response from NRF
[2026-09-29 08:55:13.571] [upf_app] [debug] Set a timer to the next Heart-beat (10)
[2026-09-29 08:55:17.983] [upf_n4 ] [info] TIME-OUT event timer id 7124
[2026-09-29 08:55:17.983] [upf_n4 ] [info] TIME-OUT event timer id 7125
[2026-09-29 08:55:17.983] [upf_n4 ] [info] PFCP HEARTBEAT PROCEDURE hash 169352876 starting
[2026-09-29 08:55:17.983] [upf_n4 ] [info] handle_receive(16 bytes)
[2026-09-29 08:55:17.983] [upf_n4 ] [info] Received SX HEARTBEAT RESPONSE
[2026-09-29 08:55:22.976] [upf_n4 ] [info] handle_receive(16 bytes)
[2026-09-29 08:55:22.976] [upf_n4 ] [info] Received SX HEARTBEAT REQUEST
[2026-09-29 08:55:22.983] [upf_n4 ] [info] TIME-OUT event timer id 7129
[2026-09-29 08:55:22.983] [upf_n4 ] [info] TIME-OUT event timer id 7130
[2026-09-29 08:55:22.983] [upf_n4 ] [info] PFCP HEARTBEAT PROCEDURE hash 169352876 starting
[2026-09-29 08:55:22.983] [upf_n4 ] [info] handle_receive(16 bytes)
[2026-09-29 08:55:22.983] [upf_n4 ] [info] Received SX HEARTBEAT RESPONSE
[2026-09-29 08:55:23.571] [upf_app] [info] TIME-OUT event timer id 7126
[2026-09-29 08:55:23.571] [upf_app] [debug] Send Heartbeat to NRF
[2026-09-29 08:55:23.571] [upf_app] [info] Send NF Update to NRF
[2026-09-29 08:55:23.571] [upf_app] [debug] Send NF Update to NRF (Msg body [{"op":"replace","path":"/nfStatus","value":"REGISTERED"}])
[2026-09-29 08:55:23.571] [upf_app] [debug] Send NF Update to NRF (NRF URL http://oai-nrf.oai-core.svc.cluster.local:80/nnrf-nfm/v1/nf-instances/23f448d9-fc64-4a49-98a4-5c7e36d915b6)
[2026-09-29 08:55:23.571] [upf_app] [debug] Send a simple HTTP request
[2026-09-29 08:55:23.573] [upf_app] [info] Got successful response from NRF
[2026-09-29 08:55:23.573] [upf_app] [debug] Set a timer to the next Heart-beat (10)
[2026-09-29 08:55:27.983] [upf_n4 ] [info] TIME-OUT event timer id 7134
[2026-09-29 08:55:27.983] [upf_n4 ] [info] TIME-OUT event timer id 7135
[2026-09-29 08:55:27.983] [upf_n4 ] [info] PFCP HEARTBEAT PROCEDURE hash 169352876 starting
[2026-09-29 08:55:27.983] [upf_n4 ] [info] handle_receive(16 bytes)
[2026-09-29 08:55:27.983] [upf_n4 ] [info] Received SX HEARTBEAT RESPONSE
[2026-09-29 08:55:32.977] [upf_n4 ] [info] handle_receive(16 bytes)
[2026-09-29 08:55:32.977] [upf_n4 ] [info] Received SX HEARTBEAT REQUEST
[2026-09-29 08:55:32.983] [upf_n4 ] [info] TIME-OUT event timer id 7139
[2026-09-29 08:55:32.983] [upf_n4 ] [info] TIME-OUT event timer id 7140
[2026-09-29 08:55:32.983] [upf_n4 ] [info] PFCP HEARTBEAT PROCEDURE hash 169352876 starting
[2026-09-29 08:55:32.984] [upf_n4 ] [info] handle_receive(16 bytes)
[2026-09-29 08:55:32.984] [upf_n4 ] [info] Received SX HEARTBEAT RESPONSE
[2026-09-29 08:55:33.573] [upf_app] [info] TIME-OUT event timer id 7136
[2026-09-29 08:55:33.573] [upf_app] [debug] Send Heartbeat to NRF
[2026-09-29 08:55:33.573] [upf_app] [info] Send NF Update to NRF
[2026-09-29 08:55:33.573] [upf_app] [debug] Send NF Update to NRF (Msg body [{"op":"replace","path":"/nfStatus","value":"REGISTERED"}])
[2026-09-29 08:55:33.573] [upf_app] [debug] Send NF Update to NRF (NRF URL http://oai-nrf.oai-core.svc.cluster.local:80/nnrf-nfm/v1/nf-instances/23f448d9-fc64-4a49-98a4-5c7e36d915b6)
[2026-09-29 08:55:33.573] [upf_app] [debug] Send a simple HTTP request
[2026-09-29 08:55:33.575] [upf_app] [info] Got successful response from NRF
[2026-09-29 08:55:33.575] [upf_app] [debug] Set a timer to the next Heart-beat (10)
[2026-09-29 08:55:37.984] [upf_n4 ] [info] TIME-OUT event timer id 7144
[2026-09-29 08:55:37.984] [upf_n4 ] [info] TIME-OUT event timer id 7145
[2026-09-29 08:55:37.984] [upf_n4 ] [info] PFCP HEARTBEAT PROCEDURE hash 169352876 starting
[2026-09-29 08:55:37.984] [upf_n4 ] [info] handle_receive(16 bytes)
[2026-09-29 08:55:37.984] [upf_n4 ] [info] Received SX HEARTBEAT RESPONSE
[2026-09-29 08:55:42.977] [upf_n4 ] [info] handle_receive(16 bytes)
[2026-09-29 08:55:42.977] [upf_n4 ] [info] Received SX HEARTBEAT REQUEST
[2026-09-29 08:55:42.984] [upf_n4 ] [info] TIME-OUT event timer id 7149
[2026-09-29 08:55:42.984] [upf_n4 ] [info] TIME-OUT event timer id 7150
[2026-09-29 08:55:42.984] [upf_n4 ] [info] PFCP HEARTBEAT PROCEDURE hash 169352876 starting
[2026-09-29 08:55:42.984] [upf_n4 ] [info] handle_receive(16 bytes)
[2026-09-29 08:55:42.984] [upf_n4 ] [info] Received SX HEARTBEAT RESPONSE
[2026-09-29 08:55:43.575] [upf_app] [info] TIME-OUT event timer id 7146
[2026-09-29 08:55:43.575] [upf_app] [debug] Send Heartbeat to NRF
[2026-09-29 08:55:43.575] [upf_app] [info] Send NF Update to NRF
[2026-09-29 08:55:43.575] [upf_app] [debug] Send NF Update to NRF (Msg body [{"op":"replace","path":"/nfStatus","value":"REGISTERED"}])
[2026-09-29 08:55:43.575] [upf_app] [debug] Send NF Update to NRF (NRF URL http://oai-nrf.oai-core.svc.cluster.local:80/nnrf-nfm/v1/nf-instances/23f448d9-fc64-4a49-98a4-5c7e36d915b6)
[2026-09-29 08:55:43.575] [upf_app] [debug] Send a simple HTTP request
[2026-09-29 08:55:43.577] [upf_app] [info] Got successful response from NRF
[2026-09-29 08:55:43.577] [upf_app] [debug] Set a timer to the next Heart-beat (10)
[2026-09-29 08:55:47.984] [upf_n4 ] [info] TIME-OUT event timer id 7154
[2026-09-29 08:55:47.984] [upf_n4 ] [info] TIME-OUT event timer id 7155
[2026-09-29 08:55:47.984] [upf_n4 ] [info] PFCP HEARTBEAT PROCEDURE hash 169352876 starting
[2026-09-29 08:55:47.984] [upf_n4 ] [info] handle_receive(16 bytes)
[2026-09-29 08:55:47.984] [upf_n4 ] [info] Received SX HEARTBEAT RESPONSE
[2026-09-29 08:55:52.977] [upf_n4 ] [info] handle_receive(16 bytes)
[2026-09-29 08:55:52.977] [upf_n4 ] [info] Received SX HEARTBEAT REQUEST
[2026-09-29 08:55:52.984] [upf_n4 ] [info] TIME-OUT event timer id 7159
[2026-09-29 08:55:52.984] [upf_n4 ] [info] TIME-OUT event timer id 7160
[2026-09-29 08:55:52.984] [upf_n4 ] [info] PFCP HEARTBEAT PROCEDURE hash 169352876 starting
[2026-09-29 08:55:52.984] [upf_n4 ] [info] handle_receive(16 bytes)
[2026-09-29 08:55:52.984] [upf_n4 ] [info] Received SX HEARTBEAT RESPONSE
[2026-09-29 08:55:53.577] [upf_app] [info] TIME-OUT event timer id 7156
[2026-09-29 08:55:53.577] [upf_app] [debug] Send Heartbeat to NRF
[2026-09-29 08:55:53.577] [upf_app] [info] Send NF Update to NRF
[2026-09-29 08:55:53.577] [upf_app] [debug] Send NF Update to NRF (Msg body [{"op":"replace","path":"/nfStatus","value":"REGISTERED"}])
[2026-09-29 08:55:53.577] [upf_app] [debug] Send NF Update to NRF (NRF URL http://oai-nrf.oai-core.svc.cluster.local:80/nnrf-nfm/v1/nf-instances/23f448d9-fc64-4a49-98a4-5c7e36d915b6)
[2026-09-29 08:55:53.577] [upf_app] [debug] Send a simple HTTP request
[2026-09-29 08:55:53.579] [upf_app] [info] Got successful response from NRF
[2026-09-29 08:55:53.579] [upf_app] [debug] Set a timer to the next Heart-beat (10)
[2026-09-29 08:55:57.984] [upf_n4 ] [info] TIME-OUT event timer id 7164
[2026-09-29 08:55:57.984] [upf_n4 ] [info] TIME-OUT event timer id 7165
[2026-09-29 08:55:57.984] [upf_n4 ] [info] PFCP HEARTBEAT PROCEDURE hash 169352876 starting
[2026-09-29 08:55:57.984] [upf_n4 ] [info] handle_receive(16 bytes)
[2026-09-29 08:55:57.984] [upf_n4 ] [info] Received SX HEARTBEAT RESPONSE
[2026-09-29 08:56:02.978] [upf_n4 ] [info] handle_receive(16 bytes)
[2026-09-29 08:56:02.978] [upf_n4 ] [info] Received SX HEARTBEAT REQUEST
[2026-09-29 08:56:02.984] [upf_n4 ] [info] TIME-OUT event timer id 7169
[2026-09-29 08:56:02.984] [upf_n4 ] [info] TIME-OUT event timer id 7170
[2026-09-29 08:56:02.984] [upf_n4 ] [info] PFCP HEARTBEAT PROCEDURE hash 169352876 starting
[2026-09-29 08:56:02.985] [upf_n4 ] [info] handle_receive(16 bytes)
[2026-09-29 08:56:02.985] [upf_n4 ] [info] Received SX HEARTBEAT RESPONSE
[2026-09-29 08:56:03.579] [upf_app] [info] TIME-OUT event timer id 7166
[2026-09-29 08:56:03.579] [upf_app] [debug] Send Heartbeat to NRF
[2026-09-29 08:56:03.579] [upf_app] [info] Send NF Update to NRF
[2026-09-29 08:56:03.579] [upf_app] [debug] Send NF Update to NRF (Msg body [{"op":"replace","path":"/nfStatus","value":"REGISTERED"}])
[2026-09-29 08:56:03.579] [upf_app] [debug] Send NF Update to NRF (NRF URL http://oai-nrf.oai-core.svc.cluster.local:80/nnrf-nfm/v1/nf-instances/23f448d9-fc64-4a49-98a4-5c7e36d915b6)
[2026-09-29 08:56:03.579] [upf_app] [debug] Send a simple HTTP request
[2026-09-29 08:56:03.582] [upf_app] [info] Got successful response from NRF
[2026-09-29 08:56:03.582] [upf_app] [debug] Set a timer to the next Heart-beat (10)
[2026-09-29 08:56:07.985] [upf_n4 ] [info] TIME-OUT event timer id 7174
[2026-09-29 08:56:07.985] [upf_n4 ] [info] TIME-OUT event timer id 7175
[2026-09-29 08:56:07.985] [upf_n4 ] [info] PFCP HEARTBEAT PROCEDURE hash 169352876 starting
[2026-09-29 08:56:07.985] [upf_n4 ] [info] handle_receive(16 bytes)
[2026-09-29 08:56:07.985] [upf_n4 ] [info] Received SX HEARTBEAT RESPONSE
[2026-09-29 08:56:12.978] [upf_n4 ] [info] handle_receive(16 bytes)
[2026-09-29 08:56:12.978] [upf_n4 ] [info] Received SX HEARTBEAT REQUEST
[2026-09-29 08:56:12.985] [upf_n4 ] [info] TIME-OUT event timer id 7179
[2026-09-29 08:56:12.985] [upf_n4 ] [info] TIME-OUT event timer id 7180
[2026-09-29 08:56:12.985] [upf_n4 ] [info] PFCP HEARTBEAT PROCEDURE hash 169352876 starting
[2026-09-29 08:56:12.985] [upf_n4 ] [info] handle_receive(16 bytes)
[2026-09-29 08:56:12.985] [upf_n4 ] [info] Received SX HEARTBEAT RESPONSE
[2026-09-29 08:56:13.582] [upf_app] [info] TIME-OUT event timer id 7176
[2026-09-29 08:56:13.582] [upf_app] [debug] Send Heartbeat to NRF
[2026-09-29 08:56:13.582] [upf_app] [info] Send NF Update to NRF
[2026-09-29 08:56:13.582] [upf_app] [debug] Send NF Update to NRF (Msg body [{"op":"replace","path":"/nfStatus","value":"REGISTERED"}])
[2026-09-29 08:56:13.582] [upf_app] [debug] Send NF Update to NRF (NRF URL http://oai-nrf.oai-core.svc.cluster.local:80/nnrf-nfm/v1/nf-instances/23f448d9-fc64-4a49-98a4-5c7e36d915b6)
[2026-09-29 08:56:13.582] [upf_app] [debug] Send a simple HTTP request
[2026-09-29 08:56:13.587] [upf_app] [info] Got successful response from NRF
[2026-09-29 08:56:13.587] [upf_app] [debug] Set a timer to the next Heart-beat (10)
[2026-09-29 08:56:17.985] [upf_n4 ] [info] TIME-OUT event timer id 7184
[2026-09-29 08:56:17.985] [upf_n4 ] [info] TIME-OUT event timer id 7185
[2026-09-29 08:56:17.985] [upf_n4 ] [info] PFCP HEARTBEAT PROCEDURE hash 169352876 starting
[2026-09-29 08:56:17.985] [upf_n4 ] [info] handle_receive(16 bytes)
[2026-09-29 08:56:17.985] [upf_n4 ] [info] Received SX HEARTBEAT RESPONSE
[2026-09-29 08:56:22.978] [upf_n4 ] [info] handle_receive(16 bytes)
[2026-09-29 08:56:22.978] [upf_n4 ] [info] Received SX HEARTBEAT REQUEST
[2026-09-29 08:56:22.985] [upf_n4 ] [info] TIME-OUT event timer id 7189
[2026-09-29 08:56:22.985] [upf_n4 ] [info] TIME-OUT event timer id 7190
[2026-09-29 08:56:22.985] [upf_n4 ] [info] PFCP HEARTBEAT PROCEDURE hash 169352876 starting
[2026-09-29 08:56:22.985] [upf_n4 ] [info] handle_receive(16 bytes)
[2026-09-29 08:56:22.985] [upf_n4 ] [info] Received SX HEARTBEAT RESPONSE
[2026-09-29 08:56:23.587] [upf_app] [info] TIME-OUT event timer id 7186
[2026-09-29 08:56:23.587] [upf_app] [debug] Send Heartbeat to NRF
[2026-09-29 08:56:23.587] [upf_app] [info] Send NF Update to NRF
[2026-09-29 08:56:23.587] [upf_app] [debug] Send NF Update to NRF (Msg body [{"op":"replace","path":"/nfStatus","value":"REGISTERED"}])
[2026-09-29 08:56:23.587] [upf_app] [debug] Send NF Update to NRF (NRF URL http://oai-nrf.oai-core.svc.cluster.local:80/nnrf-nfm/v1/nf-instances/23f448d9-fc64-4a49-98a4-5c7e36d915b6)
[2026-09-29 08:56:23.587] [upf_app] [debug] Send a simple HTTP request
[2026-09-29 08:56:23.589] [upf_app] [info] Got successful response from NRF
[2026-09-29 08:56:23.589] [upf_app] [debug] Set a timer to the next Heart-beat (10)
[2026-09-29 08:56:27.985] [upf_n4 ] [info] TIME-OUT event timer id 7194
[2026-09-29 08:56:27.985] [upf_n4 ] [info] TIME-OUT event timer id 7195
[2026-09-29 08:56:27.985] [upf_n4 ] [info] PFCP HEARTBEAT PROCEDURE hash 169352876 starting
[2026-09-29 08:56:27.986] [upf_n4 ] [info] handle_receive(16 bytes)
[2026-09-29 08:56:27.986] [upf_n4 ] [info] Received SX HEARTBEAT RESPONSE
[2026-09-29 08:56:32.979] [upf_n4 ] [info] handle_receive(16 bytes)
[2026-09-29 08:56:32.979] [upf_n4 ] [info] Received SX HEARTBEAT REQUEST
[2026-09-29 08:56:32.985] [upf_n4 ] [info] TIME-OUT event timer id 7199
[2026-09-29 08:56:32.986] [upf_n4 ] [info] TIME-OUT event timer id 7200
[2026-09-29 08:56:32.986] [upf_n4 ] [info] PFCP HEARTBEAT PROCEDURE hash 169352876 starting
[2026-09-29 08:56:32.986] [upf_n4 ] [info] handle_receive(16 bytes)
[2026-09-29 08:56:32.986] [upf_n4 ] [info] Received SX HEARTBEAT RESPONSE
[2026-09-29 08:56:33.589] [upf_app] [info] TIME-OUT event timer id 7196
[2026-09-29 08:56:33.589] [upf_app] [debug] Send Heartbeat to NRF
[2026-09-29 08:56:33.589] [upf_app] [info] Send NF Update to NRF
[2026-09-29 08:56:33.589] [upf_app] [debug] Send NF Update to NRF (Msg body [{"op":"replace","path":"/nfStatus","value":"REGISTERED"}])
[2026-09-29 08:56:33.589] [upf_app] [debug] Send NF Update to NRF (NRF URL http://oai-nrf.oai-core.svc.cluster.local:80/nnrf-nfm/v1/nf-instances/23f448d9-fc64-4a49-98a4-5c7e36d915b6)
[2026-09-29 08:56:33.589] [upf_app] [debug] Send a simple HTTP request
[2026-09-29 08:56:33.591] [upf_app] [info] Got successful response from NRF
[2026-09-29 08:56:33.591] [upf_app] [debug] Set a timer to the next Heart-beat (10)
[2026-09-29 08:56:37.986] [upf_n4 ] [info] TIME-OUT event timer id 7204
[2026-09-29 08:56:37.986] [upf_n4 ] [info] TIME-OUT event timer id 7205
[2026-09-29 08:56:37.986] [upf_n4 ] [info] PFCP HEARTBEAT PROCEDURE hash 169352876 starting
[2026-09-29 08:56:37.986] [upf_n4 ] [info] handle_receive(16 bytes)
[2026-09-29 08:56:37.986] [upf_n4 ] [info] Received SX HEARTBEAT RESPONSE
[2026-09-29 08:56:42.979] [upf_n4 ] [info] handle_receive(16 bytes)
[2026-09-29 08:56:42.979] [upf_n4 ] [info] Received SX HEARTBEAT REQUEST
[2026-09-29 08:56:42.986] [upf_n4 ] [info] TIME-OUT event timer id 7209
[2026-09-29 08:56:42.986] [upf_n4 ] [info] TIME-OUT event timer id 7210
[2026-09-29 08:56:42.986] [upf_n4 ] [info] PFCP HEARTBEAT PROCEDURE hash 169352876 starting
[2026-09-29 08:56:42.986] [upf_n4 ] [info] handle_receive(16 bytes)
[2026-09-29 08:56:42.986] [upf_n4 ] [info] Received SX HEARTBEAT RESPONSE
[2026-09-29 08:56:43.591] [upf_app] [info] TIME-OUT event timer id 7206
[2026-09-29 08:56:43.591] [upf_app] [debug] Send Heartbeat to NRF
[2026-09-29 08:56:43.591] [upf_app] [info] Send NF Update to NRF
[2026-09-29 08:56:43.591] [upf_app] [debug] Send NF Update to NRF (Msg body [{"op":"replace","path":"/nfStatus","value":"REGISTERED"}])
[2026-09-29 08:56:43.591] [upf_app] [debug] Send NF Update to NRF (NRF URL http://oai-nrf.oai-core.svc.cluster.local:80/nnrf-nfm/v1/nf-instances/23f448d9-fc64-4a49-98a4-5c7e36d915b6)
[2026-09-29 08:56:43.591] [upf_app] [debug] Send a simple HTTP request
[2026-09-29 08:56:43.593] [upf_app] [info] Got successful response from NRF
[2026-09-29 08:56:43.593] [upf_app] [debug] Set a timer to the next Heart-beat (10)
[2026-09-29 08:56:47.986] [upf_n4 ] [info] TIME-OUT event timer id 7214
[2026-09-29 08:56:47.986] [upf_n4 ] [info] TIME-OUT event timer id 7215
[2026-09-29 08:56:47.986] [upf_n4 ] [info] PFCP HEARTBEAT PROCEDURE hash 169352876 starting
[2026-09-29 08:56:47.986] [upf_n4 ] [info] handle_receive(16 bytes)
[2026-09-29 08:56:47.986] [upf_n4 ] [info] Received SX HEARTBEAT RESPONSE
[2026-09-29 08:56:52.979] [upf_n4 ] [info] handle_receive(16 bytes)
[2026-09-29 08:56:52.980] [upf_n4 ] [info] Received SX HEARTBEAT REQUEST
[2026-09-29 08:56:52.986] [upf_n4 ] [info] TIME-OUT event timer id 7219
[2026-09-29 08:56:52.986] [upf_n4 ] [info] TIME-OUT event timer id 7220
[2026-09-29 08:56:52.986] [upf_n4 ] [info] PFCP HEARTBEAT PROCEDURE hash 169352876 starting
[2026-09-29 08:56:52.987] [upf_n4 ] [info] handle_receive(16 bytes)
[2026-09-29 08:56:52.987] [upf_n4 ] [info] Received SX HEARTBEAT RESPONSE
[2026-09-29 08:56:53.593] [upf_app] [info] TIME-OUT event timer id 7216
[2026-09-29 08:56:53.593] [upf_app] [debug] Send Heartbeat to NRF
[2026-09-29 08:56:53.593] [upf_app] [info] Send NF Update to NRF
[2026-09-29 08:56:53.593] [upf_app] [debug] Send NF Update to NRF (Msg body [{"op":"replace","path":"/nfStatus","value":"REGISTERED"}])
[2026-09-29 08:56:53.593] [upf_app] [debug] Send NF Update to NRF (NRF URL http://oai-nrf.oai-core.svc.cluster.local:80/nnrf-nfm/v1/nf-instances/23f448d9-fc64-4a49-98a4-5c7e36d915b6)
[2026-09-29 08:56:53.593] [upf_app] [debug] Send a simple HTTP request
[2026-09-29 08:56:53.595] [upf_app] [info] Got successful response from NRF
[2026-09-29 08:56:53.595] [upf_app] [debug] Set a timer to the next Heart-beat (10)
[2026-09-29 08:56:57.986] [upf_n4 ] [info] TIME-OUT event timer id 7224
[2026-09-29 08:56:57.987] [upf_n4 ] [info] TIME-OUT event timer id 7225
[2026-09-29 08:56:57.987] [upf_n4 ] [info] PFCP HEARTBEAT PROCEDURE hash 169352876 starting
[2026-09-29 08:56:57.987] [upf_n4 ] [info] handle_receive(16 bytes)
[2026-09-29 08:56:57.987] [upf_n4 ] [info] Received SX HEARTBEAT RESPONSE
[2026-09-29 08:57:02.980] [upf_n4 ] [info] handle_receive(16 bytes)
[2026-09-29 08:57:02.980] [upf_n4 ] [info] Received SX HEARTBEAT REQUEST
[2026-09-29 08:57:02.987] [upf_n4 ] [info] TIME-OUT event timer id 7229
[2026-09-29 08:57:02.987] [upf_n4 ] [info] TIME-OUT event timer id 7230
[2026-09-29 08:57:02.987] [upf_n4 ] [info] PFCP HEARTBEAT PROCEDURE hash 169352876 starting
[2026-09-29 08:57:02.987] [upf_n4 ] [info] handle_receive(16 bytes)
[2026-09-29 08:57:02.987] [upf_n4 ] [info] Received SX HEARTBEAT RESPONSE
[2026-09-29 08:57:03.595] [upf_app] [info] TIME-OUT event timer id 7226
[2026-09-29 08:57:03.596] [upf_app] [debug] Send Heartbeat to NRF
[2026-09-29 08:57:03.596] [upf_app] [info] Send NF Update to NRF
[2026-09-29 08:57:03.596] [upf_app] [debug] Send NF Update to NRF (Msg body [{"op":"replace","path":"/nfStatus","value":"REGISTERED"}])
[2026-09-29 08:57:03.596] [upf_app] [debug] Send NF Update to NRF (NRF URL http://oai-nrf.oai-core.svc.cluster.local:80/nnrf-nfm/v1/nf-instances/23f448d9-fc64-4a49-98a4-5c7e36d915b6)
[2026-09-29 08:57:03.596] [upf_app] [debug] Send a simple HTTP request
[2026-09-29 08:57:03.597] [upf_app] [info] Got successful response from NRF
[2026-09-29 08:57:03.597] [upf_app] [debug] Set a timer to the next Heart-beat (10)
[2026-09-29 08:57:07.987] [upf_n4 ] [info] TIME-OUT event timer id 7234
[2026-09-29 08:57:07.987] [upf_n4 ] [info] TIME-OUT event timer id 7235
[2026-09-29 08:57:07.987] [upf_n4 ] [info] PFCP HEARTBEAT PROCEDURE hash 169352876 starting
[2026-09-29 08:57:07.987] [upf_n4 ] [info] handle_receive(16 bytes)
[2026-09-29 08:57:07.987] [upf_n4 ] [info] Received SX HEARTBEAT RESPONSE
[2026-09-29 08:57:12.980] [upf_n4 ] [info] handle_receive(16 bytes)
[2026-09-29 08:57:12.980] [upf_n4 ] [info] Received SX HEARTBEAT REQUEST
[2026-09-29 08:57:12.987] [upf_n4 ] [info] TIME-OUT event timer id 7239
[2026-09-29 08:57:12.987] [upf_n4 ] [info] TIME-OUT event timer id 7240
[2026-09-29 08:57:12.987] [upf_n4 ] [info] PFCP HEARTBEAT PROCEDURE hash 169352876 starting
[2026-09-29 08:57:12.987] [upf_n4 ] [info] handle_receive(16 bytes)
[2026-09-29 08:57:12.987] [upf_n4 ] [info] Received SX HEARTBEAT RESPONSE
[2026-09-29 08:57:13.597] [upf_app] [info] TIME-OUT event timer id 7236
[2026-09-29 08:57:13.597] [upf_app] [debug] Send Heartbeat to NRF
[2026-09-29 08:57:13.598] [upf_app] [info] Send NF Update to NRF
[2026-09-29 08:57:13.598] [upf_app] [debug] Send NF Update to NRF (Msg body [{"op":"replace","path":"/nfStatus","value":"REGISTERED"}])
[2026-09-29 08:57:13.598] [upf_app] [debug] Send NF Update to NRF (NRF URL http://oai-nrf.oai-core.svc.cluster.local:80/nnrf-nfm/v1/nf-instances/23f448d9-fc64-4a49-98a4-5c7e36d915b6)
[2026-09-29 08:57:13.598] [upf_app] [debug] Send a simple HTTP request
[2026-09-29 08:57:13.600] [upf_app] [info] Got successful response from NRF
[2026-09-29 08:57:13.600] [upf_app] [debug] Set a timer to the next Heart-beat (10)
[2026-09-29 08:57:17.987] [upf_n4 ] [info] TIME-OUT event timer id 7244
[2026-09-29 08:57:17.987] [upf_n4 ] [info] TIME-OUT event timer id 7245
[2026-09-29 08:57:17.987] [upf_n4 ] [info] PFCP HEARTBEAT PROCEDURE hash 169352876 starting
[2026-09-29 08:57:17.988] [upf_n4 ] [info] handle_receive(16 bytes)
[2026-09-29 08:57:17.988] [upf_n4 ] [info] Received SX HEARTBEAT RESPONSE
[2026-09-29 08:57:22.981] [upf_n4 ] [info] handle_receive(16 bytes)
[2026-09-29 08:57:22.981] [upf_n4 ] [info] Received SX HEARTBEAT REQUEST
[2026-09-29 08:57:22.987] [upf_n4 ] [info] TIME-OUT event timer id 7249
[2026-09-29 08:57:22.988] [upf_n4 ] [info] TIME-OUT event timer id 7250
[2026-09-29 08:57:22.988] [upf_n4 ] [info] PFCP HEARTBEAT PROCEDURE hash 169352876 starting
[2026-09-29 08:57:22.988] [upf_n4 ] [info] handle_receive(16 bytes)
[2026-09-29 08:57:22.988] [upf_n4 ] [info] Received SX HEARTBEAT RESPONSE
[2026-09-29 08:57:23.600] [upf_app] [info] TIME-OUT event timer id 7246
[2026-09-29 08:57:23.600] [upf_app] [debug] Send Heartbeat to NRF
[2026-09-29 08:57:23.600] [upf_app] [info] Send NF Update to NRF
[2026-09-29 08:57:23.600] [upf_app] [debug] Send NF Update to NRF (Msg body [{"op":"replace","path":"/nfStatus","value":"REGISTERED"}])
[2026-09-29 08:57:23.600] [upf_app] [debug] Send NF Update to NRF (NRF URL http://oai-nrf.oai-core.svc.cluster.local:80/nnrf-nfm/v1/nf-instances/23f448d9-fc64-4a49-98a4-5c7e36d915b6)
[2026-09-29 08:57:23.600] [upf_app] [debug] Send a simple HTTP request
[2026-09-29 08:57:23.602] [upf_app] [info] Got successful response from NRF
[2026-09-29 08:57:23.602] [upf_app] [debug] Set a timer to the next Heart-beat (10)
[2026-09-29 08:57:27.988] [upf_n4 ] [info] TIME-OUT event timer id 7254
[2026-09-29 08:57:27.988] [upf_n4 ] [info] TIME-OUT event timer id 7255
[2026-09-29 08:57:27.988] [upf_n4 ] [info] PFCP HEARTBEAT PROCEDURE hash 169352876 starting
[2026-09-29 08:57:27.988] [upf_n4 ] [info] handle_receive(16 bytes)
[2026-09-29 08:57:27.988] [upf_n4 ] [info] Received SX HEARTBEAT RESPONSE
[2026-09-29 08:57:32.981] [upf_n4 ] [info] handle_receive(16 bytes)
[2026-09-29 08:57:32.981] [upf_n4 ] [info] Received SX HEARTBEAT REQUEST
[2026-09-29 08:57:32.988] [upf_n4 ] [info] TIME-OUT event timer id 7259
[2026-09-29 08:57:32.988] [upf_n4 ] [info] TIME-OUT event timer id 7260
[2026-09-29 08:57:32.988] [upf_n4 ] [info] PFCP HEARTBEAT PROCEDURE hash 169352876 starting
[2026-09-29 08:57:32.988] [upf_n4 ] [info] handle_receive(16 bytes)
[2026-09-29 08:57:32.988] [upf_n4 ] [info] Received SX HEARTBEAT RESPONSE
[2026-09-29 08:57:33.602] [upf_app] [info] TIME-OUT event timer id 7256
[2026-09-29 08:57:33.602] [upf_app] [debug] Send Heartbeat to NRF
[2026-09-29 08:57:33.602] [upf_app] [info] Send NF Update to NRF
[2026-09-29 08:57:33.602] [upf_app] [debug] Send NF Update to NRF (Msg body [{"op":"replace","path":"/nfStatus","value":"REGISTERED"}])
[2026-09-29 08:57:33.602] [upf_app] [debug] Send NF Update to NRF (NRF URL http://oai-nrf.oai-core.svc.cluster.local:80/nnrf-nfm/v1/nf-instances/23f448d9-fc64-4a49-98a4-5c7e36d915b6)
[2026-09-29 08:57:33.602] [upf_app] [debug] Send a simple HTTP request
[2026-09-29 08:57:33.604] [upf_app] [info] Got successful response from NRF
[2026-09-29 08:57:33.604] [upf_app] [debug] Set a timer to the next Heart-beat (10)
[2026-09-29 08:57:37.988] [upf_n4 ] [info] TIME-OUT event timer id 7264
[2026-09-29 08:57:37.988] [upf_n4 ] [info] TIME-OUT event timer id 7265
[2026-09-29 08:57:37.988] [upf_n4 ] [info] PFCP HEARTBEAT PROCEDURE hash 169352876 starting
[2026-09-29 08:57:37.988] [upf_n4 ] [info] handle_receive(16 bytes)
[2026-09-29 08:57:37.988] [upf_n4 ] [info] Received SX HEARTBEAT RESPONSE
[2026-09-29 08:57:42.981] [upf_n4 ] [info] handle_receive(16 bytes)
[2026-09-29 08:57:42.981] [upf_n4 ] [info] Received SX HEARTBEAT REQUEST
[2026-09-29 08:57:42.988] [upf_n4 ] [info] TIME-OUT event timer id 7269
[2026-09-29 08:57:42.988] [upf_n4 ] [info] TIME-OUT event timer id 7270
[2026-09-29 08:57:42.988] [upf_n4 ] [info] PFCP HEARTBEAT PROCEDURE hash 169352876 starting
[2026-09-29 08:57:42.988] [upf_n4 ] [info] handle_receive(16 bytes)
[2026-09-29 08:57:42.988] [upf_n4 ] [info] Received SX HEARTBEAT RESPONSE
[2026-09-29 08:57:43.604] [upf_app] [info] TIME-OUT event timer id 7266
[2026-09-29 08:57:43.604] [upf_app] [debug] Send Heartbeat to NRF
[2026-09-29 08:57:43.604] [upf_app] [info] Send NF Update to NRF
[2026-09-29 08:57:43.604] [upf_app] [debug] Send NF Update to NRF (Msg body [{"op":"replace","path":"/nfStatus","value":"REGISTERED"}])
[2026-09-29 08:57:43.604] [upf_app] [debug] Send NF Update to NRF (NRF URL http://oai-nrf.oai-core.svc.cluster.local:80/nnrf-nfm/v1/nf-instances/23f448d9-fc64-4a49-98a4-5c7e36d915b6)
[2026-09-29 08:57:43.604] [upf_app] [debug] Send a simple HTTP request
[2026-09-29 08:57:43.607] [upf_app] [info] Got successful response from NRF
[2026-09-29 08:57:43.607] [upf_app] [debug] Set a timer to the next Heart-beat (10)
[2026-09-29 08:57:47.988] [upf_n4 ] [info] TIME-OUT event timer id 7274
[2026-09-29 08:57:47.988] [upf_n4 ] [info] TIME-OUT event timer id 7275
[2026-09-29 08:57:47.988] [upf_n4 ] [info] PFCP HEARTBEAT PROCEDURE hash 169352876 starting
[2026-09-29 08:57:47.989] [upf_n4 ] [info] handle_receive(16 bytes)
[2026-09-29 08:57:47.989] [upf_n4 ] [info] Received SX HEARTBEAT RESPONSE
[2026-09-29 08:57:52.982] [upf_n4 ] [info] handle_receive(16 bytes)
[2026-09-29 08:57:52.982] [upf_n4 ] [info] Received SX HEARTBEAT REQUEST
[2026-09-29 08:57:52.989] [upf_n4 ] [info] TIME-OUT event timer id 7279
[2026-09-29 08:57:52.989] [upf_n4 ] [info] TIME-OUT event timer id 7280
[2026-09-29 08:57:52.989] [upf_n4 ] [info] PFCP HEARTBEAT PROCEDURE hash 169352876 starting
[2026-09-29 08:57:52.989] [upf_n4 ] [info] handle_receive(16 bytes)
[2026-09-29 08:57:52.989] [upf_n4 ] [info] Received SX HEARTBEAT RESPONSE
[2026-09-29 08:57:53.607] [upf_app] [info] TIME-OUT event timer id 7276
[2026-09-29 08:57:53.607] [upf_app] [debug] Send Heartbeat to NRF
[2026-09-29 08:57:53.607] [upf_app] [info] Send NF Update to NRF
[2026-09-29 08:57:53.607] [upf_app] [debug] Send NF Update to NRF (Msg body [{"op":"replace","path":"/nfStatus","value":"REGISTERED"}])
[2026-09-29 08:57:53.607] [upf_app] [debug] Send NF Update to NRF (NRF URL http://oai-nrf.oai-core.svc.cluster.local:80/nnrf-nfm/v1/nf-instances/23f448d9-fc64-4a49-98a4-5c7e36d915b6)
[2026-09-29 08:57:53.607] [upf_app] [debug] Send a simple HTTP request
[2026-09-29 08:57:53.609] [upf_app] [info] Got successful response from NRF
[2026-09-29 08:57:53.609] [upf_app] [debug] Set a timer to the next Heart-beat (10)
[2026-09-29 08:57:57.989] [upf_n4 ] [info] TIME-OUT event timer id 7284
[2026-09-29 08:57:57.989] [upf_n4 ] [info] TIME-OUT event timer id 7285
[2026-09-29 08:57:57.989] [upf_n4 ] [info] PFCP HEARTBEAT PROCEDURE hash 169352876 starting
[2026-09-29 08:57:57.989] [upf_n4 ] [info] handle_receive(16 bytes)
[2026-09-29 08:57:57.989] [upf_n4 ] [info] Received SX HEARTBEAT RESPONSE
[2026-09-29 08:58:02.982] [upf_n4 ] [info] handle_receive(16 bytes)
[2026-09-29 08:58:02.982] [upf_n4 ] [info] Received SX HEARTBEAT REQUEST
[2026-09-29 08:58:02.989] [upf_n4 ] [info] TIME-OUT event timer id 7289
[2026-09-29 08:58:02.989] [upf_n4 ] [info] TIME-OUT event timer id 7290
[2026-09-29 08:58:02.989] [upf_n4 ] [info] PFCP HEARTBEAT PROCEDURE hash 169352876 starting
[2026-09-29 08:58:02.989] [upf_n4 ] [info] handle_receive(16 bytes)
[2026-09-29 08:58:02.989] [upf_n4 ] [info] Received SX HEARTBEAT RESPONSE
[2026-09-29 08:58:03.609] [upf_app] [info] TIME-OUT event timer id 7286
[2026-09-29 08:58:03.609] [upf_app] [debug] Send Heartbeat to NRF
[2026-09-29 08:58:03.609] [upf_app] [info] Send NF Update to NRF
[2026-09-29 08:58:03.609] [upf_app] [debug] Send NF Update to NRF (Msg body [{"op":"replace","path":"/nfStatus","value":"REGISTERED"}])
[2026-09-29 08:58:03.609] [upf_app] [debug] Send NF Update to NRF (NRF URL http://oai-nrf.oai-core.svc.cluster.local:80/nnrf-nfm/v1/nf-instances/23f448d9-fc64-4a49-98a4-5c7e36d915b6)
[2026-09-29 08:58:03.609] [upf_app] [debug] Send a simple HTTP request
[2026-09-29 08:58:03.611] [upf_app] [info] Got successful response from NRF
[2026-09-29 08:58:03.611] [upf_app] [debug] Set a timer to the next Heart-beat (10)
[2026-09-29 08:58:07.989] [upf_n4 ] [info] TIME-OUT event timer id 7294
[2026-09-29 08:58:07.989] [upf_n4 ] [info] TIME-OUT event timer id 7295
[2026-09-29 08:58:07.989] [upf_n4 ] [info] PFCP HEARTBEAT PROCEDURE hash 169352876 starting
[2026-09-29 08:58:07.989] [upf_n4 ] [info] handle_receive(16 bytes)
[2026-09-29 08:58:07.989] [upf_n4 ] [info] Received SX HEARTBEAT RESPONSE
[2026-09-29 08:58:12.982] [upf_n4 ] [info] handle_receive(16 bytes)
[2026-09-29 08:58:12.982] [upf_n4 ] [info] Received SX HEARTBEAT REQUEST
[2026-09-29 08:58:12.989] [upf_n4 ] [info] TIME-OUT event timer id 7299
[2026-09-29 08:58:12.989] [upf_n4 ] [info] TIME-OUT event timer id 7300
[2026-09-29 08:58:12.989] [upf_n4 ] [info] PFCP HEARTBEAT PROCEDURE hash 169352876 starting
[2026-09-29 08:58:12.990] [upf_n4 ] [info] handle_receive(16 bytes)
[2026-09-29 08:58:12.990] [upf_n4 ] [info] Received SX HEARTBEAT RESPONSE
[2026-09-29 08:58:13.612] [upf_app] [info] TIME-OUT event timer id 7296
[2026-09-29 08:58:13.612] [upf_app] [debug] Send Heartbeat to NRF
[2026-09-29 08:58:13.612] [upf_app] [info] Send NF Update to NRF
[2026-09-29 08:58:13.612] [upf_app] [debug] Send NF Update to NRF (Msg body [{"op":"replace","path":"/nfStatus","value":"REGISTERED"}])
[2026-09-29 08:58:13.612] [upf_app] [debug] Send NF Update to NRF (NRF URL http://oai-nrf.oai-core.svc.cluster.local:80/nnrf-nfm/v1/nf-instances/23f448d9-fc64-4a49-98a4-5c7e36d915b6)
[2026-09-29 08:58:13.612] [upf_app] [debug] Send a simple HTTP request
[2026-09-29 08:58:13.615] [upf_app] [info] Got successful response from NRF
[2026-09-29 08:58:13.615] [upf_app] [debug] Set a timer to the next Heart-beat (10)
[2026-09-29 08:58:17.989] [upf_n4 ] [info] TIME-OUT event timer id 7304
[2026-09-29 08:58:17.990] [upf_n4 ] [info] TIME-OUT event timer id 7305
[2026-09-29 08:58:17.990] [upf_n4 ] [info] PFCP HEARTBEAT PROCEDURE hash 169352876 starting
[2026-09-29 08:58:17.990] [upf_n4 ] [info] handle_receive(16 bytes)
[2026-09-29 08:58:17.990] [upf_n4 ] [info] Received SX HEARTBEAT RESPONSE
[2026-09-29 08:58:22.983] [upf_n4 ] [info] handle_receive(16 bytes)
[2026-09-29 08:58:22.983] [upf_n4 ] [info] Received SX HEARTBEAT REQUEST
[2026-09-29 08:58:22.990] [upf_n4 ] [info] TIME-OUT event timer id 7309
[2026-09-29 08:58:22.990] [upf_n4 ] [info] TIME-OUT event timer id 7310
[2026-09-29 08:58:22.990] [upf_n4 ] [info] PFCP HEARTBEAT PROCEDURE hash 169352876 starting
[2026-09-29 08:58:22.990] [upf_n4 ] [info] handle_receive(16 bytes)
[2026-09-29 08:58:22.990] [upf_n4 ] [info] Received SX HEARTBEAT RESPONSE
[2026-09-29 08:58:23.615] [upf_app] [info] TIME-OUT event timer id 7306
[2026-09-29 08:58:23.615] [upf_app] [debug] Send Heartbeat to NRF
[2026-09-29 08:58:23.615] [upf_app] [info] Send NF Update to NRF
[2026-09-29 08:58:23.615] [upf_app] [debug] Send NF Update to NRF (Msg body [{"op":"replace","path":"/nfStatus","value":"REGISTERED"}])
[2026-09-29 08:58:23.615] [upf_app] [debug] Send NF Update to NRF (NRF URL http://oai-nrf.oai-core.svc.cluster.local:80/nnrf-nfm/v1/nf-instances/23f448d9-fc64-4a49-98a4-5c7e36d915b6)
[2026-09-29 08:58:23.615] [upf_app] [debug] Send a simple HTTP request
[2026-09-29 08:58:23.616] [upf_app] [info] Got successful response from NRF
[2026-09-29 08:58:23.616] [upf_app] [debug] Set a timer to the next Heart-beat (10)
[2026-09-29 08:58:27.990] [upf_n4 ] [info] TIME-OUT event timer id 7314
[2026-09-29 08:58:27.990] [upf_n4 ] [info] TIME-OUT event timer id 7315
[2026-09-29 08:58:27.990] [upf_n4 ] [info] PFCP HEARTBEAT PROCEDURE hash 169352876 starting
[2026-09-29 08:58:27.990] [upf_n4 ] [info] handle_receive(16 bytes)
[2026-09-29 08:58:27.990] [upf_n4 ] [info] Received SX HEARTBEAT RESPONSE
[2026-09-29 08:58:32.983] [upf_n4 ] [info] handle_receive(16 bytes)
[2026-09-29 08:58:32.983] [upf_n4 ] [info] Received SX HEARTBEAT REQUEST
[2026-09-29 08:58:32.990] [upf_n4 ] [info] TIME-OUT event timer id 7319
[2026-09-29 08:58:32.990] [upf_n4 ] [info] TIME-OUT event timer id 7320
[2026-09-29 08:58:32.990] [upf_n4 ] [info] PFCP HEARTBEAT PROCEDURE hash 169352876 starting
[2026-09-29 08:58:32.990] [upf_n4 ] [info] handle_receive(16 bytes)
[2026-09-29 08:58:32.990] [upf_n4 ] [info] Received SX HEARTBEAT RESPONSE
[2026-09-29 08:58:33.616] [upf_app] [info] TIME-OUT event timer id 7316
[2026-09-29 08:58:33.616] [upf_app] [debug] Send Heartbeat to NRF
[2026-09-29 08:58:33.616] [upf_app] [info] Send NF Update to NRF
[2026-09-29 08:58:33.616] [upf_app] [debug] Send NF Update to NRF (Msg body [{"op":"replace","path":"/nfStatus","value":"REGISTERED"}])
[2026-09-29 08:58:33.616] [upf_app] [debug] Send NF Update to NRF (NRF URL http://oai-nrf.oai-core.svc.cluster.local:80/nnrf-nfm/v1/nf-instances/23f448d9-fc64-4a49-98a4-5c7e36d915b6)
[2026-09-29 08:58:33.616] [upf_app] [debug] Send a simple HTTP request
[2026-09-29 08:58:33.618] [upf_app] [info] Got successful response from NRF
[2026-09-29 08:58:33.618] [upf_app] [debug] Set a timer to the next Heart-beat (10)
[2026-09-29 08:58:37.990] [upf_n4 ] [info] TIME-OUT event timer id 7324
[2026-09-29 08:58:37.990] [upf_n4 ] [info] TIME-OUT event timer id 7325
[2026-09-29 08:58:37.990] [upf_n4 ] [info] PFCP HEARTBEAT PROCEDURE hash 169352876 starting
[2026-09-29 08:58:37.990] [upf_n4 ] [info] handle_receive(16 bytes)
[2026-09-29 08:58:37.990] [upf_n4 ] [info] Received SX HEARTBEAT RESPONSE
[2026-09-29 08:58:42.984] [upf_n4 ] [info] handle_receive(16 bytes)
[2026-09-29 08:58:42.984] [upf_n4 ] [info] Received SX HEARTBEAT REQUEST
[2026-09-29 08:58:42.990] [upf_n4 ] [info] TIME-OUT event timer id 7329
[2026-09-29 08:58:42.990] [upf_n4 ] [info] TIME-OUT event timer id 7330
[2026-09-29 08:58:42.990] [upf_n4 ] [info] PFCP HEARTBEAT PROCEDURE hash 169352876 starting
[2026-09-29 08:58:42.991] [upf_n4 ] [info] handle_receive(16 bytes)
[2026-09-29 08:58:42.991] [upf_n4 ] [info] Received SX HEARTBEAT RESPONSE
[2026-09-29 08:58:43.618] [upf_app] [info] TIME-OUT event timer id 7326
[2026-09-29 08:58:43.618] [upf_app] [debug] Send Heartbeat to NRF
[2026-09-29 08:58:43.618] [upf_app] [info] Send NF Update to NRF
[2026-09-29 08:58:43.618] [upf_app] [debug] Send NF Update to NRF (Msg body [{"op":"replace","path":"/nfStatus","value":"REGISTERED"}])
[2026-09-29 08:58:43.618] [upf_app] [debug] Send NF Update to NRF (NRF URL http://oai-nrf.oai-core.svc.cluster.local:80/nnrf-nfm/v1/nf-instances/23f448d9-fc64-4a49-98a4-5c7e36d915b6)
[2026-09-29 08:58:43.618] [upf_app] [debug] Send a simple HTTP request
[2026-09-29 08:58:43.621] [upf_app] [info] Got successful response from NRF
[2026-09-29 08:58:43.621] [upf_app] [debug] Set a timer to the next Heart-beat (10)
[2026-09-29 08:58:47.991] [upf_n4 ] [info] TIME-OUT event timer id 7334
[2026-09-29 08:58:47.991] [upf_n4 ] [info] TIME-OUT event timer id 7335
[2026-09-29 08:58:47.991] [upf_n4 ] [info] PFCP HEARTBEAT PROCEDURE hash 169352876 starting
[2026-09-29 08:58:47.991] [upf_n4 ] [info] handle_receive(16 bytes)
[2026-09-29 08:58:47.991] [upf_n4 ] [info] Received SX HEARTBEAT RESPONSE
[2026-09-29 08:58:52.984] [upf_n4 ] [info] handle_receive(16 bytes)
[2026-09-29 08:58:52.984] [upf_n4 ] [info] Received SX HEARTBEAT REQUEST
[2026-09-29 08:58:52.991] [upf_n4 ] [info] TIME-OUT event timer id 7339
[2026-09-29 08:58:52.991] [upf_n4 ] [info] TIME-OUT event timer id 7340
[2026-09-29 08:58:52.991] [upf_n4 ] [info] PFCP HEARTBEAT PROCEDURE hash 169352876 starting
[2026-09-29 08:58:52.991] [upf_n4 ] [info] handle_receive(16 bytes)
[2026-09-29 08:58:52.991] [upf_n4 ] [info] Received SX HEARTBEAT RESPONSE
[2026-09-29 08:58:53.621] [upf_app] [info] TIME-OUT event timer id 7336
[2026-09-29 08:58:53.621] [upf_app] [debug] Send Heartbeat to NRF
[2026-09-29 08:58:53.621] [upf_app] [info] Send NF Update to NRF
[2026-09-29 08:58:53.621] [upf_app] [debug] Send NF Update to NRF (Msg body [{"op":"replace","path":"/nfStatus","value":"REGISTERED"}])
[2026-09-29 08:58:53.621] [upf_app] [debug] Send NF Update to NRF (NRF URL http://oai-nrf.oai-core.svc.cluster.local:80/nnrf-nfm/v1/nf-instances/23f448d9-fc64-4a49-98a4-5c7e36d915b6)
[2026-09-29 08:58:53.621] [upf_app] [debug] Send a simple HTTP request
[2026-09-29 08:58:53.623] [upf_app] [info] Got successful response from NRF
[2026-09-29 08:58:53.624] [upf_app] [debug] Set a timer to the next Heart-beat (10)
[2026-09-29 08:58:57.991] [upf_n4 ] [info] TIME-OUT event timer id 7344
[2026-09-29 08:58:57.991] [upf_n4 ] [info] TIME-OUT event timer id 7345
[2026-09-29 08:58:57.991] [upf_n4 ] [info] PFCP HEARTBEAT PROCEDURE hash 169352876 starting
[2026-09-29 08:58:57.991] [upf_n4 ] [info] handle_receive(16 bytes)
[2026-09-29 08:58:57.991] [upf_n4 ] [info] Received SX HEARTBEAT RESPONSE
[2026-09-29 08:59:02.985] [upf_n4 ] [info] handle_receive(16 bytes)
[2026-09-29 08:59:02.985] [upf_n4 ] [info] Received SX HEARTBEAT REQUEST
[2026-09-29 08:59:02.991] [upf_n4 ] [info] TIME-OUT event timer id 7349
[2026-09-29 08:59:02.991] [upf_n4 ] [info] TIME-OUT event timer id 7350
[2026-09-29 08:59:02.991] [upf_n4 ] [info] PFCP HEARTBEAT PROCEDURE hash 169352876 starting
[2026-09-29 08:59:02.991] [upf_n4 ] [info] handle_receive(16 bytes)
[2026-09-29 08:59:02.991] [upf_n4 ] [info] Received SX HEARTBEAT RESPONSE
[2026-09-29 08:59:03.624] [upf_app] [info] TIME-OUT event timer id 7346
[2026-09-29 08:59:03.624] [upf_app] [debug] Send Heartbeat to NRF
[2026-09-29 08:59:03.624] [upf_app] [info] Send NF Update to NRF
[2026-09-29 08:59:03.624] [upf_app] [debug] Send NF Update to NRF (Msg body [{"op":"replace","path":"/nfStatus","value":"REGISTERED"}])
[2026-09-29 08:59:03.624] [upf_app] [debug] Send NF Update to NRF (NRF URL http://oai-nrf.oai-core.svc.cluster.local:80/nnrf-nfm/v1/nf-instances/23f448d9-fc64-4a49-98a4-5c7e36d915b6)
[2026-09-29 08:59:03.624] [upf_app] [debug] Send a simple HTTP request
[2026-09-29 08:59:03.626] [upf_app] [info] Got successful response from NRF
[2026-09-29 08:59:03.626] [upf_app] [debug] Set a timer to the next Heart-beat (10)
[2026-09-29 08:59:07.991] [upf_n4 ] [info] TIME-OUT event timer id 7354
[2026-09-29 08:59:07.991] [upf_n4 ] [info] TIME-OUT event timer id 7355
[2026-09-29 08:59:07.991] [upf_n4 ] [info] PFCP HEARTBEAT PROCEDURE hash 169352876 starting
[2026-09-29 08:59:07.992] [upf_n4 ] [info] handle_receive(16 bytes)
[2026-09-29 08:59:07.992] [upf_n4 ] [info] Received SX HEARTBEAT RESPONSE
[2026-09-29 08:59:12.985] [upf_n4 ] [info] handle_receive(16 bytes)
[2026-09-29 08:59:12.985] [upf_n4 ] [info] Received SX HEARTBEAT REQUEST
[2026-09-29 08:59:12.991] [upf_n4 ] [info] TIME-OUT event timer id 7359
[2026-09-29 08:59:12.992] [upf_n4 ] [info] TIME-OUT event timer id 7360
[2026-09-29 08:59:12.992] [upf_n4 ] [info] PFCP HEARTBEAT PROCEDURE hash 169352876 starting
[2026-09-29 08:59:12.992] [upf_n4 ] [info] handle_receive(16 bytes)
[2026-09-29 08:59:12.992] [upf_n4 ] [info] Received SX HEARTBEAT RESPONSE
[2026-09-29 08:59:13.626] [upf_app] [info] TIME-OUT event timer id 7356
[2026-09-29 08:59:13.626] [upf_app] [debug] Send Heartbeat to NRF
[2026-09-29 08:59:13.626] [upf_app] [info] Send NF Update to NRF
[2026-09-29 08:59:13.626] [upf_app] [debug] Send NF Update to NRF (Msg body [{"op":"replace","path":"/nfStatus","value":"REGISTERED"}])
[2026-09-29 08:59:13.626] [upf_app] [debug] Send NF Update to NRF (NRF URL http://oai-nrf.oai-core.svc.cluster.local:80/nnrf-nfm/v1/nf-instances/23f448d9-fc64-4a49-98a4-5c7e36d915b6)
[2026-09-29 08:59:13.626] [upf_app] [debug] Send a simple HTTP request
[2026-09-29 08:59:13.628] [upf_app] [info] Got successful response from NRF
[2026-09-29 08:59:13.628] [upf_app] [debug] Set a timer to the next Heart-beat (10)
[2026-09-29 08:59:17.992] [upf_n4 ] [info] TIME-OUT event timer id 7364
[2026-09-29 08:59:17.992] [upf_n4 ] [info] TIME-OUT event timer id 7365
[2026-09-29 08:59:17.992] [upf_n4 ] [info] PFCP HEARTBEAT PROCEDURE hash 169352876 starting
[2026-09-29 08:59:17.992] [upf_n4 ] [info] handle_receive(16 bytes)
[2026-09-29 08:59:17.992] [upf_n4 ] [info] Received SX HEARTBEAT RESPONSE
[2026-09-29 08:59:22.986] [upf_n4 ] [info] handle_receive(16 bytes)
[2026-09-29 08:59:22.986] [upf_n4 ] [info] Received SX HEARTBEAT REQUEST
[2026-09-29 08:59:22.992] [upf_n4 ] [info] TIME-OUT event timer id 7369
[2026-09-29 08:59:22.992] [upf_n4 ] [info] TIME-OUT event timer id 7370
[2026-09-29 08:59:22.992] [upf_n4 ] [info] PFCP HEARTBEAT PROCEDURE hash 169352876 starting
[2026-09-29 08:59:22.992] [upf_n4 ] [info] handle_receive(16 bytes)
[2026-09-29 08:59:22.992] [upf_n4 ] [info] Received SX HEARTBEAT RESPONSE
[2026-09-29 08:59:23.628] [upf_app] [info] TIME-OUT event timer id 7366
[2026-09-29 08:59:23.628] [upf_app] [debug] Send Heartbeat to NRF
[2026-09-29 08:59:23.628] [upf_app] [info] Send NF Update to NRF
[2026-09-29 08:59:23.628] [upf_app] [debug] Send NF Update to NRF (Msg body [{"op":"replace","path":"/nfStatus","value":"REGISTERED"}])
[2026-09-29 08:59:23.628] [upf_app] [debug] Send NF Update to NRF (NRF URL http://oai-nrf.oai-core.svc.cluster.local:80/nnrf-nfm/v1/nf-instances/23f448d9-fc64-4a49-98a4-5c7e36d915b6)
[2026-09-29 08:59:23.628] [upf_app] [debug] Send a simple HTTP request
[2026-09-29 08:59:23.630] [upf_app] [info] Got successful response from NRF
[2026-09-29 08:59:23.630] [upf_app] [debug] Set a timer to the next Heart-beat (10)
[2026-09-29 08:59:27.992] [upf_n4 ] [info] TIME-OUT event timer id 7374
[2026-09-29 08:59:27.992] [upf_n4 ] [info] TIME-OUT event timer id 7375
[2026-09-29 08:59:27.992] [upf_n4 ] [info] PFCP HEARTBEAT PROCEDURE hash 169352876 starting
[2026-09-29 08:59:27.992] [upf_n4 ] [info] handle_receive(16 bytes)
[2026-09-29 08:59:27.992] [upf_n4 ] [info] Received SX HEARTBEAT RESPONSE
[2026-09-29 08:59:32.986] [upf_n4 ] [info] handle_receive(16 bytes)
[2026-09-29 08:59:32.986] [upf_n4 ] [info] Received SX HEARTBEAT REQUEST
[2026-09-29 08:59:32.992] [upf_n4 ] [info] TIME-OUT event timer id 7379
[2026-09-29 08:59:32.992] [upf_n4 ] [info] TIME-OUT event timer id 7380
[2026-09-29 08:59:32.992] [upf_n4 ] [info] PFCP HEARTBEAT PROCEDURE hash 169352876 starting
[2026-09-29 08:59:32.992] [upf_n4 ] [info] handle_receive(16 bytes)
[2026-09-29 08:59:32.992] [upf_n4 ] [info] Received SX HEARTBEAT RESPONSE
[2026-09-29 08:59:33.630] [upf_app] [info] TIME-OUT event timer id 7376
[2026-09-29 08:59:33.630] [upf_app] [debug] Send Heartbeat to NRF
[2026-09-29 08:59:33.630] [upf_app] [info] Send NF Update to NRF
[2026-09-29 08:59:33.630] [upf_app] [debug] Send NF Update to NRF (Msg body [{"op":"replace","path":"/nfStatus","value":"REGISTERED"}])
[2026-09-29 08:59:33.630] [upf_app] [debug] Send NF Update to NRF (NRF URL http://oai-nrf.oai-core.svc.cluster.local:80/nnrf-nfm/v1/nf-instances/23f448d9-fc64-4a49-98a4-5c7e36d915b6)
[2026-09-29 08:59:33.630] [upf_app] [debug] Send a simple HTTP request
[2026-09-29 08:59:33.632] [upf_app] [info] Got successful response from NRF
[2026-09-29 08:59:33.632] [upf_app] [debug] Set a timer to the next Heart-beat (10)
[2026-09-29 08:59:37.992] [upf_n4 ] [info] TIME-OUT event timer id 7384
[2026-09-29 08:59:37.992] [upf_n4 ] [info] TIME-OUT event timer id 7385
[2026-09-29 08:59:37.992] [upf_n4 ] [info] PFCP HEARTBEAT PROCEDURE hash 169352876 starting
[2026-09-29 08:59:37.993] [upf_n4 ] [info] handle_receive(16 bytes)
[2026-09-29 08:59:37.993] [upf_n4 ] [info] Received SX HEARTBEAT RESPONSE
[2026-09-29 08:59:42.986] [upf_n4 ] [info] handle_receive(16 bytes)
[2026-09-29 08:59:42.987] [upf_n4 ] [info] Received SX HEARTBEAT REQUEST
[2026-09-29 08:59:42.992] [upf_n4 ] [info] TIME-OUT event timer id 7389
[2026-09-29 08:59:42.993] [upf_n4 ] [info] TIME-OUT event timer id 7390
[2026-09-29 08:59:42.993] [upf_n4 ] [info] PFCP HEARTBEAT PROCEDURE hash 169352876 starting
[2026-09-29 08:59:42.993] [upf_n4 ] [info] handle_receive(16 bytes)
[2026-09-29 08:59:42.993] [upf_n4 ] [info] Received SX HEARTBEAT RESPONSE
[2026-09-29 08:59:43.632] [upf_app] [info] TIME-OUT event timer id 7386
[2026-09-29 08:59:43.632] [upf_app] [debug] Send Heartbeat to NRF
[2026-09-29 08:59:43.632] [upf_app] [info] Send NF Update to NRF
[2026-09-29 08:59:43.632] [upf_app] [debug] Send NF Update to NRF (Msg body [{"op":"replace","path":"/nfStatus","value":"REGISTERED"}])
[2026-09-29 08:59:43.632] [upf_app] [debug] Send NF Update to NRF (NRF URL http://oai-nrf.oai-core.svc.cluster.local:80/nnrf-nfm/v1/nf-instances/23f448d9-fc64-4a49-98a4-5c7e36d915b6)
[2026-09-29 08:59:43.632] [upf_app] [debug] Send a simple HTTP request
[2026-09-29 08:59:43.635] [upf_app] [info] Got successful response from NRF
[2026-09-29 08:59:43.635] [upf_app] [debug] Set a timer to the next Heart-beat (10)
[2026-09-29 08:59:47.993] [upf_n4 ] [info] TIME-OUT event timer id 7394
[2026-09-29 08:59:47.993] [upf_n4 ] [info] TIME-OUT event timer id 7395
[2026-09-29 08:59:47.993] [upf_n4 ] [info] PFCP HEARTBEAT PROCEDURE hash 169352876 starting
[2026-09-29 08:59:47.993] [upf_n4 ] [info] handle_receive(16 bytes)
[2026-09-29 08:59:47.993] [upf_n4 ] [info] Received SX HEARTBEAT RESPONSE
[2026-09-29 08:59:52.987] [upf_n4 ] [info] handle_receive(16 bytes)
[2026-09-29 08:59:52.987] [upf_n4 ] [info] Received SX HEARTBEAT REQUEST
[2026-09-29 08:59:52.993] [upf_n4 ] [info] TIME-OUT event timer id 7399
[2026-09-29 08:59:52.993] [upf_n4 ] [info] TIME-OUT event timer id 7400
[2026-09-29 08:59:52.993] [upf_n4 ] [info] PFCP HEARTBEAT PROCEDURE hash 169352876 starting
[2026-09-29 08:59:52.993] [upf_n4 ] [info] handle_receive(16 bytes)
[2026-09-29 08:59:52.993] [upf_n4 ] [info] Received SX HEARTBEAT RESPONSE
[2026-09-29 08:59:53.635] [upf_app] [info] TIME-OUT event timer id 7396
[2026-09-29 08:59:53.635] [upf_app] [debug] Send Heartbeat to NRF
[2026-09-29 08:59:53.635] [upf_app] [info] Send NF Update to NRF
[2026-09-29 08:59:53.635] [upf_app] [debug] Send NF Update to NRF (Msg body [{"op":"replace","path":"/nfStatus","value":"REGISTERED"}])
[2026-09-29 08:59:53.635] [upf_app] [debug] Send NF Update to NRF (NRF URL http://oai-nrf.oai-core.svc.cluster.local:80/nnrf-nfm/v1/nf-instances/23f448d9-fc64-4a49-98a4-5c7e36d915b6)
[2026-09-29 08:59:53.635] [upf_app] [debug] Send a simple HTTP request
[2026-09-29 08:59:53.637] [upf_app] [info] Got successful response from NRF
[2026-09-29 08:59:53.637] [upf_app] [debug] Set a timer to the next Heart-beat (10)
[2026-09-29 08:59:57.993] [upf_n4 ] [info] TIME-OUT event timer id 7404
[2026-09-29 08:59:57.993] [upf_n4 ] [info] TIME-OUT event timer id 7405
[2026-09-29 08:59:57.993] [upf_n4 ] [info] PFCP HEARTBEAT PROCEDURE hash 169352876 starting
[2026-09-29 08:59:57.993] [upf_n4 ] [info] handle_receive(16 bytes)
[2026-09-29 08:59:57.993] [upf_n4 ] [info] Received SX HEARTBEAT RESPONSE
[2026-09-29 09:00:02.988] [upf_n4 ] [info] handle_receive(16 bytes)
[2026-09-29 09:00:02.988] [upf_n4 ] [info] Received SX HEARTBEAT REQUEST
[2026-09-29 09:00:02.993] [upf_n4 ] [info] TIME-OUT event timer id 7409
[2026-09-29 09:00:02.993] [upf_n4 ] [info] TIME-OUT event timer id 7410
[2026-09-29 09:00:02.993] [upf_n4 ] [info] PFCP HEARTBEAT PROCEDURE hash 169352876 starting
[2026-09-29 09:00:02.993] [upf_n4 ] [info] handle_receive(16 bytes)
[2026-09-29 09:00:02.993] [upf_n4 ] [info] Received SX HEARTBEAT RESPONSE
[2026-09-29 09:00:03.637] [upf_app] [info] TIME-OUT event timer id 7406
[2026-09-29 09:00:03.637] [upf_app] [debug] Send Heartbeat to NRF
[2026-09-29 09:00:03.637] [upf_app] [info] Send NF Update to NRF
[2026-09-29 09:00:03.637] [upf_app] [debug] Send NF Update to NRF (Msg body [{"op":"replace","path":"/nfStatus","value":"REGISTERED"}])
[2026-09-29 09:00:03.637] [upf_app] [debug] Send NF Update to NRF (NRF URL http://oai-nrf.oai-core.svc.cluster.local:80/nnrf-nfm/v1/nf-instances/23f448d9-fc64-4a49-98a4-5c7e36d915b6)
[2026-09-29 09:00:03.637] [upf_app] [debug] Send a simple HTTP request
[2026-09-29 09:00:03.639] [upf_app] [info] Got successful response from NRF
[2026-09-29 09:00:03.639] [upf_app] [debug] Set a timer to the next Heart-beat (10)
[2026-09-29 09:00:07.993] [upf_n4 ] [info] TIME-OUT event timer id 7414
[2026-09-29 09:00:07.994] [upf_n4 ] [info] TIME-OUT event timer id 7415
[2026-09-29 09:00:07.994] [upf_n4 ] [info] PFCP HEARTBEAT PROCEDURE hash 169352876 starting
[2026-09-29 09:00:07.994] [upf_n4 ] [info] handle_receive(16 bytes)
[2026-09-29 09:00:07.994] [upf_n4 ] [info] Received SX HEARTBEAT RESPONSE
[2026-09-29 09:00:12.988] [upf_n4 ] [info] handle_receive(16 bytes)
[2026-09-29 09:00:12.988] [upf_n4 ] [info] Received SX HEARTBEAT REQUEST
[2026-09-29 09:00:12.994] [upf_n4 ] [info] TIME-OUT event timer id 7419
[2026-09-29 09:00:12.994] [upf_n4 ] [info] TIME-OUT event timer id 7420
[2026-09-29 09:00:12.994] [upf_n4 ] [info] PFCP HEARTBEAT PROCEDURE hash 169352876 starting
[2026-09-29 09:00:12.994] [upf_n4 ] [info] handle_receive(16 bytes)
[2026-09-29 09:00:12.994] [upf_n4 ] [info] Received SX HEARTBEAT RESPONSE
[2026-09-29 09:00:13.639] [upf_app] [info] TIME-OUT event timer id 7416
[2026-09-29 09:00:13.639] [upf_app] [debug] Send Heartbeat to NRF
[2026-09-29 09:00:13.639] [upf_app] [info] Send NF Update to NRF
[2026-09-29 09:00:13.639] [upf_app] [debug] Send NF Update to NRF (Msg body [{"op":"replace","path":"/nfStatus","value":"REGISTERED"}])
[2026-09-29 09:00:13.639] [upf_app] [debug] Send NF Update to NRF (NRF URL http://oai-nrf.oai-core.svc.cluster.local:80/nnrf-nfm/v1/nf-instances/23f448d9-fc64-4a49-98a4-5c7e36d915b6)
[2026-09-29 09:00:13.639] [upf_app] [debug] Send a simple HTTP request
[2026-09-29 09:00:13.641] [upf_app] [info] Got successful response from NRF
[2026-09-29 09:00:13.641] [upf_app] [debug] Set a timer to the next Heart-beat (10)
[2026-09-29 09:00:17.994] [upf_n4 ] [info] TIME-OUT event timer id 7424
[2026-09-29 09:00:17.994] [upf_n4 ] [info] TIME-OUT event timer id 7425
[2026-09-29 09:00:17.994] [upf_n4 ] [info] PFCP HEARTBEAT PROCEDURE hash 169352876 starting
[2026-09-29 09:00:17.994] [upf_n4 ] [info] handle_receive(16 bytes)
[2026-09-29 09:00:17.994] [upf_n4 ] [info] Received SX HEARTBEAT RESPONSE
[2026-09-29 09:00:22.988] [upf_n4 ] [info] handle_receive(16 bytes)
[2026-09-29 09:00:22.988] [upf_n4 ] [info] Received SX HEARTBEAT REQUEST
[2026-09-29 09:00:22.994] [upf_n4 ] [info] TIME-OUT event timer id 7429
[2026-09-29 09:00:22.994] [upf_n4 ] [info] TIME-OUT event timer id 7430
[2026-09-29 09:00:22.994] [upf_n4 ] [info] PFCP HEARTBEAT PROCEDURE hash 169352876 starting
[2026-09-29 09:00:22.994] [upf_n4 ] [info] handle_receive(16 bytes)
[2026-09-29 09:00:22.994] [upf_n4 ] [info] Received SX HEARTBEAT RESPONSE
[2026-09-29 09:00:23.641] [upf_app] [info] TIME-OUT event timer id 7426
[2026-09-29 09:00:23.641] [upf_app] [debug] Send Heartbeat to NRF
[2026-09-29 09:00:23.641] [upf_app] [info] Send NF Update to NRF
[2026-09-29 09:00:23.641] [upf_app] [debug] Send NF Update to NRF (Msg body [{"op":"replace","path":"/nfStatus","value":"REGISTERED"}])
[2026-09-29 09:00:23.641] [upf_app] [debug] Send NF Update to NRF (NRF URL http://oai-nrf.oai-core.svc.cluster.local:80/nnrf-nfm/v1/nf-instances/23f448d9-fc64-4a49-98a4-5c7e36d915b6)
[2026-09-29 09:00:23.641] [upf_app] [debug] Send a simple HTTP request
[2026-09-29 09:00:23.644] [upf_app] [info] Got successful response from NRF
[2026-09-29 09:00:23.644] [upf_app] [debug] Set a timer to the next Heart-beat (10)
[2026-09-29 09:00:27.994] [upf_n4 ] [info] TIME-OUT event timer id 7434
[2026-09-29 09:00:27.994] [upf_n4 ] [info] TIME-OUT event timer id 7435
[2026-09-29 09:00:27.994] [upf_n4 ] [info] PFCP HEARTBEAT PROCEDURE hash 169352876 starting
[2026-09-29 09:00:27.995] [upf_n4 ] [info] handle_receive(16 bytes)
[2026-09-29 09:00:27.995] [upf_n4 ] [info] Received SX HEARTBEAT RESPONSE
[2026-09-29 09:00:32.989] [upf_n4 ] [info] handle_receive(16 bytes)
[2026-09-29 09:00:32.989] [upf_n4 ] [info] Received SX HEARTBEAT REQUEST
[2026-09-29 09:00:32.994] [upf_n4 ] [info] TIME-OUT event timer id 7439
[2026-09-29 09:00:32.995] [upf_n4 ] [info] TIME-OUT event timer id 7440
[2026-09-29 09:00:32.995] [upf_n4 ] [info] PFCP HEARTBEAT PROCEDURE hash 169352876 starting
[2026-09-29 09:00:32.995] [upf_n4 ] [info] handle_receive(16 bytes)
[2026-09-29 09:00:32.995] [upf_n4 ] [info] Received SX HEARTBEAT RESPONSE
[2026-09-29 09:00:33.644] [upf_app] [info] TIME-OUT event timer id 7436
[2026-09-29 09:00:33.644] [upf_app] [debug] Send Heartbeat to NRF
[2026-09-29 09:00:33.644] [upf_app] [info] Send NF Update to NRF
[2026-09-29 09:00:33.644] [upf_app] [debug] Send NF Update to NRF (Msg body [{"op":"replace","path":"/nfStatus","value":"REGISTERED"}])
[2026-09-29 09:00:33.644] [upf_app] [debug] Send NF Update to NRF (NRF URL http://oai-nrf.oai-core.svc.cluster.local:80/nnrf-nfm/v1/nf-instances/23f448d9-fc64-4a49-98a4-5c7e36d915b6)
[2026-09-29 09:00:33.644] [upf_app] [debug] Send a simple HTTP request
[2026-09-29 09:00:33.646] [upf_app] [info] Got successful response from NRF
[2026-09-29 09:00:33.646] [upf_app] [debug] Set a timer to the next Heart-beat (10)
[2026-09-29 09:00:37.995] [upf_n4 ] [info] TIME-OUT event timer id 7444
[2026-09-29 09:00:37.995] [upf_n4 ] [info] TIME-OUT event timer id 7445
[2026-09-29 09:00:37.995] [upf_n4 ] [info] PFCP HEARTBEAT PROCEDURE hash 169352876 starting
[2026-09-29 09:00:37.995] [upf_n4 ] [info] handle_receive(16 bytes)
[2026-09-29 09:00:37.995] [upf_n4 ] [info] Received SX HEARTBEAT RESPONSE
[2026-09-29 09:00:42.989] [upf_n4 ] [info] handle_receive(16 bytes)
[2026-09-29 09:00:42.989] [upf_n4 ] [info] Received SX HEARTBEAT REQUEST
[2026-09-29 09:00:42.995] [upf_n4 ] [info] TIME-OUT event timer id 7449
[2026-09-29 09:00:42.995] [upf_n4 ] [info] TIME-OUT event timer id 7450
[2026-09-29 09:00:42.995] [upf_n4 ] [info] PFCP HEARTBEAT PROCEDURE hash 169352876 starting
[2026-09-29 09:00:42.995] [upf_n4 ] [info] handle_receive(16 bytes)
[2026-09-29 09:00:42.995] [upf_n4 ] [info] Received SX HEARTBEAT RESPONSE
[2026-09-29 09:00:43.646] [upf_app] [info] TIME-OUT event timer id 7446
[2026-09-29 09:00:43.646] [upf_app] [debug] Send Heartbeat to NRF
[2026-09-29 09:00:43.646] [upf_app] [info] Send NF Update to NRF
[2026-09-29 09:00:43.646] [upf_app] [debug] Send NF Update to NRF (Msg body [{"op":"replace","path":"/nfStatus","value":"REGISTERED"}])
[2026-09-29 09:00:43.646] [upf_app] [debug] Send NF Update to NRF (NRF URL http://oai-nrf.oai-core.svc.cluster.local:80/nnrf-nfm/v1/nf-instances/23f448d9-fc64-4a49-98a4-5c7e36d915b6)
[2026-09-29 09:00:43.646] [upf_app] [debug] Send a simple HTTP request
[2026-09-29 09:00:43.649] [upf_app] [info] Got successful response from NRF
[2026-09-29 09:00:43.649] [upf_app] [debug] Set a timer to the next Heart-beat (10)
[2026-09-29 09:00:47.995] [upf_n4 ] [info] TIME-OUT event timer id 7454
[2026-09-29 09:00:47.995] [upf_n4 ] [info] TIME-OUT event timer id 7455
[2026-09-29 09:00:47.995] [upf_n4 ] [info] PFCP HEARTBEAT PROCEDURE hash 169352876 starting
[2026-09-29 09:00:47.995] [upf_n4 ] [info] handle_receive(16 bytes)
[2026-09-29 09:00:47.995] [upf_n4 ] [info] Received SX HEARTBEAT RESPONSE
[2026-09-29 09:00:52.989] [upf_n4 ] [info] handle_receive(16 bytes)
[2026-09-29 09:00:52.989] [upf_n4 ] [info] Received SX HEARTBEAT REQUEST
[2026-09-29 09:00:52.995] [upf_n4 ] [info] TIME-OUT event timer id 7459
[2026-09-29 09:00:52.995] [upf_n4 ] [info] TIME-OUT event timer id 7460
[2026-09-29 09:00:52.995] [upf_n4 ] [info] PFCP HEARTBEAT PROCEDURE hash 169352876 starting
[2026-09-29 09:00:52.995] [upf_n4 ] [info] handle_receive(16 bytes)
[2026-09-29 09:00:52.995] [upf_n4 ] [info] Received SX HEARTBEAT RESPONSE
[2026-09-29 09:00:53.649] [upf_app] [info] TIME-OUT event timer id 7456
[2026-09-29 09:00:53.649] [upf_app] [debug] Send Heartbeat to NRF
[2026-09-29 09:00:53.649] [upf_app] [info] Send NF Update to NRF
[2026-09-29 09:00:53.649] [upf_app] [debug] Send NF Update to NRF (Msg body [{"op":"replace","path":"/nfStatus","value":"REGISTERED"}])
[2026-09-29 09:00:53.649] [upf_app] [debug] Send NF Update to NRF (NRF URL http://oai-nrf.oai-core.svc.cluster.local:80/nnrf-nfm/v1/nf-instances/23f448d9-fc64-4a49-98a4-5c7e36d915b6)
[2026-09-29 09:00:53.649] [upf_app] [debug] Send a simple HTTP request
[2026-09-29 09:00:53.651] [upf_app] [info] Got successful response from NRF
[2026-09-29 09:00:53.651] [upf_app] [debug] Set a timer to the next Heart-beat (10)
[2026-09-29 09:00:57.995] [upf_n4 ] [info] TIME-OUT event timer id 7464
[2026-09-29 09:00:57.995] [upf_n4 ] [info] TIME-OUT event timer id 7465
[2026-09-29 09:00:57.995] [upf_n4 ] [info] PFCP HEARTBEAT PROCEDURE hash 169352876 starting
[2026-09-29 09:00:57.996] [upf_n4 ] [info] handle_receive(16 bytes)
[2026-09-29 09:00:57.996] [upf_n4 ] [info] Received SX HEARTBEAT RESPONSE
[2026-09-29 09:01:02.990] [upf_n4 ] [info] handle_receive(16 bytes)
[2026-09-29 09:01:02.990] [upf_n4 ] [info] Received SX HEARTBEAT REQUEST
[2026-09-29 09:01:02.995] [upf_n4 ] [info] TIME-OUT event timer id 7469
[2026-09-29 09:01:02.996] [upf_n4 ] [info] TIME-OUT event timer id 7470
[2026-09-29 09:01:02.996] [upf_n4 ] [info] PFCP HEARTBEAT PROCEDURE hash 169352876 starting
[2026-09-29 09:01:02.996] [upf_n4 ] [info] handle_receive(16 bytes)
[2026-09-29 09:01:02.996] [upf_n4 ] [info] Received SX HEARTBEAT RESPONSE
[2026-09-29 09:01:03.651] [upf_app] [info] TIME-OUT event timer id 7466
[2026-09-29 09:01:03.651] [upf_app] [debug] Send Heartbeat to NRF
[2026-09-29 09:01:03.651] [upf_app] [info] Send NF Update to NRF
[2026-09-29 09:01:03.651] [upf_app] [debug] Send NF Update to NRF (Msg body [{"op":"replace","path":"/nfStatus","value":"REGISTERED"}])
[2026-09-29 09:01:03.651] [upf_app] [debug] Send NF Update to NRF (NRF URL http://oai-nrf.oai-core.svc.cluster.local:80/nnrf-nfm/v1/nf-instances/23f448d9-fc64-4a49-98a4-5c7e36d915b6)
[2026-09-29 09:01:03.651] [upf_app] [debug] Send a simple HTTP request
[2026-09-29 09:01:03.654] [upf_app] [info] Got successful response from NRF
[2026-09-29 09:01:03.654] [upf_app] [debug] Set a timer to the next Heart-beat (10)
[2026-09-29 09:01:07.996] [upf_n4 ] [info] TIME-OUT event timer id 7474
[2026-09-29 09:01:07.996] [upf_n4 ] [info] TIME-OUT event timer id 7475
[2026-09-29 09:01:07.996] [upf_n4 ] [info] PFCP HEARTBEAT PROCEDURE hash 169352876 starting
[2026-09-29 09:01:07.996] [upf_n4 ] [info] handle_receive(16 bytes)
[2026-09-29 09:01:07.996] [upf_n4 ] [info] Received SX HEARTBEAT RESPONSE
[2026-09-29 09:01:12.990] [upf_n4 ] [info] handle_receive(16 bytes)
[2026-09-29 09:01:12.990] [upf_n4 ] [info] Received SX HEARTBEAT REQUEST
[2026-09-29 09:01:12.996] [upf_n4 ] [info] TIME-OUT event timer id 7479
[2026-09-29 09:01:12.996] [upf_n4 ] [info] TIME-OUT event timer id 7480
[2026-09-29 09:01:12.996] [upf_n4 ] [info] PFCP HEARTBEAT PROCEDURE hash 169352876 starting
[2026-09-29 09:01:12.996] [upf_n4 ] [info] handle_receive(16 bytes)
[2026-09-29 09:01:12.996] [upf_n4 ] [info] Received SX HEARTBEAT RESPONSE
[2026-09-29 09:01:13.654] [upf_app] [info] TIME-OUT event timer id 7476
[2026-09-29 09:01:13.654] [upf_app] [debug] Send Heartbeat to NRF
[2026-09-29 09:01:13.654] [upf_app] [info] Send NF Update to NRF
[2026-09-29 09:01:13.654] [upf_app] [debug] Send NF Update to NRF (Msg body [{"op":"replace","path":"/nfStatus","value":"REGISTERED"}])
[2026-09-29 09:01:13.654] [upf_app] [debug] Send NF Update to NRF (NRF URL http://oai-nrf.oai-core.svc.cluster.local:80/nnrf-nfm/v1/nf-instances/23f448d9-fc64-4a49-98a4-5c7e36d915b6)
[2026-09-29 09:01:13.654] [upf_app] [debug] Send a simple HTTP request
[2026-09-29 09:01:13.656] [upf_app] [info] Got successful response from NRF
[2026-09-29 09:01:13.656] [upf_app] [debug] Set a timer to the next Heart-beat (10)
[2026-09-29 09:01:17.996] [upf_n4 ] [info] TIME-OUT event timer id 7484
[2026-09-29 09:01:17.996] [upf_n4 ] [info] TIME-OUT event timer id 7485
[2026-09-29 09:01:17.996] [upf_n4 ] [info] PFCP HEARTBEAT PROCEDURE hash 169352876 starting
[2026-09-29 09:01:17.996] [upf_n4 ] [info] handle_receive(16 bytes)
[2026-09-29 09:01:17.996] [upf_n4 ] [info] Received SX HEARTBEAT RESPONSE
[2026-09-29 09:01:22.990] [upf_n4 ] [info] handle_receive(16 bytes)
[2026-09-29 09:01:22.990] [upf_n4 ] [info] Received SX HEARTBEAT REQUEST
[2026-09-29 09:01:22.996] [upf_n4 ] [info] TIME-OUT event timer id 7489
[2026-09-29 09:01:22.996] [upf_n4 ] [info] TIME-OUT event timer id 7490
[2026-09-29 09:01:22.996] [upf_n4 ] [info] PFCP HEARTBEAT PROCEDURE hash 169352876 starting
[2026-09-29 09:01:22.997] [upf_n4 ] [info] handle_receive(16 bytes)
[2026-09-29 09:01:22.997] [upf_n4 ] [info] Received SX HEARTBEAT RESPONSE
[2026-09-29 09:01:23.656] [upf_app] [info] TIME-OUT event timer id 7486
[2026-09-29 09:01:23.656] [upf_app] [debug] Send Heartbeat to NRF
[2026-09-29 09:01:23.656] [upf_app] [info] Send NF Update to NRF
[2026-09-29 09:01:23.656] [upf_app] [debug] Send NF Update to NRF (Msg body [{"op":"replace","path":"/nfStatus","value":"REGISTERED"}])
[2026-09-29 09:01:23.656] [upf_app] [debug] Send NF Update to NRF (NRF URL http://oai-nrf.oai-core.svc.cluster.local:80/nnrf-nfm/v1/nf-instances/23f448d9-fc64-4a49-98a4-5c7e36d915b6)
[2026-09-29 09:01:23.656] [upf_app] [debug] Send a simple HTTP request
[2026-09-29 09:01:23.658] [upf_app] [info] Got successful response from NRF
[2026-09-29 09:01:23.658] [upf_app] [debug] Set a timer to the next Heart-beat (10)
[2026-09-29 09:01:27.996] [upf_n4 ] [info] TIME-OUT event timer id 7494
[2026-09-29 09:01:27.997] [upf_n4 ] [info] TIME-OUT event timer id 7495
[2026-09-29 09:01:27.997] [upf_n4 ] [info] PFCP HEARTBEAT PROCEDURE hash 169352876 starting
[2026-09-29 09:01:27.997] [upf_n4 ] [info] handle_receive(16 bytes)
[2026-09-29 09:01:27.997] [upf_n4 ] [info] Received SX HEARTBEAT RESPONSE
[2026-09-29 09:01:32.991] [upf_n4 ] [info] handle_receive(16 bytes)
[2026-09-29 09:01:32.991] [upf_n4 ] [info] Received SX HEARTBEAT REQUEST
[2026-09-29 09:01:32.997] [upf_n4 ] [info] TIME-OUT event timer id 7499
[2026-09-29 09:01:32.997] [upf_n4 ] [info] TIME-OUT event timer id 7500
[2026-09-29 09:01:32.997] [upf_n4 ] [info] PFCP HEARTBEAT PROCEDURE hash 169352876 starting
[2026-09-29 09:01:32.997] [upf_n4 ] [info] handle_receive(16 bytes)
[2026-09-29 09:01:32.997] [upf_n4 ] [info] Received SX HEARTBEAT RESPONSE
[2026-09-29 09:01:33.658] [upf_app] [info] TIME-OUT event timer id 7496
[2026-09-29 09:01:33.658] [upf_app] [debug] Send Heartbeat to NRF
[2026-09-29 09:01:33.658] [upf_app] [info] Send NF Update to NRF
[2026-09-29 09:01:33.658] [upf_app] [debug] Send NF Update to NRF (Msg body [{"op":"replace","path":"/nfStatus","value":"REGISTERED"}])
[2026-09-29 09:01:33.658] [upf_app] [debug] Send NF Update to NRF (NRF URL http://oai-nrf.oai-core.svc.cluster.local:80/nnrf-nfm/v1/nf-instances/23f448d9-fc64-4a49-98a4-5c7e36d915b6)
[2026-09-29 09:01:33.658] [upf_app] [debug] Send a simple HTTP request
[2026-09-29 09:01:33.660] [upf_app] [info] Got successful response from NRF
[2026-09-29 09:01:33.660] [upf_app] [debug] Set a timer to the next Heart-beat (10)
[2026-09-29 09:01:37.997] [upf_n4 ] [info] TIME-OUT event timer id 7504
[2026-09-29 09:01:37.997] [upf_n4 ] [info] TIME-OUT event timer id 7505
[2026-09-29 09:01:37.997] [upf_n4 ] [info] PFCP HEARTBEAT PROCEDURE hash 169352876 starting
[2026-09-29 09:01:37.998] [upf_n4 ] [info] handle_receive(16 bytes)
[2026-09-29 09:01:37.998] [upf_n4 ] [info] Received SX HEARTBEAT RESPONSE
[2026-09-29 09:01:42.991] [upf_n4 ] [info] handle_receive(16 bytes)
[2026-09-29 09:01:42.991] [upf_n4 ] [info] Received SX HEARTBEAT REQUEST
[2026-09-29 09:01:42.997] [upf_n4 ] [info] TIME-OUT event timer id 7509
[2026-09-29 09:01:42.998] [upf_n4 ] [info] TIME-OUT event timer id 7510
[2026-09-29 09:01:42.998] [upf_n4 ] [info] PFCP HEARTBEAT PROCEDURE hash 169352876 starting
[2026-09-29 09:01:42.998] [upf_n4 ] [info] handle_receive(16 bytes)
[2026-09-29 09:01:42.998] [upf_n4 ] [info] Received SX HEARTBEAT RESPONSE
[2026-09-29 09:01:43.660] [upf_app] [info] TIME-OUT event timer id 7506
[2026-09-29 09:01:43.660] [upf_app] [debug] Send Heartbeat to NRF
[2026-09-29 09:01:43.660] [upf_app] [info] Send NF Update to NRF
[2026-09-29 09:01:43.660] [upf_app] [debug] Send NF Update to NRF (Msg body [{"op":"replace","path":"/nfStatus","value":"REGISTERED"}])
[2026-09-29 09:01:43.660] [upf_app] [debug] Send NF Update to NRF (NRF URL http://oai-nrf.oai-core.svc.cluster.local:80/nnrf-nfm/v1/nf-instances/23f448d9-fc64-4a49-98a4-5c7e36d915b6)
[2026-09-29 09:01:43.660] [upf_app] [debug] Send a simple HTTP request
[2026-09-29 09:01:43.663] [upf_app] [info] Got successful response from NRF
[2026-09-29 09:01:43.663] [upf_app] [debug] Set a timer to the next Heart-beat (10)
[2026-09-29 09:01:47.998] [upf_n4 ] [info] TIME-OUT event timer id 7514
[2026-09-29 09:01:47.998] [upf_n4 ] [info] TIME-OUT event timer id 7515
[2026-09-29 09:01:47.998] [upf_n4 ] [info] PFCP HEARTBEAT PROCEDURE hash 169352876 starting
[2026-09-29 09:01:47.999] [upf_n4 ] [info] handle_receive(16 bytes)
[2026-09-29 09:01:47.999] [upf_n4 ] [info] Received SX HEARTBEAT RESPONSE
[2026-09-29 09:01:52.991] [upf_n4 ] [info] handle_receive(16 bytes)
[2026-09-29 09:01:52.991] [upf_n4 ] [info] Received SX HEARTBEAT REQUEST
[2026-09-29 09:01:52.999] [upf_n4 ] [info] TIME-OUT event timer id 7519
[2026-09-29 09:01:52.999] [upf_n4 ] [info] TIME-OUT event timer id 7520
[2026-09-29 09:01:52.999] [upf_n4 ] [info] PFCP HEARTBEAT PROCEDURE hash 169352876 starting
[2026-09-29 09:01:52.999] [upf_n4 ] [info] handle_receive(16 bytes)
[2026-09-29 09:01:52.999] [upf_n4 ] [info] Received SX HEARTBEAT RESPONSE
[2026-09-29 09:01:53.663] [upf_app] [info] TIME-OUT event timer id 7516
[2026-09-29 09:01:53.663] [upf_app] [debug] Send Heartbeat to NRF
[2026-09-29 09:01:53.663] [upf_app] [info] Send NF Update to NRF
[2026-09-29 09:01:53.663] [upf_app] [debug] Send NF Update to NRF (Msg body [{"op":"replace","path":"/nfStatus","value":"REGISTERED"}])
[2026-09-29 09:01:53.663] [upf_app] [debug] Send NF Update to NRF (NRF URL http://oai-nrf.oai-core.svc.cluster.local:80/nnrf-nfm/v1/nf-instances/23f448d9-fc64-4a49-98a4-5c7e36d915b6)
[2026-09-29 09:01:53.663] [upf_app] [debug] Send a simple HTTP request
[2026-09-29 09:01:53.665] [upf_app] [info] Got successful response from NRF
[2026-09-29 09:01:53.665] [upf_app] [debug] Set a timer to the next Heart-beat (10)
[2026-09-29 09:01:57.999] [upf_n4 ] [info] TIME-OUT event timer id 7524
[2026-09-29 09:01:57.999] [upf_n4 ] [info] TIME-OUT event timer id 7525
[2026-09-29 09:01:57.999] [upf_n4 ] [info] PFCP HEARTBEAT PROCEDURE hash 169352876 starting
[2026-09-29 09:01:57.999] [upf_n4 ] [info] handle_receive(16 bytes)
[2026-09-29 09:01:57.999] [upf_n4 ] [info] Received SX HEARTBEAT RESPONSE
[2026-09-29 09:02:02.992] [upf_n4 ] [info] handle_receive(16 bytes)
[2026-09-29 09:02:02.992] [upf_n4 ] [info] Received SX HEARTBEAT REQUEST
[2026-09-29 09:02:02.999] [upf_n4 ] [info] TIME-OUT event timer id 7529
[2026-09-29 09:02:02.999] [upf_n4 ] [info] TIME-OUT event timer id 7530
[2026-09-29 09:02:02.999] [upf_n4 ] [info] PFCP HEARTBEAT PROCEDURE hash 169352876 starting
[2026-09-29 09:02:02.999] [upf_n4 ] [info] handle_receive(16 bytes)
[2026-09-29 09:02:02.999] [upf_n4 ] [info] Received SX HEARTBEAT RESPONSE
[2026-09-29 09:02:03.665] [upf_app] [info] TIME-OUT event timer id 7526
[2026-09-29 09:02:03.665] [upf_app] [debug] Send Heartbeat to NRF
[2026-09-29 09:02:03.665] [upf_app] [info] Send NF Update to NRF
[2026-09-29 09:02:03.665] [upf_app] [debug] Send NF Update to NRF (Msg body [{"op":"replace","path":"/nfStatus","value":"REGISTERED"}])
[2026-09-29 09:02:03.665] [upf_app] [debug] Send NF Update to NRF (NRF URL http://oai-nrf.oai-core.svc.cluster.local:80/nnrf-nfm/v1/nf-instances/23f448d9-fc64-4a49-98a4-5c7e36d915b6)
[2026-09-29 09:02:03.665] [upf_app] [debug] Send a simple HTTP request
[2026-09-29 09:02:03.667] [upf_app] [info] Got successful response from NRF
[2026-09-29 09:02:03.667] [upf_app] [debug] Set a timer to the next Heart-beat (10)
[2026-09-29 09:02:07.999] [upf_n4 ] [info] TIME-OUT event timer id 7534
[2026-09-29 09:02:07.999] [upf_n4 ] [info] TIME-OUT event timer id 7535
[2026-09-29 09:02:07.999] [upf_n4 ] [info] PFCP HEARTBEAT PROCEDURE hash 169352876 starting
[2026-09-29 09:02:07.999] [upf_n4 ] [info] handle_receive(16 bytes)
[2026-09-29 09:02:07.999] [upf_n4 ] [info] Received SX HEARTBEAT RESPONSE
[2026-09-29 09:02:12.993] [upf_n4 ] [info] handle_receive(16 bytes)
[2026-09-29 09:02:12.993] [upf_n4 ] [info] Received SX HEARTBEAT REQUEST
[2026-09-29 09:02:12.999] [upf_n4 ] [info] TIME-OUT event timer id 7539
[2026-09-29 09:02:12.999] [upf_n4 ] [info] TIME-OUT event timer id 7540
[2026-09-29 09:02:12.999] [upf_n4 ] [info] PFCP HEARTBEAT PROCEDURE hash 169352876 starting
[2026-09-29 09:02:13.000] [upf_n4 ] [info] handle_receive(16 bytes)
[2026-09-29 09:02:13.000] [upf_n4 ] [info] Received SX HEARTBEAT RESPONSE
[2026-09-29 09:02:13.667] [upf_app] [info] TIME-OUT event timer id 7536
[2026-09-29 09:02:13.667] [upf_app] [debug] Send Heartbeat to NRF
[2026-09-29 09:02:13.667] [upf_app] [info] Send NF Update to NRF
[2026-09-29 09:02:13.667] [upf_app] [debug] Send NF Update to NRF (Msg body [{"op":"replace","path":"/nfStatus","value":"REGISTERED"}])
[2026-09-29 09:02:13.667] [upf_app] [debug] Send NF Update to NRF (NRF URL http://oai-nrf.oai-core.svc.cluster.local:80/nnrf-nfm/v1/nf-instances/23f448d9-fc64-4a49-98a4-5c7e36d915b6)
[2026-09-29 09:02:13.667] [upf_app] [debug] Send a simple HTTP request
[2026-09-29 09:02:13.669] [upf_app] [info] Got successful response from NRF
[2026-09-29 09:02:13.669] [upf_app] [debug] Set a timer to the next Heart-beat (10)
[2026-09-29 09:02:17.999] [upf_n4 ] [info] TIME-OUT event timer id 7544
[2026-09-29 09:02:18.000] [upf_n4 ] [info] TIME-OUT event timer id 7545
[2026-09-29 09:02:18.000] [upf_n4 ] [info] PFCP HEARTBEAT PROCEDURE hash 169352876 starting
[2026-09-29 09:02:18.000] [upf_n4 ] [info] handle_receive(16 bytes)
[2026-09-29 09:02:18.000] [upf_n4 ] [info] Received SX HEARTBEAT RESPONSE
[2026-09-29 09:02:22.993] [upf_n4 ] [info] handle_receive(16 bytes)
[2026-09-29 09:02:22.993] [upf_n4 ] [info] Received SX HEARTBEAT REQUEST
[2026-09-29 09:02:23.000] [upf_n4 ] [info] TIME-OUT event timer id 7549
[2026-09-29 09:02:23.000] [upf_n4 ] [info] TIME-OUT event timer id 7550
[2026-09-29 09:02:23.000] [upf_n4 ] [info] PFCP HEARTBEAT PROCEDURE hash 169352876 starting
[2026-09-29 09:02:23.000] [upf_n4 ] [info] handle_receive(16 bytes)
[2026-09-29 09:02:23.000] [upf_n4 ] [info] Received SX HEARTBEAT RESPONSE
[2026-09-29 09:02:23.669] [upf_app] [info] TIME-OUT event timer id 7546
[2026-09-29 09:02:23.669] [upf_app] [debug] Send Heartbeat to NRF
[2026-09-29 09:02:23.669] [upf_app] [info] Send NF Update to NRF
[2026-09-29 09:02:23.669] [upf_app] [debug] Send NF Update to NRF (Msg body [{"op":"replace","path":"/nfStatus","value":"REGISTERED"}])
[2026-09-29 09:02:23.669] [upf_app] [debug] Send NF Update to NRF (NRF URL http://oai-nrf.oai-core.svc.cluster.local:80/nnrf-nfm/v1/nf-instances/23f448d9-fc64-4a49-98a4-5c7e36d915b6)
[2026-09-29 09:02:23.669] [upf_app] [debug] Send a simple HTTP request
[2026-09-29 09:02:23.671] [upf_app] [info] Got successful response from NRF
[2026-09-29 09:02:23.671] [upf_app] [debug] Set a timer to the next Heart-beat (10)
[2026-09-29 09:02:28.000] [upf_n4 ] [info] TIME-OUT event timer id 7554
[2026-09-29 09:02:28.000] [upf_n4 ] [info] TIME-OUT event timer id 7555
[2026-09-29 09:02:28.000] [upf_n4 ] [info] PFCP HEARTBEAT PROCEDURE hash 169352876 starting
[2026-09-29 09:02:28.000] [upf_n4 ] [info] handle_receive(16 bytes)
[2026-09-29 09:02:28.000] [upf_n4 ] [info] Received SX HEARTBEAT RESPONSE
[2026-09-29 09:02:32.994] [upf_n4 ] [info] handle_receive(16 bytes)
[2026-09-29 09:02:32.994] [upf_n4 ] [info] Received SX HEARTBEAT REQUEST
[2026-09-29 09:02:33.000] [upf_n4 ] [info] TIME-OUT event timer id 7559
[2026-09-29 09:02:33.000] [upf_n4 ] [info] TIME-OUT event timer id 7560
[2026-09-29 09:02:33.000] [upf_n4 ] [info] PFCP HEARTBEAT PROCEDURE hash 169352876 starting
[2026-09-29 09:02:33.000] [upf_n4 ] [info] handle_receive(16 bytes)
[2026-09-29 09:02:33.000] [upf_n4 ] [info] Received SX HEARTBEAT RESPONSE
[2026-09-29 09:02:33.671] [upf_app] [info] TIME-OUT event timer id 7556
[2026-09-29 09:02:33.671] [upf_app] [debug] Send Heartbeat to NRF
[2026-09-29 09:02:33.671] [upf_app] [info] Send NF Update to NRF
[2026-09-29 09:02:33.671] [upf_app] [debug] Send NF Update to NRF (Msg body [{"op":"replace","path":"/nfStatus","value":"REGISTERED"}])
[2026-09-29 09:02:33.671] [upf_app] [debug] Send NF Update to NRF (NRF URL http://oai-nrf.oai-core.svc.cluster.local:80/nnrf-nfm/v1/nf-instances/23f448d9-fc64-4a49-98a4-5c7e36d915b6)
[2026-09-29 09:02:33.671] [upf_app] [debug] Send a simple HTTP request
[2026-09-29 09:02:33.673] [upf_app] [info] Got successful response from NRF
[2026-09-29 09:02:33.673] [upf_app] [debug] Set a timer to the next Heart-beat (10)
[2026-09-29 09:02:38.001] [upf_n4 ] [info] TIME-OUT event timer id 7564
[2026-09-29 09:02:38.001] [upf_n4 ] [info] TIME-OUT event timer id 7565
[2026-09-29 09:02:38.001] [upf_n4 ] [info] PFCP HEARTBEAT PROCEDURE hash 169352876 starting
[2026-09-29 09:02:38.001] [upf_n4 ] [info] handle_receive(16 bytes)
[2026-09-29 09:02:38.001] [upf_n4 ] [info] Received SX HEARTBEAT RESPONSE
[2026-09-29 09:02:42.994] [upf_n4 ] [info] handle_receive(16 bytes)
[2026-09-29 09:02:42.994] [upf_n4 ] [info] Received SX HEARTBEAT REQUEST
[2026-09-29 09:02:43.001] [upf_n4 ] [info] TIME-OUT event timer id 7569
[2026-09-29 09:02:43.001] [upf_n4 ] [info] TIME-OUT event timer id 7570
[2026-09-29 09:02:43.001] [upf_n4 ] [info] PFCP HEARTBEAT PROCEDURE hash 169352876 starting
[2026-09-29 09:02:43.001] [upf_n4 ] [info] handle_receive(16 bytes)
[2026-09-29 09:02:43.001] [upf_n4 ] [info] Received SX HEARTBEAT RESPONSE
[2026-09-29 09:02:43.673] [upf_app] [info] TIME-OUT event timer id 7566
[2026-09-29 09:02:43.673] [upf_app] [debug] Send Heartbeat to NRF
[2026-09-29 09:02:43.673] [upf_app] [info] Send NF Update to NRF
[2026-09-29 09:02:43.673] [upf_app] [debug] Send NF Update to NRF (Msg body [{"op":"replace","path":"/nfStatus","value":"REGISTERED"}])
[2026-09-29 09:02:43.673] [upf_app] [debug] Send NF Update to NRF (NRF URL http://oai-nrf.oai-core.svc.cluster.local:80/nnrf-nfm/v1/nf-instances/23f448d9-fc64-4a49-98a4-5c7e36d915b6)
[2026-09-29 09:02:43.673] [upf_app] [debug] Send a simple HTTP request
[2026-09-29 09:02:43.676] [upf_app] [info] Got successful response from NRF
[2026-09-29 09:02:43.676] [upf_app] [debug] Set a timer to the next Heart-beat (10)
[2026-09-29 09:02:48.001] [upf_n4 ] [info] TIME-OUT event timer id 7574
[2026-09-29 09:02:48.002] [upf_n4 ] [info] TIME-OUT event timer id 7575
[2026-09-29 09:02:48.002] [upf_n4 ] [info] PFCP HEARTBEAT PROCEDURE hash 169352876 starting
[2026-09-29 09:02:48.002] [upf_n4 ] [info] handle_receive(16 bytes)
[2026-09-29 09:02:48.002] [upf_n4 ] [info] Received SX HEARTBEAT RESPONSE
[2026-09-29 09:02:49.386] [upf_app] [info] Queued PFCP Usage Report SEID=4 URR_ID=1 UR-SEQN=1 trigger=0x04 total_bytes=1556
[2026-09-29 09:02:49.386] [upf_app] [info] Queued PFCP Usage Report SEID=4 URR_ID=1 UR-SEQN=2 trigger=0x10 total_bytes=1556
[2026-09-29 09:02:49.387] [upf_n4 ] [info] handle_receive(21 bytes)
[2026-09-29 09:02:49.387] [upf_app] [info] 
[2026-09-29 09:02:49.387] [upf_app] [info] ╔═════════════════════════════════════════════════════════════════════════════╗
[2026-09-29 09:02:49.387] [upf_app] [info] │             Received N4_SESSION_REPORT_RESPONSE seid 0x4               │
[2026-09-29 09:02:49.387] [upf_app] [info] ╚═════════════════════════════════════════════════════════════════════════════╝
[2026-09-29 09:02:49.387] [upf_n4 ] [info] handle_receive(21 bytes)
[2026-09-29 09:02:49.387] [upf_app] [info] 
[2026-09-29 09:02:49.387] [upf_app] [info] ╔═════════════════════════════════════════════════════════════════════════════╗
[2026-09-29 09:02:49.387] [upf_app] [info] │             Received N4_SESSION_REPORT_RESPONSE seid 0x4               │
[2026-09-29 09:02:49.387] [upf_app] [info] ╚═════════════════════════════════════════════════════════════════════════════╝
[2026-09-29 09:02:52.995] [upf_n4 ] [info] handle_receive(16 bytes)
[2026-09-29 09:02:52.995] [upf_n4 ] [info] Received SX HEARTBEAT REQUEST
[2026-09-29 09:02:53.002] [upf_n4 ] [info] TIME-OUT event timer id 7579
[2026-09-29 09:02:53.002] [upf_n4 ] [info] TIME-OUT event timer id 7580
[2026-09-29 09:02:53.002] [upf_n4 ] [info] PFCP HEARTBEAT PROCEDURE hash 169352876 starting
[2026-09-29 09:02:53.002] [upf_n4 ] [info] handle_receive(16 bytes)
[2026-09-29 09:02:53.002] [upf_n4 ] [info] Received SX HEARTBEAT RESPONSE
[2026-09-29 09:02:53.676] [upf_app] [info] TIME-OUT event timer id 7576
[2026-09-29 09:02:53.676] [upf_app] [debug] Send Heartbeat to NRF
[2026-09-29 09:02:53.676] [upf_app] [info] Send NF Update to NRF
[2026-09-29 09:02:53.676] [upf_app] [debug] Send NF Update to NRF (Msg body [{"op":"replace","path":"/nfStatus","value":"REGISTERED"}])
[2026-09-29 09:02:53.676] [upf_app] [debug] Send NF Update to NRF (NRF URL http://oai-nrf.oai-core.svc.cluster.local:80/nnrf-nfm/v1/nf-instances/23f448d9-fc64-4a49-98a4-5c7e36d915b6)
[2026-09-29 09:02:53.676] [upf_app] [debug] Send a simple HTTP request
[2026-09-29 09:02:53.679] [upf_app] [info] Got successful response from NRF
[2026-09-29 09:02:53.679] [upf_app] [debug] Set a timer to the next Heart-beat (10)
[2026-09-29 09:02:54.386] [upf_n4 ] [info] TIME-OUT event timer id 7582
[2026-09-29 09:02:54.386] [upf_n4 ] [info] TIME-OUT event timer id 7584
[2026-09-29 09:02:58.002] [upf_n4 ] [info] TIME-OUT event timer id 7588
[2026-09-29 09:02:58.002] [upf_n4 ] [info] TIME-OUT event timer id 7589
[2026-09-29 09:02:58.002] [upf_n4 ] [info] PFCP HEARTBEAT PROCEDURE hash 169352876 starting
[2026-09-29 09:02:58.002] [upf_n4 ] [info] handle_receive(16 bytes)
[2026-09-29 09:02:58.002] [upf_n4 ] [info] Received SX HEARTBEAT RESPONSE
[2026-09-29 09:02:59.401] [upf_app] [info] Queued PFCP Usage Report SEID=4 URR_ID=1 UR-SEQN=3 trigger=0x10 total_bytes=681528
[2026-09-29 09:02:59.401] [upf_n4 ] [info] handle_receive(21 bytes)
[2026-09-29 09:02:59.401] [upf_app] [info] 
[2026-09-29 09:02:59.401] [upf_app] [info] ╔═════════════════════════════════════════════════════════════════════════════╗
[2026-09-29 09:02:59.401] [upf_app] [info] │             Received N4_SESSION_REPORT_RESPONSE seid 0x4               │
[2026-09-29 09:02:59.401] [upf_app] [info] ╚═════════════════════════════════════════════════════════════════════════════╝
[2026-09-29 09:03:02.995] [upf_n4 ] [info] handle_receive(16 bytes)
[2026-09-29 09:03:02.995] [upf_n4 ] [info] Received SX HEARTBEAT REQUEST
[2026-09-29 09:03:03.002] [upf_n4 ] [info] TIME-OUT event timer id 7593
[2026-09-29 09:03:03.002] [upf_n4 ] [info] TIME-OUT event timer id 7594
[2026-09-29 09:03:03.002] [upf_n4 ] [info] PFCP HEARTBEAT PROCEDURE hash 169352876 starting
[2026-09-29 09:03:03.002] [upf_n4 ] [info] handle_receive(16 bytes)
[2026-09-29 09:03:03.002] [upf_n4 ] [info] Received SX HEARTBEAT RESPONSE
[2026-09-29 09:03:03.679] [upf_app] [info] TIME-OUT event timer id 7590
[2026-09-29 09:03:03.679] [upf_app] [debug] Send Heartbeat to NRF
[2026-09-29 09:03:03.679] [upf_app] [info] Send NF Update to NRF
[2026-09-29 09:03:03.679] [upf_app] [debug] Send NF Update to NRF (Msg body [{"op":"replace","path":"/nfStatus","value":"REGISTERED"}])
[2026-09-29 09:03:03.679] [upf_app] [debug] Send NF Update to NRF (NRF URL http://oai-nrf.oai-core.svc.cluster.local:80/nnrf-nfm/v1/nf-instances/23f448d9-fc64-4a49-98a4-5c7e36d915b6)
[2026-09-29 09:03:03.679] [upf_app] [debug] Send a simple HTTP request
[2026-09-29 09:03:03.681] [upf_app] [info] Got successful response from NRF
[2026-09-29 09:03:03.681] [upf_app] [debug] Set a timer to the next Heart-beat (10)
[2026-09-29 09:03:04.401] [upf_n4 ] [info] TIME-OUT event timer id 7596
[2026-09-29 09:03:08.003] [upf_n4 ] [info] TIME-OUT event timer id 7600
[2026-09-29 09:03:08.003] [upf_n4 ] [info] TIME-OUT event timer id 7601
[2026-09-29 09:03:08.003] [upf_n4 ] [info] PFCP HEARTBEAT PROCEDURE hash 169352876 starting
[2026-09-29 09:03:08.003] [upf_n4 ] [info] handle_receive(16 bytes)
[2026-09-29 09:03:08.003] [upf_n4 ] [info] Received SX HEARTBEAT RESPONSE
[2026-09-29 09:03:12.996] [upf_n4 ] [info] handle_receive(16 bytes)
[2026-09-29 09:03:12.996] [upf_n4 ] [info] Received SX HEARTBEAT REQUEST
[2026-09-29 09:03:13.003] [upf_n4 ] [info] TIME-OUT event timer id 7605
[2026-09-29 09:03:13.003] [upf_n4 ] [info] TIME-OUT event timer id 7606
[2026-09-29 09:03:13.003] [upf_n4 ] [info] PFCP HEARTBEAT PROCEDURE hash 169352876 starting
[2026-09-29 09:03:13.003] [upf_n4 ] [info] handle_receive(16 bytes)
[2026-09-29 09:03:13.003] [upf_n4 ] [info] Received SX HEARTBEAT RESPONSE
[2026-09-29 09:03:13.681] [upf_app] [info] TIME-OUT event timer id 7602
[2026-09-29 09:03:13.681] [upf_app] [debug] Send Heartbeat to NRF
[2026-09-29 09:03:13.681] [upf_app] [info] Send NF Update to NRF
[2026-09-29 09:03:13.681] [upf_app] [debug] Send NF Update to NRF (Msg body [{"op":"replace","path":"/nfStatus","value":"REGISTERED"}])
[2026-09-29 09:03:13.681] [upf_app] [debug] Send NF Update to NRF (NRF URL http://oai-nrf.oai-core.svc.cluster.local:80/nnrf-nfm/v1/nf-instances/23f448d9-fc64-4a49-98a4-5c7e36d915b6)
[2026-09-29 09:03:13.681] [upf_app] [debug] Send a simple HTTP request
[2026-09-29 09:03:13.683] [upf_app] [info] Got successful response from NRF
[2026-09-29 09:03:13.683] [upf_app] [debug] Set a timer to the next Heart-beat (10)
[2026-09-29 09:03:18.003] [upf_n4 ] [info] TIME-OUT event timer id 7610
[2026-09-29 09:03:18.003] [upf_n4 ] [info] TIME-OUT event timer id 7611
[2026-09-29 09:03:18.003] [upf_n4 ] [info] PFCP HEARTBEAT PROCEDURE hash 169352876 starting
[2026-09-29 09:03:18.003] [upf_n4 ] [info] handle_receive(16 bytes)
[2026-09-29 09:03:18.003] [upf_n4 ] [info] Received SX HEARTBEAT RESPONSE
[2026-09-29 09:03:22.997] [upf_n4 ] [info] handle_receive(16 bytes)
[2026-09-29 09:03:22.997] [upf_n4 ] [info] Received SX HEARTBEAT REQUEST
[2026-09-29 09:03:23.003] [upf_n4 ] [info] TIME-OUT event timer id 7615
[2026-09-29 09:03:23.003] [upf_n4 ] [info] TIME-OUT event timer id 7616
[2026-09-29 09:03:23.003] [upf_n4 ] [info] PFCP HEARTBEAT PROCEDURE hash 169352876 starting
[2026-09-29 09:03:23.004] [upf_n4 ] [info] handle_receive(16 bytes)
[2026-09-29 09:03:23.004] [upf_n4 ] [info] Received SX HEARTBEAT RESPONSE
[2026-09-29 09:03:23.683] [upf_app] [info] TIME-OUT event timer id 7612
[2026-09-29 09:03:23.683] [upf_app] [debug] Send Heartbeat to NRF
[2026-09-29 09:03:23.683] [upf_app] [info] Send NF Update to NRF
[2026-09-29 09:03:23.683] [upf_app] [debug] Send NF Update to NRF (Msg body [{"op":"replace","path":"/nfStatus","value":"REGISTERED"}])
[2026-09-29 09:03:23.683] [upf_app] [debug] Send NF Update to NRF (NRF URL http://oai-nrf.oai-core.svc.cluster.local:80/nnrf-nfm/v1/nf-instances/23f448d9-fc64-4a49-98a4-5c7e36d915b6)
[2026-09-29 09:03:23.683] [upf_app] [debug] Send a simple HTTP request
[2026-09-29 09:03:23.685] [upf_app] [info] Got successful response from NRF
[2026-09-29 09:03:23.685] [upf_app] [debug] Set a timer to the next Heart-beat (10)
[2026-09-29 09:03:28.003] [upf_n4 ] [info] TIME-OUT event timer id 7620
[2026-09-29 09:03:28.004] [upf_n4 ] [info] TIME-OUT event timer id 7621
[2026-09-29 09:03:28.004] [upf_n4 ] [info] PFCP HEARTBEAT PROCEDURE hash 169352876 starting
[2026-09-29 09:03:28.004] [upf_n4 ] [info] handle_receive(16 bytes)
[2026-09-29 09:03:28.004] [upf_n4 ] [info] Received SX HEARTBEAT RESPONSE
[2026-09-29 09:03:32.997] [upf_n4 ] [info] handle_receive(16 bytes)
[2026-09-29 09:03:32.997] [upf_n4 ] [info] Received SX HEARTBEAT REQUEST
[2026-09-29 09:03:33.004] [upf_n4 ] [info] TIME-OUT event timer id 7625
[2026-09-29 09:03:33.004] [upf_n4 ] [info] TIME-OUT event timer id 7626
[2026-09-29 09:03:33.004] [upf_n4 ] [info] PFCP HEARTBEAT PROCEDURE hash 169352876 starting
[2026-09-29 09:03:33.004] [upf_n4 ] [info] handle_receive(16 bytes)
[2026-09-29 09:03:33.004] [upf_n4 ] [info] Received SX HEARTBEAT RESPONSE
[2026-09-29 09:03:33.685] [upf_app] [info] TIME-OUT event timer id 7622
[2026-09-29 09:03:33.685] [upf_app] [debug] Send Heartbeat to NRF
[2026-09-29 09:03:33.685] [upf_app] [info] Send NF Update to NRF
[2026-09-29 09:03:33.685] [upf_app] [debug] Send NF Update to NRF (Msg body [{"op":"replace","path":"/nfStatus","value":"REGISTERED"}])
[2026-09-29 09:03:33.685] [upf_app] [debug] Send NF Update to NRF (NRF URL http://oai-nrf.oai-core.svc.cluster.local:80/nnrf-nfm/v1/nf-instances/23f448d9-fc64-4a49-98a4-5c7e36d915b6)
[2026-09-29 09:03:33.685] [upf_app] [debug] Send a simple HTTP request
[2026-09-29 09:03:33.687] [upf_app] [info] Got successful response from NRF
[2026-09-29 09:03:33.687] [upf_app] [debug] Set a timer to the next Heart-beat (10)
[2026-09-29 09:03:38.004] [upf_n4 ] [info] TIME-OUT event timer id 7630
[2026-09-29 09:03:38.004] [upf_n4 ] [info] TIME-OUT event timer id 7631
[2026-09-29 09:03:38.004] [upf_n4 ] [info] PFCP HEARTBEAT PROCEDURE hash 169352876 starting
[2026-09-29 09:03:38.004] [upf_n4 ] [info] handle_receive(16 bytes)
[2026-09-29 09:03:38.004] [upf_n4 ] [info] Received SX HEARTBEAT RESPONSE
[2026-09-29 09:03:42.997] [upf_n4 ] [info] handle_receive(16 bytes)
[2026-09-29 09:03:42.997] [upf_n4 ] [info] Received SX HEARTBEAT REQUEST
[2026-09-29 09:03:43.004] [upf_n4 ] [info] TIME-OUT event timer id 7635
[2026-09-29 09:03:43.004] [upf_n4 ] [info] TIME-OUT event timer id 7636
[2026-09-29 09:03:43.004] [upf_n4 ] [info] PFCP HEARTBEAT PROCEDURE hash 169352876 starting
[2026-09-29 09:03:43.004] [upf_n4 ] [info] handle_receive(16 bytes)
[2026-09-29 09:03:43.005] [upf_n4 ] [info] Received SX HEARTBEAT RESPONSE
[2026-09-29 09:03:43.687] [upf_app] [info] TIME-OUT event timer id 7632
[2026-09-29 09:03:43.687] [upf_app] [debug] Send Heartbeat to NRF
[2026-09-29 09:03:43.687] [upf_app] [info] Send NF Update to NRF
[2026-09-29 09:03:43.687] [upf_app] [debug] Send NF Update to NRF (Msg body [{"op":"replace","path":"/nfStatus","value":"REGISTERED"}])
[2026-09-29 09:03:43.687] [upf_app] [debug] Send NF Update to NRF (NRF URL http://oai-nrf.oai-core.svc.cluster.local:80/nnrf-nfm/v1/nf-instances/23f448d9-fc64-4a49-98a4-5c7e36d915b6)
[2026-09-29 09:03:43.687] [upf_app] [debug] Send a simple HTTP request
[2026-09-29 09:03:43.690] [upf_app] [info] Got successful response from NRF
[2026-09-29 09:03:43.690] [upf_app] [debug] Set a timer to the next Heart-beat (10)
[2026-09-29 09:03:48.004] [upf_n4 ] [info] TIME-OUT event timer id 7640
[2026-09-29 09:03:48.005] [upf_n4 ] [info] TIME-OUT event timer id 7641
[2026-09-29 09:03:48.005] [upf_n4 ] [info] PFCP HEARTBEAT PROCEDURE hash 169352876 starting
[2026-09-29 09:03:48.005] [upf_n4 ] [info] handle_receive(16 bytes)
[2026-09-29 09:03:48.005] [upf_n4 ] [info] Received SX HEARTBEAT RESPONSE
[2026-09-29 09:03:52.998] [upf_n4 ] [info] handle_receive(16 bytes)
[2026-09-29 09:03:52.998] [upf_n4 ] [info] Received SX HEARTBEAT REQUEST
[2026-09-29 09:03:53.005] [upf_n4 ] [info] TIME-OUT event timer id 7645
[2026-09-29 09:03:53.005] [upf_n4 ] [info] TIME-OUT event timer id 7646
[2026-09-29 09:03:53.005] [upf_n4 ] [info] PFCP HEARTBEAT PROCEDURE hash 169352876 starting
[2026-09-29 09:03:53.005] [upf_n4 ] [info] handle_receive(16 bytes)
[2026-09-29 09:03:53.005] [upf_n4 ] [info] Received SX HEARTBEAT RESPONSE
[2026-09-29 09:03:53.690] [upf_app] [info] TIME-OUT event timer id 7642
[2026-09-29 09:03:53.690] [upf_app] [debug] Send Heartbeat to NRF
[2026-09-29 09:03:53.690] [upf_app] [info] Send NF Update to NRF
[2026-09-29 09:03:53.690] [upf_app] [debug] Send NF Update to NRF (Msg body [{"op":"replace","path":"/nfStatus","value":"REGISTERED"}])
[2026-09-29 09:03:53.690] [upf_app] [debug] Send NF Update to NRF (NRF URL http://oai-nrf.oai-core.svc.cluster.local:80/nnrf-nfm/v1/nf-instances/23f448d9-fc64-4a49-98a4-5c7e36d915b6)
[2026-09-29 09:03:53.690] [upf_app] [debug] Send a simple HTTP request
[2026-09-29 09:03:53.692] [upf_app] [info] Got successful response from NRF
[2026-09-29 09:03:53.692] [upf_app] [debug] Set a timer to the next Heart-beat (10)
[2026-09-29 09:03:58.005] [upf_n4 ] [info] TIME-OUT event timer id 7650
[2026-09-29 09:03:58.005] [upf_n4 ] [info] TIME-OUT event timer id 7651
[2026-09-29 09:03:58.005] [upf_n4 ] [info] PFCP HEARTBEAT PROCEDURE hash 169352876 starting
[2026-09-29 09:03:58.005] [upf_n4 ] [info] handle_receive(16 bytes)
[2026-09-29 09:03:58.005] [upf_n4 ] [info] Received SX HEARTBEAT RESPONSE
[2026-09-29 09:04:02.998] [upf_n4 ] [info] handle_receive(16 bytes)
[2026-09-29 09:04:02.998] [upf_n4 ] [info] Received SX HEARTBEAT REQUEST
[2026-09-29 09:04:03.005] [upf_n4 ] [info] TIME-OUT event timer id 7655
[2026-09-29 09:04:03.005] [upf_n4 ] [info] TIME-OUT event timer id 7656
[2026-09-29 09:04:03.005] [upf_n4 ] [info] PFCP HEARTBEAT PROCEDURE hash 169352876 starting
[2026-09-29 09:04:03.005] [upf_n4 ] [info] handle_receive(16 bytes)
[2026-09-29 09:04:03.005] [upf_n4 ] [info] Received SX HEARTBEAT RESPONSE
[2026-09-29 09:04:03.692] [upf_app] [info] TIME-OUT event timer id 7652
[2026-09-29 09:04:03.692] [upf_app] [debug] Send Heartbeat to NRF
[2026-09-29 09:04:03.692] [upf_app] [info] Send NF Update to NRF
[2026-09-29 09:04:03.692] [upf_app] [debug] Send NF Update to NRF (Msg body [{"op":"replace","path":"/nfStatus","value":"REGISTERED"}])
[2026-09-29 09:04:03.692] [upf_app] [debug] Send NF Update to NRF (NRF URL http://oai-nrf.oai-core.svc.cluster.local:80/nnrf-nfm/v1/nf-instances/23f448d9-fc64-4a49-98a4-5c7e36d915b6)
[2026-09-29 09:04:03.692] [upf_app] [debug] Send a simple HTTP request
[2026-09-29 09:04:03.695] [upf_app] [info] Got successful response from NRF
[2026-09-29 09:04:03.695] [upf_app] [debug] Set a timer to the next Heart-beat (10)
[2026-09-29 09:04:08.005] [upf_n4 ] [info] TIME-OUT event timer id 7660
[2026-09-29 09:04:08.005] [upf_n4 ] [info] TIME-OUT event timer id 7661
[2026-09-29 09:04:08.005] [upf_n4 ] [info] PFCP HEARTBEAT PROCEDURE hash 169352876 starting
[2026-09-29 09:04:08.006] [upf_n4 ] [info] handle_receive(16 bytes)
[2026-09-29 09:04:08.006] [upf_n4 ] [info] Received SX HEARTBEAT RESPONSE
[2026-09-29 09:04:12.998] [upf_n4 ] [info] handle_receive(16 bytes)
[2026-09-29 09:04:12.998] [upf_n4 ] [info] Received SX HEARTBEAT REQUEST
[2026-09-29 09:04:13.005] [upf_n4 ] [info] TIME-OUT event timer id 7665
[2026-09-29 09:04:13.006] [upf_n4 ] [info] TIME-OUT event timer id 7666
[2026-09-29 09:04:13.006] [upf_n4 ] [info] PFCP HEARTBEAT PROCEDURE hash 169352876 starting
[2026-09-29 09:04:13.006] [upf_n4 ] [info] handle_receive(16 bytes)
[2026-09-29 09:04:13.006] [upf_n4 ] [info] Received SX HEARTBEAT RESPONSE
[2026-09-29 09:04:13.695] [upf_app] [info] TIME-OUT event timer id 7662
[2026-09-29 09:04:13.695] [upf_app] [debug] Send Heartbeat to NRF
[2026-09-29 09:04:13.695] [upf_app] [info] Send NF Update to NRF
[2026-09-29 09:04:13.695] [upf_app] [debug] Send NF Update to NRF (Msg body [{"op":"replace","path":"/nfStatus","value":"REGISTERED"}])
[2026-09-29 09:04:13.695] [upf_app] [debug] Send NF Update to NRF (NRF URL http://oai-nrf.oai-core.svc.cluster.local:80/nnrf-nfm/v1/nf-instances/23f448d9-fc64-4a49-98a4-5c7e36d915b6)
[2026-09-29 09:04:13.695] [upf_app] [debug] Send a simple HTTP request
[2026-09-29 09:04:13.697] [upf_app] [info] Got successful response from NRF
[2026-09-29 09:04:13.697] [upf_app] [debug] Set a timer to the next Heart-beat (10)
[2026-09-29 09:04:18.006] [upf_n4 ] [info] TIME-OUT event timer id 7670
[2026-09-29 09:04:18.006] [upf_n4 ] [info] TIME-OUT event timer id 7671
[2026-09-29 09:04:18.006] [upf_n4 ] [info] PFCP HEARTBEAT PROCEDURE hash 169352876 starting
[2026-09-29 09:04:18.006] [upf_n4 ] [info] handle_receive(16 bytes)
[2026-09-29 09:04:18.006] [upf_n4 ] [info] Received SX HEARTBEAT RESPONSE
[2026-09-29 09:04:22.999] [upf_n4 ] [info] handle_receive(16 bytes)
[2026-09-29 09:04:22.999] [upf_n4 ] [info] Received SX HEARTBEAT REQUEST
[2026-09-29 09:04:23.006] [upf_n4 ] [info] TIME-OUT event timer id 7675
[2026-09-29 09:04:23.006] [upf_n4 ] [info] TIME-OUT event timer id 7676
[2026-09-29 09:04:23.006] [upf_n4 ] [info] PFCP HEARTBEAT PROCEDURE hash 169352876 starting
[2026-09-29 09:04:23.006] [upf_n4 ] [info] handle_receive(16 bytes)
[2026-09-29 09:04:23.006] [upf_n4 ] [info] Received SX HEARTBEAT RESPONSE
[2026-09-29 09:04:23.698] [upf_app] [info] TIME-OUT event timer id 7672
[2026-09-29 09:04:23.698] [upf_app] [debug] Send Heartbeat to NRF
[2026-09-29 09:04:23.698] [upf_app] [info] Send NF Update to NRF
[2026-09-29 09:04:23.698] [upf_app] [debug] Send NF Update to NRF (Msg body [{"op":"replace","path":"/nfStatus","value":"REGISTERED"}])
[2026-09-29 09:04:23.698] [upf_app] [debug] Send NF Update to NRF (NRF URL http://oai-nrf.oai-core.svc.cluster.local:80/nnrf-nfm/v1/nf-instances/23f448d9-fc64-4a49-98a4-5c7e36d915b6)
[2026-09-29 09:04:23.698] [upf_app] [debug] Send a simple HTTP request
[2026-09-29 09:04:23.700] [upf_app] [info] Got successful response from NRF
[2026-09-29 09:04:23.700] [upf_app] [debug] Set a timer to the next Heart-beat (10)
[2026-09-29 09:04:28.006] [upf_n4 ] [info] TIME-OUT event timer id 7680
[2026-09-29 09:04:28.006] [upf_n4 ] [info] TIME-OUT event timer id 7681
[2026-09-29 09:04:28.006] [upf_n4 ] [info] PFCP HEARTBEAT PROCEDURE hash 169352876 starting
[2026-09-29 09:04:28.006] [upf_n4 ] [info] handle_receive(16 bytes)
[2026-09-29 09:04:28.006] [upf_n4 ] [info] Received SX HEARTBEAT RESPONSE
[2026-09-29 09:04:32.999] [upf_n4 ] [info] handle_receive(16 bytes)
[2026-09-29 09:04:32.999] [upf_n4 ] [info] Received SX HEARTBEAT REQUEST
[2026-09-29 09:04:33.006] [upf_n4 ] [info] TIME-OUT event timer id 7685
[2026-09-29 09:04:33.006] [upf_n4 ] [info] TIME-OUT event timer id 7686
[2026-09-29 09:04:33.006] [upf_n4 ] [info] PFCP HEARTBEAT PROCEDURE hash 169352876 starting
[2026-09-29 09:04:33.007] [upf_n4 ] [info] handle_receive(16 bytes)
[2026-09-29 09:04:33.007] [upf_n4 ] [info] Received SX HEARTBEAT RESPONSE
[2026-09-29 09:04:33.700] [upf_app] [info] TIME-OUT event timer id 7682
[2026-09-29 09:04:33.700] [upf_app] [debug] Send Heartbeat to NRF
[2026-09-29 09:04:33.700] [upf_app] [info] Send NF Update to NRF
[2026-09-29 09:04:33.700] [upf_app] [debug] Send NF Update to NRF (Msg body [{"op":"replace","path":"/nfStatus","value":"REGISTERED"}])
[2026-09-29 09:04:33.700] [upf_app] [debug] Send NF Update to NRF (NRF URL http://oai-nrf.oai-core.svc.cluster.local:80/nnrf-nfm/v1/nf-instances/23f448d9-fc64-4a49-98a4-5c7e36d915b6)
[2026-09-29 09:04:33.700] [upf_app] [debug] Send a simple HTTP request
[2026-09-29 09:04:33.702] [upf_app] [info] Got successful response from NRF
[2026-09-29 09:04:33.702] [upf_app] [debug] Set a timer to the next Heart-beat (10)
[2026-09-29 09:04:38.007] [upf_n4 ] [info] TIME-OUT event timer id 7690
[2026-09-29 09:04:38.007] [upf_n4 ] [info] TIME-OUT event timer id 7691
[2026-09-29 09:04:38.007] [upf_n4 ] [info] PFCP HEARTBEAT PROCEDURE hash 169352876 starting
[2026-09-29 09:04:38.007] [upf_n4 ] [info] handle_receive(16 bytes)
[2026-09-29 09:04:38.007] [upf_n4 ] [info] Received SX HEARTBEAT RESPONSE
[2026-09-29 09:04:42.999] [upf_n4 ] [info] handle_receive(16 bytes)
[2026-09-29 09:04:42.999] [upf_n4 ] [info] Received SX HEARTBEAT REQUEST
[2026-09-29 09:04:43.007] [upf_n4 ] [info] TIME-OUT event timer id 7695
[2026-09-29 09:04:43.007] [upf_n4 ] [info] TIME-OUT event timer id 7696
[2026-09-29 09:04:43.007] [upf_n4 ] [info] PFCP HEARTBEAT PROCEDURE hash 169352876 starting
[2026-09-29 09:04:43.007] [upf_n4 ] [info] handle_receive(16 bytes)
[2026-09-29 09:04:43.007] [upf_n4 ] [info] Received SX HEARTBEAT RESPONSE
[2026-09-29 09:04:43.702] [upf_app] [info] TIME-OUT event timer id 7692
[2026-09-29 09:04:43.702] [upf_app] [debug] Send Heartbeat to NRF
[2026-09-29 09:04:43.702] [upf_app] [info] Send NF Update to NRF
[2026-09-29 09:04:43.702] [upf_app] [debug] Send NF Update to NRF (Msg body [{"op":"replace","path":"/nfStatus","value":"REGISTERED"}])
[2026-09-29 09:04:43.702] [upf_app] [debug] Send NF Update to NRF (NRF URL http://oai-nrf.oai-core.svc.cluster.local:80/nnrf-nfm/v1/nf-instances/23f448d9-fc64-4a49-98a4-5c7e36d915b6)
[2026-09-29 09:04:43.702] [upf_app] [debug] Send a simple HTTP request
[2026-09-29 09:04:43.705] [upf_app] [info] Got successful response from NRF
[2026-09-29 09:04:43.705] [upf_app] [debug] Set a timer to the next Heart-beat (10)
[2026-09-29 09:04:48.007] [upf_n4 ] [info] TIME-OUT event timer id 7700
[2026-09-29 09:04:48.007] [upf_n4 ] [info] TIME-OUT event timer id 7701
[2026-09-29 09:04:48.007] [upf_n4 ] [info] PFCP HEARTBEAT PROCEDURE hash 169352876 starting
[2026-09-29 09:04:48.007] [upf_n4 ] [info] handle_receive(16 bytes)
[2026-09-29 09:04:48.007] [upf_n4 ] [info] Received SX HEARTBEAT RESPONSE
[2026-09-29 09:04:53.000] [upf_n4 ] [info] handle_receive(16 bytes)
[2026-09-29 09:04:53.000] [upf_n4 ] [info] Received SX HEARTBEAT REQUEST
[2026-09-29 09:04:53.007] [upf_n4 ] [info] TIME-OUT event timer id 7705
[2026-09-29 09:04:53.007] [upf_n4 ] [info] TIME-OUT event timer id 7706
[2026-09-29 09:04:53.007] [upf_n4 ] [info] PFCP HEARTBEAT PROCEDURE hash 169352876 starting
[2026-09-29 09:04:53.007] [upf_n4 ] [info] handle_receive(16 bytes)
[2026-09-29 09:04:53.008] [upf_n4 ] [info] Received SX HEARTBEAT RESPONSE
[2026-09-29 09:04:53.705] [upf_app] [info] TIME-OUT event timer id 7702
[2026-09-29 09:04:53.705] [upf_app] [debug] Send Heartbeat to NRF
[2026-09-29 09:04:53.705] [upf_app] [info] Send NF Update to NRF
[2026-09-29 09:04:53.705] [upf_app] [debug] Send NF Update to NRF (Msg body [{"op":"replace","path":"/nfStatus","value":"REGISTERED"}])
[2026-09-29 09:04:53.705] [upf_app] [debug] Send NF Update to NRF (NRF URL http://oai-nrf.oai-core.svc.cluster.local:80/nnrf-nfm/v1/nf-instances/23f448d9-fc64-4a49-98a4-5c7e36d915b6)
[2026-09-29 09:04:53.705] [upf_app] [debug] Send a simple HTTP request
[2026-09-29 09:04:53.708] [upf_app] [info] Got successful response from NRF
[2026-09-29 09:04:53.708] [upf_app] [debug] Set a timer to the next Heart-beat (10)
[2026-09-29 09:04:58.007] [upf_n4 ] [info] TIME-OUT event timer id 7710
[2026-09-29 09:04:58.008] [upf_n4 ] [info] TIME-OUT event timer id 7711
[2026-09-29 09:04:58.008] [upf_n4 ] [info] PFCP HEARTBEAT PROCEDURE hash 169352876 starting
[2026-09-29 09:04:58.008] [upf_n4 ] [info] handle_receive(16 bytes)
[2026-09-29 09:04:58.008] [upf_n4 ] [info] Received SX HEARTBEAT RESPONSE
[2026-09-29 09:05:03.000] [upf_n4 ] [info] handle_receive(16 bytes)
[2026-09-29 09:05:03.000] [upf_n4 ] [info] Received SX HEARTBEAT REQUEST
[2026-09-29 09:05:03.008] [upf_n4 ] [info] TIME-OUT event timer id 7715
[2026-09-29 09:05:03.008] [upf_n4 ] [info] TIME-OUT event timer id 7716
[2026-09-29 09:05:03.008] [upf_n4 ] [info] PFCP HEARTBEAT PROCEDURE hash 169352876 starting
[2026-09-29 09:05:03.008] [upf_n4 ] [info] handle_receive(16 bytes)
[2026-09-29 09:05:03.008] [upf_n4 ] [info] Received SX HEARTBEAT RESPONSE
[2026-09-29 09:05:03.708] [upf_app] [info] TIME-OUT event timer id 7712
[2026-09-29 09:05:03.708] [upf_app] [debug] Send Heartbeat to NRF
[2026-09-29 09:05:03.708] [upf_app] [info] Send NF Update to NRF
[2026-09-29 09:05:03.708] [upf_app] [debug] Send NF Update to NRF (Msg body [{"op":"replace","path":"/nfStatus","value":"REGISTERED"}])
[2026-09-29 09:05:03.708] [upf_app] [debug] Send NF Update to NRF (NRF URL http://oai-nrf.oai-core.svc.cluster.local:80/nnrf-nfm/v1/nf-instances/23f448d9-fc64-4a49-98a4-5c7e36d915b6)
[2026-09-29 09:05:03.708] [upf_app] [debug] Send a simple HTTP request
[2026-09-29 09:05:03.710] [upf_app] [info] Got successful response from NRF
[2026-09-29 09:05:03.710] [upf_app] [debug] Set a timer to the next Heart-beat (10)
[2026-09-29 09:05:08.008] [upf_n4 ] [info] TIME-OUT event timer id 7720
[2026-09-29 09:05:08.008] [upf_n4 ] [info] TIME-OUT event timer id 7721
[2026-09-29 09:05:08.008] [upf_n4 ] [info] PFCP HEARTBEAT PROCEDURE hash 169352876 starting
[2026-09-29 09:05:08.008] [upf_n4 ] [info] handle_receive(16 bytes)
[2026-09-29 09:05:08.008] [upf_n4 ] [info] Received SX HEARTBEAT RESPONSE
[2026-09-29 09:05:13.001] [upf_n4 ] [info] handle_receive(16 bytes)
[2026-09-29 09:05:13.001] [upf_n4 ] [info] Received SX HEARTBEAT REQUEST
[2026-09-29 09:05:13.008] [upf_n4 ] [info] TIME-OUT event timer id 7725
[2026-09-29 09:05:13.008] [upf_n4 ] [info] TIME-OUT event timer id 7726
[2026-09-29 09:05:13.008] [upf_n4 ] [info] PFCP HEARTBEAT PROCEDURE hash 169352876 starting
[2026-09-29 09:05:13.008] [upf_n4 ] [info] handle_receive(16 bytes)
[2026-09-29 09:05:13.008] [upf_n4 ] [info] Received SX HEARTBEAT RESPONSE
[2026-09-29 09:05:13.710] [upf_app] [info] TIME-OUT event timer id 7722
[2026-09-29 09:05:13.710] [upf_app] [debug] Send Heartbeat to NRF
[2026-09-29 09:05:13.710] [upf_app] [info] Send NF Update to NRF
[2026-09-29 09:05:13.710] [upf_app] [debug] Send NF Update to NRF (Msg body [{"op":"replace","path":"/nfStatus","value":"REGISTERED"}])
[2026-09-29 09:05:13.710] [upf_app] [debug] Send NF Update to NRF (NRF URL http://oai-nrf.oai-core.svc.cluster.local:80/nnrf-nfm/v1/nf-instances/23f448d9-fc64-4a49-98a4-5c7e36d915b6)
[2026-09-29 09:05:13.710] [upf_app] [debug] Send a simple HTTP request
[2026-09-29 09:05:13.712] [upf_app] [info] Got successful response from NRF
[2026-09-29 09:05:13.712] [upf_app] [debug] Set a timer to the next Heart-beat (10)
[2026-09-29 09:05:18.008] [upf_n4 ] [info] TIME-OUT event timer id 7730
[2026-09-29 09:05:18.008] [upf_n4 ] [info] TIME-OUT event timer id 7731
[2026-09-29 09:05:18.008] [upf_n4 ] [info] PFCP HEARTBEAT PROCEDURE hash 169352876 starting
[2026-09-29 09:05:18.008] [upf_n4 ] [info] handle_receive(16 bytes)
[2026-09-29 09:05:18.008] [upf_n4 ] [info] Received SX HEARTBEAT RESPONSE
[2026-09-29 09:05:23.001] [upf_n4 ] [info] handle_receive(16 bytes)
[2026-09-29 09:05:23.001] [upf_n4 ] [info] Received SX HEARTBEAT REQUEST
[2026-09-29 09:05:23.008] [upf_n4 ] [info] TIME-OUT event timer id 7735
[2026-09-29 09:05:23.009] [upf_n4 ] [info] TIME-OUT event timer id 7736
[2026-09-29 09:05:23.009] [upf_n4 ] [info] PFCP HEARTBEAT PROCEDURE hash 169352876 starting
[2026-09-29 09:05:23.009] [upf_n4 ] [info] handle_receive(16 bytes)
[2026-09-29 09:05:23.009] [upf_n4 ] [info] Received SX HEARTBEAT RESPONSE
[2026-09-29 09:05:23.712] [upf_app] [info] TIME-OUT event timer id 7732
[2026-09-29 09:05:23.712] [upf_app] [debug] Send Heartbeat to NRF
[2026-09-29 09:05:23.712] [upf_app] [info] Send NF Update to NRF
[2026-09-29 09:05:23.712] [upf_app] [debug] Send NF Update to NRF (Msg body [{"op":"replace","path":"/nfStatus","value":"REGISTERED"}])
[2026-09-29 09:05:23.712] [upf_app] [debug] Send NF Update to NRF (NRF URL http://oai-nrf.oai-core.svc.cluster.local:80/nnrf-nfm/v1/nf-instances/23f448d9-fc64-4a49-98a4-5c7e36d915b6)
[2026-09-29 09:05:23.712] [upf_app] [debug] Send a simple HTTP request
[2026-09-29 09:05:23.714] [upf_app] [info] Got successful response from NRF
[2026-09-29 09:05:23.714] [upf_app] [debug] Set a timer to the next Heart-beat (10)
[2026-09-29 09:05:28.009] [upf_n4 ] [info] TIME-OUT event timer id 7740
[2026-09-29 09:05:28.009] [upf_n4 ] [info] TIME-OUT event timer id 7741
[2026-09-29 09:05:28.009] [upf_n4 ] [info] PFCP HEARTBEAT PROCEDURE hash 169352876 starting
[2026-09-29 09:05:28.009] [upf_n4 ] [info] handle_receive(16 bytes)
[2026-09-29 09:05:28.009] [upf_n4 ] [info] Received SX HEARTBEAT RESPONSE
[2026-09-29 09:05:33.002] [upf_n4 ] [info] handle_receive(16 bytes)
[2026-09-29 09:05:33.002] [upf_n4 ] [info] Received SX HEARTBEAT REQUEST
[2026-09-29 09:05:33.009] [upf_n4 ] [info] TIME-OUT event timer id 7745
[2026-09-29 09:05:33.009] [upf_n4 ] [info] TIME-OUT event timer id 7746
[2026-09-29 09:05:33.009] [upf_n4 ] [info] PFCP HEARTBEAT PROCEDURE hash 169352876 starting
[2026-09-29 09:05:33.009] [upf_n4 ] [info] handle_receive(16 bytes)
[2026-09-29 09:05:33.009] [upf_n4 ] [info] Received SX HEARTBEAT RESPONSE
[2026-09-29 09:05:33.714] [upf_app] [info] TIME-OUT event timer id 7742
[2026-09-29 09:05:33.714] [upf_app] [debug] Send Heartbeat to NRF
[2026-09-29 09:05:33.714] [upf_app] [info] Send NF Update to NRF
[2026-09-29 09:05:33.714] [upf_app] [debug] Send NF Update to NRF (Msg body [{"op":"replace","path":"/nfStatus","value":"REGISTERED"}])
[2026-09-29 09:05:33.714] [upf_app] [debug] Send NF Update to NRF (NRF URL http://oai-nrf.oai-core.svc.cluster.local:80/nnrf-nfm/v1/nf-instances/23f448d9-fc64-4a49-98a4-5c7e36d915b6)
[2026-09-29 09:05:33.714] [upf_app] [debug] Send a simple HTTP request
[2026-09-29 09:05:33.716] [upf_app] [info] Got successful response from NRF
[2026-09-29 09:05:33.716] [upf_app] [debug] Set a timer to the next Heart-beat (10)
[2026-09-29 09:05:38.009] [upf_n4 ] [info] TIME-OUT event timer id 7750
[2026-09-29 09:05:38.009] [upf_n4 ] [info] TIME-OUT event timer id 7751
[2026-09-29 09:05:38.009] [upf_n4 ] [info] PFCP HEARTBEAT PROCEDURE hash 169352876 starting
[2026-09-29 09:05:38.010] [upf_n4 ] [info] handle_receive(16 bytes)
[2026-09-29 09:05:38.010] [upf_n4 ] [info] Received SX HEARTBEAT RESPONSE
[2026-09-29 09:05:43.002] [upf_n4 ] [info] handle_receive(16 bytes)
[2026-09-29 09:05:43.002] [upf_n4 ] [info] Received SX HEARTBEAT REQUEST
[2026-09-29 09:05:43.009] [upf_n4 ] [info] TIME-OUT event timer id 7755
[2026-09-29 09:05:43.010] [upf_n4 ] [info] TIME-OUT event timer id 7756
[2026-09-29 09:05:43.010] [upf_n4 ] [info] PFCP HEARTBEAT PROCEDURE hash 169352876 starting
[2026-09-29 09:05:43.010] [upf_n4 ] [info] handle_receive(16 bytes)
[2026-09-29 09:05:43.010] [upf_n4 ] [info] Received SX HEARTBEAT RESPONSE
[2026-09-29 09:05:43.716] [upf_app] [info] TIME-OUT event timer id 7752
[2026-09-29 09:05:43.716] [upf_app] [debug] Send Heartbeat to NRF
[2026-09-29 09:05:43.716] [upf_app] [info] Send NF Update to NRF
[2026-09-29 09:05:43.716] [upf_app] [debug] Send NF Update to NRF (Msg body [{"op":"replace","path":"/nfStatus","value":"REGISTERED"}])
[2026-09-29 09:05:43.717] [upf_app] [debug] Send NF Update to NRF (NRF URL http://oai-nrf.oai-core.svc.cluster.local:80/nnrf-nfm/v1/nf-instances/23f448d9-fc64-4a49-98a4-5c7e36d915b6)
[2026-09-29 09:05:43.717] [upf_app] [debug] Send a simple HTTP request
[2026-09-29 09:05:43.719] [upf_app] [info] Got successful response from NRF
[2026-09-29 09:05:43.719] [upf_app] [debug] Set a timer to the next Heart-beat (10)
[2026-09-29 09:05:48.010] [upf_n4 ] [info] TIME-OUT event timer id 7760
[2026-09-29 09:05:48.010] [upf_n4 ] [info] TIME-OUT event timer id 7761
[2026-09-29 09:05:48.010] [upf_n4 ] [info] PFCP HEARTBEAT PROCEDURE hash 169352876 starting
[2026-09-29 09:05:48.010] [upf_n4 ] [info] handle_receive(16 bytes)
[2026-09-29 09:05:48.010] [upf_n4 ] [info] Received SX HEARTBEAT RESPONSE
[2026-09-29 09:05:53.002] [upf_n4 ] [info] handle_receive(16 bytes)
[2026-09-29 09:05:53.002] [upf_n4 ] [info] Received SX HEARTBEAT REQUEST
[2026-09-29 09:05:53.010] [upf_n4 ] [info] TIME-OUT event timer id 7765
[2026-09-29 09:05:53.010] [upf_n4 ] [info] TIME-OUT event timer id 7766
[2026-09-29 09:05:53.010] [upf_n4 ] [info] PFCP HEARTBEAT PROCEDURE hash 169352876 starting
[2026-09-29 09:05:53.010] [upf_n4 ] [info] handle_receive(16 bytes)
[2026-09-29 09:05:53.010] [upf_n4 ] [info] Received SX HEARTBEAT RESPONSE
[2026-09-29 09:05:53.719] [upf_app] [info] TIME-OUT event timer id 7762
[2026-09-29 09:05:53.719] [upf_app] [debug] Send Heartbeat to NRF
[2026-09-29 09:05:53.719] [upf_app] [info] Send NF Update to NRF
[2026-09-29 09:05:53.719] [upf_app] [debug] Send NF Update to NRF (Msg body [{"op":"replace","path":"/nfStatus","value":"REGISTERED"}])
[2026-09-29 09:05:53.719] [upf_app] [debug] Send NF Update to NRF (NRF URL http://oai-nrf.oai-core.svc.cluster.local:80/nnrf-nfm/v1/nf-instances/23f448d9-fc64-4a49-98a4-5c7e36d915b6)
[2026-09-29 09:05:53.719] [upf_app] [debug] Send a simple HTTP request
[2026-09-29 09:05:53.721] [upf_app] [info] Got successful response from NRF
[2026-09-29 09:05:53.721] [upf_app] [debug] Set a timer to the next Heart-beat (10)
[2026-09-29 09:05:58.010] [upf_n4 ] [info] TIME-OUT event timer id 7770
[2026-09-29 09:05:58.010] [upf_n4 ] [info] TIME-OUT event timer id 7771
[2026-09-29 09:05:58.010] [upf_n4 ] [info] PFCP HEARTBEAT PROCEDURE hash 169352876 starting
[2026-09-29 09:05:58.010] [upf_n4 ] [info] handle_receive(16 bytes)
[2026-09-29 09:05:58.010] [upf_n4 ] [info] Received SX HEARTBEAT RESPONSE
[2026-09-29 09:06:03.003] [upf_n4 ] [info] handle_receive(16 bytes)
[2026-09-29 09:06:03.003] [upf_n4 ] [info] Received SX HEARTBEAT REQUEST
[2026-09-29 09:06:03.010] [upf_n4 ] [info] TIME-OUT event timer id 7775
[2026-09-29 09:06:03.010] [upf_n4 ] [info] TIME-OUT event timer id 7776
[2026-09-29 09:06:03.010] [upf_n4 ] [info] PFCP HEARTBEAT PROCEDURE hash 169352876 starting
[2026-09-29 09:06:03.011] [upf_n4 ] [info] handle_receive(16 bytes)
[2026-09-29 09:06:03.011] [upf_n4 ] [info] Received SX HEARTBEAT RESPONSE
[2026-09-29 09:06:03.721] [upf_app] [info] TIME-OUT event timer id 7772
[2026-09-29 09:06:03.721] [upf_app] [debug] Send Heartbeat to NRF
[2026-09-29 09:06:03.721] [upf_app] [info] Send NF Update to NRF
[2026-09-29 09:06:03.721] [upf_app] [debug] Send NF Update to NRF (Msg body [{"op":"replace","path":"/nfStatus","value":"REGISTERED"}])
[2026-09-29 09:06:03.721] [upf_app] [debug] Send NF Update to NRF (NRF URL http://oai-nrf.oai-core.svc.cluster.local:80/nnrf-nfm/v1/nf-instances/23f448d9-fc64-4a49-98a4-5c7e36d915b6)
[2026-09-29 09:06:03.721] [upf_app] [debug] Send a simple HTTP request
[2026-09-29 09:06:03.723] [upf_app] [info] Got successful response from NRF
[2026-09-29 09:06:03.723] [upf_app] [debug] Set a timer to the next Heart-beat (10)
[2026-09-29 09:06:08.010] [upf_n4 ] [info] TIME-OUT event timer id 7780
[2026-09-29 09:06:08.011] [upf_n4 ] [info] TIME-OUT event timer id 7781
[2026-09-29 09:06:08.011] [upf_n4 ] [info] PFCP HEARTBEAT PROCEDURE hash 169352876 starting
[2026-09-29 09:06:08.011] [upf_n4 ] [info] handle_receive(16 bytes)
[2026-09-29 09:06:08.011] [upf_n4 ] [info] Received SX HEARTBEAT RESPONSE
[2026-09-29 09:06:13.003] [upf_n4 ] [info] handle_receive(16 bytes)
[2026-09-29 09:06:13.003] [upf_n4 ] [info] Received SX HEARTBEAT REQUEST
[2026-09-29 09:06:13.011] [upf_n4 ] [info] TIME-OUT event timer id 7785
[2026-09-29 09:06:13.011] [upf_n4 ] [info] TIME-OUT event timer id 7786
[2026-09-29 09:06:13.011] [upf_n4 ] [info] PFCP HEARTBEAT PROCEDURE hash 169352876 starting
[2026-09-29 09:06:13.011] [upf_n4 ] [info] handle_receive(16 bytes)
[2026-09-29 09:06:13.011] [upf_n4 ] [info] Received SX HEARTBEAT RESPONSE
[2026-09-29 09:06:13.723] [upf_app] [info] TIME-OUT event timer id 7782
[2026-09-29 09:06:13.723] [upf_app] [debug] Send Heartbeat to NRF
[2026-09-29 09:06:13.723] [upf_app] [info] Send NF Update to NRF
[2026-09-29 09:06:13.723] [upf_app] [debug] Send NF Update to NRF (Msg body [{"op":"replace","path":"/nfStatus","value":"REGISTERED"}])
[2026-09-29 09:06:13.723] [upf_app] [debug] Send NF Update to NRF (NRF URL http://oai-nrf.oai-core.svc.cluster.local:80/nnrf-nfm/v1/nf-instances/23f448d9-fc64-4a49-98a4-5c7e36d915b6)
[2026-09-29 09:06:13.723] [upf_app] [debug] Send a simple HTTP request
[2026-09-29 09:06:13.726] [upf_app] [info] Got successful response from NRF
[2026-09-29 09:06:13.726] [upf_app] [debug] Set a timer to the next Heart-beat (10)
[2026-09-29 09:06:18.011] [upf_n4 ] [info] TIME-OUT event timer id 7790
[2026-09-29 09:06:18.011] [upf_n4 ] [info] TIME-OUT event timer id 7791
[2026-09-29 09:06:18.011] [upf_n4 ] [info] PFCP HEARTBEAT PROCEDURE hash 169352876 starting
[2026-09-29 09:06:18.011] [upf_n4 ] [info] handle_receive(16 bytes)
[2026-09-29 09:06:18.011] [upf_n4 ] [info] Received SX HEARTBEAT RESPONSE
[2026-09-29 09:06:23.004] [upf_n4 ] [info] handle_receive(16 bytes)
[2026-09-29 09:06:23.004] [upf_n4 ] [info] Received SX HEARTBEAT REQUEST
[2026-09-29 09:06:23.011] [upf_n4 ] [info] TIME-OUT event timer id 7795
[2026-09-29 09:06:23.011] [upf_n4 ] [info] TIME-OUT event timer id 7796
[2026-09-29 09:06:23.011] [upf_n4 ] [info] PFCP HEARTBEAT PROCEDURE hash 169352876 starting
[2026-09-29 09:06:23.011] [upf_n4 ] [info] handle_receive(16 bytes)
[2026-09-29 09:06:23.012] [upf_n4 ] [info] Received SX HEARTBEAT RESPONSE
[2026-09-29 09:06:23.726] [upf_app] [info] TIME-OUT event timer id 7792
[2026-09-29 09:06:23.726] [upf_app] [debug] Send Heartbeat to NRF
[2026-09-29 09:06:23.726] [upf_app] [info] Send NF Update to NRF
[2026-09-29 09:06:23.726] [upf_app] [debug] Send NF Update to NRF (Msg body [{"op":"replace","path":"/nfStatus","value":"REGISTERED"}])
[2026-09-29 09:06:23.726] [upf_app] [debug] Send NF Update to NRF (NRF URL http://oai-nrf.oai-core.svc.cluster.local:80/nnrf-nfm/v1/nf-instances/23f448d9-fc64-4a49-98a4-5c7e36d915b6)
[2026-09-29 09:06:23.726] [upf_app] [debug] Send a simple HTTP request
[2026-09-29 09:06:23.728] [upf_app] [info] Got successful response from NRF
[2026-09-29 09:06:23.728] [upf_app] [debug] Set a timer to the next Heart-beat (10)
[2026-09-29 09:06:28.011] [upf_n4 ] [info] TIME-OUT event timer id 7800
[2026-09-29 09:06:28.012] [upf_n4 ] [info] TIME-OUT event timer id 7801
[2026-09-29 09:06:28.012] [upf_n4 ] [info] PFCP HEARTBEAT PROCEDURE hash 169352876 starting
[2026-09-29 09:06:28.012] [upf_n4 ] [info] handle_receive(16 bytes)
[2026-09-29 09:06:28.012] [upf_n4 ] [info] Received SX HEARTBEAT RESPONSE
[2026-09-29 09:06:33.004] [upf_n4 ] [info] handle_receive(16 bytes)
[2026-09-29 09:06:33.004] [upf_n4 ] [info] Received SX HEARTBEAT REQUEST
[2026-09-29 09:06:33.012] [upf_n4 ] [info] TIME-OUT event timer id 7805
[2026-09-29 09:06:33.012] [upf_n4 ] [info] TIME-OUT event timer id 7806
[2026-09-29 09:06:33.012] [upf_n4 ] [info] PFCP HEARTBEAT PROCEDURE hash 169352876 starting
[2026-09-29 09:06:33.012] [upf_n4 ] [info] handle_receive(16 bytes)
[2026-09-29 09:06:33.012] [upf_n4 ] [info] Received SX HEARTBEAT RESPONSE
[2026-09-29 09:06:33.728] [upf_app] [info] TIME-OUT event timer id 7802
[2026-09-29 09:06:33.728] [upf_app] [debug] Send Heartbeat to NRF
[2026-09-29 09:06:33.728] [upf_app] [info] Send NF Update to NRF
[2026-09-29 09:06:33.728] [upf_app] [debug] Send NF Update to NRF (Msg body [{"op":"replace","path":"/nfStatus","value":"REGISTERED"}])
[2026-09-29 09:06:33.728] [upf_app] [debug] Send NF Update to NRF (NRF URL http://oai-nrf.oai-core.svc.cluster.local:80/nnrf-nfm/v1/nf-instances/23f448d9-fc64-4a49-98a4-5c7e36d915b6)
[2026-09-29 09:06:33.728] [upf_app] [debug] Send a simple HTTP request
[2026-09-29 09:06:33.731] [upf_app] [info] Got successful response from NRF
[2026-09-29 09:06:33.731] [upf_app] [debug] Set a timer to the next Heart-beat (10)
[2026-09-29 09:06:38.012] [upf_n4 ] [info] TIME-OUT event timer id 7810
[2026-09-29 09:06:38.012] [upf_n4 ] [info] TIME-OUT event timer id 7811
[2026-09-29 09:06:38.012] [upf_n4 ] [info] PFCP HEARTBEAT PROCEDURE hash 169352876 starting
[2026-09-29 09:06:38.012] [upf_n4 ] [info] handle_receive(16 bytes)
[2026-09-29 09:06:38.012] [upf_n4 ] [info] Received SX HEARTBEAT RESPONSE
[2026-09-29 09:06:43.005] [upf_n4 ] [info] handle_receive(16 bytes)
[2026-09-29 09:06:43.005] [upf_n4 ] [info] Received SX HEARTBEAT REQUEST
[2026-09-29 09:06:43.012] [upf_n4 ] [info] TIME-OUT event timer id 7815
[2026-09-29 09:06:43.012] [upf_n4 ] [info] TIME-OUT event timer id 7816
[2026-09-29 09:06:43.012] [upf_n4 ] [info] PFCP HEARTBEAT PROCEDURE hash 169352876 starting
[2026-09-29 09:06:43.012] [upf_n4 ] [info] handle_receive(16 bytes)
[2026-09-29 09:06:43.012] [upf_n4 ] [info] Received SX HEARTBEAT RESPONSE
[2026-09-29 09:06:43.731] [upf_app] [info] TIME-OUT event timer id 7812
[2026-09-29 09:06:43.731] [upf_app] [debug] Send Heartbeat to NRF
[2026-09-29 09:06:43.731] [upf_app] [info] Send NF Update to NRF
[2026-09-29 09:06:43.731] [upf_app] [debug] Send NF Update to NRF (Msg body [{"op":"replace","path":"/nfStatus","value":"REGISTERED"}])
[2026-09-29 09:06:43.731] [upf_app] [debug] Send NF Update to NRF (NRF URL http://oai-nrf.oai-core.svc.cluster.local:80/nnrf-nfm/v1/nf-instances/23f448d9-fc64-4a49-98a4-5c7e36d915b6)
[2026-09-29 09:06:43.731] [upf_app] [debug] Send a simple HTTP request
[2026-09-29 09:06:43.734] [upf_app] [info] Got successful response from NRF
[2026-09-29 09:06:43.734] [upf_app] [debug] Set a timer to the next Heart-beat (10)
[2026-09-29 09:06:48.012] [upf_n4 ] [info] TIME-OUT event timer id 7820
[2026-09-29 09:06:48.012] [upf_n4 ] [info] TIME-OUT event timer id 7821
[2026-09-29 09:06:48.012] [upf_n4 ] [info] PFCP HEARTBEAT PROCEDURE hash 169352876 starting
[2026-09-29 09:06:48.013] [upf_n4 ] [info] handle_receive(16 bytes)
[2026-09-29 09:06:48.013] [upf_n4 ] [info] Received SX HEARTBEAT RESPONSE
[2026-09-29 09:06:53.005] [upf_n4 ] [info] handle_receive(16 bytes)
[2026-09-29 09:06:53.005] [upf_n4 ] [info] Received SX HEARTBEAT REQUEST
[2026-09-29 09:06:53.012] [upf_n4 ] [info] TIME-OUT event timer id 7825
[2026-09-29 09:06:53.013] [upf_n4 ] [info] TIME-OUT event timer id 7826
[2026-09-29 09:06:53.013] [upf_n4 ] [info] PFCP HEARTBEAT PROCEDURE hash 169352876 starting
[2026-09-29 09:06:53.013] [upf_n4 ] [info] handle_receive(16 bytes)
[2026-09-29 09:06:53.013] [upf_n4 ] [info] Received SX HEARTBEAT RESPONSE
[2026-09-29 09:06:53.734] [upf_app] [info] TIME-OUT event timer id 7822
[2026-09-29 09:06:53.734] [upf_app] [debug] Send Heartbeat to NRF
[2026-09-29 09:06:53.734] [upf_app] [info] Send NF Update to NRF
[2026-09-29 09:06:53.734] [upf_app] [debug] Send NF Update to NRF (Msg body [{"op":"replace","path":"/nfStatus","value":"REGISTERED"}])
[2026-09-29 09:06:53.734] [upf_app] [debug] Send NF Update to NRF (NRF URL http://oai-nrf.oai-core.svc.cluster.local:80/nnrf-nfm/v1/nf-instances/23f448d9-fc64-4a49-98a4-5c7e36d915b6)
[2026-09-29 09:06:53.734] [upf_app] [debug] Send a simple HTTP request
[2026-09-29 09:06:53.736] [upf_app] [info] Got successful response from NRF
[2026-09-29 09:06:53.736] [upf_app] [debug] Set a timer to the next Heart-beat (10)
[2026-09-29 09:06:58.013] [upf_n4 ] [info] TIME-OUT event timer id 7830
[2026-09-29 09:06:58.013] [upf_n4 ] [info] TIME-OUT event timer id 7831
[2026-09-29 09:06:58.013] [upf_n4 ] [info] PFCP HEARTBEAT PROCEDURE hash 169352876 starting
[2026-09-29 09:06:58.013] [upf_n4 ] [info] handle_receive(16 bytes)
[2026-09-29 09:06:58.013] [upf_n4 ] [info] Received SX HEARTBEAT RESPONSE
[2026-09-29 09:07:03.006] [upf_n4 ] [info] handle_receive(16 bytes)
[2026-09-29 09:07:03.006] [upf_n4 ] [info] Received SX HEARTBEAT REQUEST
[2026-09-29 09:07:03.013] [upf_n4 ] [info] TIME-OUT event timer id 7835
[2026-09-29 09:07:03.013] [upf_n4 ] [info] TIME-OUT event timer id 7836
[2026-09-29 09:07:03.013] [upf_n4 ] [info] PFCP HEARTBEAT PROCEDURE hash 169352876 starting
[2026-09-29 09:07:03.014] [upf_n4 ] [info] handle_receive(16 bytes)
[2026-09-29 09:07:03.014] [upf_n4 ] [info] Received SX HEARTBEAT RESPONSE
[2026-09-29 09:07:03.736] [upf_app] [info] TIME-OUT event timer id 7832
[2026-09-29 09:07:03.736] [upf_app] [debug] Send Heartbeat to NRF
[2026-09-29 09:07:03.736] [upf_app] [info] Send NF Update to NRF
[2026-09-29 09:07:03.736] [upf_app] [debug] Send NF Update to NRF (Msg body [{"op":"replace","path":"/nfStatus","value":"REGISTERED"}])
[2026-09-29 09:07:03.736] [upf_app] [debug] Send NF Update to NRF (NRF URL http://oai-nrf.oai-core.svc.cluster.local:80/nnrf-nfm/v1/nf-instances/23f448d9-fc64-4a49-98a4-5c7e36d915b6)
[2026-09-29 09:07:03.736] [upf_app] [debug] Send a simple HTTP request
[2026-09-29 09:07:03.739] [upf_app] [info] Got successful response from NRF
[2026-09-29 09:07:03.739] [upf_app] [debug] Set a timer to the next Heart-beat (10)
[2026-09-29 09:07:08.014] [upf_n4 ] [info] TIME-OUT event timer id 7840
[2026-09-29 09:07:08.014] [upf_n4 ] [info] TIME-OUT event timer id 7841
[2026-09-29 09:07:08.014] [upf_n4 ] [info] PFCP HEARTBEAT PROCEDURE hash 169352876 starting
[2026-09-29 09:07:08.014] [upf_n4 ] [info] handle_receive(16 bytes)
[2026-09-29 09:07:08.014] [upf_n4 ] [info] Received SX HEARTBEAT RESPONSE
[2026-09-29 09:07:13.006] [upf_n4 ] [info] handle_receive(16 bytes)
[2026-09-29 09:07:13.006] [upf_n4 ] [info] Received SX HEARTBEAT REQUEST
[2026-09-29 09:07:13.014] [upf_n4 ] [info] TIME-OUT event timer id 7845
[2026-09-29 09:07:13.014] [upf_n4 ] [info] TIME-OUT event timer id 7846
[2026-09-29 09:07:13.014] [upf_n4 ] [info] PFCP HEARTBEAT PROCEDURE hash 169352876 starting
[2026-09-29 09:07:13.014] [upf_n4 ] [info] handle_receive(16 bytes)
[2026-09-29 09:07:13.014] [upf_n4 ] [info] Received SX HEARTBEAT RESPONSE
[2026-09-29 09:07:13.739] [upf_app] [info] TIME-OUT event timer id 7842
[2026-09-29 09:07:13.739] [upf_app] [debug] Send Heartbeat to NRF
[2026-09-29 09:07:13.739] [upf_app] [info] Send NF Update to NRF
[2026-09-29 09:07:13.739] [upf_app] [debug] Send NF Update to NRF (Msg body [{"op":"replace","path":"/nfStatus","value":"REGISTERED"}])
[2026-09-29 09:07:13.739] [upf_app] [debug] Send NF Update to NRF (NRF URL http://oai-nrf.oai-core.svc.cluster.local:80/nnrf-nfm/v1/nf-instances/23f448d9-fc64-4a49-98a4-5c7e36d915b6)
[2026-09-29 09:07:13.739] [upf_app] [debug] Send a simple HTTP request
[2026-09-29 09:07:13.741] [upf_app] [info] Got successful response from NRF
[2026-09-29 09:07:13.741] [upf_app] [debug] Set a timer to the next Heart-beat (10)
[2026-09-29 09:07:18.014] [upf_n4 ] [info] TIME-OUT event timer id 7850
[2026-09-29 09:07:18.014] [upf_n4 ] [info] TIME-OUT event timer id 7851
[2026-09-29 09:07:18.014] [upf_n4 ] [info] PFCP HEARTBEAT PROCEDURE hash 169352876 starting
[2026-09-29 09:07:18.014] [upf_n4 ] [info] handle_receive(16 bytes)
[2026-09-29 09:07:18.014] [upf_n4 ] [info] Received SX HEARTBEAT RESPONSE
[2026-09-29 09:07:23.006] [upf_n4 ] [info] handle_receive(16 bytes)
[2026-09-29 09:07:23.006] [upf_n4 ] [info] Received SX HEARTBEAT REQUEST
[2026-09-29 09:07:23.014] [upf_n4 ] [info] TIME-OUT event timer id 7855
[2026-09-29 09:07:23.014] [upf_n4 ] [info] TIME-OUT event timer id 7856
[2026-09-29 09:07:23.014] [upf_n4 ] [info] PFCP HEARTBEAT PROCEDURE hash 169352876 starting
[2026-09-29 09:07:23.015] [upf_n4 ] [info] handle_receive(16 bytes)
[2026-09-29 09:07:23.015] [upf_n4 ] [info] Received SX HEARTBEAT RESPONSE
[2026-09-29 09:07:23.741] [upf_app] [info] TIME-OUT event timer id 7852
[2026-09-29 09:07:23.741] [upf_app] [debug] Send Heartbeat to NRF
[2026-09-29 09:07:23.741] [upf_app] [info] Send NF Update to NRF
[2026-09-29 09:07:23.741] [upf_app] [debug] Send NF Update to NRF (Msg body [{"op":"replace","path":"/nfStatus","value":"REGISTERED"}])
[2026-09-29 09:07:23.741] [upf_app] [debug] Send NF Update to NRF (NRF URL http://oai-nrf.oai-core.svc.cluster.local:80/nnrf-nfm/v1/nf-instances/23f448d9-fc64-4a49-98a4-5c7e36d915b6)
[2026-09-29 09:07:23.741] [upf_app] [debug] Send a simple HTTP request
[2026-09-29 09:07:23.745] [upf_app] [info] Got successful response from NRF
[2026-09-29 09:07:23.745] [upf_app] [debug] Set a timer to the next Heart-beat (10)
[2026-09-29 09:07:28.014] [upf_n4 ] [info] TIME-OUT event timer id 7860
[2026-09-29 09:07:28.015] [upf_n4 ] [info] TIME-OUT event timer id 7861
[2026-09-29 09:07:28.015] [upf_n4 ] [info] PFCP HEARTBEAT PROCEDURE hash 169352876 starting
[2026-09-29 09:07:28.015] [upf_n4 ] [info] handle_receive(16 bytes)
[2026-09-29 09:07:28.015] [upf_n4 ] [info] Received SX HEARTBEAT RESPONSE
[2026-09-29 09:07:33.007] [upf_n4 ] [info] handle_receive(16 bytes)
[2026-09-29 09:07:33.007] [upf_n4 ] [info] Received SX HEARTBEAT REQUEST
[2026-09-29 09:07:33.015] [upf_n4 ] [info] TIME-OUT event timer id 7865
[2026-09-29 09:07:33.015] [upf_n4 ] [info] TIME-OUT event timer id 7866
[2026-09-29 09:07:33.015] [upf_n4 ] [info] PFCP HEARTBEAT PROCEDURE hash 169352876 starting
[2026-09-29 09:07:33.015] [upf_n4 ] [info] handle_receive(16 bytes)
[2026-09-29 09:07:33.015] [upf_n4 ] [info] Received SX HEARTBEAT RESPONSE
[2026-09-29 09:07:33.745] [upf_app] [info] TIME-OUT event timer id 7862
[2026-09-29 09:07:33.745] [upf_app] [debug] Send Heartbeat to NRF
[2026-09-29 09:07:33.745] [upf_app] [info] Send NF Update to NRF
[2026-09-29 09:07:33.745] [upf_app] [debug] Send NF Update to NRF (Msg body [{"op":"replace","path":"/nfStatus","value":"REGISTERED"}])
[2026-09-29 09:07:33.745] [upf_app] [debug] Send NF Update to NRF (NRF URL http://oai-nrf.oai-core.svc.cluster.local:80/nnrf-nfm/v1/nf-instances/23f448d9-fc64-4a49-98a4-5c7e36d915b6)
[2026-09-29 09:07:33.745] [upf_app] [debug] Send a simple HTTP request
[2026-09-29 09:07:33.747] [upf_app] [info] Got successful response from NRF
[2026-09-29 09:07:33.747] [upf_app] [debug] Set a timer to the next Heart-beat (10)
[2026-09-29 09:07:38.016] [upf_n4 ] [info] TIME-OUT event timer id 7870
[2026-09-29 09:07:38.016] [upf_n4 ] [info] TIME-OUT event timer id 7871
[2026-09-29 09:07:38.016] [upf_n4 ] [info] PFCP HEARTBEAT PROCEDURE hash 169352876 starting
[2026-09-29 09:07:38.018] [upf_n4 ] [info] handle_receive(16 bytes)
[2026-09-29 09:07:38.018] [upf_n4 ] [info] Received SX HEARTBEAT RESPONSE
[2026-09-29 09:07:43.007] [upf_n4 ] [info] handle_receive(16 bytes)
[2026-09-29 09:07:43.007] [upf_n4 ] [info] Received SX HEARTBEAT REQUEST
[2026-09-29 09:07:43.016] [upf_n4 ] [info] TIME-OUT event timer id 7875
[2026-09-29 09:07:43.018] [upf_n4 ] [info] TIME-OUT event timer id 7876
[2026-09-29 09:07:43.018] [upf_n4 ] [info] PFCP HEARTBEAT PROCEDURE hash 169352876 starting
[2026-09-29 09:07:43.018] [upf_n4 ] [info] handle_receive(16 bytes)
[2026-09-29 09:07:43.018] [upf_n4 ] [info] Received SX HEARTBEAT RESPONSE
[2026-09-29 09:07:43.747] [upf_app] [info] TIME-OUT event timer id 7872
[2026-09-29 09:07:43.747] [upf_app] [debug] Send Heartbeat to NRF
[2026-09-29 09:07:43.747] [upf_app] [info] Send NF Update to NRF
[2026-09-29 09:07:43.747] [upf_app] [debug] Send NF Update to NRF (Msg body [{"op":"replace","path":"/nfStatus","value":"REGISTERED"}])
[2026-09-29 09:07:43.747] [upf_app] [debug] Send NF Update to NRF (NRF URL http://oai-nrf.oai-core.svc.cluster.local:80/nnrf-nfm/v1/nf-instances/23f448d9-fc64-4a49-98a4-5c7e36d915b6)
[2026-09-29 09:07:43.747] [upf_app] [debug] Send a simple HTTP request
[2026-09-29 09:07:43.749] [upf_app] [info] Got successful response from NRF
[2026-09-29 09:07:43.749] [upf_app] [debug] Set a timer to the next Heart-beat (10)
[2026-09-29 09:07:48.018] [upf_n4 ] [info] TIME-OUT event timer id 7880
[2026-09-29 09:07:48.018] [upf_n4 ] [info] TIME-OUT event timer id 7881
[2026-09-29 09:07:48.018] [upf_n4 ] [info] PFCP HEARTBEAT PROCEDURE hash 169352876 starting
[2026-09-29 09:07:48.018] [upf_n4 ] [info] handle_receive(16 bytes)
[2026-09-29 09:07:48.018] [upf_n4 ] [info] Received SX HEARTBEAT RESPONSE
[2026-09-29 09:07:53.007] [upf_n4 ] [info] handle_receive(16 bytes)
[2026-09-29 09:07:53.007] [upf_n4 ] [info] Received SX HEARTBEAT REQUEST
[2026-09-29 09:07:53.018] [upf_n4 ] [info] TIME-OUT event timer id 7885
[2026-09-29 09:07:53.018] [upf_n4 ] [info] TIME-OUT event timer id 7886
[2026-09-29 09:07:53.018] [upf_n4 ] [info] PFCP HEARTBEAT PROCEDURE hash 169352876 starting
[2026-09-29 09:07:53.018] [upf_n4 ] [info] handle_receive(16 bytes)
[2026-09-29 09:07:53.018] [upf_n4 ] [info] Received SX HEARTBEAT RESPONSE
[2026-09-29 09:07:53.749] [upf_app] [info] TIME-OUT event timer id 7882
[2026-09-29 09:07:53.749] [upf_app] [debug] Send Heartbeat to NRF
[2026-09-29 09:07:53.749] [upf_app] [info] Send NF Update to NRF
[2026-09-29 09:07:53.749] [upf_app] [debug] Send NF Update to NRF (Msg body [{"op":"replace","path":"/nfStatus","value":"REGISTERED"}])
[2026-09-29 09:07:53.749] [upf_app] [debug] Send NF Update to NRF (NRF URL http://oai-nrf.oai-core.svc.cluster.local:80/nnrf-nfm/v1/nf-instances/23f448d9-fc64-4a49-98a4-5c7e36d915b6)
[2026-09-29 09:07:53.749] [upf_app] [debug] Send a simple HTTP request
[2026-09-29 09:07:53.751] [upf_app] [info] Got successful response from NRF
[2026-09-29 09:07:53.751] [upf_app] [debug] Set a timer to the next Heart-beat (10)
[2026-09-29 09:07:58.018] [upf_n4 ] [info] TIME-OUT event timer id 7890
[2026-09-29 09:07:58.018] [upf_n4 ] [info] TIME-OUT event timer id 7891
[2026-09-29 09:07:58.018] [upf_n4 ] [info] PFCP HEARTBEAT PROCEDURE hash 169352876 starting
[2026-09-29 09:07:58.018] [upf_n4 ] [info] handle_receive(16 bytes)
[2026-09-29 09:07:58.018] [upf_n4 ] [info] Received SX HEARTBEAT RESPONSE
[2026-09-29 09:08:03.008] [upf_n4 ] [info] handle_receive(16 bytes)
[2026-09-29 09:08:03.008] [upf_n4 ] [info] Received SX HEARTBEAT REQUEST
[2026-09-29 09:08:03.018] [upf_n4 ] [info] TIME-OUT event timer id 7895
[2026-09-29 09:08:03.019] [upf_n4 ] [info] TIME-OUT event timer id 7896
[2026-09-29 09:08:03.019] [upf_n4 ] [info] PFCP HEARTBEAT PROCEDURE hash 169352876 starting
[2026-09-29 09:08:03.019] [upf_n4 ] [info] handle_receive(16 bytes)
[2026-09-29 09:08:03.019] [upf_n4 ] [info] Received SX HEARTBEAT RESPONSE
[2026-09-29 09:08:03.751] [upf_app] [info] TIME-OUT event timer id 7892
[2026-09-29 09:08:03.751] [upf_app] [debug] Send Heartbeat to NRF
[2026-09-29 09:08:03.751] [upf_app] [info] Send NF Update to NRF
[2026-09-29 09:08:03.751] [upf_app] [debug] Send NF Update to NRF (Msg body [{"op":"replace","path":"/nfStatus","value":"REGISTERED"}])
[2026-09-29 09:08:03.751] [upf_app] [debug] Send NF Update to NRF (NRF URL http://oai-nrf.oai-core.svc.cluster.local:80/nnrf-nfm/v1/nf-instances/23f448d9-fc64-4a49-98a4-5c7e36d915b6)
[2026-09-29 09:08:03.751] [upf_app] [debug] Send a simple HTTP request
[2026-09-29 09:08:03.753] [upf_app] [info] Got successful response from NRF
[2026-09-29 09:08:03.753] [upf_app] [debug] Set a timer to the next Heart-beat (10)
[2026-09-29 09:08:08.019] [upf_n4 ] [info] TIME-OUT event timer id 7900
[2026-09-29 09:08:08.019] [upf_n4 ] [info] TIME-OUT event timer id 7901
[2026-09-29 09:08:08.019] [upf_n4 ] [info] PFCP HEARTBEAT PROCEDURE hash 169352876 starting
[2026-09-29 09:08:08.019] [upf_n4 ] [info] handle_receive(16 bytes)
[2026-09-29 09:08:08.019] [upf_n4 ] [info] Received SX HEARTBEAT RESPONSE
[2026-09-29 09:08:13.010] [upf_n4 ] [info] handle_receive(16 bytes)
[2026-09-29 09:08:13.010] [upf_n4 ] [info] Received SX HEARTBEAT REQUEST
[2026-09-29 09:08:13.019] [upf_n4 ] [info] TIME-OUT event timer id 7905
[2026-09-29 09:08:13.019] [upf_n4 ] [info] TIME-OUT event timer id 7906
[2026-09-29 09:08:13.019] [upf_n4 ] [info] PFCP HEARTBEAT PROCEDURE hash 169352876 starting
[2026-09-29 09:08:13.019] [upf_n4 ] [info] handle_receive(16 bytes)
[2026-09-29 09:08:13.019] [upf_n4 ] [info] Received SX HEARTBEAT RESPONSE
[2026-09-29 09:08:13.754] [upf_app] [info] TIME-OUT event timer id 7902
[2026-09-29 09:08:13.754] [upf_app] [debug] Send Heartbeat to NRF
[2026-09-29 09:08:13.754] [upf_app] [info] Send NF Update to NRF
[2026-09-29 09:08:13.754] [upf_app] [debug] Send NF Update to NRF (Msg body [{"op":"replace","path":"/nfStatus","value":"REGISTERED"}])
[2026-09-29 09:08:13.754] [upf_app] [debug] Send NF Update to NRF (NRF URL http://oai-nrf.oai-core.svc.cluster.local:80/nnrf-nfm/v1/nf-instances/23f448d9-fc64-4a49-98a4-5c7e36d915b6)
[2026-09-29 09:08:13.754] [upf_app] [debug] Send a simple HTTP request
[2026-09-29 09:08:13.756] [upf_app] [info] Got successful response from NRF
[2026-09-29 09:08:13.756] [upf_app] [debug] Set a timer to the next Heart-beat (10)
[2026-09-29 09:08:18.019] [upf_n4 ] [info] TIME-OUT event timer id 7910
[2026-09-29 09:08:18.019] [upf_n4 ] [info] TIME-OUT event timer id 7911
[2026-09-29 09:08:18.019] [upf_n4 ] [info] PFCP HEARTBEAT PROCEDURE hash 169352876 starting
[2026-09-29 09:08:18.019] [upf_n4 ] [info] handle_receive(16 bytes)
[2026-09-29 09:08:18.019] [upf_n4 ] [info] Received SX HEARTBEAT RESPONSE
[2026-09-29 09:08:23.010] [upf_n4 ] [info] handle_receive(16 bytes)
[2026-09-29 09:08:23.010] [upf_n4 ] [info] Received SX HEARTBEAT REQUEST
[2026-09-29 09:08:23.019] [upf_n4 ] [info] TIME-OUT event timer id 7915
[2026-09-29 09:08:23.019] [upf_n4 ] [info] TIME-OUT event timer id 7916
[2026-09-29 09:08:23.019] [upf_n4 ] [info] PFCP HEARTBEAT PROCEDURE hash 169352876 starting
[2026-09-29 09:08:23.020] [upf_n4 ] [info] handle_receive(16 bytes)
[2026-09-29 09:08:23.020] [upf_n4 ] [info] Received SX HEARTBEAT RESPONSE
[2026-09-29 09:08:23.756] [upf_app] [info] TIME-OUT event timer id 7912
[2026-09-29 09:08:23.756] [upf_app] [debug] Send Heartbeat to NRF
[2026-09-29 09:08:23.756] [upf_app] [info] Send NF Update to NRF
[2026-09-29 09:08:23.756] [upf_app] [debug] Send NF Update to NRF (Msg body [{"op":"replace","path":"/nfStatus","value":"REGISTERED"}])
[2026-09-29 09:08:23.756] [upf_app] [debug] Send NF Update to NRF (NRF URL http://oai-nrf.oai-core.svc.cluster.local:80/nnrf-nfm/v1/nf-instances/23f448d9-fc64-4a49-98a4-5c7e36d915b6)
[2026-09-29 09:08:23.756] [upf_app] [debug] Send a simple HTTP request
[2026-09-29 09:08:23.758] [upf_app] [info] Got successful response from NRF
[2026-09-29 09:08:23.758] [upf_app] [debug] Set a timer to the next Heart-beat (10)
[2026-09-29 09:08:28.019] [upf_n4 ] [info] TIME-OUT event timer id 7920
[2026-09-29 09:08:28.020] [upf_n4 ] [info] TIME-OUT event timer id 7921
[2026-09-29 09:08:28.020] [upf_n4 ] [info] PFCP HEARTBEAT PROCEDURE hash 169352876 starting
[2026-09-29 09:08:28.020] [upf_n4 ] [info] handle_receive(16 bytes)
[2026-09-29 09:08:28.020] [upf_n4 ] [info] Received SX HEARTBEAT RESPONSE
[2026-09-29 09:08:33.011] [upf_n4 ] [info] handle_receive(16 bytes)
[2026-09-29 09:08:33.011] [upf_n4 ] [info] Received SX HEARTBEAT REQUEST
[2026-09-29 09:08:33.020] [upf_n4 ] [info] TIME-OUT event timer id 7925
[2026-09-29 09:08:33.020] [upf_n4 ] [info] TIME-OUT event timer id 7926
[2026-09-29 09:08:33.020] [upf_n4 ] [info] PFCP HEARTBEAT PROCEDURE hash 169352876 starting
[2026-09-29 09:08:33.020] [upf_n4 ] [info] handle_receive(16 bytes)
[2026-09-29 09:08:33.020] [upf_n4 ] [info] Received SX HEARTBEAT RESPONSE
[2026-09-29 09:08:33.758] [upf_app] [info] TIME-OUT event timer id 7922
[2026-09-29 09:08:33.758] [upf_app] [debug] Send Heartbeat to NRF
[2026-09-29 09:08:33.758] [upf_app] [info] Send NF Update to NRF
[2026-09-29 09:08:33.758] [upf_app] [debug] Send NF Update to NRF (Msg body [{"op":"replace","path":"/nfStatus","value":"REGISTERED"}])
[2026-09-29 09:08:33.758] [upf_app] [debug] Send NF Update to NRF (NRF URL http://oai-nrf.oai-core.svc.cluster.local:80/nnrf-nfm/v1/nf-instances/23f448d9-fc64-4a49-98a4-5c7e36d915b6)
[2026-09-29 09:08:33.758] [upf_app] [debug] Send a simple HTTP request
[2026-09-29 09:08:33.760] [upf_app] [info] Got successful response from NRF
[2026-09-29 09:08:33.760] [upf_app] [debug] Set a timer to the next Heart-beat (10)
[2026-09-29 09:08:38.020] [upf_n4 ] [info] TIME-OUT event timer id 7930
[2026-09-29 09:08:38.020] [upf_n4 ] [info] TIME-OUT event timer id 7931
[2026-09-29 09:08:38.020] [upf_n4 ] [info] PFCP HEARTBEAT PROCEDURE hash 169352876 starting
[2026-09-29 09:08:38.020] [upf_n4 ] [info] handle_receive(16 bytes)
[2026-09-29 09:08:38.020] [upf_n4 ] [info] Received SX HEARTBEAT RESPONSE
[2026-09-29 09:08:43.011] [upf_n4 ] [info] handle_receive(16 bytes)
[2026-09-29 09:08:43.011] [upf_n4 ] [info] Received SX HEARTBEAT REQUEST
[2026-09-29 09:08:43.020] [upf_n4 ] [info] TIME-OUT event timer id 7935
[2026-09-29 09:08:43.020] [upf_n4 ] [info] TIME-OUT event timer id 7936
[2026-09-29 09:08:43.020] [upf_n4 ] [info] PFCP HEARTBEAT PROCEDURE hash 169352876 starting
[2026-09-29 09:08:43.020] [upf_n4 ] [info] handle_receive(16 bytes)
[2026-09-29 09:08:43.020] [upf_n4 ] [info] Received SX HEARTBEAT RESPONSE
[2026-09-29 09:08:43.760] [upf_app] [info] TIME-OUT event timer id 7932
[2026-09-29 09:08:43.760] [upf_app] [debug] Send Heartbeat to NRF
[2026-09-29 09:08:43.760] [upf_app] [info] Send NF Update to NRF
[2026-09-29 09:08:43.760] [upf_app] [debug] Send NF Update to NRF (Msg body [{"op":"replace","path":"/nfStatus","value":"REGISTERED"}])
[2026-09-29 09:08:43.760] [upf_app] [debug] Send NF Update to NRF (NRF URL http://oai-nrf.oai-core.svc.cluster.local:80/nnrf-nfm/v1/nf-instances/23f448d9-fc64-4a49-98a4-5c7e36d915b6)
[2026-09-29 09:08:43.760] [upf_app] [debug] Send a simple HTTP request
[2026-09-29 09:08:43.762] [upf_app] [info] Got successful response from NRF
[2026-09-29 09:08:43.762] [upf_app] [debug] Set a timer to the next Heart-beat (10)
[2026-09-29 09:08:48.020] [upf_n4 ] [info] TIME-OUT event timer id 7940
[2026-09-29 09:08:48.020] [upf_n4 ] [info] TIME-OUT event timer id 7941
[2026-09-29 09:08:48.020] [upf_n4 ] [info] PFCP HEARTBEAT PROCEDURE hash 169352876 starting
[2026-09-29 09:08:48.020] [upf_n4 ] [info] handle_receive(16 bytes)
[2026-09-29 09:08:48.020] [upf_n4 ] [info] Received SX HEARTBEAT RESPONSE
[2026-09-29 09:08:53.011] [upf_n4 ] [info] handle_receive(16 bytes)
[2026-09-29 09:08:53.011] [upf_n4 ] [info] Received SX HEARTBEAT REQUEST
[2026-09-29 09:08:53.020] [upf_n4 ] [info] TIME-OUT event timer id 7945
[2026-09-29 09:08:53.020] [upf_n4 ] [info] TIME-OUT event timer id 7946
[2026-09-29 09:08:53.020] [upf_n4 ] [info] PFCP HEARTBEAT PROCEDURE hash 169352876 starting
[2026-09-29 09:08:53.021] [upf_n4 ] [info] handle_receive(16 bytes)
[2026-09-29 09:08:53.021] [upf_n4 ] [info] Received SX HEARTBEAT RESPONSE
[2026-09-29 09:08:53.762] [upf_app] [info] TIME-OUT event timer id 7942
[2026-09-29 09:08:53.762] [upf_app] [debug] Send Heartbeat to NRF
[2026-09-29 09:08:53.762] [upf_app] [info] Send NF Update to NRF
[2026-09-29 09:08:53.762] [upf_app] [debug] Send NF Update to NRF (Msg body [{"op":"replace","path":"/nfStatus","value":"REGISTERED"}])
[2026-09-29 09:08:53.762] [upf_app] [debug] Send NF Update to NRF (NRF URL http://oai-nrf.oai-core.svc.cluster.local:80/nnrf-nfm/v1/nf-instances/23f448d9-fc64-4a49-98a4-5c7e36d915b6)
[2026-09-29 09:08:53.762] [upf_app] [debug] Send a simple HTTP request
[2026-09-29 09:08:53.764] [upf_app] [info] Got successful response from NRF
[2026-09-29 09:08:53.764] [upf_app] [debug] Set a timer to the next Heart-beat (10)
[2026-09-29 09:08:58.021] [upf_n4 ] [info] TIME-OUT event timer id 7950
[2026-09-29 09:08:58.021] [upf_n4 ] [info] TIME-OUT event timer id 7951
[2026-09-29 09:08:58.021] [upf_n4 ] [info] PFCP HEARTBEAT PROCEDURE hash 169352876 starting
[2026-09-29 09:08:58.021] [upf_n4 ] [info] handle_receive(16 bytes)
[2026-09-29 09:08:58.021] [upf_n4 ] [info] Received SX HEARTBEAT RESPONSE
[2026-09-29 09:09:03.012] [upf_n4 ] [info] handle_receive(16 bytes)
[2026-09-29 09:09:03.012] [upf_n4 ] [info] Received SX HEARTBEAT REQUEST
[2026-09-29 09:09:03.021] [upf_n4 ] [info] TIME-OUT event timer id 7955
[2026-09-29 09:09:03.021] [upf_n4 ] [info] TIME-OUT event timer id 7956
[2026-09-29 09:09:03.021] [upf_n4 ] [info] PFCP HEARTBEAT PROCEDURE hash 169352876 starting
[2026-09-29 09:09:03.021] [upf_n4 ] [info] handle_receive(16 bytes)
[2026-09-29 09:09:03.021] [upf_n4 ] [info] Received SX HEARTBEAT RESPONSE
[2026-09-29 09:09:03.764] [upf_app] [info] TIME-OUT event timer id 7952
[2026-09-29 09:09:03.764] [upf_app] [debug] Send Heartbeat to NRF
[2026-09-29 09:09:03.764] [upf_app] [info] Send NF Update to NRF
[2026-09-29 09:09:03.764] [upf_app] [debug] Send NF Update to NRF (Msg body [{"op":"replace","path":"/nfStatus","value":"REGISTERED"}])
[2026-09-29 09:09:03.764] [upf_app] [debug] Send NF Update to NRF (NRF URL http://oai-nrf.oai-core.svc.cluster.local:80/nnrf-nfm/v1/nf-instances/23f448d9-fc64-4a49-98a4-5c7e36d915b6)
[2026-09-29 09:09:03.764] [upf_app] [debug] Send a simple HTTP request
[2026-09-29 09:09:03.767] [upf_app] [info] Got successful response from NRF
[2026-09-29 09:09:03.767] [upf_app] [debug] Set a timer to the next Heart-beat (10)
[2026-09-29 09:09:08.021] [upf_n4 ] [info] TIME-OUT event timer id 7960
[2026-09-29 09:09:08.021] [upf_n4 ] [info] TIME-OUT event timer id 7961
[2026-09-29 09:09:08.021] [upf_n4 ] [info] PFCP HEARTBEAT PROCEDURE hash 169352876 starting
[2026-09-29 09:09:08.021] [upf_n4 ] [info] handle_receive(16 bytes)
[2026-09-29 09:09:08.021] [upf_n4 ] [info] Received SX HEARTBEAT RESPONSE
[2026-09-29 09:09:13.012] [upf_n4 ] [info] handle_receive(16 bytes)
[2026-09-29 09:09:13.012] [upf_n4 ] [info] Received SX HEARTBEAT REQUEST
[2026-09-29 09:09:13.021] [upf_n4 ] [info] TIME-OUT event timer id 7965
[2026-09-29 09:09:13.021] [upf_n4 ] [info] TIME-OUT event timer id 7966
[2026-09-29 09:09:13.021] [upf_n4 ] [info] PFCP HEARTBEAT PROCEDURE hash 169352876 starting
[2026-09-29 09:09:13.022] [upf_n4 ] [info] handle_receive(16 bytes)
[2026-09-29 09:09:13.022] [upf_n4 ] [info] Received SX HEARTBEAT RESPONSE
[2026-09-29 09:09:13.767] [upf_app] [info] TIME-OUT event timer id 7962
[2026-09-29 09:09:13.767] [upf_app] [debug] Send Heartbeat to NRF
[2026-09-29 09:09:13.767] [upf_app] [info] Send NF Update to NRF
[2026-09-29 09:09:13.767] [upf_app] [debug] Send NF Update to NRF (Msg body [{"op":"replace","path":"/nfStatus","value":"REGISTERED"}])
[2026-09-29 09:09:13.767] [upf_app] [debug] Send NF Update to NRF (NRF URL http://oai-nrf.oai-core.svc.cluster.local:80/nnrf-nfm/v1/nf-instances/23f448d9-fc64-4a49-98a4-5c7e36d915b6)
[2026-09-29 09:09:13.767] [upf_app] [debug] Send a simple HTTP request
[2026-09-29 09:09:13.769] [upf_app] [info] Got successful response from NRF
[2026-09-29 09:09:13.769] [upf_app] [debug] Set a timer to the next Heart-beat (10)
[2026-09-29 09:09:18.021] [upf_n4 ] [info] TIME-OUT event timer id 7970
[2026-09-29 09:09:18.022] [upf_n4 ] [info] TIME-OUT event timer id 7971
[2026-09-29 09:09:18.022] [upf_n4 ] [info] PFCP HEARTBEAT PROCEDURE hash 169352876 starting
[2026-09-29 09:09:18.022] [upf_n4 ] [info] handle_receive(16 bytes)
[2026-09-29 09:09:18.022] [upf_n4 ] [info] Received SX HEARTBEAT RESPONSE
[2026-09-29 09:09:23.012] [upf_n4 ] [info] handle_receive(16 bytes)
[2026-09-29 09:09:23.012] [upf_n4 ] [info] Received SX HEARTBEAT REQUEST
[2026-09-29 09:09:23.022] [upf_n4 ] [info] TIME-OUT event timer id 7975
[2026-09-29 09:09:23.022] [upf_n4 ] [info] TIME-OUT event timer id 7976
[2026-09-29 09:09:23.022] [upf_n4 ] [info] PFCP HEARTBEAT PROCEDURE hash 169352876 starting
[2026-09-29 09:09:23.022] [upf_n4 ] [info] handle_receive(16 bytes)
[2026-09-29 09:09:23.022] [upf_n4 ] [info] Received SX HEARTBEAT RESPONSE
[2026-09-29 09:09:23.769] [upf_app] [info] TIME-OUT event timer id 7972
[2026-09-29 09:09:23.769] [upf_app] [debug] Send Heartbeat to NRF
[2026-09-29 09:09:23.769] [upf_app] [info] Send NF Update to NRF
[2026-09-29 09:09:23.769] [upf_app] [debug] Send NF Update to NRF (Msg body [{"op":"replace","path":"/nfStatus","value":"REGISTERED"}])
[2026-09-29 09:09:23.769] [upf_app] [debug] Send NF Update to NRF (NRF URL http://oai-nrf.oai-core.svc.cluster.local:80/nnrf-nfm/v1/nf-instances/23f448d9-fc64-4a49-98a4-5c7e36d915b6)
[2026-09-29 09:09:23.769] [upf_app] [debug] Send a simple HTTP request
[2026-09-29 09:09:23.771] [upf_app] [info] Got successful response from NRF
[2026-09-29 09:09:23.771] [upf_app] [debug] Set a timer to the next Heart-beat (10)
[2026-09-29 09:09:28.022] [upf_n4 ] [info] TIME-OUT event timer id 7980
[2026-09-29 09:09:28.022] [upf_n4 ] [info] TIME-OUT event timer id 7981
[2026-09-29 09:09:28.022] [upf_n4 ] [info] PFCP HEARTBEAT PROCEDURE hash 169352876 starting
[2026-09-29 09:09:28.022] [upf_n4 ] [info] handle_receive(16 bytes)
[2026-09-29 09:09:28.022] [upf_n4 ] [info] Received SX HEARTBEAT RESPONSE
[2026-09-29 09:09:33.013] [upf_n4 ] [info] handle_receive(16 bytes)
[2026-09-29 09:09:33.013] [upf_n4 ] [info] Received SX HEARTBEAT REQUEST
[2026-09-29 09:09:33.022] [upf_n4 ] [info] TIME-OUT event timer id 7985
[2026-09-29 09:09:33.022] [upf_n4 ] [info] TIME-OUT event timer id 7986
[2026-09-29 09:09:33.022] [upf_n4 ] [info] PFCP HEARTBEAT PROCEDURE hash 169352876 starting
[2026-09-29 09:09:33.022] [upf_n4 ] [info] handle_receive(16 bytes)
[2026-09-29 09:09:33.022] [upf_n4 ] [info] Received SX HEARTBEAT RESPONSE
[2026-09-29 09:09:33.771] [upf_app] [info] TIME-OUT event timer id 7982
[2026-09-29 09:09:33.771] [upf_app] [debug] Send Heartbeat to NRF
[2026-09-29 09:09:33.771] [upf_app] [info] Send NF Update to NRF
[2026-09-29 09:09:33.771] [upf_app] [debug] Send NF Update to NRF (Msg body [{"op":"replace","path":"/nfStatus","value":"REGISTERED"}])
[2026-09-29 09:09:33.771] [upf_app] [debug] Send NF Update to NRF (NRF URL http://oai-nrf.oai-core.svc.cluster.local:80/nnrf-nfm/v1/nf-instances/23f448d9-fc64-4a49-98a4-5c7e36d915b6)
[2026-09-29 09:09:33.771] [upf_app] [debug] Send a simple HTTP request
[2026-09-29 09:09:33.773] [upf_app] [info] Got successful response from NRF
[2026-09-29 09:09:33.773] [upf_app] [debug] Set a timer to the next Heart-beat (10)
[2026-09-29 09:09:38.022] [upf_n4 ] [info] TIME-OUT event timer id 7990
[2026-09-29 09:09:38.022] [upf_n4 ] [info] TIME-OUT event timer id 7991
[2026-09-29 09:09:38.022] [upf_n4 ] [info] PFCP HEARTBEAT PROCEDURE hash 169352876 starting
[2026-09-29 09:09:38.022] [upf_n4 ] [info] handle_receive(16 bytes)
[2026-09-29 09:09:38.022] [upf_n4 ] [info] Received SX HEARTBEAT RESPONSE
[2026-09-29 09:09:43.013] [upf_n4 ] [info] handle_receive(16 bytes)
[2026-09-29 09:09:43.013] [upf_n4 ] [info] Received SX HEARTBEAT REQUEST
[2026-09-29 09:09:43.022] [upf_n4 ] [info] TIME-OUT event timer id 7995
[2026-09-29 09:09:43.023] [upf_n4 ] [info] TIME-OUT event timer id 7996
[2026-09-29 09:09:43.023] [upf_n4 ] [info] PFCP HEARTBEAT PROCEDURE hash 169352876 starting
[2026-09-29 09:09:43.023] [upf_n4 ] [info] handle_receive(16 bytes)
[2026-09-29 09:09:43.023] [upf_n4 ] [info] Received SX HEARTBEAT RESPONSE
[2026-09-29 09:09:43.773] [upf_app] [info] TIME-OUT event timer id 7992
[2026-09-29 09:09:43.773] [upf_app] [debug] Send Heartbeat to NRF
[2026-09-29 09:09:43.773] [upf_app] [info] Send NF Update to NRF
[2026-09-29 09:09:43.773] [upf_app] [debug] Send NF Update to NRF (Msg body [{"op":"replace","path":"/nfStatus","value":"REGISTERED"}])
[2026-09-29 09:09:43.773] [upf_app] [debug] Send NF Update to NRF (NRF URL http://oai-nrf.oai-core.svc.cluster.local:80/nnrf-nfm/v1/nf-instances/23f448d9-fc64-4a49-98a4-5c7e36d915b6)
[2026-09-29 09:09:43.773] [upf_app] [debug] Send a simple HTTP request
[2026-09-29 09:09:43.775] [upf_app] [info] Got successful response from NRF
[2026-09-29 09:09:43.775] [upf_app] [debug] Set a timer to the next Heart-beat (10)
[2026-09-29 09:09:48.023] [upf_n4 ] [info] TIME-OUT event timer id 8000
[2026-09-29 09:09:48.023] [upf_n4 ] [info] TIME-OUT event timer id 8001
[2026-09-29 09:09:48.023] [upf_n4 ] [info] PFCP HEARTBEAT PROCEDURE hash 169352876 starting
[2026-09-29 09:09:48.023] [upf_n4 ] [info] handle_receive(16 bytes)
[2026-09-29 09:09:48.023] [upf_n4 ] [info] Received SX HEARTBEAT RESPONSE
[2026-09-29 09:09:53.013] [upf_n4 ] [info] handle_receive(16 bytes)
[2026-09-29 09:09:53.013] [upf_n4 ] [info] Received SX HEARTBEAT REQUEST
[2026-09-29 09:09:53.023] [upf_n4 ] [info] TIME-OUT event timer id 8005
[2026-09-29 09:09:53.023] [upf_n4 ] [info] TIME-OUT event timer id 8006
[2026-09-29 09:09:53.023] [upf_n4 ] [info] PFCP HEARTBEAT PROCEDURE hash 169352876 starting
[2026-09-29 09:09:53.023] [upf_n4 ] [info] handle_receive(16 bytes)
[2026-09-29 09:09:53.023] [upf_n4 ] [info] Received SX HEARTBEAT RESPONSE
[2026-09-29 09:09:53.775] [upf_app] [info] TIME-OUT event timer id 8002
[2026-09-29 09:09:53.776] [upf_app] [debug] Send Heartbeat to NRF
[2026-09-29 09:09:53.776] [upf_app] [info] Send NF Update to NRF
[2026-09-29 09:09:53.776] [upf_app] [debug] Send NF Update to NRF (Msg body [{"op":"replace","path":"/nfStatus","value":"REGISTERED"}])
[2026-09-29 09:09:53.776] [upf_app] [debug] Send NF Update to NRF (NRF URL http://oai-nrf.oai-core.svc.cluster.local:80/nnrf-nfm/v1/nf-instances/23f448d9-fc64-4a49-98a4-5c7e36d915b6)
[2026-09-29 09:09:53.776] [upf_app] [debug] Send a simple HTTP request
[2026-09-29 09:09:53.778] [upf_app] [info] Got successful response from NRF
[2026-09-29 09:09:53.778] [upf_app] [debug] Set a timer to the next Heart-beat (10)
[2026-09-29 09:09:58.023] [upf_n4 ] [info] TIME-OUT event timer id 8010
[2026-09-29 09:09:58.023] [upf_n4 ] [info] TIME-OUT event timer id 8011
[2026-09-29 09:09:58.023] [upf_n4 ] [info] PFCP HEARTBEAT PROCEDURE hash 169352876 starting
[2026-09-29 09:09:58.023] [upf_n4 ] [info] handle_receive(16 bytes)
[2026-09-29 09:09:58.023] [upf_n4 ] [info] Received SX HEARTBEAT RESPONSE
[2026-09-29 09:10:03.014] [upf_n4 ] [info] handle_receive(16 bytes)
[2026-09-29 09:10:03.014] [upf_n4 ] [info] Received SX HEARTBEAT REQUEST
[2026-09-29 09:10:03.023] [upf_n4 ] [info] TIME-OUT event timer id 8015
[2026-09-29 09:10:03.023] [upf_n4 ] [info] TIME-OUT event timer id 8016
[2026-09-29 09:10:03.023] [upf_n4 ] [info] PFCP HEARTBEAT PROCEDURE hash 169352876 starting
[2026-09-29 09:10:03.024] [upf_n4 ] [info] handle_receive(16 bytes)
[2026-09-29 09:10:03.024] [upf_n4 ] [info] Received SX HEARTBEAT RESPONSE
[2026-09-29 09:10:03.778] [upf_app] [info] TIME-OUT event timer id 8012
[2026-09-29 09:10:03.778] [upf_app] [debug] Send Heartbeat to NRF
[2026-09-29 09:10:03.778] [upf_app] [info] Send NF Update to NRF
[2026-09-29 09:10:03.778] [upf_app] [debug] Send NF Update to NRF (Msg body [{"op":"replace","path":"/nfStatus","value":"REGISTERED"}])
[2026-09-29 09:10:03.778] [upf_app] [debug] Send NF Update to NRF (NRF URL http://oai-nrf.oai-core.svc.cluster.local:80/nnrf-nfm/v1/nf-instances/23f448d9-fc64-4a49-98a4-5c7e36d915b6)
[2026-09-29 09:10:03.778] [upf_app] [debug] Send a simple HTTP request
[2026-09-29 09:10:03.780] [upf_app] [info] Got successful response from NRF
[2026-09-29 09:10:03.780] [upf_app] [debug] Set a timer to the next Heart-beat (10)
[2026-09-29 09:10:08.023] [upf_n4 ] [info] TIME-OUT event timer id 8020
[2026-09-29 09:10:08.024] [upf_n4 ] [info] TIME-OUT event timer id 8021
[2026-09-29 09:10:08.024] [upf_n4 ] [info] PFCP HEARTBEAT PROCEDURE hash 169352876 starting
[2026-09-29 09:10:08.024] [upf_n4 ] [info] handle_receive(16 bytes)
[2026-09-29 09:10:08.024] [upf_n4 ] [info] Received SX HEARTBEAT RESPONSE
[2026-09-29 09:10:13.014] [upf_n4 ] [info] handle_receive(16 bytes)
[2026-09-29 09:10:13.014] [upf_n4 ] [info] Received SX HEARTBEAT REQUEST
[2026-09-29 09:10:13.024] [upf_n4 ] [info] TIME-OUT event timer id 8025
[2026-09-29 09:10:13.024] [upf_n4 ] [info] TIME-OUT event timer id 8026
[2026-09-29 09:10:13.024] [upf_n4 ] [info] PFCP HEARTBEAT PROCEDURE hash 169352876 starting
[2026-09-29 09:10:13.024] [upf_n4 ] [info] handle_receive(16 bytes)
[2026-09-29 09:10:13.024] [upf_n4 ] [info] Received SX HEARTBEAT RESPONSE
[2026-09-29 09:10:13.781] [upf_app] [info] TIME-OUT event timer id 8022
[2026-09-29 09:10:13.781] [upf_app] [debug] Send Heartbeat to NRF
[2026-09-29 09:10:13.781] [upf_app] [info] Send NF Update to NRF
[2026-09-29 09:10:13.781] [upf_app] [debug] Send NF Update to NRF (Msg body [{"op":"replace","path":"/nfStatus","value":"REGISTERED"}])
[2026-09-29 09:10:13.781] [upf_app] [debug] Send NF Update to NRF (NRF URL http://oai-nrf.oai-core.svc.cluster.local:80/nnrf-nfm/v1/nf-instances/23f448d9-fc64-4a49-98a4-5c7e36d915b6)
[2026-09-29 09:10:13.781] [upf_app] [debug] Send a simple HTTP request
[2026-09-29 09:10:13.782] [upf_app] [info] Got successful response from NRF
[2026-09-29 09:10:13.782] [upf_app] [debug] Set a timer to the next Heart-beat (10)
[2026-09-29 09:10:18.024] [upf_n4 ] [info] TIME-OUT event timer id 8030
[2026-09-29 09:10:18.024] [upf_n4 ] [info] TIME-OUT event timer id 8031
[2026-09-29 09:10:18.024] [upf_n4 ] [info] PFCP HEARTBEAT PROCEDURE hash 169352876 starting
[2026-09-29 09:10:18.024] [upf_n4 ] [info] handle_receive(16 bytes)
[2026-09-29 09:10:18.024] [upf_n4 ] [info] Received SX HEARTBEAT RESPONSE
[2026-09-29 09:10:23.014] [upf_n4 ] [info] handle_receive(16 bytes)
[2026-09-29 09:10:23.014] [upf_n4 ] [info] Received SX HEARTBEAT REQUEST
[2026-09-29 09:10:23.024] [upf_n4 ] [info] TIME-OUT event timer id 8035
[2026-09-29 09:10:23.024] [upf_n4 ] [info] TIME-OUT event timer id 8036
[2026-09-29 09:10:23.024] [upf_n4 ] [info] PFCP HEARTBEAT PROCEDURE hash 169352876 starting
[2026-09-29 09:10:23.024] [upf_n4 ] [info] handle_receive(16 bytes)
[2026-09-29 09:10:23.024] [upf_n4 ] [info] Received SX HEARTBEAT RESPONSE
[2026-09-29 09:10:23.783] [upf_app] [info] TIME-OUT event timer id 8032
[2026-09-29 09:10:23.783] [upf_app] [debug] Send Heartbeat to NRF
[2026-09-29 09:10:23.783] [upf_app] [info] Send NF Update to NRF
[2026-09-29 09:10:23.783] [upf_app] [debug] Send NF Update to NRF (Msg body [{"op":"replace","path":"/nfStatus","value":"REGISTERED"}])
[2026-09-29 09:10:23.783] [upf_app] [debug] Send NF Update to NRF (NRF URL http://oai-nrf.oai-core.svc.cluster.local:80/nnrf-nfm/v1/nf-instances/23f448d9-fc64-4a49-98a4-5c7e36d915b6)
[2026-09-29 09:10:23.783] [upf_app] [debug] Send a simple HTTP request
[2026-09-29 09:10:23.785] [upf_app] [info] Got successful response from NRF
[2026-09-29 09:10:23.785] [upf_app] [debug] Set a timer to the next Heart-beat (10)
[2026-09-29 09:10:28.024] [upf_n4 ] [info] TIME-OUT event timer id 8040
[2026-09-29 09:10:28.024] [upf_n4 ] [info] TIME-OUT event timer id 8041
[2026-09-29 09:10:28.024] [upf_n4 ] [info] PFCP HEARTBEAT PROCEDURE hash 169352876 starting
[2026-09-29 09:10:28.024] [upf_n4 ] [info] handle_receive(16 bytes)
[2026-09-29 09:10:28.024] [upf_n4 ] [info] Received SX HEARTBEAT RESPONSE
[2026-09-29 09:10:33.015] [upf_n4 ] [info] handle_receive(16 bytes)
[2026-09-29 09:10:33.015] [upf_n4 ] [info] Received SX HEARTBEAT REQUEST
[2026-09-29 09:10:33.024] [upf_n4 ] [info] TIME-OUT event timer id 8045
[2026-09-29 09:10:33.025] [upf_n4 ] [info] TIME-OUT event timer id 8046
[2026-09-29 09:10:33.025] [upf_n4 ] [info] PFCP HEARTBEAT PROCEDURE hash 169352876 starting
[2026-09-29 09:10:33.025] [upf_n4 ] [info] handle_receive(16 bytes)
[2026-09-29 09:10:33.025] [upf_n4 ] [info] Received SX HEARTBEAT RESPONSE
[2026-09-29 09:10:33.785] [upf_app] [info] TIME-OUT event timer id 8042
[2026-09-29 09:10:33.785] [upf_app] [debug] Send Heartbeat to NRF
[2026-09-29 09:10:33.785] [upf_app] [info] Send NF Update to NRF
[2026-09-29 09:10:33.785] [upf_app] [debug] Send NF Update to NRF (Msg body [{"op":"replace","path":"/nfStatus","value":"REGISTERED"}])
[2026-09-29 09:10:33.785] [upf_app] [debug] Send NF Update to NRF (NRF URL http://oai-nrf.oai-core.svc.cluster.local:80/nnrf-nfm/v1/nf-instances/23f448d9-fc64-4a49-98a4-5c7e36d915b6)
[2026-09-29 09:10:33.785] [upf_app] [debug] Send a simple HTTP request
[2026-09-29 09:10:33.788] [upf_app] [info] Got successful response from NRF
[2026-09-29 09:10:33.788] [upf_app] [debug] Set a timer to the next Heart-beat (10)
[2026-09-29 09:10:38.025] [upf_n4 ] [info] TIME-OUT event timer id 8050
[2026-09-29 09:10:38.025] [upf_n4 ] [info] TIME-OUT event timer id 8051
[2026-09-29 09:10:38.025] [upf_n4 ] [info] PFCP HEARTBEAT PROCEDURE hash 169352876 starting
[2026-09-29 09:10:38.025] [upf_n4 ] [info] handle_receive(16 bytes)
[2026-09-29 09:10:38.025] [upf_n4 ] [info] Received SX HEARTBEAT RESPONSE
[2026-09-29 09:10:43.015] [upf_n4 ] [info] handle_receive(16 bytes)
[2026-09-29 09:10:43.015] [upf_n4 ] [info] Received SX HEARTBEAT REQUEST
[2026-09-29 09:10:43.025] [upf_n4 ] [info] TIME-OUT event timer id 8055
[2026-09-29 09:10:43.025] [upf_n4 ] [info] TIME-OUT event timer id 8056
[2026-09-29 09:10:43.025] [upf_n4 ] [info] PFCP HEARTBEAT PROCEDURE hash 169352876 starting
[2026-09-29 09:10:43.025] [upf_n4 ] [info] handle_receive(16 bytes)
[2026-09-29 09:10:43.025] [upf_n4 ] [info] Received SX HEARTBEAT RESPONSE
[2026-09-29 09:10:43.788] [upf_app] [info] TIME-OUT event timer id 8052
[2026-09-29 09:10:43.788] [upf_app] [debug] Send Heartbeat to NRF
[2026-09-29 09:10:43.788] [upf_app] [info] Send NF Update to NRF
[2026-09-29 09:10:43.788] [upf_app] [debug] Send NF Update to NRF (Msg body [{"op":"replace","path":"/nfStatus","value":"REGISTERED"}])
[2026-09-29 09:10:43.788] [upf_app] [debug] Send NF Update to NRF (NRF URL http://oai-nrf.oai-core.svc.cluster.local:80/nnrf-nfm/v1/nf-instances/23f448d9-fc64-4a49-98a4-5c7e36d915b6)
[2026-09-29 09:10:43.788] [upf_app] [debug] Send a simple HTTP request
[2026-09-29 09:10:43.790] [upf_app] [info] Got successful response from NRF
[2026-09-29 09:10:43.790] [upf_app] [debug] Set a timer to the next Heart-beat (10)
[2026-09-29 09:10:48.025] [upf_n4 ] [info] TIME-OUT event timer id 8060
[2026-09-29 09:10:48.025] [upf_n4 ] [info] TIME-OUT event timer id 8061
[2026-09-29 09:10:48.025] [upf_n4 ] [info] PFCP HEARTBEAT PROCEDURE hash 169352876 starting
[2026-09-29 09:10:48.025] [upf_n4 ] [info] handle_receive(16 bytes)
[2026-09-29 09:10:48.025] [upf_n4 ] [info] Received SX HEARTBEAT RESPONSE
[2026-09-29 09:10:53.015] [upf_n4 ] [info] handle_receive(16 bytes)
[2026-09-29 09:10:53.015] [upf_n4 ] [info] Received SX HEARTBEAT REQUEST
[2026-09-29 09:10:53.025] [upf_n4 ] [info] TIME-OUT event timer id 8065
[2026-09-29 09:10:53.025] [upf_n4 ] [info] TIME-OUT event timer id 8066
[2026-09-29 09:10:53.025] [upf_n4 ] [info] PFCP HEARTBEAT PROCEDURE hash 169352876 starting
[2026-09-29 09:10:53.025] [upf_n4 ] [info] handle_receive(16 bytes)
[2026-09-29 09:10:53.025] [upf_n4 ] [info] Received SX HEARTBEAT RESPONSE
[2026-09-29 09:10:53.790] [upf_app] [info] TIME-OUT event timer id 8062
[2026-09-29 09:10:53.790] [upf_app] [debug] Send Heartbeat to NRF
[2026-09-29 09:10:53.790] [upf_app] [info] Send NF Update to NRF
[2026-09-29 09:10:53.790] [upf_app] [debug] Send NF Update to NRF (Msg body [{"op":"replace","path":"/nfStatus","value":"REGISTERED"}])
[2026-09-29 09:10:53.790] [upf_app] [debug] Send NF Update to NRF (NRF URL http://oai-nrf.oai-core.svc.cluster.local:80/nnrf-nfm/v1/nf-instances/23f448d9-fc64-4a49-98a4-5c7e36d915b6)
[2026-09-29 09:10:53.790] [upf_app] [debug] Send a simple HTTP request
[2026-09-29 09:10:53.793] [upf_app] [info] Got successful response from NRF
[2026-09-29 09:10:53.793] [upf_app] [debug] Set a timer to the next Heart-beat (10)
[2026-09-29 09:10:58.025] [upf_n4 ] [info] TIME-OUT event timer id 8070
[2026-09-29 09:10:58.025] [upf_n4 ] [info] TIME-OUT event timer id 8071
[2026-09-29 09:10:58.025] [upf_n4 ] [info] PFCP HEARTBEAT PROCEDURE hash 169352876 starting
[2026-09-29 09:10:58.026] [upf_n4 ] [info] handle_receive(16 bytes)
[2026-09-29 09:10:58.026] [upf_n4 ] [info] Received SX HEARTBEAT RESPONSE
[2026-09-29 09:11:03.016] [upf_n4 ] [info] handle_receive(16 bytes)
[2026-09-29 09:11:03.016] [upf_n4 ] [info] Received SX HEARTBEAT REQUEST
[2026-09-29 09:11:03.026] [upf_n4 ] [info] TIME-OUT event timer id 8075
[2026-09-29 09:11:03.026] [upf_n4 ] [info] TIME-OUT event timer id 8076
[2026-09-29 09:11:03.026] [upf_n4 ] [info] PFCP HEARTBEAT PROCEDURE hash 169352876 starting
[2026-09-29 09:11:03.026] [upf_n4 ] [info] handle_receive(16 bytes)
[2026-09-29 09:11:03.026] [upf_n4 ] [info] Received SX HEARTBEAT RESPONSE
[2026-09-29 09:11:03.793] [upf_app] [info] TIME-OUT event timer id 8072
[2026-09-29 09:11:03.793] [upf_app] [debug] Send Heartbeat to NRF
[2026-09-29 09:11:03.793] [upf_app] [info] Send NF Update to NRF
[2026-09-29 09:11:03.793] [upf_app] [debug] Send NF Update to NRF (Msg body [{"op":"replace","path":"/nfStatus","value":"REGISTERED"}])
[2026-09-29 09:11:03.793] [upf_app] [debug] Send NF Update to NRF (NRF URL http://oai-nrf.oai-core.svc.cluster.local:80/nnrf-nfm/v1/nf-instances/23f448d9-fc64-4a49-98a4-5c7e36d915b6)
[2026-09-29 09:11:03.793] [upf_app] [debug] Send a simple HTTP request
[2026-09-29 09:11:03.795] [upf_app] [info] Got successful response from NRF
[2026-09-29 09:11:03.795] [upf_app] [debug] Set a timer to the next Heart-beat (10)
[2026-09-29 09:11:08.026] [upf_n4 ] [info] TIME-OUT event timer id 8080
[2026-09-29 09:11:08.026] [upf_n4 ] [info] TIME-OUT event timer id 8081
[2026-09-29 09:11:08.026] [upf_n4 ] [info] PFCP HEARTBEAT PROCEDURE hash 169352876 starting
[2026-09-29 09:11:08.026] [upf_n4 ] [info] handle_receive(16 bytes)
[2026-09-29 09:11:08.026] [upf_n4 ] [info] Received SX HEARTBEAT RESPONSE
[2026-09-29 09:11:13.016] [upf_n4 ] [info] handle_receive(16 bytes)
[2026-09-29 09:11:13.016] [upf_n4 ] [info] Received SX HEARTBEAT REQUEST
[2026-09-29 09:11:13.026] [upf_n4 ] [info] TIME-OUT event timer id 8085
[2026-09-29 09:11:13.026] [upf_n4 ] [info] TIME-OUT event timer id 8086
[2026-09-29 09:11:13.026] [upf_n4 ] [info] PFCP HEARTBEAT PROCEDURE hash 169352876 starting
[2026-09-29 09:11:13.026] [upf_n4 ] [info] handle_receive(16 bytes)
[2026-09-29 09:11:13.026] [upf_n4 ] [info] Received SX HEARTBEAT RESPONSE
[2026-09-29 09:11:13.795] [upf_app] [info] TIME-OUT event timer id 8082
[2026-09-29 09:11:13.795] [upf_app] [debug] Send Heartbeat to NRF
[2026-09-29 09:11:13.795] [upf_app] [info] Send NF Update to NRF
[2026-09-29 09:11:13.795] [upf_app] [debug] Send NF Update to NRF (Msg body [{"op":"replace","path":"/nfStatus","value":"REGISTERED"}])
[2026-09-29 09:11:13.795] [upf_app] [debug] Send NF Update to NRF (NRF URL http://oai-nrf.oai-core.svc.cluster.local:80/nnrf-nfm/v1/nf-instances/23f448d9-fc64-4a49-98a4-5c7e36d915b6)
[2026-09-29 09:11:13.795] [upf_app] [debug] Send a simple HTTP request
[2026-09-29 09:11:13.797] [upf_app] [info] Got successful response from NRF
[2026-09-29 09:11:13.797] [upf_app] [debug] Set a timer to the next Heart-beat (10)
[2026-09-29 09:11:18.027] [upf_n4 ] [info] TIME-OUT event timer id 8090
[2026-09-29 09:11:18.027] [upf_n4 ] [info] TIME-OUT event timer id 8091
[2026-09-29 09:11:18.027] [upf_n4 ] [info] PFCP HEARTBEAT PROCEDURE hash 169352876 starting
[2026-09-29 09:11:18.027] [upf_n4 ] [info] handle_receive(16 bytes)
[2026-09-29 09:11:18.027] [upf_n4 ] [info] Received SX HEARTBEAT RESPONSE
[2026-09-29 09:11:23.016] [upf_n4 ] [info] handle_receive(16 bytes)
[2026-09-29 09:11:23.017] [upf_n4 ] [info] Received SX HEARTBEAT REQUEST
[2026-09-29 09:11:23.027] [upf_n4 ] [info] TIME-OUT event timer id 8095
[2026-09-29 09:11:23.027] [upf_n4 ] [info] TIME-OUT event timer id 8096
[2026-09-29 09:11:23.027] [upf_n4 ] [info] PFCP HEARTBEAT PROCEDURE hash 169352876 starting
[2026-09-29 09:11:23.027] [upf_n4 ] [info] handle_receive(16 bytes)
[2026-09-29 09:11:23.027] [upf_n4 ] [info] Received SX HEARTBEAT RESPONSE
[2026-09-29 09:11:23.797] [upf_app] [info] TIME-OUT event timer id 8092
[2026-09-29 09:11:23.797] [upf_app] [debug] Send Heartbeat to NRF
[2026-09-29 09:11:23.797] [upf_app] [info] Send NF Update to NRF
[2026-09-29 09:11:23.797] [upf_app] [debug] Send NF Update to NRF (Msg body [{"op":"replace","path":"/nfStatus","value":"REGISTERED"}])
[2026-09-29 09:11:23.797] [upf_app] [debug] Send NF Update to NRF (NRF URL http://oai-nrf.oai-core.svc.cluster.local:80/nnrf-nfm/v1/nf-instances/23f448d9-fc64-4a49-98a4-5c7e36d915b6)
[2026-09-29 09:11:23.797] [upf_app] [debug] Send a simple HTTP request
[2026-09-29 09:11:23.800] [upf_app] [info] Got successful response from NRF
[2026-09-29 09:11:23.800] [upf_app] [debug] Set a timer to the next Heart-beat (10)
[2026-09-29 09:11:28.027] [upf_n4 ] [info] TIME-OUT event timer id 8100
[2026-09-29 09:11:28.027] [upf_n4 ] [info] TIME-OUT event timer id 8101
[2026-09-29 09:11:28.027] [upf_n4 ] [info] PFCP HEARTBEAT PROCEDURE hash 169352876 starting
[2026-09-29 09:11:28.027] [upf_n4 ] [info] handle_receive(16 bytes)
[2026-09-29 09:11:28.027] [upf_n4 ] [info] Received SX HEARTBEAT RESPONSE
[2026-09-29 09:11:33.017] [upf_n4 ] [info] handle_receive(16 bytes)
[2026-09-29 09:11:33.017] [upf_n4 ] [info] Received SX HEARTBEAT REQUEST
[2026-09-29 09:11:33.027] [upf_n4 ] [info] TIME-OUT event timer id 8105
[2026-09-29 09:11:33.027] [upf_n4 ] [info] TIME-OUT event timer id 8106
[2026-09-29 09:11:33.028] [upf_n4 ] [info] PFCP HEARTBEAT PROCEDURE hash 169352876 starting
[2026-09-29 09:11:33.028] [upf_n4 ] [info] handle_receive(16 bytes)
[2026-09-29 09:11:33.028] [upf_n4 ] [info] Received SX HEARTBEAT RESPONSE
[2026-09-29 09:11:33.800] [upf_app] [info] TIME-OUT event timer id 8102
[2026-09-29 09:11:33.800] [upf_app] [debug] Send Heartbeat to NRF
[2026-09-29 09:11:33.800] [upf_app] [info] Send NF Update to NRF
[2026-09-29 09:11:33.800] [upf_app] [debug] Send NF Update to NRF (Msg body [{"op":"replace","path":"/nfStatus","value":"REGISTERED"}])
[2026-09-29 09:11:33.800] [upf_app] [debug] Send NF Update to NRF (NRF URL http://oai-nrf.oai-core.svc.cluster.local:80/nnrf-nfm/v1/nf-instances/23f448d9-fc64-4a49-98a4-5c7e36d915b6)
[2026-09-29 09:11:33.800] [upf_app] [debug] Send a simple HTTP request
[2026-09-29 09:11:33.802] [upf_app] [info] Got successful response from NRF
[2026-09-29 09:11:33.802] [upf_app] [debug] Set a timer to the next Heart-beat (10)
[2026-09-29 09:11:38.028] [upf_n4 ] [info] TIME-OUT event timer id 8110
[2026-09-29 09:11:38.028] [upf_n4 ] [info] TIME-OUT event timer id 8111
[2026-09-29 09:11:38.028] [upf_n4 ] [info] PFCP HEARTBEAT PROCEDURE hash 169352876 starting
[2026-09-29 09:11:38.028] [upf_n4 ] [info] handle_receive(16 bytes)
[2026-09-29 09:11:38.028] [upf_n4 ] [info] Received SX HEARTBEAT RESPONSE
[2026-09-29 09:11:43.017] [upf_n4 ] [info] handle_receive(16 bytes)
[2026-09-29 09:11:43.017] [upf_n4 ] [info] Received SX HEARTBEAT REQUEST
[2026-09-29 09:11:43.028] [upf_n4 ] [info] TIME-OUT event timer id 8115
[2026-09-29 09:11:43.028] [upf_n4 ] [info] TIME-OUT event timer id 8116
[2026-09-29 09:11:43.028] [upf_n4 ] [info] PFCP HEARTBEAT PROCEDURE hash 169352876 starting
[2026-09-29 09:11:43.028] [upf_n4 ] [info] handle_receive(16 bytes)
[2026-09-29 09:11:43.028] [upf_n4 ] [info] Received SX HEARTBEAT RESPONSE
[2026-09-29 09:11:43.802] [upf_app] [info] TIME-OUT event timer id 8112
[2026-09-29 09:11:43.802] [upf_app] [debug] Send Heartbeat to NRF
[2026-09-29 09:11:43.802] [upf_app] [info] Send NF Update to NRF
[2026-09-29 09:11:43.802] [upf_app] [debug] Send NF Update to NRF (Msg body [{"op":"replace","path":"/nfStatus","value":"REGISTERED"}])
[2026-09-29 09:11:43.802] [upf_app] [debug] Send NF Update to NRF (NRF URL http://oai-nrf.oai-core.svc.cluster.local:80/nnrf-nfm/v1/nf-instances/23f448d9-fc64-4a49-98a4-5c7e36d915b6)
[2026-09-29 09:11:43.802] [upf_app] [debug] Send a simple HTTP request
[2026-09-29 09:11:43.805] [upf_app] [info] Got successful response from NRF
[2026-09-29 09:11:43.805] [upf_app] [debug] Set a timer to the next Heart-beat (10)
[2026-09-29 09:11:48.028] [upf_n4 ] [info] TIME-OUT event timer id 8120
[2026-09-29 09:11:48.028] [upf_n4 ] [info] TIME-OUT event timer id 8121
[2026-09-29 09:11:48.028] [upf_n4 ] [info] PFCP HEARTBEAT PROCEDURE hash 169352876 starting
[2026-09-29 09:11:48.028] [upf_n4 ] [info] handle_receive(16 bytes)
[2026-09-29 09:11:48.028] [upf_n4 ] [info] Received SX HEARTBEAT RESPONSE
[2026-09-29 09:11:53.017] [upf_n4 ] [info] handle_receive(16 bytes)
[2026-09-29 09:11:53.017] [upf_n4 ] [info] Received SX HEARTBEAT REQUEST
[2026-09-29 09:11:53.028] [upf_n4 ] [info] TIME-OUT event timer id 8125
[2026-09-29 09:11:53.028] [upf_n4 ] [info] TIME-OUT event timer id 8126
[2026-09-29 09:11:53.028] [upf_n4 ] [info] PFCP HEARTBEAT PROCEDURE hash 169352876 starting
[2026-09-29 09:11:53.028] [upf_n4 ] [info] handle_receive(16 bytes)
[2026-09-29 09:11:53.029] [upf_n4 ] [info] Received SX HEARTBEAT RESPONSE
[2026-09-29 09:11:53.805] [upf_app] [info] TIME-OUT event timer id 8122
[2026-09-29 09:11:53.805] [upf_app] [debug] Send Heartbeat to NRF
[2026-09-29 09:11:53.805] [upf_app] [info] Send NF Update to NRF
[2026-09-29 09:11:53.805] [upf_app] [debug] Send NF Update to NRF (Msg body [{"op":"replace","path":"/nfStatus","value":"REGISTERED"}])
[2026-09-29 09:11:53.805] [upf_app] [debug] Send NF Update to NRF (NRF URL http://oai-nrf.oai-core.svc.cluster.local:80/nnrf-nfm/v1/nf-instances/23f448d9-fc64-4a49-98a4-5c7e36d915b6)
[2026-09-29 09:11:53.805] [upf_app] [debug] Send a simple HTTP request
[2026-09-29 09:11:53.807] [upf_app] [info] Got successful response from NRF
[2026-09-29 09:11:53.807] [upf_app] [debug] Set a timer to the next Heart-beat (10)
[2026-09-29 09:11:58.028] [upf_n4 ] [info] TIME-OUT event timer id 8130
[2026-09-29 09:11:58.029] [upf_n4 ] [info] TIME-OUT event timer id 8131
[2026-09-29 09:11:58.029] [upf_n4 ] [info] PFCP HEARTBEAT PROCEDURE hash 169352876 starting
[2026-09-29 09:11:58.029] [upf_n4 ] [info] handle_receive(16 bytes)
[2026-09-29 09:11:58.029] [upf_n4 ] [info] Received SX HEARTBEAT RESPONSE
[2026-09-29 09:12:03.018] [upf_n4 ] [info] handle_receive(16 bytes)
[2026-09-29 09:12:03.018] [upf_n4 ] [info] Received SX HEARTBEAT REQUEST
[2026-09-29 09:12:03.029] [upf_n4 ] [info] TIME-OUT event timer id 8135
[2026-09-29 09:12:03.029] [upf_n4 ] [info] TIME-OUT event timer id 8136
[2026-09-29 09:12:03.029] [upf_n4 ] [info] PFCP HEARTBEAT PROCEDURE hash 169352876 starting
[2026-09-29 09:12:03.029] [upf_n4 ] [info] handle_receive(16 bytes)
[2026-09-29 09:12:03.029] [upf_n4 ] [info] Received SX HEARTBEAT RESPONSE
[2026-09-29 09:12:03.807] [upf_app] [info] TIME-OUT event timer id 8132
[2026-09-29 09:12:03.807] [upf_app] [debug] Send Heartbeat to NRF
[2026-09-29 09:12:03.807] [upf_app] [info] Send NF Update to NRF
[2026-09-29 09:12:03.807] [upf_app] [debug] Send NF Update to NRF (Msg body [{"op":"replace","path":"/nfStatus","value":"REGISTERED"}])
[2026-09-29 09:12:03.807] [upf_app] [debug] Send NF Update to NRF (NRF URL http://oai-nrf.oai-core.svc.cluster.local:80/nnrf-nfm/v1/nf-instances/23f448d9-fc64-4a49-98a4-5c7e36d915b6)
[2026-09-29 09:12:03.807] [upf_app] [debug] Send a simple HTTP request
[2026-09-29 09:12:03.810] [upf_app] [info] Got successful response from NRF
[2026-09-29 09:12:03.810] [upf_app] [debug] Set a timer to the next Heart-beat (10)
[2026-09-29 09:12:08.029] [upf_n4 ] [info] TIME-OUT event timer id 8140
[2026-09-29 09:12:08.029] [upf_n4 ] [info] TIME-OUT event timer id 8141
[2026-09-29 09:12:08.029] [upf_n4 ] [info] PFCP HEARTBEAT PROCEDURE hash 169352876 starting
[2026-09-29 09:12:08.029] [upf_n4 ] [info] handle_receive(16 bytes)
[2026-09-29 09:12:08.029] [upf_n4 ] [info] Received SX HEARTBEAT RESPONSE
[2026-09-29 09:12:13.018] [upf_n4 ] [info] handle_receive(16 bytes)
[2026-09-29 09:12:13.018] [upf_n4 ] [info] Received SX HEARTBEAT REQUEST
[2026-09-29 09:12:13.029] [upf_n4 ] [info] TIME-OUT event timer id 8145
[2026-09-29 09:12:13.029] [upf_n4 ] [info] TIME-OUT event timer id 8146
[2026-09-29 09:12:13.029] [upf_n4 ] [info] PFCP HEARTBEAT PROCEDURE hash 169352876 starting
[2026-09-29 09:12:13.029] [upf_n4 ] [info] handle_receive(16 bytes)
[2026-09-29 09:12:13.029] [upf_n4 ] [info] Received SX HEARTBEAT RESPONSE
[2026-09-29 09:12:13.810] [upf_app] [info] TIME-OUT event timer id 8142
[2026-09-29 09:12:13.810] [upf_app] [debug] Send Heartbeat to NRF
[2026-09-29 09:12:13.810] [upf_app] [info] Send NF Update to NRF
[2026-09-29 09:12:13.810] [upf_app] [debug] Send NF Update to NRF (Msg body [{"op":"replace","path":"/nfStatus","value":"REGISTERED"}])
[2026-09-29 09:12:13.810] [upf_app] [debug] Send NF Update to NRF (NRF URL http://oai-nrf.oai-core.svc.cluster.local:80/nnrf-nfm/v1/nf-instances/23f448d9-fc64-4a49-98a4-5c7e36d915b6)
[2026-09-29 09:12:13.810] [upf_app] [debug] Send a simple HTTP request
[2026-09-29 09:12:13.812] [upf_app] [info] Got successful response from NRF
[2026-09-29 09:12:13.812] [upf_app] [debug] Set a timer to the next Heart-beat (10)
[2026-09-29 09:12:18.029] [upf_n4 ] [info] TIME-OUT event timer id 8150
[2026-09-29 09:12:18.029] [upf_n4 ] [info] TIME-OUT event timer id 8151
[2026-09-29 09:12:18.029] [upf_n4 ] [info] PFCP HEARTBEAT PROCEDURE hash 169352876 starting
[2026-09-29 09:12:18.030] [upf_n4 ] [info] handle_receive(16 bytes)
[2026-09-29 09:12:18.030] [upf_n4 ] [info] Received SX HEARTBEAT RESPONSE
[2026-09-29 09:12:23.018] [upf_n4 ] [info] handle_receive(16 bytes)
[2026-09-29 09:12:23.018] [upf_n4 ] [info] Received SX HEARTBEAT REQUEST
[2026-09-29 09:12:23.029] [upf_n4 ] [info] TIME-OUT event timer id 8155
[2026-09-29 09:12:23.030] [upf_n4 ] [info] TIME-OUT event timer id 8156
[2026-09-29 09:12:23.030] [upf_n4 ] [info] PFCP HEARTBEAT PROCEDURE hash 169352876 starting
[2026-09-29 09:12:23.030] [upf_n4 ] [info] handle_receive(16 bytes)
[2026-09-29 09:12:23.030] [upf_n4 ] [info] Received SX HEARTBEAT RESPONSE
[2026-09-29 09:12:23.812] [upf_app] [info] TIME-OUT event timer id 8152
[2026-09-29 09:12:23.812] [upf_app] [debug] Send Heartbeat to NRF
[2026-09-29 09:12:23.812] [upf_app] [info] Send NF Update to NRF
[2026-09-29 09:12:23.812] [upf_app] [debug] Send NF Update to NRF (Msg body [{"op":"replace","path":"/nfStatus","value":"REGISTERED"}])
[2026-09-29 09:12:23.812] [upf_app] [debug] Send NF Update to NRF (NRF URL http://oai-nrf.oai-core.svc.cluster.local:80/nnrf-nfm/v1/nf-instances/23f448d9-fc64-4a49-98a4-5c7e36d915b6)
[2026-09-29 09:12:23.812] [upf_app] [debug] Send a simple HTTP request
[2026-09-29 09:12:23.815] [upf_app] [info] Got successful response from NRF
[2026-09-29 09:12:23.815] [upf_app] [debug] Set a timer to the next Heart-beat (10)
[2026-09-29 09:12:28.030] [upf_n4 ] [info] TIME-OUT event timer id 8160
[2026-09-29 09:12:28.030] [upf_n4 ] [info] TIME-OUT event timer id 8161
[2026-09-29 09:12:28.030] [upf_n4 ] [info] PFCP HEARTBEAT PROCEDURE hash 169352876 starting
[2026-09-29 09:12:28.030] [upf_n4 ] [info] handle_receive(16 bytes)
[2026-09-29 09:12:28.030] [upf_n4 ] [info] Received SX HEARTBEAT RESPONSE
[2026-09-29 09:12:33.019] [upf_n4 ] [info] handle_receive(16 bytes)
[2026-09-29 09:12:33.019] [upf_n4 ] [info] Received SX HEARTBEAT REQUEST
[2026-09-29 09:12:33.030] [upf_n4 ] [info] TIME-OUT event timer id 8165
[2026-09-29 09:12:33.030] [upf_n4 ] [info] TIME-OUT event timer id 8166
[2026-09-29 09:12:33.030] [upf_n4 ] [info] PFCP HEARTBEAT PROCEDURE hash 169352876 starting
[2026-09-29 09:12:33.030] [upf_n4 ] [info] handle_receive(16 bytes)
[2026-09-29 09:12:33.030] [upf_n4 ] [info] Received SX HEARTBEAT RESPONSE
[2026-09-29 09:12:33.815] [upf_app] [info] TIME-OUT event timer id 8162
[2026-09-29 09:12:33.815] [upf_app] [debug] Send Heartbeat to NRF
[2026-09-29 09:12:33.815] [upf_app] [info] Send NF Update to NRF
[2026-09-29 09:12:33.815] [upf_app] [debug] Send NF Update to NRF (Msg body [{"op":"replace","path":"/nfStatus","value":"REGISTERED"}])
[2026-09-29 09:12:33.815] [upf_app] [debug] Send NF Update to NRF (NRF URL http://oai-nrf.oai-core.svc.cluster.local:80/nnrf-nfm/v1/nf-instances/23f448d9-fc64-4a49-98a4-5c7e36d915b6)
[2026-09-29 09:12:33.815] [upf_app] [debug] Send a simple HTTP request
[2026-09-29 09:12:33.817] [upf_app] [info] Got successful response from NRF
[2026-09-29 09:12:33.817] [upf_app] [debug] Set a timer to the next Heart-beat (10)
[2026-09-29 09:12:38.030] [upf_n4 ] [info] TIME-OUT event timer id 8170
[2026-09-29 09:12:38.030] [upf_n4 ] [info] TIME-OUT event timer id 8171
[2026-09-29 09:12:38.030] [upf_n4 ] [info] PFCP HEARTBEAT PROCEDURE hash 169352876 starting
[2026-09-29 09:12:38.030] [upf_n4 ] [info] handle_receive(16 bytes)
[2026-09-29 09:12:38.030] [upf_n4 ] [info] Received SX HEARTBEAT RESPONSE
[2026-09-29 09:12:43.019] [upf_n4 ] [info] handle_receive(16 bytes)
[2026-09-29 09:12:43.019] [upf_n4 ] [info] Received SX HEARTBEAT REQUEST
[2026-09-29 09:12:43.030] [upf_n4 ] [info] TIME-OUT event timer id 8175
[2026-09-29 09:12:43.030] [upf_n4 ] [info] TIME-OUT event timer id 8176
[2026-09-29 09:12:43.030] [upf_n4 ] [info] PFCP HEARTBEAT PROCEDURE hash 169352876 starting
[2026-09-29 09:12:43.030] [upf_n4 ] [info] handle_receive(16 bytes)
[2026-09-29 09:12:43.030] [upf_n4 ] [info] Received SX HEARTBEAT RESPONSE
[2026-09-29 09:12:43.817] [upf_app] [info] TIME-OUT event timer id 8172
[2026-09-29 09:12:43.817] [upf_app] [debug] Send Heartbeat to NRF
[2026-09-29 09:12:43.817] [upf_app] [info] Send NF Update to NRF
[2026-09-29 09:12:43.817] [upf_app] [debug] Send NF Update to NRF (Msg body [{"op":"replace","path":"/nfStatus","value":"REGISTERED"}])
[2026-09-29 09:12:43.817] [upf_app] [debug] Send NF Update to NRF (NRF URL http://oai-nrf.oai-core.svc.cluster.local:80/nnrf-nfm/v1/nf-instances/23f448d9-fc64-4a49-98a4-5c7e36d915b6)
[2026-09-29 09:12:43.817] [upf_app] [debug] Send a simple HTTP request
[2026-09-29 09:12:43.819] [upf_app] [info] Got successful response from NRF
[2026-09-29 09:12:43.819] [upf_app] [debug] Set a timer to the next Heart-beat (10)
[2026-09-29 09:12:48.031] [upf_n4 ] [info] TIME-OUT event timer id 8180
[2026-09-29 09:12:48.031] [upf_n4 ] [info] TIME-OUT event timer id 8181
[2026-09-29 09:12:48.031] [upf_n4 ] [info] PFCP HEARTBEAT PROCEDURE hash 169352876 starting
[2026-09-29 09:12:48.032] [upf_n4 ] [info] handle_receive(16 bytes)
[2026-09-29 09:12:48.032] [upf_n4 ] [info] Received SX HEARTBEAT RESPONSE
[2026-09-29 09:12:53.019] [upf_n4 ] [info] handle_receive(16 bytes)
[2026-09-29 09:12:53.019] [upf_n4 ] [info] Received SX HEARTBEAT REQUEST
[2026-09-29 09:12:53.031] [upf_n4 ] [info] TIME-OUT event timer id 8185
[2026-09-29 09:12:53.032] [upf_n4 ] [info] TIME-OUT event timer id 8186
[2026-09-29 09:12:53.032] [upf_n4 ] [info] PFCP HEARTBEAT PROCEDURE hash 169352876 starting
[2026-09-29 09:12:53.032] [upf_n4 ] [info] handle_receive(16 bytes)
[2026-09-29 09:12:53.032] [upf_n4 ] [info] Received SX HEARTBEAT RESPONSE
[2026-09-29 09:12:53.819] [upf_app] [info] TIME-OUT event timer id 8182
[2026-09-29 09:12:53.819] [upf_app] [debug] Send Heartbeat to NRF
[2026-09-29 09:12:53.819] [upf_app] [info] Send NF Update to NRF
[2026-09-29 09:12:53.819] [upf_app] [debug] Send NF Update to NRF (Msg body [{"op":"replace","path":"/nfStatus","value":"REGISTERED"}])
[2026-09-29 09:12:53.819] [upf_app] [debug] Send NF Update to NRF (NRF URL http://oai-nrf.oai-core.svc.cluster.local:80/nnrf-nfm/v1/nf-instances/23f448d9-fc64-4a49-98a4-5c7e36d915b6)
[2026-09-29 09:12:53.819] [upf_app] [debug] Send a simple HTTP request
[2026-09-29 09:12:53.821] [upf_app] [info] Got successful response from NRF
[2026-09-29 09:12:53.821] [upf_app] [debug] Set a timer to the next Heart-beat (10)
[2026-09-29 09:12:58.032] [upf_n4 ] [info] TIME-OUT event timer id 8190
[2026-09-29 09:12:58.032] [upf_n4 ] [info] TIME-OUT event timer id 8191
[2026-09-29 09:12:58.032] [upf_n4 ] [info] PFCP HEARTBEAT PROCEDURE hash 169352876 starting
[2026-09-29 09:12:58.032] [upf_n4 ] [info] handle_receive(16 bytes)
[2026-09-29 09:12:58.032] [upf_n4 ] [info] Received SX HEARTBEAT RESPONSE
[2026-09-29 09:13:03.020] [upf_n4 ] [info] handle_receive(16 bytes)
[2026-09-29 09:13:03.020] [upf_n4 ] [info] Received SX HEARTBEAT REQUEST
[2026-09-29 09:13:03.032] [upf_n4 ] [info] TIME-OUT event timer id 8195
[2026-09-29 09:13:03.032] [upf_n4 ] [info] TIME-OUT event timer id 8196
[2026-09-29 09:13:03.032] [upf_n4 ] [info] PFCP HEARTBEAT PROCEDURE hash 169352876 starting
[2026-09-29 09:13:03.032] [upf_n4 ] [info] handle_receive(16 bytes)
[2026-09-29 09:13:03.032] [upf_n4 ] [info] Received SX HEARTBEAT RESPONSE
[2026-09-29 09:13:03.821] [upf_app] [info] TIME-OUT event timer id 8192
[2026-09-29 09:13:03.821] [upf_app] [debug] Send Heartbeat to NRF
[2026-09-29 09:13:03.821] [upf_app] [info] Send NF Update to NRF
[2026-09-29 09:13:03.821] [upf_app] [debug] Send NF Update to NRF (Msg body [{"op":"replace","path":"/nfStatus","value":"REGISTERED"}])
[2026-09-29 09:13:03.821] [upf_app] [debug] Send NF Update to NRF (NRF URL http://oai-nrf.oai-core.svc.cluster.local:80/nnrf-nfm/v1/nf-instances/23f448d9-fc64-4a49-98a4-5c7e36d915b6)
[2026-09-29 09:13:03.821] [upf_app] [debug] Send a simple HTTP request
[2026-09-29 09:13:03.823] [upf_app] [info] Got successful response from NRF
[2026-09-29 09:13:03.823] [upf_app] [debug] Set a timer to the next Heart-beat (10)
[2026-09-29 09:13:08.032] [upf_n4 ] [info] TIME-OUT event timer id 8200
[2026-09-29 09:13:08.032] [upf_n4 ] [info] TIME-OUT event timer id 8201
[2026-09-29 09:13:08.032] [upf_n4 ] [info] PFCP HEARTBEAT PROCEDURE hash 169352876 starting
[2026-09-29 09:13:08.032] [upf_n4 ] [info] handle_receive(16 bytes)
[2026-09-29 09:13:08.032] [upf_n4 ] [info] Received SX HEARTBEAT RESPONSE
[2026-09-29 09:13:13.020] [upf_n4 ] [info] handle_receive(16 bytes)
[2026-09-29 09:13:13.020] [upf_n4 ] [info] Received SX HEARTBEAT REQUEST
[2026-09-29 09:13:13.032] [upf_n4 ] [info] TIME-OUT event timer id 8205
[2026-09-29 09:13:13.032] [upf_n4 ] [info] TIME-OUT event timer id 8206
[2026-09-29 09:13:13.032] [upf_n4 ] [info] PFCP HEARTBEAT PROCEDURE hash 169352876 starting
[2026-09-29 09:13:13.033] [upf_n4 ] [info] handle_receive(16 bytes)
[2026-09-29 09:13:13.033] [upf_n4 ] [info] Received SX HEARTBEAT RESPONSE
[2026-09-29 09:13:13.823] [upf_app] [info] TIME-OUT event timer id 8202
[2026-09-29 09:13:13.823] [upf_app] [debug] Send Heartbeat to NRF
[2026-09-29 09:13:13.824] [upf_app] [info] Send NF Update to NRF
[2026-09-29 09:13:13.824] [upf_app] [debug] Send NF Update to NRF (Msg body [{"op":"replace","path":"/nfStatus","value":"REGISTERED"}])
[2026-09-29 09:13:13.824] [upf_app] [debug] Send NF Update to NRF (NRF URL http://oai-nrf.oai-core.svc.cluster.local:80/nnrf-nfm/v1/nf-instances/23f448d9-fc64-4a49-98a4-5c7e36d915b6)
[2026-09-29 09:13:13.824] [upf_app] [debug] Send a simple HTTP request
[2026-09-29 09:13:13.827] [upf_app] [info] Got successful response from NRF
[2026-09-29 09:13:13.827] [upf_app] [debug] Set a timer to the next Heart-beat (10)
[2026-09-29 09:13:18.032] [upf_n4 ] [info] TIME-OUT event timer id 8210
[2026-09-29 09:13:18.033] [upf_n4 ] [info] TIME-OUT event timer id 8211
[2026-09-29 09:13:18.033] [upf_n4 ] [info] PFCP HEARTBEAT PROCEDURE hash 169352876 starting
[2026-09-29 09:13:18.033] [upf_n4 ] [info] handle_receive(16 bytes)
[2026-09-29 09:13:18.033] [upf_n4 ] [info] Received SX HEARTBEAT RESPONSE
[2026-09-29 09:13:23.020] [upf_n4 ] [info] handle_receive(16 bytes)
[2026-09-29 09:13:23.021] [upf_n4 ] [info] Received SX HEARTBEAT REQUEST
[2026-09-29 09:13:23.033] [upf_n4 ] [info] TIME-OUT event timer id 8215
[2026-09-29 09:13:23.033] [upf_n4 ] [info] TIME-OUT event timer id 8216
[2026-09-29 09:13:23.033] [upf_n4 ] [info] PFCP HEARTBEAT PROCEDURE hash 169352876 starting
[2026-09-29 09:13:23.033] [upf_n4 ] [info] handle_receive(16 bytes)
[2026-09-29 09:13:23.033] [upf_n4 ] [info] Received SX HEARTBEAT RESPONSE
[2026-09-29 09:13:23.827] [upf_app] [info] TIME-OUT event timer id 8212
[2026-09-29 09:13:23.827] [upf_app] [debug] Send Heartbeat to NRF
[2026-09-29 09:13:23.827] [upf_app] [info] Send NF Update to NRF
[2026-09-29 09:13:23.827] [upf_app] [debug] Send NF Update to NRF (Msg body [{"op":"replace","path":"/nfStatus","value":"REGISTERED"}])
[2026-09-29 09:13:23.827] [upf_app] [debug] Send NF Update to NRF (NRF URL http://oai-nrf.oai-core.svc.cluster.local:80/nnrf-nfm/v1/nf-instances/23f448d9-fc64-4a49-98a4-5c7e36d915b6)
[2026-09-29 09:13:23.827] [upf_app] [debug] Send a simple HTTP request
[2026-09-29 09:13:23.829] [upf_app] [info] Got successful response from NRF
[2026-09-29 09:13:23.829] [upf_app] [debug] Set a timer to the next Heart-beat (10)
[2026-09-29 09:13:28.033] [upf_n4 ] [info] TIME-OUT event timer id 8220
[2026-09-29 09:13:28.033] [upf_n4 ] [info] TIME-OUT event timer id 8221
[2026-09-29 09:13:28.033] [upf_n4 ] [info] PFCP HEARTBEAT PROCEDURE hash 169352876 starting
[2026-09-29 09:13:28.033] [upf_n4 ] [info] handle_receive(16 bytes)
[2026-09-29 09:13:28.033] [upf_n4 ] [info] Received SX HEARTBEAT RESPONSE
[2026-09-29 09:13:30.856] [upf_app] [info] Queued PFCP Usage Report SEID=4 URR_ID=1 UR-SEQN=4 trigger=0x10 total_bytes=1335048
[2026-09-29 09:13:30.857] [upf_n4 ] [info] handle_receive(21 bytes)
[2026-09-29 09:13:30.857] [upf_app] [info] 
[2026-09-29 09:13:30.857] [upf_app] [info] ╔═════════════════════════════════════════════════════════════════════════════╗
[2026-09-29 09:13:30.857] [upf_app] [info] │             Received N4_SESSION_REPORT_RESPONSE seid 0x4               │
[2026-09-29 09:13:30.857] [upf_app] [info] ╚═════════════════════════════════════════════════════════════════════════════╝
[2026-09-29 09:13:33.021] [upf_n4 ] [info] handle_receive(16 bytes)
[2026-09-29 09:13:33.021] [upf_n4 ] [info] Received SX HEARTBEAT REQUEST
[2026-09-29 09:13:33.034] [upf_n4 ] [info] TIME-OUT event timer id 8225
[2026-09-29 09:13:33.034] [upf_n4 ] [info] TIME-OUT event timer id 8226
[2026-09-29 09:13:33.034] [upf_n4 ] [info] PFCP HEARTBEAT PROCEDURE hash 169352876 starting
[2026-09-29 09:13:33.034] [upf_n4 ] [info] handle_receive(16 bytes)
[2026-09-29 09:13:33.034] [upf_n4 ] [info] Received SX HEARTBEAT RESPONSE
[2026-09-29 09:13:33.829] [upf_app] [info] TIME-OUT event timer id 8222
[2026-09-29 09:13:33.829] [upf_app] [debug] Send Heartbeat to NRF
[2026-09-29 09:13:33.829] [upf_app] [info] Send NF Update to NRF
[2026-09-29 09:13:33.829] [upf_app] [debug] Send NF Update to NRF (Msg body [{"op":"replace","path":"/nfStatus","value":"REGISTERED"}])
[2026-09-29 09:13:33.829] [upf_app] [debug] Send NF Update to NRF (NRF URL http://oai-nrf.oai-core.svc.cluster.local:80/nnrf-nfm/v1/nf-instances/23f448d9-fc64-4a49-98a4-5c7e36d915b6)
[2026-09-29 09:13:33.829] [upf_app] [debug] Send a simple HTTP request
[2026-09-29 09:13:33.831] [upf_app] [info] Got successful response from NRF
[2026-09-29 09:13:33.831] [upf_app] [debug] Set a timer to the next Heart-beat (10)
[2026-09-29 09:13:35.857] [upf_n4 ] [info] TIME-OUT event timer id 8228
[2026-09-29 09:13:38.034] [upf_n4 ] [info] TIME-OUT event timer id 8232
[2026-09-29 09:13:38.034] [upf_n4 ] [info] TIME-OUT event timer id 8233
[2026-09-29 09:13:38.034] [upf_n4 ] [info] PFCP HEARTBEAT PROCEDURE hash 169352876 starting
[2026-09-29 09:13:38.034] [upf_n4 ] [info] handle_receive(16 bytes)
[2026-09-29 09:13:38.034] [upf_n4 ] [info] Received SX HEARTBEAT RESPONSE
[2026-09-29 09:13:43.022] [upf_n4 ] [info] handle_receive(16 bytes)
[2026-09-29 09:13:43.022] [upf_n4 ] [info] Received SX HEARTBEAT REQUEST
[2026-09-29 09:13:43.034] [upf_n4 ] [info] TIME-OUT event timer id 8237
[2026-09-29 09:13:43.034] [upf_n4 ] [info] TIME-OUT event timer id 8238
[2026-09-29 09:13:43.034] [upf_n4 ] [info] PFCP HEARTBEAT PROCEDURE hash 169352876 starting
[2026-09-29 09:13:43.034] [upf_n4 ] [info] handle_receive(16 bytes)
[2026-09-29 09:13:43.034] [upf_n4 ] [info] Received SX HEARTBEAT RESPONSE
[2026-09-29 09:13:43.831] [upf_app] [info] TIME-OUT event timer id 8234
[2026-09-29 09:13:43.832] [upf_app] [debug] Send Heartbeat to NRF
[2026-09-29 09:13:43.832] [upf_app] [info] Send NF Update to NRF
[2026-09-29 09:13:43.832] [upf_app] [debug] Send NF Update to NRF (Msg body [{"op":"replace","path":"/nfStatus","value":"REGISTERED"}])
[2026-09-29 09:13:43.832] [upf_app] [debug] Send NF Update to NRF (NRF URL http://oai-nrf.oai-core.svc.cluster.local:80/nnrf-nfm/v1/nf-instances/23f448d9-fc64-4a49-98a4-5c7e36d915b6)
[2026-09-29 09:13:43.832] [upf_app] [debug] Send a simple HTTP request
[2026-09-29 09:13:43.834] [upf_app] [info] Got successful response from NRF
[2026-09-29 09:13:43.834] [upf_app] [debug] Set a timer to the next Heart-beat (10)
[2026-09-29 09:13:48.034] [upf_n4 ] [info] TIME-OUT event timer id 8242
[2026-09-29 09:13:48.034] [upf_n4 ] [info] TIME-OUT event timer id 8243
[2026-09-29 09:13:48.034] [upf_n4 ] [info] PFCP HEARTBEAT PROCEDURE hash 169352876 starting
[2026-09-29 09:13:48.035] [upf_n4 ] [info] handle_receive(16 bytes)
[2026-09-29 09:13:48.035] [upf_n4 ] [info] Received SX HEARTBEAT RESPONSE
[2026-09-29 09:13:49.002] [upf_app] [info] Queued PFCP Usage Report SEID=4 URR_ID=1 UR-SEQN=5 trigger=0x10 total_bytes=1990124
[2026-09-29 09:13:49.003] [upf_n4 ] [info] handle_receive(21 bytes)
[2026-09-29 09:13:49.003] [upf_app] [info] 
[2026-09-29 09:13:49.003] [upf_app] [info] ╔═════════════════════════════════════════════════════════════════════════════╗
[2026-09-29 09:13:49.003] [upf_app] [info] │             Received N4_SESSION_REPORT_RESPONSE seid 0x4               │
[2026-09-29 09:13:49.003] [upf_app] [info] ╚═════════════════════════════════════════════════════════════════════════════╝
[2026-09-29 09:13:53.023] [upf_n4 ] [info] handle_receive(16 bytes)
[2026-09-29 09:13:53.023] [upf_n4 ] [info] Received SX HEARTBEAT REQUEST
[2026-09-29 09:13:53.035] [upf_n4 ] [info] TIME-OUT event timer id 8247
[2026-09-29 09:13:53.035] [upf_n4 ] [info] TIME-OUT event timer id 8248
[2026-09-29 09:13:53.035] [upf_n4 ] [info] PFCP HEARTBEAT PROCEDURE hash 169352876 starting
[2026-09-29 09:13:53.035] [upf_n4 ] [info] handle_receive(16 bytes)
[2026-09-29 09:13:53.035] [upf_n4 ] [info] Received SX HEARTBEAT RESPONSE
[2026-09-29 09:13:53.834] [upf_app] [info] TIME-OUT event timer id 8244
[2026-09-29 09:13:53.834] [upf_app] [debug] Send Heartbeat to NRF
[2026-09-29 09:13:53.834] [upf_app] [info] Send NF Update to NRF
[2026-09-29 09:13:53.834] [upf_app] [debug] Send NF Update to NRF (Msg body [{"op":"replace","path":"/nfStatus","value":"REGISTERED"}])
[2026-09-29 09:13:53.834] [upf_app] [debug] Send NF Update to NRF (NRF URL http://oai-nrf.oai-core.svc.cluster.local:80/nnrf-nfm/v1/nf-instances/23f448d9-fc64-4a49-98a4-5c7e36d915b6)
[2026-09-29 09:13:53.834] [upf_app] [debug] Send a simple HTTP request
[2026-09-29 09:13:53.836] [upf_app] [info] Got successful response from NRF
[2026-09-29 09:13:53.836] [upf_app] [debug] Set a timer to the next Heart-beat (10)
[2026-09-29 09:13:54.004] [upf_n4 ] [info] TIME-OUT event timer id 8250
[2026-09-29 09:13:58.035] [upf_n4 ] [info] TIME-OUT event timer id 8254
[2026-09-29 09:13:58.035] [upf_n4 ] [info] TIME-OUT event timer id 8255
[2026-09-29 09:13:58.035] [upf_n4 ] [info] PFCP HEARTBEAT PROCEDURE hash 169352876 starting
[2026-09-29 09:13:58.035] [upf_n4 ] [info] handle_receive(16 bytes)
[2026-09-29 09:13:58.035] [upf_n4 ] [info] Received SX HEARTBEAT RESPONSE
[2026-09-29 09:14:03.024] [upf_n4 ] [info] handle_receive(16 bytes)
[2026-09-29 09:14:03.024] [upf_n4 ] [info] Received SX HEARTBEAT REQUEST
[2026-09-29 09:14:03.035] [upf_n4 ] [info] TIME-OUT event timer id 8259
[2026-09-29 09:14:03.035] [upf_n4 ] [info] TIME-OUT event timer id 8260
[2026-09-29 09:14:03.035] [upf_n4 ] [info] PFCP HEARTBEAT PROCEDURE hash 169352876 starting
[2026-09-29 09:14:03.035] [upf_n4 ] [info] handle_receive(16 bytes)
[2026-09-29 09:14:03.035] [upf_n4 ] [info] Received SX HEARTBEAT RESPONSE
[2026-09-29 09:14:03.836] [upf_app] [info] TIME-OUT event timer id 8256
[2026-09-29 09:14:03.836] [upf_app] [debug] Send Heartbeat to NRF
[2026-09-29 09:14:03.836] [upf_app] [info] Send NF Update to NRF
[2026-09-29 09:14:03.836] [upf_app] [debug] Send NF Update to NRF (Msg body [{"op":"replace","path":"/nfStatus","value":"REGISTERED"}])
[2026-09-29 09:14:03.836] [upf_app] [debug] Send NF Update to NRF (NRF URL http://oai-nrf.oai-core.svc.cluster.local:80/nnrf-nfm/v1/nf-instances/23f448d9-fc64-4a49-98a4-5c7e36d915b6)
[2026-09-29 09:14:03.836] [upf_app] [debug] Send a simple HTTP request
[2026-09-29 09:14:03.839] [upf_app] [info] Got successful response from NRF
[2026-09-29 09:14:03.839] [upf_app] [debug] Set a timer to the next Heart-beat (10)
[2026-09-29 09:14:08.035] [upf_n4 ] [info] TIME-OUT event timer id 8264
[2026-09-29 09:14:08.035] [upf_n4 ] [info] TIME-OUT event timer id 8265
[2026-09-29 09:14:08.035] [upf_n4 ] [info] PFCP HEARTBEAT PROCEDURE hash 169352876 starting
[2026-09-29 09:14:08.035] [upf_n4 ] [info] handle_receive(16 bytes)
[2026-09-29 09:14:08.035] [upf_n4 ] [info] Received SX HEARTBEAT RESPONSE
[2026-09-29 09:14:13.024] [upf_n4 ] [info] handle_receive(16 bytes)
[2026-09-29 09:14:13.024] [upf_n4 ] [info] Received SX HEARTBEAT REQUEST
[2026-09-29 09:14:13.035] [upf_n4 ] [info] TIME-OUT event timer id 8269
[2026-09-29 09:14:13.035] [upf_n4 ] [info] TIME-OUT event timer id 8270
[2026-09-29 09:14:13.036] [upf_n4 ] [info] PFCP HEARTBEAT PROCEDURE hash 169352876 starting
[2026-09-29 09:14:13.036] [upf_n4 ] [info] handle_receive(16 bytes)
[2026-09-29 09:14:13.036] [upf_n4 ] [info] Received SX HEARTBEAT RESPONSE
[2026-09-29 09:14:13.839] [upf_app] [info] TIME-OUT event timer id 8266
[2026-09-29 09:14:13.839] [upf_app] [debug] Send Heartbeat to NRF
[2026-09-29 09:14:13.839] [upf_app] [info] Send NF Update to NRF
[2026-09-29 09:14:13.839] [upf_app] [debug] Send NF Update to NRF (Msg body [{"op":"replace","path":"/nfStatus","value":"REGISTERED"}])
[2026-09-29 09:14:13.839] [upf_app] [debug] Send NF Update to NRF (NRF URL http://oai-nrf.oai-core.svc.cluster.local:80/nnrf-nfm/v1/nf-instances/23f448d9-fc64-4a49-98a4-5c7e36d915b6)
[2026-09-29 09:14:13.839] [upf_app] [debug] Send a simple HTTP request
[2026-09-29 09:14:13.840] [upf_app] [info] Got successful response from NRF
[2026-09-29 09:14:13.841] [upf_app] [debug] Set a timer to the next Heart-beat (10)
[2026-09-29 09:14:18.036] [upf_n4 ] [info] TIME-OUT event timer id 8274
[2026-09-29 09:14:18.036] [upf_n4 ] [info] TIME-OUT event timer id 8275
[2026-09-29 09:14:18.036] [upf_n4 ] [info] PFCP HEARTBEAT PROCEDURE hash 169352876 starting
[2026-09-29 09:14:18.036] [upf_n4 ] [info] handle_receive(16 bytes)
[2026-09-29 09:14:18.036] [upf_n4 ] [info] Received SX HEARTBEAT RESPONSE
[2026-09-29 09:14:23.024] [upf_n4 ] [info] handle_receive(16 bytes)
[2026-09-29 09:14:23.024] [upf_n4 ] [info] Received SX HEARTBEAT REQUEST
[2026-09-29 09:14:23.036] [upf_n4 ] [info] TIME-OUT event timer id 8279
[2026-09-29 09:14:23.036] [upf_n4 ] [info] TIME-OUT event timer id 8280
[2026-09-29 09:14:23.036] [upf_n4 ] [info] PFCP HEARTBEAT PROCEDURE hash 169352876 starting
[2026-09-29 09:14:23.036] [upf_n4 ] [info] handle_receive(16 bytes)
[2026-09-29 09:14:23.036] [upf_n4 ] [info] Received SX HEARTBEAT RESPONSE
[2026-09-29 09:14:23.841] [upf_app] [info] TIME-OUT event timer id 8276
[2026-09-29 09:14:23.841] [upf_app] [debug] Send Heartbeat to NRF
[2026-09-29 09:14:23.841] [upf_app] [info] Send NF Update to NRF
[2026-09-29 09:14:23.841] [upf_app] [debug] Send NF Update to NRF (Msg body [{"op":"replace","path":"/nfStatus","value":"REGISTERED"}])
[2026-09-29 09:14:23.841] [upf_app] [debug] Send NF Update to NRF (NRF URL http://oai-nrf.oai-core.svc.cluster.local:80/nnrf-nfm/v1/nf-instances/23f448d9-fc64-4a49-98a4-5c7e36d915b6)
[2026-09-29 09:14:23.841] [upf_app] [debug] Send a simple HTTP request
[2026-09-29 09:14:23.842] [upf_app] [info] Got successful response from NRF
[2026-09-29 09:14:23.842] [upf_app] [debug] Set a timer to the next Heart-beat (10)
[2026-09-29 09:14:28.036] [upf_n4 ] [info] TIME-OUT event timer id 8284
[2026-09-29 09:14:28.036] [upf_n4 ] [info] TIME-OUT event timer id 8285
[2026-09-29 09:14:28.036] [upf_n4 ] [info] PFCP HEARTBEAT PROCEDURE hash 169352876 starting
[2026-09-29 09:14:28.036] [upf_n4 ] [info] handle_receive(16 bytes)
[2026-09-29 09:14:28.036] [upf_n4 ] [info] Received SX HEARTBEAT RESPONSE
[2026-09-29 09:14:33.025] [upf_n4 ] [info] handle_receive(16 bytes)
[2026-09-29 09:14:33.025] [upf_n4 ] [info] Received SX HEARTBEAT REQUEST
[2026-09-29 09:14:33.036] [upf_n4 ] [info] TIME-OUT event timer id 8289
[2026-09-29 09:14:33.036] [upf_n4 ] [info] TIME-OUT event timer id 8290
[2026-09-29 09:14:33.036] [upf_n4 ] [info] PFCP HEARTBEAT PROCEDURE hash 169352876 starting
[2026-09-29 09:14:33.036] [upf_n4 ] [info] handle_receive(16 bytes)
[2026-09-29 09:14:33.036] [upf_n4 ] [info] Received SX HEARTBEAT RESPONSE
[2026-09-29 09:14:33.842] [upf_app] [info] TIME-OUT event timer id 8286
[2026-09-29 09:14:33.842] [upf_app] [debug] Send Heartbeat to NRF
[2026-09-29 09:14:33.842] [upf_app] [info] Send NF Update to NRF
[2026-09-29 09:14:33.842] [upf_app] [debug] Send NF Update to NRF (Msg body [{"op":"replace","path":"/nfStatus","value":"REGISTERED"}])
[2026-09-29 09:14:33.842] [upf_app] [debug] Send NF Update to NRF (NRF URL http://oai-nrf.oai-core.svc.cluster.local:80/nnrf-nfm/v1/nf-instances/23f448d9-fc64-4a49-98a4-5c7e36d915b6)
[2026-09-29 09:14:33.842] [upf_app] [debug] Send a simple HTTP request
[2026-09-29 09:14:33.845] [upf_app] [info] Got successful response from NRF
[2026-09-29 09:14:33.845] [upf_app] [debug] Set a timer to the next Heart-beat (10)
[2026-09-29 09:14:38.036] [upf_n4 ] [info] TIME-OUT event timer id 8294
[2026-09-29 09:14:38.036] [upf_n4 ] [info] TIME-OUT event timer id 8295
[2026-09-29 09:14:38.036] [upf_n4 ] [info] PFCP HEARTBEAT PROCEDURE hash 169352876 starting
[2026-09-29 09:14:38.037] [upf_n4 ] [info] handle_receive(16 bytes)
[2026-09-29 09:14:38.037] [upf_n4 ] [info] Received SX HEARTBEAT RESPONSE
[2026-09-29 09:14:43.026] [upf_n4 ] [info] handle_receive(16 bytes)
[2026-09-29 09:14:43.026] [upf_n4 ] [info] Received SX HEARTBEAT REQUEST
[2026-09-29 09:14:43.037] [upf_n4 ] [info] TIME-OUT event timer id 8299
[2026-09-29 09:14:43.037] [upf_n4 ] [info] TIME-OUT event timer id 8300
[2026-09-29 09:14:43.037] [upf_n4 ] [info] PFCP HEARTBEAT PROCEDURE hash 169352876 starting
[2026-09-29 09:14:43.037] [upf_n4 ] [info] handle_receive(16 bytes)
[2026-09-29 09:14:43.037] [upf_n4 ] [info] Received SX HEARTBEAT RESPONSE
[2026-09-29 09:14:43.846] [upf_app] [info] TIME-OUT event timer id 8296
[2026-09-29 09:14:43.846] [upf_app] [debug] Send Heartbeat to NRF
[2026-09-29 09:14:43.846] [upf_app] [info] Send NF Update to NRF
[2026-09-29 09:14:43.846] [upf_app] [debug] Send NF Update to NRF (Msg body [{"op":"replace","path":"/nfStatus","value":"REGISTERED"}])
[2026-09-29 09:14:43.846] [upf_app] [debug] Send NF Update to NRF (NRF URL http://oai-nrf.oai-core.svc.cluster.local:80/nnrf-nfm/v1/nf-instances/23f448d9-fc64-4a49-98a4-5c7e36d915b6)
[2026-09-29 09:14:43.846] [upf_app] [debug] Send a simple HTTP request
[2026-09-29 09:14:43.847] [upf_app] [info] Got successful response from NRF
[2026-09-29 09:14:43.848] [upf_app] [debug] Set a timer to the next Heart-beat (10)
[2026-09-29 09:14:48.037] [upf_n4 ] [info] TIME-OUT event timer id 8304
[2026-09-29 09:14:48.037] [upf_n4 ] [info] TIME-OUT event timer id 8305
[2026-09-29 09:14:48.037] [upf_n4 ] [info] PFCP HEARTBEAT PROCEDURE hash 169352876 starting
[2026-09-29 09:14:48.037] [upf_n4 ] [info] handle_receive(16 bytes)
[2026-09-29 09:14:48.037] [upf_n4 ] [info] Received SX HEARTBEAT RESPONSE
[2026-09-29 09:14:53.026] [upf_n4 ] [info] handle_receive(16 bytes)
[2026-09-29 09:14:53.026] [upf_n4 ] [info] Received SX HEARTBEAT REQUEST
[2026-09-29 09:14:53.037] [upf_n4 ] [info] TIME-OUT event timer id 8309
[2026-09-29 09:14:53.037] [upf_n4 ] [info] TIME-OUT event timer id 8310
[2026-09-29 09:14:53.037] [upf_n4 ] [info] PFCP HEARTBEAT PROCEDURE hash 169352876 starting
[2026-09-29 09:14:53.037] [upf_n4 ] [info] handle_receive(16 bytes)
[2026-09-29 09:14:53.037] [upf_n4 ] [info] Received SX HEARTBEAT RESPONSE
[2026-09-29 09:14:53.848] [upf_app] [info] TIME-OUT event timer id 8306
[2026-09-29 09:14:53.848] [upf_app] [debug] Send Heartbeat to NRF
[2026-09-29 09:14:53.848] [upf_app] [info] Send NF Update to NRF
[2026-09-29 09:14:53.848] [upf_app] [debug] Send NF Update to NRF (Msg body [{"op":"replace","path":"/nfStatus","value":"REGISTERED"}])
[2026-09-29 09:14:53.848] [upf_app] [debug] Send NF Update to NRF (NRF URL http://oai-nrf.oai-core.svc.cluster.local:80/nnrf-nfm/v1/nf-instances/23f448d9-fc64-4a49-98a4-5c7e36d915b6)
[2026-09-29 09:14:53.848] [upf_app] [debug] Send a simple HTTP request
[2026-09-29 09:14:53.850] [upf_app] [info] Got successful response from NRF
[2026-09-29 09:14:53.850] [upf_app] [debug] Set a timer to the next Heart-beat (10)
[2026-09-29 09:14:58.037] [upf_n4 ] [info] TIME-OUT event timer id 8314
[2026-09-29 09:14:58.037] [upf_n4 ] [info] TIME-OUT event timer id 8315
[2026-09-29 09:14:58.037] [upf_n4 ] [info] PFCP HEARTBEAT PROCEDURE hash 169352876 starting
[2026-09-29 09:14:58.038] [upf_n4 ] [info] handle_receive(16 bytes)
[2026-09-29 09:14:58.038] [upf_n4 ] [info] Received SX HEARTBEAT RESPONSE
[2026-09-29 09:15:03.026] [upf_n4 ] [info] handle_receive(16 bytes)
[2026-09-29 09:15:03.026] [upf_n4 ] [info] Received SX HEARTBEAT REQUEST
[2026-09-29 09:15:03.037] [upf_n4 ] [info] TIME-OUT event timer id 8319
[2026-09-29 09:15:03.038] [upf_n4 ] [info] TIME-OUT event timer id 8320
[2026-09-29 09:15:03.038] [upf_n4 ] [info] PFCP HEARTBEAT PROCEDURE hash 169352876 starting
[2026-09-29 09:15:03.038] [upf_n4 ] [info] handle_receive(16 bytes)
[2026-09-29 09:15:03.038] [upf_n4 ] [info] Received SX HEARTBEAT RESPONSE
[2026-09-29 09:15:03.850] [upf_app] [info] TIME-OUT event timer id 8316
[2026-09-29 09:15:03.850] [upf_app] [debug] Send Heartbeat to NRF
[2026-09-29 09:15:03.850] [upf_app] [info] Send NF Update to NRF
[2026-09-29 09:15:03.850] [upf_app] [debug] Send NF Update to NRF (Msg body [{"op":"replace","path":"/nfStatus","value":"REGISTERED"}])
[2026-09-29 09:15:03.850] [upf_app] [debug] Send NF Update to NRF (NRF URL http://oai-nrf.oai-core.svc.cluster.local:80/nnrf-nfm/v1/nf-instances/23f448d9-fc64-4a49-98a4-5c7e36d915b6)
[2026-09-29 09:15:03.850] [upf_app] [debug] Send a simple HTTP request
[2026-09-29 09:15:03.852] [upf_app] [info] Got successful response from NRF
[2026-09-29 09:15:03.852] [upf_app] [debug] Set a timer to the next Heart-beat (10)
[2026-09-29 09:15:08.038] [upf_n4 ] [info] TIME-OUT event timer id 8324
[2026-09-29 09:15:08.038] [upf_n4 ] [info] TIME-OUT event timer id 8325
[2026-09-29 09:15:08.038] [upf_n4 ] [info] PFCP HEARTBEAT PROCEDURE hash 169352876 starting
[2026-09-29 09:15:08.038] [upf_n4 ] [info] handle_receive(16 bytes)
[2026-09-29 09:15:08.038] [upf_n4 ] [info] Received SX HEARTBEAT RESPONSE
[2026-09-29 09:15:13.027] [upf_n4 ] [info] handle_receive(16 bytes)
[2026-09-29 09:15:13.027] [upf_n4 ] [info] Received SX HEARTBEAT REQUEST
[2026-09-29 09:15:13.038] [upf_n4 ] [info] TIME-OUT event timer id 8329
[2026-09-29 09:15:13.038] [upf_n4 ] [info] TIME-OUT event timer id 8330
[2026-09-29 09:15:13.038] [upf_n4 ] [info] PFCP HEARTBEAT PROCEDURE hash 169352876 starting
[2026-09-29 09:15:13.038] [upf_n4 ] [info] handle_receive(16 bytes)
[2026-09-29 09:15:13.038] [upf_n4 ] [info] Received SX HEARTBEAT RESPONSE
[2026-09-29 09:15:13.852] [upf_app] [info] TIME-OUT event timer id 8326
[2026-09-29 09:15:13.852] [upf_app] [debug] Send Heartbeat to NRF
[2026-09-29 09:15:13.852] [upf_app] [info] Send NF Update to NRF
[2026-09-29 09:15:13.852] [upf_app] [debug] Send NF Update to NRF (Msg body [{"op":"replace","path":"/nfStatus","value":"REGISTERED"}])
[2026-09-29 09:15:13.852] [upf_app] [debug] Send NF Update to NRF (NRF URL http://oai-nrf.oai-core.svc.cluster.local:80/nnrf-nfm/v1/nf-instances/23f448d9-fc64-4a49-98a4-5c7e36d915b6)
[2026-09-29 09:15:13.852] [upf_app] [debug] Send a simple HTTP request
[2026-09-29 09:15:13.854] [upf_app] [info] Got successful response from NRF
[2026-09-29 09:15:13.854] [upf_app] [debug] Set a timer to the next Heart-beat (10)
[2026-09-29 09:15:18.038] [upf_n4 ] [info] TIME-OUT event timer id 8334
[2026-09-29 09:15:18.038] [upf_n4 ] [info] TIME-OUT event timer id 8335
[2026-09-29 09:15:18.038] [upf_n4 ] [info] PFCP HEARTBEAT PROCEDURE hash 169352876 starting
[2026-09-29 09:15:18.038] [upf_n4 ] [info] handle_receive(16 bytes)
[2026-09-29 09:15:18.038] [upf_n4 ] [info] Received SX HEARTBEAT RESPONSE
[2026-09-29 09:15:23.027] [upf_n4 ] [info] handle_receive(16 bytes)
[2026-09-29 09:15:23.027] [upf_n4 ] [info] Received SX HEARTBEAT REQUEST
[2026-09-29 09:15:23.038] [upf_n4 ] [info] TIME-OUT event timer id 8339
[2026-09-29 09:15:23.038] [upf_n4 ] [info] TIME-OUT event timer id 8340
[2026-09-29 09:15:23.038] [upf_n4 ] [info] PFCP HEARTBEAT PROCEDURE hash 169352876 starting
[2026-09-29 09:15:23.039] [upf_n4 ] [info] handle_receive(16 bytes)
[2026-09-29 09:15:23.039] [upf_n4 ] [info] Received SX HEARTBEAT RESPONSE
[2026-09-29 09:15:23.854] [upf_app] [info] TIME-OUT event timer id 8336
[2026-09-29 09:15:23.854] [upf_app] [debug] Send Heartbeat to NRF
[2026-09-29 09:15:23.854] [upf_app] [info] Send NF Update to NRF
[2026-09-29 09:15:23.854] [upf_app] [debug] Send NF Update to NRF (Msg body [{"op":"replace","path":"/nfStatus","value":"REGISTERED"}])
[2026-09-29 09:15:23.854] [upf_app] [debug] Send NF Update to NRF (NRF URL http://oai-nrf.oai-core.svc.cluster.local:80/nnrf-nfm/v1/nf-instances/23f448d9-fc64-4a49-98a4-5c7e36d915b6)
[2026-09-29 09:15:23.854] [upf_app] [debug] Send a simple HTTP request
[2026-09-29 09:15:23.857] [upf_app] [info] Got successful response from NRF
[2026-09-29 09:15:23.857] [upf_app] [debug] Set a timer to the next Heart-beat (10)
[2026-09-29 09:15:28.038] [upf_n4 ] [info] TIME-OUT event timer id 8344
[2026-09-29 09:15:28.039] [upf_n4 ] [info] TIME-OUT event timer id 8345
[2026-09-29 09:15:28.039] [upf_n4 ] [info] PFCP HEARTBEAT PROCEDURE hash 169352876 starting
[2026-09-29 09:15:28.039] [upf_n4 ] [info] handle_receive(16 bytes)
[2026-09-29 09:15:28.039] [upf_n4 ] [info] Received SX HEARTBEAT RESPONSE
[2026-09-29 09:15:33.027] [upf_n4 ] [info] handle_receive(16 bytes)
[2026-09-29 09:15:33.027] [upf_n4 ] [info] Received SX HEARTBEAT REQUEST
[2026-09-29 09:15:33.039] [upf_n4 ] [info] TIME-OUT event timer id 8349
[2026-09-29 09:15:33.039] [upf_n4 ] [info] TIME-OUT event timer id 8350
[2026-09-29 09:15:33.039] [upf_n4 ] [info] PFCP HEARTBEAT PROCEDURE hash 169352876 starting
[2026-09-29 09:15:33.039] [upf_n4 ] [info] handle_receive(16 bytes)
[2026-09-29 09:15:33.039] [upf_n4 ] [info] Received SX HEARTBEAT RESPONSE
[2026-09-29 09:15:33.857] [upf_app] [info] TIME-OUT event timer id 8346
[2026-09-29 09:15:33.857] [upf_app] [debug] Send Heartbeat to NRF
[2026-09-29 09:15:33.857] [upf_app] [info] Send NF Update to NRF
[2026-09-29 09:15:33.857] [upf_app] [debug] Send NF Update to NRF (Msg body [{"op":"replace","path":"/nfStatus","value":"REGISTERED"}])
[2026-09-29 09:15:33.857] [upf_app] [debug] Send NF Update to NRF (NRF URL http://oai-nrf.oai-core.svc.cluster.local:80/nnrf-nfm/v1/nf-instances/23f448d9-fc64-4a49-98a4-5c7e36d915b6)
[2026-09-29 09:15:33.857] [upf_app] [debug] Send a simple HTTP request
[2026-09-29 09:15:33.859] [upf_app] [info] Got successful response from NRF
[2026-09-29 09:15:33.859] [upf_app] [debug] Set a timer to the next Heart-beat (10)
[2026-09-29 09:15:38.039] [upf_n4 ] [info] TIME-OUT event timer id 8354
[2026-09-29 09:15:38.039] [upf_n4 ] [info] TIME-OUT event timer id 8355
[2026-09-29 09:15:38.039] [upf_n4 ] [info] PFCP HEARTBEAT PROCEDURE hash 169352876 starting
[2026-09-29 09:15:38.039] [upf_n4 ] [info] handle_receive(16 bytes)
[2026-09-29 09:15:38.039] [upf_n4 ] [info] Received SX HEARTBEAT RESPONSE
[2026-09-29 09:15:43.028] [upf_n4 ] [info] handle_receive(16 bytes)
[2026-09-29 09:15:43.028] [upf_n4 ] [info] Received SX HEARTBEAT REQUEST
[2026-09-29 09:15:43.039] [upf_n4 ] [info] TIME-OUT event timer id 8359
[2026-09-29 09:15:43.039] [upf_n4 ] [info] TIME-OUT event timer id 8360
[2026-09-29 09:15:43.039] [upf_n4 ] [info] PFCP HEARTBEAT PROCEDURE hash 169352876 starting
[2026-09-29 09:15:43.039] [upf_n4 ] [info] handle_receive(16 bytes)
[2026-09-29 09:15:43.039] [upf_n4 ] [info] Received SX HEARTBEAT RESPONSE
[2026-09-29 09:15:43.859] [upf_app] [info] TIME-OUT event timer id 8356
[2026-09-29 09:15:43.859] [upf_app] [debug] Send Heartbeat to NRF
[2026-09-29 09:15:43.859] [upf_app] [info] Send NF Update to NRF
[2026-09-29 09:15:43.859] [upf_app] [debug] Send NF Update to NRF (Msg body [{"op":"replace","path":"/nfStatus","value":"REGISTERED"}])
[2026-09-29 09:15:43.859] [upf_app] [debug] Send NF Update to NRF (NRF URL http://oai-nrf.oai-core.svc.cluster.local:80/nnrf-nfm/v1/nf-instances/23f448d9-fc64-4a49-98a4-5c7e36d915b6)
[2026-09-29 09:15:43.859] [upf_app] [debug] Send a simple HTTP request
[2026-09-29 09:15:43.861] [upf_app] [info] Got successful response from NRF
[2026-09-29 09:15:43.861] [upf_app] [debug] Set a timer to the next Heart-beat (10)
[2026-09-29 09:15:48.039] [upf_n4 ] [info] TIME-OUT event timer id 8364
[2026-09-29 09:15:48.039] [upf_n4 ] [info] TIME-OUT event timer id 8365
[2026-09-29 09:15:48.039] [upf_n4 ] [info] PFCP HEARTBEAT PROCEDURE hash 169352876 starting
[2026-09-29 09:15:48.040] [upf_n4 ] [info] handle_receive(16 bytes)
[2026-09-29 09:15:48.040] [upf_n4 ] [info] Received SX HEARTBEAT RESPONSE
[2026-09-29 09:15:53.028] [upf_n4 ] [info] handle_receive(16 bytes)
[2026-09-29 09:15:53.028] [upf_n4 ] [info] Received SX HEARTBEAT REQUEST
[2026-09-29 09:15:53.040] [upf_n4 ] [info] TIME-OUT event timer id 8369
[2026-09-29 09:15:53.040] [upf_n4 ] [info] TIME-OUT event timer id 8370
[2026-09-29 09:15:53.040] [upf_n4 ] [info] PFCP HEARTBEAT PROCEDURE hash 169352876 starting
[2026-09-29 09:15:53.040] [upf_n4 ] [info] handle_receive(16 bytes)
[2026-09-29 09:15:53.040] [upf_n4 ] [info] Received SX HEARTBEAT RESPONSE
[2026-09-29 09:15:53.861] [upf_app] [info] TIME-OUT event timer id 8366
[2026-09-29 09:15:53.861] [upf_app] [debug] Send Heartbeat to NRF
[2026-09-29 09:15:53.861] [upf_app] [info] Send NF Update to NRF
[2026-09-29 09:15:53.861] [upf_app] [debug] Send NF Update to NRF (Msg body [{"op":"replace","path":"/nfStatus","value":"REGISTERED"}])
[2026-09-29 09:15:53.861] [upf_app] [debug] Send NF Update to NRF (NRF URL http://oai-nrf.oai-core.svc.cluster.local:80/nnrf-nfm/v1/nf-instances/23f448d9-fc64-4a49-98a4-5c7e36d915b6)
[2026-09-29 09:15:53.861] [upf_app] [debug] Send a simple HTTP request
[2026-09-29 09:15:53.863] [upf_app] [info] Got successful response from NRF
[2026-09-29 09:15:53.863] [upf_app] [debug] Set a timer to the next Heart-beat (10)
[2026-09-29 09:15:58.040] [upf_n4 ] [info] TIME-OUT event timer id 8374
[2026-09-29 09:15:58.040] [upf_n4 ] [info] TIME-OUT event timer id 8375
[2026-09-29 09:15:58.040] [upf_n4 ] [info] PFCP HEARTBEAT PROCEDURE hash 169352876 starting
[2026-09-29 09:15:58.040] [upf_n4 ] [info] handle_receive(16 bytes)
[2026-09-29 09:15:58.040] [upf_n4 ] [info] Received SX HEARTBEAT RESPONSE
[2026-09-29 09:16:03.028] [upf_n4 ] [info] handle_receive(16 bytes)
[2026-09-29 09:16:03.028] [upf_n4 ] [info] Received SX HEARTBEAT REQUEST
[2026-09-29 09:16:03.040] [upf_n4 ] [info] TIME-OUT event timer id 8379
[2026-09-29 09:16:03.040] [upf_n4 ] [info] TIME-OUT event timer id 8380
[2026-09-29 09:16:03.040] [upf_n4 ] [info] PFCP HEARTBEAT PROCEDURE hash 169352876 starting
[2026-09-29 09:16:03.040] [upf_n4 ] [info] handle_receive(16 bytes)
[2026-09-29 09:16:03.040] [upf_n4 ] [info] Received SX HEARTBEAT RESPONSE
[2026-09-29 09:16:03.863] [upf_app] [info] TIME-OUT event timer id 8376
[2026-09-29 09:16:03.863] [upf_app] [debug] Send Heartbeat to NRF
[2026-09-29 09:16:03.863] [upf_app] [info] Send NF Update to NRF
[2026-09-29 09:16:03.863] [upf_app] [debug] Send NF Update to NRF (Msg body [{"op":"replace","path":"/nfStatus","value":"REGISTERED"}])
[2026-09-29 09:16:03.863] [upf_app] [debug] Send NF Update to NRF (NRF URL http://oai-nrf.oai-core.svc.cluster.local:80/nnrf-nfm/v1/nf-instances/23f448d9-fc64-4a49-98a4-5c7e36d915b6)
[2026-09-29 09:16:03.863] [upf_app] [debug] Send a simple HTTP request
[2026-09-29 09:16:03.866] [upf_app] [info] Got successful response from NRF
[2026-09-29 09:16:03.866] [upf_app] [debug] Set a timer to the next Heart-beat (10)
[2026-09-29 09:16:08.040] [upf_n4 ] [info] TIME-OUT event timer id 8384
[2026-09-29 09:16:08.040] [upf_n4 ] [info] TIME-OUT event timer id 8385
[2026-09-29 09:16:08.040] [upf_n4 ] [info] PFCP HEARTBEAT PROCEDURE hash 169352876 starting
[2026-09-29 09:16:08.040] [upf_n4 ] [info] handle_receive(16 bytes)
[2026-09-29 09:16:08.040] [upf_n4 ] [info] Received SX HEARTBEAT RESPONSE
[2026-09-29 09:16:13.029] [upf_n4 ] [info] handle_receive(16 bytes)
[2026-09-29 09:16:13.029] [upf_n4 ] [info] Received SX HEARTBEAT REQUEST
[2026-09-29 09:16:13.040] [upf_n4 ] [info] TIME-OUT event timer id 8389
[2026-09-29 09:16:13.040] [upf_n4 ] [info] TIME-OUT event timer id 8390
[2026-09-29 09:16:13.040] [upf_n4 ] [info] PFCP HEARTBEAT PROCEDURE hash 169352876 starting
[2026-09-29 09:16:13.041] [upf_n4 ] [info] handle_receive(16 bytes)
[2026-09-29 09:16:13.041] [upf_n4 ] [info] Received SX HEARTBEAT RESPONSE
[2026-09-29 09:16:13.866] [upf_app] [info] TIME-OUT event timer id 8386
[2026-09-29 09:16:13.866] [upf_app] [debug] Send Heartbeat to NRF
[2026-09-29 09:16:13.866] [upf_app] [info] Send NF Update to NRF
[2026-09-29 09:16:13.866] [upf_app] [debug] Send NF Update to NRF (Msg body [{"op":"replace","path":"/nfStatus","value":"REGISTERED"}])
[2026-09-29 09:16:13.866] [upf_app] [debug] Send NF Update to NRF (NRF URL http://oai-nrf.oai-core.svc.cluster.local:80/nnrf-nfm/v1/nf-instances/23f448d9-fc64-4a49-98a4-5c7e36d915b6)
[2026-09-29 09:16:13.866] [upf_app] [debug] Send a simple HTTP request
[2026-09-29 09:16:13.868] [upf_app] [info] Got successful response from NRF
[2026-09-29 09:16:13.868] [upf_app] [debug] Set a timer to the next Heart-beat (10)
[2026-09-29 09:16:18.041] [upf_n4 ] [info] TIME-OUT event timer id 8394
[2026-09-29 09:16:18.041] [upf_n4 ] [info] TIME-OUT event timer id 8395
[2026-09-29 09:16:18.041] [upf_n4 ] [info] PFCP HEARTBEAT PROCEDURE hash 169352876 starting
[2026-09-29 09:16:18.041] [upf_n4 ] [info] handle_receive(16 bytes)
[2026-09-29 09:16:18.041] [upf_n4 ] [info] Received SX HEARTBEAT RESPONSE
[2026-09-29 09:16:23.029] [upf_n4 ] [info] handle_receive(16 bytes)
[2026-09-29 09:16:23.029] [upf_n4 ] [info] Received SX HEARTBEAT REQUEST
[2026-09-29 09:16:23.041] [upf_n4 ] [info] TIME-OUT event timer id 8399
[2026-09-29 09:16:23.041] [upf_n4 ] [info] TIME-OUT event timer id 8400
[2026-09-29 09:16:23.041] [upf_n4 ] [info] PFCP HEARTBEAT PROCEDURE hash 169352876 starting
[2026-09-29 09:16:23.041] [upf_n4 ] [info] handle_receive(16 bytes)
[2026-09-29 09:16:23.041] [upf_n4 ] [info] Received SX HEARTBEAT RESPONSE
[2026-09-29 09:16:23.868] [upf_app] [info] TIME-OUT event timer id 8396
[2026-09-29 09:16:23.868] [upf_app] [debug] Send Heartbeat to NRF
[2026-09-29 09:16:23.868] [upf_app] [info] Send NF Update to NRF
[2026-09-29 09:16:23.868] [upf_app] [debug] Send NF Update to NRF (Msg body [{"op":"replace","path":"/nfStatus","value":"REGISTERED"}])
[2026-09-29 09:16:23.868] [upf_app] [debug] Send NF Update to NRF (NRF URL http://oai-nrf.oai-core.svc.cluster.local:80/nnrf-nfm/v1/nf-instances/23f448d9-fc64-4a49-98a4-5c7e36d915b6)
[2026-09-29 09:16:23.868] [upf_app] [debug] Send a simple HTTP request
[2026-09-29 09:16:23.870] [upf_app] [info] Got successful response from NRF
[2026-09-29 09:16:23.870] [upf_app] [debug] Set a timer to the next Heart-beat (10)
[2026-09-29 09:16:28.041] [upf_n4 ] [info] TIME-OUT event timer id 8404
[2026-09-29 09:16:28.041] [upf_n4 ] [info] TIME-OUT event timer id 8405
[2026-09-29 09:16:28.041] [upf_n4 ] [info] PFCP HEARTBEAT PROCEDURE hash 169352876 starting
[2026-09-29 09:16:28.041] [upf_n4 ] [info] handle_receive(16 bytes)
[2026-09-29 09:16:28.041] [upf_n4 ] [info] Received SX HEARTBEAT RESPONSE
[2026-09-29 09:16:33.029] [upf_n4 ] [info] handle_receive(16 bytes)
[2026-09-29 09:16:33.029] [upf_n4 ] [info] Received SX HEARTBEAT REQUEST
[2026-09-29 09:16:33.041] [upf_n4 ] [info] TIME-OUT event timer id 8409
[2026-09-29 09:16:33.041] [upf_n4 ] [info] TIME-OUT event timer id 8410
[2026-09-29 09:16:33.041] [upf_n4 ] [info] PFCP HEARTBEAT PROCEDURE hash 169352876 starting
[2026-09-29 09:16:33.042] [upf_n4 ] [info] handle_receive(16 bytes)
[2026-09-29 09:16:33.042] [upf_n4 ] [info] Received SX HEARTBEAT RESPONSE
[2026-09-29 09:16:33.870] [upf_app] [info] TIME-OUT event timer id 8406
[2026-09-29 09:16:33.870] [upf_app] [debug] Send Heartbeat to NRF
[2026-09-29 09:16:33.870] [upf_app] [info] Send NF Update to NRF
[2026-09-29 09:16:33.870] [upf_app] [debug] Send NF Update to NRF (Msg body [{"op":"replace","path":"/nfStatus","value":"REGISTERED"}])
[2026-09-29 09:16:33.870] [upf_app] [debug] Send NF Update to NRF (NRF URL http://oai-nrf.oai-core.svc.cluster.local:80/nnrf-nfm/v1/nf-instances/23f448d9-fc64-4a49-98a4-5c7e36d915b6)
[2026-09-29 09:16:33.870] [upf_app] [debug] Send a simple HTTP request
[2026-09-29 09:16:33.872] [upf_app] [info] Got successful response from NRF
[2026-09-29 09:16:33.872] [upf_app] [debug] Set a timer to the next Heart-beat (10)
[2026-09-29 09:16:38.041] [upf_n4 ] [info] TIME-OUT event timer id 8414
[2026-09-29 09:16:38.042] [upf_n4 ] [info] TIME-OUT event timer id 8415
[2026-09-29 09:16:38.042] [upf_n4 ] [info] PFCP HEARTBEAT PROCEDURE hash 169352876 starting
[2026-09-29 09:16:38.042] [upf_n4 ] [info] handle_receive(16 bytes)
[2026-09-29 09:16:38.042] [upf_n4 ] [info] Received SX HEARTBEAT RESPONSE
[2026-09-29 09:16:43.030] [upf_n4 ] [info] handle_receive(16 bytes)
[2026-09-29 09:16:43.030] [upf_n4 ] [info] Received SX HEARTBEAT REQUEST
[2026-09-29 09:16:43.042] [upf_n4 ] [info] TIME-OUT event timer id 8419
[2026-09-29 09:16:43.042] [upf_n4 ] [info] TIME-OUT event timer id 8420
[2026-09-29 09:16:43.042] [upf_n4 ] [info] PFCP HEARTBEAT PROCEDURE hash 169352876 starting
[2026-09-29 09:16:43.042] [upf_n4 ] [info] handle_receive(16 bytes)
[2026-09-29 09:16:43.042] [upf_n4 ] [info] Received SX HEARTBEAT RESPONSE
[2026-09-29 09:16:43.872] [upf_app] [info] TIME-OUT event timer id 8416
[2026-09-29 09:16:43.872] [upf_app] [debug] Send Heartbeat to NRF
[2026-09-29 09:16:43.872] [upf_app] [info] Send NF Update to NRF
[2026-09-29 09:16:43.872] [upf_app] [debug] Send NF Update to NRF (Msg body [{"op":"replace","path":"/nfStatus","value":"REGISTERED"}])
[2026-09-29 09:16:43.872] [upf_app] [debug] Send NF Update to NRF (NRF URL http://oai-nrf.oai-core.svc.cluster.local:80/nnrf-nfm/v1/nf-instances/23f448d9-fc64-4a49-98a4-5c7e36d915b6)
[2026-09-29 09:16:43.872] [upf_app] [debug] Send a simple HTTP request
[2026-09-29 09:16:43.874] [upf_app] [info] Got successful response from NRF
[2026-09-29 09:16:43.874] [upf_app] [debug] Set a timer to the next Heart-beat (10)
[2026-09-29 09:16:48.042] [upf_n4 ] [info] TIME-OUT event timer id 8424
[2026-09-29 09:16:48.042] [upf_n4 ] [info] TIME-OUT event timer id 8425
[2026-09-29 09:16:48.042] [upf_n4 ] [info] PFCP HEARTBEAT PROCEDURE hash 169352876 starting
[2026-09-29 09:16:48.042] [upf_n4 ] [info] handle_receive(16 bytes)
[2026-09-29 09:16:48.042] [upf_n4 ] [info] Received SX HEARTBEAT RESPONSE
[2026-09-29 09:16:53.030] [upf_n4 ] [info] handle_receive(16 bytes)
[2026-09-29 09:16:53.030] [upf_n4 ] [info] Received SX HEARTBEAT REQUEST
[2026-09-29 09:16:53.042] [upf_n4 ] [info] TIME-OUT event timer id 8429
[2026-09-29 09:16:53.042] [upf_n4 ] [info] TIME-OUT event timer id 8430
[2026-09-29 09:16:53.042] [upf_n4 ] [info] PFCP HEARTBEAT PROCEDURE hash 169352876 starting
[2026-09-29 09:16:53.042] [upf_n4 ] [info] handle_receive(16 bytes)
[2026-09-29 09:16:53.042] [upf_n4 ] [info] Received SX HEARTBEAT RESPONSE
[2026-09-29 09:16:53.874] [upf_app] [info] TIME-OUT event timer id 8426
[2026-09-29 09:16:53.874] [upf_app] [debug] Send Heartbeat to NRF
[2026-09-29 09:16:53.874] [upf_app] [info] Send NF Update to NRF
[2026-09-29 09:16:53.875] [upf_app] [debug] Send NF Update to NRF (Msg body [{"op":"replace","path":"/nfStatus","value":"REGISTERED"}])
[2026-09-29 09:16:53.875] [upf_app] [debug] Send NF Update to NRF (NRF URL http://oai-nrf.oai-core.svc.cluster.local:80/nnrf-nfm/v1/nf-instances/23f448d9-fc64-4a49-98a4-5c7e36d915b6)
[2026-09-29 09:16:53.875] [upf_app] [debug] Send a simple HTTP request
[2026-09-29 09:16:53.876] [upf_app] [info] Got successful response from NRF
[2026-09-29 09:16:53.876] [upf_app] [debug] Set a timer to the next Heart-beat (10)
